Experiment ID;Sheet;merge_number;Name_day0;Index_day0;Wells_day0;multiple_day0;Path 8bcrop_day0;Path segmented_day0;Area (pix2)_day0;Centroid_day0;Perimeter (pix)_day0;Solidity_day0;Equivalent Diameter (pix)_day0;Circularity_day0;Aspect ratio_day0;Mean grey value_day0;Homogeneity_day0;Energy_day0;Correlation_day0;Name_day1;Index_day1;Wells_day1;multiple_day1;Path 8bcrop_day1;Path segmented_day1;Area (pix2)_day1;Centroid_day1;Perimeter (pix)_day1;Solidity_day1;Equivalent Diameter (pix)_day1;Circularity_day1;Aspect ratio_day1;Mean grey value_day1;Homogeneity_day1;Energy_day1;Correlation_day1;Name_day2;Index_day2;Wells_day2;multiple_day2;Path 8bcrop_day2;Path segmented_day2;Area (pix2)_day2;Centroid_day2;Perimeter (pix)_day2;Solidity_day2;Equivalent Diameter (pix)_day2;Circularity_day2;Aspect ratio_day2;Mean grey value_day2;Homogeneity_day2;Energy_day2;Correlation_day2;Normalised alb_day2;Max temp (°C)_day2;Label_day2
1;Tube 1;1002040.0;1002040.0;0.0;204.0;False;F:\For Leo to analyse\09092025 hs\10092025\Analysis\2025-09-10_141129_tube1_cropped_8bits\10_0204_0_8bits.tiff;F:\For Leo to analyse\09092025 hs\10092025\Analysis\2025-09-10_141129_tube1_segmentationDebug\10_0204_0_segmented.tiff;1307.0;(71. 70);157.88224947452545;0.9066944155393688;40.79367702192164;0.6588989881056249;0.719652152907598;350.7909356725145;0.9732473036330476;0.936084818444297;0.913830626788893;1002040.0;0.0;204.0;False;F:\For Leo to analyse\09092025 hs\11092025 pre laser\Analysis\2025-09-11_120206_tube1_cropped_8bits\10_0204_0_8bits.tiff;F:\For Leo to analyse\09092025 hs\11092025 pre laser\Analysis\2025-09-11_120206_tube1_segmentationDebug\10_0204_0_segmented.tiff;1295.0;(76. 75);155.05382251739502;0.9008695652173913;40.60597505826004;0.6768846691912304;0.7229365008685524;590.0287913653299;0.9725504483985338;0.9369324033374258;0.9051218240469991;;;;;;;;;;;;;;;;;;;;
1;Tube 1;104050.0;104050.0;0.0;405.0;False;F:\For Leo to analyse\09092025 hs\10092025\Analysis\2025-09-10_141129_tube1_cropped_8bits\1_0405_0_8bits.tiff;F:\For Leo to analyse\09092025 hs\10092025\Analysis\2025-09-10_141129_tube1_segmentationDebug\1_0405_0_segmented.tiff;2245.0;(80. 75);208.3675308227539;0.9137159137159138;53.46421960461445;0.6497796692452837;0.7847473068092662;843.8162493207894;0.9564822389416816;0.8925367936063946;0.9083310113916876;104050.0;0.0;405.0;False;F:\For Leo to analyse\09092025 hs\11092025 pre laser\Analysis\2025-09-11_120206_tube1_cropped_8bits\1_0405_0_8bits.tiff;F:\For Leo to analyse\09092025 hs\11092025 pre laser\Analysis\2025-09-11_120206_tube1_segmentationDebug\1_0405_0_segmented.tiff;2701.0;(74. 77);271.3380934000015;0.8152731663145185;58.64315825677941;0.4610127218853418;0.8808311065716317;959.9595106574704;0.9424247059147012;0.8705845301520432;0.9135747487174148;;;;;;;;;;;;;;;;;;;;
1;Tube 1;1102070.0;1102070.0;0.0;207.0;False;F:\For Leo to analyse\09092025 hs\10092025\Analysis\2025-09-10_141129_tube1_cropped_8bits\11_0207_0_8bits.tiff;F:\For Leo to analyse\09092025 hs\10092025\Analysis\2025-09-10_141129_tube1_segmentationDebug\11_0207_0_segmented.tiff;807.5;(75. 73);117.01219260692596;0.9270952927669346;32.0646367884254;0.7411227763711786;0.879823543741815;575.0420634920636;0.9834573435202092;0.9598755950152082;0.8997254049832641;1102070.0;0.0;207.0;False;F:\For Leo to analyse\09092025 hs\11092025 pre laser\Analysis\2025-09-11_120206_tube1_cropped_8bits\11_0207_0_8bits.tiff;F:\For Leo to analyse\09092025 hs\11092025 pre laser\Analysis\2025-09-11_120206_tube1_segmentationDebug\11_0207_0_segmented.tiff;986.5;(77. 80);148.81118202209473;0.8642137538326763;35.44080714206772;0.559803772608925;0.6978399482652328;486.5850890253737;0.9767598174649798;0.9507064730356936;0.8918224703870417;;;;;;;;;;;;;;;;;;;;
1;Tube 1;1202100.0;1202100.0;0.0;210.0;False;F:\For Leo to analyse\09092025 hs\10092025\Analysis\2025-09-10_141129_tube1_cropped_8bits\12_0210_0_8bits.tiff;F:\For Leo to analyse\09092025 hs\10092025\Analysis\2025-09-10_141129_tube1_segmentationDebug\12_0210_0_segmented.tiff;1093.0;(81. 69);152.9116872549057;0.8803866290777286;37.3048364477789;0.5874199136932323;0.9404904151939928;405.7436530172415;0.980545783160548;0.9460637959748178;0.926010239915528;1202100.0;0.0;210.0;False;F:\For Leo to analyse\09092025 hs\11092025 pre laser\Analysis\2025-09-11_120206_tube1_cropped_8bits\12_0210_0_8bits.tiff;F:\For Leo to analyse\09092025 hs\11092025 pre laser\Analysis\2025-09-11_120206_tube1_segmentationDebug\12_0210_0_segmented.tiff;1144.5;(74. 85);220.61017167568207;0.6700819672131147;38.1735858801527;0.2955116425483127;0.5476088787025369;494.1482719934361;0.9789870942095182;0.9418549079277264;0.906598117901382;;;;;;;;;;;;;;;;;;;;
1;Tube 1;1302130.0;1302130.0;0.0;213.0;False;F:\For Leo to analyse\09092025 hs\10092025\Analysis\2025-09-10_141129_tube1_cropped_8bits\13_0213_0_8bits.tiff;F:\For Leo to analyse\09092025 hs\10092025\Analysis\2025-09-10_141129_tube1_segmentationDebug\13_0213_0_segmented.tiff;781.5;(74. 63);119.8406195640564;0.8977599080987938;31.544202386659418;0.6838026116030694;0.9371665765457828;541.2911516379602;0.9841126955347402;0.9610312726218352;0.9070989777308944;1302130.0;0.0;213.0;False;F:\For Leo to analyse\09092025 hs\11092025 pre laser\Analysis\2025-09-11_120206_tube1_cropped_8bits\13_0213_0_8bits.tiff;F:\For Leo to analyse\09092025 hs\11092025 pre laser\Analysis\2025-09-11_120206_tube1_segmentationDebug\13_0213_0_segmented.tiff;1108.5;(75. 65);146.32590079307556;0.9056372549019608;37.56841805744458;0.6505836561105801;0.7492054488339144;523.3759075380924;0.978825317369968;0.945832751395245;0.9279998328771394;;;;;;;;;;;;;;;;;;;;
1;Tube 1;1402160.0;1402160.0;0.0;216.0;False;F:\For Leo to analyse\09092025 hs\10092025\Analysis\2025-09-10_141129_tube1_cropped_8bits\14_0216_0_8bits.tiff;F:\For Leo to analyse\09092025 hs\10092025\Analysis\2025-09-10_141129_tube1_segmentationDebug\14_0216_0_segmented.tiff;1082.0;(65. 77);139.74011421203613;0.9009159034138218;37.116642997494345;0.6962976621941817;0.9390770267396084;567.9201308689151;0.9765442808291604;0.9469636401835698;0.9049691745162904;1402160.0;0.0;216.0;False;F:\For Leo to analyse\09092025 hs\11092025 pre laser\Analysis\2025-09-11_120206_tube1_cropped_8bits\14_0216_0_8bits.tiff;F:\For Leo to analyse\09092025 hs\11092025 pre laser\Analysis\2025-09-11_120206_tube1_segmentationDebug\14_0216_0_segmented.tiff;1188.0;(78. 85);155.396968126297;0.8898876404494382;38.89226888657144;0.6182173969758291;0.7669090663367675;519.8751437722169;0.9742011789880064;0.9419627591454104;0.913959723446482;;;;;;;;;;;;;;;;;;;;
1;Tube 1;1502190.0;1502190.0;0.0;219.0;False;F:\For Leo to analyse\09092025 hs\10092025\Analysis\2025-09-10_141129_tube1_cropped_8bits\15_0219_0_8bits.tiff;F:\For Leo to analyse\09092025 hs\10092025\Analysis\2025-09-10_141129_tube1_segmentationDebug\15_0219_0_segmented.tiff;952.0;(78. 70);128.91168701648712;0.920696324951644;34.815571898044055;0.7198835151797662;0.77679782170038;661.7833854286962;0.9783443955723468;0.953247993472261;0.9011332933864096;1502190.0;0.0;219.0;False;F:\For Leo to analyse\09092025 hs\11092025 pre laser\Analysis\2025-09-11_120206_tube1_cropped_8bits\15_0219_0_8bits.tiff;F:\For Leo to analyse\09092025 hs\11092025 pre laser\Analysis\2025-09-11_120206_tube1_segmentationDebug\15_0219_0_segmented.tiff;922.0;(78. 71);132.91168701648712;0.886964886964887;34.262616074167774;0.6558649828637779;0.7624396060971014;575.50397867739;0.9786127182179294;0.9544926619470856;0.8982836979669537;;;;;;;;;;;;;;;;;;;;
1;Tube 1;1602210.0;;;;;;;;;;;;;;;;;;1602210.0;0.0;221.0;False;F:\For Leo to analyse\09092025 hs\11092025 pre laser\Analysis\2025-09-11_120206_tube1_cropped_8bits\16_0221_0_8bits.tiff;F:\For Leo to analyse\09092025 hs\11092025 pre laser\Analysis\2025-09-11_120206_tube1_segmentationDebug\16_0221_0_segmented.tiff;1219.5;(70. 72);151.98275518417358;0.915884340968832;39.40451274669604;0.6634421230882226;0.6970879175956874;489.6622607519321;0.9740268710497992;0.9353525698899972;0.9073306515437832;;;;;;;;;;;;;;;;;;;;
1;Tube 1;1602220.0;1602220.0;0.0;222.0;False;F:\For Leo to analyse\09092025 hs\10092025\Analysis\2025-09-10_141129_tube1_cropped_8bits\16_0222_0_8bits.tiff;F:\For Leo to analyse\09092025 hs\10092025\Analysis\2025-09-10_141129_tube1_segmentationDebug\16_0222_0_segmented.tiff;1064.5;(51. 95);131.01219260692596;0.949175211769951;36.81526171807802;0.7793492104713734;0.8920978804506342;921.6486207118652;0.976645562231668;0.9480690187404092;0.8920368598252004;;;;;;;;;;;;;;;;;;;;;;;;;;;;;;;;;;;;;
1;Tube 1;1704240.0;1704240.0;0.0;424.0;False;F:\For Leo to analyse\09092025 hs\10092025\Analysis\2025-09-10_141129_tube1_cropped_8bits\17_0424_0_8bits.tiff;F:\For Leo to analyse\09092025 hs\10092025\Analysis\2025-09-10_141129_tube1_segmentationDebug\17_0424_0_segmented.tiff;1093.5;(76. 72);147.8406196832657;0.8847087378640777;37.31336814290423;0.6286965872678555;0.8182461855003438;359.7361469077139;0.9765849763773314;0.9460654523061526;0.9229766170367748;1704240.0;0.0;424.0;False;F:\For Leo to analyse\09092025 hs\11092025 pre laser\Analysis\2025-09-11_120206_tube1_cropped_8bits\17_0424_0_8bits.tiff;F:\For Leo to analyse\09092025 hs\11092025 pre laser\Analysis\2025-09-11_120206_tube1_segmentationDebug\17_0424_0_segmented.tiff;1340.5;(82. 65);169.9827550649643;0.8637242268041238;41.313165089562986;0.5829978516816131;0.967036566814493;532.3301721275066;0.9669675862970504;0.9344275391161666;0.9092947785878636;;;;;;;;;;;;;;;;;;;;
1;Tube 1;1806240.0;;;;;;;;;;;;;;;;;;1806240.0;0.0;624.0;False;F:\For Leo to analyse\09092025 hs\11092025 pre laser\Analysis\2025-09-11_120206_tube1_cropped_8bits\18_0624_0_8bits.tiff;F:\For Leo to analyse\09092025 hs\11092025 pre laser\Analysis\2025-09-11_120206_tube1_segmentationDebug\18_0624_0_segmented.tiff;1002.0;(74. 71);151.74011409282684;0.835696413678065;35.71814698195629;0.5468607742553161;0.8823807304443635;713.3054784503972;0.9749188072505232;0.9500152763082732;0.887571590488908;;;;;;;;;;;;;;;;;;;;
1;Tube 1;1807240.0;1807240.0;0.0;724.0;False;F:\For Leo to analyse\09092025 hs\10092025\Analysis\2025-09-10_141129_tube1_cropped_8bits\18_0724_0_8bits.tiff;F:\For Leo to analyse\09092025 hs\10092025\Analysis\2025-09-10_141129_tube1_segmentationDebug\18_0724_0_segmented.tiff;920.5;(71. 68);173.49747371673584;0.7273804820229158;34.23473383756207;0.384279614160833;0.8315356560311099;663.2782891736363;0.9760402467504437;0.9530496786757618;0.8869718786371952;;;;;;;;;;;;;;;;;;;;;;;;;;;;;;;;;;;;;
1;Tube 1;1909240.0;;;;;;;;;;;;;;;;;;1909240.0;0.0;924.0;False;F:\For Leo to analyse\09092025 hs\11092025 pre laser\Analysis\2025-09-11_120206_tube1_cropped_8bits\19_0924_0_8bits.tiff;F:\For Leo to analyse\09092025 hs\11092025 pre laser\Analysis\2025-09-11_120206_tube1_segmentationDebug\19_0924_0_segmented.tiff;906.0;(75. 72);121.25483298301695;0.9467084639498432;33.96402549065787;0.7743547133885503;0.8992544588733767;610.1457160493828;0.9768542994130068;0.9552435989150996;0.8856532606800066;;;;;;;;;;;;;;;;;;;;
1;Tube 1;1910240.0;1910240.0;0.0;1024.0;False;F:\For Leo to analyse\09092025 hs\10092025\Analysis\2025-09-10_141129_tube1_cropped_8bits\19_1024_0_8bits.tiff;F:\For Leo to analyse\09092025 hs\10092025\Analysis\2025-09-10_141129_tube1_segmentationDebug\19_1024_0_segmented.tiff;982.5;(76. 73);144.6690467596054;0.8577040593627236;35.3688825481142;0.589917369024266;0.8725299871302813;585.4415448906768;0.9755107310979358;0.9513096175478092;0.9058105054846344;;;;;;;;;;;;;;;;;;;;;;;;;;;;;;;;;;;;;
1;Tube 1;2013240.0;;;;;;;;;;;;;;;;;;2013240.0;0.0;1324.0;False;F:\For Leo to analyse\09092025 hs\11092025 pre laser\Analysis\2025-09-11_120206_tube1_cropped_8bits\20_1324_0_8bits.tiff;F:\For Leo to analyse\09092025 hs\11092025 pre laser\Analysis\2025-09-11_120206_tube1_segmentationDebug\20_1324_0_segmented.tiff;787.0;(78. 97);119.25483322143556;0.9140534262485482;31.655007845624887;0.6953966875278751;0.8550601307839769;484.6567322424464;0.985278512245429;0.9608148670656482;0.9242311940901008;;;;;;;;;;;;;;;;;;;;
1;Tube 1;207050.0;207050.0;0.0;705.0;False;F:\For Leo to analyse\09092025 hs\10092025\Analysis\2025-09-10_141129_tube1_cropped_8bits\2_0705_0_8bits.tiff;F:\For Leo to analyse\09092025 hs\10092025\Analysis\2025-09-10_141129_tube1_segmentationDebug\2_0705_0_segmented.tiff;2153.5;(76. 81);268.40916109085083;0.7658250355618776;52.36335894103025;0.375629827437188;0.5918616092893524;807.9771340638665;0.9494513542268628;0.894714689288347;0.8866799206622886;207050.0;0.0;705.0;False;F:\For Leo to analyse\09092025 hs\11092025 pre laser\Analysis\2025-09-11_120206_tube1_cropped_8bits\2_0705_0_8bits.tiff;F:\For Leo to analyse\09092025 hs\11092025 pre laser\Analysis\2025-09-11_120206_tube1_segmentationDebug\2_0705_0_segmented.tiff;2075.0;(77. 72);206.56854152679443;0.889031705227078;51.40011726956917;0.6110821510114837;0.8116293193137617;903.1105221287108;0.9549283314070884;0.9002404341961041;0.903741183467338;;;;;;;;;;;;;;;;;;;;
1;Tube 1;310050.0;310050.0;0.0;1005.0;False;F:\For Leo to analyse\09092025 hs\10092025\Analysis\2025-09-10_141129_tube1_cropped_8bits\3_1005_0_8bits.tiff;F:\For Leo to analyse\09092025 hs\10092025\Analysis\2025-09-10_141129_tube1_segmentationDebug\3_1005_0_segmented.tiff;2194.5;(81. 88);223.78174448013303;0.8734328358208955;52.8594757912081;0.5506759872967444;0.999108285185632;601.7539817877905;0.9511584482857134;0.8946436451601796;0.913114195427607;;;;;;;;;;;;;;;;;;;;;;;;;;;;;;;;;;;;;
1;Tube 1;414050.0;414050.0;0.0;1405.0;False;F:\For Leo to analyse\09092025 hs\10092025\Analysis\2025-09-10_141129_tube1_cropped_8bits\4_1405_0_8bits.tiff;F:\For Leo to analyse\09092025 hs\10092025\Analysis\2025-09-10_141129_tube1_segmentationDebug\4_1405_0_segmented.tiff;2081.5;(85. 89);240.26702570915225;0.8127684498242874;51.48056052886605;0.4531040402942327;0.9141071590793048;681.7839148872097;0.9527431987743696;0.8989448850294084;0.9013517022882108;414050.0;0.0;1405.0;False;F:\For Leo to analyse\09092025 hs\11092025 pre laser\Analysis\2025-09-11_120206_tube1_cropped_8bits\4_1405_0_8bits.tiff;F:\For Leo to analyse\09092025 hs\11092025 pre laser\Analysis\2025-09-11_120206_tube1_segmentationDebug\4_1405_0_segmented.tiff;2310.0;(69. 81);298.16652047634125;0.752442996742671;54.23267786434878;0.3265157157323199;0.5811597180071936;774.5215233515737;0.9438576957679116;0.8863396380880831;0.8934051446188976;;;;;;;;;;;;;;;;;;;;
1;Tube 1;515020.0;515020.0;0.0;1502.0;False;F:\For Leo to analyse\09092025 hs\10092025\Analysis\2025-09-10_141129_tube1_cropped_8bits\5_1502_0_8bits.tiff;F:\For Leo to analyse\09092025 hs\10092025\Analysis\2025-09-10_141129_tube1_segmentationDebug\5_1502_0_segmented.tiff;2235.0;(77. 69);233.19595789909363;0.8288522158353421;53.34501272361915;0.516470303227525;0.8863342361308384;675.3000011186507;0.9547764176160852;0.8926943662789436;0.9194898201379508;;;;;;;;;;;;;;;;;;;;;;;;;;;;;;;;;;;;;
1;Tube 1;612010.0;612010.0;0.0;1201.0;False;F:\For Leo to analyse\09092025 hs\10092025\Analysis\2025-09-10_141129_tube1_cropped_8bits\6_1201_0_8bits.tiff;F:\For Leo to analyse\09092025 hs\10092025\Analysis\2025-09-10_141129_tube1_segmentationDebug\6_1201_0_segmented.tiff;1381.0;(74. 75);165.0538226366043;0.8903932946486138;41.93261035613285;0.6370189744576693;0.9493665978685832;526.8652108148988;0.9668956396528252;0.9328318124435632;0.910769372410231;;;;;;;;;;;;;;;;;;;;;;;;;;;;;;;;;;;;;
1;Tube 1;709010.0;709010.0;0.0;901.0;False;F:\For Leo to analyse\09092025 hs\10092025\Analysis\2025-09-10_141129_tube1_cropped_8bits\7_0901_0_8bits.tiff;F:\For Leo to analyse\09092025 hs\10092025\Analysis\2025-09-10_141129_tube1_segmentationDebug\7_0901_0_segmented.tiff;1367.5;(76. 82);166.81118214130402;0.8685296919657034;41.72715036310694;0.6175709782675987;0.8101345349207411;729.3166363094551;0.9676920653859598;0.933498480201749;0.9034573476624392;709010.0;0.0;901.0;False;F:\For Leo to analyse\09092025 hs\11092025 pre laser\Analysis\2025-09-11_120206_tube1_cropped_8bits\7_0901_0_8bits.tiff;F:\For Leo to analyse\09092025 hs\11092025 pre laser\Analysis\2025-09-11_120206_tube1_segmentationDebug\7_0901_0_segmented.tiff;1747.5;(77. 72);206.1248903274536;0.8672456575682382;47.16975836724942;0.5168519668360754;0.6093575117769553;646.8372705724048;0.9582636374471166;0.9151560170601848;0.9035980147461798;;;;;;;;;;;;;;;;;;;;
1;Tube 1;806010.0;;;;;;;;;;;;;;;;;;806010.0;0.0;601.0;False;F:\For Leo to analyse\09092025 hs\11092025 pre laser\Analysis\2025-09-11_120206_tube1_cropped_8bits\8_0601_0_8bits.tiff;F:\For Leo to analyse\09092025 hs\11092025 pre laser\Analysis\2025-09-11_120206_tube1_segmentationDebug\8_0601_0_segmented.tiff;1363.0;(67. 73);189.1959580183029;0.8268122535638459;41.658438514591815;0.4785000770648492;0.4783638633978875;587.050714208335;0.9680983323254916;0.9325305252845404;0.9007105988432108;;;;;;;;;;;;;;;;;;;;
1;Tube 1;903010.0;903010.0;0.0;301.0;False;F:\For Leo to analyse\09092025 hs\10092025\Analysis\2025-09-10_141129_tube1_cropped_8bits\9_0301_0_8bits.tiff;F:\For Leo to analyse\09092025 hs\10092025\Analysis\2025-09-10_141129_tube1_segmentationDebug\9_0301_0_segmented.tiff;1442.0;(85. 70);261.6812390089035;0.661619637531544;42.84870387197383;0.2646244385336233;0.6981953688886827;741.6884341879306;0.9727745008575645;0.9274889444806002;0.9076456809406128;903010.0;0.0;301.0;False;F:\For Leo to analyse\09092025 hs\11092025 pre laser\Analysis\2025-09-11_120206_tube1_cropped_8bits\9_0301_0_8bits.tiff;F:\For Leo to analyse\09092025 hs\11092025 pre laser\Analysis\2025-09-11_120206_tube1_segmentationDebug\9_0301_0_segmented.tiff;1320.5;(80. 68);176.8111823797226;0.8513862024500323;41.00381468623112;0.5307974316325014;0.6424711748094069;751.5963987595201;0.9727425234448508;0.9353427233049862;0.9077715963850944;;;;;;;;;;;;;;;;;;;;
1;Tube 2;1002020.0;;;;;;;;;;;;;;;;;;1002020.0;0.0;202.0;False;F:\For Leo to analyse\09092025 hs\11092025 pre laser\Analysis\2025-09-11_114858_tube2_cropped_8bits\10_0202_0_8bits.tiff;F:\For Leo to analyse\09092025 hs\11092025 pre laser\Analysis\2025-09-11_114858_tube2_segmentationDebug\10_0202_0_segmented.tiff;1385.0;(69. 74);178.71067643165588;0.8401577191386108;41.99329433919421;0.5449524885058842;0.8039440308168738;755.3486685794844;0.9670444286710184;0.9318451288995196;0.8947052490337586;;;;;;;;;;;;;;;;;;;;
1;Tube 2;1002050.0;1002050.0;0.0;205.0;False;F:\For Leo to analyse\09092025 hs\10092025\Analysis\2025-09-10_142109_tube2_cropped_8bits\10_0205_0_8bits.tiff;F:\For Leo to analyse\09092025 hs\10092025\Analysis\2025-09-10_142109_tube2_segmentationDebug\10_0205_0_segmented.tiff;1064.5;(74. 104);148.81118190288544;0.8937867338371117;36.81526171807802;0.6040660080050103;0.6768841122234631;594.8390595192877;0.970394568392636;0.9473262974782072;0.9045629806983376;;;;;;;;;;;;;;;;;;;;;;;;;;;;;;;;;;;;;
1;Tube 2;105050.0;105050.0;0.0;505.0;False;F:\For Leo to analyse\09092025 hs\10092025\Analysis\2025-09-10_142109_tube2_cropped_8bits\1_0505_0_8bits.tiff;F:\For Leo to analyse\09092025 hs\10092025\Analysis\2025-09-10_142109_tube2_segmentationDebug\1_0505_0_segmented.tiff;2696.0;(80. 81);263.68123948574066;0.816104131981232;58.58885399635325;0.4872718121061427;0.8219931564405571;649.6866397029007;0.9334031618112454;0.8707654724695871;0.9162158152355964;;;;;;;;;;;;;;;;;;;;;;;;;;;;;;;;;;;;;
1;Tube 2;1102050.0;;;;;;;;;;;;;;;;;;1102050.0;0.0;205.0;False;F:\For Leo to analyse\09092025 hs\11092025 pre laser\Analysis\2025-09-11_114858_tube2_cropped_8bits\11_0205_0_8bits.tiff;F:\For Leo to analyse\09092025 hs\11092025 pre laser\Analysis\2025-09-11_114858_tube2_segmentationDebug\11_0205_0_segmented.tiff;913.0;(72. 68);171.39696860313416;0.7757009345794392;34.09498063268556;0.3905479553463093;0.620363803999581;594.1822554527864;0.9806372241152016;0.9537048422045326;0.9025014110692378;;;;;;;;;;;;;;;;;;;;
1;Tube 2;1102070.0;;;;;;;;;;;;;;;;;;;;;;;;;;;;;;;;;;;1102070.0;0.0;207.0;False;F:\For Leo to analyse\09092025 hs\11092025 post laser\Analysis\2025-09-11_154251_tube2_cropped_8bits\11_0207_0_8bits.tiff;F:\For Leo to analyse\09092025 hs\11092025 post laser\Analysis\2025-09-11_154251_tube2_segmentationDebug\11_0207_0_segmented.tiff;1139.5;(79. 71);190.32590067386627;0.7404158544509422;38.090109756020894;0.3953014489290519;0.6344521104842179;476.5822487819303;0.9777500854007763;0.9427857205609996;0.91480491874877;8.122199241640814;54.0;Dead
1;Tube 2;1102080.0;1102080.0;0.0;208.0;False;F:\For Leo to analyse\09092025 hs\10092025\Analysis\2025-09-10_142109_tube2_cropped_8bits\11_0208_0_8bits.tiff;F:\For Leo to analyse\09092025 hs\10092025\Analysis\2025-09-10_142109_tube2_segmentationDebug\11_0208_0_segmented.tiff;816.0;(76. 72);127.5979790687561;0.8831168831168831;32.23295624828558;0.6298141748894923;0.8095224054098522;507.71094797784167;0.9793846945957716;0.9591351682420814;0.9131356682250538;;;;;;;;;;;;;;;;;;;;;;;;;;;;;;;;;;;;;
1;Tube 2;1202080.0;;;;;;;;;;;;;;;;;;1202080.0;0.0;208.0;False;F:\For Leo to analyse\09092025 hs\11092025 pre laser\Analysis\2025-09-11_114858_tube2_cropped_8bits\12_0208_0_8bits.tiff;F:\For Leo to analyse\09092025 hs\11092025 pre laser\Analysis\2025-09-11_114858_tube2_segmentationDebug\12_0208_0_segmented.tiff;361.0;(23. 68);131.5979789495468;0.573015873015873;21.43920417481474;0.2619501351494654;0.4930790224537899;322.4918629794013;0.9900409214103264;0.9797411180964372;0.8907015444570642;;;;;;;;;;;;;;;;;;;;
1;Tube 2;1202080.0;;;;;;;;;;;;;;;;;;1202080.0;1.0;208.0;False;F:\For Leo to analyse\09092025 hs\11092025 pre laser\Analysis\2025-09-11_114858_tube2_cropped_8bits\12_0208_0_8bits.tiff;F:\For Leo to analyse\09092025 hs\11092025 pre laser\Analysis\2025-09-11_114858_tube2_segmentationDebug\12_0208_0_segmented.tiff;826.0;(80. 65);125.5979789495468;0.8953929539295393;32.429860683500394;0.6579980540796568;0.9496916275150896;590.8540638428485;0.9809803484835644;0.9587953016421602;0.9104219357231388;;;;;;;;;;;;;;;;;;;;
1;Tube 2;1202100.0;;;;;;;;;;;;;;;;;;;;;;;;;;;;;;;;;;;1202100.0;0.0;210.0;False;F:\For Leo to analyse\09092025 hs\11092025 post laser\Analysis\2025-09-11_154251_tube2_cropped_8bits\12_0210_0_8bits.tiff;F:\For Leo to analyse\09092025 hs\11092025 post laser\Analysis\2025-09-11_154251_tube2_segmentationDebug\12_0210_0_segmented.tiff;1308.5;(78. 71);181.63960945606232;0.8147571606475716;40.81707907587166;0.4983821417463507;0.6048827956300628;703.5973309625551;0.974311574310026;0.9357208567266396;0.911749717116868;40.06951625876135;62.0;Dead
1;Tube 2;1202110.0;1202110.0;0.0;211.0;False;F:\For Leo to analyse\09092025 hs\10092025\Analysis\2025-09-10_142109_tube2_cropped_8bits\12_0211_0_8bits.tiff;F:\For Leo to analyse\09092025 hs\10092025\Analysis\2025-09-10_142109_tube2_segmentationDebug\12_0211_0_segmented.tiff;1000.0;(75. 79);154.56854128837583;0.8084074373484236;35.682482323055424;0.5259780822487929;0.8691073512897738;478.6281716917779;0.9793782049537088;0.950353448961198;0.9171823016352246;;;;;;;;;;;;;;;;;;;;;;;;;;;;;;;;;;;;;
1;Tube 2;1302130.0;;;;;;;;;;;;;;;;;;;;;;;;;;;;;;;;;;;1302130.0;0.0;213.0;False;F:\For Leo to analyse\09092025 hs\11092025 post laser\Analysis\2025-09-11_154251_tube2_cropped_8bits\13_0213_0_8bits.tiff;F:\For Leo to analyse\09092025 hs\11092025 post laser\Analysis\2025-09-11_154251_tube2_segmentationDebug\13_0213_0_segmented.tiff;1349.5;(77. 72);204.1248903274536;0.8122178754137828;41.45161957776924;0.4069966402079204;0.6029542271888388;677.9730408469225;0.9721839425747836;0.9328507319051936;0.8998580340871857;12.061932666896473;60.0;Dead
1;Tube 2;1302140.0;1302140.0;0.0;214.0;False;F:\For Leo to analyse\09092025 hs\10092025\Analysis\2025-09-10_142109_tube2_cropped_8bits\13_0214_0_8bits.tiff;F:\For Leo to analyse\09092025 hs\10092025\Analysis\2025-09-10_142109_tube2_segmentationDebug\13_0214_0_segmented.tiff;1049.5;(70. 76);149.49747371673584;0.8695111847555924;36.55495728624988;0.5900986204686005;0.8752078704713734;597.5059607293128;0.975786959666833;0.947972225347203;0.9073236245757644;;;;;;;;;;;;;;;;;;;;;;;;;;;;;;;;;;;;;
1;Tube 2;1402140.0;;;;;;;;;;;;;;;;;;1402140.0;0.0;214.0;False;F:\For Leo to analyse\09092025 hs\11092025 pre laser\Analysis\2025-09-11_114858_tube2_cropped_8bits\14_0214_0_8bits.tiff;F:\For Leo to analyse\09092025 hs\11092025 pre laser\Analysis\2025-09-11_114858_tube2_segmentationDebug\14_0214_0_segmented.tiff;1215.0;(79. 70);158.71067667007446;0.8956874308883155;39.33174350131485;0.6061412711311864;0.7652037281603669;561.5157763796365;0.9726190930097092;0.9406925969447506;0.9145885832005524;;;;;;;;;;;;;;;;;;;;
1;Tube 2;1402160.0;;;;;;;;;;;;;;;;;;;;;;;;;;;;;;;;;;;1402160.0;0.0;216.0;False;F:\For Leo to analyse\09092025 hs\11092025 post laser\Analysis\2025-09-11_154251_tube2_cropped_8bits\14_0216_0_8bits.tiff;F:\For Leo to analyse\09092025 hs\11092025 post laser\Analysis\2025-09-11_154251_tube2_segmentationDebug\14_0216_0_segmented.tiff;1217.0;(90. 71);172.56854140758514;0.8200808625336927;39.36410199588825;0.5135434395619913;0.7931502056562315;695.1940968472759;0.9726064527058956;0.9397310312864317;0.8836231966329846;16.580489486384007;67.0;Dead
1;Tube 2;1402170.0;1402170.0;0.0;217.0;False;F:\For Leo to analyse\09092025 hs\10092025\Analysis\2025-09-10_142109_tube2_cropped_8bits\14_0217_0_8bits.tiff;F:\For Leo to analyse\09092025 hs\10092025\Analysis\2025-09-10_142109_tube2_segmentationDebug\14_0217_0_segmented.tiff;1056.0;(76. 80);173.05382239818573;0.8042650418888042;36.667982753900326;0.4431098349488591;0.7004738819389208;553.2256402122969;0.9742013910123906;0.9472892641042348;0.9104945524861116;;;;;;;;;;;;;;;;;;;;;;;;;;;;;;;;;;;;;
1;Tube 2;1502170.0;;;;;;;;;;;;;;;;;;1502170.0;0.0;217.0;False;F:\For Leo to analyse\09092025 hs\11092025 pre laser\Analysis\2025-09-11_114858_tube2_cropped_8bits\15_0217_0_8bits.tiff;F:\For Leo to analyse\09092025 hs\11092025 pre laser\Analysis\2025-09-11_114858_tube2_segmentationDebug\15_0217_0_segmented.tiff;1320.0;(70. 76);173.74011433124542;0.8568646543330087;40.99605101775554;0.5495201087193784;0.6834102079997451;535.1265459949864;0.9728222577518564;0.9355418541281776;0.9307448441078392;;;;;;;;;;;;;;;;;;;;
1;Tube 2;1502190.0;;;;;;;;;;;;;;;;;;;;;;;;;;;;;;;;;;;1502190.0;0.0;219.0;False;F:\For Leo to analyse\09092025 hs\11092025 post laser\Analysis\2025-09-11_154251_tube2_cropped_8bits\15_0219_0_8bits.tiff;F:\For Leo to analyse\09092025 hs\11092025 post laser\Analysis\2025-09-11_154251_tube2_segmentationDebug\15_0219_0_segmented.tiff;1523.5;(77. 77);228.6101713180542;0.7755153983201832;44.04293866676043;0.3663205008979213;0.5552924457913303;748.6243304392501;0.9646746945258108;0.9243557746269412;0.8941194366486236;11.893887165345284;56.0;Dead
1;Tube 2;1502200.0;1502200.0;0.0;220.0;False;F:\For Leo to analyse\09092025 hs\10092025\Analysis\2025-09-10_142109_tube2_cropped_8bits\15_0220_0_8bits.tiff;F:\For Leo to analyse\09092025 hs\10092025\Analysis\2025-09-10_142109_tube2_segmentationDebug\15_0220_0_segmented.tiff;1155.0;(71. 71);150.9116872549057;0.8998831320607713;38.34829427978659;0.6373031994938283;0.8774809120983217;672.4573029224632;0.9697853829483704;0.9431724213401488;0.899950507576822;;;;;;;;;;;;;;;;;;;;;;;;;;;;;;;;;;;;;
1;Tube 2;1602190.0;;;;;;;;;;;;;;;;;;1602190.0;0.0;219.0;False;F:\For Leo to analyse\09092025 hs\11092025 pre laser\Analysis\2025-09-11_114858_tube2_cropped_8bits\16_0219_0_8bits.tiff;F:\For Leo to analyse\09092025 hs\11092025 pre laser\Analysis\2025-09-11_114858_tube2_segmentationDebug\16_0219_0_segmented.tiff;1200.0;(69. 62);169.88224983215332;0.8468595624558928;39.08820095223359;0.5225105963360263;0.7494199693650082;475.7282068860452;0.9830782433075368;0.9407062812236848;0.9219246929527104;;;;;;;;;;;;;;;;;;;;
1;Tube 2;1602220.0;;;;;;;;;;;;;;;;;;;;;;;;;;;;;;;;;;;1602220.0;0.0;222.0;False;F:\For Leo to analyse\09092025 hs\11092025 post laser\Analysis\2025-09-11_154251_tube2_cropped_8bits\16_0222_0_8bits.tiff;F:\For Leo to analyse\09092025 hs\11092025 post laser\Analysis\2025-09-11_154251_tube2_segmentationDebug\16_0222_0_segmented.tiff;1605.0;(75. 76);258.024385213852;0.7195696032279758;45.20563537104568;0.3029447264584878;0.4219643420057111;475.7784494636785;0.962952402693452;0.9202123826823492;0.9142910157242315;40.36826381707457;56.0;Dead
1;Tube 2;1602230.0;1602230.0;0.0;223.0;False;F:\For Leo to analyse\09092025 hs\10092025\Analysis\2025-09-10_142109_tube2_cropped_8bits\16_0223_0_8bits.tiff;F:\For Leo to analyse\09092025 hs\10092025\Analysis\2025-09-10_142109_tube2_segmentationDebug\16_0223_0_segmented.tiff;1003.0;(79. 76);140.08326017856598;0.8955357142857143;35.73596596384892;0.6423005824732752;0.8199081829690916;766.9013639138641;0.9744675452086816;0.9502790184221028;0.8962818087697423;;;;;;;;;;;;;;;;;;;;;;;;;;;;;;;;;;;;;
1;Tube 2;1702220.0;;;;;;;;;;;;;;;;;;1702220.0;0.0;222.0;False;F:\For Leo to analyse\09092025 hs\11092025 pre laser\Analysis\2025-09-11_114858_tube2_cropped_8bits\17_0222_0_8bits.tiff;F:\For Leo to analyse\09092025 hs\11092025 pre laser\Analysis\2025-09-11_114858_tube2_segmentationDebug\17_0222_0_segmented.tiff;1516.5;(88. 81);215.78174436092377;0.7882016632016632;43.94164049726494;0.4092822209848804;0.5520185124968262;598.9623023881863;0.9675129627724616;0.9247566858673116;0.9040158669964564;;;;;;;;;;;;;;;;;;;;
1;Tube 2;1704240.0;;;;;;;;;;;;;;;;;;;;;;;;;;;;;;;;;;;1704240.0;0.0;424.0;True;F:\For Leo to analyse\09092025 hs\11092025 post laser\Analysis\2025-09-11_154251_tube2_cropped_8bits\17_0424_0_8bits.tiff;F:\For Leo to analyse\09092025 hs\11092025 post laser\Analysis\2025-09-11_154251_tube2_segmentationDebug\17_0424_0_segmented.tiff;718.0;(73. 78);115.94112479686736;0.8793631353337416;30.23550881198871;0.6712113467534438;0.8728814880317003;996.752354427182;0.9835318128823526;0.9639666349246492;0.8640635438989939;13.66770079283006;66.0;Dead
1;Tube 2;1705240.0;1705240.0;0.0;524.0;False;F:\For Leo to analyse\09092025 hs\10092025\Analysis\2025-09-10_142109_tube2_cropped_8bits\17_0524_0_8bits.tiff;F:\For Leo to analyse\09092025 hs\10092025\Analysis\2025-09-10_142109_tube2_segmentationDebug\17_0524_0_segmented.tiff;970.0;(75. 68);133.74011421203613;0.9082397003745318;35.1431694414876;0.6814880091743947;0.8874894764131024;652.2495664005264;0.9727423217591225;0.9520589396116148;0.9041159231076256;;;;;;;;;;;;;;;;;;;;;;;;;;;;;;;;;;;;;
1;Tube 2;1805240.0;;;;;;;;;;;;;;;;;;1805240.0;0.0;524.0;False;F:\For Leo to analyse\09092025 hs\11092025 pre laser\Analysis\2025-09-11_114858_tube2_cropped_8bits\18_0524_0_8bits.tiff;F:\For Leo to analyse\09092025 hs\11092025 pre laser\Analysis\2025-09-11_114858_tube2_segmentationDebug\18_0524_0_segmented.tiff;932.0;(68. 74);131.25483310222626;0.8978805394990366;34.44792091974742;0.6798219269732331;0.8015426712571729;712.8821438528018;0.9775801727447327;0.953994161481838;0.9044387725788496;;;;;;;;;;;;;;;;;;;;
1;Tube 2;1808240.0;1808240.0;0.0;824.0;False;F:\For Leo to analyse\09092025 hs\10092025\Analysis\2025-09-10_142109_tube2_cropped_8bits\18_0824_0_8bits.tiff;F:\For Leo to analyse\09092025 hs\10092025\Analysis\2025-09-10_142109_tube2_segmentationDebug\18_0824_0_segmented.tiff;832.5;(76. 76);135.49747383594513;0.8676393955184992;32.557209969406514;0.5698121551058665;0.6622450137558196;631.753665537361;0.9793454794468134;0.9580580597541029;0.8880505652448126;;;;;;;;;;;;;;;;;;;;;;;;;;;;;;;;;;;;;
1;Tube 2;1907240.0;;;;;;;;;;;;;;;;;;1907240.0;0.0;724.0;False;F:\For Leo to analyse\09092025 hs\11092025 pre laser\Analysis\2025-09-11_114858_tube2_cropped_8bits\19_0724_0_8bits.tiff;F:\For Leo to analyse\09092025 hs\11092025 pre laser\Analysis\2025-09-11_114858_tube2_segmentationDebug\19_0724_0_segmented.tiff;359.5;(73. 72);82.52691113948822;0.8822085889570552;21.394616526881038;0.6633115780157358;0.9174894270170432;230.2458333333334;0.9886970238305012;0.981123721345856;0.8967978517201805;;;;;;;;;;;;;;;;;;;;
1;Tube 2;1910240.0;1910240.0;0.0;1024.0;False;F:\For Leo to analyse\09092025 hs\10092025\Analysis\2025-09-10_142109_tube2_cropped_8bits\19_1024_0_8bits.tiff;F:\For Leo to analyse\09092025 hs\10092025\Analysis\2025-09-10_142109_tube2_segmentationDebug\19_1024_0_segmented.tiff;828.0;(72. 73);136.08326029777527;0.8531684698608965;32.46909827883606;0.5618634604088439;0.901210679281553;615.672759948975;0.9787980404174756;0.9584595420164936;0.8903353582118075;;;;;;;;;;;;;;;;;;1910240.0;0.0;1024.0;False;F:\For Leo to analyse\09092025 hs\11092025 post laser\Analysis\2025-09-11_154251_tube2_cropped_8bits\19_1024_0_8bits.tiff;F:\For Leo to analyse\09092025 hs\11092025 post laser\Analysis\2025-09-11_154251_tube2_segmentationDebug\19_1024_0_segmented.tiff;1202.5;(74. 72);190.81118202209475;0.7525031289111389;39.12889664358086;0.4150374683624082;0.6863998916693995;627.6448413512708;0.9710523524925576;0.9397952843537531;0.8917713805464942;18.018212110766402;52.0;Dead
1;Tube 2;2008240.0;;;;;;;;;;;;;;;;;;2008240.0;0.0;824.0;False;F:\For Leo to analyse\09092025 hs\11092025 pre laser\Analysis\2025-09-11_114858_tube2_cropped_8bits\20_0824_0_8bits.tiff;F:\For Leo to analyse\09092025 hs\11092025 pre laser\Analysis\2025-09-11_114858_tube2_segmentationDebug\20_0824_0_segmented.tiff;958.0;(80. 44);128.42640614509585;0.9392156862745098;34.92511251028815;0.729905630886381;0.7354855215346987;438.2181226295827;0.9728481649562408;0.943858687065644;0.9193688883499738;;;;;;;;;;;;;;;;;;;;
1;Tube 2;2013240.0;2013240.0;0.0;1324.0;False;F:\For Leo to analyse\09092025 hs\10092025\Analysis\2025-09-10_142109_tube2_cropped_8bits\20_1324_0_8bits.tiff;F:\For Leo to analyse\09092025 hs\10092025\Analysis\2025-09-10_142109_tube2_segmentationDebug\20_1324_0_segmented.tiff;788.0;(75. 71);114.08325970172882;0.9448441247002398;31.675112647807715;0.7608380747448443;0.8236156737401339;631.2599336370633;0.97923932243933;0.9608277855484691;0.8977934131171655;;;;;;;;;;;;;;;;;;;;;;;;;;;;;;;;;;;;;
1;Tube 2;205050.0;;;;;;;;;;;;;;;;;;205050.0;0.0;505.0;False;F:\For Leo to analyse\09092025 hs\11092025 pre laser\Analysis\2025-09-11_114858_tube2_cropped_8bits\2_0505_0_8bits.tiff;F:\For Leo to analyse\09092025 hs\11092025 pre laser\Analysis\2025-09-11_114858_tube2_segmentationDebug\2_0505_0_segmented.tiff;2552.0;(75. 76);268.1665201187134;0.8111888111888111;57.00269570962531;0.4459451256759762;0.7277736167456194;657.1077951689376;0.9400066174685188;0.8769254382809353;0.9084412328672454;;;;;;;;;;;;;;;;;;;;
1;Tube 2;209050.0;209050.0;0.0;905.0;False;F:\For Leo to analyse\09092025 hs\10092025\Analysis\2025-09-10_142109_tube2_cropped_8bits\2_0905_0_8bits.tiff;F:\For Leo to analyse\09092025 hs\10092025\Analysis\2025-09-10_142109_tube2_segmentationDebug\2_0905_0_segmented.tiff;2165.0;(65. 68);224.71067678928372;0.8520267611176702;52.50298671839181;0.5387910205550469;0.6885357136596694;875.7383875704111;0.949676657711276;0.8954269780091867;0.8918580480232078;;;;;;;;;;;;;;;;;;;;;;;;;;;;;;;;;;;;;
1;Tube 2;2110240.0;;;;;;;;;;;;;;;;;;2110240.0;0.0;1024.0;False;F:\For Leo to analyse\09092025 hs\11092025 pre laser\Analysis\2025-09-11_114858_tube2_cropped_8bits\21_1024_0_8bits.tiff;F:\For Leo to analyse\09092025 hs\11092025 pre laser\Analysis\2025-09-11_114858_tube2_segmentationDebug\21_1024_0_segmented.tiff;920.0;(61. 77);144.08326041698456;0.8394160583941606;34.225434710991614;0.556891560662067;0.793400390847692;500.41140769212507;0.9761462119127404;0.9540336913188044;0.8961322443425456;;;;;;;;;;;;;;;;;;;;
1;Tube 2;2213240.0;;;;;;;;;;;;;;;;;;2213240.0;0.0;1324.0;False;F:\For Leo to analyse\09092025 hs\11092025 pre laser\Analysis\2025-09-11_114858_tube2_cropped_8bits\22_1324_0_8bits.tiff;F:\For Leo to analyse\09092025 hs\11092025 pre laser\Analysis\2025-09-11_114858_tube2_segmentationDebug\22_1324_0_segmented.tiff;1198.0;(90. 64);169.0538227558136;0.8404068747807787;39.05561386782603;0.5267647322514497;0.650692385615603;465.32101092933976;0.9685107625064996;0.9407669953954284;0.9136493680694924;;;;;;;;;;;;;;;;;;;;
1;Tube 2;309050.0;;;;;;;;;;;;;;;;;;309050.0;0.0;905.0;False;F:\For Leo to analyse\09092025 hs\11092025 pre laser\Analysis\2025-09-11_114858_tube2_cropped_8bits\3_0905_0_8bits.tiff;F:\For Leo to analyse\09092025 hs\11092025 pre laser\Analysis\2025-09-11_114858_tube2_segmentationDebug\3_0905_0_segmented.tiff;2545.0;(88. 80);252.50966596603396;0.8329242349860907;56.92446434838882;0.5015816455602471;0.7005461037664291;704.7450766642944;0.9375771758283769;0.8781384870727207;0.9134788605145036;;;;;;;;;;;;;;;;;;;;
1;Tube 2;311050.0;;;;;;;;;;;;;;;;;;;;;;;;;;;;;;;;;;;311050.0;0.0;1105.0;False;F:\For Leo to analyse\09092025 hs\11092025 post laser\Analysis\2025-09-11_154251_tube2_cropped_8bits\3_1105_0_8bits.tiff;F:\For Leo to analyse\09092025 hs\11092025 post laser\Analysis\2025-09-11_154251_tube2_segmentationDebug\3_1105_0_segmented.tiff;1860.0;(46. 95);207.1959582567215;0.8275862068965517;48.66441773213158;0.5444528172324891;0.827474471689913;700.4381454249876;0.9614267009037156;0.9100002444642;0.9065089524813787;128.38676318510858;37.0;Alive
1;Tube 2;312050.0;312050.0;0.0;1205.0;False;F:\For Leo to analyse\09092025 hs\10092025\Analysis\2025-09-10_142109_tube2_cropped_8bits\3_1205_0_8bits.tiff;F:\For Leo to analyse\09092025 hs\10092025\Analysis\2025-09-10_142109_tube2_segmentationDebug\3_1205_0_segmented.tiff;1754.0;(71. 87);190.2253955602646;0.8704714640198511;47.25740324505225;0.6091194415963399;0.8434386906205853;785.4714324413414;0.9625824237139692;0.9150714336711252;0.9155554543148926;;;;;;;;;;;;;;;;;;;;;;;;;;;;;;;;;;;;;
1;Tube 2;412050.0;;;;;;;;;;;;;;;;;;412050.0;0.0;1205.0;False;F:\For Leo to analyse\09092025 hs\11092025 pre laser\Analysis\2025-09-11_114858_tube2_cropped_8bits\4_1205_0_8bits.tiff;F:\For Leo to analyse\09092025 hs\11092025 pre laser\Analysis\2025-09-11_114858_tube2_segmentationDebug\4_1205_0_segmented.tiff;1909.0;(74. 94);218.71067678928372;0.8610735227785296;49.30126054067407;0.5015056422158705;0.7279797715158308;774.6214393803898;0.9513966313493056;0.9072635661457068;0.8983175662910438;;;;;;;;;;;;;;;;;;;;
1;Tube 2;414050.0;;;;;;;;;;;;;;;;;;;;;;;;;;;;;;;;;;;414050.0;0.0;1405.0;False;F:\For Leo to analyse\09092025 hs\11092025 post laser\Analysis\2025-09-11_154251_tube2_cropped_8bits\4_1405_0_8bits.tiff;F:\For Leo to analyse\09092025 hs\11092025 post laser\Analysis\2025-09-11_154251_tube2_segmentationDebug\4_1405_0_segmented.tiff;2186.5;(94. 71);272.40916085243225;0.7521499828001376;52.76303881092742;0.3702677857339153;0.6342092444226989;506.5027341716702;0.9450360084035568;0.8668434262379565;0.8942742525333202;100.45386648282202;37.0;Alive
1;Tube 2;415040.0;415040.0;0.0;1504.0;False;F:\For Leo to analyse\09092025 hs\10092025\Analysis\2025-09-10_142109_tube2_cropped_8bits\4_1504_0_8bits.tiff;F:\For Leo to analyse\09092025 hs\10092025\Analysis\2025-09-10_142109_tube2_segmentationDebug\4_1504_0_segmented.tiff;1841.0;(86. 78);228.36753106117249;0.8067484662576687;48.415224897313394;0.4436034746470327;0.892632543757906;709.1817468287741;0.9551207294672354;0.9101120586395466;0.9009809831614652;;;;;;;;;;;;;;;;;;;;;;;;;;;;;;;;;;;;;
1;Tube 2;514010.0;514010.0;0.0;1401.0;False;F:\For Leo to analyse\09092025 hs\10092025\Analysis\2025-09-10_142109_tube2_cropped_8bits\5_1401_0_8bits.tiff;F:\For Leo to analyse\09092025 hs\10092025\Analysis\2025-09-10_142109_tube2_segmentationDebug\5_1401_0_segmented.tiff;1644.5;(79. 83);183.2964630126953;0.8922951709169832;45.75852304562479;0.615085618133726;0.8739096569995356;696.5004296901643;0.9656492609628008;0.920592425204957;0.915586682649602;;;;;;;;;;;;;;;;;;;;;;;;;;;;;;;;;;;;;
1;Tube 2;515020.0;;;;;;;;;;;;;;;;;;;;;;;;;;;;;;;;;;;515020.0;0.0;1502.0;False;F:\For Leo to analyse\09092025 hs\11092025 post laser\Analysis\2025-09-11_154251_tube2_cropped_8bits\5_1502_0_8bits.tiff;F:\For Leo to analyse\09092025 hs\11092025 post laser\Analysis\2025-09-11_154251_tube2_segmentationDebug\5_1502_0_segmented.tiff;1347.0;(74. 71);146.2253954410553;0.9489256780556534;41.41320642932957;0.7916475111338923;0.8780265450265713;987.3337250826588;0.982258101254706;0.9349547095956524;0.9020781505444904;84.69493278179938;37.0;Alive
1;Tube 2;515040.0;;;;;;;;;;;;;;;;;;515040.0;0.0;1504.0;False;F:\For Leo to analyse\09092025 hs\11092025 pre laser\Analysis\2025-09-11_114858_tube2_cropped_8bits\5_1504_0_8bits.tiff;F:\For Leo to analyse\09092025 hs\11092025 pre laser\Analysis\2025-09-11_114858_tube2_segmentationDebug\5_1504_0_segmented.tiff;1896.5;(85. 72);210.26702558994293;0.8285277413717781;49.1395848231366;0.5390392241073545;0.716212267125747;817.1752759816075;0.9554396026022032;0.9085826566328222;0.9113373410976108;;;;;;;;;;;;;;;;;;;;
1;Tube 2;612010.0;612010.0;0.0;1201.0;False;F:\For Leo to analyse\09092025 hs\10092025\Analysis\2025-09-10_142109_tube2_cropped_8bits\6_1201_0_8bits.tiff;F:\For Leo to analyse\09092025 hs\10092025\Analysis\2025-09-10_142109_tube2_segmentationDebug\6_1201_0_segmented.tiff;1876.5;(72. 75);232.9533174037933;0.8064030941125914;48.87979138351076;0.4345308687660706;0.8610347521668514;706.4745672825345;0.9537696538478484;0.9080784008525368;0.9017681481977295;;;;;;;;;;;;;;;;;;;;;;;;;;;;;;;;;;;;;
1;Tube 2;614010.0;;;;;;;;;;;;;;;;;;614010.0;0.0;1401.0;False;F:\For Leo to analyse\09092025 hs\11092025 pre laser\Analysis\2025-09-11_114858_tube2_cropped_8bits\6_1401_0_8bits.tiff;F:\For Leo to analyse\09092025 hs\11092025 pre laser\Analysis\2025-09-11_114858_tube2_segmentationDebug\6_1401_0_segmented.tiff;1920.0;(71. 62);201.6812391281128;0.8831646734130635;49.443097858968265;0.5931712464696831;0.6836553112520057;864.5887756775792;0.9539587239060064;0.9076017384152444;0.9107389257877528;;;;;;;;;;;;;;;;;;;;
1;Tube 2;709010.0;709010.0;0.0;901.0;False;F:\For Leo to analyse\09092025 hs\10092025\Analysis\2025-09-10_142109_tube2_cropped_8bits\7_0901_0_8bits.tiff;F:\For Leo to analyse\09092025 hs\10092025\Analysis\2025-09-10_142109_tube2_segmentationDebug\7_0901_0_segmented.tiff;1509.5;(70. 33);179.2964631319046;0.8817172897196262;43.84010826603566;0.5900645668339533;0.8113604642399578;665.2197794570191;0.9535654142398586;0.8987477124894365;0.8928783825655089;;;;;;;;;;;;;;;;;;709010.0;0.0;901.0;False;F:\For Leo to analyse\09092025 hs\11092025 post laser\Analysis\2025-09-11_154251_tube2_cropped_8bits\7_0901_0_8bits.tiff;F:\For Leo to analyse\09092025 hs\11092025 post laser\Analysis\2025-09-11_154251_tube2_segmentationDebug\7_0901_0_segmented.tiff;1969.0;(77. 77);245.1959581375122;0.7997562956945573;50.07003758320474;0.4115560272773361;0.8091793181315429;940.464412856727;0.9566848654562174;0.9042712843835924;0.895588831720979;50.637711134091695;51.0;Alive
1;Tube 2;711010.0;;;;;;;;;;;;;;;;;;711010.0;0.0;1101.0;False;F:\For Leo to analyse\09092025 hs\11092025 pre laser\Analysis\2025-09-11_114858_tube2_cropped_8bits\7_1101_0_8bits.tiff;F:\For Leo to analyse\09092025 hs\11092025 pre laser\Analysis\2025-09-11_114858_tube2_segmentationDebug\7_1101_0_segmented.tiff;1802.0;(82. 84);239.68123936653137;0.7508333333333334;47.899662416480176;0.3941817989946542;0.9028399969699936;744.2692975876896;0.9520976221655172;0.911454629047148;0.8936319058743286;;;;;;;;;;;;;;;;;;;;
1;Tube 2;805010.0;805010.0;0.0;501.0;False;F:\For Leo to analyse\09092025 hs\10092025\Analysis\2025-09-10_142109_tube2_cropped_8bits\8_0501_0_8bits.tiff;F:\For Leo to analyse\09092025 hs\10092025\Analysis\2025-09-10_142109_tube2_segmentationDebug\8_0501_0_segmented.tiff;1532.0;(75. 68);172.3675309419632;0.9143539242017308;44.16563123667847;0.6479741907531665;0.9455664279294556;708.7529224398791;0.9650110786571064;0.925910438532732;0.900244295118917;;;;;;;;;;;;;;;;;;;;;;;;;;;;;;;;;;;;;
1;Tube 2;806010.0;;;;;;;;;;;;;;;;;;;;;;;;;;;;;;;;;;;806010.0;0.0;601.0;False;F:\For Leo to analyse\09092025 hs\11092025 post laser\Analysis\2025-09-11_154251_tube2_cropped_8bits\8_0601_0_8bits.tiff;F:\For Leo to analyse\09092025 hs\11092025 post laser\Analysis\2025-09-11_154251_tube2_segmentationDebug\8_0601_0_segmented.tiff;1836.0;(77. 96);264.85281205177307;0.7437715211667004;48.34943437242838;0.3289071875356354;0.6168142467552482;883.3570020342561;0.958782796727068;0.9093405719329553;0.8759039318206965;58.14374353671148;63.0;Alive
1;Tube 2;808010.0;;;;;;;;;;;;;;;;;;808010.0;0.0;801.0;False;F:\For Leo to analyse\09092025 hs\11092025 pre laser\Analysis\2025-09-11_114858_tube2_cropped_8bits\8_0801_0_8bits.tiff;F:\For Leo to analyse\09092025 hs\11092025 pre laser\Analysis\2025-09-11_114858_tube2_segmentationDebug\8_0801_0_segmented.tiff;1569.0;(81. 82);206.02438509464264;0.8199634178207473;44.695781072596446;0.4645105202875024;0.7001339249110633;1003.8441144142008;0.9656029344767102;0.9231227321312924;0.8941063939640183;;;;;;;;;;;;;;;;;;;;
1;Tube 2;902020.0;902020.0;0.0;202.0;False;F:\For Leo to analyse\09092025 hs\10092025\Analysis\2025-09-10_142109_tube2_cropped_8bits\9_0202_0_8bits.tiff;F:\For Leo to analyse\09092025 hs\10092025\Analysis\2025-09-10_142109_tube2_segmentationDebug\9_0202_0_segmented.tiff;1425.0;(82. 78);182.22539567947388;0.8338209479227618;42.59537945889914;0.5392708241317208;0.8106446748687376;477.8866211802058;0.9682794869252496;0.9302872512418844;0.911909672015658;;;;;;;;;;;;;;;;;;;;;;;;;;;;;;;;;;;;;
1;Tube 2;903010.0;;;;;;;;;;;;;;;;;;;;;;;;;;;;;;;;;;;903010.0;0.0;301.0;False;F:\For Leo to analyse\09092025 hs\11092025 post laser\Analysis\2025-09-11_154251_tube2_cropped_8bits\9_0301_0_8bits.tiff;F:\For Leo to analyse\09092025 hs\11092025 post laser\Analysis\2025-09-11_154251_tube2_segmentationDebug\9_0301_0_segmented.tiff;2511.5;(66. 95);387.5218588113785;0.6267781382580484;56.54857307308789;0.2101602794473651;0.7665567790601566;717.0543112845821;0.9426170875283086;0.8748228997495205;0.8896531158958828;10.698896932092381;61.0;Dead
1;Tube 2;905010.0;;;;;;;;;;;;;;;;;;905010.0;0.0;501.0;False;F:\For Leo to analyse\09092025 hs\11092025 pre laser\Analysis\2025-09-11_114858_tube2_cropped_8bits\9_0501_0_8bits.tiff;F:\For Leo to analyse\09092025 hs\11092025 pre laser\Analysis\2025-09-11_114858_tube2_segmentationDebug\9_0501_0_segmented.tiff;2038.5;(74. 86);229.4385985136032;0.8211480362537764;50.946038235986805;0.4866173814965324;0.5976128306628788;660.4568868349866;0.951940440132588;0.9011371238334004;0.908183782811079;;;;;;;;;;;;;;;;;;;;
1;Tube 3;1002040.0;;;;;;;;;;;;;;;;;;1002040.0;0.0;204.0;False;F:\For Leo to analyse\09092025 hs\11092025 pre laser\Analysis\2025-09-11_113856_tube3_cropped_8bits\10_0204_0_8bits.tiff;F:\For Leo to analyse\09092025 hs\11092025 pre laser\Analysis\2025-09-11_113856_tube3_segmentationDebug\10_0204_0_segmented.tiff;1177.5;(79. 65);161.9827550649643;0.8725453871804372;38.72001503002877;0.5639404118353587;0.7282556301124472;481.03960758594303;0.9802895807222696;0.9420877807105712;0.9184668485911222;;;;;;;;;;;;;;;;;;;;
1;Tube 3;1002050.0;1002050.0;0.0;205.0;False;F:\For Leo to analyse\09092025 hs\10092025\Analysis\2025-09-10_143201_tube3_cropped_8bits\9_0205_0_8bits.tiff;F:\For Leo to analyse\09092025 hs\10092025\Analysis\2025-09-10_143201_tube3_segmentationDebug\9_0205_0_segmented.tiff;1004.0;(78. 66);142.911687374115;0.8610634648370498;35.75377606511099;0.617743355508173;0.854237855677223;556.5893842706828;0.9776158555686544;0.9502106201851728;0.8984290605232517;;;;;;;;;;;;;;;;;;1002050.0;0.0;205.0;False;F:\For Leo to analyse\09092025 hs\11092025 post laser\Analysis\2025-09-11_155230_tube3_cropped_8bits\10_0205_0_8bits.tiff;F:\For Leo to analyse\09092025 hs\11092025 post laser\Analysis\2025-09-11_155230_tube3_segmentationDebug\10_0205_0_segmented.tiff;1032.0;(69. 75);158.56854140758514;0.8295819935691319;36.24890633062862;0.5157693123882626;0.7896216424637583;822.2230265260467;0.979804628412919;0.948805866395419;0.8881124856601222;30.136159944846604;61.0;Dead
1;Tube 3;105050.0;105050.0;0.0;505.0;False;F:\For Leo to analyse\09092025 hs\10092025\Analysis\2025-09-10_143201_tube3_cropped_8bits\1_0505_0_8bits.tiff;F:\For Leo to analyse\09092025 hs\10092025\Analysis\2025-09-10_143201_tube3_segmentationDebug\1_0505_0_segmented.tiff;2497.5;(76. 79);238.2670258283615;0.8414757412398922;56.39074181970005;0.5528247438823346;0.9185878381812944;746.2996372893574;0.9466854871543036;0.8806887293870383;0.9066094744461568;105050.0;0.0;505.0;False;F:\For Leo to analyse\09092025 hs\11092025 pre laser\Analysis\2025-09-11_113856_tube3_cropped_8bits\1_0505_0_8bits.tiff;F:\For Leo to analyse\09092025 hs\11092025 pre laser\Analysis\2025-09-11_113856_tube3_segmentationDebug\1_0505_0_segmented.tiff;2607.5;(76. 74);290.7523069381714;0.8072755417956656;57.61919916917395;0.387603636168986;0.6547576013583106;745.3591231032988;0.9359554749068716;0.8556762468479031;0.9015455108133767;;;;;;;;;;;;;;;;;;;;
1;Tube 3;106050.0;;;;;;;;;;;;;;;;;;;;;;;;;;;;;;;;;;;106050.0;0.0;605.0;False;F:\For Leo to analyse\09092025 hs\11092025 post laser\Analysis\2025-09-11_155230_tube3_cropped_8bits\1_0605_0_8bits.tiff;F:\For Leo to analyse\09092025 hs\11092025 post laser\Analysis\2025-09-11_155230_tube3_segmentationDebug\1_0605_0_segmented.tiff;2271.5;(74. 76);237.78174448013303;0.8087947302830693;53.77883994533465;0.504853750965293;0.7996517821936735;789.3470839022841;0.9561403208980304;0.8910205274230086;0.9118683509189764;105.906009422038;37.0;Alive
1;Tube 3;1102070.0;;;;;;;;;;;;;;;;;;1102070.0;0.0;207.0;False;F:\For Leo to analyse\09092025 hs\11092025 pre laser\Analysis\2025-09-11_113856_tube3_cropped_8bits\11_0207_0_8bits.tiff;F:\For Leo to analyse\09092025 hs\11092025 pre laser\Analysis\2025-09-11_113856_tube3_segmentationDebug\11_0207_0_segmented.tiff;874.5;(76. 69);150.32590079307556;0.829696394686907;33.36836798332966;0.4862975123763018;0.7868812841669848;522.1515873488397;0.9859532067765784;0.9559976514571884;0.9217198827614618;;;;;;;;;;;;;;;;;;;;
1;Tube 3;1102080.0;1102080.0;0.0;208.0;False;F:\For Leo to analyse\09092025 hs\10092025\Analysis\2025-09-10_143201_tube3_cropped_8bits\10_0208_0_8bits.tiff;F:\For Leo to analyse\09092025 hs\10092025\Analysis\2025-09-10_143201_tube3_segmentationDebug\10_0208_0_segmented.tiff;672.5;(77. 72);111.49747383594512;0.9014745308310992;29.26181118513338;0.6797858135636864;0.7944171730600573;551.9836805555556;0.9865207295302836;0.9662547697721874;0.9056201124153238;;;;;;;;;;;;;;;;;;1102080.0;0.0;208.0;False;F:\For Leo to analyse\09092025 hs\11092025 post laser\Analysis\2025-09-11_155230_tube3_cropped_8bits\11_0208_0_8bits.tiff;F:\For Leo to analyse\09092025 hs\11092025 post laser\Analysis\2025-09-11_155230_tube3_segmentationDebug\11_0208_0_segmented.tiff;1070.0;(104. 75);146.91168701648712;0.8802961744138215;36.910246719124274;0.6229898198399278;0.8244787001060204;562.5796673431096;0.9784750439041794;0.9471915667541831;0.9058982016969398;14.601286912558887;52.0;Dead
1;Tube 3;1202100.0;;;;;;;;;;;;;;;;;;1202100.0;0.0;210.0;False;F:\For Leo to analyse\09092025 hs\11092025 pre laser\Analysis\2025-09-11_113856_tube3_cropped_8bits\12_0210_0_8bits.tiff;F:\For Leo to analyse\09092025 hs\11092025 pre laser\Analysis\2025-09-11_113856_tube3_segmentationDebug\12_0210_0_segmented.tiff;1168.0;(76. 77);171.88224959373474;0.7978142076502732;38.56350331920935;0.4968103657153437;0.5690927949787249;447.60698113924445;0.9783770614308318;0.9423222020261818;0.9239421407427248;;;;;;;;;;;;;;;;;;;;
1;Tube 3;1202110.0;1202110.0;0.0;211.0;False;F:\For Leo to analyse\09092025 hs\10092025\Analysis\2025-09-10_143201_tube3_cropped_8bits\11_0211_0_8bits.tiff;F:\For Leo to analyse\09092025 hs\10092025\Analysis\2025-09-10_143201_tube3_segmentationDebug\11_0211_0_segmented.tiff;896.5;(83. 83);139.8406196832657;0.861604997597309;33.78548877632338;0.576094167429818;0.9268520742132672;265.992632965397;0.9833024266514993;0.955333797604234;0.9227539682630664;;;;;;;;;;;;;;;;;;1202110.0;0.0;211.0;False;F:\For Leo to analyse\09092025 hs\11092025 post laser\Analysis\2025-09-11_155230_tube3_cropped_8bits\12_0211_0_8bits.tiff;F:\For Leo to analyse\09092025 hs\11092025 post laser\Analysis\2025-09-11_155230_tube3_segmentationDebug\12_0211_0_segmented.tiff;1017.0;(97. 85);138.56854128837583;0.9060133630289532;35.98450523483212;0.6655819359739078;0.91159701997403;509.8325381556772;0.9821361699030868;0.9500871384351764;0.9186976262277464;43.01964839710445;54.0;Dead
1;Tube 3;1302130.0;;;;;;;;;;;;;;;;;;1302130.0;0.0;213.0;False;F:\For Leo to analyse\09092025 hs\11092025 pre laser\Analysis\2025-09-11_113856_tube3_cropped_8bits\13_0213_0_8bits.tiff;F:\For Leo to analyse\09092025 hs\11092025 pre laser\Analysis\2025-09-11_113856_tube3_segmentationDebug\13_0213_0_segmented.tiff;955.0;(86. 86);120.42640590667725;0.9607645875251508;34.870385217575105;0.8275033970611155;0.9438649016981216;547.7050894854585;0.9801865070823926;0.9533087042499648;0.9100304823510657;;;;;;;;;;;;;;;;;;;;
1;Tube 3;1302140.0;1302140.0;0.0;214.0;False;F:\For Leo to analyse\09092025 hs\10092025\Analysis\2025-09-10_143201_tube3_cropped_8bits\12_0214_0_8bits.tiff;F:\For Leo to analyse\09092025 hs\10092025\Analysis\2025-09-10_143201_tube3_segmentationDebug\12_0214_0_segmented.tiff;809.0;(80. 72);114.42640602588654;0.9556999409332546;32.09440436728413;0.7764363699783264;0.7276639623007444;529.7059768427919;0.9831469513197726;0.960085997029024;0.9098748629124516;;;;;;;;;;;;;;;;;;1302140.0;0.0;214.0;False;F:\For Leo to analyse\09092025 hs\11092025 post laser\Analysis\2025-09-11_155230_tube3_cropped_8bits\13_0214_0_8bits.tiff;F:\For Leo to analyse\09092025 hs\11092025 post laser\Analysis\2025-09-11_155230_tube3_segmentationDebug\13_0214_0_segmented.tiff;1278.0;(81. 73);221.68123924732208;0.6900647948164147;40.3385688661799;0.3268005935734349;0.7598318359484888;680.3398648949926;0.9717650825595554;0.9354977514783692;0.8725480868117257;10.463633229920717;58.0;Dead
1;Tube 3;1402160.0;;;;;;;;;;;;;;;;;;1402160.0;0.0;216.0;False;F:\For Leo to analyse\09092025 hs\11092025 pre laser\Analysis\2025-09-11_113856_tube3_cropped_8bits\14_0216_0_8bits.tiff;F:\For Leo to analyse\09092025 hs\11092025 pre laser\Analysis\2025-09-11_113856_tube3_segmentationDebug\14_0216_0_segmented.tiff;1273.0;(68. 76);154.9116872549057;0.9131994261119082;40.25958197060499;0.6666070452244098;0.8130229224065925;303.858611455046;0.9693577535559964;0.9379152318615798;0.92225268391964;;;;;;;;;;;;;;;;;;;;
1;Tube 3;1402170.0;1402170.0;0.0;217.0;False;F:\For Leo to analyse\09092025 hs\10092025\Analysis\2025-09-10_143201_tube3_cropped_8bits\13_0217_0_8bits.tiff;F:\For Leo to analyse\09092025 hs\10092025\Analysis\2025-09-10_143201_tube3_segmentationDebug\13_0217_0_segmented.tiff;1034.0;(71. 73);139.25483322143555;0.9006968641114983;36.2840142384516;0.6700540673775516;0.8784684712388279;462.88964810918105;0.976239580046638;0.9490834136979108;0.912413820596785;;;;;;;;;;;;;;;;;;1402170.0;0.0;217.0;False;F:\For Leo to analyse\09092025 hs\11092025 post laser\Analysis\2025-09-11_155230_tube3_cropped_8bits\14_0217_0_8bits.tiff;F:\For Leo to analyse\09092025 hs\11092025 post laser\Analysis\2025-09-11_155230_tube3_segmentationDebug\14_0217_0_segmented.tiff;997.5;(79. 68);137.49747347831726;0.9080564406008192;35.63785130831157;0.6630302335292726;0.7896279926622402;774.2801792114697;0.9800966447330444;0.9506908469621476;0.8606253643560515;40.18154659312881;60.0;Dead
1;Tube 3;1502190.0;;;;;;;;;;;;;;;;;;1502190.0;0.0;219.0;False;F:\For Leo to analyse\09092025 hs\11092025 pre laser\Analysis\2025-09-11_113856_tube3_cropped_8bits\15_0219_0_8bits.tiff;F:\For Leo to analyse\09092025 hs\11092025 pre laser\Analysis\2025-09-11_113856_tube3_segmentationDebug\15_0219_0_segmented.tiff;952.0;(63. 56);150.9116872549057;0.8372911169744943;34.815571898044055;0.5252923341282464;0.8506797247026553;712.8702811952967;0.9791014449512851;0.9524876620054932;0.8999556649505306;;;;;;;;;;;;;;;;;;;;
1;Tube 3;1502200.0;1502200.0;0.0;220.0;False;F:\For Leo to analyse\09092025 hs\10092025\Analysis\2025-09-10_143201_tube3_cropped_8bits\14_0220_0_8bits.tiff;F:\For Leo to analyse\09092025 hs\10092025\Analysis\2025-09-10_143201_tube3_segmentationDebug\14_0220_0_segmented.tiff;749.0;(75. 72);116.4264063835144;0.9111922141119222;30.881327999401787;0.6943663981409773;0.7166091662119002;581.5710688470199;0.9827627214245916;0.9626710541292532;0.8971833341585551;;;;;;;;;;;;;;;;;;1502200.0;0.0;220.0;False;F:\For Leo to analyse\09092025 hs\11092025 post laser\Analysis\2025-09-11_155230_tube3_cropped_8bits\15_0220_0_8bits.tiff;F:\For Leo to analyse\09092025 hs\11092025 post laser\Analysis\2025-09-11_155230_tube3_segmentationDebug\15_0220_0_segmented.tiff;1145.5;(82. 82);184.46803629398343;0.7685340489768534;38.190259209569774;0.4230217604804173;0.706187356435039;649.21056608563;0.9756055238688984;0.9426267796480498;0.9013173193664362;10.362805928990003;56.0;Dead
1;Tube 3;1602220.0;1602220.0;0.0;222.0;False;F:\For Leo to analyse\09092025 hs\10092025\Analysis\2025-09-10_143201_tube3_cropped_8bits\15_0222_0_8bits.tiff;F:\For Leo to analyse\09092025 hs\10092025\Analysis\2025-09-10_143201_tube3_segmentationDebug\15_0222_0_segmented.tiff;1055.5;(69. 67);155.15432822704315;0.8658736669401148;36.659300858962986;0.5509856791339492;0.8053915086819581;530.7949792278587;0.9700767041551356;0.9281568709993784;0.9214290888264666;1602220.0;0.0;222.0;False;F:\For Leo to analyse\09092025 hs\11092025 pre laser\Analysis\2025-09-11_113856_tube3_cropped_8bits\16_0222_0_8bits.tiff;F:\For Leo to analyse\09092025 hs\11092025 pre laser\Analysis\2025-09-11_113856_tube3_segmentationDebug\16_0222_0_segmented.tiff;955.5;(89. 78);130.81118190288544;0.9218523878437048;34.87951239616815;0.7016989330848034;0.9639749539963076;677.0561272500986;0.9791936411372654;0.9529824797468224;0.8856780065488501;;;;;;;;;;;;;;;;;;;;
1;Tube 3;1603240.0;;;;;;;;;;;;;;;;;;;;;;;;;;;;;;;;;;;1603240.0;0.0;324.0;False;F:\For Leo to analyse\09092025 hs\11092025 post laser\Analysis\2025-09-11_155230_tube3_cropped_8bits\16_0324_0_8bits.tiff;F:\For Leo to analyse\09092025 hs\11092025 post laser\Analysis\2025-09-11_155230_tube3_segmentationDebug\16_0324_0_segmented.tiff;921.5;(65. 68);136.32590079307556;0.8788745827372437;34.25332451709546;0.6230866574249078;0.9320283325511788;836.6242610011388;0.979763491585363;0.954325351081228;0.8707114666188169;31.629897736412733;53.0;Dead
1;Tube 3;1704240.0;1704240.0;0.0;424.0;False;F:\For Leo to analyse\09092025 hs\10092025\Analysis\2025-09-10_143201_tube3_cropped_8bits\16_0424_0_8bits.tiff;F:\For Leo to analyse\09092025 hs\10092025\Analysis\2025-09-10_143201_tube3_segmentationDebug\16_0424_0_segmented.tiff;829.0;(86. 65);139.25483322143555;0.8390688259109311;32.48869930584249;0.5372096923172053;0.8892897061197825;631.963919828914;0.9795460545957704;0.9582413512760588;0.8934937070514514;1704240.0;0.0;424.0;False;F:\For Leo to analyse\09092025 hs\11092025 pre laser\Analysis\2025-09-11_113856_tube3_cropped_8bits\17_0424_0_8bits.tiff;F:\For Leo to analyse\09092025 hs\11092025 pre laser\Analysis\2025-09-11_113856_tube3_segmentationDebug\17_0424_0_segmented.tiff;905.5;(80. 74);150.18376529216766;0.7922134733158355;33.954652225544734;0.5044897441455619;0.7279956598145724;676.8761812934968;0.9785959870409976;0.954718175635679;0.907835841065598;;;;;;;;;;;;;;;;;;;;
1;Tube 3;1705240.0;;;;;;;;;;;;;;;;;;;;;;;;;;;;;;;;;;;1705240.0;0.0;524.0;False;F:\For Leo to analyse\09092025 hs\11092025 post laser\Analysis\2025-09-11_155230_tube3_cropped_8bits\17_0524_0_8bits.tiff;F:\For Leo to analyse\09092025 hs\11092025 post laser\Analysis\2025-09-11_155230_tube3_segmentationDebug\17_0524_0_segmented.tiff;1013.0;(70. 79);193.3969684839249;0.7022530329289428;35.91366952591617;0.3403454782128907;0.6768401854104945;792.3265353596282;0.97503629860748;0.9484113048794168;0.8744679261531239;7.37533034585775;64.0;Dead
1;Tube 3;1806240.0;;;;;;;;;;;;;;;;;;1806240.0;0.0;624.0;False;F:\For Leo to analyse\09092025 hs\11092025 pre laser\Analysis\2025-09-11_113856_tube3_cropped_8bits\18_0624_0_8bits.tiff;F:\For Leo to analyse\09092025 hs\11092025 pre laser\Analysis\2025-09-11_113856_tube3_segmentationDebug\18_0624_0_segmented.tiff;1270.0;(71. 87);156.9116872549057;0.8968926553672316;40.212115361090575;0.6481910054116437;0.609612122067214;617.5542972674302;0.9697299960756957;0.9381811101939358;0.9146723119306324;;;;;;;;;;;;;;;;;;;;
1;Tube 3;1807240.0;1807240.0;0.0;724.0;False;F:\For Leo to analyse\09092025 hs\10092025\Analysis\2025-09-10_143201_tube3_cropped_8bits\17_0724_0_8bits.tiff;F:\For Leo to analyse\09092025 hs\10092025\Analysis\2025-09-10_143201_tube3_segmentationDebug\17_0724_0_segmented.tiff;1157.5;(79. 70);165.982754945755;0.8244301994301995;38.38977432899223;0.5279647487411511;0.7308936901854758;565.9870051920655;0.9736719888850304;0.9426551834308666;0.9132323705852275;;;;;;;;;;;;;;;;;;;;;;;;;;;;;;;;;;;;;
1;Tube 3;1808240.0;;;;;;;;;;;;;;;;;;;;;;;;;;;;;;;;;;;1808240.0;0.0;824.0;False;F:\For Leo to analyse\09092025 hs\11092025 post laser\Analysis\2025-09-11_155230_tube3_cropped_8bits\18_0824_0_8bits.tiff;F:\For Leo to analyse\09092025 hs\11092025 post laser\Analysis\2025-09-11_155230_tube3_segmentationDebug\18_0824_0_segmented.tiff;802.0;(71. 87);122.42640578746796;0.8911111111111111;31.955251757380985;0.6724097979787924;0.7961131678847673;661.7820349566948;0.9787338375523446;0.959984679517641;0.8721854679345985;16.319085372859934;58.0;Dead
1;Tube 3;1910240.0;1910240.0;0.0;1024.0;False;F:\For Leo to analyse\09092025 hs\10092025\Analysis\2025-09-10_143201_tube3_cropped_8bits\18_1024_0_8bits.tiff;F:\For Leo to analyse\09092025 hs\10092025\Analysis\2025-09-10_143201_tube3_segmentationDebug\18_1024_0_segmented.tiff;889.0;(70. 77);132.0832599401474;0.875;33.64386950500135;0.6403480135497678;0.6499198029922053;431.7111312912261;0.9775392122302076;0.9560459302506418;0.91300431735555;;;;;;;;;;;;;;;;;;1910240.0;0.0;1024.0;False;F:\For Leo to analyse\09092025 hs\11092025 post laser\Analysis\2025-09-11_155230_tube3_cropped_8bits\19_1024_0_8bits.tiff;F:\For Leo to analyse\09092025 hs\11092025 post laser\Analysis\2025-09-11_155230_tube3_segmentationDebug\19_1024_0_segmented.tiff;968.0;(75. 78);147.74011421203613;0.8461538461538461;35.10692067532608;0.5572991241089272;0.6840964485318806;632.8659598624871;0.9739817316544976;0.944183419500384;0.8896023603576463;17.588762495691142;48.0;Dead
1;Tube 3;2012240.0;;;;;;;;;;;;;;;;;;2012240.0;0.0;1224.0;False;F:\For Leo to analyse\09092025 hs\11092025 pre laser\Analysis\2025-09-11_113856_tube3_cropped_8bits\20_1224_0_8bits.tiff;F:\For Leo to analyse\09092025 hs\11092025 pre laser\Analysis\2025-09-11_113856_tube3_segmentationDebug\20_1224_0_segmented.tiff;1199.5;(76. 80);175.63960897922516;0.8295297372060858;39.08005672859019;0.4886131975333534;0.5316962528640922;622.5994974758669;0.9709124247426142;0.9402328142787398;0.8965521853495119;;;;;;;;;;;;;;;;;;;;
1;Tube 3;209050.0;209050.0;0.0;905.0;False;F:\For Leo to analyse\09092025 hs\10092025\Analysis\2025-09-10_143201_tube3_cropped_8bits\2_0905_0_8bits.tiff;F:\For Leo to analyse\09092025 hs\10092025\Analysis\2025-09-10_143201_tube3_segmentationDebug\2_0905_0_segmented.tiff;2444.5;(84. 84);237.4385987520218;0.8657694350982823;55.78919310319074;0.5448754797371179;0.8457087621035343;700.6587441294942;0.9496341628088462;0.883141014129992;0.9179308315887228;209050.0;0.0;905.0;False;F:\For Leo to analyse\09092025 hs\11092025 pre laser\Analysis\2025-09-11_113856_tube3_cropped_8bits\2_0905_0_8bits.tiff;F:\For Leo to analyse\09092025 hs\11092025 pre laser\Analysis\2025-09-11_113856_tube3_segmentationDebug\2_0905_0_segmented.tiff;2225.0;(74. 82);247.68123924732208;0.8166636080014682;53.22553886092405;0.4557783117836976;0.6987358917934675;523.3123882496989;0.9492021837488483;0.8919691056789124;0.8945669978672134;209050.0;0.0;905.0;False;F:\For Leo to analyse\09092025 hs\11092025 post laser\Analysis\2025-09-11_155230_tube3_cropped_8bits\2_0905_0_8bits.tiff;F:\For Leo to analyse\09092025 hs\11092025 post laser\Analysis\2025-09-11_155230_tube3_segmentationDebug\2_0905_0_segmented.tiff;1701.5;(77. 115);188.12489008903503;0.8868908001042481;46.5447858021377;0.6041562867582798;0.7615185775085511;768.0885154284806;0.9628738530237302;0.917520752537198;0.8823249248415919;117.18372974836264;37.0;Alive
1;Tube 3;312050.0;312050.0;0.0;1205.0;False;F:\For Leo to analyse\09092025 hs\10092025\Analysis\2025-09-10_143201_tube3_cropped_8bits\3_1205_0_8bits.tiff;F:\For Leo to analyse\09092025 hs\10092025\Analysis\2025-09-10_143201_tube3_segmentationDebug\3_1205_0_segmented.tiff;2282.5;(79. 82);219.78174448013303;0.8848614072494669;53.90889778930755;0.5937962052330231;0.7718417013836385;750.6004465155236;0.948390725296128;0.8905091314636393;0.9037655574579742;312050.0;0.0;1205.0;False;F:\For Leo to analyse\09092025 hs\11092025 pre laser\Analysis\2025-09-11_113856_tube3_cropped_8bits\3_1205_0_8bits.tiff;F:\For Leo to analyse\09092025 hs\11092025 pre laser\Analysis\2025-09-11_113856_tube3_segmentationDebug\3_1205_0_segmented.tiff;2215.5;(79. 84);235.09545266628265;0.8537572254335261;53.11178975859082;0.5037245999852462;0.689041669001709;909.8793769974204;0.9479128503980708;0.8931236766294897;0.8879865485526742;312050.0;0.0;1205.0;False;F:\For Leo to analyse\09092025 hs\11092025 post laser\Analysis\2025-09-11_155230_tube3_cropped_8bits\3_1205_0_8bits.tiff;F:\For Leo to analyse\09092025 hs\11092025 post laser\Analysis\2025-09-11_155230_tube3_segmentationDebug\3_1205_0_segmented.tiff;2274.0;(74. 75);240.36753106117249;0.8175444903828869;53.80842614988623;0.4945938582827881;0.9198051619734682;816.858093693785;0.9523444549958564;0.8906458436258058;0.8966671553763302;109.49098012179708;37.0;Alive
1;Tube 3;415040.0;415040.0;0.0;1504.0;False;F:\For Leo to analyse\09092025 hs\10092025\Analysis\2025-09-10_143201_tube3_cropped_8bits\4_1504_0_8bits.tiff;F:\For Leo to analyse\09092025 hs\10092025\Analysis\2025-09-10_143201_tube3_segmentationDebug\4_1504_0_segmented.tiff;2066.5;(69. 77);211.4385989904404;0.8601456815816857;51.29473188540139;0.5808670327886559;0.8818287691316019;809.8415108647084;0.9521064034813984;0.9006162688564211;0.8966045649392346;415040.0;0.0;1504.0;False;F:\For Leo to analyse\09092025 hs\11092025 pre laser\Analysis\2025-09-11_113856_tube3_cropped_8bits\4_1504_0_8bits.tiff;F:\For Leo to analyse\09092025 hs\11092025 pre laser\Analysis\2025-09-11_113856_tube3_segmentationDebug\4_1504_0_segmented.tiff;1992.5;(69. 74);238.9533174037933;0.8194530125436973;50.36794410023911;0.4385125888307105;0.7014820103792971;890.5751959494244;0.9532318951567964;0.902967593939172;0.8863245765663971;415040.0;0.0;1504.0;False;F:\For Leo to analyse\09092025 hs\11092025 post laser\Analysis\2025-09-11_155230_tube3_cropped_8bits\4_1504_0_8bits.tiff;F:\For Leo to analyse\09092025 hs\11092025 post laser\Analysis\2025-09-11_155230_tube3_segmentationDebug\4_1504_0_segmented.tiff;2352.5;(82. 75);238.9533176422119;0.852509512592861;54.7292977205945;0.5177419639476346;0.7548716925460448;605.0866082575769;0.9483781214156723;0.8872749248325379;0.8988632593929312;112.32908192577273;37.0;Alive
1;Tube 3;514010.0;514010.0;0.0;1401.0;False;F:\For Leo to analyse\09092025 hs\10092025\Analysis\2025-09-10_143201_tube3_cropped_8bits\5_1401_0_8bits.tiff;F:\For Leo to analyse\09092025 hs\10092025\Analysis\2025-09-10_143201_tube3_segmentationDebug\5_1401_0_segmented.tiff;1954.0;(75. 75);186.2253955602646;0.9260663507109004;49.8789541832275;0.7080380748162276;0.8920743654238851;816.6519707905202;0.9607294203994388;0.9066128397686511;0.902213097460252;514010.0;0.0;1401.0;False;F:\For Leo to analyse\09092025 hs\11092025 pre laser\Analysis\2025-09-11_113856_tube3_cropped_8bits\5_1401_0_8bits.tiff;F:\For Leo to analyse\09092025 hs\11092025 pre laser\Analysis\2025-09-11_113856_tube3_segmentationDebug\5_1401_0_segmented.tiff;2159.0;(81. 87);259.33809328079224;0.7889640051160242;52.43018383606161;0.4033944134150461;0.6594809215244405;809.7915793622803;0.9532313915828;0.8949989089434102;0.882865795930499;514010.0;0.0;1401.0;False;F:\For Leo to analyse\09092025 hs\11092025 post laser\Analysis\2025-09-11_155230_tube3_cropped_8bits\5_1401_0_8bits.tiff;F:\For Leo to analyse\09092025 hs\11092025 post laser\Analysis\2025-09-11_155230_tube3_segmentationDebug\5_1401_0_segmented.tiff;1840.0;(65. 72);184.36753058433533;0.9120198265179678;48.402073946399234;0.6802347425133464;0.8436852193281255;961.6995655080216;0.9625738857691508;0.9115974876723014;0.8649852673872379;110.98471791336321;37.0;Alive
1;Tube 3;611010.0;611010.0;0.0;1101.0;False;F:\For Leo to analyse\09092025 hs\10092025\Analysis\2025-09-10_143201_tube3_cropped_8bits\6_1101_0_8bits.tiff;F:\For Leo to analyse\09092025 hs\10092025\Analysis\2025-09-10_143201_tube3_segmentationDebug\6_1101_0_segmented.tiff;1730.5;(61. 33);209.63960933685303;0.8313716070141725;46.93975960914371;0.4948058028676081;0.8383386189846214;508.9338049921614;0.9606104333021648;0.9156498807089752;0.9052840675389072;;;;;;;;;;;;;;;;;;611010.0;0.0;1101.0;False;F:\For Leo to analyse\09092025 hs\11092025 post laser\Analysis\2025-09-11_155230_tube3_cropped_8bits\6_1101_0_8bits.tiff;F:\For Leo to analyse\09092025 hs\11092025 post laser\Analysis\2025-09-11_155230_tube3_segmentationDebug\6_1101_0_segmented.tiff;1974.5;(78. 70);207.2964630126953;0.8758039476602351;50.13991903742545;0.5774085601291841;0.7018288166267661;962.9333233577524;0.961243272024796;0.9048291997200556;0.8795734322668466;53.69987360680225;64.0;Alive
1;Tube 3;708010.0;;;;;;;;;;;;;;;;;;;;;;;;;;;;;;;;;;;708010.0;0.0;801.0;False;F:\For Leo to analyse\09092025 hs\11092025 post laser\Analysis\2025-09-11_155230_tube3_cropped_8bits\7_0801_0_8bits.tiff;F:\For Leo to analyse\09092025 hs\11092025 post laser\Analysis\2025-09-11_155230_tube3_segmentationDebug\7_0801_0_segmented.tiff;1676.5;(73. 73);201.2964632511139;0.834910358565737;46.20158110658661;0.5199255176145743;0.9377232473375262;913.4032687540172;0.9678244752086048;0.9185483401301012;0.8768418847960493;41.899345053429855;52.0;Dead
1;Tube 3;709010.0;;;;;;;;;;;;;;;;;;709010.0;0.0;901.0;False;F:\For Leo to analyse\09092025 hs\11092025 pre laser\Analysis\2025-09-11_113856_tube3_cropped_8bits\7_0901_0_8bits.tiff;F:\For Leo to analyse\09092025 hs\11092025 pre laser\Analysis\2025-09-11_113856_tube3_segmentationDebug\7_0901_0_segmented.tiff;1561.5;(77. 78);183.2964632511139;0.8672590946959178;44.58882762648012;0.5840414656231264;0.8134093782638142;723.5800712502667;0.9645779794070166;0.9240447543632306;0.8996636119648301;;;;;;;;;;;;;;;;;;;;
1;Tube 3;805010.0;805010.0;0.0;501.0;False;F:\For Leo to analyse\09092025 hs\10092025\Analysis\2025-09-10_143201_tube3_cropped_8bits\7_0501_0_8bits.tiff;F:\For Leo to analyse\09092025 hs\10092025\Analysis\2025-09-10_143201_tube3_segmentationDebug\7_0501_0_segmented.tiff;1200.5;(78. 72);147.1543275117874;0.9122340425531916;39.096343479340405;0.6966681429986338;0.8908044940017136;638.0981481481483;0.9721294118007396;0.9415330810642368;0.896692687804694;;;;;;;;;;;;;;;;;;;;;;;;;;;;;;;;;;;;;
1;Tube 3;806010.0;;;;;;;;;;;;;;;;;;806010.0;0.0;601.0;False;F:\For Leo to analyse\09092025 hs\11092025 pre laser\Analysis\2025-09-11_113856_tube3_cropped_8bits\8_0601_0_8bits.tiff;F:\For Leo to analyse\09092025 hs\11092025 pre laser\Analysis\2025-09-11_113856_tube3_segmentationDebug\8_0601_0_segmented.tiff;1488.5;(82. 72);207.78174459934235;0.7896551724137931;43.53409080638173;0.4332553419369905;0.8821684815999866;692.0416544302977;0.96566707150434;0.9267619180287548;0.8994630861704034;;;;;;;;;;;;;;;;;;;;
1;Tube 3;902020.0;902020.0;0.0;202.0;False;F:\For Leo to analyse\09092025 hs\10092025\Analysis\2025-09-10_143201_tube3_cropped_8bits\8_0202_0_8bits.tiff;F:\For Leo to analyse\09092025 hs\10092025\Analysis\2025-09-10_143201_tube3_segmentationDebug\8_0202_0_segmented.tiff;1186.0;(46. 105);148.0832600593567;0.9126587148903424;38.85951749643713;0.6796457716566082;0.9127793038438006;620.6499682688132;0.9761015867308954;0.9420931542226744;0.9083034078696548;;;;;;;;;;;;;;;;;;902020.0;0.0;202.0;False;F:\For Leo to analyse\09092025 hs\11092025 post laser\Analysis\2025-09-11_155230_tube3_cropped_8bits\9_0202_0_8bits.tiff;F:\For Leo to analyse\09092025 hs\11092025 post laser\Analysis\2025-09-11_155230_tube3_segmentationDebug\9_0202_0_segmented.tiff;1204.5;(72. 67);167.63960874080658;0.8426023084994754;39.16142274782038;0.5385963318075168;0.8348635339947299;541.2723179432883;0.984091221106618;0.9409492915235144;0.9062978621123574;8.14087096403539;61.0;Dead
1;Tube 3;903010.0;;;;;;;;;;;;;;;;;;903010.0;0.0;301.0;False;F:\For Leo to analyse\09092025 hs\11092025 pre laser\Analysis\2025-09-11_113856_tube3_cropped_8bits\9_0301_0_8bits.tiff;F:\For Leo to analyse\09092025 hs\11092025 pre laser\Analysis\2025-09-11_113856_tube3_segmentationDebug\9_0301_0_segmented.tiff;1165.0;(68. 59);155.0538226366043;0.9024012393493416;38.51394643004615;0.6089348559036581;0.7649791924030744;712.181977887217;0.973874093946119;0.9428853468488754;0.9016851479214096;;;;;;;;;;;;;;;;;;;;
1;Tube 4;1002040.0;1002040.0;0.0;204.0;False;F:\For Leo to analyse\09092025 hs\10092025\Analysis\2025-09-10_144337_tube4_cropped_8bits\10_0204_0_8bits.tiff;F:\For Leo to analyse\09092025 hs\10092025\Analysis\2025-09-10_144337_tube4_segmentationDebug\10_0204_0_segmented.tiff;1335.5;(51. 67);163.982754945755;0.896910678307589;41.23604505761688;0.6241046230444273;0.9096275957108324;487.4382959574653;0.9717852248205806;0.935036787283186;0.9257081394314558;1002040.0;0.0;204.0;False;F:\For Leo to analyse\09092025 hs\11092025 pre laser\Analysis\2025-09-11_112759_tube4_cropped_8bits\10_0204_0_8bits.tiff;F:\For Leo to analyse\09092025 hs\11092025 pre laser\Analysis\2025-09-11_112759_tube4_segmentationDebug\10_0204_0_segmented.tiff;1277.0;(70. 79);182.91168749332428;0.8244028405422853;40.3227838650409;0.4796427103370422;0.7695071261643687;581.1633810363321;0.972083301678929;0.9366874003840164;0.9153374097324922;1002040.0;0.0;204.0;False;F:\For Leo to analyse\09092025 hs\11092025 post laser\Analysis\2025-09-11_160318_tube4_cropped_8bits\9_0204_0_8bits.tiff;F:\For Leo to analyse\09092025 hs\11092025 post laser\Analysis\2025-09-11_160318_tube4_segmentationDebug\9_0204_0_segmented.tiff;1545.5;(78. 68);179.2964630126953;0.8788740403753199;44.35979842591932;0.6041369918877303;0.9252090995572948;828.0870602018413;0.9690435687593209;0.9250503672036888;0.8893210862619807;41.67528438469493;50.0;Dead
1;Tube 4;105050.0;;;;;;;;;;;;;;;;;;105050.0;0.0;505.0;False;F:\For Leo to analyse\09092025 hs\11092025 pre laser\Analysis\2025-09-11_112759_tube4_cropped_8bits\1_0505_0_8bits.tiff;F:\For Leo to analyse\09092025 hs\11092025 pre laser\Analysis\2025-09-11_112759_tube4_segmentationDebug\1_0505_0_segmented.tiff;2212.0;(76. 77);204.7106765508652;0.900468145735803;53.06982073602831;0.6633061125507463;0.6791721446357487;895.6471069319873;0.9488695455576688;0.8946239658081987;0.9053017906509292;;;;;;;;;;;;;;;;;;;;
1;Tube 4;106050.0;106050.0;0.0;605.0;False;F:\For Leo to analyse\09092025 hs\10092025\Analysis\2025-09-10_144337_tube4_cropped_8bits\1_0605_0_8bits.tiff;F:\For Leo to analyse\09092025 hs\10092025\Analysis\2025-09-10_144337_tube4_segmentationDebug\1_0605_0_segmented.tiff;2252.0;(77. 75);222.5096663236618;0.8743933216851096;53.54750652218632;0.5715845553065633;0.9880900485344184;783.5724414120893;0.9475552042756836;0.8921860316654366;0.903530788493459;;;;;;;;;;;;;;;;;;;;;;;;;;;;;;;;;;;;;
1;Tube 4;1102070.0;1102070.0;0.0;207.0;False;F:\For Leo to analyse\09092025 hs\10092025\Analysis\2025-09-10_144337_tube4_cropped_8bits\11_0207_0_8bits.tiff;F:\For Leo to analyse\09092025 hs\10092025\Analysis\2025-09-10_144337_tube4_segmentationDebug\11_0207_0_segmented.tiff;941.5;(75. 67);139.15432786941528;0.8970938542162935;34.62304191384916;0.6109937284380915;0.7007233718443145;655.0128363401145;0.9770066775674618;0.93527910643557;0.888774924625808;1102070.0;0.0;207.0;False;F:\For Leo to analyse\09092025 hs\11092025 pre laser\Analysis\2025-09-11_112759_tube4_cropped_8bits\11_0207_0_8bits.tiff;F:\For Leo to analyse\09092025 hs\11092025 pre laser\Analysis\2025-09-11_112759_tube4_segmentationDebug\11_0207_0_segmented.tiff;1199.5;(65. 73);158.32590091228485;0.8598566308243728;39.08005672859019;0.6013207361095202;0.8331877312042874;536.7876920122887;0.9758507513381884;0.9412238265622916;0.9192583042050868;;;;;;;;;;;;;;;;;;;;
1;Tube 4;1102080.0;;;;;;;;;;;;;;;;;;;;;;;;;;;;;;;;;;;1102080.0;0.0;208.0;False;F:\For Leo to analyse\09092025 hs\11092025 post laser\Analysis\2025-09-11_160318_tube4_cropped_8bits\10_0208_0_8bits.tiff;F:\For Leo to analyse\09092025 hs\11092025 post laser\Analysis\2025-09-11_160318_tube4_segmentationDebug\10_0208_0_segmented.tiff;1283.0;(72. 65);153.88224935531616;0.9025677101653184;40.41740139958547;0.6808625837593282;0.9096298543203002;711.8761947018996;0.971309255537301;0.9376322793868808;0.8738560876661672;40.81638515454441;44.0;Dead
1;Tube 4;1202100.0;;;;;;;;;;;;;;;;;;1202100.0;0.0;210.0;False;F:\For Leo to analyse\09092025 hs\11092025 pre laser\Analysis\2025-09-11_112759_tube4_cropped_8bits\12_0210_0_8bits.tiff;F:\For Leo to analyse\09092025 hs\11092025 pre laser\Analysis\2025-09-11_112759_tube4_segmentationDebug\12_0210_0_segmented.tiff;1169.0;(67. 79);190.56854128837583;0.7464878671775224;38.58000813627967;0.4045031946061245;0.6881966750565356;719.8300435844667;0.9722231415025652;0.9416353655685482;0.9082896894152702;;;;;;;;;;;;;;;;;;;;
1;Tube 4;1202110.0;1202110.0;0.0;211.0;False;F:\For Leo to analyse\09092025 hs\10092025\Analysis\2025-09-10_144337_tube4_cropped_8bits\12_0211_0_8bits.tiff;F:\For Leo to analyse\09092025 hs\10092025\Analysis\2025-09-10_144337_tube4_segmentationDebug\12_0211_0_segmented.tiff;820.0;(73. 69);121.25483286380768;0.8961748633879781;32.31186201200472;0.7008508457253082;0.9043994130919972;442.8005010927054;0.9844555609817356;0.9592562518908784;0.9199353118986462;;;;;;;;;;;;;;;;;;;;;;;;;;;;;;;;;;;;;
1;Tube 4;1202120.0;;;;;;;;;;;;;;;;;;;;;;;;;;;;;;;;;;;1202120.0;0.0;212.0;False;F:\For Leo to analyse\09092025 hs\11092025 post laser\Analysis\2025-09-11_160318_tube4_cropped_8bits\11_0212_0_8bits.tiff;F:\For Leo to analyse\09092025 hs\11092025 post laser\Analysis\2025-09-11_160318_tube4_segmentationDebug\11_0212_0_segmented.tiff;1201.5;(73. 82);179.29646337032318;0.7716763005780347;39.11262344818228;0.469667158108987;0.937899753449489;873.2743449292075;0.9728891963298596;0.9403065241841352;0.8815574677401667;29.83741238653338;48.0;Dead
1;Tube 4;1302130.0;;;;;;;;;;;;;;;;;;1302130.0;0.0;213.0;False;F:\For Leo to analyse\09092025 hs\11092025 pre laser\Analysis\2025-09-11_112759_tube4_cropped_8bits\13_0213_0_8bits.tiff;F:\For Leo to analyse\09092025 hs\11092025 pre laser\Analysis\2025-09-11_112759_tube4_segmentationDebug\13_0213_0_segmented.tiff;957.5;(77. 59);133.49747347831726;0.9114707282246548;34.91599725174577;0.6751535471048531;0.9027716487490663;523.5342236467236;0.9786043193525432;0.9527165778857204;0.914364512145188;1302130.0;0.0;213.0;False;F:\For Leo to analyse\09092025 hs\11092025 post laser\Analysis\2025-09-11_160318_tube4_cropped_8bits\12_0213_0_8bits.tiff;F:\For Leo to analyse\09092025 hs\11092025 post laser\Analysis\2025-09-11_160318_tube4_segmentationDebug\12_0213_0_segmented.tiff;1298.0;(79. 78);240.71067702770236;0.6997304582210243;40.65298179797198;0.2815100135696459;0.7627426528413763;603.8497528201508;0.9770121025334606;0.9342099660081036;0.9061098482574644;26.66321957945536;49.0;Dead
1;Tube 4;1302140.0;1302140.0;0.0;214.0;False;F:\For Leo to analyse\09092025 hs\10092025\Analysis\2025-09-10_144337_tube4_cropped_8bits\13_0214_0_8bits.tiff;F:\For Leo to analyse\09092025 hs\10092025\Analysis\2025-09-10_144337_tube4_segmentationDebug\13_0214_0_segmented.tiff;899.5;(68. 75);127.6396095752716;0.9118094272681196;33.84197054678227;0.6938092689438926;0.8337063826065176;451.9850885225883;0.98127945316504;0.9556262745475652;0.9230662011090918;;;;;;;;;;;;;;;;;;;;;;;;;;;;;;;;;;;;;
1;Tube 4;1402160.0;;;;;;;;;;;;;;;;;;1402160.0;0.0;216.0;False;F:\For Leo to analyse\09092025 hs\11092025 pre laser\Analysis\2025-09-11_112759_tube4_cropped_8bits\14_0216_0_8bits.tiff;F:\For Leo to analyse\09092025 hs\11092025 pre laser\Analysis\2025-09-11_112759_tube4_segmentationDebug\14_0216_0_segmented.tiff;1057.5;(68. 74);137.63960886001587;0.9136069114470844;36.69401611376757;0.7014607584867203;0.9166050220518526;527.7238987170599;0.9759574642336392;0.9481984928086444;0.919902857614246;;;;;;;;;;;;;;;;;;;;
1;Tube 4;1402170.0;1402170.0;0.0;217.0;False;F:\For Leo to analyse\09092025 hs\10092025\Analysis\2025-09-10_144337_tube4_cropped_8bits\14_0217_0_8bits.tiff;F:\For Leo to analyse\09092025 hs\10092025\Analysis\2025-09-10_144337_tube4_segmentationDebug\14_0217_0_segmented.tiff;778.5;(85. 76);127.8406194448471;0.8688616071428571;31.48359867576012;0.5985917793958633;0.8082944652682545;441.4303940502509;0.98587446176171;0.9608274344738964;0.9223025441644084;;;;;;;;;;;;;;;;;;1402170.0;0.0;217.0;False;F:\For Leo to analyse\09092025 hs\11092025 post laser\Analysis\2025-09-11_160318_tube4_cropped_8bits\13_0217_0_8bits.tiff;F:\For Leo to analyse\09092025 hs\11092025 post laser\Analysis\2025-09-11_160318_tube4_segmentationDebug\13_0217_0_segmented.tiff;835.0;(82. 74);116.42640602588654;0.943502824858757;32.60605802383755;0.7740933858606719;0.8795542804975809;599.062977451928;0.9823954759338892;0.9587561403905496;0.8993046420919271;23.264966103642422;50.0;Dead
1;Tube 4;1502180.0;;;;;;;;;;;;;;;;;;1502180.0;0.0;218.0;False;F:\For Leo to analyse\09092025 hs\11092025 pre laser\Analysis\2025-09-11_112759_tube4_cropped_8bits\15_0218_0_8bits.tiff;F:\For Leo to analyse\09092025 hs\11092025 pre laser\Analysis\2025-09-11_112759_tube4_segmentationDebug\15_0218_0_segmented.tiff;770.5;(68. 76);120.66904664039612;0.8866513233601842;31.32141550470609;0.6649526849722671;0.8712704022428003;769.3480524642289;0.9921830953263372;0.9564053455109308;0.9137322691883064;;;;;;;;;;;;;;;;;;;;
1;Tube 4;1502200.0;1502200.0;0.0;220.0;False;F:\For Leo to analyse\09092025 hs\10092025\Analysis\2025-09-10_144337_tube4_cropped_8bits\15_0220_0_8bits.tiff;F:\For Leo to analyse\09092025 hs\10092025\Analysis\2025-09-10_144337_tube4_segmentationDebug\15_0220_0_segmented.tiff;959.5;(72. 70);135.15432786941528;0.901362141850634;34.95244402289186;0.6600774994641113;0.9299706669808524;583.8936910167715;0.9787405321548722;0.95253127645246;0.9145159079691684;;;;;;;;;;;;;;;;;;1502200.0;0.0;220.0;False;F:\For Leo to analyse\09092025 hs\11092025 post laser\Analysis\2025-09-11_160318_tube4_cropped_8bits\14_0220_0_8bits.tiff;F:\For Leo to analyse\09092025 hs\11092025 post laser\Analysis\2025-09-11_160318_tube4_segmentationDebug\14_0220_0_segmented.tiff;1115.5;(83. 71);137.63960874080658;0.9350377200335288;37.686850653139935;0.7399333120069439;0.8846033816536628;631.0244021131421;0.9744718158754152;0.945658936740688;0.8901503879361873;37.64219234746639;48.0;Dead
1;Tube 4;1602220.0;;;;;;;;;;;;;;;;;;1602220.0;0.0;222.0;False;F:\For Leo to analyse\09092025 hs\11092025 pre laser\Analysis\2025-09-11_112759_tube4_cropped_8bits\16_0222_0_8bits.tiff;F:\For Leo to analyse\09092025 hs\11092025 pre laser\Analysis\2025-09-11_112759_tube4_segmentationDebug\16_0222_0_segmented.tiff;918.5;(80. 76);208.95331752300265;0.6137654527230204;34.197522159350186;0.2643567981545899;0.6265011444416363;783.1961557201746;0.979482974309952;0.9515297943558138;0.8538426426693706;;;;;;;;;;;;;;;;;;;;
1;Tube 4;1602230.0;1602230.0;0.0;223.0;False;F:\For Leo to analyse\09092025 hs\10092025\Analysis\2025-09-10_144337_tube4_cropped_8bits\16_0223_0_8bits.tiff;F:\For Leo to analyse\09092025 hs\10092025\Analysis\2025-09-10_144337_tube4_segmentationDebug\16_0223_0_segmented.tiff;688.0;(68. 69);117.94112491607666;0.8753180661577609;29.59710808132768;0.6215381213727582;0.8854467310114832;633.9152672145374;0.9814791840045338;0.9652081944585896;0.8761378259631799;;;;;;;;;;;;;;;;;;1602230.0;0.0;223.0;False;F:\For Leo to analyse\09092025 hs\11092025 post laser\Analysis\2025-09-11_160318_tube4_cropped_8bits\15_0223_0_8bits.tiff;F:\For Leo to analyse\09092025 hs\11092025 post laser\Analysis\2025-09-11_160318_tube4_segmentationDebug\15_0223_0_segmented.tiff;964.0;(80. 70);138.22539508342743;0.8946635730858469;35.03431062722223;0.6340320591210656;0.8868539640079244;705.0362454345136;0.976475715381096;0.9522159066892176;0.8913923604093146;13.27559462254395;56.0;Dead
1;Tube 4;1703240.0;;;;;;;;;;;;;;;;;;1703240.0;0.0;324.0;False;F:\For Leo to analyse\09092025 hs\11092025 pre laser\Analysis\2025-09-11_112759_tube4_cropped_8bits\17_0324_0_8bits.tiff;F:\For Leo to analyse\09092025 hs\11092025 pre laser\Analysis\2025-09-11_112759_tube4_segmentationDebug\17_0324_0_segmented.tiff;1014.5;(72. 87);153.49747383594513;0.8171566653242046;35.94024927756933;0.5410774695924222;0.8339126698864993;826.2299333670367;0.9739502435370834;0.9494297167413792;0.8812035523123338;;;;;;;;;;;;;;;;;;;;
1;Tube 4;1704240.0;1704240.0;0.0;424.0;False;F:\For Leo to analyse\09092025 hs\10092025\Analysis\2025-09-10_144337_tube4_cropped_8bits\17_0424_0_8bits.tiff;F:\For Leo to analyse\09092025 hs\10092025\Analysis\2025-09-10_144337_tube4_segmentationDebug\17_0424_0_segmented.tiff;935.5;(82. 89);141.49747359752655;0.8658028690421101;34.51254256208524;0.5871597602025088;0.820595322161634;605.6804391182277;0.9747851946404982;0.9433804442854238;0.9054079320700988;;;;;;;;;;;;;;;;;;;;;;;;;;;;;;;;;;;;;
1;Tube 4;1705240.0;;;;;;;;;;;;;;;;;;;;;;;;;;;;;;;;;;;1705240.0;0.0;524.0;False;F:\For Leo to analyse\09092025 hs\11092025 post laser\Analysis\2025-09-11_160318_tube4_cropped_8bits\16_0524_0_8bits.tiff;F:\For Leo to analyse\09092025 hs\11092025 post laser\Analysis\2025-09-11_160318_tube4_segmentationDebug\16_0524_0_segmented.tiff;876.5;(73. 76);128.32590067386627;0.9115964638585544;33.40650327347012;0.6688567931027015;0.7609854885086084;808.7631341425458;0.9814416482746526;0.9566877526866404;0.8919991796590101;27.671492588762497;46.0;Dead
1;Tube 4;1806240.0;;;;;;;;;;;;;;;;;;1806240.0;0.0;624.0;False;F:\For Leo to analyse\09092025 hs\11092025 pre laser\Analysis\2025-09-11_112759_tube4_cropped_8bits\18_0624_0_8bits.tiff;F:\For Leo to analyse\09092025 hs\11092025 pre laser\Analysis\2025-09-11_112759_tube4_segmentationDebug\18_0624_0_segmented.tiff;1310.5;(81. 73);183.63960886001587;0.8190625;40.84826095901062;0.4883308609227672;0.8498255266346167;654.9016102203245;0.9664135276707184;0.9353501501083212;0.9069971635166244;;;;;;;;;;;;;;;;;;;;
1;Tube 4;1807240.0;;;;;;;;;;;;;;;;;;;;;;;;;;;;;;;;;;;1807240.0;0.0;724.0;False;F:\For Leo to analyse\09092025 hs\11092025 post laser\Analysis\2025-09-11_160318_tube4_cropped_8bits\17_0724_0_8bits.tiff;F:\For Leo to analyse\09092025 hs\11092025 post laser\Analysis\2025-09-11_160318_tube4_segmentationDebug\17_0724_0_segmented.tiff;1007.5;(65. 91);139.4974740743637;0.8689090125053902;35.81604167577255;0.6506122427973825;0.8780576422412735;468.2199132311487;0.983136338269698;0.9505906861700596;0.9283555171695228;26.327128576352983;51.0;Dead
1;Tube 4;1808240.0;1808240.0;0.0;824.0;False;F:\For Leo to analyse\09092025 hs\10092025\Analysis\2025-09-10_144337_tube4_cropped_8bits\18_0824_0_8bits.tiff;F:\For Leo to analyse\09092025 hs\10092025\Analysis\2025-09-10_144337_tube4_segmentationDebug\18_0824_0_segmented.tiff;973.0;(64. 63);145.74011433124542;0.8625886524822695;35.19747259431156;0.5756579311062393;0.6851243559394046;708.9497544938747;0.971326777041793;0.9430486643371946;0.8917870898993993;;;;;;;;;;;;;;;;;;;;;;;;;;;;;;;;;;;;;
1;Tube 4;1910240.0;1910240.0;0.0;1024.0;False;F:\For Leo to analyse\09092025 hs\10092025\Analysis\2025-09-10_144337_tube4_cropped_8bits\19_1024_0_8bits.tiff;F:\For Leo to analyse\09092025 hs\10092025\Analysis\2025-09-10_144337_tube4_segmentationDebug\19_1024_0_segmented.tiff;1114.5;(85. 86);155.1543276309967;0.8616157711635098;37.66995450763565;0.5817845041334727;0.7894936415432166;519.2234912658532;0.97037054834478;0.944826972835879;0.8989682685693196;1910240.0;0.0;1024.0;False;F:\For Leo to analyse\09092025 hs\11092025 pre laser\Analysis\2025-09-11_112759_tube4_cropped_8bits\19_1024_0_8bits.tiff;F:\For Leo to analyse\09092025 hs\11092025 pre laser\Analysis\2025-09-11_112759_tube4_segmentationDebug\19_1024_0_segmented.tiff;1044.5;(70. 69);139.49747347831726;0.9118288956787428;36.46777624802309;0.6745057006542615;0.7651357356230012;732.8509869811755;0.9746155280578684;0.9488118954948056;0.904330262741034;;;;;;;;;;;;;;;;;;;;
1;Tube 4;1911240.0;;;;;;;;;;;;;;;;;;;;;;;;;;;;;;;;;;;1911240.0;0.0;1124.0;False;F:\For Leo to analyse\09092025 hs\11092025 post laser\Analysis\2025-09-11_160318_tube4_cropped_8bits\18_1124_0_8bits.tiff;F:\For Leo to analyse\09092025 hs\11092025 post laser\Analysis\2025-09-11_160318_tube4_segmentationDebug\18_1124_0_segmented.tiff;1102.5;(74. 72);203.4385979175568;0.7528166609764425;37.46660643920819;0.334750900567404;0.605006109160116;876.4973294576641;0.9737123830935432;0.9440506947654582;0.865069985176766;35.999080776743654;42.0;Dead
1;Tube 4;2013240.0;2013240.0;0.0;1324.0;False;F:\For Leo to analyse\09092025 hs\10092025\Analysis\2025-09-10_144337_tube4_cropped_8bits\20_1324_0_8bits.tiff;F:\For Leo to analyse\09092025 hs\10092025\Analysis\2025-09-10_144337_tube4_segmentationDebug\20_1324_0_segmented.tiff;1001.0;(76. 85);140.76955199241638;0.89937106918239;35.700319106135424;0.6347847497765908;0.9683811610008316;566.231343567968;0.9741589673978426;0.9504564824263982;0.9064563549856685;2013240.0;0.0;1324.0;False;F:\For Leo to analyse\09092025 hs\11092025 pre laser\Analysis\2025-09-11_112759_tube4_cropped_8bits\20_1324_0_8bits.tiff;F:\For Leo to analyse\09092025 hs\11092025 pre laser\Analysis\2025-09-11_112759_tube4_segmentationDebug\20_1324_0_segmented.tiff;1434.0;(80. 76);218.7106766700745;0.6998535871156661;42.72967946463235;0.3767203204408174;0.9605657279732648;604.8257609352952;0.964872195694626;0.9284813385869852;0.9082602595576972;;;;;;;;;;;;;;;;;;;;
1;Tube 4;208050.0;;;;;;;;;;;;;;;;;;208050.0;0.0;805.0;False;F:\For Leo to analyse\09092025 hs\11092025 pre laser\Analysis\2025-09-11_112759_tube4_cropped_8bits\2_0805_0_8bits.tiff;F:\For Leo to analyse\09092025 hs\11092025 pre laser\Analysis\2025-09-11_112759_tube4_segmentationDebug\2_0805_0_segmented.tiff;1792.0;(78. 81);212.2253954410553;0.8715953307392996;47.76657057153477;0.4999806149751226;0.6916975323901174;750.6063391078596;0.9505002347492452;0.9125742249750785;0.8811511984654495;;;;;;;;;;;;;;;;;;;;
1;Tube 4;209050.0;209050.0;0.0;905.0;False;F:\For Leo to analyse\09092025 hs\10092025\Analysis\2025-09-10_144337_tube4_cropped_8bits\2_0905_0_8bits.tiff;F:\For Leo to analyse\09092025 hs\10092025\Analysis\2025-09-10_144337_tube4_segmentationDebug\2_0905_0_segmented.tiff;1808.0;(78. 80);201.88224959373477;0.8753328491890583;47.9793403131095;0.5574578291198331;0.889336170677143;701.5473255673751;0.9553072172401648;0.9124030571893784;0.9065103807479364;;;;;;;;;;;;;;;;;;209050.0;0.0;905.0;False;F:\For Leo to analyse\09092025 hs\11092025 post laser\Analysis\2025-09-11_160318_tube4_cropped_8bits\1_0905_0_8bits.tiff;F:\For Leo to analyse\09092025 hs\11092025 post laser\Analysis\2025-09-11_160318_tube4_segmentationDebug\1_0905_0_segmented.tiff;1659.5;(71. 75);205.78174459934235;0.810302734375;45.966738240688805;0.492462801259493;0.6821315148954595;809.3349224067128;0.966283577417841;0.919362326761824;0.8929183400756194;76.18062736987245;37.0;Alive
1;Tube 4;311050.0;;;;;;;;;;;;;;;;;;311050.0;0.0;1105.0;False;F:\For Leo to analyse\09092025 hs\11092025 pre laser\Analysis\2025-09-11_112759_tube4_cropped_8bits\3_1105_0_8bits.tiff;F:\For Leo to analyse\09092025 hs\11092025 pre laser\Analysis\2025-09-11_112759_tube4_segmentationDebug\3_1105_0_segmented.tiff;1793.5;(84. 64);192.9533174037933;0.890295358649789;47.78655797902287;0.6053502772192775;0.7467422916822519;850.5070211389127;0.9549307465704264;0.913170647251984;0.8758336458447279;;;;;;;;;;;;;;;;;;;;
1;Tube 4;312050.0;312050.0;0.0;1205.0;False;F:\For Leo to analyse\09092025 hs\10092025\Analysis\2025-09-10_144337_tube4_cropped_8bits\3_1205_0_8bits.tiff;F:\For Leo to analyse\09092025 hs\10092025\Analysis\2025-09-10_144337_tube4_segmentationDebug\3_1205_0_segmented.tiff;2178.5;(83. 89);222.1248903274536;0.8619188921859545;52.66642524612386;0.5548466593125307;0.6757521232926808;571.9034826560817;0.9491977812335266;0.89505623846486;0.916815983377934;;;;;;;;;;;;;;;;;;;;;;;;;;;;;;;;;;;;;
1;Tube 4;313050.0;;;;;;;;;;;;;;;;;;;;;;;;;;;;;;;;;;;313050.0;0.0;1305.0;False;F:\For Leo to analyse\09092025 hs\11092025 post laser\Analysis\2025-09-11_160318_tube4_cropped_8bits\2_1305_0_8bits.tiff;F:\For Leo to analyse\09092025 hs\11092025 post laser\Analysis\2025-09-11_160318_tube4_segmentationDebug\2_1305_0_segmented.tiff;2443.0;(80. 84);260.5096664428711;0.7857832100353811;55.77207372680348;0.4523615102803485;0.9159072013884504;668.732713196975;0.9477810621982734;0.8821741187389613;0.9061635295901052;79.1681029530047;37.0;Alive
1;Tube 4;414050.0;;;;;;;;;;;;;;;;;;414050.0;0.0;1405.0;False;F:\For Leo to analyse\09092025 hs\11092025 pre laser\Analysis\2025-09-11_112759_tube4_cropped_8bits\4_1405_0_8bits.tiff;F:\For Leo to analyse\09092025 hs\11092025 pre laser\Analysis\2025-09-11_112759_tube4_segmentationDebug\4_1405_0_segmented.tiff;2021.0;(90. 74);230.85281205177307;0.8108324974924774;50.72688754408025;0.4765471090779246;0.6882973850745229;717.9360686701718;0.9522495551342204;0.902097430261204;0.9023124642673171;;;;;;;;;;;;;;;;;;;;
1;Tube 4;415040.0;415040.0;0.0;1504.0;False;F:\For Leo to analyse\09092025 hs\10092025\Analysis\2025-09-10_144337_tube4_cropped_8bits\4_1504_0_8bits.tiff;F:\For Leo to analyse\09092025 hs\10092025\Analysis\2025-09-10_144337_tube4_segmentationDebug\4_1504_0_segmented.tiff;2024.5;(80. 71);218.811182141304;0.8391709844559585;50.77079335913845;0.5313597087903136;0.901621468202565;669.7689879146972;0.9514480814180764;0.9020152460387808;0.9087541392217152;;;;;;;;;;;;;;;;;;415040.0;0.0;1504.0;False;F:\For Leo to analyse\09092025 hs\11092025 post laser\Analysis\2025-09-11_160318_tube4_cropped_8bits\3_1504_0_8bits.tiff;F:\For Leo to analyse\09092025 hs\11092025 post laser\Analysis\2025-09-11_160318_tube4_segmentationDebug\3_1504_0_segmented.tiff;2343.5;(81. 65);272.7523070573807;0.7929284385044831;54.6245079894259;0.3958566603632644;0.677873261134014;726.2115115266472;0.9513873419689604;0.8864373065248162;0.8938057149816214;85.44180167758245;37.0;Alive
1;Tube 4;514010.0;514010.0;0.0;1401.0;False;F:\For Leo to analyse\09092025 hs\10092025\Analysis\2025-09-10_144337_tube4_cropped_8bits\5_1401_0_8bits.tiff;F:\For Leo to analyse\09092025 hs\10092025\Analysis\2025-09-10_144337_tube4_segmentationDebug\5_1401_0_segmented.tiff;1583.0;(77. 78);210.7106763124466;0.8303173354314188;44.89474578740548;0.4480409369755737;0.7816169989907134;670.7963991818344;0.9605536852463612;0.9223591560906452;0.9009821492390168;;;;;;;;;;;;;;;;;;;;;;;;;;;;;;;;;;;;;
1;Tube 4;515020.0;;;;;;;;;;;;;;;;;;515020.0;0.0;1502.0;False;F:\For Leo to analyse\09092025 hs\11092025 pre laser\Analysis\2025-09-11_112759_tube4_cropped_8bits\5_1502_0_8bits.tiff;F:\For Leo to analyse\09092025 hs\11092025 pre laser\Analysis\2025-09-11_112759_tube4_segmentationDebug\5_1502_0_segmented.tiff;1674.5;(82. 72);202.6101713180542;0.84763351050367;46.17401452829319;0.5125928314768993;0.7216613052341957;743.5383448526638;0.9645766344439662;0.9184706200021948;0.9084313514192638;;;;;;;;;;;;;;;;;;;;
1;Tube 4;610010.0;;;;;;;;;;;;;;;;;;;;;;;;;;;;;;;;;;;610010.0;0.0;1001.0;False;F:\For Leo to analyse\09092025 hs\11092025 post laser\Analysis\2025-09-11_160318_tube4_cropped_8bits\5_1001_0_8bits.tiff;F:\For Leo to analyse\09092025 hs\11092025 post laser\Analysis\2025-09-11_160318_tube4_segmentationDebug\5_1001_0_segmented.tiff;1846.0;(82. 64);198.85281193256375;0.8987341772151899;48.48092614194896;0.5866486660124066;0.7031671552959746;817.4984904813106;0.9593607240502624;0.9106333832924324;0.868617044002025;74.38814201999311;53.0;Alive
1;Tube 4;611010.0;611010.0;0.0;1101.0;False;F:\For Leo to analyse\09092025 hs\10092025\Analysis\2025-09-10_144337_tube4_cropped_8bits\6_1101_0_8bits.tiff;F:\For Leo to analyse\09092025 hs\10092025\Analysis\2025-09-10_144337_tube4_segmentationDebug\6_1101_0_segmented.tiff;1244.0;(71. 76);159.1959581375122;0.8927161822748475;39.79836672089123;0.6168309690671474;0.8968161215604411;666.4361705161107;0.9681894347757783;0.938982974830111;0.861708257786478;;;;;;;;;;;;;;;;;;;;;;;;;;;;;;;;;;;;;
1;Tube 4;612010.0;;;;;;;;;;;;;;;;;;612010.0;0.0;1201.0;False;F:\For Leo to analyse\09092025 hs\11092025 pre laser\Analysis\2025-09-11_112759_tube4_cropped_8bits\6_1201_0_8bits.tiff;F:\For Leo to analyse\09092025 hs\11092025 pre laser\Analysis\2025-09-11_112759_tube4_segmentationDebug\6_1201_0_segmented.tiff;1569.0;(73. 78);168.22539520263672;0.9218566392479436;44.695781072596446;0.696706228528965;0.7519694539641901;789.8643870103474;0.9616900086313374;0.9241488775333732;0.9077136008756844;;;;;;;;;;;;;;;;;;;;
1;Tube 4;707010.0;;;;;;;;;;;;;;;;;;;;;;;;;;;;;;;;;;;707010.0;0.0;701.0;False;F:\For Leo to analyse\09092025 hs\11092025 post laser\Analysis\2025-09-11_160318_tube4_cropped_8bits\6_0701_0_8bits.tiff;F:\For Leo to analyse\09092025 hs\11092025 post laser\Analysis\2025-09-11_160318_tube4_segmentationDebug\6_0701_0_segmented.tiff;2018.0;(73. 80);231.68123924732208;0.8176661264181524;50.68922371940173;0.4724428610263673;0.8823305112925482;851.8437063306728;0.955844843899814;0.9022965603525802;0.8804857926142272;79.46685051131794;46.0;Alive
1;Tube 4;708010.0;708010.0;0.0;801.0;False;F:\For Leo to analyse\09092025 hs\10092025\Analysis\2025-09-10_144337_tube4_cropped_8bits\7_0801_0_8bits.tiff;F:\For Leo to analyse\09092025 hs\10092025\Analysis\2025-09-10_144337_tube4_segmentationDebug\7_0801_0_segmented.tiff;1495.5;(69. 96);178.12489008903503;0.8619596541786744;43.636335079282674;0.5923072692128459;0.7860527912553428;680.0696929255462;0.96307168893626;0.9270086852737448;0.8911290087219854;;;;;;;;;;;;;;;;;;;;;;;;;;;;;;;;;;;;;
1;Tube 4;709010.0;;;;;;;;;;;;;;;;;;709010.0;0.0;901.0;False;F:\For Leo to analyse\09092025 hs\11092025 pre laser\Analysis\2025-09-11_112759_tube4_cropped_8bits\7_0901_0_8bits.tiff;F:\For Leo to analyse\09092025 hs\11092025 pre laser\Analysis\2025-09-11_112759_tube4_segmentationDebug\7_0901_0_segmented.tiff;1585.5;(73. 76);191.15432786941528;0.8449240607513989;44.930182485469615;0.5452652741024272;0.7318205401072723;785.6618488515176;0.9583149297942576;0.9227040373365633;0.8997270857866951;;;;;;;;;;;;;;;;;;;;
1;Tube 4;805010.0;805010.0;0.0;501.0;False;F:\For Leo to analyse\09092025 hs\10092025\Analysis\2025-09-10_144337_tube4_cropped_8bits\8_0501_0_8bits.tiff;F:\For Leo to analyse\09092025 hs\10092025\Analysis\2025-09-10_144337_tube4_segmentationDebug\8_0501_0_segmented.tiff;1494.5;(76. 59);202.46803605556488;0.8006964907581035;43.62174342695052;0.4581343367458043;0.6850981625427564;646.8252123255206;0.967877615902284;0.9264561460457648;0.9061725757370602;;;;;;;;;;;;;;;;;;805010.0;0.0;501.0;False;F:\For Leo to analyse\09092025 hs\11092025 post laser\Analysis\2025-09-11_160318_tube4_cropped_8bits\7_0501_0_8bits.tiff;F:\For Leo to analyse\09092025 hs\11092025 post laser\Analysis\2025-09-11_160318_tube4_segmentationDebug\7_0501_0_segmented.tiff;1545.5;(75. 72);186.1248903274536;0.868014602639708;44.35979842591932;0.5606217770799896;0.8478600788324783;919.2959026102948;0.9663697784888776;0.924729668246978;0.8823773348288892;60.04825922095829;49.0;Alive
1;Tube 4;806010.0;;;;;;;;;;;;;;;;;;806010.0;0.0;601.0;False;F:\For Leo to analyse\09092025 hs\11092025 pre laser\Analysis\2025-09-11_112759_tube4_cropped_8bits\8_0601_0_8bits.tiff;F:\For Leo to analyse\09092025 hs\11092025 pre laser\Analysis\2025-09-11_112759_tube4_segmentationDebug\8_0601_0_segmented.tiff;1257.5;(72. 68);152.81118214130402;0.9162112932604736;40.0137317367984;0.6767177794917322;0.8137135577561048;759.0540234346122;0.9730900472125312;0.9386992853478892;0.9102344969551418;;;;;;;;;;;;;;;;;;;;
1;Tube 4;902020.0;902020.0;0.0;202.0;False;F:\For Leo to analyse\09092025 hs\10092025\Analysis\2025-09-10_144337_tube4_cropped_8bits\9_0202_0_8bits.tiff;F:\For Leo to analyse\09092025 hs\10092025\Analysis\2025-09-10_144337_tube4_segmentationDebug\9_0202_0_segmented.tiff;1291.0;(73. 80);193.0538226366043;0.7679952409280191;40.5432146265327;0.4352906066131655;0.7850002736977657;725.6106929234288;0.969381855080772;0.9355526014232864;0.8677351626167702;;;;;;;;;;;;;;;;;;902020.0;0.0;202.0;False;F:\For Leo to analyse\09092025 hs\11092025 post laser\Analysis\2025-09-11_160318_tube4_cropped_8bits\8_0202_0_8bits.tiff;F:\For Leo to analyse\09092025 hs\11092025 post laser\Analysis\2025-09-11_160318_tube4_segmentationDebug\8_0202_0_segmented.tiff;1694.0;(74. 77);213.53910386562347;0.8436254980079682;46.44209070209227;0.4668404062749272;0.7136822998836633;934.2584323323696;0.9680716185711054;0.917726734574722;0.890395022929286;36.67126278294841;51.0;Dead
1;Tube 4;903010.0;;;;;;;;;;;;;;;;;;903010.0;0.0;301.0;False;F:\For Leo to analyse\09092025 hs\11092025 pre laser\Analysis\2025-09-11_112759_tube4_cropped_8bits\9_0301_0_8bits.tiff;F:\For Leo to analyse\09092025 hs\11092025 pre laser\Analysis\2025-09-11_112759_tube4_segmentationDebug\9_0301_0_segmented.tiff;1661.0;(72. 104);203.3969683647156;0.8437896875793751;45.98750791035654;0.5045341247037061;0.8676406251865396;740.4484247798016;0.9570384117083548;0.9188839546289732;0.8967750202434205;;;;;;;;;;;;;;;;;;;;
2;Tube 6;1002040.0;1002040.0;0.0;204.0;False;G:\Experiments\PTT\Spheroids\28042025\29042025\Analysis\2025-04-29_103732_tube6_cropped_8bits2\10_0204_0_8bits.tiff;G:\Experiments\PTT\Spheroids\28042025\29042025\Analysis\2025-04-29_103732_tube6_segmentationDebug2\10_0204_0_segmented.tiff;1546.0;(77. 69);176.225395441055;0.875424688561721;44.3669734843448;0.625579294635409;0.946738790843773;761.753331662133;0.962200410076732;0.924958577284981;0.887184211822255;;;;;;;;;;;;;;;;;;1002040.0;0.0;204.0;False;E:\Experiments\PTT\Spheroids\28042025\30042025 after laser\Analysis\2025-04-30_155814_tube6_cropped_8bits\9_0204_0_8bits.tiff;E:\Experiments\PTT\Spheroids\28042025\30042025 after laser\Analysis\2025-04-30_155814_tube6_segmentationDebug\9_0204_0_segmented.tiff;2236.0;(70. 78);214.36753070354465;0.8949369621773063;53.35694539633828;0.6114538058986344;0.8240488642136516;938.0756654871118;0.9591637939011016;0.8932217726320966;0.8774151867889776;73.58116152930282;45.0;Alive
2;Tube 6;1102070.0;1102070.0;0.0;207.0;False;G:\Experiments\PTT\Spheroids\28042025\29042025\Analysis\2025-04-29_103732_tube6_cropped_8bits2\11_0207_0_8bits.tiff;G:\Experiments\PTT\Spheroids\28042025\29042025\Analysis\2025-04-29_103732_tube6_segmentationDebug2\11_0207_0_segmented.tiff;1523.0;(72. 74);162.568541765213;0.924150485436893;44.0357108110185;0.724163693056526;0.898008042606003;731.781451702093;0.96602197593076;0.926638128722118;0.906939964571749;;;;;;;;;;;;;;;;;;1102070.0;0.0;207.0;False;E:\Experiments\PTT\Spheroids\28042025\30042025 after laser\Analysis\2025-04-30_155814_tube6_cropped_8bits\10_0207_0_8bits.tiff;E:\Experiments\PTT\Spheroids\28042025\30042025 after laser\Analysis\2025-04-30_155814_tube6_segmentationDebug\10_0207_0_segmented.tiff;1811.0;(79. 78);185.1959580183029;0.8965346534653466;48.01912968302716;0.6635372472980965;0.9302208116035356;1034.3237718743412;0.9645060346271866;0.9132617318580072;0.8621362586886535;74.95039026326234;50.0;Alive
2;Tube 6;1202100.0;1202100.0;0.0;210.0;False;G:\Experiments\PTT\Spheroids\28042025\29042025\Analysis\2025-04-29_103732_tube6_cropped_8bits2\12_0210_0_8bits.tiff;G:\Experiments\PTT\Spheroids\28042025\29042025\Analysis\2025-04-29_103732_tube6_segmentationDebug2\12_0210_0_segmented.tiff;1552.5;(79. 81);171.438598513603;0.900260945201507;44.4601438729266;0.663780144574637;0.952329538142654;538.923724078601;0.968319536214817;0.924866535286702;0.920126443044988;;;;;;;;;;;;;;;;;;1202100.0;0.0;210.0;False;E:\Experiments\PTT\Spheroids\28042025\30042025 after laser\Analysis\2025-04-30_155814_tube6_cropped_8bits\11_0210_0_8bits.tiff;E:\Experiments\PTT\Spheroids\28042025\30042025 after laser\Analysis\2025-04-30_155814_tube6_segmentationDebug\11_0210_0_segmented.tiff;1993.0;(74. 81);197.19595789909363;0.9007909604519774;50.37426339567835;0.644052314941031;0.8547124515230445;795.4687023384713;0.9673228165343074;0.8901567298322497;0.8955161617007424;10.40316179388808;55.0;Dead
2;Tube 6;1302130.0;1302130.0;0.0;213.0;False;G:\Experiments\PTT\Spheroids\28042025\29042025\Analysis\2025-04-29_103732_tube6_cropped_8bits2\13_0213_0_8bits.tiff;G:\Experiments\PTT\Spheroids\28042025\29042025\Analysis\2025-04-29_103732_tube6_segmentationDebug2\13_0213_0_segmented.tiff;1135.5;(74. 69);129.639609098434;0.963512940178192;38.0231969072404;0.849027147394417;0.970553133320638;653.070263254449;0.976226902379922;0.944963829249486;0.913533357440726;;;;;;;;;;;;;;;;;;1302130.0;0.0;213.0;False;E:\Experiments\PTT\Spheroids\28042025\30042025 after laser\Analysis\2025-04-30_155814_tube6_cropped_8bits\12_0213_0_8bits.tiff;E:\Experiments\PTT\Spheroids\28042025\30042025 after laser\Analysis\2025-04-30_155814_tube6_segmentationDebug\12_0213_0_segmented.tiff;1606.5;(77. 66);166.1248903274536;0.9288811795316564;45.22675456648464;0.7315115360965109;0.9070387545518646;896.8362796281965;0.9732726898358166;0.9228876899234504;0.8881969438505998;87.92829739383517;41.0;Alive
2;Tube 6;1402160.0;1402160.0;0.0;216.0;False;G:\Experiments\PTT\Spheroids\28042025\29042025\Analysis\2025-04-29_103732_tube6_cropped_8bits2\14_0216_0_8bits.tiff;G:\Experiments\PTT\Spheroids\28042025\29042025\Analysis\2025-04-29_103732_tube6_segmentationDebug2\14_0216_0_segmented.tiff;1521.0;(74. 78);168.367530941963;0.887915936952714;44.0067875167249;0.674252230436875;0.954152837149652;712.981665120723;0.966497123398851;0.926426409882482;0.905007067106349;;;;;;;;;;;;;;;;;;1402160.0;0.0;216.0;False;E:\Experiments\PTT\Spheroids\28042025\30042025 after laser\Analysis\2025-04-30_155814_tube6_cropped_8bits\13_0216_0_8bits.tiff;E:\Experiments\PTT\Spheroids\28042025\30042025 after laser\Analysis\2025-04-30_155814_tube6_segmentationDebug\13_0216_0_segmented.tiff;1379.5;(71. 76);156.46803605556488;0.9153948241539482;41.90983120894376;0.7080767036271245;0.8897374411094343;889.8963540897531;0.9751321902241762;0.9331323549594872;0.8857519762712542;107.93094324646117;42.0;Alive
2;Tube 6;1502190.0;1502190.0;0.0;219.0;False;G:\Experiments\PTT\Spheroids\28042025\29042025\Analysis\2025-04-29_103732_tube6_cropped_8bits2\15_0219_0_8bits.tiff;G:\Experiments\PTT\Spheroids\28042025\29042025\Analysis\2025-04-29_103732_tube6_segmentationDebug2\15_0219_0_segmented.tiff;1259.5;(74. 78);141.296462774276;0.946636602780909;40.0455391597358;0.792766803672209;0.836965437606559;808.392093379616;0.970537764696847;0.938906917975149;0.901365517191785;;;;;;;;;;;;;;;;;;1502190.0;0.0;219.0;False;E:\Experiments\PTT\Spheroids\28042025\30042025 after laser\Analysis\2025-04-30_155814_tube6_cropped_8bits\14_0219_0_8bits.tiff;E:\Experiments\PTT\Spheroids\28042025\30042025 after laser\Analysis\2025-04-30_155814_tube6_segmentationDebug\14_0219_0_segmented.tiff;1599.5;(65. 72);165.63960874080658;0.9179340028694404;45.12811376297366;0.7325979793883945;0.972037820450654;933.3977414638628;0.9639124760590526;0.9230954747581752;0.8588656596021412;88.40455086651673;41.0;Alive
2;Tube 6;1602220.0;1602220.0;0.0;222.0;True;G:\Experiments\PTT\Spheroids\28042025\29042025\Analysis\2025-04-29_103732_tube6_cropped_8bits2\16_0222_0_8bits.tiff;G:\Experiments\PTT\Spheroids\28042025\29042025\Analysis\2025-04-29_103732_tube6_segmentationDebug2\16_0222_0_segmented.tiff;1116.5;(81. 72);143.639608740806;0.909201954397394;37.7037392269892;0.680017617755291;0.927166918460797;407.137326203208;0.972333820207338;0.945367665843591;0.905407863658896;;;;;;;;;;;;;;;;;;1602220.0;0.0;222.0;False;E:\Experiments\PTT\Spheroids\28042025\30042025 after laser\Analysis\2025-04-30_155814_tube6_cropped_8bits\15_0222_0_8bits.tiff;E:\Experiments\PTT\Spheroids\28042025\30042025 after laser\Analysis\2025-04-30_155814_tube6_segmentationDebug\15_0222_0_segmented.tiff;1709.5;(59. 73);187.154327750206;0.8892067620286086;46.65407808246521;0.6133088347926478;0.8978953541311638;927.8366296323828;0.966040582098695;0.9176261057613966;0.8645504893682018;92.63130043656568;43.5;Alive
2;Tube 6;1602221.0;1602221.0;0.0;222.0;True;G:\Experiments\PTT\Spheroids\28042025\29042025\Analysis\2025-04-29_103732_tube6_cropped_8bits2\16_0222_1_8bits.tiff;G:\Experiments\PTT\Spheroids\28042025\29042025\Analysis\2025-04-29_103732_tube6_segmentationDebug2\16_0222_1_segmented.tiff;618.5;(75. 77);115.840619564056;0.849587912087912;28.062406497282;0.579199028435107;0.814143339426861;805.857716251933;0.986203792960489;0.96865927304281;0.905200102082249;;;;;;;;;;;;;;;;;;;;;;;;;;;;;;;;;;;;;
2;Tube 6;1704240.0;1704240.0;0.0;424.0;False;G:\Experiments\PTT\Spheroids\28042025\29042025\Analysis\2025-04-29_103732_tube6_cropped_8bits2\17_0424_0_8bits.tiff;G:\Experiments\PTT\Spheroids\28042025\29042025\Analysis\2025-04-29_103732_tube6_segmentationDebug2\17_0424_0_segmented.tiff;1403.5;(76. 75);173.154327988624;0.879937304075235;42.2728246162449;0.588241389181994;0.9410321678174;585.769340004988;0.964777964457037;0.931524006567165;0.910175063032665;;;;;;;;;;;;;;;;;;;;;;;;;;;;;;;;;;;;;
2;Tube 6;1807240.0;1807240.0;0.0;724.0;False;G:\Experiments\PTT\Spheroids\28042025\29042025\Analysis\2025-04-29_103732_tube6_cropped_8bits2\18_0724_0_8bits.tiff;G:\Experiments\PTT\Spheroids\28042025\29042025\Analysis\2025-04-29_103732_tube6_segmentationDebug2\18_0724_0_segmented.tiff;1202.0;(76. 70);148.911687016487;0.904779826872412;39.1207608920336;0.681171963052157;0.91860918959232;441.355706838637;0.97471360214831;0.941242408252993;0.930069219159642;;;;;;;;;;;;;;;;;;;;;;;;;;;;;;;;;;;;;
2;Tube 6;1909240.0;;;;;;;;;;;;;;;;;;;;;;;;;;;;;;;;;;;1909240.0;0.0;924.0;False;E:\Experiments\PTT\Spheroids\28042025\30042025 after laser\Analysis\2025-04-30_155814_tube6_cropped_8bits\18_0924_0_8bits.tiff;E:\Experiments\PTT\Spheroids\28042025\30042025 after laser\Analysis\2025-04-30_155814_tube6_segmentationDebug\18_0924_0_segmented.tiff;1358.5;(71. 79);198.26702547073364;0.7861689814814815;41.58961314466292;0.4342786955172509;0.8647105946253116;926.4777903928442;0.97122594826598;0.9326370968476791;0.8368416143419598;73.64069321338802;45.2;Alive
2;Tube 6;1910240.0;1910240.0;0.0;1024.0;False;G:\Experiments\PTT\Spheroids\28042025\29042025\Analysis\2025-04-29_103732_tube6_cropped_8bits2\19_1024_0_8bits.tiff;G:\Experiments\PTT\Spheroids\28042025\29042025\Analysis\2025-04-29_103732_tube6_segmentationDebug2\19_1024_0_segmented.tiff;1084.0;(75. 77);150.911686778068;0.866506794564348;37.1509308967206;0.598126989278785;0.821505785883117;673.955767439163;0.973181822738318;0.946485029139086;0.894629453120571;;;;;;;;;;;;;;;;;;;;;;;;;;;;;;;;;;;;;
2;Tube 6;2012240.0;;;;;;;;;;;;;;;;;;;;;;;;;;;;;;;;;;;2012240.0;0.0;1224.0;False;E:\Experiments\PTT\Spheroids\28042025\30042025 after laser\Analysis\2025-04-30_155814_tube6_cropped_8bits\19_1224_0_8bits.tiff;E:\Experiments\PTT\Spheroids\28042025\30042025 after laser\Analysis\2025-04-30_155814_tube6_segmentationDebug\19_1224_0_segmented.tiff;1306.0;(75. 85);176.3675308227539;0.8480519480519481;40.77806819142028;0.5276133447264769;0.492351127081727;889.7636457339537;0.9695580470041936;0.9357864157414189;0.8655968764134904;60.12700092604842;46.7;Alive
2;Tube 6;2013240.0;2013240.0;0.0;1324.0;False;G:\Experiments\PTT\Spheroids\28042025\29042025\Analysis\2025-04-29_103732_tube6_cropped_8bits2\20_1324_0_8bits.tiff;G:\Experiments\PTT\Spheroids\28042025\29042025\Analysis\2025-04-29_103732_tube6_segmentationDebug2\20_1324_0_segmented.tiff;909.5;(72. 74);135.497473835945;0.857614332861857;34.0295660556615;0.622515501584126;0.878859923604375;539.620653292634;0.979056040022718;0.954759842510571;0.895870126171906;;;;;;;;;;;;;;;;;;;;;;;;;;;;;;;;;;;;;
2;Tube 6;208050.0;208050.0;0.0;805.0;False;G:\Experiments\PTT\Spheroids\28042025\29042025\Analysis\2025-04-29_103732_tube6_cropped_8bits2\2_0805_0_8bits.tiff;G:\Experiments\PTT\Spheroids\28042025\29042025\Analysis\2025-04-29_103732_tube6_segmentationDebug2\2_0805_0_segmented.tiff;2657.5;(78. 76);243.580735206604;0.886424282855236;58.1690131438869;0.562855952385943;0.888711562250353;762.505325532954;0.968171849833136;0.874540797009138;0.937502122769449;;;;;;;;;;;;;;;;;;;;;;;;;;;;;;;;;;;;;
2;Tube 6;311050.0;311050.0;0.0;1105.0;False;G:\Experiments\PTT\Spheroids\28042025\29042025\Analysis\2025-04-29_103732_tube6_cropped_8bits2\3_1105_0_8bits.tiff;G:\Experiments\PTT\Spheroids\28042025\29042025\Analysis\2025-04-29_103732_tube6_segmentationDebug2\3_1105_0_segmented.tiff;1909.5;(76. 78);196.752307295799;0.886078886310904;49.3077165428677;0.619854643182602;0.826144544897472;573.120276243093;0.96591461399485;0.908395328521453;0.89226036002139;;;;;;;;;;;;;;;;;;;;;;;;;;;;;;;;;;;;;
2;Tube 6;414050.0;414050.0;0.0;1405.0;False;G:\Experiments\PTT\Spheroids\28042025\29042025\Analysis\2025-04-29_103732_tube6_cropped_8bits2\4_1405_0_8bits.tiff;G:\Experiments\PTT\Spheroids\28042025\29042025\Analysis\2025-04-29_103732_tube6_segmentationDebug2\4_1405_0_segmented.tiff;2032.5;(71. 72);225.781744360923;0.850062735257214;50.8710072111238;0.501028891908584;0.829387827141351;658.044622203461;0.953848539251752;0.901699691987014;0.900373841817993;;;;;;;;;;;;;;;;;;;;;;;;;;;;;;;;;;;;;
2;Tube 6;515020.0;515020.0;0.0;1502.0;False;G:\Experiments\PTT\Spheroids\28042025\29042025\Analysis\2025-04-29_103732_tube6_cropped_8bits2\5_1502_0_8bits.tiff;G:\Experiments\PTT\Spheroids\28042025\29042025\Analysis\2025-04-29_103732_tube6_segmentationDebug2\5_1502_0_segmented.tiff;2052.5;(77. 74);206.124890089035;0.885079775765416;51.1206823660338;0.607060752151717;0.864914264764093;697.099498124742;0.952009086844715;0.901281741123119;0.908155513640441;;;;;;;;;;;;;;;;;;;;;;;;;;;;;;;;;;;;;
2;Tube 6;612010.0;612010.0;0.0;1201.0;False;G:\Experiments\PTT\Spheroids\28042025\29042025\Analysis\2025-04-29_103732_tube6_cropped_8bits2\6_1201_0_8bits.tiff;G:\Experiments\PTT\Spheroids\28042025\29042025\Analysis\2025-04-29_103732_tube6_segmentationDebug2\6_1201_0_segmented.tiff;2055.0;(72. 74);231.539103627204;0.812895569620253;51.1518060720318;0.481695950080442;0.823403764494424;937.123497174579;0.969208825135005;0.900634302450304;0.92045758988039;;;;;;;;;;;;;;;;;;;;;;;;;;;;;;;;;;;;;
2;Tube 6;709010.0;709010.0;0.0;901.0;False;G:\Experiments\PTT\Spheroids\28042025\29042025\Analysis\2025-04-29_103732_tube6_cropped_8bits2\7_0901_0_8bits.tiff;G:\Experiments\PTT\Spheroids\28042025\29042025\Analysis\2025-04-29_103732_tube6_segmentationDebug2\7_0901_0_segmented.tiff;1825.0;(74. 70);185.882249712944;0.921949987370548;48.2043791490116;0.663738321452163;0.751448851965982;762.000734027807;0.959920090029229;0.912719898446634;0.91083200324971;;;;;;;;;;;;;;;;;;709010.0;0.0;901.0;False;E:\Experiments\PTT\Spheroids\28042025\30042025 after laser\Analysis\2025-04-30_155814_tube6_cropped_8bits\6_0901_0_8bits.tiff;E:\Experiments\PTT\Spheroids\28042025\30042025 after laser\Analysis\2025-04-30_155814_tube6_segmentationDebug\6_0901_0_segmented.tiff;2907.0;(75. 80);339.13708305358887;0.7207140200818148;60.8383707584705;0.3176174355347554;0.878480798146751;1136.3975361025668;0.938705746878148;0.8592321451649237;0.8673124976261903;103.8827887286678;41.0;Alive
2;Tube 6;805010.0;;;;;;;;;;;;;;;;;;;;;;;;;;;;;;;;;;;805010.0;0.0;501.0;False;E:\Experiments\PTT\Spheroids\28042025\30042025 after laser\Analysis\2025-04-30_155814_tube6_cropped_8bits\7_0501_0_8bits.tiff;E:\Experiments\PTT\Spheroids\28042025\30042025 after laser\Analysis\2025-04-30_155814_tube6_segmentationDebug\7_0501_0_segmented.tiff;2387.0;(71. 69);225.39696860313416;0.8844016302334198;55.12914649514206;0.5904269074465832;0.918512003799826;1118.623360377165;0.9545136396273216;0.8861160361692064;0.8733198266594536;4.35176610662786;49.0;Dead
2;Tube 6;806010.0;806010.0;0.0;601.0;False;G:\Experiments\PTT\Spheroids\28042025\29042025\Analysis\2025-04-29_103732_tube6_cropped_8bits2\8_0601_0_8bits.tiff;G:\Experiments\PTT\Spheroids\28042025\29042025\Analysis\2025-04-29_103732_tube6_segmentationDebug2\8_0601_0_segmented.tiff;1749.5;(75. 77);204.124890685081;0.825235849056603;47.1967433570809;0.527632915560399;0.765495065321831;793.588934536056;0.965338491906829;0.914998943731091;0.901775685721104;;;;;;;;;;;;;;;;;;;;;;;;;;;;;;;;;;;;;
2;Tube 6;903010.0;;;;;;;;;;;;;;;;;;;;;;;;;;;;;;;;;;;903010.0;0.0;301.0;False;E:\Experiments\PTT\Spheroids\28042025\30042025 after laser\Analysis\2025-04-30_155814_tube6_cropped_8bits\8_0301_0_8bits.tiff;E:\Experiments\PTT\Spheroids\28042025\30042025 after laser\Analysis\2025-04-30_155814_tube6_segmentationDebug\8_0301_0_segmented.tiff;2110.0;(66. 74);193.88224971294403;0.9248301555993864;51.831799499835945;0.7053687553713812;0.9145550355624518;1037.5777445947544;0.9644957496595872;0.899762392304929;0.858349684728035;101.44198968117476;46.0;Alive
2;Tube 7;1002040.0;1002040.0;0.0;204.0;False;G:\Experiments\PTT\Spheroids\28042025\29042025\Analysis\2025-04-29_102721_tube7_cropped_8bits2\10_0204_0_8bits.tiff;G:\Experiments\PTT\Spheroids\28042025\29042025\Analysis\2025-04-29_102721_tube7_segmentationDebug2\10_0204_0_segmented.tiff;1726.0;(73. 76);169.539104104042;0.941882673942701;46.8786886998014;0.754589725648912;0.887905108739961;731.67619523539;0.972130683788954;0.917511348625447;0.90816529553421;;;;;;;;;;;;;;;;;;;;;;;;;;;;;;;;;;;;;
2;Tube 7;105050.0;105050.0;0.0;505.0;False;G:\Experiments\PTT\Spheroids\28042025\29042025\Analysis\2025-04-29_102721_tube7_cropped_8bits2\1_0505_0_8bits.tiff;G:\Experiments\PTT\Spheroids\28042025\29042025\Analysis\2025-04-29_102721_tube7_segmentationDebug2\1_0505_0_segmented.tiff;2670.0;(70. 71);254.50966656208;0.849101605978693;58.3056565389918;0.517979487307439;0.722285315259221;756.311626472219;0.945408730369552;0.872982871902637;0.913215858005208;;;;;;;;;;;;;;;;;;;;;;;;;;;;;;;;;;;;;
2;Tube 7;1102070.0;1102070.0;0.0;207.0;False;G:\Experiments\PTT\Spheroids\28042025\29042025\Analysis\2025-04-29_102721_tube7_cropped_8bits2\11_0207_0_8bits.tiff;G:\Experiments\PTT\Spheroids\28042025\29042025\Analysis\2025-04-29_102721_tube7_segmentationDebug2\11_0207_0_segmented.tiff;1742.5;(73. 69);194.124890208244;0.878276209677419;47.1022282562196;0.58105896283788;0.917530926276145;645.567488376153;0.971579076905567;0.915785253108756;0.905016363070325;;;;;;;;;;;;;;;;;;1102070.0;0.0;207.0;False;E:\Experiments\PTT\Spheroids\28042025\30042025 after laser\Analysis\2025-04-30_160840_tube7_cropped_8bits\11_0207_0_8bits.tiff;E:\Experiments\PTT\Spheroids\28042025\30042025 after laser\Analysis\2025-04-30_160840_tube7_segmentationDebug\11_0207_0_segmented.tiff;2118.0;(86. 80);233.6812390089035;0.8374851720047449;51.92996587471509;0.4874029197635755;0.8926358092645814;1023.0933108840904;0.963362734619584;0.8979502187975924;0.8688326016458772;46.404947744410634;67.0;Dead
2;Tube 7;1202100.0;1202100.0;0.0;210.0;False;G:\Experiments\PTT\Spheroids\28042025\29042025\Analysis\2025-04-29_102721_tube7_cropped_8bits2\12_0210_0_8bits.tiff;G:\Experiments\PTT\Spheroids\28042025\29042025\Analysis\2025-04-29_102721_tube7_segmentationDebug2\12_0210_0_segmented.tiff;1666.5;(80. 79);194.468036174774;0.880348652931854;46.063583244263;0.553756357141328;0.867774312426424;600.458960896591;0.979128843246964;0.919588077528127;0.932993520440448;;;;;;;;;;;;;;;;;;1202100.0;0.0;210.0;False;E:\Experiments\PTT\Spheroids\28042025\30042025 after laser\Analysis\2025-04-30_160840_tube7_cropped_8bits\12_0210_0_8bits.tiff;E:\Experiments\PTT\Spheroids\28042025\30042025 after laser\Analysis\2025-04-30_160840_tube7_segmentationDebug\12_0210_0_segmented.tiff;2197.5;(65. 82);260.2670258283615;0.7839814484480914;52.89559433029863;0.4076622050568346;0.6993944640414967;766.7586460180727;0.9753322618497512;0.8942285461119606;0.9093334212894406;2.881333509723509;58.0;Dead
2;Tube 7;1302120.0;;;;;;;;;;;;;;;;;;;;;;;;;;;;;;;;;;;1302120.0;0.0;212.0;False;E:\Experiments\PTT\Spheroids\28042025\30042025 after laser\Analysis\2025-04-30_160840_tube7_cropped_8bits\13_0212_0_8bits.tiff;E:\Experiments\PTT\Spheroids\28042025\30042025 after laser\Analysis\2025-04-30_160840_tube7_segmentationDebug\13_0212_0_segmented.tiff;2319.5;(77. 72);259.4385983943939;0.8345026083828027;54.3440808553536;0.4330470276636144;0.604697733645708;743.8711725917186;0.966233317541276;0.8615563630132508;0.9065479372684264;75.30758036777351;56.0;Alive
2;Tube 7;1302130.0;1302130.0;0.0;213.0;False;G:\Experiments\PTT\Spheroids\28042025\29042025\Analysis\2025-04-29_102721_tube7_cropped_8bits2\13_0213_0_8bits.tiff;G:\Experiments\PTT\Spheroids\28042025\29042025\Analysis\2025-04-29_102721_tube7_segmentationDebug2\13_0213_0_segmented.tiff;1802.5;(76. 73);173.639608979225;0.943223443223443;47.9063073027459;0.751255282968811;0.890383446551659;545.616947565543;0.966009410030285;0.914008564583289;0.923059782763758;;;;;;;;;;;;;;;;;;;;;;;;;;;;;;;;;;;;;
2;Tube 7;1402150.0;;;;;;;;;;;;;;;;;;;;;;;;;;;;;;;;;;;1402150.0;0.0;215.0;False;E:\Experiments\PTT\Spheroids\28042025\30042025 after laser\Analysis\2025-04-30_160840_tube7_cropped_8bits\14_0215_0_8bits.tiff;E:\Experiments\PTT\Spheroids\28042025\30042025 after laser\Analysis\2025-04-30_160840_tube7_segmentationDebug\14_0215_0_segmented.tiff;1849.0;(72. 82);250.651801109314;0.7795109612141653;48.52030418510704;0.3698325362538719;0.6149238371083758;961.67767179036;0.9768603440818204;0.9097021044344492;0.8704541997036954;45.3631432729197;53.0;Dead
2;Tube 7;1402160.0;1402160.0;0.0;216.0;False;G:\Experiments\PTT\Spheroids\28042025\29042025\Analysis\2025-04-29_102721_tube7_cropped_8bits2\14_0216_0_8bits.tiff;G:\Experiments\PTT\Spheroids\28042025\29042025\Analysis\2025-04-29_102721_tube7_segmentationDebug2\14_0216_0_segmented.tiff;1484.5;(76. 78);162.811182498931;0.916358024691358;43.4755575485737;0.70375518042529;0.832080551577535;642.586765625666;0.969871378086459;0.928277286848505;0.900647022295648;;;;;;;;;;;;;;;;;;;;;;;;;;;;;;;;;;;;;
2;Tube 7;1502180.0;;;;;;;;;;;;;;;;;;;;;;;;;;;;;;;;;;;1502180.0;0.0;218.0;False;E:\Experiments\PTT\Spheroids\28042025\30042025 after laser\Analysis\2025-04-30_160840_tube7_cropped_8bits\15_0218_0_8bits.tiff;E:\Experiments\PTT\Spheroids\28042025\30042025 after laser\Analysis\2025-04-30_160840_tube7_segmentationDebug\15_0218_0_segmented.tiff;1857.0;(69. 77);253.33809328079224;0.7624717717101211;48.62515639638805;0.363597403031448;0.7418765117368369;867.0425171897409;0.969517258179556;0.908781799202882;0.8697961327156324;72.74771795211007;52.0;Alive
2;Tube 7;1502190.0;1502190.0;0.0;219.0;False;G:\Experiments\PTT\Spheroids\28042025\29042025\Analysis\2025-04-29_102721_tube7_cropped_8bits2\15_0219_0_8bits.tiff;G:\Experiments\PTT\Spheroids\28042025\29042025\Analysis\2025-04-29_102721_tube7_segmentationDebug2\15_0219_0_segmented.tiff;1372.5;(80. 73);150.468036055564;0.939103660622647;41.8033643998782;0.76178727199173;0.827197551712798;654.401385753084;0.972795229703875;0.933650253665869;0.909287835165845;;;;;;;;;;;;;;;;;;;;;;;;;;;;;;;;;;;;;
2;Tube 7;1602210.0;;;;;;;;;;;;;;;;;;;;;;;;;;;;;;;;;;;1602210.0;0.0;221.0;False;E:\Experiments\PTT\Spheroids\28042025\30042025 after laser\Analysis\2025-04-30_160840_tube7_cropped_8bits\16_0221_0_8bits.tiff;E:\Experiments\PTT\Spheroids\28042025\30042025 after laser\Analysis\2025-04-30_160840_tube7_segmentationDebug\16_0221_0_segmented.tiff;1153.5;(61. 79);158.32590067386627;0.8751896813353566;38.32338469984104;0.5782605012016243;0.7943146545925506;1005.4056462219032;0.983156213956372;0.9435276702161748;0.8716244486898044;2.238391321603386;63.4;Dead
2;Tube 7;1602220.0;1602220.0;0.0;222.0;False;G:\Experiments\PTT\Spheroids\28042025\29042025\Analysis\2025-04-29_102721_tube7_cropped_8bits2\16_0222_0_8bits.tiff;G:\Experiments\PTT\Spheroids\28042025\29042025\Analysis\2025-04-29_102721_tube7_segmentationDebug2\16_0222_0_segmented.tiff;1127.0;(84. 73);148.225395560264;0.905584572117316;37.880614658642;0.644597392040874;0.782542955595423;581.015531328922;0.975417651135298;0.94442929597393;0.890419367572304;;;;;;;;;;;;;;;;;;;;;;;;;;;;;;;;;;;;;
2;Tube 7;1704240.0;1704240.0;0.0;424.0;False;G:\Experiments\PTT\Spheroids\28042025\29042025\Analysis\2025-04-29_102721_tube7_cropped_8bits2\17_0424_0_8bits.tiff;G:\Experiments\PTT\Spheroids\28042025\29042025\Analysis\2025-04-29_102721_tube7_segmentationDebug2\17_0424_0_segmented.tiff;645.5;(71. 82);99.4974738359451;0.959851301115241;28.6683819935228;0.819373665405208;0.944578454692039;621.24684759807;0.982617116406453;0.967801576303736;0.882425501018822;;;;;;;;;;;;;;;;;;;;;;;;;;;;;;;;;;;;;
2;Tube 7;1807240.0;1807240.0;0.0;724.0;False;G:\Experiments\PTT\Spheroids\28042025\29042025\Analysis\2025-04-29_102721_tube7_cropped_8bits2\18_0724_0_8bits.tiff;G:\Experiments\PTT\Spheroids\28042025\29042025\Analysis\2025-04-29_102721_tube7_segmentationDebug2\18_0724_0_segmented.tiff;832.0;(79. 72);128.769551992416;0.878100263852242;32.5474315610257;0.630531547899991;0.778958118492976;601.930424152488;0.981741208201562;0.95857083537647;0.906709938785023;;;;;;;;;;;;;;;;;;;;;;;;;;;;;;;;;;;;;
2;Tube 7;1910240.0;1910240.0;0.0;1024.0;False;G:\Experiments\PTT\Spheroids\28042025\29042025\Analysis\2025-04-29_102721_tube7_cropped_8bits2\19_1024_0_8bits.tiff;G:\Experiments\PTT\Spheroids\28042025\29042025\Analysis\2025-04-29_102721_tube7_segmentationDebug2\19_1024_0_segmented.tiff;1019.5;(74. 79);161.497473835945;0.839094650205761;36.0287068302138;0.49120822168483;0.854074666047371;569.444814995131;0.975334550234921;0.948944001749379;0.902405161986275;;;;;;;;;;;;;;;;;;;;;;;;;;;;;;;;;;;;;
2;Tube 7;2012240.0;;;;;;;;;;;;;;;;;;;;;;;;;;;;;;;;;;;2012240.0;0.0;1224.0;False;E:\Experiments\PTT\Spheroids\28042025\30042025 after laser\Analysis\2025-04-30_160840_tube7_cropped_8bits\20_1224_0_8bits.tiff;E:\Experiments\PTT\Spheroids\28042025\30042025 after laser\Analysis\2025-04-30_160840_tube7_segmentationDebug\20_1224_0_segmented.tiff;1118.5;(70. 89);296.69343090057373;0.4904626178469634;37.73749370038079;0.1596724507161663;0.4403870736603074;955.5890878537506;0.975293508966466;0.9400677628052808;0.7776214433096769;1.711535917449398;64.6;Dead
2;Tube 7;2013240.0;2013240.0;0.0;1324.0;False;G:\Experiments\PTT\Spheroids\28042025\29042025\Analysis\2025-04-29_102721_tube7_cropped_8bits2\20_1324_0_8bits.tiff;G:\Experiments\PTT\Spheroids\28042025\29042025\Analysis\2025-04-29_102721_tube7_segmentationDebug2\20_1324_0_segmented.tiff;885.0;(75. 73);116.426406264305;0.959349593495935;33.5680949279314;0.82044627985737;0.858701007071913;542.991766256052;0.978699062763823;0.956408410555151;0.896790743650015;;;;;;;;;;;;;;;;;;;;;;;;;;;;;;;;;;;;;
2;Tube 7;208050.0;208050.0;0.0;805.0;False;G:\Experiments\PTT\Spheroids\28042025\29042025\Analysis\2025-04-29_102721_tube7_cropped_8bits2\2_0805_0_8bits.tiff;G:\Experiments\PTT\Spheroids\28042025\29042025\Analysis\2025-04-29_102721_tube7_segmentationDebug2\2_0805_0_segmented.tiff;2477.0;(73. 76);236.509666085243;0.855317679558011;56.1588314720756;0.556465290919141;0.879487853009324;736.509576392019;0.947121372241332;0.881482587480995;0.896404280126897;;;;;;;;;;;;;;;;;;;;;;;;;;;;;;;;;;;;;
2;Tube 7;414050.0;;;;;;;;;;;;;;;;;;;;;;;;;;;;;;;;;;;414050.0;0.0;1405.0;False;E:\Experiments\PTT\Spheroids\28042025\30042025 after laser\Analysis\2025-04-30_160840_tube7_cropped_8bits\4_1405_0_8bits.tiff;E:\Experiments\PTT\Spheroids\28042025\30042025 after laser\Analysis\2025-04-30_160840_tube7_segmentationDebug\4_1405_0_segmented.tiff;2071.5;(83. 90);194.26702570915225;0.916187527642636;51.35674947773554;0.6897577988273415;0.9217632815101736;1017.1256994250438;0.9644098928653212;0.9012519773326144;0.8460264027917718;107.99047493054637;47.0;Alive
2;Tube 7;515020.0;515020.0;0.0;1502.0;False;G:\Experiments\PTT\Spheroids\28042025\29042025\Analysis\2025-04-29_102721_tube7_cropped_8bits2\5_1502_0_8bits.tiff;G:\Experiments\PTT\Spheroids\28042025\29042025\Analysis\2025-04-29_102721_tube7_segmentationDebug2\5_1502_0_segmented.tiff;1848.5;(77. 75);181.639608979225;0.928427925665494;48.5137433975461;0.704057618536551;0.794777513498034;791.277206131812;0.963455543732288;0.911506830852665;0.904371225161812;;;;;;;;;;;;;;;;;;;;;;;;;;;;;;;;;;;;;
2;Tube 7;611010.0;;;;;;;;;;;;;;;;;;;;;;;;;;;;;;;;;;;611010.0;0.0;1101.0;False;E:\Experiments\PTT\Spheroids\28042025\30042025 after laser\Analysis\2025-04-30_160840_tube7_cropped_8bits\6_1101_0_8bits.tiff;E:\Experiments\PTT\Spheroids\28042025\30042025 after laser\Analysis\2025-04-30_160840_tube7_segmentationDebug\6_1101_0_segmented.tiff;2354.5;(81. 75);216.12489020824432;0.8898337112622827;54.752557091691536;0.6334305239813652;0.942996202169424;979.732342531924;0.959267686770253;0.8881077255841723;0.8853192740966181;89.95237465273183;53.0;Alive
2;Tube 7;612010.0;612010.0;0.0;1201.0;False;G:\Experiments\PTT\Spheroids\28042025\29042025\Analysis\2025-04-29_102721_tube7_cropped_8bits2\6_1201_0_8bits.tiff;G:\Experiments\PTT\Spheroids\28042025\29042025\Analysis\2025-04-29_102721_tube7_segmentationDebug2\6_1201_0_segmented.tiff;1763.5;(75. 71);182.124890446662;0.907850707850707;47.3852079993373;0.668108075187954;0.812330726436484;675.57829398962;0.963312713156534;0.915456080400671;0.910317926462523;;;;;;;;;;;;;;;;;;;;;;;;;;;;;;;;;;;;;
2;Tube 7;708010.0;;;;;;;;;;;;;;;;;;;;;;;;;;;;;;;;;;;708010.0;0.0;801.0;False;E:\Experiments\PTT\Spheroids\28042025\30042025 after laser\Analysis\2025-04-30_160840_tube7_cropped_8bits\7_0801_0_8bits.tiff;E:\Experiments\PTT\Spheroids\28042025\30042025 after laser\Analysis\2025-04-30_160840_tube7_segmentationDebug\7_0801_0_segmented.tiff;2233.5;(82. 81);221.2964630126953;0.8812389031367134;53.32710870810442;0.5731217305702281;0.8577956685379456;1252.5404580317784;0.9678481960231664;0.8937190765376545;0.8419390435384518;86.85672708030162;56.0;Alive
2;Tube 7;709010.0;709010.0;0.0;901.0;False;G:\Experiments\PTT\Spheroids\28042025\29042025\Analysis\2025-04-29_102721_tube7_cropped_8bits2\7_0901_0_8bits.tiff;G:\Experiments\PTT\Spheroids\28042025\29042025\Analysis\2025-04-29_102721_tube7_segmentationDebug2\7_0901_0_segmented.tiff;2197.5;(79. 74);204.610171437263;0.902278792855676;52.8955943302986;0.659605562247152;0.882097432489994;829.692731509863;0.956840310252752;0.895201063796348;0.899110127566887;;;;;;;;;;;;;;;;;;;;;;;;;;;;;;;;;;;;;
2;Tube 7;805010.0;;;;;;;;;;;;;;;;;;;;;;;;;;;;;;;;;;;805010.0;0.0;501.0;False;E:\Experiments\PTT\Spheroids\28042025\30042025 after laser\Analysis\2025-04-30_160840_tube7_cropped_8bits\8_0501_0_8bits.tiff;E:\Experiments\PTT\Spheroids\28042025\30042025 after laser\Analysis\2025-04-30_160840_tube7_segmentationDebug\8_0501_0_segmented.tiff;2569.5;(74. 71);239.78174459934235;0.8739795918367347;57.197805991112986;0.5615989079693857;0.7120508340191926;1036.2078679454223;0.9598011017425154;0.8772837086734008;0.8742220334071029;5.03638047360762;77.0;Dead
2;Tube 7;806010.0;806010.0;0.0;601.0;False;G:\Experiments\PTT\Spheroids\28042025\29042025\Analysis\2025-04-29_102721_tube7_cropped_8bits2\8_0601_0_8bits.tiff;G:\Experiments\PTT\Spheroids\28042025\29042025\Analysis\2025-04-29_102721_tube7_segmentationDebug2\8_0601_0_segmented.tiff;1924.0;(76. 66);208.710676550865;0.861621137483206;49.4945742892132;0.555041683767506;0.953215763153588;747.439682918162;0.962201643774181;0.907080357526352;0.90049989204437;;;;;;;;;;;;;;;;;;;;;;;;;;;;;;;;;;;;;
2;Tube 7;903010.0;903010.0;0.0;301.0;False;G:\Experiments\PTT\Spheroids\28042025\29042025\Analysis\2025-04-29_102721_tube7_cropped_8bits2\9_0301_0_8bits.tiff;G:\Experiments\PTT\Spheroids\28042025\29042025\Analysis\2025-04-29_102721_tube7_segmentationDebug2\9_0301_0_segmented.tiff;1864.5;(71. 75);189.154327988624;0.90487745692793;48.7232504165999;0.654846764825281;0.95735768922944;790.209168547779;0.967980715484229;0.910475414293781;0.910133166476761;;;;;;;;;;;;;;;;;;;;;;;;;;;;;;;;;;;;;
2;Tube 8;1002050.0;;;;;;;;;;;;;;;;;;;;;;;;;;;;;;;;;;;1002050.0;0.0;205.0;False;E:\Experiments\PTT\Spheroids\28042025\30042025 after laser\Analysis\2025-04-30_161901_tube8_cropped_8bits\10_0205_0_8bits.tiff;E:\Experiments\PTT\Spheroids\28042025\30042025 after laser\Analysis\2025-04-30_161901_tube8_segmentationDebug\10_0205_0_segmented.tiff;2266.0;(82. 78);215.19595789909363;0.8822269807280514;53.71369293178304;0.6148958336675789;0.9565632267884986;1223.2706748914738;0.9597594655578228;0.8918550320288822;0.8549958936480452;-0.11608678396613326;62.5;Dead
2;Tube 8;105050.0;105050.0;0.0;505.0;False;G:\Experiments\PTT\Spheroids\28042025\29042025\Analysis\2025-04-29_101655_tube8_cropped_8bits2\1_0505_0_8bits.tiff;G:\Experiments\PTT\Spheroids\28042025\29042025\Analysis\2025-04-29_101655_tube8_segmentationDebug2\1_0505_0_segmented.tiff;2490.5;(75. 79);228.267025470733;0.89089608299052;56.3116603037321;0.600634191252477;0.869320017079834;952.996071522285;0.948597492033393;0.881323287366046;0.898532719451789;;;;;;;;;;;;;;;;;;;;;;;;;;;;;;;;;;;;;
2;Tube 8;107050.0;;;;;;;;;;;;;;;;;;;;;;;;;;;;;;;;;;;107050.0;0.0;705.0;False;E:\Experiments\PTT\Spheroids\28042025\30042025 after laser\Analysis\2025-04-30_161901_tube8_cropped_8bits\1_0705_0_8bits.tiff;E:\Experiments\PTT\Spheroids\28042025\30042025 after laser\Analysis\2025-04-30_161901_tube8_segmentationDebug\1_0705_0_segmented.tiff;2473.0;(68. 81);217.53910386562347;0.8981296531686944;56.11346891905772;0.6566883474625527;0.8724239836918612;1154.3400465358925;0.951942766856823;0.8827030039523449;0.8580986173949149;83.99920624421219;37.0;Alive
2;Tube 8;1102080.0;;;;;;;;;;;;;;;;;;;;;;;;;;;;;;;;;;;1102080.0;0.0;208.0;False;E:\Experiments\PTT\Spheroids\28042025\30042025 after laser\Analysis\2025-04-30_161901_tube8_cropped_8bits\11_0208_0_8bits.tiff;E:\Experiments\PTT\Spheroids\28042025\30042025 after laser\Analysis\2025-04-30_161901_tube8_segmentationDebug\11_0208_0_segmented.tiff;2215.0;(76. 72);211.5391039848328;0.8924254633360194;53.10579621461659;0.622017027647355;0.9696584679897192;1021.3510211342684;0.9607272119951464;0.8943675307626495;0.8659463448752595;76.08149226088106;50.0;Alive
2;Tube 8;1202100.0;1202100.0;0.0;210.0;False;G:\Experiments\PTT\Spheroids\28042025\29042025\Analysis\2025-04-29_101655_tube8_cropped_8bits2\12_0210_0_8bits.tiff;G:\Experiments\PTT\Spheroids\28042025\29042025\Analysis\2025-04-29_101655_tube8_segmentationDebug2\12_0210_0_segmented.tiff;1735.5;(78. 79);174.953317403793;0.926093916755603;47.0075231201121;0.7125086126245;0.798608118775942;285.495145206089;0.984631054693431;0.917154674482752;0.935127831320664;;;;;;;;;;;;;;;;;;1202100.0;0.0;210.0;False;E:\Experiments\PTT\Spheroids\28042025\30042025 after laser\Analysis\2025-04-30_161901_tube8_cropped_8bits\12_0210_0_8bits.tiff;E:\Experiments\PTT\Spheroids\28042025\30042025 after laser\Analysis\2025-04-30_161901_tube8_segmentationDebug\12_0210_0_segmented.tiff;2055.0;(70. 80);191.39696860313416;0.9252588923908148;51.151806072031896;0.7049390682995134;0.9262705692957682;992.1838536034412;0.9726687020586744;0.9020992649620508;0.9024738459309064;4.607752348194206;71.0;Dead
2;Tube 8;1302130.0;1302130.0;0.0;213.0;False;G:\Experiments\PTT\Spheroids\28042025\29042025\Analysis\2025-04-29_101655_tube8_cropped_8bits2\13_0213_0_8bits.tiff;G:\Experiments\PTT\Spheroids\28042025\29042025\Analysis\2025-04-29_101655_tube8_segmentationDebug2\13_0213_0_segmented.tiff;1566.5;(79. 75);169.296463370323;0.914210679894951;44.6601583833693;0.686822464853322;0.930182049249148;603.17765771028;0.980017812169726;0.924639191544997;0.916367470068646;;;;;;;;;;;;;;;;;;1302130.0;0.0;213.0;False;E:\Experiments\PTT\Spheroids\28042025\30042025 after laser\Analysis\2025-04-30_161901_tube8_cropped_8bits\13_0213_0_8bits.tiff;E:\Experiments\PTT\Spheroids\28042025\30042025 after laser\Analysis\2025-04-30_161901_tube8_segmentationDebug\13_0213_0_segmented.tiff;2173.5;(76. 77);219.78174424171448;0.8568894145476049;52.60595166406437;0.565439673548341;0.8643947015075444;1107.436644581472;0.956723263332708;0.8956981298174453;0.8503232553036623;91.85738854345813;42.0;Alive
2;Tube 8;1402160.0;1402160.0;0.0;216.0;False;G:\Experiments\PTT\Spheroids\28042025\29042025\Analysis\2025-04-29_101655_tube8_cropped_8bits2\14_0216_0_8bits.tiff;G:\Experiments\PTT\Spheroids\28042025\29042025\Analysis\2025-04-29_101655_tube8_segmentationDebug2\14_0216_0_segmented.tiff;1788.0;(76. 72);179.396968483924;0.915280266188891;47.7132298842414;0.698147486314523;0.865750783843976;871.660884827186;0.968691556581331;0.914121968404287;0.918254408217084;;;;;;;;;;;;;;;;;;1402160.0;0.0;216.0;False;E:\Experiments\PTT\Spheroids\28042025\30042025 after laser\Analysis\2025-04-30_161901_tube8_cropped_8bits\14_0216_0_8bits.tiff;E:\Experiments\PTT\Spheroids\28042025\30042025 after laser\Analysis\2025-04-30_161901_tube8_segmentationDebug\14_0216_0_segmented.tiff;1635.5;(77. 72);184.95331728458405;0.8850108225108225;45.63313790891832;0.6008086299612757;0.9326774623411236;1337.1747324710036;0.9706593245249102;0.9209510807328006;0.7989246837992794;73.46209816113242;51.0;Alive
2;Tube 8;1502190.0;1502190.0;0.0;219.0;False;G:\Experiments\PTT\Spheroids\28042025\29042025\Analysis\2025-04-29_101655_tube8_cropped_8bits2\15_0219_0_8bits.tiff;G:\Experiments\PTT\Spheroids\28042025\29042025\Analysis\2025-04-29_101655_tube8_segmentationDebug2\15_0219_0_segmented.tiff;1519.0;(76. 86);161.882249593734;0.938813349814585;43.9778452001995;0.728398723495932;0.844924286678778;773.092951135269;0.969364321320451;0.926587373523694;0.888967006511646;;;;;;;;;;;;;;;;;;1502190.0;0.0;219.0;False;E:\Experiments\PTT\Spheroids\28042025\30042025 after laser\Analysis\2025-04-30_161901_tube8_cropped_8bits\15_0219_0_8bits.tiff;E:\Experiments\PTT\Spheroids\28042025\30042025 after laser\Analysis\2025-04-30_161901_tube8_segmentationDebug\15_0219_0_segmented.tiff;2109.0;(81. 76);212.3675309419632;0.8679012345679012;51.819515627285234;0.5876384548455651;0.8452075810427264;1130.082867929358;0.9594082731642936;0.8987886749027478;0.8671385428628547;78.8794814128853;41.0;Alive
2;Tube 8;1602220.0;1602220.0;0.0;222.0;False;G:\Experiments\PTT\Spheroids\28042025\29042025\Analysis\2025-04-29_101655_tube8_cropped_8bits2\16_0222_0_8bits.tiff;G:\Experiments\PTT\Spheroids\28042025\29042025\Analysis\2025-04-29_101655_tube8_segmentationDebug2\16_0222_0_segmented.tiff;1671.0;(74. 72);187.539103865623;0.882725832012678;46.1257333736002;0.597038917263854;0.805084339515023;611.89078419382;0.962160799629696;0.918942784578272;0.903781173131454;;;;;;;;;;;;;;;;;;1602220.0;0.0;222.0;False;E:\Experiments\PTT\Spheroids\28042025\30042025 after laser\Analysis\2025-04-30_161901_tube8_cropped_8bits\16_0222_0_8bits.tiff;E:\Experiments\PTT\Spheroids\28042025\30042025 after laser\Analysis\2025-04-30_161901_tube8_segmentationDebug\16_0222_0_segmented.tiff;2260.0;(75. 73);272.99494755268097;0.8147080028839221;53.64253322785444;0.3810737943981788;0.8536907237091452;1070.2633032810377;0.9519385535550846;0.8900826551573885;0.8677947571848764;57.150416721788595;56.5;Alive
2;Tube 8;1704240.0;1704240.0;0.0;424.0;False;G:\Experiments\PTT\Spheroids\28042025\29042025\Analysis\2025-04-29_101655_tube8_cropped_8bits2\17_0424_0_8bits.tiff;G:\Experiments\PTT\Spheroids\28042025\29042025\Analysis\2025-04-29_101655_tube8_segmentationDebug2\17_0424_0_segmented.tiff;1843.5;(68. 52);187.296463608741;0.905451866404715;48.4480866569493;0.660379907518144;0.878358701046303;539.032931089984;0.949353706229867;0.894335360227048;0.910390483679905;;;;;;;;;;;;;;;;;;;;;;;;;;;;;;;;;;;;;
2;Tube 8;1806240.0;1806240.0;0.0;624.0;False;G:\Experiments\PTT\Spheroids\28042025\29042025\Analysis\2025-04-29_101655_tube8_cropped_8bits2\18_0624_0_8bits.tiff;G:\Experiments\PTT\Spheroids\28042025\29042025\Analysis\2025-04-29_101655_tube8_segmentationDebug2\18_0624_0_segmented.tiff;1567.0;(72. 78);169.053822636604;0.928317535545023;44.6672851939761;0.689015306011811;0.705816022566193;565.178847827631;0.972994795187309;0.924558844340964;0.926249866713486;;;;;;;;;;;;;;;;;;;;;;;;;;;;;;;;;;;;;
2;Tube 8;1909240.0;1909240.0;0.0;924.0;False;G:\Experiments\PTT\Spheroids\28042025\29042025\Analysis\2025-04-29_101655_tube8_cropped_8bits2\19_0924_0_8bits.tiff;G:\Experiments\PTT\Spheroids\28042025\29042025\Analysis\2025-04-29_101655_tube8_segmentationDebug2\19_0924_0_segmented.tiff;1312.5;(77. 78);144.468036174774;0.947311439913388;40.8794190573313;0.790252061796504;0.911819862580743;799.38100497227;0.974148626296435;0.936527583757658;0.888388824362035;;;;;;;;;;;;;;;;;;;;;;;;;;;;;;;;;;;;;
2;Tube 8;1910240.0;;;;;;;;;;;;;;;;;;;;;;;;;;;;;;;;;;;1910240.0;0.0;1024.0;False;E:\Experiments\PTT\Spheroids\28042025\30042025 after laser\Analysis\2025-04-30_161901_tube8_cropped_8bits\19_1024_0_8bits.tiff;E:\Experiments\PTT\Spheroids\28042025\30042025 after laser\Analysis\2025-04-30_161901_tube8_segmentationDebug\19_1024_0_segmented.tiff;1824.5;(74. 73);197.43859839439392;0.8577809120827457;48.19777535705672;0.5881520472511234;0.8087620271942146;1055.3227067243938;0.9620945218940152;0.9118051080522042;0.8462208731633787;86.38047360762005;49.5;Alive
2;Tube 8;2012240.0;2012240.0;0.0;1224.0;False;G:\Experiments\PTT\Spheroids\28042025\29042025\Analysis\2025-04-29_101655_tube8_cropped_8bits2\20_1224_0_8bits.tiff;G:\Experiments\PTT\Spheroids\28042025\29042025\Analysis\2025-04-29_101655_tube8_segmentationDebug2\20_1224_0_segmented.tiff;1401.0;(75. 80);232.166520237922;0.721607004893123;42.2351583656787;0.326624542971963;0.655102064838571;453.592085615458;0.972443323021767;0.929512307308845;0.88047986660905;;;;;;;;;;;;;;;;;;;;;;;;;;;;;;;;;;;;;
2;Tube 8;208050.0;208050.0;0.0;805.0;False;G:\Experiments\PTT\Spheroids\28042025\29042025\Analysis\2025-04-29_101655_tube8_cropped_8bits2\2_0805_0_8bits.tiff;G:\Experiments\PTT\Spheroids\28042025\29042025\Analysis\2025-04-29_101655_tube8_segmentationDebug2\2_0805_0_segmented.tiff;2525.0;(76. 75);248.852812170982;0.856222448287555;56.7003514138694;0.512372887492973;0.811030927106179;908.878602567152;0.949443045788072;0.87919917572016;0.901068210049766;;;;;;;;;;;;;;;;;;;;;;;;;;;;;;;;;;;;;
2;Tube 8;209050.0;;;;;;;;;;;;;;;;;;;;;;;;;;;;;;;;;;;209050.0;0.0;905.0;False;E:\Experiments\PTT\Spheroids\28042025\30042025 after laser\Analysis\2025-04-30_161901_tube8_cropped_8bits\2_0905_0_8bits.tiff;E:\Experiments\PTT\Spheroids\28042025\30042025 after laser\Analysis\2025-04-30_161901_tube8_segmentationDebug\2_0905_0_segmented.tiff;2828.5;(72. 72);234.1248903274536;0.9022328548644338;60.01131603525628;0.648441606709674;0.9261165341317876;1059.1284316913718;0.949787644779828;0.8662260085338334;0.8754797201382005;85.84468845085328;37.0;Alive
2;Tube 8;311050.0;311050.0;0.0;1105.0;False;G:\Experiments\PTT\Spheroids\28042025\29042025\Analysis\2025-04-29_101655_tube8_cropped_8bits2\3_1105_0_8bits.tiff;G:\Experiments\PTT\Spheroids\28042025\29042025\Analysis\2025-04-29_101655_tube8_segmentationDebug2\3_1105_0_segmented.tiff;2093.5;(73. 74);195.095452666282;0.910415307675581;51.6287418682952;0.691175818528859;0.900064044413175;928.945808646585;0.960054602542419;0.90021223768598;0.892281047738598;;;;;;;;;;;;;;;;;;;;;;;;;;;;;;;;;;;;;
2;Tube 8;313050.0;;;;;;;;;;;;;;;;;;;;;;;;;;;;;;;;;;;313050.0;0.0;1305.0;False;E:\Experiments\PTT\Spheroids\28042025\30042025 after laser\Analysis\2025-04-30_161901_tube8_cropped_8bits\3_1305_0_8bits.tiff;E:\Experiments\PTT\Spheroids\28042025\30042025 after laser\Analysis\2025-04-30_161901_tube8_segmentationDebug\3_1305_0_segmented.tiff;2651.5;(66. 74);243.6396089792252;0.8587854251012146;58.10331017132573;0.5613137848388096;0.8155934489900823;1101.1135154785982;0.9525436336272496;0.8737784122542763;0.8725943033797267;93.94099748644;37.0;Alive
2;Tube 8;414050.0;414050.0;0.0;1405.0;False;G:\Experiments\PTT\Spheroids\28042025\29042025\Analysis\2025-04-29_101655_tube8_cropped_8bits2\4_1405_0_8bits.tiff;G:\Experiments\PTT\Spheroids\28042025\29042025\Analysis\2025-04-29_101655_tube8_segmentationDebug2\4_1405_0_segmented.tiff;2170.5;(72. 71);198.124890089035;0.926969891095451;52.5696341232053;0.694850824097467;0.981631162825582;600.317658576953;0.958610756415476;0.865539312219767;0.900433621416659;;;;;;;;;;;;;;;;;;;;;;;;;;;;;;;;;;;;;
2;Tube 8;415040.0;;;;;;;;;;;;;;;;;;;;;;;;;;;;;;;;;;;415040.0;0.0;1504.0;False;E:\Experiments\PTT\Spheroids\28042025\30042025 after laser\Analysis\2025-04-30_161901_tube8_cropped_8bits\4_1504_0_8bits.tiff;E:\Experiments\PTT\Spheroids\28042025\30042025 after laser\Analysis\2025-04-30_161901_tube8_segmentationDebug\4_1504_0_segmented.tiff;2687.5;(70. 83);218.26702547073364;0.9210075394105552;58.49642105698219;0.7088952674792391;0.8913842485533956;997.1260081128218;0.9516855837472016;0.8733150741020187;0.85956914165901;102.98981346738987;37.0;Alive
2;Tube 8;514010.0;;;;;;;;;;;;;;;;;;;;;;;;;;;;;;;;;;;514010.0;0.0;1401.0;False;E:\Experiments\PTT\Spheroids\28042025\30042025 after laser\Analysis\2025-04-30_161901_tube8_cropped_8bits\5_1401_0_8bits.tiff;E:\Experiments\PTT\Spheroids\28042025\30042025 after laser\Analysis\2025-04-30_161901_tube8_segmentationDebug\5_1401_0_segmented.tiff;2786.5;(72. 83);245.09545278549197;0.8932521237377785;59.56409985389296;0.5829058361167705;0.8622529024877422;1097.0776527109306;0.9522919747367788;0.8678339395518243;0.8674186889706179;88.10689244609075;59.0;Alive
2;Tube 8;515020.0;515020.0;0.0;1502.0;False;G:\Experiments\PTT\Spheroids\28042025\29042025\Analysis\2025-04-29_101655_tube8_cropped_8bits2\5_1502_0_8bits.tiff;G:\Experiments\PTT\Spheroids\28042025\29042025\Analysis\2025-04-29_101655_tube8_segmentationDebug2\5_1502_0_segmented.tiff;2065.5;(76. 70);189.438598632812;0.929358830146231;51.282319366917;0.723266114504015;0.754975781863708;929.418426246239;0.961431547580523;0.901437122813621;0.889371936882423;;;;;;;;;;;;;;;;;;;;;;;;;;;;;;;;;;;;;
2;Tube 8;611010.0;;;;;;;;;;;;;;;;;;;;;;;;;;;;;;;;;;;611010.0;0.0;1101.0;False;E:\Experiments\PTT\Spheroids\28042025\30042025 after laser\Analysis\2025-04-30_161901_tube8_cropped_8bits\6_1101_0_8bits.tiff;E:\Experiments\PTT\Spheroids\28042025\30042025 after laser\Analysis\2025-04-30_161901_tube8_segmentationDebug\6_1101_0_segmented.tiff;3031.0;(75. 70);280.99494755268097;0.8516437201461085;62.1223716554051;0.4823905352751793;0.8799165172192869;1082.5372878255523;0.943525727816716;0.8559183684335895;0.8689928065793538;1.4734091811086123;56.0;Dead
2;Tube 8;612010.0;612010.0;0.0;1201.0;False;G:\Experiments\PTT\Spheroids\28042025\29042025\Analysis\2025-04-29_101655_tube8_cropped_8bits2\6_1201_0_8bits.tiff;G:\Experiments\PTT\Spheroids\28042025\29042025\Analysis\2025-04-29_101655_tube8_segmentationDebug2\6_1201_0_segmented.tiff;2197.0;(73. 74);200.367530703544;0.923885618166526;52.8895762866668;0.687678155362341;0.940795423658875;973.365514171102;0.961377214238909;0.895473030141088;0.89568888977839;;;;;;;;;;;;;;;;;;;;;;;;;;;;;;;;;;;;;
2;Tube 8;708010.0;;;;;;;;;;;;;;;;;;;;;;;;;;;;;;;;;;;708010.0;0.0;801.0;False;E:\Experiments\PTT\Spheroids\28042025\30042025 after laser\Analysis\2025-04-30_161901_tube8_cropped_8bits\7_0801_0_8bits.tiff;E:\Experiments\PTT\Spheroids\28042025\30042025 after laser\Analysis\2025-04-30_161901_tube8_segmentationDebug\7_0801_0_segmented.tiff;2992.0;(69. 78);318.5096663236618;0.7666880204996797;61.72141215046531;0.3706177532923925;0.7384736722812667;1013.8487548976506;0.9456866076236454;0.8564646517943886;0.8933325835981629;85.13030824183093;41.0;Alive
2;Tube 8;709010.0;709010.0;0.0;901.0;False;G:\Experiments\PTT\Spheroids\28042025\29042025\Analysis\2025-04-29_101655_tube8_cropped_8bits2\7_0901_0_8bits.tiff;G:\Experiments\PTT\Spheroids\28042025\29042025\Analysis\2025-04-29_101655_tube8_segmentationDebug2\7_0901_0_segmented.tiff;2296.5;(73. 77);200.610171318054;0.927504038772213;54.0739735407367;0.717084633708589;0.949222091089787;640.756631857572;0.969648493849377;0.891223209000915;0.953628280887481;;;;;;;;;;;;;;;;;;;;;;;;;;;;;;;;;;;;;
2;Tube 8;806010.0;806010.0;0.0;601.0;False;G:\Experiments\PTT\Spheroids\28042025\29042025\Analysis\2025-04-29_101655_tube8_cropped_8bits2\8_0601_0_8bits.tiff;G:\Experiments\PTT\Spheroids\28042025\29042025\Analysis\2025-04-29_101655_tube8_segmentationDebug2\8_0601_0_segmented.tiff;2245.0;(74. 74);227.338093876838;0.884206380464749;53.4642196046144;0.545860640835325;0.810936876484233;873.900582384673;0.956061116002903;0.89247176374711;0.920795572986525;;;;;;;;;;;;;;;;;;;;;;;;;;;;;;;;;;;;;
2;Tube 8;903010.0;903010.0;0.0;301.0;False;G:\Experiments\PTT\Spheroids\28042025\29042025\Analysis\2025-04-29_101655_tube8_cropped_8bits2\9_0301_0_8bits.tiff;G:\Experiments\PTT\Spheroids\28042025\29042025\Analysis\2025-04-29_101655_tube8_segmentationDebug2\9_0301_0_segmented.tiff;1756.0;(71. 73);174.710676908493;0.92664907651715;47.2843382163158;0.722928727347647;0.880449482678726;751.453342490842;0.965747199971178;0.915810654143257;0.922446207351209;;;;;;;;;;;;;;;;;;903010.0;0.0;301.0;False;E:\Experiments\PTT\Spheroids\28042025\30042025 after laser\Analysis\2025-04-30_161901_tube8_cropped_8bits\9_0301_0_8bits.tiff;E:\Experiments\PTT\Spheroids\28042025\30042025 after laser\Analysis\2025-04-30_161901_tube8_segmentationDebug\9_0301_0_segmented.tiff;2632.5;(80. 32);534.7523068189621;0.4751805054151624;57.89475884322618;0.1156838970921843;0.4405927788157887;799.3584791069475;0.96438582851289;0.841238377776619;0.8855176704287924;90.78581822992459;51.0;Alive
3;Tube 5;1002030.0;;;;;;;;;;;;;;;;;;1002030.0;0.0;203.0;False;G:\Experiments\PTT\Spheroids\22042025\24042025 before laser\Analysis\2025-04-24_102858_tube5_cropped_8bits2\9_0203_0_8bits.tiff;G:\Experiments\PTT\Spheroids\22042025\24042025 before laser\Analysis\2025-04-24_102858_tube5_segmentationDebug2\9_0203_0_segmented.tiff;1265.0;(81. 82);154.225395560264;0.909090909090909;40.1328795888107;0.668326380165836;0.751595065457792;664.232042167918;0.977621314107693;0.938395094303101;0.899895287771059;;;;;;;;;;;;;;;;;;;;
3;Tube 5;1002040.0;1002040.0;0.0;204.0;False;G:\Experiments\PTT\Spheroids\22042025\23042025\Analysis\2025-04-23_132043_tube5_cropped_8bits2\10_0204_0_8bits.tiff;G:\Experiments\PTT\Spheroids\22042025\23042025\Analysis\2025-04-23_132043_tube5_segmentationDebug2\10_0204_0_segmented.tiff;1219.0;(79. 74);142.911687254905;0.92313517606967;39.3964339126292;0.75002903547882;0.934029764265699;451.042351046698;0.973930878194887;0.940839500612323;0.912430325348416;;;;;;;;;;;;;;;;;;1002040.0;0.0;204.0;False;E:\Experiments\PTT\Spheroids\22042025\24042025 after laser\Analysis\2025-04-24_151100_tube5_cropped_8bits\10_0204_0_8bits.tiff;E:\Experiments\PTT\Spheroids\22042025\24042025 after laser\Analysis\2025-04-24_151100_tube5_segmentationDebug\10_0204_0_segmented.tiff;1412.0;(80. 74);155.3969680070877;0.9262053132174484;42.40063958439837;0.7347836413040043;0.8533850791384698;812.3403348018999;0.974209777356086;0.9319518046168764;0.8732422222236053;59.49367088607595;45.0;Alive
3;Tube 5;104050.0;104050.0;0.0;405.0;False;G:\Experiments\PTT\Spheroids\22042025\23042025\Analysis\2025-04-23_132043_tube5_cropped_8bits2\1_0405_0_8bits.tiff;G:\Experiments\PTT\Spheroids\22042025\23042025\Analysis\2025-04-23_132043_tube5_segmentationDebug2\1_0405_0_segmented.tiff;2074.5;(74. 78);210.953317165374;0.883517887563884;51.3939241112516;0.585801642971493;0.872232137837;722.184252486228;0.955447362228285;0.900240648232247;0.890503701849349;;;;;;;;;;;;;;;;;;;;;;;;;;;;;;;;;;;;;
3;Tube 5;1102060.0;;;;;;;;;;;;;;;;;;1102060.0;0.0;206.0;False;G:\Experiments\PTT\Spheroids\22042025\24042025 before laser\Analysis\2025-04-24_102858_tube5_cropped_8bits2\10_0206_0_8bits.tiff;G:\Experiments\PTT\Spheroids\22042025\24042025 before laser\Analysis\2025-04-24_102858_tube5_segmentationDebug2\10_0206_0_segmented.tiff;1560.0;(72. 85);200.710676670074;0.811021575253444;44.5674061370734;0.48662398644343;0.740489067166451;675.008998769878;0.965564901383645;0.923972606052139;0.905849732190427;;;;;;;;;;;;;;;;;;;;
3;Tube 5;1102070.0;1102070.0;0.0;207.0;False;G:\Experiments\PTT\Spheroids\22042025\23042025\Analysis\2025-04-23_132043_tube5_cropped_8bits2\11_0207_0_8bits.tiff;G:\Experiments\PTT\Spheroids\22042025\23042025\Analysis\2025-04-23_132043_tube5_segmentationDebug2\11_0207_0_segmented.tiff;1478.5;(71. 73);173.982754945755;0.902349710100701;43.3876096010247;0.613788554864701;0.875083821906296;754.777823844626;0.969965206054917;0.928297663148299;0.918501146270438;;;;;;;;;;;;;;;;;;1102070.0;0.0;207.0;False;E:\Experiments\PTT\Spheroids\22042025\24042025 after laser\Analysis\2025-04-24_151100_tube5_cropped_8bits\11_0207_0_8bits.tiff;E:\Experiments\PTT\Spheroids\22042025\24042025 after laser\Analysis\2025-04-24_151100_tube5_segmentationDebug\11_0207_0_segmented.tiff;1631.5;(76. 74);198.4680359363556;0.8343134748146254;45.5773004601569;0.5204940848972275;0.8294142224049758;770.1316371667742;0.9767197018756434;0.9207307198800836;0.8802351561221997;73.01495972382048;48.8;Alive
3;Tube 5;1202090.0;;;;;;;;;;;;;;;;;;1202090.0;0.0;209.0;False;G:\Experiments\PTT\Spheroids\22042025\24042025 before laser\Analysis\2025-04-24_102858_tube5_cropped_8bits2\11_0209_0_8bits.tiff;G:\Experiments\PTT\Spheroids\22042025\24042025 before laser\Analysis\2025-04-24_102858_tube5_segmentationDebug2\11_0209_0_segmented.tiff;1228.5;(73. 68);153.639608740806;0.899670450384474;39.5496495649095;0.654001342467789;0.914803321141167;577.851405557197;0.974505113294533;0.939920346623258;0.904134034273484;;;;;;;;;;;;;;;;;;;;
3;Tube 5;1202100.0;1202100.0;0.0;210.0;True;G:\Experiments\PTT\Spheroids\22042025\23042025\Analysis\2025-04-23_132043_tube5_cropped_8bits2\12_0210_0_8bits.tiff;G:\Experiments\PTT\Spheroids\22042025\23042025\Analysis\2025-04-23_132043_tube5_segmentationDebug2\12_0210_0_segmented.tiff;1006.0;(74. 78);122.568541646003;0.968238691049085;35.7893696787687;0.841491642834851;0.87773069521473;441.540320572673;0.97896171817942;0.951021190850499;0.92771887785633;;;;;;;;;;;;;;;;;;1202100.0;0.0;210.0;False;E:\Experiments\PTT\Spheroids\22042025\24042025 after laser\Analysis\2025-04-24_151100_tube5_cropped_8bits\12_0210_0_8bits.tiff;E:\Experiments\PTT\Spheroids\22042025\24042025 after laser\Analysis\2025-04-24_151100_tube5_segmentationDebug\12_0210_0_segmented.tiff;1220.5;(70. 77);153.154327750206;0.9057513914656772;39.420665447824014;0.6538665205025123;0.7888160785634101;627.4494957661237;0.9840252281799856;0.9406112351914891;0.903599942345644;34.263521288837744;52.5;Dead
3;Tube 5;1202101.0;1202101.0;0.0;210.0;True;G:\Experiments\PTT\Spheroids\22042025\23042025\Analysis\2025-04-23_132043_tube5_cropped_8bits2\12_0210_1_8bits.tiff;G:\Experiments\PTT\Spheroids\22042025\23042025\Analysis\2025-04-23_132043_tube5_segmentationDebug2\12_0210_1_segmented.tiff;554.5;(79. 74);94.6690466403961;0.939830508474576;26.5708736694081;0.777491065953689;0.888144775336739;348.535556592039;0.988162251229363;0.972018310379957;0.915532127456295;;;;;;;;;;;;;;;;;;;;;;;;;;;;;;;;;;;;;
3;Tube 5;1302120.0;;;;;;;;;;;;;;;;;;1302120.0;0.0;212.0;False;G:\Experiments\PTT\Spheroids\22042025\24042025 before laser\Analysis\2025-04-24_102858_tube5_cropped_8bits2\12_0212_0_8bits.tiff;G:\Experiments\PTT\Spheroids\22042025\24042025 before laser\Analysis\2025-04-24_102858_tube5_segmentationDebug2\12_0212_0_segmented.tiff;1265.5;(66. 71);156.811182022094;0.878514404720583;40.1408102043587;0.64672247897391;0.941832566453349;687.280031545741;0.97379578656673;0.93827439520263;0.899288347522536;;;;;;;;;;;;;;;;;;;;
3;Tube 5;1302130.0;1302130.0;0.0;213.0;False;G:\Experiments\PTT\Spheroids\22042025\23042025\Analysis\2025-04-23_132043_tube5_cropped_8bits2\13_0213_0_8bits.tiff;G:\Experiments\PTT\Spheroids\22042025\23042025\Analysis\2025-04-23_132043_tube5_segmentationDebug2\13_0213_0_segmented.tiff;1432.0;(82. 71);171.882249474525;0.889164855634896;42.6998715227663;0.609103120454797;0.613702765650327;781.686102332493;0.968725737332271;0.930570028182388;0.913025502605385;;;;;;;;;;;;;;;;;;;;;;;;;;;;;;;;;;;;;
3;Tube 5;1302140.0;;;;;;;;;;;;;;;;;;;;;;;;;;;;;;;;;;;1302140.0;0.0;214.0;False;E:\Experiments\PTT\Spheroids\22042025\24042025 after laser\Analysis\2025-04-24_151100_tube5_cropped_8bits\13_0214_0_8bits.tiff;E:\Experiments\PTT\Spheroids\22042025\24042025 after laser\Analysis\2025-04-24_151100_tube5_segmentationDebug\13_0214_0_segmented.tiff;1294.0;(77. 80);145.05382239818573;0.9397240377632534;40.59029404780533;0.7728332257927031;0.8379950593199169;705.211879451759;0.9805181806666212;0.9374308276409328;0.889169629164473;44.59148446490219;53.8;Dead
3;Tube 5;1402150.0;;;;;;;;;;;;;;;;;;1402150.0;0.0;215.0;False;G:\Experiments\PTT\Spheroids\22042025\24042025 before laser\Analysis\2025-04-24_102858_tube5_cropped_8bits2\13_0215_0_8bits.tiff;G:\Experiments\PTT\Spheroids\22042025\24042025 before laser\Analysis\2025-04-24_102858_tube5_segmentationDebug2\13_0215_0_segmented.tiff;1162.0;(75. 67);139.740114331245;0.938610662358643;38.464325692546;0.747779927993707;0.860210651202726;569.737734848962;0.978422783389542;0.943361483737275;0.903441509272871;;;;;;;;;;;;;;;;;;;;
3;Tube 5;1402160.0;1402160.0;0.0;216.0;False;G:\Experiments\PTT\Spheroids\22042025\23042025\Analysis\2025-04-23_132043_tube5_cropped_8bits2\14_0216_0_8bits.tiff;G:\Experiments\PTT\Spheroids\22042025\23042025\Analysis\2025-04-23_132043_tube5_segmentationDebug2\14_0216_0_segmented.tiff;1271.0;(79. 82);178.911687374115;0.848747913188647;40.2279437873524;0.498974085830805;0.751647262051754;641.481347111035;0.969913896316438;0.93751045711161;0.908919991023829;;;;;;;;;;;;;;;;;;;;;;;;;;;;;;;;;;;;;
3;Tube 5;1402170.0;;;;;;;;;;;;;;;;;;;;;;;;;;;;;;;;;;;1402170.0;0.0;217.0;False;E:\Experiments\PTT\Spheroids\22042025\24042025 after laser\Analysis\2025-04-24_151100_tube5_cropped_8bits\14_0217_0_8bits.tiff;E:\Experiments\PTT\Spheroids\22042025\24042025 after laser\Analysis\2025-04-24_151100_tube5_segmentationDebug\14_0217_0_segmented.tiff;1459.5;(74. 76);151.982754945755;0.9514341590612776;43.10792404582909;0.7940088410702968;0.8761609049526794;784.42136676478;0.9730931189928428;0.9297564820939814;0.877844359468142;53.79746835443038;49.5;Alive
3;Tube 5;1502180.0;;;;;;;;;;;;;;;;;;1502180.0;0.0;218.0;False;G:\Experiments\PTT\Spheroids\22042025\24042025 before laser\Analysis\2025-04-24_102858_tube5_cropped_8bits2\14_0218_0_8bits.tiff;G:\Experiments\PTT\Spheroids\22042025\24042025 before laser\Analysis\2025-04-24_102858_tube5_segmentationDebug2\14_0218_0_segmented.tiff;1277.0;(78. 75);157.740114092826;0.92469225199131;40.3227838650409;0.64493576291181;0.881719421554878;682.913219016512;0.975825415697819;0.937577056808809;0.896091959682175;;;;;;;;;;;;;;;;;;;;
3;Tube 5;1502190.0;1502190.0;0.0;219.0;False;G:\Experiments\PTT\Spheroids\22042025\23042025\Analysis\2025-04-23_132043_tube5_cropped_8bits2\15_0219_0_8bits.tiff;G:\Experiments\PTT\Spheroids\22042025\23042025\Analysis\2025-04-23_132043_tube5_segmentationDebug2\15_0219_0_segmented.tiff;1132.5;(78. 73);138.325900912284;0.94414339308045;37.9729348933233;0.743774114923031;0.831426497073511;491.713637038273;0.972403229994359;0.944830725246537;0.90283610101663;;;;;;;;;;;;;;;;;;;;;;;;;;;;;;;;;;;;;
3;Tube 5;1502200.0;;;;;;;;;;;;;;;;;;;;;;;;;;;;;;;;;;;1502200.0;0.0;220.0;False;E:\Experiments\PTT\Spheroids\22042025\24042025 after laser\Analysis\2025-04-24_151100_tube5_cropped_8bits\15_0220_0_8bits.tiff;E:\Experiments\PTT\Spheroids\22042025\24042025 after laser\Analysis\2025-04-24_151100_tube5_segmentationDebug\15_0220_0_segmented.tiff;1057.0;(77. 77);156.0832600593567;0.8760878574388727;36.68534037984474;0.545220524765126;0.9102699470292378;890.8181856617273;0.9809448130142958;0.9474909507970296;0.8240033721685766;46.31760644418872;54.7;Dead
3;Tube 5;1602210.0;;;;;;;;;;;;;;;;;;1602210.0;0.0;221.0;False;G:\Experiments\PTT\Spheroids\22042025\24042025 before laser\Analysis\2025-04-24_102858_tube5_cropped_8bits2\15_0221_0_8bits.tiff;G:\Experiments\PTT\Spheroids\22042025\24042025 before laser\Analysis\2025-04-24_102858_tube5_segmentationDebug2\15_0221_0_segmented.tiff;1124.5;(73. 75);137.982754945755;0.933195020746888;37.838576453861;0.742197864210965;0.836422385543003;656.018365180467;0.976642149489524;0.945141499614661;0.90007507204265;;;;;;;;;;;;;;;;;;;;
3;Tube 5;1602220.0;1602220.0;0.0;222.0;False;G:\Experiments\PTT\Spheroids\22042025\23042025\Analysis\2025-04-23_132043_tube5_cropped_8bits2\16_0222_0_8bits.tiff;G:\Experiments\PTT\Spheroids\22042025\23042025\Analysis\2025-04-23_132043_tube5_segmentationDebug2\16_0222_0_segmented.tiff;1139.5;(80. 72);160.811182022094;0.863584691170898;38.0901097560208;0.55372190606626;0.730292975893626;516.973559285686;0.971153028416226;0.94392960434481;0.901420562820501;;;;;;;;;;;;;;;;;;1602220.0;0.0;222.0;False;E:\Experiments\PTT\Spheroids\22042025\24042025 after laser\Analysis\2025-04-24_151100_tube5_cropped_8bits\16_0222_0_8bits.tiff;E:\Experiments\PTT\Spheroids\22042025\24042025 after laser\Analysis\2025-04-24_151100_tube5_segmentationDebug\16_0222_0_segmented.tiff;1421.5;(75. 75);184.32590091228485;0.8298307063631056;42.54303718402147;0.5257557093991301;0.948694405765834;856.9391105647078;0.9731102404053056;0.9301491985389352;0.8554719909419871;76.75489067894131;45.0;Alive
3;Tube 5;1703240.0;;;;;;;;;;;;;;;;;;1703240.0;0.0;324.0;False;G:\Experiments\PTT\Spheroids\22042025\24042025 before laser\Analysis\2025-04-24_102858_tube5_cropped_8bits2\16_0324_0_8bits.tiff;G:\Experiments\PTT\Spheroids\22042025\24042025 before laser\Analysis\2025-04-24_102858_tube5_segmentationDebug2\16_0324_0_segmented.tiff;1180.0;(73. 76);149.396968603134;0.902485659655831;38.7610972856483;0.664367379847062;0.849066690793841;850.286149825783;0.970863302979997;0.942341817355148;0.873933181475544;;;;;;;;;;;;;;;;;;;;
3;Tube 5;1704240.0;;;;;;;;;;;;;;;;;;;;;;;;;;;;;;;;;;;1704240.0;0.0;424.0;False;E:\Experiments\PTT\Spheroids\22042025\24042025 after laser\Analysis\2025-04-24_151100_tube5_cropped_8bits\17_0424_0_8bits.tiff;E:\Experiments\PTT\Spheroids\22042025\24042025 after laser\Analysis\2025-04-24_151100_tube5_segmentationDebug\17_0424_0_segmented.tiff;949.5;(75. 74);131.98275458812714;0.9081779053084648;34.76982812333183;0.6849682742460977;0.8339662786145549;1101.4399829023937;0.9801519282956316;0.9530140440510788;0.797701297629818;47.03682393555811;57.0;Dead
3;Tube 5;1806240.0;;;;;;;;;;;;;;;;;;1806240.0;0.0;624.0;False;G:\Experiments\PTT\Spheroids\22042025\24042025 before laser\Analysis\2025-04-24_102858_tube5_cropped_8bits2\17_0624_0_8bits.tiff;G:\Experiments\PTT\Spheroids\22042025\24042025 before laser\Analysis\2025-04-24_102858_tube5_segmentationDebug2\17_0624_0_segmented.tiff;1233.5;(74. 72);140.325900793075;0.94448698315467;39.6300514563231;0.787178711171579;0.937336493632313;710.428263994427;0.970731669836728;0.940204233515616;0.902855730655998;;;;;;;;;;;;;;;;;;;;
3;Tube 5;1807240.0;1807240.0;0.0;724.0;False;G:\Experiments\PTT\Spheroids\22042025\23042025\Analysis\2025-04-23_132043_tube5_cropped_8bits2\18_0724_0_8bits.tiff;G:\Experiments\PTT\Spheroids\22042025\23042025\Analysis\2025-04-23_132043_tube5_segmentationDebug2\18_0724_0_segmented.tiff;1156.5;(76. 74);135.982755184173;0.948728465955701;38.373187689925;0.785937169698068;0.801494485435217;511.982305451542;0.969209017653242;0.943799408372191;0.902998885369078;;;;;;;;;;;;;;;;;;1807240.0;0.0;724.0;False;E:\Experiments\PTT\Spheroids\22042025\24042025 after laser\Analysis\2025-04-24_151100_tube5_cropped_8bits\18_0724_0_8bits.tiff;E:\Experiments\PTT\Spheroids\22042025\24042025 after laser\Analysis\2025-04-24_151100_tube5_segmentationDebug\18_0724_0_segmented.tiff;1426.5;(71. 77);156.46803617477417;0.9278048780487804;42.61779218313297;0.7322010990829968;0.9500257895169072;808.025612320464;0.9694968313753944;0.931229828500345;0.8721876387877843;60.817031070195625;48.0;Alive
3;Tube 5;1908240.0;;;;;;;;;;;;;;;;;;1908240.0;0.0;824.0;False;G:\Experiments\PTT\Spheroids\22042025\24042025 before laser\Analysis\2025-04-24_102858_tube5_cropped_8bits2\18_0824_0_8bits.tiff;G:\Experiments\PTT\Spheroids\22042025\24042025 before laser\Analysis\2025-04-24_102858_tube5_segmentationDebug2\18_0824_0_segmented.tiff;880.0;(76. 76);115.740114092826;0.964383561643835;33.473135487536;0.825514534076107;0.872675062979612;490.311923651834;0.971402582370559;0.938801959408326;0.88927735609305;;;;;;;;;;;;;;;;;;;;
3;Tube 5;1910240.0;1910240.0;0.0;1024.0;False;G:\Experiments\PTT\Spheroids\22042025\23042025\Analysis\2025-04-23_132043_tube5_cropped_8bits2\19_1024_0_8bits.tiff;G:\Experiments\PTT\Spheroids\22042025\23042025\Analysis\2025-04-23_132043_tube5_segmentationDebug2\19_1024_0_segmented.tiff;1053.5;(76. 75);143.497473835945;0.896977437207322;36.6245526986814;0.642918455236545;0.718309522507017;496.122536956252;0.976030266899686;0.948187615963258;0.921820238653475;;;;;;;;;;;;;;;;;;1910240.0;0.0;1024.0;False;E:\Experiments\PTT\Spheroids\22042025\24042025 after laser\Analysis\2025-04-24_151100_tube5_cropped_8bits\19_1024_0_8bits.tiff;E:\Experiments\PTT\Spheroids\22042025\24042025 after laser\Analysis\2025-04-24_151100_tube5_segmentationDebug\19_1024_0_segmented.tiff;1213.0;(76. 73);152.56854140758514;0.9082740546611756;39.299358363257696;0.6548482576203694;0.8811622663821578;605.0933171565487;0.9734127713444094;0.9408406506838076;0.8886149115150765;77.61795166858458;55.8;Alive
3;Tube 5;2012240.0;;;;;;;;;;;;;;;;;;2012240.0;0.0;1224.0;False;G:\Experiments\PTT\Spheroids\22042025\24042025 before laser\Analysis\2025-04-24_102858_tube5_cropped_8bits2\19_1224_0_8bits.tiff;G:\Experiments\PTT\Spheroids\22042025\24042025 before laser\Analysis\2025-04-24_102858_tube5_segmentationDebug2\19_1224_0_segmented.tiff;1086.0;(74. 65);165.053822875022;0.835063437139561;37.1851871796067;0.500943232630286;0.637842894074218;667.900250979253;0.973231697853057;0.945737834788163;0.883643363052564;;;;;;;;;;;;;;;;;;;;
3;Tube 5;2013240.0;2013240.0;0.0;1324.0;False;G:\Experiments\PTT\Spheroids\22042025\23042025\Analysis\2025-04-23_132043_tube5_cropped_8bits2\20_1324_0_8bits.tiff;G:\Experiments\PTT\Spheroids\22042025\23042025\Analysis\2025-04-23_132043_tube5_segmentationDebug2\20_1324_0_segmented.tiff;904.0;(76. 77);139.396968364715;0.84407096171802;33.9265168922568;0.584617265229964;0.916321798927787;672.407994873438;0.977809841763737;0.954839007498845;0.884065124235819;;;;;;;;;;;;;;;;;;2013240.0;0.0;1324.0;False;E:\Experiments\PTT\Spheroids\22042025\24042025 after laser\Analysis\2025-04-24_151100_tube5_cropped_8bits\20_1324_0_8bits.tiff;E:\Experiments\PTT\Spheroids\22042025\24042025 after laser\Analysis\2025-04-24_151100_tube5_segmentationDebug\20_1324_0_segmented.tiff;927.0;(74. 67);121.5979789495468;0.9507692307692308;34.355393433484295;0.7878379280896939;0.8280928644332343;963.6531736281736;0.9827199862986676;0.9544989251587525;0.8534584768785348;13.233601841196778;65.6;Dead
3;Tube 5;207050.0;;;;;;;;;;;;;;;;;;207050.0;0.0;705.0;False;G:\Experiments\PTT\Spheroids\22042025\24042025 before laser\Analysis\2025-04-24_102858_tube5_cropped_8bits2\1_0705_0_8bits.tiff;G:\Experiments\PTT\Spheroids\22042025\24042025 before laser\Analysis\2025-04-24_102858_tube5_segmentationDebug2\1_0705_0_segmented.tiff;2089.5;(75. 75);224.953317165374;0.828016643550624;51.5793953892843;0.51888060317508;0.877722953656974;955.20929447345;0.957107631440166;0.899368288560997;0.884667796799772;;;;;;;;;;;;;;;;;;;;
3;Tube 5;310050.0;;;;;;;;;;;;;;;;;;310050.0;0.0;1005.0;False;G:\Experiments\PTT\Spheroids\22042025\24042025 before laser\Analysis\2025-04-24_102858_tube5_cropped_8bits2\2_1005_0_8bits.tiff;G:\Experiments\PTT\Spheroids\22042025\24042025 before laser\Analysis\2025-04-24_102858_tube5_segmentationDebug2\2_1005_0_segmented.tiff;1778.5;(75. 72);171.781744360923;0.943501326259947;47.5863061217351;0.757372821988222;0.899803915137815;980.575706778207;0.963646489337976;0.914898101321502;0.874812872618344;;;;;;;;;;;;;;;;;;;;
3;Tube 5;311050.0;311050.0;0.0;1105.0;False;G:\Experiments\PTT\Spheroids\22042025\23042025\Analysis\2025-04-23_132043_tube5_cropped_8bits2\3_1105_0_8bits.tiff;G:\Experiments\PTT\Spheroids\22042025\23042025\Analysis\2025-04-23_132043_tube5_segmentationDebug2\3_1105_0_segmented.tiff;2268.0;(72. 80);260.166520953178;0.779515380649596;53.7373918929766;0.421065923108326;0.872706414480269;686.169667909797;0.949856669600006;0.890194260686834;0.895690438905024;;;;;;;;;;;;;;;;;;311050.0;0.0;1105.0;False;E:\Experiments\PTT\Spheroids\22042025\24042025 after laser\Analysis\2025-04-24_151100_tube5_cropped_8bits\3_1105_0_8bits.tiff;E:\Experiments\PTT\Spheroids\22042025\24042025 after laser\Analysis\2025-04-24_151100_tube5_segmentationDebug\3_1105_0_segmented.tiff;2234.0;(76. 77);265.4802290201187;0.7981421936405859;53.33307738109957;0.3983168378947969;0.8373254733775504;997.1315894446744;0.9583049417516212;0.8916140761316086;0.8623445806369657;106.38665132336018;37.0;Alive
3;Tube 5;414050.0;414050.0;0.0;1405.0;False;G:\Experiments\PTT\Spheroids\22042025\23042025\Analysis\2025-04-23_132043_tube5_cropped_8bits2\4_1405_0_8bits.tiff;G:\Experiments\PTT\Spheroids\22042025\23042025\Analysis\2025-04-23_132043_tube5_segmentationDebug2\4_1405_0_segmented.tiff;2361.5;(76. 78);234.40916121006;0.842790863668808;54.8338871948003;0.540068257359639;0.756068875362735;557.872353454825;0.951314019817138;0.886952483448826;0.912394193003792;414050.0;0.0;1405.0;False;G:\Experiments\PTT\Spheroids\22042025\24042025 before laser\Analysis\2025-04-24_102858_tube5_cropped_8bits2\3_1405_0_8bits.tiff;G:\Experiments\PTT\Spheroids\22042025\24042025 before laser\Analysis\2025-04-24_102858_tube5_segmentationDebug2\3_1405_0_segmented.tiff;2214.0;(77. 73);232.710676789283;0.852358036573628;53.0938070969077;0.51375358109999;0.930730212245287;881.629978452626;0.951461930604184;0.893725452054704;0.905785958926991;414050.0;0.0;1405.0;False;E:\Experiments\PTT\Spheroids\22042025\24042025 after laser\Analysis\2025-04-24_151100_tube5_cropped_8bits\4_1405_0_8bits.tiff;E:\Experiments\PTT\Spheroids\22042025\24042025 after laser\Analysis\2025-04-24_151100_tube5_segmentationDebug\4_1405_0_segmented.tiff;2124.5;(76. 69);322.89444172382355;0.6420368691447568;52.009589623355545;0.2560621932875978;0.6196634460257537;982.5229534504232;0.9545745181977626;0.8943793346486185;0.8525509754499824;106.55926352128884;37.0;Alive
3;Tube 5;515020.0;515020.0;0.0;1502.0;False;G:\Experiments\PTT\Spheroids\22042025\23042025\Analysis\2025-04-23_132043_tube5_cropped_8bits2\5_1502_0_8bits.tiff;G:\Experiments\PTT\Spheroids\22042025\23042025\Analysis\2025-04-23_132043_tube5_segmentationDebug2\5_1502_0_segmented.tiff;2190.0;(74. 68);240.166520237922;0.814732142857142;52.8052516608907;0.477121566404598;0.775411354550674;650.252224196835;0.950039130841182;0.893792048709402;0.892353272695466;;;;;;;;;;;;;;;;;;515020.0;0.0;1502.0;False;E:\Experiments\PTT\Spheroids\22042025\24042025 after laser\Analysis\2025-04-24_151100_tube5_cropped_8bits\5_1502_0_8bits.tiff;E:\Experiments\PTT\Spheroids\22042025\24042025 after laser\Analysis\2025-04-24_151100_tube5_segmentationDebug\5_1502_0_segmented.tiff;1868.0;(71. 76);183.88224971294403;0.9236093943139678;48.76896010338219;0.6942359814755658;0.9083229355026592;942.5266436535333;0.9652185506382266;0.9105177162464092;0.8710011983519811;110.98964326812428;37.0;Alive
3;Tube 5;515030.0;;;;;;;;;;;;;;;;;;515030.0;0.0;1503.0;False;G:\Experiments\PTT\Spheroids\22042025\24042025 before laser\Analysis\2025-04-24_102858_tube5_cropped_8bits2\4_1503_0_8bits.tiff;G:\Experiments\PTT\Spheroids\22042025\24042025 before laser\Analysis\2025-04-24_102858_tube5_segmentationDebug2\4_1503_0_segmented.tiff;2131.5;(77. 74);244.26702606678;0.789006107717934;52.0952021745093;0.44891644094971;0.809255561688718;906.610433706144;0.957547169544958;0.896802160836198;0.882774813095876;;;;;;;;;;;;;;;;;;;;
3;Tube 5;612010.0;612010.0;0.0;1201.0;False;G:\Experiments\PTT\Spheroids\22042025\23042025\Analysis\2025-04-23_132043_tube5_cropped_8bits2\6_1201_0_8bits.tiff;G:\Experiments\PTT\Spheroids\22042025\23042025\Analysis\2025-04-23_132043_tube5_segmentationDebug2\6_1201_0_segmented.tiff;1617.0;(75. 71);181.539103627204;0.894358407079646;45.374313701;0.616565912281396;0.955217366629097;896.597869948694;0.96527533147697;0.921786432514031;0.886272120573401;612010.0;0.0;1201.0;False;G:\Experiments\PTT\Spheroids\22042025\24042025 before laser\Analysis\2025-04-24_102858_tube5_cropped_8bits2\5_1201_0_8bits.tiff;G:\Experiments\PTT\Spheroids\22042025\24042025 before laser\Analysis\2025-04-24_102858_tube5_segmentationDebug2\5_1201_0_segmented.tiff;1849.5;(76. 71);210.953317165374;0.832170978627671;48.5268640856555;0.522265673017969;0.821723649876331;800.673780628575;0.960478601101766;0.91035484201005;0.893110813782532;612010.0;0.0;1201.0;False;E:\Experiments\PTT\Spheroids\22042025\24042025 after laser\Analysis\2025-04-24_151100_tube5_cropped_8bits\6_1201_0_8bits.tiff;E:\Experiments\PTT\Spheroids\22042025\24042025 after laser\Analysis\2025-04-24_151100_tube5_segmentationDebug\6_1201_0_segmented.tiff;1780.5;(80. 79);181.63960886001587;0.9033485540334856;47.61305503116721;0.6781577449011421;0.8801795026285598;928.1119782546012;0.9675281315875078;0.9147041712780756;0.8798831419161197;90.10356731875719;37.0;Alive
3;Tube 5;709010.0;709010.0;0.0;901.0;False;G:\Experiments\PTT\Spheroids\22042025\23042025\Analysis\2025-04-23_132043_tube5_cropped_8bits2\7_0901_0_8bits.tiff;G:\Experiments\PTT\Spheroids\22042025\23042025\Analysis\2025-04-23_132043_tube5_segmentationDebug2\7_0901_0_segmented.tiff;1716.0;(74. 74);192.710676789283;0.857356982263302;46.7426898965553;0.580651556135794;0.891705593385239;792.549957732628;0.960526688492616;0.916812784119786;0.89275432432692;709010.0;0.0;901.0;False;G:\Experiments\PTT\Spheroids\22042025\24042025 before laser\Analysis\2025-04-24_102858_tube5_cropped_8bits2\6_0901_0_8bits.tiff;G:\Experiments\PTT\Spheroids\22042025\24042025 before laser\Analysis\2025-04-24_102858_tube5_segmentationDebug2\6_0901_0_segmented.tiff;1522.5;(77. 73);162.811181783676;0.935483870967741;44.0284817687288;0.721769802365618;0.83866437613803;867.421514536849;0.967407415511958;0.926583296610892;0.885984490989238;709010.0;0.0;901.0;False;E:\Experiments\PTT\Spheroids\22042025\24042025 after laser\Analysis\2025-04-24_151100_tube5_cropped_8bits\7_0901_0_8bits.tiff;E:\Experiments\PTT\Spheroids\22042025\24042025 after laser\Analysis\2025-04-24_151100_tube5_segmentationDebug\7_0901_0_segmented.tiff;1926.5;(75. 76);236.61017167568207;0.8168327326690693;49.52671988868525;0.4324262565442484;0.7061535007718152;993.7807135974078;0.964163958984646;0.9060622943161958;0.863530080905505;79.22899884925201;48.0;Alive
3;Tube 5;806010.0;806010.0;0.0;601.0;False;G:\Experiments\PTT\Spheroids\22042025\23042025\Analysis\2025-04-23_132043_tube5_cropped_8bits2\8_0601_0_8bits.tiff;G:\Experiments\PTT\Spheroids\22042025\23042025\Analysis\2025-04-23_132043_tube5_segmentationDebug2\8_0601_0_segmented.tiff;1710.5;(73. 73);211.237587571144;0.869377382465057;46.6677216207251;0.481715415528277;0.704816304239035;840.915678833531;0.962449975633404;0.915469816129577;0.897262716514055;806010.0;0.0;601.0;False;G:\Experiments\PTT\Spheroids\22042025\24042025 before laser\Analysis\2025-04-24_102858_tube5_cropped_8bits2\7_0601_0_8bits.tiff;G:\Experiments\PTT\Spheroids\22042025\24042025 before laser\Analysis\2025-04-24_102858_tube5_segmentationDebug2\7_0601_0_segmented.tiff;1652.0;(79. 75);200.852811694145;0.84761416110826;45.8627488044762;0.514593238622355;0.836174962993417;781.828128136883;0.965957394971605;0.919636268302315;0.894010412632409;806010.0;0.0;601.0;False;E:\Experiments\PTT\Spheroids\22042025\24042025 after laser\Analysis\2025-04-24_151100_tube5_cropped_8bits\8_0601_0_8bits.tiff;E:\Experiments\PTT\Spheroids\22042025\24042025 after laser\Analysis\2025-04-24_151100_tube5_segmentationDebug\8_0601_0_segmented.tiff;2100.0;(68. 88);273.8233742713928;0.7753369023444711;51.708829458264105;0.3519557971712265;0.660026165647584;1060.898464731816;0.9609808146875654;0.8972315907410355;0.8745235533770306;51.66858457997699;52.0;Alive
3;Tube 5;903010.0;903010.0;0.0;301.0;False;G:\Experiments\PTT\Spheroids\22042025\23042025\Analysis\2025-04-23_132043_tube5_cropped_8bits2\9_0301_0_8bits.tiff;G:\Experiments\PTT\Spheroids\22042025\23042025\Analysis\2025-04-23_132043_tube5_segmentationDebug2\9_0301_0_segmented.tiff;1579.5;(75. 75);171.781744718551;0.906196213425129;44.8450873665019;0.672628826173421;0.797421074521517;637.315622515088;0.965682111690481;0.923421518848736;0.905283386616636;903010.0;0.0;301.0;False;G:\Experiments\PTT\Spheroids\22042025\24042025 before laser\Analysis\2025-04-24_102858_tube5_cropped_8bits2\8_0301_0_8bits.tiff;G:\Experiments\PTT\Spheroids\22042025\24042025 before laser\Analysis\2025-04-24_102858_tube5_segmentationDebug2\8_0301_0_segmented.tiff;1503.0;(74. 80);197.338093876838;0.778353184878301;43.7456173317619;0.485005860855611;0.823578316897225;938.407142248981;0.968908345364405;0.926353978113437;0.875768486770309;903010.0;0.0;301.0;False;E:\Experiments\PTT\Spheroids\22042025\24042025 after laser\Analysis\2025-04-24_151100_tube5_cropped_8bits\9_0301_0_8bits.tiff;E:\Experiments\PTT\Spheroids\22042025\24042025 after laser\Analysis\2025-04-24_151100_tube5_segmentationDebug\9_0301_0_segmented.tiff;1825.5;(69. 83);211.7817440032959;0.856640075082121;48.21098203639954;0.5114635169094072;0.714017801714085;919.2296166549894;0.9731593036505788;0.9119743301243516;0.858638200396868;87.68699654775604;43.0;Alive
3;Tube 6;1002030.0;1002030.0;0.0;203.0;False;G:\Experiments\PTT\Spheroids\22042025\23042025\Analysis\2025-04-23_133054_tube6_cropped_8bits2\10_0203_0_8bits.tiff;G:\Experiments\PTT\Spheroids\22042025\23042025\Analysis\2025-04-23_133054_tube6_segmentationDebug2\10_0203_0_segmented.tiff;1614.0;(74. 70);153.396968245506;0.975521305530371;45.332202959955;0.861945569935423;0.963999837434936;430.765939528097;0.977136134610118;0.922951035470599;0.919018405955495;;;;;;;;;;;;;;;;;;;;;;;;;;;;;;;;;;;;;
3;Tube 6;1002040.0;;;;;;;;;;;;;;;;;;;;;;;;;;;;;;;;;;;1002040.0;0.0;204.0;False;E:\Experiments\PTT\Spheroids\22042025\24042025 after laser\Analysis\2025-04-24_150057_tube6_cropped_8bits\10_0204_0_8bits.tiff;E:\Experiments\PTT\Spheroids\22042025\24042025 after laser\Analysis\2025-04-24_150057_tube6_segmentationDebug\10_0204_0_segmented.tiff;2000.0;(73. 76);271.5391036272049;0.7768498737618955;50.4626504404032;0.3408592622109877;0.7854346254537313;1215.843764069117;0.9631795378454828;0.9021272055468196;0.8578887733047682;89.06789413118527;48.0;Alive
3;Tube 6;104050.0;104050.0;0.0;405.0;False;G:\Experiments\PTT\Spheroids\22042025\23042025\Analysis\2025-04-23_133054_tube6_cropped_8bits2\1_0405_0_8bits.tiff;G:\Experiments\PTT\Spheroids\22042025\23042025\Analysis\2025-04-23_133054_tube6_segmentationDebug2\1_0405_0_segmented.tiff;2208.0;(76. 70);249.195958137512;0.833522083805209;53.0218154609519;0.446814177766917;0.768490821928432;783.467193752855;0.959000168803851;0.89338923422507;0.898445978991246;104050.0;0.0;405.0;False;G:\Experiments\PTT\Spheroids\22042025\24042025 before laser\Analysis\2025-04-24_103905_tube6_cropped_8bits2\1_0405_0_8bits.tiff;G:\Experiments\PTT\Spheroids\22042025\24042025 before laser\Analysis\2025-04-24_103905_tube6_segmentationDebug2\1_0405_0_segmented.tiff;2597.5;(75. 75);254.752306461334;0.859530112508272;57.5086055947245;0.502955047417951;0.788907033698797;872.610567392044;0.944845082298842;0.876043961017746;0.905685260106435;;;;;;;;;;;;;;;;;;;;
3;Tube 6;106050.0;;;;;;;;;;;;;;;;;;;;;;;;;;;;;;;;;;;106050.0;0.0;605.0;False;E:\Experiments\PTT\Spheroids\22042025\24042025 after laser\Analysis\2025-04-24_150057_tube6_cropped_8bits\1_0605_0_8bits.tiff;E:\Experiments\PTT\Spheroids\22042025\24042025 after laser\Analysis\2025-04-24_150057_tube6_segmentationDebug\1_0605_0_segmented.tiff;2628.0;(72. 74);254.16652047634125;0.8582625734813847;57.84525497881402;0.5112090550762788;0.7401172949225122;840.8396199883223;0.9478223872763488;0.8742056428027346;0.8959108568292279;91.71461449942463;37.0;Alive
3;Tube 6;1102060.0;1102060.0;0.0;206.0;False;G:\Experiments\PTT\Spheroids\22042025\23042025\Analysis\2025-04-23_133054_tube6_cropped_8bits2\11_0206_0_8bits.tiff;G:\Experiments\PTT\Spheroids\22042025\23042025\Analysis\2025-04-23_133054_tube6_segmentationDebug2\11_0206_0_segmented.tiff;1522.5;(73. 73);162.468036055564;0.925813317117664;44.0284817687288;0.724821895347579;0.849231836067113;509.608627179153;0.978349863848482;0.926698754129282;0.922037217853522;;;;;;;;;;;;;;;;;;;;;;;;;;;;;;;;;;;;;
3;Tube 6;1102070.0;;;;;;;;;;;;;;;;;;1102070.0;0.0;207.0;False;G:\Experiments\PTT\Spheroids\22042025\24042025 before laser\Analysis\2025-04-24_103905_tube6_cropped_8bits2\10_0207_0_8bits.tiff;G:\Experiments\PTT\Spheroids\22042025\24042025 before laser\Analysis\2025-04-24_103905_tube6_segmentationDebug2\10_0207_0_segmented.tiff;1794.5;(71. 70);208.953317403793;0.838747370881047;47.7998782741886;0.516481518595204;0.67143854804422;939.299870366846;0.964346371538175;0.913164523687923;0.906920294877165;1102070.0;0.0;207.0;False;E:\Experiments\PTT\Spheroids\22042025\24042025 after laser\Analysis\2025-04-24_150057_tube6_cropped_8bits\11_0207_0_8bits.tiff;E:\Experiments\PTT\Spheroids\22042025\24042025 after laser\Analysis\2025-04-24_150057_tube6_segmentationDebug\11_0207_0_segmented.tiff;1859.5;(77. 75);220.46803605556488;0.8288388678404279;48.657876376132926;0.480745004306633;0.8979584455951641;1013.375332090248;0.9640413438796384;0.9099178972872842;0.8570457699806631;12.451093210586881;66.4;Dead
3;Tube 6;1202090.0;1202090.0;0.0;209.0;False;G:\Experiments\PTT\Spheroids\22042025\23042025\Analysis\2025-04-23_133054_tube6_cropped_8bits2\12_0209_0_8bits.tiff;G:\Experiments\PTT\Spheroids\22042025\23042025\Analysis\2025-04-23_133054_tube6_segmentationDebug2\12_0209_0_segmented.tiff;1502.0;(79. 79);163.053822398185;0.917251908396946;43.7310621434263;0.709933758748434;0.875304538983153;407.517107510501;0.979177548637951;0.927679584710342;0.920847866757575;;;;;;;;;;;;;;;;;;;;;;;;;;;;;;;;;;;;;
3;Tube 6;1202100.0;;;;;;;;;;;;;;;;;;1202100.0;0.0;210.0;False;G:\Experiments\PTT\Spheroids\22042025\24042025 before laser\Analysis\2025-04-24_103905_tube6_cropped_8bits2\11_0210_0_8bits.tiff;G:\Experiments\PTT\Spheroids\22042025\24042025 before laser\Analysis\2025-04-24_103905_tube6_segmentationDebug2\11_0210_0_segmented.tiff;1840.0;(72. 80);217.195958018302;0.836173596909793;48.4020739463992;0.490144585371188;0.74010429495132;703.498034851128;0.962436509662469;0.910411098455869;0.907307444921284;1202100.0;0.0;210.0;False;E:\Experiments\PTT\Spheroids\22042025\24042025 after laser\Analysis\2025-04-24_150057_tube6_cropped_8bits\12_0210_0_8bits.tiff;E:\Experiments\PTT\Spheroids\22042025\24042025 after laser\Analysis\2025-04-24_150057_tube6_segmentationDebug\12_0210_0_segmented.tiff;1724.5;(74. 81);186.6101710796356;0.8889175257731958;46.85831404239581;0.6223037824196722;0.9416570106145068;976.8868350667528;0.9677930322845116;0.9168516347581824;0.8766841476092677;98.61910241657077;54.0;Alive
3;Tube 6;1302130.0;;;;;;;;;;;;;;;;;;1302130.0;0.0;213.0;False;G:\Experiments\PTT\Spheroids\22042025\24042025 before laser\Analysis\2025-04-24_103905_tube6_cropped_8bits2\12_0213_0_8bits.tiff;G:\Experiments\PTT\Spheroids\22042025\24042025 before laser\Analysis\2025-04-24_103905_tube6_segmentationDebug2\12_0213_0_segmented.tiff;1802.0;(79. 72);203.195957779884;0.833680314596345;47.8996624164801;0.548446819482134;0.667433891298804;849.917674354196;0.955566143419365;0.913003800661706;0.892242299110315;1302130.0;0.0;213.0;False;E:\Experiments\PTT\Spheroids\22042025\24042025 after laser\Analysis\2025-04-24_150057_tube6_cropped_8bits\13_0213_0_8bits.tiff;E:\Experiments\PTT\Spheroids\22042025\24042025 after laser\Analysis\2025-04-24_150057_tube6_segmentationDebug\13_0213_0_segmented.tiff;1887.5;(80. 77);201.2964630126953;0.8730342275670675;49.02284814948658;0.5853620142094738;0.9078839878879732;1150.2494355502324;0.9625749669956696;0.909131507920748;0.8557664066917319;13.017836593785962;63.0;Dead
3;Tube 6;1402150.0;1402150.0;0.0;215.0;False;G:\Experiments\PTT\Spheroids\22042025\23042025\Analysis\2025-04-23_133054_tube6_cropped_8bits2\14_0215_0_8bits.tiff;G:\Experiments\PTT\Spheroids\22042025\23042025\Analysis\2025-04-23_133054_tube6_segmentationDebug2\14_0215_0_segmented.tiff;1329.0;(75. 70);147.882249593734;0.942553191489361;41.1355728652589;0.763664756272825;0.81369439007672;614.400967155154;0.975417817477351;0.935589223148022;0.897748180262724;;;;;;;;;;;;;;;;;;;;;;;;;;;;;;;;;;;;;
3;Tube 6;1402160.0;;;;;;;;;;;;;;;;;;1402160.0;0.0;216.0;False;G:\Experiments\PTT\Spheroids\22042025\24042025 before laser\Analysis\2025-04-24_103905_tube6_cropped_8bits2\13_0216_0_8bits.tiff;G:\Experiments\PTT\Spheroids\22042025\24042025 before laser\Analysis\2025-04-24_103905_tube6_segmentationDebug2\13_0216_0_segmented.tiff;1481.0;(77. 74);170.710676312446;0.879714879714879;43.4242762260095;0.638621531173395;0.809419093327134;961.078205016039;0.965322577871889;0.927932996482986;0.868391490240543;1402160.0;0.0;216.0;False;E:\Experiments\PTT\Spheroids\22042025\24042025 after laser\Analysis\2025-04-24_150057_tube6_cropped_8bits\14_0216_0_8bits.tiff;E:\Experiments\PTT\Spheroids\22042025\24042025 after laser\Analysis\2025-04-24_150057_tube6_segmentationDebug\14_0216_0_segmented.tiff;1742.0;(74. 73);254.3675309419632;0.7004422999597909;47.09546991939515;0.3383254481626393;0.6877655818067374;1135.43115291587;0.9639733750699212;0.9138437029105408;0.848373840071785;101.89873417721519;56.0;Alive
3;Tube 6;1502180.0;1502180.0;0.0;218.0;False;G:\Experiments\PTT\Spheroids\22042025\23042025\Analysis\2025-04-23_133054_tube6_cropped_8bits2\15_0218_0_8bits.tiff;G:\Experiments\PTT\Spheroids\22042025\23042025\Analysis\2025-04-23_133054_tube6_segmentationDebug2\15_0218_0_segmented.tiff;1479.5;(79. 70);172.124890089035;0.9040635502597;43.402279968173;0.627534318784716;0.74561437160399;612.810456574913;0.971338763197586;0.928015392654345;0.899999464214171;;;;;;;;;;;;;;;;;;;;;;;;;;;;;;;;;;;;;
3;Tube 6;1502190.0;;;;;;;;;;;;;;;;;;1502190.0;0.0;219.0;False;G:\Experiments\PTT\Spheroids\22042025\24042025 before laser\Analysis\2025-04-24_103905_tube6_cropped_8bits2\14_0219_0_8bits.tiff;G:\Experiments\PTT\Spheroids\22042025\24042025 before laser\Analysis\2025-04-24_103905_tube6_segmentationDebug2\14_0219_0_segmented.tiff;1484.0;(77. 72);186.024384617805;0.848;43.4682353493557;0.538894823516999;0.826461306723949;952.09436275576;0.961861955284242;0.927686367748845;0.872482120259175;;;;;;;;;;;;;;;;;;;;
3;Tube 6;1602210.0;1602210.0;0.0;221.0;False;G:\Experiments\PTT\Spheroids\22042025\23042025\Analysis\2025-04-23_133054_tube6_cropped_8bits2\16_0221_0_8bits.tiff;G:\Experiments\PTT\Spheroids\22042025\23042025\Analysis\2025-04-23_133054_tube6_segmentationDebug2\16_0221_0_segmented.tiff;1705.0;(74. 73);207.053822636604;0.839281319222249;46.5926327199209;0.499767190635322;0.810550618657757;685.347814636965;0.971691816107765;0.917160273198327;0.91433205771354;1602210.0;0.0;221.0;False;G:\Experiments\PTT\Spheroids\22042025\24042025 before laser\Analysis\2025-04-24_103905_tube6_cropped_8bits2\15_0221_0_8bits.tiff;G:\Experiments\PTT\Spheroids\22042025\24042025 before laser\Analysis\2025-04-24_103905_tube6_segmentationDebug2\15_0221_0_segmented.tiff;1757.5;(72. 69);179.154327988624;0.914174252275682;47.3045293800926;0.688098465252292;0.860139423620351;806.971235409136;0.961833794387183;0.915534507421613;0.892272679855471;;;;;;;;;;;;;;;;;;;;
3;Tube 6;1602220.0;;;;;;;;;;;;;;;;;;;;;;;;;;;;;;;;;;;1602220.0;0.0;222.0;False;E:\Experiments\PTT\Spheroids\22042025\24042025 after laser\Analysis\2025-04-24_150057_tube6_cropped_8bits\16_0222_0_8bits.tiff;E:\Experiments\PTT\Spheroids\22042025\24042025 after laser\Analysis\2025-04-24_150057_tube6_segmentationDebug\16_0222_0_segmented.tiff;1595.0;(70. 75);169.39696836471558;0.9145642201834864;45.06458780298101;0.6984885383950363;0.760199273493003;1318.1000442520444;0.9655773390620273;0.9233650041012564;0.8693898364144903;71.51898734177215;63.5;Alive
3;Tube 6;1703240.0;1703240.0;0.0;324.0;False;G:\Experiments\PTT\Spheroids\22042025\23042025\Analysis\2025-04-23_133054_tube6_cropped_8bits2\17_0324_0_8bits.tiff;G:\Experiments\PTT\Spheroids\22042025\23042025\Analysis\2025-04-23_133054_tube6_segmentationDebug2\17_0324_0_segmented.tiff;1429.0;(77. 67);179.053822517395;0.844063792085056;42.6551205534171;0.560112027978437;0.724478250062142;233.051685650333;0.975006221356951;0.930006729789719;0.899609644117513;;;;;;;;;;;;;;;;;;;;;;;;;;;;;;;;;;;;;
3;Tube 6;1704240.0;;;;;;;;;;;;;;;;;;1704240.0;0.0;424.0;False;G:\Experiments\PTT\Spheroids\22042025\24042025 before laser\Analysis\2025-04-24_103905_tube6_cropped_8bits2\16_0424_0_8bits.tiff;G:\Experiments\PTT\Spheroids\22042025\24042025 before laser\Analysis\2025-04-24_103905_tube6_segmentationDebug2\16_0424_0_segmented.tiff;1772.0;(71. 72);222.852811813354;0.809317195706782;47.4992681340534;0.448370824575163;0.623209600771575;902.418468387701;0.958082732665886;0.913632225937373;0.895076598809089;1704240.0;0.0;424.0;False;E:\Experiments\PTT\Spheroids\22042025\24042025 after laser\Analysis\2025-04-24_150057_tube6_cropped_8bits\17_0424_0_8bits.tiff;E:\Experiments\PTT\Spheroids\22042025\24042025 after laser\Analysis\2025-04-24_150057_tube6_segmentationDebug\17_0424_0_segmented.tiff;1084.0;(73. 80);140.56854164600372;0.9174777824798984;37.150930896720695;0.6893866481323124;0.7895476624669159;1107.8754144140917;0.9806599504968238;0.946946013217285;0.811072814461634;8.457997698504027;58.0;Dead
3;Tube 6;1806240.0;1806240.0;0.0;624.0;False;G:\Experiments\PTT\Spheroids\22042025\23042025\Analysis\2025-04-23_133054_tube6_cropped_8bits2\18_0624_0_8bits.tiff;G:\Experiments\PTT\Spheroids\22042025\23042025\Analysis\2025-04-23_133054_tube6_segmentationDebug2\18_0624_0_segmented.tiff;1325.0;(75. 77);169.882249474525;0.852638352638352;41.0736216661507;0.576938785883449;0.773260658858842;524.527028050133;0.976156462210943;0.935224796172291;0.896990168663998;;;;;;;;;;;;;;;;;;;;;;;;;;;;;;;;;;;;;
3;Tube 6;1807240.0;;;;;;;;;;;;;;;;;;1807240.0;0.0;724.0;False;G:\Experiments\PTT\Spheroids\22042025\24042025 before laser\Analysis\2025-04-24_103905_tube6_cropped_8bits2\17_0724_0_8bits.tiff;G:\Experiments\PTT\Spheroids\22042025\24042025 before laser\Analysis\2025-04-24_103905_tube6_segmentationDebug2\17_0724_0_segmented.tiff;1691.0;(80. 75);186.710677146911;0.890468667719852;46.4009490220529;0.609558179872022;0.833614752401183;894.850329205801;0.957908444186712;0.918223728046757;0.893683517679603;1807240.0;0.0;724.0;False;E:\Experiments\PTT\Spheroids\22042025\24042025 after laser\Analysis\2025-04-24_150057_tube6_cropped_8bits\18_0724_0_8bits.tiff;E:\Experiments\PTT\Spheroids\22042025\24042025 after laser\Analysis\2025-04-24_150057_tube6_segmentationDebug\18_0724_0_segmented.tiff;1565.5;(67. 76);171.982754945755;0.9091173054587688;44.64590134920447;0.6651094722489277;0.96170516194264;943.1151874346916;0.9720475806122866;0.9244647313243955;0.8767866479197265;98.84925201380898;55.0;Alive
3;Tube 6;1910240.0;;;;;;;;;;;;;;;;;;1910240.0;0.0;1024.0;False;G:\Experiments\PTT\Spheroids\22042025\24042025 before laser\Analysis\2025-04-24_103905_tube6_cropped_8bits2\18_1024_0_8bits.tiff;G:\Experiments\PTT\Spheroids\22042025\24042025 before laser\Analysis\2025-04-24_103905_tube6_segmentationDebug2\18_1024_0_segmented.tiff;1437.0;(75. 78);192.367530822753;0.851555555555555;42.7743524297496;0.487981200470437;0.719332272044184;769.42147235827;0.964010610036682;0.929156571842401;0.892497105088903;1910240.0;0.0;1024.0;False;E:\Experiments\PTT\Spheroids\22042025\24042025 after laser\Analysis\2025-04-24_150057_tube6_cropped_8bits\19_1024_0_8bits.tiff;E:\Experiments\PTT\Spheroids\22042025\24042025 after laser\Analysis\2025-04-24_150057_tube6_segmentationDebug\19_1024_0_segmented.tiff;1438.0;(79. 79);181.1959582567215;0.8613357292602576;42.78923305376207;0.5503915248662669;0.8624768079516498;1069.4696022568512;0.973278655712781;0.9301112520170792;0.8394397714249533;15.923475258918296;78.7;Dead
3;Tube 6;2012240.0;2012240.0;0.0;1224.0;False;G:\Experiments\PTT\Spheroids\22042025\23042025\Analysis\2025-04-23_133054_tube6_cropped_8bits2\20_1224_0_8bits.tiff;G:\Experiments\PTT\Spheroids\22042025\23042025\Analysis\2025-04-23_133054_tube6_segmentationDebug2\20_1224_0_segmented.tiff;1127.5;(78. 75);135.982754826545;0.949473684210526;37.8890167025867;0.766229281016517;0.901515136645868;536.393007518797;0.978207346135652;0.945048366580512;0.911490420426214;;;;;;;;;;;;;;;;;;;;;;;;;;;;;;;;;;;;;
3;Tube 6;2013240.0;;;;;;;;;;;;;;;;;;2013240.0;0.0;1324.0;False;G:\Experiments\PTT\Spheroids\22042025\24042025 before laser\Analysis\2025-04-24_103905_tube6_cropped_8bits2\19_1324_0_8bits.tiff;G:\Experiments\PTT\Spheroids\22042025\24042025 before laser\Analysis\2025-04-24_103905_tube6_segmentationDebug2\19_1324_0_segmented.tiff;1204.5;(72. 76);147.982755064964;0.919816723940435;39.1614227478203;0.691185233519114;0.809638687016265;756.758347229749;0.975531848771878;0.941034621882957;0.916038121696484;;;;;;;;;;;;;;;;;;;;
3;Tube 6;207050.0;207050.0;0.0;705.0;False;G:\Experiments\PTT\Spheroids\22042025\23042025\Analysis\2025-04-23_133054_tube6_cropped_8bits2\2_0705_0_8bits.tiff;G:\Experiments\PTT\Spheroids\22042025\23042025\Analysis\2025-04-23_133054_tube6_segmentationDebug2\2_0705_0_segmented.tiff;2259.0;(73. 77);204.367530822753;0.913650151668351;53.6306640976664;0.679676570441669;0.883666606453496;699.637347480106;0.94994873884824;0.892314834351778;0.898475999477247;;;;;;;;;;;;;;;;;;;;;;;;;;;;;;;;;;;;;
3;Tube 6;208050.0;;;;;;;;;;;;;;;;;;208050.0;0.0;805.0;False;G:\Experiments\PTT\Spheroids\22042025\24042025 before laser\Analysis\2025-04-24_103905_tube6_cropped_8bits2\2_0805_0_8bits.tiff;G:\Experiments\PTT\Spheroids\22042025\24042025 before laser\Analysis\2025-04-24_103905_tube6_segmentationDebug2\2_0805_0_segmented.tiff;2492.0;(79. 69);247.681239008903;0.872701803537033;56.3286156893636;0.510471710180504;0.749721832209919;800.570703235708;0.947811849371638;0.880739981085871;0.909948698084024;;;;;;;;;;;;;;;;;;;;
3;Tube 6;311050.0;311050.0;0.0;1105.0;False;G:\Experiments\PTT\Spheroids\22042025\23042025\Analysis\2025-04-23_133054_tube6_cropped_8bits2\3_1105_0_8bits.tiff;G:\Experiments\PTT\Spheroids\22042025\23042025\Analysis\2025-04-23_133054_tube6_segmentationDebug2\3_1105_0_segmented.tiff;2071.0;(78. 71);201.539103627204;0.899457111834962;51.3505510890245;0.640724480494699;0.799295060072563;755.458402280517;0.962918790436231;0.901277805177966;0.926766335369273;;;;;;;;;;;;;;;;;;;;;;;;;;;;;;;;;;;;;
3;Tube 6;312050.0;;;;;;;;;;;;;;;;;;312050.0;0.0;1205.0;False;G:\Experiments\PTT\Spheroids\22042025\24042025 before laser\Analysis\2025-04-24_103905_tube6_cropped_8bits2\3_1205_0_8bits.tiff;G:\Experiments\PTT\Spheroids\22042025\24042025 before laser\Analysis\2025-04-24_103905_tube6_segmentationDebug2\3_1205_0_segmented.tiff;2175.5;(70. 40);202.468036293983;0.898410076398926;52.6301494351987;0.666892771658222;0.926485395920727;921.012272581711;0.941888688282178;0.866701013649254;0.888794055568467;312050.0;0.0;1205.0;False;E:\Experiments\PTT\Spheroids\22042025\24042025 after laser\Analysis\2025-04-24_150057_tube6_cropped_8bits\3_1205_0_8bits.tiff;E:\Experiments\PTT\Spheroids\22042025\24042025 after laser\Analysis\2025-04-24_150057_tube6_segmentationDebug\3_1205_0_segmented.tiff;2031.5;(76. 73);197.78174471855164;0.8910087719298245;50.85849127854152;0.6526108401617469;0.8792027890333282;949.7742615289656;0.9597800752314768;0.9027652972111108;0.8582819377277348;111.6800920598389;37.0;Alive
3;Tube 6;414050.0;;;;;;;;;;;;;;;;;;414050.0;0.0;1405.0;False;G:\Experiments\PTT\Spheroids\22042025\24042025 before laser\Analysis\2025-04-24_103905_tube6_cropped_8bits2\4_1405_0_8bits.tiff;G:\Experiments\PTT\Spheroids\22042025\24042025 before laser\Analysis\2025-04-24_103905_tube6_segmentationDebug2\4_1405_0_segmented.tiff;2089.5;(73. 70);221.781744480133;0.845609065155807;51.5793953892843;0.533827139217232;0.906546178690362;795.00483133104;0.955030340175304;0.899404566248119;0.895046112168817;;;;;;;;;;;;;;;;;;;;
3;Tube 6;515020.0;;;;;;;;;;;;;;;;;;515020.0;0.0;1502.0;False;G:\Experiments\PTT\Spheroids\22042025\24042025 before laser\Analysis\2025-04-24_103905_tube6_cropped_8bits2\5_1502_0_8bits.tiff;G:\Experiments\PTT\Spheroids\22042025\24042025 before laser\Analysis\2025-04-24_103905_tube6_segmentationDebug2\5_1502_0_segmented.tiff;1945.5;(77. 70);194.610171556472;0.89100068697046;49.7703479421458;0.64552048412126;0.767590394871882;959.688845781579;0.956584356853606;0.906795448530775;0.892843162126888;;;;;;;;;;;;;;;;;;;;
3;Tube 6;515030.0;515030.0;0.0;1503.0;False;G:\Experiments\PTT\Spheroids\22042025\23042025\Analysis\2025-04-23_133054_tube6_cropped_8bits2\5_1503_0_8bits.tiff;G:\Experiments\PTT\Spheroids\22042025\23042025\Analysis\2025-04-23_133054_tube6_segmentationDebug2\5_1503_0_segmented.tiff;1813.0;(70. 75);191.539103746414;0.885470085470085;48.0456376230438;0.621001667389572;0.874971640365586;543.862137904375;0.961758979111413;0.912733201550068;0.903631038231781;;;;;;;;;;;;;;;;;;;;;;;;;;;;;;;;;;;;;
3;Tube 6;612010.0;;;;;;;;;;;;;;;;;;612010.0;0.0;1201.0;False;G:\Experiments\PTT\Spheroids\22042025\24042025 before laser\Analysis\2025-04-24_103905_tube6_cropped_8bits2\6_1201_0_8bits.tiff;G:\Experiments\PTT\Spheroids\22042025\24042025 before laser\Analysis\2025-04-24_103905_tube6_segmentationDebug2\6_1201_0_segmented.tiff;1759.5;(77. 79);181.982754826545;0.90766056229043;47.3314375332243;0.667634337654796;0.951782390048796;980.62104698972;0.957520671999215;0.915236129422256;0.879515684581606;612010.0;0.0;1201.0;False;E:\Experiments\PTT\Spheroids\22042025\24042025 after laser\Analysis\2025-04-24_150057_tube6_cropped_8bits\6_1201_0_8bits.tiff;E:\Experiments\PTT\Spheroids\22042025\24042025 after laser\Analysis\2025-04-24_150057_tube6_segmentationDebug\6_1201_0_segmented.tiff;1909.5;(71. 80);198.46803629398343;0.8960581886438291;49.30771654286775;0.6091838501559396;0.9641240136323568;974.3754188532292;0.9864198467956856;0.9088220108262294;0.921722628298887;99.13693901035673;37.0;Alive
3;Tube 6;613010.0;613010.0;0.0;1301.0;False;G:\Experiments\PTT\Spheroids\22042025\23042025\Analysis\2025-04-23_133054_tube6_cropped_8bits2\6_1301_0_8bits.tiff;G:\Experiments\PTT\Spheroids\22042025\23042025\Analysis\2025-04-23_133054_tube6_segmentationDebug2\6_1301_0_segmented.tiff;1713.5;(74. 74);181.296463489532;0.89829619921363;46.7086283239371;0.655111627596761;0.910197396112258;649.360134353915;0.965591949044614;0.917544535712648;0.903818386076338;;;;;;;;;;;;;;;;;;;;;;;;;;;;;;;;;;;;;
3;Tube 6;709010.0;;;;;;;;;;;;;;;;;;709010.0;0.0;901.0;False;G:\Experiments\PTT\Spheroids\22042025\24042025 before laser\Analysis\2025-04-24_103905_tube6_cropped_8bits2\7_0901_0_8bits.tiff;G:\Experiments\PTT\Spheroids\22042025\24042025 before laser\Analysis\2025-04-24_103905_tube6_segmentationDebug2\7_0901_0_segmented.tiff;1960.0;(74. 70);209.882249712944;0.85310119695321;49.9554752522775;0.559132213213571;0.810519930894824;899.555012022201;0.950583582723341;0.905310918085481;0.882117869178998;709010.0;0.0;901.0;False;E:\Experiments\PTT\Spheroids\22042025\24042025 after laser\Analysis\2025-04-24_150057_tube6_cropped_8bits\7_0901_0_8bits.tiff;E:\Experiments\PTT\Spheroids\22042025\24042025 after laser\Analysis\2025-04-24_150057_tube6_segmentationDebug\7_0901_0_segmented.tiff;2137.5;(67. 78);209.296462893486;0.8787255909558068;52.16847253726536;0.6131859704754556;0.7035949089673086;1016.2291922719356;0.9559809800855688;0.8972525225906456;0.8845338935620414;103.27963176064442;45.8;Alive
3;Tube 6;710010.0;710010.0;0.0;1001.0;False;G:\Experiments\PTT\Spheroids\22042025\23042025\Analysis\2025-04-23_133054_tube6_cropped_8bits2\7_1001_0_8bits.tiff;G:\Experiments\PTT\Spheroids\22042025\23042025\Analysis\2025-04-23_133054_tube6_segmentationDebug2\7_1001_0_segmented.tiff;1839.5;(76. 72);183.639609336853;0.925069147598692;48.3954971308316;0.685451822970219;0.914262457292097;696.403730071858;0.962187889149436;0.911801912975468;0.914836975585016;;;;;;;;;;;;;;;;;;;;;;;;;;;;;;;;;;;;;
3;Tube 6;806010.0;;;;;;;;;;;;;;;;;;806010.0;0.0;601.0;False;G:\Experiments\PTT\Spheroids\22042025\24042025 before laser\Analysis\2025-04-24_103905_tube6_cropped_8bits2\8_0601_0_8bits.tiff;G:\Experiments\PTT\Spheroids\22042025\24042025 before laser\Analysis\2025-04-24_103905_tube6_segmentationDebug2\8_0601_0_segmented.tiff;1849.0;(77. 77);190.225395560264;0.903052503052503;48.520304185107;0.642110517395457;0.829974335510352;1053.9565403094;0.955678148114441;0.910967948825103;0.881521389636628;806010.0;0.0;601.0;False;E:\Experiments\PTT\Spheroids\22042025\24042025 after laser\Analysis\2025-04-24_150057_tube6_cropped_8bits\8_0601_0_8bits.tiff;E:\Experiments\PTT\Spheroids\22042025\24042025 after laser\Analysis\2025-04-24_150057_tube6_segmentationDebug\8_0601_0_segmented.tiff;2209.0;(78. 86);233.05382251739505;0.8437738731856379;53.03382085348909;0.5110849810157689;0.8198066312753541;1086.0035086089665;0.9575922834680086;0.8935272773679647;0.8690054919931736;11.593785960874568;63.0;Dead
3;Tube 6;806010.0;;;;;;;;;;;;;;;;;;806010.0;0.0;601.0;False;G:\Experiments\PTT\Spheroids\22042025\24042025 before laser\Analysis\2025-04-24_103905_tube6_cropped_8bits2\8_0601_0_8bits.tiff;G:\Experiments\PTT\Spheroids\22042025\24042025 before laser\Analysis\2025-04-24_103905_tube6_segmentationDebug2\8_0601_0_segmented.tiff;1849.0;(77. 77);190.225395560264;0.903052503052503;48.520304185107;0.642110517395457;0.829974335510352;1053.9565403094;0.955678148114441;0.910967948825103;0.881521389636628;806010.0;1.0;601.0;False;E:\Experiments\PTT\Spheroids\22042025\24042025 after laser\Analysis\2025-04-24_150057_tube6_cropped_8bits\8_0601_0_8bits.tiff;E:\Experiments\PTT\Spheroids\22042025\24042025 after laser\Analysis\2025-04-24_150057_tube6_segmentationDebug\8_0601_0_segmented.tiff;521.0;(76. 18);157.25483322143555;0.6460012399256044;25.75573339679963;0.2647522030447731;0.4414223929146099;90.85238873009394;0.9865059380756608;0.9713376294753876;0.8895688311167347;90.16110471806674;43.0;Alive
3;Tube 6;807010.0;807010.0;0.0;701.0;False;G:\Experiments\PTT\Spheroids\22042025\23042025\Analysis\2025-04-23_133054_tube6_cropped_8bits2\8_0701_0_8bits.tiff;G:\Experiments\PTT\Spheroids\22042025\23042025\Analysis\2025-04-23_133054_tube6_segmentationDebug2\8_0701_0_segmented.tiff;1825.5;(74. 69);181.639608979225;0.905281428217208;48.2109820363995;0.69529736685879;0.923934814460137;736.876683746926;0.964065326464063;0.912275044982927;0.909749650873485;;;;;;;;;;;;;;;;;;;;;;;;;;;;;;;;;;;;;
3;Tube 6;903010.0;903010.0;0.0;301.0;False;G:\Experiments\PTT\Spheroids\22042025\23042025\Analysis\2025-04-23_133054_tube6_cropped_8bits2\9_0301_0_8bits.tiff;G:\Experiments\PTT\Spheroids\22042025\23042025\Analysis\2025-04-23_133054_tube6_segmentationDebug2\9_0301_0_segmented.tiff;1541.0;(80. 79);165.882249355316;0.919725455088033;44.2951705994782;0.703740704209123;0.888645622432039;612.955364902544;0.972492542541022;0.925843545037574;0.907287429524353;;;;;;;;;;;;;;;;;;903010.0;0.0;301.0;False;E:\Experiments\PTT\Spheroids\22042025\24042025 after laser\Analysis\2025-04-24_150057_tube6_cropped_8bits\9_0301_0_8bits.tiff;E:\Experiments\PTT\Spheroids\22042025\24042025 after laser\Analysis\2025-04-24_150057_tube6_segmentationDebug\9_0301_0_segmented.tiff;2354.5;(73. 80);238.46803629398343;0.872037037037037;54.752557091691536;0.5202932694990977;0.8197296394584327;967.0722215338252;0.9542383050075728;0.8869776477042067;0.8969819263736684;58.97583429228999;51.2;Alive
3;Tube 7;1002040.0;1002040.0;0.0;204.0;False;G:\Experiments\PTT\Spheroids\22042025\23042025\Analysis\2025-04-23_134104_tube7_cropped_8bits2\10_0204_0_8bits.tiff;G:\Experiments\PTT\Spheroids\22042025\23042025\Analysis\2025-04-23_134104_tube7_segmentationDebug2\10_0204_0_segmented.tiff;1683.5;(76. 75);171.982754707336;0.932428690113541;46.2979348736166;0.715242286576536;0.949039655290284;649.448959008061;0.962804378287619;0.886672492889884;0.914509024407916;1002040.0;0.0;204.0;False;G:\Experiments\PTT\Spheroids\22042025\24042025 before laser\Analysis\2025-04-24_104918_tube7_cropped_8bits2\10_0204_0_8bits.tiff;G:\Experiments\PTT\Spheroids\22042025\24042025 before laser\Analysis\2025-04-24_104918_tube7_segmentationDebug2\10_0204_0_segmented.tiff;1816.5;(80. 76);188.267024874687;0.907796101949025;48.0919913604273;0.644016133151762;0.787745984189239;731.812355205269;0.969750404952615;0.913018132906472;0.909984892067407;1002040.0;0.0;204.0;False;E:\Experiments\PTT\Spheroids\22042025\24042025 after laser\Analysis\2025-04-24_145050_tube7_cropped_8bits\10_0204_0_8bits.tiff;E:\Experiments\PTT\Spheroids\22042025\24042025 after laser\Analysis\2025-04-24_145050_tube7_segmentationDebug\10_0204_0_segmented.tiff;2074.5;(70. 78);221.43859827518463;0.8618612380556709;51.393924111251664;0.5316387838427388;0.9035268359522336;1063.4116892891814;0.9670522337576424;0.9000969256831296;0.8502081066152031;7.436708860759493;60.2;Dead
3;Tube 7;104050.0;;;;;;;;;;;;;;;;;;;;;;;;;;;;;;;;;;;104050.0;0.0;405.0;False;E:\Experiments\PTT\Spheroids\22042025\24042025 after laser\Analysis\2025-04-24_145050_tube7_cropped_8bits\1_0405_0_8bits.tiff;E:\Experiments\PTT\Spheroids\22042025\24042025 after laser\Analysis\2025-04-24_145050_tube7_segmentationDebug\1_0405_0_segmented.tiff;2798.5;(79. 83);225.9238797426224;0.9309713905522288;59.69221780049183;0.6889867980534122;0.5845261423782215;1044.419964101677;0.9510634447743014;0.8674469663031729;0.8324408087616854;93.49827387802071;37.0;Alive
3;Tube 7;105050.0;;;;;;;;;;;;;;;;;;105050.0;0.0;505.0;False;G:\Experiments\PTT\Spheroids\22042025\24042025 before laser\Analysis\2025-04-24_104918_tube7_cropped_8bits2\1_0505_0_8bits.tiff;G:\Experiments\PTT\Spheroids\22042025\24042025 before laser\Analysis\2025-04-24_104918_tube7_segmentationDebug2\1_0505_0_segmented.tiff;2226.5;(79. 71);208.124890089035;0.900141499898928;53.2434770310208;0.645928609099314;0.801812127319418;753.420308325007;0.96246553636147;0.893571110326086;0.922932848127133;;;;;;;;;;;;;;;;;;;;
3;Tube 7;1102070.0;;;;;;;;;;;;;;;;;;;;;;;;;;;;;;;;;;;1102070.0;0.0;207.0;False;E:\Experiments\PTT\Spheroids\22042025\24042025 after laser\Analysis\2025-04-24_145050_tube7_cropped_8bits\11_0207_0_8bits.tiff;E:\Experiments\PTT\Spheroids\22042025\24042025 after laser\Analysis\2025-04-24_145050_tube7_segmentationDebug\11_0207_0_segmented.tiff;3556.5;(62. 76);307.5807341337204;0.848604151753758;67.29246942155271;0.4724049272391289;0.7011012561736081;906.2475201617412;0.9492909364647228;0.833036154388851;0.8901444369481119;77.79056386651324;55.7;Alive
3;Tube 7;1102080.0;1102080.0;0.0;208.0;False;G:\Experiments\PTT\Spheroids\22042025\23042025\Analysis\2025-04-23_134104_tube7_cropped_8bits2\11_0208_0_8bits.tiff;G:\Experiments\PTT\Spheroids\22042025\23042025\Analysis\2025-04-23_134104_tube7_segmentationDebug2\11_0208_0_segmented.tiff;1793.0;(72. 78);172.710676431655;0.939727463312369;47.7798964388805;0.755356174045128;0.888746849574775;641.450120027888;0.964137713710552;0.914410635986207;0.917399418364502;1102080.0;0.0;208.0;False;G:\Experiments\PTT\Spheroids\22042025\24042025 before laser\Analysis\2025-04-24_104918_tube7_cropped_8bits2\11_0208_0_8bits.tiff;G:\Experiments\PTT\Spheroids\22042025\24042025 before laser\Analysis\2025-04-24_104918_tube7_segmentationDebug2\11_0208_0_segmented.tiff;1922.5;(76. 72);212.124890327453;0.863075196408529;49.4752769042614;0.536899439922943;0.909806513072919;771.733108668269;0.962255048533201;0.907108401790123;0.898055266213913;;;;;;;;;;;;;;;;;;;;
3;Tube 7;1202090.0;;;;;;;;;;;;;;;;;;;;;;;;;;;;;;;;;;;1202090.0;0.0;209.0;False;E:\Experiments\PTT\Spheroids\22042025\24042025 after laser\Analysis\2025-04-24_145050_tube7_cropped_8bits\12_0209_0_8bits.tiff;E:\Experiments\PTT\Spheroids\22042025\24042025 after laser\Analysis\2025-04-24_145050_tube7_segmentationDebug\12_0209_0_segmented.tiff;1687.5;(74. 82);178.1248903274536;0.9178678270329071;46.35290424278275;0.6683507282654526;0.8402407818619348;880.7583441121222;0.9801949897728446;0.9114145035597776;0.8747197627351065;14.93095512082854;70.8;Dead
3;Tube 7;1202100.0;1202100.0;0.0;210.0;False;G:\Experiments\PTT\Spheroids\22042025\23042025\Analysis\2025-04-23_134104_tube7_cropped_8bits2\12_0210_0_8bits.tiff;G:\Experiments\PTT\Spheroids\22042025\23042025\Analysis\2025-04-23_134104_tube7_segmentationDebug2\12_0210_0_segmented.tiff;1549.5;(76. 78);160.953317046165;0.933996383363472;44.4171664400953;0.751625631674513;0.895679853588998;566.22694625063;0.964455816385149;0.925346994939355;0.91344425813062;;;;;;;;;;;;;;;;;;;;;;;;;;;;;;;;;;;;;
3;Tube 7;1302140.0;1302140.0;0.0;214.0;False;G:\Experiments\PTT\Spheroids\22042025\23042025\Analysis\2025-04-23_134104_tube7_cropped_8bits2\13_0214_0_8bits.tiff;G:\Experiments\PTT\Spheroids\22042025\23042025\Analysis\2025-04-23_134104_tube7_segmentationDebug2\13_0214_0_segmented.tiff;1531.0;(74. 73);179.882249951362;0.870875995449374;44.1512145131879;0.594577447998611;0.774500389898521;826.320498150981;0.965337241184906;0.925435451768786;0.904615472900161;1302140.0;0.0;214.0;False;G:\Experiments\PTT\Spheroids\22042025\24042025 before laser\Analysis\2025-04-24_104918_tube7_cropped_8bits2\13_0214_0_8bits.tiff;G:\Experiments\PTT\Spheroids\22042025\24042025 before laser\Analysis\2025-04-24_104918_tube7_segmentationDebug2\13_0214_0_segmented.tiff;1526.5;(74. 66);177.154327630996;0.869552833950441;44.0862809163828;0.61122785905022;0.747961051221425;707.327995558525;0.972840401420583;0.926020914218766;0.91281389741513;;;;;;;;;;;;;;;;;;;;
3;Tube 7;1402150.0;;;;;;;;;;;;;;;;;;;;;;;;;;;;;;;;;;;1402150.0;1.0;215.0;False;E:\Experiments\PTT\Spheroids\22042025\24042025 after laser\Analysis\2025-04-24_145050_tube7_cropped_8bits\14_0215_0_8bits.tiff;E:\Experiments\PTT\Spheroids\22042025\24042025 after laser\Analysis\2025-04-24_145050_tube7_segmentationDebug\14_0215_0_segmented.tiff;1752.0;(80. 77);270.5096663236618;0.7537104753710475;47.23045291309417;0.3008696553048319;0.6683001567341514;756.7494771031533;0.975152980792144;0.9130768463868056;0.8623151154365829;10.701956271576524;62.0;Dead
3;Tube 7;1402170.0;1402170.0;0.0;217.0;False;G:\Experiments\PTT\Spheroids\22042025\23042025\Analysis\2025-04-23_134104_tube7_cropped_8bits2\14_0217_0_8bits.tiff;G:\Experiments\PTT\Spheroids\22042025\23042025\Analysis\2025-04-23_134104_tube7_segmentationDebug2\14_0217_0_segmented.tiff;1417.0;(73. 77);168.225395679473;0.898541534559289;42.4756451968622;0.629211421433329;0.924457491204746;823.372209857076;0.96683018874417;0.931136941208507;0.882047523580837;1402170.0;0.0;217.0;False;G:\Experiments\PTT\Spheroids\22042025\24042025 before laser\Analysis\2025-04-24_104918_tube7_cropped_8bits2\14_0217_0_8bits.tiff;G:\Experiments\PTT\Spheroids\22042025\24042025 before laser\Analysis\2025-04-24_104918_tube7_segmentationDebug2\14_0217_0_segmented.tiff;1417.5;(78. 76);161.982755064964;0.8980044345898;42.4831384747183;0.678883680489699;0.867165150739053;791.277689184022;0.975275024205778;0.931332495464073;0.888824478166269;;;;;;;;;;;;;;;;;;;;
3;Tube 7;1502180.0;;;;;;;;;;;;;;;;;;;;;;;;;;;;;;;;;;;1502180.0;0.0;218.0;False;E:\Experiments\PTT\Spheroids\22042025\24042025 after laser\Analysis\2025-04-24_145050_tube7_cropped_8bits\15_0218_0_8bits.tiff;E:\Experiments\PTT\Spheroids\22042025\24042025 after laser\Analysis\2025-04-24_145050_tube7_segmentationDebug\15_0218_0_segmented.tiff;2376.5;(54. 79);327.72286903858185;0.7043568464730291;55.007761071171714;0.2780572262844285;0.5576499520965013;876.0064365800234;0.9605571996971918;0.8840126808428689;0.8757604105900197;13.285385500575375;58.4;Dead
3;Tube 7;1502200.0;1502200.0;0.0;220.0;False;G:\Experiments\PTT\Spheroids\22042025\23042025\Analysis\2025-04-23_134104_tube7_cropped_8bits2\15_0220_0_8bits.tiff;G:\Experiments\PTT\Spheroids\22042025\23042025\Analysis\2025-04-23_134104_tube7_segmentationDebug2\15_0220_0_segmented.tiff;1686.0;(77. 77);175.882249474525;0.92055692055692;46.3322983719077;0.684894078514808;0.834282323532937;690.505594416649;0.960265874304152;0.918892505727636;0.910398511710894;1502200.0;0.0;220.0;False;G:\Experiments\PTT\Spheroids\22042025\24042025 before laser\Analysis\2025-04-24_104918_tube7_cropped_8bits2\15_0220_0_8bits.tiff;G:\Experiments\PTT\Spheroids\22042025\24042025 before laser\Analysis\2025-04-24_104918_tube7_segmentationDebug2\15_0220_0_segmented.tiff;1585.0;(76. 73);173.396968483924;0.902876673312446;44.9230973821399;0.662454614738683;0.940345545207917;690.628869682343;0.971114801676838;0.92329430091907;0.89805593957668;;;;;;;;;;;;;;;;;;;;
3;Tube 7;1602210.0;;;;;;;;;;;;;;;;;;;;;;;;;;;;;;;;;;;1602210.0;0.0;221.0;False;E:\Experiments\PTT\Spheroids\22042025\24042025 after laser\Analysis\2025-04-24_145050_tube7_cropped_8bits\16_0221_0_8bits.tiff;E:\Experiments\PTT\Spheroids\22042025\24042025 after laser\Analysis\2025-04-24_145050_tube7_segmentationDebug\16_0221_0_segmented.tiff;3343.0;(65. 77);339.1370828151703;0.783179102729296;65.24139635269657;0.3652545884023406;0.8374717469066656;809.0525483947661;0.9466286688887556;0.8402082719141036;0.8883944704339684;8.44361334867664;71.0;Dead
3;Tube 7;1602230.0;1602230.0;0.0;223.0;False;G:\Experiments\PTT\Spheroids\22042025\23042025\Analysis\2025-04-23_134104_tube7_cropped_8bits2\16_0223_0_8bits.tiff;G:\Experiments\PTT\Spheroids\22042025\23042025\Analysis\2025-04-23_134104_tube7_segmentationDebug2\16_0223_0_segmented.tiff;1525.0;(77. 75);177.882249593734;0.894690525080668;44.0646151205377;0.605639903304673;0.848904014721119;812.257332668294;0.962851911711631;0.925845946221026;0.881462675477932;1602230.0;0.0;223.0;False;G:\Experiments\PTT\Spheroids\22042025\24042025 before laser\Analysis\2025-04-24_104918_tube7_cropped_8bits2\16_0223_0_8bits.tiff;G:\Experiments\PTT\Spheroids\22042025\24042025 before laser\Analysis\2025-04-24_104918_tube7_segmentationDebug2\16_0223_0_segmented.tiff;1846.5;(76. 74);262.267025589942;0.786749041329356;48.4874913699758;0.337343071034534;0.892143895757024;785.964546903567;0.960443324543188;0.909082395834562;0.896665839088512;;;;;;;;;;;;;;;;;;;;
3;Tube 7;1703240.0;;;;;;;;;;;;;;;;;;;;;;;;;;;;;;;;;;;1703240.0;0.0;324.0;False;E:\Experiments\PTT\Spheroids\22042025\24042025 after laser\Analysis\2025-04-24_145050_tube7_cropped_8bits\17_0324_0_8bits.tiff;E:\Experiments\PTT\Spheroids\22042025\24042025 after laser\Analysis\2025-04-24_145050_tube7_segmentationDebug\17_0324_0_segmented.tiff;1716.0;(77. 72);243.19595789909363;0.7009803921568627;46.74268989655537;0.3645981350059101;0.6611638361501392;969.269872931442;0.9676111697594524;0.9155654588310338;0.8564503738395446;10.716340621403912;75.0;Dead
3;Tube 7;1705240.0;1705240.0;0.0;524.0;False;G:\Experiments\PTT\Spheroids\22042025\23042025\Analysis\2025-04-23_134104_tube7_cropped_8bits2\17_0524_0_8bits.tiff;G:\Experiments\PTT\Spheroids\22042025\23042025\Analysis\2025-04-23_134104_tube7_segmentationDebug2\17_0524_0_segmented.tiff;1373.0;(73. 69);174.083260297775;0.858661663539712;41.8109781626952;0.569333026798285;0.820420989960966;802.482770437268;0.966585030215954;0.932991707475226;0.895860188034659;1705240.0;0.0;524.0;False;G:\Experiments\PTT\Spheroids\22042025\24042025 before laser\Analysis\2025-04-24_104918_tube7_cropped_8bits2\17_0524_0_8bits.tiff;G:\Experiments\PTT\Spheroids\22042025\24042025 before laser\Analysis\2025-04-24_104918_tube7_segmentationDebug2\17_0524_0_segmented.tiff;1548.5;(77. 74);192.610171437263;0.824986680873734;44.4028313851988;0.524520707242707;0.786590107877101;814.858147337139;0.96727836625572;0.924378253624437;0.886562520985602;;;;;;;;;;;;;;;;;;;;
3;Tube 7;1806240.0;;;;;;;;;;;;;;;;;;;;;;;;;;;;;;;;;;;1806240.0;0.0;624.0;False;E:\Experiments\PTT\Spheroids\22042025\24042025 after laser\Analysis\2025-04-24_145050_tube7_cropped_8bits\18_0624_0_8bits.tiff;E:\Experiments\PTT\Spheroids\22042025\24042025 after laser\Analysis\2025-04-24_145050_tube7_segmentationDebug\18_0624_0_segmented.tiff;1744.0;(73. 72);197.5391039848328;0.843123036016437;47.12249745098538;0.5616298546089951;0.8955045361663226;1006.2150418244024;0.9679427560087648;0.9156541877668416;0.8718155257338263;8.80897583429229;59.0;Dead
3;Tube 7;1807240.0;;;;;;;;;;;;;;;;;;1807240.0;0.0;724.0;False;G:\Experiments\PTT\Spheroids\22042025\24042025 before laser\Analysis\2025-04-24_104918_tube7_cropped_8bits2\18_0724_0_8bits.tiff;G:\Experiments\PTT\Spheroids\22042025\24042025 before laser\Analysis\2025-04-24_104918_tube7_segmentationDebug2\18_0724_0_segmented.tiff;1427.5;(75. 75);153.154327750206;0.935145758270553;42.6327274533244;0.764763996736858;0.925775652385668;828.043256127339;0.96905750745468;0.931166652175693;0.880803187448542;;;;;;;;;;;;;;;;;;;;
3;Tube 7;1808240.0;1808240.0;0.0;824.0;False;G:\Experiments\PTT\Spheroids\22042025\23042025\Analysis\2025-04-23_134104_tube7_cropped_8bits2\18_0824_0_8bits.tiff;G:\Experiments\PTT\Spheroids\22042025\23042025\Analysis\2025-04-23_134104_tube7_segmentationDebug2\18_0824_0_segmented.tiff;1418.0;(72. 45);151.254832863807;0.941254563557915;42.4906304311251;0.778874660208882;0.980223910354206;589.134076836222;0.960614062680675;0.916526808426689;0.902334796508102;;;;;;;;;;;;;;;;;;;;;;;;;;;;;;;;;;;;;
3;Tube 7;1909240.0;;;;;;;;;;;;;;;;;;;;;;;;;;;;;;;;;;;1909240.0;0.0;924.0;False;E:\Experiments\PTT\Spheroids\22042025\24042025 after laser\Analysis\2025-04-24_145050_tube7_cropped_8bits\19_0924_0_8bits.tiff;E:\Experiments\PTT\Spheroids\22042025\24042025 after laser\Analysis\2025-04-24_145050_tube7_segmentationDebug\19_0924_0_segmented.tiff;1449.5;(71. 75);176.468035697937;0.8385883714203066;42.95998975900272;0.5849193392439349;0.8749528836690604;1161.8012030193877;0.9739401285703692;0.9292676202720788;0.8283937971683913;57.623705408515534;58.4;Alive
3;Tube 7;1910240.0;1910240.0;0.0;1024.0;False;G:\Experiments\PTT\Spheroids\22042025\23042025\Analysis\2025-04-23_134104_tube7_cropped_8bits2\19_1024_0_8bits.tiff;G:\Experiments\PTT\Spheroids\22042025\23042025\Analysis\2025-04-23_134104_tube7_segmentationDebug2\19_1024_0_segmented.tiff;1681.5;(76. 74);191.78174483776;0.858565228491192;46.27042570014;0.574502872640145;0.837155259640084;709.019956324299;0.960997180097816;0.918500639886181;0.896417100953813;1910240.0;0.0;1024.0;False;G:\Experiments\PTT\Spheroids\22042025\24042025 before laser\Analysis\2025-04-24_104918_tube7_cropped_8bits2\19_1024_0_8bits.tiff;G:\Experiments\PTT\Spheroids\22042025\24042025 before laser\Analysis\2025-04-24_104918_tube7_segmentationDebug2\19_1024_0_segmented.tiff;1470.0;(76. 70);185.195957541465;0.871886120996441;43.2627106265972;0.538597326643326;0.726967670228311;712.067521046698;0.968004561482396;0.927990146097601;0.886912897026062;;;;;;;;;;;;;;;;;;;;
3;Tube 7;2013240.0;2013240.0;0.0;1324.0;False;G:\Experiments\PTT\Spheroids\22042025\23042025\Analysis\2025-04-23_134104_tube7_cropped_8bits2\20_1324_0_8bits.tiff;G:\Experiments\PTT\Spheroids\22042025\23042025\Analysis\2025-04-23_134104_tube7_segmentationDebug2\20_1324_0_segmented.tiff;1292.5;(75. 69);178.953317284584;0.807055885107711;40.566761166874;0.50717858654016;0.833035347832888;346.401565753749;0.972175483729037;0.936237649100639;0.905037251509803;2013240.0;0.0;1324.0;False;G:\Experiments\PTT\Spheroids\22042025\24042025 before laser\Analysis\2025-04-24_104918_tube7_cropped_8bits2\20_1324_0_8bits.tiff;G:\Experiments\PTT\Spheroids\22042025\24042025 before laser\Analysis\2025-04-24_104918_tube7_segmentationDebug2\20_1324_0_segmented.tiff;1429.0;(73. 76);168.225395560264;0.884008660686668;42.6551205534171;0.634539959423108;0.885271203305656;594.169260241674;0.967460893684559;0.930485763774783;0.899296826496237;;;;;;;;;;;;;;;;;;;;
3;Tube 7;208050.0;;;;;;;;;;;;;;;;;;208050.0;0.0;805.0;False;G:\Experiments\PTT\Spheroids\22042025\24042025 before laser\Analysis\2025-04-24_104918_tube7_cropped_8bits2\2_0805_0_8bits.tiff;G:\Experiments\PTT\Spheroids\22042025\24042025 before laser\Analysis\2025-04-24_104918_tube7_segmentationDebug2\2_0805_0_segmented.tiff;1904.0;(77. 81);206.024385333061;0.887645687645687;49.2366539599895;0.563688992084399;0.793617409859183;808.063982622914;0.958619422459296;0.908070987443666;0.880110375471295;;;;;;;;;;;;;;;;;;;;
3;Tube 7;209050.0;209050.0;0.0;905.0;False;G:\Experiments\PTT\Spheroids\22042025\23042025\Analysis\2025-04-23_134104_tube7_cropped_8bits2\2_0905_0_8bits.tiff;G:\Experiments\PTT\Spheroids\22042025\23042025\Analysis\2025-04-23_134104_tube7_segmentationDebug2\2_0905_0_segmented.tiff;1853.5;(73. 76);181.296462893486;0.907022265720577;48.5793114007045;0.708636947612924;0.943903305994023;619.138247863247;0.954235613653561;0.911112544307956;0.902384282486205;;;;;;;;;;;;;;;;;;;;;;;;;;;;;;;;;;;;;
3;Tube 7;311050.0;;;;;;;;;;;;;;;;;;311050.0;0.0;1105.0;False;G:\Experiments\PTT\Spheroids\22042025\24042025 before laser\Analysis\2025-04-24_104918_tube7_cropped_8bits2\3_1105_0_8bits.tiff;G:\Experiments\PTT\Spheroids\22042025\24042025 before laser\Analysis\2025-04-24_104918_tube7_segmentationDebug2\3_1105_0_segmented.tiff;1918.5;(77. 78);186.610171079635;0.927259545674238;49.4237803751838;0.692310702564303;0.916520211761555;700.797310737598;0.959341288746136;0.908103866451306;0.895842371360529;311050.0;0.0;1105.0;False;E:\Experiments\PTT\Spheroids\22042025\24042025 after laser\Analysis\2025-04-24_145050_tube7_cropped_8bits\3_1105_0_8bits.tiff;E:\Experiments\PTT\Spheroids\22042025\24042025 after laser\Analysis\2025-04-24_145050_tube7_segmentationDebug\3_1105_0_segmented.tiff;1915.5;(76. 76);196.6101714372635;0.8859851988899168;49.38512273894036;0.6227017074727659;0.9215899975892682;1035.269289399457;0.967202582898122;0.9081708106856438;0.8575954027816051;111.62255466052935;37.0;Alive
3;Tube 7;312050.0;312050.0;0.0;1205.0;False;G:\Experiments\PTT\Spheroids\22042025\23042025\Analysis\2025-04-23_134104_tube7_cropped_8bits2\3_1205_0_8bits.tiff;G:\Experiments\PTT\Spheroids\22042025\23042025\Analysis\2025-04-23_134104_tube7_segmentationDebug2\3_1205_0_segmented.tiff;1737.5;(77. 77);173.639608979225;0.931885223920622;47.0346011886711;0.724164246412377;0.918127813930719;755.736098769495;0.96180163860201;0.916685003904583;0.89571920593606;;;;;;;;;;;;;;;;;;;;;;;;;;;;;;;;;;;;;
3;Tube 7;414050.0;;;;;;;;;;;;;;;;;;414050.0;0.0;1405.0;False;G:\Experiments\PTT\Spheroids\22042025\24042025 before laser\Analysis\2025-04-24_104918_tube7_cropped_8bits2\4_1405_0_8bits.tiff;G:\Experiments\PTT\Spheroids\22042025\24042025 before laser\Analysis\2025-04-24_104918_tube7_segmentationDebug2\4_1405_0_segmented.tiff;2184.5;(72. 76);215.781744718551;0.858181103908858;52.7389020124041;0.589566111953747;0.851023426568223;788.30345534043;0.955121302907231;0.895175725373644;0.899164627542301;;;;;;;;;;;;;;;;;;;;
3;Tube 7;415040.0;415040.0;0.0;1504.0;False;G:\Experiments\PTT\Spheroids\22042025\23042025\Analysis\2025-04-23_134104_tube7_cropped_8bits2\4_1504_0_8bits.tiff;G:\Experiments\PTT\Spheroids\22042025\23042025\Analysis\2025-04-23_134104_tube7_segmentationDebug2\4_1504_0_segmented.tiff;2104.5;(79. 72);206.124890446662;0.903412749517063;51.7642021274852;0.622440608268035;0.901179622100103;800.460488109722;0.949716154839033;0.899335571557751;0.905058119022712;;;;;;;;;;;;;;;;;;;;;;;;;;;;;;;;;;;;;
3;Tube 7;514010.0;514010.0;0.0;1401.0;False;G:\Experiments\PTT\Spheroids\22042025\23042025\Analysis\2025-04-23_134104_tube7_cropped_8bits2\5_1401_0_8bits.tiff;G:\Experiments\PTT\Spheroids\22042025\23042025\Analysis\2025-04-23_134104_tube7_segmentationDebug2\5_1401_0_segmented.tiff;1951.0;(72. 75);182.367530822753;0.933269552738579;49.8406495922585;0.737177544397241;0.825065664462046;544.745479662013;0.962720239751428;0.907034240871853;0.913371245281616;514010.0;0.0;1401.0;False;G:\Experiments\PTT\Spheroids\22042025\24042025 before laser\Analysis\2025-04-24_104918_tube7_cropped_8bits2\5_1401_0_8bits.tiff;G:\Experiments\PTT\Spheroids\22042025\24042025 before laser\Analysis\2025-04-24_104918_tube7_segmentationDebug2\5_1401_0_segmented.tiff;1828.5;(79. 75);192.953317284584;0.886115822631451;48.2505803856103;0.617163637169303;0.918829514949271;694.677824807226;0.969099650326022;0.912094225209904;0.898506009435094;;;;;;;;;;;;;;;;;;;;
3;Tube 7;515020.0;;;;;;;;;;;;;;;;;;;;;;;;;;;;;;;;;;;515020.0;0.0;1502.0;False;E:\Experiments\PTT\Spheroids\22042025\24042025 after laser\Analysis\2025-04-24_145050_tube7_cropped_8bits\5_1502_0_8bits.tiff;E:\Experiments\PTT\Spheroids\22042025\24042025 after laser\Analysis\2025-04-24_145050_tube7_segmentationDebug\5_1502_0_segmented.tiff;1717.5;(66. 82);184.1248903274536;0.8985090243264452;46.76311493134992;0.6366219483845474;0.8930796303505097;841.4753353887215;0.9699476384763396;0.917288356582766;0.8572742688955951;97.00805523590334;37.0;Alive
3;Tube 7;611010.0;611010.0;0.0;1101.0;False;G:\Experiments\PTT\Spheroids\22042025\23042025\Analysis\2025-04-23_134104_tube7_cropped_8bits2\6_1101_0_8bits.tiff;G:\Experiments\PTT\Spheroids\22042025\23042025\Analysis\2025-04-23_134104_tube7_segmentationDebug2\6_1101_0_segmented.tiff;1794.5;(76. 76);176.124890446662;0.937075718015665;47.7998782741886;0.726962242497266;0.918542028994862;731.345294564091;0.964112385501125;0.914104912655396;0.905306541062424;611010.0;0.0;1101.0;False;G:\Experiments\PTT\Spheroids\22042025\24042025 before laser\Analysis\2025-04-24_104918_tube7_cropped_8bits2\6_1101_0_8bits.tiff;G:\Experiments\PTT\Spheroids\22042025\24042025 before laser\Analysis\2025-04-24_104918_tube7_segmentationDebug2\6_1101_0_segmented.tiff;2060.0;(77. 73);252.8528124094;0.819411296738265;51.2139967406805;0.404894154943912;0.771471488077184;691.577667699977;0.956350234377804;0.896712623181435;0.883760185836418;;;;;;;;;;;;;;;;;;;;
3;Tube 7;612010.0;;;;;;;;;;;;;;;;;;;;;;;;;;;;;;;;;;;612010.0;0.0;1201.0;False;E:\Experiments\PTT\Spheroids\22042025\24042025 after laser\Analysis\2025-04-24_145050_tube7_cropped_8bits\6_1201_0_8bits.tiff;E:\Experiments\PTT\Spheroids\22042025\24042025 after laser\Analysis\2025-04-24_145050_tube7_segmentationDebug\6_1201_0_segmented.tiff;1685.0;(71. 74);177.88224971294403;0.9125372326022204;46.318556031883695;0.6691824496397226;0.8515225142272438;855.1897667562234;0.9684650790302588;0.9189603256487796;0.8596585414217663;83.83199079401611;37.0;Alive
3;Tube 7;708010.0;708010.0;0.0;801.0;False;G:\Experiments\PTT\Spheroids\22042025\23042025\Analysis\2025-04-23_134104_tube7_cropped_8bits2\7_0801_0_8bits.tiff;G:\Experiments\PTT\Spheroids\22042025\23042025\Analysis\2025-04-23_134104_tube7_segmentationDebug2\7_0801_0_segmented.tiff;1824.5;(79. 74);196.124890208244;0.864282330648981;48.1977753570567;0.596057702903963;0.799135282604284;722.943691335964;0.959706003510118;0.911776145570472;0.890054433367323;708010.0;0.0;801.0;False;G:\Experiments\PTT\Spheroids\22042025\24042025 before laser\Analysis\2025-04-24_104918_tube7_cropped_8bits2\7_0801_0_8bits.tiff;G:\Experiments\PTT\Spheroids\22042025\24042025 before laser\Analysis\2025-04-24_104918_tube7_segmentationDebug2\7_0801_0_segmented.tiff;1884.0;(77. 78);214.710676550865;0.839946500222915;48.9773754123375;0.51355088466861;0.814895734415523;876.969838182606;0.962855873091956;0.908620377493168;0.872537948899704;;;;;;;;;;;;;;;;;;;;
3;Tube 7;709010.0;;;;;;;;;;;;;;;;;;;;;;;;;;;;;;;;;;;709010.0;0.0;901.0;False;E:\Experiments\PTT\Spheroids\22042025\24042025 after laser\Analysis\2025-04-24_145050_tube7_cropped_8bits\7_0901_0_8bits.tiff;E:\Experiments\PTT\Spheroids\22042025\24042025 after laser\Analysis\2025-04-24_145050_tube7_segmentationDebug\7_0901_0_segmented.tiff;2571.0;(77. 78);250.8528121709824;0.8356899073622623;57.21449877010287;0.5134214307435797;0.7302549861069471;861.0419823754784;0.9478545052021564;0.8772674508165401;0.8913750925107028;91.94476409666284;55.6;Alive
3;Tube 7;805010.0;805010.0;0.0;501.0;False;G:\Experiments\PTT\Spheroids\22042025\23042025\Analysis\2025-04-23_134104_tube7_cropped_8bits2\8_0501_0_8bits.tiff;G:\Experiments\PTT\Spheroids\22042025\23042025\Analysis\2025-04-23_134104_tube7_segmentationDebug2\8_0501_0_segmented.tiff;1814.0;(77. 77);225.195958137512;0.791621208815186;48.0588861101626;0.449496137132765;0.761275778949147;609.518980414822;0.956178750480971;0.911558545419629;0.90761754447102;;;;;;;;;;;;;;;;;;;;;;;;;;;;;;;;;;;;;
3;Tube 7;806010.0;;;;;;;;;;;;;;;;;;;;;;;;;;;;;;;;;;;806010.0;0.0;601.0;False;E:\Experiments\PTT\Spheroids\22042025\24042025 after laser\Analysis\2025-04-24_145050_tube7_cropped_8bits\8_0601_0_8bits.tiff;E:\Experiments\PTT\Spheroids\22042025\24042025 after laser\Analysis\2025-04-24_145050_tube7_segmentationDebug\8_0601_0_segmented.tiff;2128.5;(75. 77);271.9238795042038;0.7181174089068826;52.05852832119627;0.3617335772763159;0.8403157092117478;1110.1283278991125;0.96255395701207;0.8961874017332364;0.8841390285649072;15.391254315304948;68.7;Dead
3;Tube 7;903010.0;;;;;;;;;;;;;;;;;;;;;;;;;;;;;;;;;;;903010.0;0.0;301.0;False;E:\Experiments\PTT\Spheroids\22042025\24042025 after laser\Analysis\2025-04-24_145050_tube7_cropped_8bits\9_0301_0_8bits.tiff;E:\Experiments\PTT\Spheroids\22042025\24042025 after laser\Analysis\2025-04-24_145050_tube7_segmentationDebug\9_0301_0_segmented.tiff;2307.0;(74. 75);262.5096663236618;0.7883136852895951;54.19745039855676;0.4206945236327334;0.7684770325967315;1214.0842747034635;0.9648365164581508;0.8887869614598497;0.8294996584109132;98.27387802071347;49.0;Alive
