Experiment ID;Sheet;merge_number;Name_day0;Index_day0;Wells_day0;multiple_day0;Path 8bcrop_day0;Path segmented_day0;Area (pix2)_day0;Centroid_day0;Perimeter (pix)_day0;Solidity_day0;Equivalent Diameter (pix)_day0;Circularity_day0;Aspect ratio_day0;Mean grey value_day0;Homogeneity_day0;Energy_day0;Correlation_day0;Name_day1;Index_day1;Wells_day1;multiple_day1;Path 8bcrop_day1;Path segmented_day1;Area (pix2)_day1;Centroid_day1;Perimeter (pix)_day1;Solidity_day1;Equivalent Diameter (pix)_day1;Circularity_day1;Aspect ratio_day1;Mean grey value_day1;Homogeneity_day1;Energy_day1;Correlation_day1;Name_day2;Index_day2;Wells_day2;multiple_day2;Path 8bcrop_day2;Path segmented_day2;Area (pix2)_day2;Centroid_day2;Perimeter (pix)_day2;Solidity_day2;Equivalent Diameter (pix)_day2;Circularity_day2;Aspect ratio_day2;Mean grey value_day2;Homogeneity_day2;Energy_day2;Correlation_day2;Max temp (°C)_day2;Normalised alb_day2;Label_day2;Name_delta;Index_delta;Wells_delta;multiple_delta;Path 8bcrop_delta;Path segmented_delta;Area (pix2)_delta;Centroid_delta;Perimeter (pix)_delta;Solidity_delta;Equivalent Diameter (pix)_delta;Circularity_delta;Aspect ratio_delta;Mean grey value_delta;Homogeneity_delta;Energy_delta;Correlation_delta
1;Tube 5;1002050.0;1002050.0;0.0;205.0;False;G:\Experiments\PTT\Spheroids\14042025\15042025\Analysis\2025-04-15_163206_tube5_cropped_8bits2\10_0205_0_8bits.tiff;G:\Experiments\PTT\Spheroids\14042025\15042025\Analysis\2025-04-15_163206_tube5_segmentationDebug2\10_0205_0_segmented.tiff;2535.0;(78. 82);209.681239008903;0.929252199413489;56.8125183907881;0.72455053138232;0.897689736491593;648.873885317636;0.956228932516354;0.880170990449395;0.92770919107672;;;;;;;;;;;;;;;;;;1002050.0;0.0;205.0;False;E:\Experiments\PTT\Spheroids\14042025\16042025 after laser\Analysis\2025-04-16_161626_tube5_cropped_8bits\10_0205_0_8bits.tiff;E:\Experiments\PTT\Spheroids\14042025\16042025 after laser\Analysis\2025-04-16_161626_tube5_segmentationDebug\10_0205_0_segmented.tiff;2886.0;(71. 76);203.6812388896942;0.9814657371195374;60.618226022423976;0.8741865795725611;0.911363961131112;985.2798942405708;0.9647139319951008;0.8664619040677997;0.8642779108141929;62.8;86.22525918944392;Alive;;;;;;;;;;;;;;;;;
1;Tube 5;1002060.0;;;;;;;;;;;;;;;;;;1002060.0;0.0;206.0;False;G:\Experiments\PTT\Spheroids\14042025\16042025 before laser\Analysis\2025-04-16_100659_tube5_cropped_8bits2\10_0206_0_8bits.tiff;G:\Experiments\PTT\Spheroids\14042025\16042025 before laser\Analysis\2025-04-16_100659_tube5_segmentationDebug2\10_0206_0_segmented.tiff;3184.5;(78. 69);228.40916109085;0.961939284096058;63.6759870768339;0.767050716277289;0.931388858831049;763.565388683844;0.93707869646101;0.850869184624006;0.909653621687173;;;;;;;;;;;;;;;;;;;;;;;;;;;;;;;;;;;;;
1;Tube 5;106050.0;106050.0;0.0;605.0;False;G:\Experiments\PTT\Spheroids\14042025\15042025\Analysis\2025-04-15_163206_tube5_cropped_8bits2\1_0605_0_8bits.tiff;G:\Experiments\PTT\Spheroids\14042025\15042025\Analysis\2025-04-15_163206_tube5_segmentationDebug2\1_0605_0_segmented.tiff;2636.0;(73. 77);202.166520953178;0.962570750410808;57.9332326037645;0.810469722299692;0.876317292606775;750.258131021194;0.939784745145989;0.875470933917916;0.904854758016736;;;;;;;;;;;;;;;;;;106050.0;0.0;605.0;False;E:\Experiments\PTT\Spheroids\14042025\16042025 after laser\Analysis\2025-04-16_161626_tube5_cropped_8bits\1_0605_0_8bits.tiff;E:\Experiments\PTT\Spheroids\14042025\16042025 after laser\Analysis\2025-04-16_161626_tube5_segmentationDebug\1_0605_0_segmented.tiff;3463.5;(74. 72);259.23758828639984;0.9169976171564734;66.40681563808218;0.6476332101732903;0.8756276522063192;659.5554880320572;0.9440654424657584;0.8376799053222601;0.915002528924172;37.0;93.92554194156456;Alive;;;;;;;;;;;;;;;;;
1;Tube 5;1102080.0;1102080.0;0.0;208.0;False;G:\Experiments\PTT\Spheroids\14042025\15042025\Analysis\2025-04-15_163206_tube5_cropped_8bits2\11_0208_0_8bits.tiff;G:\Experiments\PTT\Spheroids\14042025\15042025\Analysis\2025-04-15_163206_tube5_segmentationDebug2\11_0208_0_segmented.tiff;2437.5;(77. 75);195.095452785491;0.963438735177865;55.7092576713418;0.804748533845349;0.937239288520352;556.89102509663;0.951762818337788;0.884752791498547;0.915705776185953;1102080.0;0.0;208.0;False;G:\Experiments\PTT\Spheroids\14042025\16042025 before laser\Analysis\2025-04-16_100659_tube5_cropped_8bits2\11_0208_0_8bits.tiff;G:\Experiments\PTT\Spheroids\14042025\16042025 before laser\Analysis\2025-04-16_100659_tube5_segmentationDebug2\11_0208_0_segmented.tiff;3019.0;(75. 69);206.651802182197;0.984510027718897;61.9992756857324;0.888371429443531;0.894720770272863;728.97382755357;0.948628231474816;0.859049906139266;0.91093530287375;1102080.0;0.0;208.0;False;E:\Experiments\PTT\Spheroids\14042025\16042025 after laser\Analysis\2025-04-16_161626_tube5_cropped_8bits\11_0208_0_8bits.tiff;E:\Experiments\PTT\Spheroids\14042025\16042025 after laser\Analysis\2025-04-16_161626_tube5_segmentationDebug\11_0208_0_segmented.tiff;3770.0;(74. 79);233.9655095338821;0.9806216673169464;69.28284840890683;0.8654610647121004;0.8739568663885491;1071.934390432418;0.9619433284661868;0.8271950945193033;0.8263451753026894;66.7;2.074300973923971;Dead;0.0;0.0;0.0;;;;751.0;;27.31370735168511;-0.003888360401950508;7.28357272317443;-0.0229103647314306;-0.020763903884313928;342.960562878848;0.01331509699137079;-0.03185481161996273;-0.08459012757106066
1;Tube 5;1202100.0;1202100.0;0.0;210.0;False;G:\Experiments\PTT\Spheroids\14042025\15042025\Analysis\2025-04-15_163206_tube5_cropped_8bits2\12_0210_0_8bits.tiff;G:\Experiments\PTT\Spheroids\14042025\15042025\Analysis\2025-04-15_163206_tube5_segmentationDebug2\12_0210_0_segmented.tiff;432.0;(19. 72);78.7695521116256;0.970786516853932;23.4529205713401;0.874937153189768;0.881221757395498;53.5405808840546;0.989096907205729;0.978085629779785;0.91036822699145;;;;;;;;;;;;;;;;;;;;;;;;;;;;;;;;;;;;;;;;;;;;;;;;;;;;;;
1;Tube 5;1202100.0;1202100.0;1.0;210.0;False;G:\Experiments\PTT\Spheroids\14042025\15042025\Analysis\2025-04-15_163206_tube5_cropped_8bits2\12_0210_0_8bits.tiff;G:\Experiments\PTT\Spheroids\14042025\15042025\Analysis\2025-04-15_163206_tube5_segmentationDebug2\12_0210_0_segmented.tiff;2639.0;(71. 71);206.852811932563;0.953051643192488;57.9661897881523;0.775044067240722;0.796190701688585;546.182792777133;0.950230425326848;0.875360349360694;0.933084112877931;;;;;;;;;;;;;;;;;;;;;;;;;;;;;;;;;;;;;;;;;;;;;;;;;;;;;;
1;Tube 5;1202110.0;;;;;;;;;;;;;;;;;;1202110.0;0.0;211.0;False;G:\Experiments\PTT\Spheroids\14042025\16042025 before laser\Analysis\2025-04-16_100659_tube5_cropped_8bits2\12_0211_0_8bits.tiff;G:\Experiments\PTT\Spheroids\14042025\16042025 before laser\Analysis\2025-04-16_100659_tube5_segmentationDebug2\12_0211_0_segmented.tiff;3150.0;(74. 71);211.823373675346;0.98483664217602;63.3301236846712;0.882211381645259;0.87196489705863;631.369025593586;0.949730516133674;0.853251962294935;0.927952146932722;1202110.0;0.0;211.0;False;E:\Experiments\PTT\Spheroids\14042025\16042025 after laser\Analysis\2025-04-16_161626_tube5_cropped_8bits\12_0211_0_8bits.tiff;E:\Experiments\PTT\Spheroids\14042025\16042025 after laser\Analysis\2025-04-16_161626_tube5_segmentationDebug\12_0211_0_segmented.tiff;3065.0;(78. 78);214.99494767189023;0.9742530197075652;62.46982635331456;0.833266331719902;0.8920166617995151;688.2541236635417;0.9545540469681016;0.8572235774930764;0.908709372788813;52.0;72.85422557335846;Alive;0.0;0.0;0.0;;;;-85.0;;3.1715739965442253;-0.01058362246845479;-0.8602973313566409;-0.048945049925356976;0.020051764740885103;56.88509806995569;0.004823530834427658;0.003971615198141376;-0.01924277414390896
1;Tube 5;1302130.0;1302130.0;0.0;213.0;False;G:\Experiments\PTT\Spheroids\14042025\15042025\Analysis\2025-04-15_163206_tube5_cropped_8bits2\13_0213_0_8bits.tiff;G:\Experiments\PTT\Spheroids\14042025\15042025\Analysis\2025-04-15_163206_tube5_segmentationDebug2\13_0213_0_segmented.tiff;2272.5;(76. 75);200.267026185989;0.920972644376899;53.7906763799327;0.712024369773802;0.885380418867275;726.143553646064;0.962663022243598;0.892377529109742;0.922527358042855;;;;;;;;;;;;;;;;;;;;;;;;;;;;;;;;;;;;;;;;;;;;;;;;;;;;;;
1;Tube 5;1302140.0;;;;;;;;;;;;;;;;;;1302140.0;0.0;214.0;False;G:\Experiments\PTT\Spheroids\14042025\16042025 before laser\Analysis\2025-04-16_100659_tube5_cropped_8bits2\13_0214_0_8bits.tiff;G:\Experiments\PTT\Spheroids\14042025\16042025 before laser\Analysis\2025-04-16_100659_tube5_segmentationDebug2\13_0214_0_segmented.tiff;2612.0;(75. 73);219.480229377746;0.932524098536237;57.6688970836814;0.681384461904784;0.789408146130356;705.723510445981;0.946675212478985;0.876161580106263;0.907282722622154;1302140.0;0.0;214.0;False;E:\Experiments\PTT\Spheroids\14042025\16042025 after laser\Analysis\2025-04-16_161626_tube5_cropped_8bits\13_0214_0_8bits.tiff;E:\Experiments\PTT\Spheroids\14042025\16042025 after laser\Analysis\2025-04-16_161626_tube5_segmentationDebug\13_0214_0_segmented.tiff;3134.5;(69. 75);217.2375885248184;0.9713356058258444;63.174119328823;0.8346572916824595;0.9532470391168169;1033.5413936940254;0.9705408617339134;0.8555731863673356;0.8401554328361873;77.0;3.1965127238454287;Dead;0.0;0.0;0.0;;;;522.5;;-2.2426408529276216;0.03881150728960747;5.505222245141596;0.15327282977767553;0.16383889298646082;327.8178832480444;0.0238656492549284;-0.020588393738927402;-0.06712728978596672
1;Tube 5;1402160.0;1402160.0;0.0;216.0;False;G:\Experiments\PTT\Spheroids\14042025\15042025\Analysis\2025-04-15_163206_tube5_cropped_8bits2\14_0216_0_8bits.tiff;G:\Experiments\PTT\Spheroids\14042025\15042025\Analysis\2025-04-15_163206_tube5_segmentationDebug2\14_0216_0_segmented.tiff;2400.5;(75. 70);201.781744122505;0.937512204647529;55.2848218513613;0.740879931696182;0.905171523946127;651.428329504481;0.950023548106561;0.886276944253278;0.922156002357406;;;;;;;;;;;;;;;;;;;;;;;;;;;;;;;;;;;;;;;;;;;;;;;;;;;;;;
1;Tube 5;1402170.0;;;;;;;;;;;;;;;;;;1402170.0;0.0;217.0;False;G:\Experiments\PTT\Spheroids\14042025\16042025 before laser\Analysis\2025-04-16_100659_tube5_cropped_8bits2\14_0217_0_8bits.tiff;G:\Experiments\PTT\Spheroids\14042025\16042025 before laser\Analysis\2025-04-16_100659_tube5_segmentationDebug2\14_0217_0_segmented.tiff;2772.0;(77. 69);200.166520476341;0.983153041319382;59.4089220404298;0.86940114994677;0.919277631454753;739.640078209277;0.943980818668617;0.869737430638887;0.914651861697963;1402170.0;0.0;217.0;False;E:\Experiments\PTT\Spheroids\14042025\16042025 after laser\Analysis\2025-04-16_161626_tube5_cropped_8bits\14_0217_0_8bits.tiff;E:\Experiments\PTT\Spheroids\14042025\16042025 after laser\Analysis\2025-04-16_161626_tube5_segmentationDebug\14_0217_0_segmented.tiff;2983.5;(74. 77);208.0660150051117;0.9783571077225774;61.6336773340465;0.8660313376365867;0.9800051236368648;646.3475303979396;0.9495253874908042;0.8605426448640802;0.8966714377505665;50.7;110.28118127552624;Alive;0.0;0.0;0.0;;;;211.5;;7.899494528770703;-0.004795933596804525;2.2247552936167025;-0.0033698123101832955;0.06072749218211171;-93.29254781133739;0.005544568822187124;-0.009194785774806813;-0.017980423947396518
1;Tube 5;1502190.0;1502190.0;0.0;219.0;False;G:\Experiments\PTT\Spheroids\14042025\15042025\Analysis\2025-04-15_163206_tube5_cropped_8bits2\15_0219_0_8bits.tiff;G:\Experiments\PTT\Spheroids\14042025\15042025\Analysis\2025-04-15_163206_tube5_segmentationDebug2\15_0219_0_segmented.tiff;2240.0;(77. 77);193.195957779884;0.942959376973268;53.4046494249963;0.754157078029537;0.885594149011732;549.597205290886;0.948132292406294;0.893517670785388;0.913090802315095;1502190.0;0.0;219.0;False;G:\Experiments\PTT\Spheroids\14042025\16042025 before laser\Analysis\2025-04-16_100659_tube5_cropped_8bits2\15_0219_0_8bits.tiff;G:\Experiments\PTT\Spheroids\14042025\16042025 before laser\Analysis\2025-04-16_100659_tube5_segmentationDebug2\15_0219_0_segmented.tiff;2689.5;(81. 74);200.409162044525;0.978177850518276;58.5181831191401;0.841484785929014;0.905830076536681;538.113004595772;0.946862328695728;0.873716298957142;0.926146255494813;;;;;;;;;;;;;;;;;;;;;;;;;;;;;;;;;;;;;
1;Tube 5;1502200.0;;;;;;;;;;;;;;;;;;;;;;;;;;;;;;;;;;;1502200.0;0.0;220.0;False;E:\Experiments\PTT\Spheroids\14042025\16042025 after laser\Analysis\2025-04-16_161626_tube5_cropped_8bits\15_0220_0_8bits.tiff;E:\Experiments\PTT\Spheroids\14042025\16042025 after laser\Analysis\2025-04-16_161626_tube5_segmentationDebug\15_0220_0_segmented.tiff;2901.5;(79. 78);205.0954532623291;0.9779238287832828;60.780790872191474;0.8668029358940711;0.9374795126207696;1092.3259552448726;0.9626724641249712;0.8650809885128881;0.829147690537374;62.5;1.716148287778825;Dead;;;;;;;;;;;;;;;;;
1;Tube 5;1602220.0;1602220.0;0.0;222.0;False;G:\Experiments\PTT\Spheroids\14042025\15042025\Analysis\2025-04-15_163206_tube5_cropped_8bits2\16_0222_0_8bits.tiff;G:\Experiments\PTT\Spheroids\14042025\15042025\Analysis\2025-04-15_163206_tube5_segmentationDebug2\16_0222_0_segmented.tiff;2051.5;(71. 73);176.610171318054;0.964050751879699;51.1082275766259;0.826513519241331;0.958894438843333;603.074649644517;0.95278414109072;0.902572601857075;0.904078095318101;1602220.0;0.0;222.0;False;G:\Experiments\PTT\Spheroids\14042025\16042025 before laser\Analysis\2025-04-16_100659_tube5_cropped_8bits2\16_0222_0_8bits.tiff;G:\Experiments\PTT\Spheroids\14042025\16042025 before laser\Analysis\2025-04-16_100659_tube5_segmentationDebug2\16_0222_0_segmented.tiff;2760.0;(82. 77);217.681239008903;0.946664380037729;59.2801918305689;0.731942465611428;0.795937231349168;535.104574109245;0.945027454724811;0.870088754663078;0.922955660304457;;;;;;;;;;;;;;;;;;;;;;;;;;;;;;;;;;;;;
1;Tube 5;1704240.0;1704240.0;0.0;424.0;False;G:\Experiments\PTT\Spheroids\14042025\15042025\Analysis\2025-04-15_163206_tube5_cropped_8bits2\17_0424_0_8bits.tiff;G:\Experiments\PTT\Spheroids\14042025\15042025\Analysis\2025-04-15_163206_tube5_segmentationDebug2\17_0424_0_segmented.tiff;1864.5;(73. 74);171.438598513603;0.959351685104193;48.7232504165999;0.797177506962584;0.966513891639199;589.575252043901;0.95703222825637;0.911027296546033;0.909827720322645;1704240.0;0.0;424.0;False;G:\Experiments\PTT\Spheroids\14042025\16042025 before laser\Analysis\2025-04-16_100659_tube5_cropped_8bits2\17_0424_0_8bits.tiff;G:\Experiments\PTT\Spheroids\14042025\16042025 before laser\Analysis\2025-04-16_100659_tube5_segmentationDebug2\17_0424_0_segmented.tiff;2331.5;(71. 78);201.923881173133;0.928699462258514;54.4844748396277;0.718571376218827;0.921714170111118;640.207693868785;0.952545278554839;0.889583132164906;0.923549010538414;;;;;;;;;;;;;;;;;;;;;;;;;;;;;;;;;;;;;
1;Tube 5;1705240.0;;;;;;;;;;;;;;;;;;;;;;;;;;;;;;;;;;;1705240.0;0.0;524.0;False;E:\Experiments\PTT\Spheroids\14042025\16042025 after laser\Analysis\2025-04-16_161626_tube5_cropped_8bits\17_0524_0_8bits.tiff;E:\Experiments\PTT\Spheroids\14042025\16042025 after laser\Analysis\2025-04-16_161626_tube5_segmentationDebug\17_0524_0_segmented.tiff;2146.0;(74. 78);177.6812391281128;0.9734633703787708;52.2720964090944;0.8541938359001272;0.922764369790402;1094.6539812835435;0.9696336035023756;0.8990757832837025;0.8439408943341683;49.4;67.0640904806786;Alive;;;;;;;;;;;;;;;;;
1;Tube 5;1806240.0;1806240.0;0.0;624.0;False;G:\Experiments\PTT\Spheroids\14042025\15042025\Analysis\2025-04-15_163206_tube5_cropped_8bits2\18_0624_0_8bits.tiff;G:\Experiments\PTT\Spheroids\14042025\15042025\Analysis\2025-04-15_163206_tube5_segmentationDebug2\18_0624_0_segmented.tiff;1478.5;(72. 66);151.639608979225;0.957267724182583;43.3876096010247;0.807989805251915;0.889183287805894;585.848568817049;0.96662773671881;0.928963957429277;0.911820573714781;;;;;;;;;;;;;;;;;;;;;;;;;;;;;;;;;;;;;;;;;;;;;;;;;;;;;;
1;Tube 5;1807240.0;;;;;;;;;;;;;;;;;;1807240.0;0.0;724.0;False;G:\Experiments\PTT\Spheroids\14042025\16042025 before laser\Analysis\2025-04-16_100659_tube5_cropped_8bits2\18_0724_0_8bits.tiff;G:\Experiments\PTT\Spheroids\14042025\16042025 before laser\Analysis\2025-04-16_100659_tube5_segmentationDebug2\18_0724_0_segmented.tiff;1923.5;(70. 80);172.124890327453;0.960549313358302;49.4881426636531;0.815858235105427;0.920523270764258;534.388129603854;0.955034799785535;0.908399557583108;0.9163264993174;;;;;;;;;;;;;;;;;;;;;;;;;;;;;;;;;;;;;
1;Tube 5;1808240.0;;;;;;;;;;;;;;;;;;;;;;;;;;;;;;;;;;;1808240.0;0.0;824.0;False;E:\Experiments\PTT\Spheroids\14042025\16042025 after laser\Analysis\2025-04-16_161626_tube5_cropped_8bits\18_0824_0_8bits.tiff;E:\Experiments\PTT\Spheroids\14042025\16042025 after laser\Analysis\2025-04-16_161626_tube5_segmentationDebug\18_0824_0_segmented.tiff;1936.5;(77. 78);166.9533176422119;0.9790192113245704;49.655094183574384;0.8730462637138335;0.9182992436956576;783.209704021814;0.962781764424086;0.9081022185886524;0.8724712411432464;56.05;48.35061262959472;Dead;;;;;;;;;;;;;;;;;
1;Tube 5;1909240.0;1909240.0;0.0;924.0;False;G:\Experiments\PTT\Spheroids\14042025\15042025\Analysis\2025-04-15_163206_tube5_cropped_8bits2\19_0924_0_8bits.tiff;G:\Experiments\PTT\Spheroids\14042025\15042025\Analysis\2025-04-15_163206_tube5_segmentationDebug2\19_0924_0_segmented.tiff;1505.5;(72. 75);200.811182022094;0.84176684372379;43.7819841327318;0.469153368453225;0.727773975191446;683.668305815058;0.963043305670982;0.925895451268272;0.892442592708226;;;;;;;;;;;;;;;;;;;;;;;;;;;;;;;;;;;;;;;;;;;;;;;;;;;;;;
1;Tube 5;1910240.0;;;;;;;;;;;;;;;;;;1910240.0;0.0;1024.0;False;G:\Experiments\PTT\Spheroids\14042025\16042025 before laser\Analysis\2025-04-16_100659_tube5_cropped_8bits2\19_1024_0_8bits.tiff;G:\Experiments\PTT\Spheroids\14042025\16042025 before laser\Analysis\2025-04-16_100659_tube5_segmentationDebug2\19_1024_0_segmented.tiff;1733.5;(76. 69);160.124890327453;0.969790209790209;46.9804294445932;0.849602965102503;0.983580305314657;455.717014167334;0.957578468017027;0.917202153344367;0.916287647562493;;;;;;;;;;;;;;;;;;;;;;;;;;;;;;;;;;;;;
1;Tube 5;2012240.0;2012240.0;0.0;1224.0;False;G:\Experiments\PTT\Spheroids\14042025\15042025\Analysis\2025-04-15_163206_tube5_cropped_8bits2\20_1224_0_8bits.tiff;G:\Experiments\PTT\Spheroids\14042025\15042025\Analysis\2025-04-15_163206_tube5_segmentationDebug2\20_1224_0_segmented.tiff;1716.0;(74. 78);159.539103627204;0.973064927700595;46.7426898965553;0.847213470370166;0.929329246351494;549.56773972022;0.959549868201882;0.918072032427288;0.915853771945782;;;;;;;;;;;;;;;;;;;;;;;;;;;;;;;;;;;;;;;;;;;;;;;;;;;;;;
1;Tube 5;2013240.0;;;;;;;;;;;;;;;;;;2013240.0;0.0;1324.0;False;G:\Experiments\PTT\Spheroids\14042025\16042025 before laser\Analysis\2025-04-16_100659_tube5_cropped_8bits2\20_1324_0_8bits.tiff;G:\Experiments\PTT\Spheroids\14042025\16042025 before laser\Analysis\2025-04-16_100659_tube5_segmentationDebug2\20_1324_0_segmented.tiff;2139.5;(79. 77);175.095452427864;0.981647166781371;52.1928731337994;0.876945131420884;0.89301128459687;532.069556956908;0.952047948725407;0.898818255218706;0.921142447558971;2013240.0;0.0;1324.0;False;E:\Experiments\PTT\Spheroids\14042025\16042025 after laser\Analysis\2025-04-16_161626_tube5_cropped_8bits\20_1324_0_8bits.tiff;E:\Experiments\PTT\Spheroids\14042025\16042025 after laser\Analysis\2025-04-16_161626_tube5_segmentationDebug\20_1324_0_segmented.tiff;2672.0;(72. 82);255.13708341121676;0.8272445820433436;58.32748977568257;0.5158211491234336;0.6961568895515764;997.489465559128;0.9475029811014328;0.8724336325034603;0.8713173624236153;58.9;100.93936537857367;Alive;0.0;0.0;0.0;;;;532.5;;80.0416309833528;-0.15440258473802737;6.13461664188317;-0.36112398229745046;-0.19685439504529356;465.41990860222006;-0.004544967623974161;-0.026384622715245665;-0.04982508513535566
1;Tube 5;209050.0;209050.0;0.0;905.0;False;G:\Experiments\PTT\Spheroids\14042025\15042025\Analysis\2025-04-15_163206_tube5_cropped_8bits2\2_0905_0_8bits.tiff;G:\Experiments\PTT\Spheroids\14042025\15042025\Analysis\2025-04-15_163206_tube5_segmentationDebug2\2_0905_0_segmented.tiff;2979.0;(75. 76);211.823374748229;0.973688511194639;61.5871788911137;0.834319898190012;0.971167073217799;681.056994766505;0.929248592917757;0.860137097336252;0.903231412725327;;;;;;;;;;;;;;;;;;209050.0;0.0;905.0;False;E:\Experiments\PTT\Spheroids\14042025\16042025 after laser\Analysis\2025-04-16_161626_tube5_cropped_8bits\2_0905_0_8bits.tiff;E:\Experiments\PTT\Spheroids\14042025\16042025 after laser\Analysis\2025-04-16_161626_tube5_segmentationDebug\2_0905_0_segmented.tiff;3405.0;(72. 82);227.1370836496353;0.9676044330775788;65.84360750918215;0.8293749034326363;0.9226295192857532;437.10948946728354;0.9414525629398114;0.8411039265772186;0.91562623784946;37.0;96.61168708765315;Alive;;;;;;;;;;;;;;;;;
1;Tube 5;210050.0;;;;;;;;;;;;;;;;;;210050.0;0.0;1005.0;False;G:\Experiments\PTT\Spheroids\14042025\16042025 before laser\Analysis\2025-04-16_100659_tube5_cropped_8bits2\2_1005_0_8bits.tiff;G:\Experiments\PTT\Spheroids\14042025\16042025 before laser\Analysis\2025-04-16_100659_tube5_segmentationDebug2\2_1005_0_segmented.tiff;3437.5;(79. 69);222.409161686897;0.981161695447409;66.1570928550153;0.873267353320231;0.964049680967375;788.063280792218;0.926172252320614;0.83946776850473;0.913050935751015;;;;;;;;;;;;;;;;;;;;;;;;;;;;;;;;;;;;;
1;Tube 5;312050.0;312050.0;0.0;1205.0;False;G:\Experiments\PTT\Spheroids\14042025\15042025\Analysis\2025-04-15_163206_tube5_cropped_8bits2\3_1205_0_8bits.tiff;G:\Experiments\PTT\Spheroids\14042025\15042025\Analysis\2025-04-15_163206_tube5_segmentationDebug2\3_1205_0_segmented.tiff;2934.0;(76. 77);204.994947791099;0.980451127819548;61.1202488889972;0.877371772825264;0.909451945705871;567.208799730943;0.932968372811276;0.862259184822771;0.920311134777857;;;;;;;;;;;;;;;;;;;;;;;;;;;;;;;;;;;;;;;;;;;;;;;;;;;;;;
1;Tube 5;313050.0;;;;;;;;;;;;;;;;;;313050.0;0.0;1305.0;False;G:\Experiments\PTT\Spheroids\14042025\16042025 before laser\Analysis\2025-04-16_100659_tube5_cropped_8bits2\3_1305_0_8bits.tiff;G:\Experiments\PTT\Spheroids\14042025\16042025 before laser\Analysis\2025-04-16_100659_tube5_segmentationDebug2\3_1305_0_segmented.tiff;3356.5;(78. 71);217.237588286399;0.988077715631439;65.372995433157;0.893771640032393;0.905654886848719;620.748037542662;0.926448731927776;0.843174071055892;0.922954944980171;;;;;;;;;;;;;;;;;;;;;;;;;;;;;;;;;;;;;
1;Tube 5;415030.0;;;;;;;;;;;;;;;;;;415030.0;0.0;1503.0;False;G:\Experiments\PTT\Spheroids\14042025\16042025 before laser\Analysis\2025-04-16_100659_tube5_cropped_8bits2\4_1503_0_8bits.tiff;G:\Experiments\PTT\Spheroids\14042025\16042025 before laser\Analysis\2025-04-16_100659_tube5_segmentationDebug2\4_1503_0_segmented.tiff;3255.5;(74. 72);221.23758816719;0.970198182089107;64.3819177866372;0.835814176411841;0.893602422555638;565.729967419872;0.926817233956591;0.847345437556297;0.909805405563661;;;;;;;;;;;;;;;;;;;;;;;;;;;;;;;;;;;;;
1;Tube 5;415040.0;415040.0;0.0;1504.0;False;G:\Experiments\PTT\Spheroids\14042025\15042025\Analysis\2025-04-15_163206_tube5_cropped_8bits2\4_1504_0_8bits.tiff;G:\Experiments\PTT\Spheroids\14042025\15042025\Analysis\2025-04-15_163206_tube5_segmentationDebug2\4_1504_0_segmented.tiff;2704.0;(76. 75);200.852812290191;0.968481375358166;58.6757166889666;0.842288201559513;0.860098756075178;619.866480337116;0.940385677615554;0.872852448690104;0.926108498464677;;;;;;;;;;;;;;;;;;415040.0;0.0;1504.0;False;E:\Experiments\PTT\Spheroids\14042025\16042025 after laser\Analysis\2025-04-16_161626_tube5_cropped_8bits\4_1504_0_8bits.tiff;E:\Experiments\PTT\Spheroids\14042025\16042025 after laser\Analysis\2025-04-16_161626_tube5_segmentationDebug\4_1504_0_segmented.tiff;3689.0;(70. 82);417.56348872184753;0.6895971586129545;68.5345218158558;0.2658725398643616;0.563006654007826;565.2951086784672;0.9259313065320172;0.8220767620749416;0.8963177182102644;37.0;77.65944077913917;Alive;;;;;;;;;;;;;;;;;
1;Tube 5;513010.0;;;;;;;;;;;;;;;;;;513010.0;0.0;1301.0;False;G:\Experiments\PTT\Spheroids\14042025\16042025 before laser\Analysis\2025-04-16_100659_tube5_cropped_8bits2\5_1301_0_8bits.tiff;G:\Experiments\PTT\Spheroids\14042025\16042025 before laser\Analysis\2025-04-16_100659_tube5_segmentationDebug2\5_1301_0_segmented.tiff;3727.0;(74. 76);236.308656334877;0.971584984358707;68.8866008976197;0.838706473749554;0.902122079570663;611.835656646568;0.91782795550527;0.825964166927852;0.911904524043466;513010.0;0.0;1301.0;False;E:\Experiments\PTT\Spheroids\14042025\16042025 after laser\Analysis\2025-04-16_161626_tube5_cropped_8bits\5_1301_0_8bits.tiff;E:\Experiments\PTT\Spheroids\14042025\16042025 after laser\Analysis\2025-04-16_161626_tube5_segmentationDebug\5_1301_0_segmented.tiff;3606.0;(69. 81);228.30865561962128;0.9809575625680088;67.75914549575575;0.8693423422693772;0.9748486131836798;498.7843622314188;0.9354694231295888;0.8322663776061997;0.9116435660899544;37.0;83.03173107131637;Alive;0.0;0.0;0.0;;;;-121.0;;-8.000000715255737;0.009372578209301818;-1.1274554018639549;0.03063586851982325;0.07272653361301673;-113.05129441514924;0.01764146762431884;0.006302210678347686;-0.0002609579535115536
1;Tube 5;514010.0;514010.0;0.0;1401.0;False;G:\Experiments\PTT\Spheroids\14042025\15042025\Analysis\2025-04-15_163206_tube5_cropped_8bits2\5_1401_0_8bits.tiff;G:\Experiments\PTT\Spheroids\14042025\15042025\Analysis\2025-04-15_163206_tube5_segmentationDebug2\5_1401_0_segmented.tiff;3109.5;(77. 77);212.066014766693;0.980914826498422;62.9216843731474;0.868876947895423;0.908176676066236;590.53799799059;0.936471633339567;0.854366183907858;0.924348530777882;;;;;;;;;;;;;;;;;;;;;;;;;;;;;;;;;;;;;;;;;;;;;;;;;;;;;;
1;Tube 5;610010.0;;;;;;;;;;;;;;;;;;610010.0;0.0;1001.0;False;G:\Experiments\PTT\Spheroids\14042025\16042025 before laser\Analysis\2025-04-16_100659_tube5_cropped_8bits2\6_1001_0_8bits.tiff;G:\Experiments\PTT\Spheroids\14042025\16042025 before laser\Analysis\2025-04-16_100659_tube5_segmentationDebug2\6_1001_0_segmented.tiff;3637.0;(71. 76);228.308656096458;0.98483617655023;68.0497775470411;0.87681588619703;0.897833924533429;749.445221491998;0.92177031179548;0.830608573050237;0.91724661259673;610010.0;0.0;1001.0;False;E:\Experiments\PTT\Spheroids\14042025\16042025 after laser\Analysis\2025-04-16_161626_tube5_cropped_8bits\6_1001_0_8bits.tiff;E:\Experiments\PTT\Spheroids\14042025\16042025 after laser\Analysis\2025-04-16_161626_tube5_segmentationDebug\6_1001_0_segmented.tiff;3693.5;(78. 78);231.72286927700043;0.979448422169186;68.57630974672904;0.8643908728041372;0.9602909907319588;491.3585203250896;0.937145337265353;0.8283410089630411;0.9107178378880014;37.0;108.01288092994031;Alive;0.0;0.0;0.0;;;;56.5;;3.4142131805424185;-0.0053877543810439965;0.5265321996879351;-0.012425013392892814;0.062457066198529754;-258.0867011669084;0.015375025469873016;-0.0022675640871959724;-0.006528774708728591
1;Tube 5;611010.0;611010.0;0.0;1101.0;False;G:\Experiments\PTT\Spheroids\14042025\15042025\Analysis\2025-04-15_163206_tube5_cropped_8bits2\6_1101_0_8bits.tiff;G:\Experiments\PTT\Spheroids\14042025\15042025\Analysis\2025-04-15_163206_tube5_segmentationDebug2\6_1101_0_segmented.tiff;3121.0;(74. 75);229.33809363842;0.945041635124905;63.0379300034387;0.745677839082998;0.824329167596834;373.91513181654;0.943706096660632;0.853157181710235;0.931437514743315;;;;;;;;;;;;;;;;;;;;;;;;;;;;;;;;;;;;;;;;;;;;;;;;;;;;;;
1;Tube 5;707010.0;;;;;;;;;;;;;;;;;;707010.0;0.0;701.0;False;G:\Experiments\PTT\Spheroids\14042025\16042025 before laser\Analysis\2025-04-16_100659_tube5_cropped_8bits2\7_0701_0_8bits.tiff;G:\Experiments\PTT\Spheroids\14042025\16042025 before laser\Analysis\2025-04-16_100659_tube5_segmentationDebug2\7_0701_0_segmented.tiff;3294.0;(76. 74);219.480228900909;0.977883330859433;64.7614936544674;0.859295722537121;0.922954115827268;713.730213032581;0.925320218937807;0.845759295479822;0.908821399967391;707010.0;0.0;701.0;False;E:\Experiments\PTT\Spheroids\14042025\16042025 after laser\Analysis\2025-04-16_161626_tube5_cropped_8bits\7_0701_0_8bits.tiff;E:\Experiments\PTT\Spheroids\14042025\16042025 after laser\Analysis\2025-04-16_161626_tube5_segmentationDebug\7_0701_0_segmented.tiff;3464.0;(73. 71);228.7939372062683;0.9723508771929824;66.41160879667503;0.8315698282610852;0.928124721906138;1081.592110097663;0.9630967407627496;0.8405275168689103;0.8299916214583892;61.7;1.8176248821866166;Dead;0.0;0.0;0.0;;;;170.0;;9.313708305359313;-0.00553245366645061;1.6501151422076248;-0.02772589427603589;0.005170606078869988;367.86189706508196;0.03777652182494262;-0.00523177861091173;-0.07882977850900175
1;Tube 5;708010.0;708010.0;0.0;801.0;False;G:\Experiments\PTT\Spheroids\14042025\15042025\Analysis\2025-04-15_163206_tube5_cropped_8bits2\7_0801_0_8bits.tiff;G:\Experiments\PTT\Spheroids\14042025\15042025\Analysis\2025-04-15_163206_tube5_segmentationDebug2\7_0801_0_segmented.tiff;2870.5;(76. 72);203.580734729766;0.98389031705227;60.4552240353328;0.870350253995364;0.792631183396106;515.991691338042;0.935254223961761;0.865521470954321;0.924509625626422;;;;;;;;;;;;;;;;;;;;;;;;;;;;;;;;;;;;;;;;;;;;;;;;;;;;;;
1;Tube 5;805010.0;805010.0;0.0;501.0;False;G:\Experiments\PTT\Spheroids\14042025\15042025\Analysis\2025-04-15_163206_tube5_cropped_8bits2\8_0501_0_8bits.tiff;G:\Experiments\PTT\Spheroids\14042025\15042025\Analysis\2025-04-15_163206_tube5_segmentationDebug2\8_0501_0_segmented.tiff;2625.5;(78. 76);195.438598632812;0.980395817774458;57.8177345172064;0.863776146745977;0.922102543884541;623.690780711825;0.94085107359789;0.876471877369141;0.912376607852364;;;;;;;;;;;;;;;;;;805010.0;0.0;501.0;False;E:\Experiments\PTT\Spheroids\14042025\16042025 after laser\Analysis\2025-04-16_161626_tube5_cropped_8bits\8_0501_0_8bits.tiff;E:\Experiments\PTT\Spheroids\14042025\16042025 after laser\Analysis\2025-04-16_161626_tube5_segmentationDebug\8_0501_0_segmented.tiff;2706.5;(79. 78);198.06601524353027;0.9795512124502352;58.7028349215412;0.8669578167206229;0.9474306985007362;1254.866048891828;0.978494801619318;0.876350146373007;0.74767392592625;70.1;92.73169965441407;Alive;;;;;;;;;;;;;;;;;
1;Tube 5;902020.0;902020.0;0.0;202.0;False;G:\Experiments\PTT\Spheroids\14042025\15042025\Analysis\2025-04-15_163206_tube5_cropped_8bits2\9_0202_0_8bits.tiff;G:\Experiments\PTT\Spheroids\14042025\15042025\Analysis\2025-04-15_163206_tube5_segmentationDebug2\9_0202_0_segmented.tiff;2727.5;(73. 76);199.923879742622;0.980586014740248;58.9301354000239;0.857522020016964;0.81792330768346;616.408998408998;0.94878432313161;0.871680808092499;0.912625300658379;902020.0;0.0;202.0;False;G:\Experiments\PTT\Spheroids\14042025\16042025 before laser\Analysis\2025-04-16_100659_tube5_cropped_8bits2\9_0202_0_8bits.tiff;G:\Experiments\PTT\Spheroids\14042025\16042025 before laser\Analysis\2025-04-16_100659_tube5_segmentationDebug2\9_0202_0_segmented.tiff;3528.5;(78. 72);227.722869277;0.978236761851954;67.0270522520424;0.855040510350631;0.881031749856182;452.320652711604;0.941422744156893;0.835594078292691;0.926660614707453;902020.0;0.0;202.0;False;E:\Experiments\PTT\Spheroids\14042025\16042025 after laser\Analysis\2025-04-16_161626_tube5_cropped_8bits\9_0202_0_8bits.tiff;E:\Experiments\PTT\Spheroids\14042025\16042025 after laser\Analysis\2025-04-16_161626_tube5_segmentationDebug\9_0202_0_segmented.tiff;4736.0;(74. 80);266.3086553812027;0.9763941861663746;77.65347695928193;0.8391720182733964;0.8765156896175056;880.7658212552334;0.9621133311391502;0.7877683237348054;0.8803088069235482;68.6;0.14176877159912032;Dead;0.0;0.0;0.0;;;;1207.5;;38.5857861042027;-0.0018425756855793285;10.626424707239536;-0.01586849207723462;-0.004516060238676456;428.4451685436294;0.02069058698225723;-0.047825754557885514;-0.0463518077839048
1;Tube 6;1002040.0;1002040.0;0.0;204.0;False;G:\Experiments\PTT\Spheroids\14042025\15042025\Analysis\2025-04-15_164339_tube6_cropped_8bits2\10_0204_0_8bits.tiff;G:\Experiments\PTT\Spheroids\14042025\15042025\Analysis\2025-04-15_164339_tube6_segmentationDebug2\10_0204_0_segmented.tiff;2184.5;(76. 76);183.095452785491;0.969380962946527;52.7389020124041;0.818854605139096;0.969687636600885;592.415691246011;0.956584976295089;0.896513096180809;0.901017697576025;1002040.0;0.0;204.0;False;G:\Experiments\PTT\Spheroids\14042025\16042025 before laser\Analysis\2025-04-16_101718_tube6_cropped_8bits2\10_0204_0_8bits.tiff;G:\Experiments\PTT\Spheroids\14042025\16042025 before laser\Analysis\2025-04-16_101718_tube6_segmentationDebug2\10_0204_0_segmented.tiff;2825.5;(78. 72);206.752306818962;0.969629375428963;59.9794826057144;0.830623947444494;0.957235799608342;519.750647692027;0.94708486700433;0.867405292988751;0.928523706926144;;;;;;;;;;;;;;;;;;;;;;;;;;;;;;;;;;;;;
1;Tube 6;1002050.0;;;;;;;;;;;;;;;;;;;;;;;;;;;;;;;;;;;1002050.0;0.0;205.0;False;E:\Experiments\PTT\Spheroids\14042025\16042025 after laser\Analysis\2025-04-16_162645_tube6_cropped_8bits\10_0205_0_8bits.tiff;E:\Experiments\PTT\Spheroids\14042025\16042025 after laser\Analysis\2025-04-16_162645_tube6_segmentationDebug\10_0205_0_segmented.tiff;2606.5;(78. 81);206.26702558994293;0.9438710845554952;57.608149365798944;0.7698533097756274;0.9177886036244056;1138.5332302790202;0.956795225107582;0.8775075136783254;0.8148658181779314;64.8;74.28683631793905;Alive;;;;;;;;;;;;;;;;;
1;Tube 6;105050.0;;;;;;;;;;;;;;;;;;105050.0;0.0;505.0;False;G:\Experiments\PTT\Spheroids\14042025\16042025 before laser\Analysis\2025-04-16_101718_tube6_cropped_8bits2\1_0505_0_8bits.tiff;G:\Experiments\PTT\Spheroids\14042025\16042025 before laser\Analysis\2025-04-16_101718_tube6_segmentationDebug2\1_0505_0_segmented.tiff;3549.5;(75. 75);234.551297187805;0.964800217450394;67.2262133697671;0.810776899224416;0.900321016932425;686.262637675274;0.936561403992592;0.834713397439715;0.91330784301718;;;;;;;;;;;;;;;;;;;;;;;;;;;;;;;;;;;;;
1;Tube 6;1102070.0;1102070.0;0.0;207.0;False;G:\Experiments\PTT\Spheroids\14042025\15042025\Analysis\2025-04-15_164339_tube6_cropped_8bits2\11_0207_0_8bits.tiff;G:\Experiments\PTT\Spheroids\14042025\15042025\Analysis\2025-04-15_164339_tube6_segmentationDebug2\11_0207_0_segmented.tiff;2134.0;(78. 70);201.338093280792;0.946971377856667;52.1257440087413;0.661534314242684;0.818498671580655;367.991848602988;0.974946253733462;0.898809877299828;0.948241939606393;1102070.0;0.0;207.0;False;G:\Experiments\PTT\Spheroids\14042025\16042025 before laser\Analysis\2025-04-16_101718_tube6_cropped_8bits2\11_0207_0_8bits.tiff;G:\Experiments\PTT\Spheroids\14042025\16042025 before laser\Analysis\2025-04-16_101718_tube6_segmentationDebug2\11_0207_0_segmented.tiff;2491.5;(76. 67);235.923879742622;0.869330076762037;56.3229644612893;0.562505732200465;0.891863453497652;490.652466810329;0.957929752547044;0.881238626223404;0.931667664002491;;;;;;;;;;;;;;;;;;;;;;;;;;;;;;;;;;;;;
1;Tube 6;1102080.0;;;;;;;;;;;;;;;;;;;;;;;;;;;;;;;;;;;1102080.0;0.0;208.0;False;E:\Experiments\PTT\Spheroids\14042025\16042025 after laser\Analysis\2025-04-16_162645_tube6_cropped_8bits\11_0208_0_8bits.tiff;E:\Experiments\PTT\Spheroids\14042025\16042025 after laser\Analysis\2025-04-16_162645_tube6_segmentationDebug\11_0208_0_segmented.tiff;2732.5;(70. 73);196.0660150051117;0.9871748554913294;58.98412545752316;0.8932342981900284;0.9104758222745104;1101.8873960066553;0.9641755751317536;0.8728678415698156;0.8393276694250082;74.9;1.6042255733584667;Dead;;;;;;;;;;;;;;;;;
1;Tube 6;1202100.0;1202100.0;0.0;210.0;False;G:\Experiments\PTT\Spheroids\14042025\15042025\Analysis\2025-04-15_164339_tube6_cropped_8bits2\12_0210_0_8bits.tiff;G:\Experiments\PTT\Spheroids\14042025\15042025\Analysis\2025-04-15_164339_tube6_segmentationDebug2\12_0210_0_segmented.tiff;1849.5;(73. 76);201.438598275184;0.896727272727272;48.5268640856555;0.572768094828406;0.805034645198564;508.877889185977;0.96954459321297;0.910878652963173;0.927118490165721;1202100.0;0.0;210.0;False;G:\Experiments\PTT\Spheroids\14042025\16042025 before laser\Analysis\2025-04-16_101718_tube6_cropped_8bits2\12_0210_0_8bits.tiff;G:\Experiments\PTT\Spheroids\14042025\16042025 before laser\Analysis\2025-04-16_101718_tube6_segmentationDebug2\12_0210_0_segmented.tiff;2045.5;(75. 77);180.124890565872;0.956287985039738;51.033435008392;0.792249343384888;0.971667497615792;495.7679321976;0.966005952528494;0.902892182738579;0.929788931951387;;;;;;;;;;;;;;;;;;;;;;;;;;;;;;;;;;;;;
1;Tube 6;1202110.0;;;;;;;;;;;;;;;;;;;;;;;;;;;;;;;;;;;1202110.0;0.0;211.0;False;E:\Experiments\PTT\Spheroids\14042025\16042025 after laser\Analysis\2025-04-16_162645_tube6_cropped_8bits\12_0211_0_8bits.tiff;E:\Experiments\PTT\Spheroids\14042025\16042025 after laser\Analysis\2025-04-16_162645_tube6_segmentationDebug\12_0211_0_segmented.tiff;2005.0;(74. 72);172.8528118133545;0.9648700673724736;50.52568937871112;0.8432791133357808;0.9599523248632;703.7918893231954;0.9689848819696434;0.9050720487451904;0.902964648150689;57.6;34.59158027018536;Dead;;;;;;;;;;;;;;;;;
1;Tube 6;1302130.0;1302130.0;0.0;213.0;False;G:\Experiments\PTT\Spheroids\14042025\15042025\Analysis\2025-04-15_164339_tube6_cropped_8bits2\13_0213_0_8bits.tiff;G:\Experiments\PTT\Spheroids\14042025\15042025\Analysis\2025-04-15_164339_tube6_segmentationDebug2\13_0213_0_segmented.tiff;1951.5;(76. 75);170.811182379722;0.974288567149276;49.8470357348425;0.840515683948741;0.93605745027681;625.133831017878;0.968468390769219;0.907372419735266;0.925936556304157;;;;;;;;;;;;;;;;;;;;;;;;;;;;;;;;;;;;;;;;;;;;;;;;;;;;;;
1;Tube 6;1302140.0;;;;;;;;;;;;;;;;;;;;;;;;;;;;;;;;;;;1302140.0;0.0;214.0;False;E:\Experiments\PTT\Spheroids\14042025\16042025 after laser\Analysis\2025-04-16_162645_tube6_cropped_8bits\13_0214_0_8bits.tiff;E:\Experiments\PTT\Spheroids\14042025\16042025 after laser\Analysis\2025-04-16_162645_tube6_segmentationDebug\13_0214_0_segmented.tiff;2836.5;(76. 77);207.58073341846463;0.9684192557186752;60.0961227421644;0.8272153178449813;0.9358679094523727;1230.758381084158;0.9639244896814576;0.8683256370097298;0.8223627666053162;82.0;1.6042255733584667;Dead;;;;;;;;;;;;;;;;;
1;Tube 6;1402150.0;;;;;;;;;;;;;;;;;;1402150.0;0.0;215.0;False;G:\Experiments\PTT\Spheroids\14042025\16042025 before laser\Analysis\2025-04-16_101718_tube6_cropped_8bits2\14_0215_0_8bits.tiff;G:\Experiments\PTT\Spheroids\14042025\16042025 before laser\Analysis\2025-04-16_101718_tube6_segmentationDebug2\14_0215_0_segmented.tiff;2610.5;(73. 72);195.438598871231;0.978448275862069;57.6523358722883;0.858841220940327;0.90426222195313;591.130431195102;0.971252422698139;0.878292672238185;0.944496595609196;;;;;;;;;;;;;;;;;;;;;;;;;;;;;;;;;;;;;
1;Tube 6;1402160.0;1402160.0;0.0;216.0;False;G:\Experiments\PTT\Spheroids\14042025\15042025\Analysis\2025-04-15_164339_tube6_cropped_8bits2\14_0216_0_8bits.tiff;G:\Experiments\PTT\Spheroids\14042025\15042025\Analysis\2025-04-15_164339_tube6_segmentationDebug2\14_0216_0_segmented.tiff;2203.0;(74. 75);214.16652059555;0.890460792239288;52.9617476774658;0.603561041138577;0.767926600283904;746.632217192645;0.962757282156887;0.895092812808863;0.912609614657932;;;;;;;;;;;;;;;;;;1402160.0;0.0;216.0;False;E:\Experiments\PTT\Spheroids\14042025\16042025 after laser\Analysis\2025-04-16_162645_tube6_cropped_8bits\14_0216_0_8bits.tiff;E:\Experiments\PTT\Spheroids\14042025\16042025 after laser\Analysis\2025-04-16_162645_tube6_segmentationDebug\14_0216_0_segmented.tiff;2631.5;(72. 74);195.92388021945956;0.9780709905222078;57.88376164323273;0.8614666947420466;0.8909991386015652;701.703039281889;0.954341441031058;0.876279334759335;0.900375977168571;52.0;80.49481621112159;Alive;;;;;;;;;;;;;;;;;
1;Tube 6;1502180.0;;;;;;;;;;;;;;;;;;1502180.0;0.0;218.0;False;G:\Experiments\PTT\Spheroids\14042025\16042025 before laser\Analysis\2025-04-16_101718_tube6_cropped_8bits2\15_0218_0_8bits.tiff;G:\Experiments\PTT\Spheroids\14042025\16042025 before laser\Analysis\2025-04-16_101718_tube6_segmentationDebug2\15_0218_0_segmented.tiff;2263.5;(73. 78);180.267026662826;0.98178269355888;53.6840545181531;0.875301699774303;0.89491402297859;562.75903201537;0.963405578641899;0.89339980572434;0.924672409875949;;;;;;;;;;;;;;;;;;;;;;;;;;;;;;;;;;;;;
1;Tube 6;1502190.0;1502190.0;0.0;219.0;False;G:\Experiments\PTT\Spheroids\14042025\15042025\Analysis\2025-04-15_164339_tube6_cropped_8bits2\15_0219_0_8bits.tiff;G:\Experiments\PTT\Spheroids\14042025\15042025\Analysis\2025-04-15_164339_tube6_segmentationDebug2\15_0219_0_segmented.tiff;2012.5;(70. 75);191.438599348068;0.918111313868613;50.6201005903733;0.690059814075913;0.724049058082231;387.900780872299;0.962706745465876;0.904221955364975;0.935183768188544;;;;;;;;;;;;;;;;;;1502190.0;0.0;219.0;False;E:\Experiments\PTT\Spheroids\14042025\16042025 after laser\Analysis\2025-04-16_162645_tube6_cropped_8bits\15_0219_0_8bits.tiff;E:\Experiments\PTT\Spheroids\14042025\16042025 after laser\Analysis\2025-04-16_162645_tube6_segmentationDebug\15_0219_0_segmented.tiff;2419.5;(74. 73);189.58073449134827;0.968187274909964;55.50318079611948;0.8459546606295519;0.8646987823663991;1239.3637100655546;0.9630170771457784;0.8862322100845424;0.8005138512831309;67.2;1.5042412818096138;Dead;;;;;;;;;;;;;;;;;
1;Tube 6;1602220.0;1602220.0;0.0;222.0;False;G:\Experiments\PTT\Spheroids\14042025\15042025\Analysis\2025-04-15_164339_tube6_cropped_8bits2\16_0222_0_8bits.tiff;G:\Experiments\PTT\Spheroids\14042025\15042025\Analysis\2025-04-15_164339_tube6_segmentationDebug2\16_0222_0_segmented.tiff;1136.5;(79. 80);145.154327630996;0.913585209003215;38.0399361538832;0.677827722751403;0.746999333957563;635.668603092062;0.975866922086598;0.944559877753306;0.912648399129511;1602220.0;0.0;222.0;False;G:\Experiments\PTT\Spheroids\14042025\16042025 before laser\Analysis\2025-04-16_101718_tube6_cropped_8bits2\16_0222_0_8bits.tiff;G:\Experiments\PTT\Spheroids\14042025\16042025 before laser\Analysis\2025-04-16_101718_tube6_segmentationDebug2\16_0222_0_segmented.tiff;1449.0;(76. 67);151.539103627204;0.958016528925619;42.9525796701577;0.792918994307993;0.923649215451682;588.680457212726;0.972867020526554;0.930333760790005;0.906453274793231;1602220.0;0.0;222.0;False;E:\Experiments\PTT\Spheroids\14042025\16042025 after laser\Analysis\2025-04-16_162645_tube6_cropped_8bits\16_0222_0_8bits.tiff;E:\Experiments\PTT\Spheroids\14042025\16042025 after laser\Analysis\2025-04-16_162645_tube6_segmentationDebug\16_0222_0_segmented.tiff;1633.5;(74. 83);166.4680358171463;0.9299743808710504;45.605227730216285;0.7407425500970721;0.9474852661685726;862.9900316018907;0.9646993574759576;0.9215357176014768;0.8753611481101174;55.4;68.4071630537229;Alive;0.0;0.0;0.0;;;;184.5;;14.928932189942287;-0.028042148054568505;2.6526480600585884;-0.052176444210920825;0.023836050716890655;274.3095743891647;-0.008167663050596463;-0.00879804318852817;-0.031092126683113563
1;Tube 6;1703240.0;;;;;;;;;;;;;;;;;;1703240.0;0.0;324.0;False;G:\Experiments\PTT\Spheroids\14042025\16042025 before laser\Analysis\2025-04-16_101718_tube6_cropped_8bits2\17_0324_0_8bits.tiff;G:\Experiments\PTT\Spheroids\14042025\16042025 before laser\Analysis\2025-04-16_101718_tube6_segmentationDebug2\17_0324_0_segmented.tiff;1554.5;(76. 77);158.953317046165;0.938707729468599;44.4887724295783;0.773145798153542;0.904830533374492;730.251838518149;0.96564897907598;0.925357952042957;0.898338391222527;;;;;;;;;;;;;;;;;;;;;;;;;;;;;;;;;;;;;
1;Tube 6;1704240.0;;;;;;;;;;;;;;;;;;;;;;;;;;;;;;;;;;;1704240.0;0.0;424.0;False;E:\Experiments\PTT\Spheroids\14042025\16042025 after laser\Analysis\2025-04-16_162645_tube6_cropped_8bits\17_0424_0_8bits.tiff;E:\Experiments\PTT\Spheroids\14042025\16042025 after laser\Analysis\2025-04-16_162645_tube6_segmentationDebug\17_0424_0_segmented.tiff;1719.5;(70. 66);170.95331716537476;0.93578231292517;46.79033444176385;0.7393617510315436;0.9345279768014946;965.5271099131646;0.964477639926561;0.9175152362055244;0.8691097891717625;54.05;13.699340245051838;Dead;;;;;;;;;;;;;;;;;
1;Tube 6;1806240.0;1806240.0;0.0;624.0;False;G:\Experiments\PTT\Spheroids\14042025\15042025\Analysis\2025-04-15_164339_tube6_cropped_8bits2\18_0624_0_8bits.tiff;G:\Experiments\PTT\Spheroids\14042025\15042025\Analysis\2025-04-15_164339_tube6_segmentationDebug2\18_0624_0_segmented.tiff;1339.5;(71. 74);152.468035817146;0.944307366936905;41.2977526043821;0.724094036904117;0.754062559024841;376.913200838287;0.966947859945613;0.932700125737571;0.913528378263753;1806240.0;0.0;624.0;False;G:\Experiments\PTT\Spheroids\14042025\16042025 before laser\Analysis\2025-04-16_101718_tube6_cropped_8bits2\18_0624_0_8bits.tiff;G:\Experiments\PTT\Spheroids\14042025\16042025 before laser\Analysis\2025-04-16_101718_tube6_segmentationDebug2\18_0624_0_segmented.tiff;1517.0;(75. 69);165.882249593734;0.916616314199395;43.9488838238611;0.692780431678417;0.816728760920896;721.774338157837;0.96681538225985;0.926567349595233;0.9027271101981;;;;;;;;;;;;;;;;;;;;;;;;;;;;;;;;;;;;;
1;Tube 6;1807240.0;;;;;;;;;;;;;;;;;;;;;;;;;;;;;;;;;;;1807240.0;0.0;724.0;False;E:\Experiments\PTT\Spheroids\14042025\16042025 after laser\Analysis\2025-04-16_162645_tube6_cropped_8bits\18_0724_0_8bits.tiff;E:\Experiments\PTT\Spheroids\14042025\16042025 after laser\Analysis\2025-04-16_162645_tube6_segmentationDebug\18_0724_0_segmented.tiff;1737.0;(68. 32);174.2253955602646;0.9356315647724212;47.02783313320929;0.7190958196264762;0.8652372190800222;853.6410044241703;0.9576882680544344;0.8886361350382695;0.8830212609999311;59.8;28.831291234684258;Dead;;;;;;;;;;;;;;;;;
1;Tube 6;1909240.0;1909240.0;0.0;924.0;False;G:\Experiments\PTT\Spheroids\14042025\15042025\Analysis\2025-04-15_164339_tube6_cropped_8bits2\19_0924_0_8bits.tiff;G:\Experiments\PTT\Spheroids\14042025\15042025\Analysis\2025-04-15_164339_tube6_segmentationDebug2\19_0924_0_segmented.tiff;1099.0;(74. 73);140.225395083427;0.921979865771812;37.4070883612176;0.702351010896272;0.652685341470458;512.246528813172;0.973613271473744;0.945874149874902;0.89844731496252;1909240.0;0.0;924.0;False;G:\Experiments\PTT\Spheroids\14042025\16042025 before laser\Analysis\2025-04-16_101718_tube6_cropped_8bits2\19_0924_0_8bits.tiff;G:\Experiments\PTT\Spheroids\14042025\16042025 before laser\Analysis\2025-04-16_101718_tube6_segmentationDebug2\19_0924_0_segmented.tiff;1321.5;(74. 76);155.639609098434;0.914532871972318;41.0193376149288;0.685546264528524;0.903338496809826;650.973299060985;0.96951773345553;0.935732956210209;0.89785298543127;1909240.0;0.0;924.0;False;E:\Experiments\PTT\Spheroids\14042025\16042025 after laser\Analysis\2025-04-16_162645_tube6_cropped_8bits\19_0924_0_8bits.tiff;E:\Experiments\PTT\Spheroids\14042025\16042025 after laser\Analysis\2025-04-16_162645_tube6_segmentationDebug\19_0924_0_segmented.tiff;1571.5;(74. 77);169.2964631319046;0.9102229944975384;44.73137539302037;0.6890146865988177;0.9392299542441436;975.179213483146;0.9639054479188786;0.924007834873361;0.8439961754195591;50.6;27.488218661639962;Dead;0.0;0.0;0.0;;;;250.0;;13.656854033470609;-0.004309877474779622;3.7120377780915703;0.003468422070293742;0.03589145743431754;324.20591442216096;-0.005612285536651496;-0.011725121336847999;-0.05385681001171094
1;Tube 6;2012240.0;2012240.0;0.0;1224.0;False;G:\Experiments\PTT\Spheroids\14042025\15042025\Analysis\2025-04-15_164339_tube6_cropped_8bits2\20_1224_0_8bits.tiff;G:\Experiments\PTT\Spheroids\14042025\15042025\Analysis\2025-04-15_164339_tube6_segmentationDebug2\20_1224_0_segmented.tiff;1639.0;(81. 81);173.053822875022;0.917436328015673;45.6819396897825;0.687743385870155;0.795606595018869;464.683162133216;0.963332752316072;0.912942836962947;0.925752974135292;2012240.0;0.0;1224.0;False;G:\Experiments\PTT\Spheroids\14042025\16042025 before laser\Analysis\2025-04-16_101718_tube6_cropped_8bits2\20_1224_0_8bits.tiff;G:\Experiments\PTT\Spheroids\14042025\16042025 before laser\Analysis\2025-04-16_101718_tube6_segmentationDebug2\20_1224_0_segmented.tiff;1590.0;(78. 76);174.71067738533;0.924956369982548;44.9938982099674;0.65458808098425;0.909070373860231;598.771430086438;0.963285367777455;0.923095117465732;0.89497474793227;2012240.0;0.0;1224.0;False;E:\Experiments\PTT\Spheroids\14042025\16042025 after laser\Analysis\2025-04-16_162645_tube6_cropped_8bits\20_1224_0_8bits.tiff;E:\Experiments\PTT\Spheroids\14042025\16042025 after laser\Analysis\2025-04-16_162645_tube6_segmentationDebug\20_1224_0_segmented.tiff;1540.5;(74. 78);161.29646337032318;0.9430670339761248;44.28798390833024;0.7440838467913793;0.8964705340884588;941.2845337419832;0.9675033605118551;0.9259082634566352;0.8704945258019828;59.8;42.14263273641219;Dead;0.0;0.0;0.0;;;;-49.5;;-13.41421401500682;0.018110663993576748;-0.7059143016371578;0.08949576580712926;-0.012599839771772259;342.51310365554514;0.0042179927344001555;0.0028131459909032097;-0.02448022213028722
1;Tube 6;209050.0;209050.0;0.0;905.0;False;G:\Experiments\PTT\Spheroids\14042025\15042025\Analysis\2025-04-15_164339_tube6_cropped_8bits2\2_0905_0_8bits.tiff;G:\Experiments\PTT\Spheroids\14042025\15042025\Analysis\2025-04-15_164339_tube6_segmentationDebug2\2_0905_0_segmented.tiff;2809.5;(75. 77);208.124889969825;0.964635193133047;59.809418162472;0.815062398088212;0.938401763625777;621.243135327576;0.951617836792728;0.868132637811974;0.921932363076274;;;;;;;;;;;;;;;;;;209050.0;0.0;905.0;False;E:\Experiments\PTT\Spheroids\14042025\16042025 after laser\Analysis\2025-04-16_162645_tube6_cropped_8bits\2_0905_0_8bits.tiff;E:\Experiments\PTT\Spheroids\14042025\16042025 after laser\Analysis\2025-04-16_162645_tube6_segmentationDebug\2_0905_0_segmented.tiff;3702.0;(74. 75);270.9949473142624;0.9112615384615383;68.65517310887485;0.6334668479788352;0.7822517975907715;740.5264034904742;0.9233340117190406;0.8259672190007029;0.9019524000634505;37.0;99.44706251963557;Alive;;;;;;;;;;;;;;;;;
1;Tube 6;312050.0;312050.0;0.0;1205.0;False;G:\Experiments\PTT\Spheroids\14042025\15042025\Analysis\2025-04-15_164339_tube6_cropped_8bits2\3_1205_0_8bits.tiff;G:\Experiments\PTT\Spheroids\14042025\15042025\Analysis\2025-04-15_164339_tube6_segmentationDebug2\3_1205_0_segmented.tiff;2732.0;(76. 79);200.509666442871;0.976760815159099;58.978728675824;0.853925396379206;0.935823992057366;790.149512228024;0.94884550221427;0.87175911556896;0.920673085002601;312050.0;0.0;1205.0;False;G:\Experiments\PTT\Spheroids\14042025\16042025 before laser\Analysis\2025-04-16_101718_tube6_cropped_8bits2\3_1205_0_8bits.tiff;G:\Experiments\PTT\Spheroids\14042025\16042025 before laser\Analysis\2025-04-16_101718_tube6_segmentationDebug2\3_1205_0_segmented.tiff;3366.5;(71. 76);244.894441962242;0.935398721867185;65.4703056915952;0.705392155288161;0.956677508172534;726.871858807053;0.94012345381915;0.842048975645658;0.918362774118983;312050.0;0.0;1205.0;False;E:\Experiments\PTT\Spheroids\14042025\16042025 after laser\Analysis\2025-04-16_162645_tube6_cropped_8bits\3_1205_0_8bits.tiff;E:\Experiments\PTT\Spheroids\14042025\16042025 after laser\Analysis\2025-04-16_162645_tube6_segmentationDebug\3_1205_0_segmented.tiff;3267.5;(78. 81);242.06601476669312;0.9420498774686464;64.50046676127347;0.7007414697571515;0.9057159420754384;642.9060013875485;0.9354783635718804;0.846309129326261;0.905052595484288;37.0;89.32924913603519;Alive;0.0;0.0;0.0;;;;-99.0;;-2.8284271955488975;0.006651155601461456;-0.9698389303217283;-0.004650685531009557;-0.05096156609709568;-83.96585741950446;-0.0046450902472695565;0.004260153680603063;-0.01331017863469508
1;Tube 6;415030.0;;;;;;;;;;;;;;;;;;;;;;;;;;;;;;;;;;;415030.0;0.0;1503.0;False;E:\Experiments\PTT\Spheroids\14042025\16042025 after laser\Analysis\2025-04-16_162645_tube6_cropped_8bits\4_1503_0_8bits.tiff;E:\Experiments\PTT\Spheroids\14042025\16042025 after laser\Analysis\2025-04-16_162645_tube6_segmentationDebug\4_1503_0_segmented.tiff;3229.5;(70. 84);214.06601583957672;0.985505035093073;64.12430981868116;0.8856246595795828;0.9382320595480864;671.3361235102716;0.9356603461610964;0.8491444153719913;0.9011245673470852;37.0;79.00251335218347;Alive;;;;;;;;;;;;;;;;;
1;Tube 6;415040.0;415040.0;0.0;1504.0;False;G:\Experiments\PTT\Spheroids\14042025\15042025\Analysis\2025-04-15_164339_tube6_cropped_8bits2\4_1504_0_8bits.tiff;G:\Experiments\PTT\Spheroids\14042025\15042025\Analysis\2025-04-15_164339_tube6_segmentationDebug2\4_1504_0_segmented.tiff;2841.5;(76. 79);205.92387998104;0.970789203963102;60.1490662135744;0.842062058320131;0.959834027720702;767.514919385281;0.944661008626598;0.866685438429059;0.907107028312321;;;;;;;;;;;;;;;;;;;;;;;;;;;;;;;;;;;;;;;;;;;;;;;;;;;;;;
1;Tube 6;514010.0;514010.0;0.0;1401.0;False;G:\Experiments\PTT\Spheroids\14042025\15042025\Analysis\2025-04-15_164339_tube6_cropped_8bits2\5_1401_0_8bits.tiff;G:\Experiments\PTT\Spheroids\14042025\15042025\Analysis\2025-04-15_164339_tube6_segmentationDebug2\5_1401_0_segmented.tiff;2733.5;(76. 75);219.923879742622;0.928025802070955;58.9949175398488;0.71020571937513;0.806796311101218;615.497239551331;0.942244087691574;0.870759115641511;0.913275666506458;;;;;;;;;;;;;;;;;;514010.0;0.0;1401.0;False;E:\Experiments\PTT\Spheroids\14042025\16042025 after laser\Analysis\2025-04-16_162645_tube6_cropped_8bits\5_1401_0_8bits.tiff;E:\Experiments\PTT\Spheroids\14042025\16042025 after laser\Analysis\2025-04-16_162645_tube6_segmentationDebug\5_1401_0_segmented.tiff;3633.5;(75. 75);230.20815074443817;0.979512063620434;68.01702644040839;0.8615760860924536;0.8443593381339837;716.3915073145247;0.9316093246758862;0.8311416495409972;0.8871305094245491;37.0;98.93967954759661;Alive;;;;;;;;;;;;;;;;;
1;Tube 6;611010.0;;;;;;;;;;;;;;;;;;;;;;;;;;;;;;;;;;;611010.0;0.0;1101.0;False;E:\Experiments\PTT\Spheroids\14042025\16042025 after laser\Analysis\2025-04-16_162645_tube6_cropped_8bits\6_1101_0_8bits.tiff;E:\Experiments\PTT\Spheroids\14042025\16042025 after laser\Analysis\2025-04-16_162645_tube6_segmentationDebug\6_1101_0_segmented.tiff;3558.5;(69. 82);234.75230705738068;0.9639712853853448;67.3113877433832;0.8114412772902585;0.8771485219025409;769.4502649903372;0.932387269908312;0.8338775857377003;0.8917090167081054;37.0;101.14828777882501;Alive;;;;;;;;;;;;;;;;;
1;Tube 6;708010.0;;;;;;;;;;;;;;;;;;;;;;;;;;;;;;;;;;;708010.0;0.0;801.0;False;E:\Experiments\PTT\Spheroids\14042025\16042025 after laser\Analysis\2025-04-16_162645_tube6_cropped_8bits\7_0801_0_8bits.tiff;E:\Experiments\PTT\Spheroids\14042025\16042025 after laser\Analysis\2025-04-16_162645_tube6_segmentationDebug\7_0801_0_segmented.tiff;3344.0;(76. 77);222.6518021821976;0.9728;65.25115353458807;0.8476639299412281;0.9164197634744504;1140.8300202823366;0.9524398276499344;0.8448342846054869;0.8600818229675993;70.8;1.1669808356896008;Dead;;;;;;;;;;;;;;;;;
1;Tube 6;709010.0;;;;;;;;;;;;;;;;;;709010.0;0.0;901.0;False;G:\Experiments\PTT\Spheroids\14042025\16042025 before laser\Analysis\2025-04-16_101718_tube6_cropped_8bits2\7_0901_0_8bits.tiff;G:\Experiments\PTT\Spheroids\14042025\16042025 before laser\Analysis\2025-04-16_101718_tube6_segmentationDebug2\7_0901_0_segmented.tiff;3468.5;(76. 66);258.066015124321;0.913243812532912;66.4547316668565;0.654470282377934;0.904488689760869;695.972673697629;0.943431465541704;0.836320665726733;0.915624244766751;;;;;;;;;;;;;;;;;;;;;;;;;;;;;;;;;;;;;
1;Tube 6;805010.0;805010.0;0.0;501.0;False;G:\Experiments\PTT\Spheroids\14042025\15042025\Analysis\2025-04-15_164339_tube6_cropped_8bits2\8_0501_0_8bits.tiff;G:\Experiments\PTT\Spheroids\14042025\15042025\Analysis\2025-04-15_164339_tube6_segmentationDebug2\8_0501_0_segmented.tiff;2793.5;(73. 74);239.580733895301;0.89392;59.6388687704392;0.611582088750895;0.934602096981951;590.851493403152;0.942488702439163;0.867454427454516;0.915379800174225;;;;;;;;;;;;;;;;;;;;;;;;;;;;;;;;;;;;;;;;;;;;;;;;;;;;;;
1;Tube 6;806010.0;;;;;;;;;;;;;;;;;;806010.0;0.0;601.0;False;G:\Experiments\PTT\Spheroids\14042025\16042025 before laser\Analysis\2025-04-16_101718_tube6_cropped_8bits2\8_0601_0_8bits.tiff;G:\Experiments\PTT\Spheroids\14042025\16042025 before laser\Analysis\2025-04-16_101718_tube6_segmentationDebug2\8_0601_0_segmented.tiff;3231.5;(71. 76);234.267025589942;0.933959537572254;64.1441625466548;0.739931808398143;0.883790422348299;649.89475476077;0.942742082432883;0.848460604597918;0.922860706160032;;;;;;;;;;;;;;;;;;;;;;;;;;;;;;;;;;;;;
1;Tube 6;902020.0;;;;;;;;;;;;;;;;;;;;;;;;;;;;;;;;;;;902020.0;0.0;202.0;False;E:\Experiments\PTT\Spheroids\14042025\16042025 after laser\Analysis\2025-04-16_162645_tube6_cropped_8bits\9_0202_0_8bits.tiff;E:\Experiments\PTT\Spheroids\14042025\16042025 after laser\Analysis\2025-04-16_162645_tube6_segmentationDebug\9_0202_0_segmented.tiff;4046.0;(72. 68);244.6518018245697;0.9787131107885824;71.77414017596078;0.8494521212666716;0.8326238714458348;1079.3759583463227;0.9574898419449546;0.8148254568934181;0.8342495479836651;69.0;0.176091737354697;Dead;;;;;;;;;;;;;;;;;
1;Tube 6;903010.0;903010.0;0.0;301.0;False;G:\Experiments\PTT\Spheroids\14042025\15042025\Analysis\2025-04-15_164339_tube6_cropped_8bits2\9_0301_0_8bits.tiff;G:\Experiments\PTT\Spheroids\14042025\15042025\Analysis\2025-04-15_164339_tube6_segmentationDebug2\9_0301_0_segmented.tiff;2679.0;(70. 60);203.338093042373;0.959699086512627;58.403841828646;0.814226222682926;0.894405480204545;489.018003525101;0.963335842867786;0.861899745874102;0.92943086017743;;;;;;;;;;;;;;;;;;;;;;;;;;;;;;;;;;;;;;;;;;;;;;;;;;;;;;
1;Tube 7;1002040.0;;;;;;;;;;;;;;;;;;1002040.0;0.0;204.0;False;G:\Experiments\PTT\Spheroids\14042025\16042025 before laser\Analysis\2025-04-16_102713_tube7_cropped_8bits2\10_0204_0_8bits.tiff;G:\Experiments\PTT\Spheroids\14042025\16042025 before laser\Analysis\2025-04-16_102713_tube7_segmentationDebug2\10_0204_0_segmented.tiff;3658.0;(73. 77);239.137083530426;0.958972342377769;68.2459541265357;0.803821667017087;0.895774739310691;718.281444385402;0.945044794218738;0.830253852742818;0.921135036966403;1002040.0;0.0;204.0;False;E:\Experiments\PTT\Spheroids\14042025\16042025 after laser\Analysis\2025-04-16_163650_tube7_cropped_8bits\10_0204_0_8bits.tiff;E:\Experiments\PTT\Spheroids\14042025\16042025 after laser\Analysis\2025-04-16_163650_tube7_segmentationDebug\10_0204_0_segmented.tiff;3134.5;(63. 76);218.26702570915225;0.9652040030792918;63.174119328823;0.8268026831848602;0.9954801548009056;1139.473669999309;0.9587365110684496;0.85442146298813;0.8054280578254214;61.4;75.420986490732;Alive;0.0;0.0;0.0;;;;-523.5;;-20.870057821273747;0.006231660701522812;-5.071834797712697;0.02298101616777315;0.09970541549021461;421.1922256139071;0.0136917168497116;0.024167610245312;-0.1157069791409816
1;Tube 7;1002050.0;1002050.0;0.0;205.0;False;G:\Experiments\PTT\Spheroids\14042025\15042025\Analysis\2025-04-15_165347_tube7_cropped_8bits2\10_0205_0_8bits.tiff;G:\Experiments\PTT\Spheroids\14042025\15042025\Analysis\2025-04-15_165347_tube7_segmentationDebug2\10_0205_0_segmented.tiff;2765.0;(72. 72);218.852812051773;0.934437309901993;59.3338633597436;0.725438728333964;0.923850224598733;704.109696317551;0.945477298654431;0.869579592146146;0.917969025271727;;;;;;;;;;;;;;;;;;;;;;;;;;;;;;;;;;;;;;;;;;;;;;;;;;;;;;
1;Tube 7;105050.0;;;;;;;;;;;;;;;;;;105050.0;0.0;505.0;False;G:\Experiments\PTT\Spheroids\14042025\16042025 before laser\Analysis\2025-04-16_102713_tube7_cropped_8bits2\1_0505_0_8bits.tiff;G:\Experiments\PTT\Spheroids\14042025\16042025 before laser\Analysis\2025-04-16_102713_tube7_segmentationDebug2\1_0505_0_segmented.tiff;3365.0;(76. 71);224.308656334877;0.972121912465694;65.4557183753552;0.84043255114218;0.977559598794871;835.776474698073;0.926671884616288;0.842632983557761;0.897891218307452;105050.0;0.0;505.0;False;E:\Experiments\PTT\Spheroids\14042025\16042025 after laser\Analysis\2025-04-16_163650_tube7_cropped_8bits\1_0505_0_8bits.tiff;E:\Experiments\PTT\Spheroids\14042025\16042025 after laser\Analysis\2025-04-16_163650_tube7_segmentationDebug\1_0505_0_segmented.tiff;3346.5;(69. 82);246.0660156011581;0.9303586321934946;65.2755401084987;0.694540250379466;0.9074403330158948;659.0321286744095;0.9553114150319044;0.8440965166837566;0.9206511925068198;37.0;132.8746465598492;Alive;0.0;0.0;0.0;;;;-18.5;;21.7573592662811;-0.04176328027219944;-0.18017826685650107;-0.14589230076271398;-0.0701192657789762;-176.74434602366352;0.0286395304156164;0.0014635331259956752;0.022759974199367816
1;Tube 7;106050.0;106050.0;0.0;605.0;False;G:\Experiments\PTT\Spheroids\14042025\15042025\Analysis\2025-04-15_165347_tube7_cropped_8bits2\1_0605_0_8bits.tiff;G:\Experiments\PTT\Spheroids\14042025\15042025\Analysis\2025-04-15_165347_tube7_segmentationDebug2\1_0605_0_segmented.tiff;2927.5;(77. 74);225.580734491348;0.932324840764331;61.052508279449;0.722940832698452;0.927673027315152;766.120638871035;0.938883835001443;0.862126730641847;0.907776990019092;;;;;;;;;;;;;;;;;;;;;;;;;;;;;;;;;;;;;;;;;;;;;;;;;;;;;;
1;Tube 7;1102070.0;;;;;;;;;;;;;;;;;;1102070.0;0.0;207.0;False;G:\Experiments\PTT\Spheroids\14042025\16042025 before laser\Analysis\2025-04-16_102713_tube7_cropped_8bits2\11_0207_0_8bits.tiff;G:\Experiments\PTT\Spheroids\14042025\16042025 before laser\Analysis\2025-04-16_102713_tube7_segmentationDebug2\11_0207_0_segmented.tiff;3336.0;(73. 78);225.823374271392;0.966116420503909;65.1730551780143;0.82204978715567;0.936233568887719;580.579805714146;0.951714606284479;0.844634455271447;0.901575848687536;1102070.0;0.0;207.0;False;E:\Experiments\PTT\Spheroids\14042025\16042025 after laser\Analysis\2025-04-16_163650_tube7_cropped_8bits\11_0207_0_8bits.tiff;E:\Experiments\PTT\Spheroids\14042025\16042025 after laser\Analysis\2025-04-16_163650_tube7_segmentationDebug\11_0207_0_segmented.tiff;2741.5;(72. 74);203.92388010025024;0.9675313216869595;59.08118323029295;0.8284416831364607;0.9241214793174096;1215.142854261511;0.974039690198869;0.8736836937088865;0.7825622194827992;53.0;77.80867106503298;Alive;0.0;0.0;0.0;;;;-594.5;;-21.899494171141754;0.0014149011830505431;-6.091871947721344;0.006391895980790707;-0.012112089570309403;634.563048547365;0.02232508391439003;0.029049238437439562;-0.11901362920473679
1;Tube 7;1102080.0;1102080.0;0.0;208.0;False;G:\Experiments\PTT\Spheroids\14042025\15042025\Analysis\2025-04-15_165347_tube7_cropped_8bits2\11_0208_0_8bits.tiff;G:\Experiments\PTT\Spheroids\14042025\15042025\Analysis\2025-04-15_165347_tube7_segmentationDebug2\11_0208_0_segmented.tiff;2608.0;(76. 73);205.338092684745;0.949399344739716;57.6247232762926;0.777281629702635;0.874993121644683;631.249856734355;0.948603772290514;0.876786418390715;0.909668390904927;;;;;;;;;;;;;;;;;;;;;;;;;;;;;;;;;;;;;;;;;;;;;;;;;;;;;;
1;Tube 7;1202100.0;;;;;;;;;;;;;;;;;;1202100.0;0.0;210.0;False;G:\Experiments\PTT\Spheroids\14042025\16042025 before laser\Analysis\2025-04-16_102713_tube7_cropped_8bits2\12_0210_0_8bits.tiff;G:\Experiments\PTT\Spheroids\14042025\16042025 before laser\Analysis\2025-04-16_102713_tube7_segmentationDebug2\12_0210_0_segmented.tiff;3226.0;(75. 76);215.9655097723;0.982937233394271;64.0895527470401;0.869171404090803;0.806860112339794;719.959200119823;0.934002681803846;0.84915140375065;0.908183070255498;1202100.0;0.0;210.0;False;E:\Experiments\PTT\Spheroids\14042025\16042025 after laser\Analysis\2025-04-16_163650_tube7_cropped_8bits\12_0210_0_8bits.tiff;E:\Experiments\PTT\Spheroids\14042025\16042025 after laser\Analysis\2025-04-16_163650_tube7_segmentationDebug\12_0210_0_segmented.tiff;3246.5;(76. 77);220.89444208145144;0.9746322425697987;64.29286260529007;0.8360951298987536;0.8592928546751378;743.6493149146452;0.9531692412750444;0.8491299681003512;0.8989315676540159;49.8;71.48130694313541;Alive;0.0;0.0;0.0;;;;20.5;;4.928932309151435;-0.008304990824472225;0.20330985824996617;-0.03307627419204939;0.052432742335343785;23.690114794822193;0.019166559471198386;-2.1435650298773368e-05;-0.009251502601482109
1;Tube 7;1202110.0;1202110.0;0.0;211.0;False;G:\Experiments\PTT\Spheroids\14042025\15042025\Analysis\2025-04-15_165347_tube7_cropped_8bits2\12_0211_0_8bits.tiff;G:\Experiments\PTT\Spheroids\14042025\15042025\Analysis\2025-04-15_165347_tube7_segmentationDebug2\12_0211_0_segmented.tiff;2702.0;(72. 74);204.50966656208;0.965689778413152;58.6540130756149;0.811834545123131;0.81652053909801;545.220173103268;0.942240830545445;0.872454391194636;0.919626000179807;;;;;;;;;;;;;;;;;;;;;;;;;;;;;;;;;;;;;;;;;;;;;;;;;;;;;;
1;Tube 7;1302130.0;;;;;;;;;;;;;;;;;;1302130.0;0.0;213.0;False;G:\Experiments\PTT\Spheroids\14042025\16042025 before laser\Analysis\2025-04-16_102713_tube7_cropped_8bits2\13_0213_0_8bits.tiff;G:\Experiments\PTT\Spheroids\14042025\16042025 before laser\Analysis\2025-04-16_102713_tube7_segmentationDebug2\13_0213_0_segmented.tiff;3014.5;(77. 72);207.580734729766;0.984005222784397;61.9530516407718;0.879125874894654;0.904154396086382;725.589937628748;0.932627817846925;0.858719838930307;0.902144703937528;;;;;;;;;;;;;;;;;;;;;;;;;;;;;;;;;;;;;
1;Tube 7;1302140.0;1302140.0;0.0;214.0;False;G:\Experiments\PTT\Spheroids\14042025\15042025\Analysis\2025-04-15_165347_tube7_cropped_8bits2\13_0214_0_8bits.tiff;G:\Experiments\PTT\Spheroids\14042025\15042025\Analysis\2025-04-15_165347_tube7_segmentationDebug2\13_0214_0_segmented.tiff;2557.0;(77. 70);202.367531180381;0.953748601268183;57.0585095834776;0.78461918881717;0.813931893630172;573.585341912884;0.957428893447858;0.879571320957978;0.936410578050124;;;;;;;;;;;;;;;;;;;;;;;;;;;;;;;;;;;;;;;;;;;;;;;;;;;;;;
1;Tube 7;1402160.0;;;;;;;;;;;;;;;;;;1402160.0;0.0;216.0;False;G:\Experiments\PTT\Spheroids\14042025\16042025 before laser\Analysis\2025-04-16_102713_tube7_cropped_8bits2\14_0216_0_8bits.tiff;G:\Experiments\PTT\Spheroids\14042025\16042025 before laser\Analysis\2025-04-16_102713_tube7_segmentationDebug2\14_0216_0_segmented.tiff;2790.0;(69. 77);205.681239247322;0.965899255669032;59.601496036686;0.828752223656561;0.923462670461849;785.931657829621;0.940450566876541;0.868775677303691;0.90893745995427;1402160.0;0.0;216.0;False;E:\Experiments\PTT\Spheroids\14042025\16042025 after laser\Analysis\2025-04-16_163650_tube7_cropped_8bits\14_0216_0_8bits.tiff;E:\Experiments\PTT\Spheroids\14042025\16042025 after laser\Analysis\2025-04-16_163650_tube7_segmentationDebug\14_0216_0_segmented.tiff;3126.5;(70. 77);217.58073353767395;0.9673576732673268;63.09345002941657;0.8299031707933098;0.9096529111557582;777.0764451266516;0.9514985787330044;0.8541735478751638;0.8956629498103883;49.2;104.01350926798618;Alive;0.0;0.0;0.0;;;;336.5;;11.899494290351953;0.0014584175982947922;3.491953992730572;0.0011509471367487922;-0.013809759306090852;-8.855212702969425;0.011048011856463313;-0.014602129428527233;-0.013274510143881701
1;Tube 7;1402170.0;1402170.0;0.0;217.0;False;G:\Experiments\PTT\Spheroids\14042025\15042025\Analysis\2025-04-15_165347_tube7_cropped_8bits2\14_0217_0_8bits.tiff;G:\Experiments\PTT\Spheroids\14042025\15042025\Analysis\2025-04-15_165347_tube7_segmentationDebug2\14_0217_0_segmented.tiff;2202.0;(75. 68);176.8528124094;0.983255190890823;52.9497259436423;0.884714688002839;0.931843725913712;664.365688449333;0.954484230581822;0.895939436925443;0.913049484689418;;;;;;;;;;;;;;;;;;;;;;;;;;;;;;;;;;;;;;;;;;;;;;;;;;;;;;
1;Tube 7;1502190.0;;;;;;;;;;;;;;;;;;1502190.0;0.0;219.0;False;G:\Experiments\PTT\Spheroids\14042025\16042025 before laser\Analysis\2025-04-16_102713_tube7_cropped_8bits2\15_0219_0_8bits.tiff;G:\Experiments\PTT\Spheroids\14042025\16042025 before laser\Analysis\2025-04-16_102713_tube7_segmentationDebug2\15_0219_0_segmented.tiff;3527.5;(69. 73);276.40916109085;0.882978723404255;67.0175536262947;0.580192380084299;0.776240677180269;717.093882771675;0.925705217609641;0.833596030843008;0.907850073815378;1502190.0;0.0;219.0;False;E:\Experiments\PTT\Spheroids\14042025\16042025 after laser\Analysis\2025-04-16_163650_tube7_cropped_8bits\15_0219_0_8bits.tiff;E:\Experiments\PTT\Spheroids\14042025\16042025 after laser\Analysis\2025-04-16_163650_tube7_segmentationDebug\15_0219_0_segmented.tiff;2546.0;(78. 76);201.68123972415924;0.9566034191245538;56.93564683830091;0.786569783638164;0.9415682778472452;1287.260478026277;0.9762445162524122;0.8824008782299322;0.7512455641765091;53.8;85.74772227458372;Alive;0.0;0.0;0.0;;;;-981.5;;-74.72792136669074;0.07362469572029884;-10.081906787993788;0.20637740355386502;0.16532760066697616;570.166595254602;0.05053929864277118;0.048804847386924144;-0.15660450963886885
1;Tube 7;1502200.0;1502200.0;0.0;220.0;False;G:\Experiments\PTT\Spheroids\14042025\15042025\Analysis\2025-04-15_165347_tube7_cropped_8bits2\15_0220_0_8bits.tiff;G:\Experiments\PTT\Spheroids\14042025\15042025\Analysis\2025-04-15_165347_tube7_segmentationDebug2\15_0220_0_segmented.tiff;2433.0;(76. 75);188.852811932563;0.972033559728326;55.6578099851283;0.857245199209412;0.98957195221945;609.774022364807;0.953393146188247;0.885278054035834;0.914639969510889;;;;;;;;;;;;;;;;;;;;;;;;;;;;;;;;;;;;;;;;;;;;;;;;;;;;;;
1;Tube 7;1602220.0;1602220.0;0.0;222.0;False;G:\Experiments\PTT\Spheroids\14042025\15042025\Analysis\2025-04-15_165347_tube7_cropped_8bits2\16_0222_0_8bits.tiff;G:\Experiments\PTT\Spheroids\14042025\15042025\Analysis\2025-04-15_165347_tube7_segmentationDebug2\16_0222_0_segmented.tiff;1821.5;(76. 75);192.267025113105;0.872157050514723;48.1581335885756;0.61919783087458;0.753279205940249;583.172439236111;0.959671242873484;0.912049642286671;0.90184134835584;1602220.0;0.0;222.0;False;G:\Experiments\PTT\Spheroids\14042025\16042025 before laser\Analysis\2025-04-16_102713_tube7_cropped_8bits2\16_0222_0_8bits.tiff;G:\Experiments\PTT\Spheroids\14042025\16042025 before laser\Analysis\2025-04-16_102713_tube7_segmentationDebug2\16_0222_0_segmented.tiff;2139.0;(78. 75);185.195958018302;0.952571810287241;52.186774054242;0.783714065141153;0.968329654757031;579.955003943646;0.950228781665603;0.89832162367455;0.912795922917647;1602220.0;0.0;222.0;False;E:\Experiments\PTT\Spheroids\14042025\16042025 after laser\Analysis\2025-04-16_163650_tube7_cropped_8bits\16_0222_0_8bits.tiff;E:\Experiments\PTT\Spheroids\14042025\16042025 after laser\Analysis\2025-04-16_163650_tube7_segmentationDebug\16_0222_0_segmented.tiff;2165.0;(68. 80);180.02438473701477;0.9656556645851918;52.50298671839181;0.8394698330409298;0.94626940812402;790.926556431233;0.9678024917930168;0.8978580675137225;0.8817183113351681;50.37;95.05969211435752;Alive;0.0;0.0;0.0;;;;26.0;;-5.1715732812872375;0.013083854297950781;0.3162126641498091;0.055755767899776765;-0.022060246633010983;210.97155248758702;0.017573710127413822;-0.00046355616082749407;-0.031077611582478903
1;Tube 7;1704240.0;1704240.0;0.0;424.0;False;G:\Experiments\PTT\Spheroids\14042025\15042025\Analysis\2025-04-15_165347_tube7_cropped_8bits2\17_0424_0_8bits.tiff;G:\Experiments\PTT\Spheroids\14042025\15042025\Analysis\2025-04-15_165347_tube7_segmentationDebug2\17_0424_0_segmented.tiff;1838.0;(77. 74);173.195957899093;0.949625419788168;48.3757613193139;0.769980748575476;0.942700436777255;512.305364666111;0.956997954764962;0.912276342431029;0.909194810045589;1704240.0;0.0;424.0;False;G:\Experiments\PTT\Spheroids\14042025\16042025 before laser\Analysis\2025-04-16_102713_tube7_cropped_8bits2\17_0424_0_8bits.tiff;G:\Experiments\PTT\Spheroids\14042025\16042025 before laser\Analysis\2025-04-16_102713_tube7_segmentationDebug2\17_0424_0_segmented.tiff;2304.5;(71. 70);182.267025470733;0.982101001491583;54.1680766766015;0.871706660338054;0.90092673300606;537.763406273107;0.944904587845855;0.891032323973299;0.915520213040477;1704240.0;0.0;424.0;False;E:\Experiments\PTT\Spheroids\14042025\16042025 after laser\Analysis\2025-04-16_163650_tube7_cropped_8bits\17_0424_0_8bits.tiff;E:\Experiments\PTT\Spheroids\14042025\16042025 after laser\Analysis\2025-04-16_163650_tube7_segmentationDebug\17_0424_0_segmented.tiff;2502.5;(70. 74);195.9238796234131;0.9654706790123456;56.4471607851072;0.8192363354394813;0.9367643216478804;601.5947015282807;0.9475236407898076;0.881816400480718;0.8956355309249047;44.6;93.50769714106188;Alive;0.0;0.0;0.0;;;;198.0;;13.656854152680097;-0.016630322479237347;2.2790841085056996;-0.05247032489857273;0.035837588641820406;63.8312952551737;0.0026190529439525934;-0.009215923492581046;-0.019884682115572372
1;Tube 7;1807240.0;1807240.0;0.0;724.0;False;G:\Experiments\PTT\Spheroids\14042025\15042025\Analysis\2025-04-15_165347_tube7_cropped_8bits2\18_0724_0_8bits.tiff;G:\Experiments\PTT\Spheroids\14042025\15042025\Analysis\2025-04-15_165347_tube7_segmentationDebug2\18_0724_0_segmented.tiff;1791.5;(74. 78);168.124890208244;0.952925531914893;47.7599062435537;0.796457578510231;0.930369750355725;699.093812349049;0.961623273112173;0.9144370072692;0.907918216471377;1807240.0;0.0;724.0;False;G:\Experiments\PTT\Spheroids\14042025\16042025 before laser\Analysis\2025-04-16_102713_tube7_cropped_8bits2\18_0724_0_8bits.tiff;G:\Experiments\PTT\Spheroids\14042025\16042025 before laser\Analysis\2025-04-16_102713_tube7_segmentationDebug2\18_0724_0_segmented.tiff;2312.0;(77. 70);207.681239366531;0.921299063558477;54.2561501345948;0.673601677583886;0.889571068588907;709.260015303785;0.945993737395659;0.889695032117138;0.889749847038431;1807240.0;0.0;724.0;False;E:\Experiments\PTT\Spheroids\14042025\16042025 after laser\Analysis\2025-04-16_163650_tube7_cropped_8bits\18_0724_0_8bits.tiff;E:\Experiments\PTT\Spheroids\14042025\16042025 after laser\Analysis\2025-04-16_163650_tube7_segmentationDebug\18_0724_0_segmented.tiff;2457.0;(80. 73);193.6812388896942;0.9646643109540636;55.93165080179821;0.8230759494636191;0.8936523961175183;718.9017168689263;0.9546300250142334;0.8841889886274696;0.8974877735285173;49.6;93.38831291234683;Alive;0.0;0.0;0.0;;;;145.0;;-14.000000476836789;0.04336524739558656;1.6755006672034156;0.14947427187973306;0.004081327528611345;9.641701565141261;0.00863628761857449;-0.005506043489668322;0.007737926490086311
1;Tube 7;1910240.0;1910240.0;0.0;1024.0;False;G:\Experiments\PTT\Spheroids\14042025\15042025\Analysis\2025-04-15_165347_tube7_cropped_8bits2\19_1024_0_8bits.tiff;G:\Experiments\PTT\Spheroids\14042025\15042025\Analysis\2025-04-15_165347_tube7_segmentationDebug2\19_1024_0_segmented.tiff;1508.5;(75. 71);156.468035697937;0.941929441148922;43.8255844596851;0.774290476480052;0.899036195943659;550.074989069246;0.964771826564231;0.927479320030411;0.909561466594585;1910240.0;0.0;1024.0;False;G:\Experiments\PTT\Spheroids\14042025\16042025 before laser\Analysis\2025-04-16_102713_tube7_cropped_8bits2\19_1024_0_8bits.tiff;G:\Experiments\PTT\Spheroids\14042025\16042025 before laser\Analysis\2025-04-16_102713_tube7_segmentationDebug2\19_1024_0_segmented.tiff;1960.5;(76. 70);180.610171318054;0.940738963531669;49.9618467178034;0.755252726035937;0.937099026043709;650.301635352541;0.956615556840266;0.906600678454752;0.917637043143083;1910240.0;0.0;1024.0;False;E:\Experiments\PTT\Spheroids\14042025\16042025 after laser\Analysis\2025-04-16_163650_tube7_cropped_8bits\19_1024_0_8bits.tiff;E:\Experiments\PTT\Spheroids\14042025\16042025 after laser\Analysis\2025-04-16_163650_tube7_segmentationDebug\19_1024_0_segmented.tiff;2261.0;(72. 70);184.50966572761536;0.9672727272727272;53.65439973241899;0.8345880889409869;0.9326217393214508;663.6570956127978;0.9558424808604044;0.8930080416833873;0.8917362050790015;44.3;96.85045554508325;Alive;0.0;0.0;0.0;;;;300.5;;3.899494409561356;0.026533763741058203;3.6925530146155907;0.07933536290504994;-0.0044772867222582224;13.355460260256791;-0.0007730759798616482;-0.013592636771364686;-0.0259008380640815
1;Tube 7;2012240.0;;;;;;;;;;;;;;;;;;2012240.0;0.0;1224.0;False;G:\Experiments\PTT\Spheroids\14042025\16042025 before laser\Analysis\2025-04-16_102713_tube7_cropped_8bits2\20_1224_0_8bits.tiff;G:\Experiments\PTT\Spheroids\14042025\16042025 before laser\Analysis\2025-04-16_102713_tube7_segmentationDebug2\20_1224_0_segmented.tiff;2217.5;(79. 71);185.92388010025;0.96287451150673;53.1357571739617;0.806126399799022;0.889909992417536;660.013018555636;0.959051824468642;0.895106745792073;0.919247133007371;;;;;;;;;;;;;;;;;;;;;;;;;;;;;;;;;;;;;
1;Tube 7;2013240.0;2013240.0;0.0;1324.0;False;G:\Experiments\PTT\Spheroids\14042025\15042025\Analysis\2025-04-15_165347_tube7_cropped_8bits2\20_1324_0_8bits.tiff;G:\Experiments\PTT\Spheroids\14042025\15042025\Analysis\2025-04-15_165347_tube7_segmentationDebug2\20_1324_0_segmented.tiff;1757.5;(78. 77);165.781744718551;0.960382513661202;47.3045293800926;0.803584934150622;0.874456185829028;642.467826972959;0.958836906988954;0.915881799521375;0.907350150666534;;;;;;;;;;;;;;;;;;2013240.0;0.0;1324.0;False;E:\Experiments\PTT\Spheroids\14042025\16042025 after laser\Analysis\2025-04-16_163650_tube7_cropped_8bits\20_1324_0_8bits.tiff;E:\Experiments\PTT\Spheroids\14042025\16042025 after laser\Analysis\2025-04-16_163650_tube7_segmentationDebug\20_1324_0_segmented.tiff;2278.5;(65. 74);184.2670260667801;0.970193740685544;53.86164036379758;0.8432641618931433;0.9669152965622632;676.880984311158;0.96292315451289;0.8924242848300731;0.9060657012493571;53.7;56.379202010681745;Alive;;;;;;;;;;;;;;;;;
1;Tube 7;208050.0;;;;;;;;;;;;;;;;;;208050.0;0.0;805.0;False;G:\Experiments\PTT\Spheroids\14042025\16042025 before laser\Analysis\2025-04-16_102713_tube7_cropped_8bits2\2_0805_0_8bits.tiff;G:\Experiments\PTT\Spheroids\14042025\16042025 before laser\Analysis\2025-04-16_102713_tube7_segmentationDebug2\2_0805_0_segmented.tiff;3846.5;(73. 73);243.722869277;0.962949054950557;69.9822542422277;0.813735075166081;0.87193254584588;754.066865850075;0.920553533119091;0.820688009546019;0.912136334691542;208050.0;0.0;805.0;False;E:\Experiments\PTT\Spheroids\14042025\16042025 after laser\Analysis\2025-04-16_163650_tube7_cropped_8bits\2_0805_0_8bits.tiff;E:\Experiments\PTT\Spheroids\14042025\16042025 after laser\Analysis\2025-04-16_163650_tube7_segmentationDebug\2_0805_0_segmented.tiff;3785.0;(72. 77);263.4802289009094;0.923508600707576;69.42054218185415;0.6851405685410201;0.847116722696033;668.8093441313338;0.93079388857107;0.823131404923194;0.8960111324881497;37.0;86.61325793276782;Alive;0.0;0.0;0.0;;;;-61.5;;19.757359623909423;-0.03944045424298104;-0.5617120603735515;-0.1285945066250609;-0.024815823149846983;-85.25752171874126;0.010240355451978989;0.002443395377175084;-0.016125202203392308
1;Tube 7;209050.0;209050.0;0.0;905.0;False;G:\Experiments\PTT\Spheroids\14042025\15042025\Analysis\2025-04-15_165347_tube7_cropped_8bits2\2_0905_0_8bits.tiff;G:\Experiments\PTT\Spheroids\14042025\15042025\Analysis\2025-04-15_165347_tube7_segmentationDebug2\2_0905_0_segmented.tiff;2988.0;(71. 75);204.166520357131;0.986952931461602;61.680140723483;0.900785533767146;0.950632429878058;759.394392263187;0.935881389995313;0.859971207486744;0.922596832918116;;;;;;;;;;;;;;;;;;;;;;;;;;;;;;;;;;;;;;;;;;;;;;;;;;;;;;
1;Tube 7;311050.0;;;;;;;;;;;;;;;;;;311050.0;0.0;1105.0;False;G:\Experiments\PTT\Spheroids\14042025\16042025 before laser\Analysis\2025-04-16_102713_tube7_cropped_8bits2\3_1105_0_8bits.tiff;G:\Experiments\PTT\Spheroids\14042025\16042025 before laser\Analysis\2025-04-16_102713_tube7_segmentationDebug2\3_1105_0_segmented.tiff;4095.5;(73. 74);251.379723072052;0.968432253487822;72.2118588284698;0.814434771859958;0.866428869709437;656.700767157335;0.909383657351011;0.809255763415091;0.909203259425557;;;;;;;;;;;;;;;;;;;;;;;;;;;;;;;;;;;;;
1;Tube 7;312050.0;312050.0;0.0;1205.0;False;G:\Experiments\PTT\Spheroids\14042025\15042025\Analysis\2025-04-15_165347_tube7_cropped_8bits2\3_1205_0_8bits.tiff;G:\Experiments\PTT\Spheroids\14042025\15042025\Analysis\2025-04-15_165347_tube7_segmentationDebug2\3_1205_0_segmented.tiff;3074.0;(77. 74);231.82337462902;0.946574287913779;62.5614766491;0.718785454663594;0.930159552644053;693.964315365996;0.930362692740196;0.855243067128987;0.901052655903246;;;;;;;;;;;;;;;;;;;;;;;;;;;;;;;;;;;;;;;;;;;;;;;;;;;;;;
1;Tube 7;414050.0;;;;;;;;;;;;;;;;;;414050.0;0.0;1405.0;False;G:\Experiments\PTT\Spheroids\14042025\16042025 before laser\Analysis\2025-04-16_102713_tube7_cropped_8bits2\4_1405_0_8bits.tiff;G:\Experiments\PTT\Spheroids\14042025\16042025 before laser\Analysis\2025-04-16_102713_tube7_segmentationDebug2\4_1405_0_segmented.tiff;3636.5;(72. 68);227.722870230674;0.982705039859478;68.0450997826399;0.881211503428342;0.936631409207627;827.864001804414;0.93122205881402;0.830734278856466;0.909833771207075;;;;;;;;;;;;;;;;;;;;;;;;;;;;;;;;;;;;;
1;Tube 7;415040.0;415040.0;0.0;1504.0;False;G:\Experiments\PTT\Spheroids\14042025\15042025\Analysis\2025-04-15_165347_tube7_cropped_8bits2\4_1504_0_8bits.tiff;G:\Experiments\PTT\Spheroids\14042025\15042025\Analysis\2025-04-15_165347_tube7_segmentationDebug2\4_1504_0_segmented.tiff;2883.5;(73. 72);208.26702594757;0.975308641975308;60.5919650386405;0.835389070559459;0.787495206256551;706.777101435984;0.937367065709415;0.864760196087843;0.914533299172917;;;;;;;;;;;;;;;;;;;;;;;;;;;;;;;;;;;;;;;;;;;;;;;;;;;;;;
1;Tube 7;514010.0;514010.0;0.0;1401.0;False;G:\Experiments\PTT\Spheroids\14042025\15042025\Analysis\2025-04-15_165347_tube7_cropped_8bits2\5_1401_0_8bits.tiff;G:\Experiments\PTT\Spheroids\14042025\15042025\Analysis\2025-04-15_165347_tube7_segmentationDebug2\5_1401_0_segmented.tiff;3182.0;(73. 74);228.99494767189;0.947870122132856;63.6509876698491;0.762532288656308;0.855341114205314;650.204752870197;0.93176328713838;0.850539426209236;0.913899674779714;514010.0;0.0;1401.0;False;G:\Experiments\PTT\Spheroids\14042025\16042025 before laser\Analysis\2025-04-16_102713_tube7_cropped_8bits2\5_1401_0_8bits.tiff;G:\Experiments\PTT\Spheroids\14042025\16042025 before laser\Analysis\2025-04-16_102713_tube7_segmentationDebug2\5_1401_0_segmented.tiff;4285.0;(76. 73);308.793937206268;0.923292393880629;73.8636002994043;0.564706986052811;0.668349683746919;531.676994348942;0.913976214669415;0.770804945825153;0.91572152955557;514010.0;0.0;1401.0;False;E:\Experiments\PTT\Spheroids\14042025\16042025 after laser\Analysis\2025-04-16_163650_tube7_cropped_8bits\5_1401_0_8bits.tiff;E:\Experiments\PTT\Spheroids\14042025\16042025 after laser\Analysis\2025-04-16_163650_tube7_segmentationDebug\5_1401_0_segmented.tiff;3735.0;(69. 78);236.30865573883057;0.9768536681051392;68.96049375973053;0.840506760197821;0.8833267615258555;674.6219109970119;0.9399499019320576;0.826713505233129;0.9077207517301806;37.0;79.83820295318881;Alive;0.0;0.0;0.0;;;;-550.0;;-72.48528146743746;0.05356127422451018;-4.903106539673772;0.27579977414501;0.2149770777789365;142.94491664806992;0.025973687262642597;0.05590855940797601;-0.008000777825389327
1;Tube 7;611010.0;611010.0;0.0;1101.0;False;G:\Experiments\PTT\Spheroids\14042025\15042025\Analysis\2025-04-15_165347_tube7_cropped_8bits2\6_1101_0_8bits.tiff;G:\Experiments\PTT\Spheroids\14042025\15042025\Analysis\2025-04-15_165347_tube7_segmentationDebug2\6_1101_0_segmented.tiff;2819.5;(74. 74);206.409161329269;0.967072543303035;59.9157650070562;0.831618274943135;0.932868150464727;731.48105749051;0.933362438957863;0.86723878803665;0.896895585279069;;;;;;;;;;;;;;;;;;611010.0;0.0;1101.0;False;E:\Experiments\PTT\Spheroids\14042025\16042025 after laser\Analysis\2025-04-16_163650_tube7_cropped_8bits\6_1101_0_8bits.tiff;E:\Experiments\PTT\Spheroids\14042025\16042025 after laser\Analysis\2025-04-16_163650_tube7_segmentationDebug\6_1101_0_segmented.tiff;3467.5;(74. 80);224.5512956380844;0.9796581438056222;66.44515122542184;0.8641620760595561;0.8914032749972803;757.7379129060105;0.9397541346259864;0.8386244868435375;0.8995193848087804;37.0;98.64121897580898;Alive;;;;;;;;;;;;;;;;;
1;Tube 7;612010.0;;;;;;;;;;;;;;;;;;612010.0;0.0;1201.0;False;G:\Experiments\PTT\Spheroids\14042025\16042025 before laser\Analysis\2025-04-16_102713_tube7_cropped_8bits2\6_1201_0_8bits.tiff;G:\Experiments\PTT\Spheroids\14042025\16042025 before laser\Analysis\2025-04-16_102713_tube7_segmentationDebug2\6_1201_0_segmented.tiff;3542.0;(78. 73);227.480228900909;0.975891996142719;67.1551522033264;0.860143888038689;0.943374166112323;758.399974959472;0.927556085145377;0.834825783055418;0.918602339962748;;;;;;;;;;;;;;;;;;;;;;;;;;;;;;;;;;;;;
1;Tube 7;708010.0;708010.0;0.0;801.0;False;G:\Experiments\PTT\Spheroids\14042025\15042025\Analysis\2025-04-15_165347_tube7_cropped_8bits2\7_0801_0_8bits.tiff;G:\Experiments\PTT\Spheroids\14042025\15042025\Analysis\2025-04-15_165347_tube7_segmentationDebug2\7_0801_0_segmented.tiff;2871.0;(75. 74);211.338094711303;0.956203164029975;60.460489023284;0.80776955584638;0.933760291101343;701.30924114555;0.937053037510625;0.865032224321964;0.920343391208591;;;;;;;;;;;;;;;;;;708010.0;0.0;801.0;False;E:\Experiments\PTT\Spheroids\14042025\16042025 after laser\Analysis\2025-04-16_163650_tube7_cropped_8bits\7_0801_0_8bits.tiff;E:\Experiments\PTT\Spheroids\14042025\16042025 after laser\Analysis\2025-04-16_163650_tube7_segmentationDebug\7_0801_0_segmented.tiff;2999.5;(72. 87);208.7523066997528;0.9810302534750612;61.79872178640203;0.864960278949017;0.9113384571057636;1186.0352608435455;0.9697025141999484;0.8619388216679564;0.7656353833318578;51.0;91.38862708136978;Alive;;;;;;;;;;;;;;;;;
1;Tube 7;709010.0;;;;;;;;;;;;;;;;;;709010.0;0.0;901.0;False;G:\Experiments\PTT\Spheroids\14042025\16042025 before laser\Analysis\2025-04-16_102713_tube7_cropped_8bits2\7_0901_0_8bits.tiff;G:\Experiments\PTT\Spheroids\14042025\16042025 before laser\Analysis\2025-04-16_102713_tube7_segmentationDebug2\7_0901_0_segmented.tiff;3603.0;(75. 69);235.137083053588;0.965434083601286;67.7309536303807;0.818901890017907;0.874705225858043;774.329400837305;0.92225977691067;0.831692260981315;0.907138063907085;;;;;;;;;;;;;;;;;;;;;;;;;;;;;;;;;;;;;
1;Tube 7;805010.0;805010.0;0.0;501.0;False;G:\Experiments\PTT\Spheroids\14042025\15042025\Analysis\2025-04-15_165347_tube7_cropped_8bits2\8_0501_0_8bits.tiff;G:\Experiments\PTT\Spheroids\14042025\15042025\Analysis\2025-04-15_165347_tube7_segmentationDebug2\8_0501_0_segmented.tiff;2878.0;(76. 78);229.681239008903;0.936087168645308;60.5341507725003;0.685566533607561;0.940287861408344;729.317635060238;0.935097134876068;0.86390083171503;0.907579106993525;;;;;;;;;;;;;;;;;;805010.0;1.0;501.0;False;E:\Experiments\PTT\Spheroids\14042025\16042025 after laser\Analysis\2025-04-16_163650_tube7_cropped_8bits\8_0501_0_8bits.tiff;E:\Experiments\PTT\Spheroids\14042025\16042025 after laser\Analysis\2025-04-16_163650_tube7_segmentationDebug\8_0501_0_segmented.tiff;3831.5;(68. 75);251.9238796234131;0.952635504724018;69.8456678374026;0.7586474847777321;0.8568160098920791;954.294213185448;0.953325014698564;0.8229217023036619;0.8687868705765794;66.5;64.97486647816525;Alive;;;;;;;;;;;;;;;;;
1;Tube 7;806010.0;;;;;;;;;;;;;;;;;;806010.0;0.0;601.0;False;G:\Experiments\PTT\Spheroids\14042025\16042025 before laser\Analysis\2025-04-16_102713_tube7_cropped_8bits2\8_0601_0_8bits.tiff;G:\Experiments\PTT\Spheroids\14042025\16042025 before laser\Analysis\2025-04-16_102713_tube7_segmentationDebug2\8_0601_0_segmented.tiff;3000.5;(79. 72);209.095452666282;0.977680026067122;61.809022431825;0.862411063088675;0.957283993399062;567.57601493159;0.95553844161852;0.85992969917813;0.936579585925239;;;;;;;;;;;;;;;;;;;;;;;;;;;;;;;;;;;;;
1;Tube 7;902020.0;902020.0;0.0;202.0;False;G:\Experiments\PTT\Spheroids\14042025\15042025\Analysis\2025-04-15_165347_tube7_cropped_8bits2\9_0202_0_8bits.tiff;G:\Experiments\PTT\Spheroids\14042025\15042025\Analysis\2025-04-15_165347_tube7_segmentationDebug2\9_0202_0_segmented.tiff;2846.5;(75. 69);205.095452904701;0.973328774149427;60.2019631248736;0.850372071558571;0.92628830199464;596.860669595744;0.953095893184326;0.866605889957439;0.920527271563702;;;;;;;;;;;;;;;;;;;;;;;;;;;;;;;;;;;;;;;;;;;;;;;;;;;;;;
1;Tube 7;903010.0;;;;;;;;;;;;;;;;;;903010.0;0.0;301.0;False;G:\Experiments\PTT\Spheroids\14042025\16042025 before laser\Analysis\2025-04-16_102713_tube7_cropped_8bits2\9_0301_0_8bits.tiff;G:\Experiments\PTT\Spheroids\14042025\16042025 before laser\Analysis\2025-04-16_102713_tube7_segmentationDebug2\9_0301_0_segmented.tiff;3482.5;(77. 79);228.89444231987;0.976447497546614;66.5887131167152;0.835276943041421;0.897820630616255;886.344245985255;0.929255644809375;0.837664550529476;0.907872368129578;903010.0;0.0;301.0;False;E:\Experiments\PTT\Spheroids\14042025\16042025 after laser\Analysis\2025-04-16_163650_tube7_cropped_8bits\9_0301_0_8bits.tiff;E:\Experiments\PTT\Spheroids\14042025\16042025 after laser\Analysis\2025-04-16_163650_tube7_segmentationDebug\9_0301_0_segmented.tiff;3049.0;(69. 74);241.33809316158292;0.9236594971220842;62.30655962174056;0.6578328158609205;0.8758865252198346;989.1642537493952;0.9813298883018582;0.8638424901419383;0.8168480299558357;54.9;68.10870248193528;Alive;0.0;0.0;0.0;;;;-433.5;;12.443650841712895;-0.0527880004245298;-4.2821534949746365;-0.1774441271805005;-0.02193410539642049;102.8200077641402;0.05207424349248324;0.026177939612462287;-0.09102433817374223
1;Tube 8;1002040.0;;;;;;;;;;;;;;;;;;1002040.0;0.0;204.0;False;G:\Experiments\PTT\Spheroids\14042025\16042025 before laser\Analysis\2025-04-16_103713_tube8_cropped_8bits2\10_0204_0_8bits.tiff;G:\Experiments\PTT\Spheroids\14042025\16042025 before laser\Analysis\2025-04-16_103713_tube8_segmentationDebug2\10_0204_0_segmented.tiff;3178.5;(73. 69);225.722869396209;0.958245402472113;63.6159719955666;0.783936625217697;0.928045956939317;702.074284154179;0.942800465648314;0.851148411974281;0.910030694323068;1002040.0;0.0;204.0;False;E:\Experiments\PTT\Spheroids\14042025\16042025 after laser\Analysis\2025-04-16_164654_tube8_cropped_8bits\10_0204_0_8bits.tiff;E:\Experiments\PTT\Spheroids\14042025\16042025 after laser\Analysis\2025-04-16_164654_tube8_segmentationDebug\10_0204_0_segmented.tiff;3130.0;(78. 74);219.33809328079224;0.968141045468605;63.12875553201615;0.817572121473455;0.8951045346322031;728.5040832796759;0.9579184840949548;0.8494980829196072;0.8980512514721258;47.5;84.55387998743323;Alive;0.0;0.0;0.0;;;;-48.5;;-6.38477611541677;0.009895642996492038;-0.4872164635504532;0.03363549625575801;-0.03294142230711394;26.429799125496857;0.015118018446640846;-0.0016503290546738825;-0.011979442850942212
1;Tube 8;1002050.0;1002050.0;0.0;205.0;False;G:\Experiments\PTT\Spheroids\14042025\15042025\Analysis\2025-04-15_170352_tube8_cropped_8bits2\10_0205_0_8bits.tiff;G:\Experiments\PTT\Spheroids\14042025\15042025\Analysis\2025-04-15_170352_tube8_segmentationDebug2\10_0205_0_segmented.tiff;2455.5;(74. 80);196.610171556472;0.964075382803298;55.9145750417294;0.798247998353008;0.96315189826408;518.342082707859;0.956851331844462;0.884238274361714;0.919422062203774;;;;;;;;;;;;;;;;;;;;;;;;;;;;;;;;;;;;;;;;;;;;;;;;;;;;;;
1;Tube 8;1102070.0;;;;;;;;;;;;;;;;;;1102070.0;0.0;207.0;False;G:\Experiments\PTT\Spheroids\14042025\16042025 before laser\Analysis\2025-04-16_103713_tube8_cropped_8bits2\11_0207_0_8bits.tiff;G:\Experiments\PTT\Spheroids\14042025\16042025 before laser\Analysis\2025-04-16_103713_tube8_segmentationDebug2\11_0207_0_segmented.tiff;3378.0;(78. 73);241.823374748229;0.938072757567342;65.5820339888553;0.72589357762037;0.836918700669615;629.447168463734;0.937233642769551;0.841899978484946;0.919415273994761;1102070.0;0.0;207.0;False;E:\Experiments\PTT\Spheroids\14042025\16042025 after laser\Analysis\2025-04-16_164654_tube8_cropped_8bits\11_0207_0_8bits.tiff;E:\Experiments\PTT\Spheroids\14042025\16042025 after laser\Analysis\2025-04-16_164654_tube8_segmentationDebug\11_0207_0_segmented.tiff;2406.5;(80. 71);193.9238797426224;0.966271832965268;55.35387036518015;0.8041427438207001;0.8629303952702982;1291.573506335006;0.9792621550214916;0.8887635113195161;0.7554443344043439;55.8;64.43763744894753;Alive;0.0;0.0;0.0;;;;-971.5;;-47.89949500560661;0.028199075397925988;-10.228163623675151;0.07824916620033007;0.0260116946006832;662.126337871272;0.0420285122519406;0.04686353283457012;-0.1639709395904171
1;Tube 8;1102080.0;1102080.0;0.0;208.0;False;G:\Experiments\PTT\Spheroids\14042025\15042025\Analysis\2025-04-15_170352_tube8_cropped_8bits2\11_0208_0_8bits.tiff;G:\Experiments\PTT\Spheroids\14042025\15042025\Analysis\2025-04-15_170352_tube8_segmentationDebug2\11_0208_0_segmented.tiff;2357.0;(76. 70);187.195958018302;0.97396694214876;54.781617418079;0.845233131720251;0.920206384564486;536.088147211346;0.961189567398489;0.888808505491627;0.929585858745018;;;;;;;;;;;;;;;;;;;;;;;;;;;;;;;;;;;;;;;;;;;;;;;;;;;;;;
1;Tube 8;1202100.0;1202100.0;0.0;210.0;False;G:\Experiments\PTT\Spheroids\14042025\15042025\Analysis\2025-04-15_170352_tube8_cropped_8bits2\12_0210_0_8bits.tiff;G:\Experiments\PTT\Spheroids\14042025\15042025\Analysis\2025-04-15_170352_tube8_segmentationDebug2\12_0210_0_segmented.tiff;2301.5;(76. 78);182.610171079635;0.976660301294292;54.1328071709566;0.867303135690091;0.864993880623215;558.272112804293;0.971219126928562;0.891900804533832;0.940269853342491;1202100.0;0.0;210.0;False;G:\Experiments\PTT\Spheroids\14042025\16042025 before laser\Analysis\2025-04-16_103713_tube8_cropped_8bits2\12_0210_0_8bits.tiff;G:\Experiments\PTT\Spheroids\14042025\16042025 before laser\Analysis\2025-04-16_103713_tube8_segmentationDebug2\12_0210_0_segmented.tiff;2845.5;(75. 80);208.752306938171;0.9644128113879;60.1913874615289;0.820551581306015;0.940700166253476;554.4543885576;0.94609347580749;0.866445243872572;0.921951702194007;;;;;;;;;;;;;;;;;;;;;;;;;;;;;;;;;;;;;
1;Tube 8;1202110.0;;;;;;;;;;;;;;;;;;;;;;;;;;;;;;;;;;;1202110.0;0.0;211.0;False;E:\Experiments\PTT\Spheroids\14042025\16042025 after laser\Analysis\2025-04-16_164654_tube8_cropped_8bits\12_0211_0_8bits.tiff;E:\Experiments\PTT\Spheroids\14042025\16042025 after laser\Analysis\2025-04-16_164654_tube8_segmentationDebug\12_0211_0_segmented.tiff;2842.5;(76. 79);203.9238792657852;0.9759656652360515;60.159649316711445;0.8589624306356526;0.9211511987651174;807.8635183064375;0.9461153145492665;0.8666949047128705;0.8810717431844143;50.44;76.6148287778825;Alive;;;;;;;;;;;;;;;;;
1;Tube 8;1302130.0;1302130.0;0.0;213.0;False;G:\Experiments\PTT\Spheroids\14042025\15042025\Analysis\2025-04-15_170352_tube8_cropped_8bits2\13_0213_0_8bits.tiff;G:\Experiments\PTT\Spheroids\14042025\15042025\Analysis\2025-04-15_170352_tube8_segmentationDebug2\13_0213_0_segmented.tiff;2307.0;(75. 75);184.024385213851;0.977749523204068;54.1974503985567;0.856064933191678;0.861622680242092;467.082563824461;0.962419640619087;0.891284630081034;0.935290373363162;1302130.0;0.0;213.0;False;G:\Experiments\PTT\Spheroids\14042025\16042025 before laser\Analysis\2025-04-16_103713_tube8_cropped_8bits2\13_0213_0_8bits.tiff;G:\Experiments\PTT\Spheroids\14042025\16042025 before laser\Analysis\2025-04-16_103713_tube8_segmentationDebug2\13_0213_0_segmented.tiff;2967.5;(76. 73);207.580734252929;0.976954732510288;61.4681897325892;0.865419155991159;0.970489405777353;655.902206975998;0.954294962434875;0.861477228706527;0.92909618603285;1302130.0;0.0;213.0;False;E:\Experiments\PTT\Spheroids\14042025\16042025 after laser\Analysis\2025-04-16_164654_tube8_cropped_8bits\13_0213_0_8bits.tiff;E:\Experiments\PTT\Spheroids\14042025\16042025 after laser\Analysis\2025-04-16_164654_tube8_segmentationDebug\13_0213_0_segmented.tiff;2927.0;(69. 86);212.9949471950531;0.9618797239566218;61.04729434987125;0.8107631186716451;0.9252324297527976;942.3238785214054;0.9629893253817454;0.863800275019604;0.8903224713611871;53.5;63.42287150486962;Alive;0.0;0.0;0.0;;;;-40.5;;5.414212942124095;-0.01507500855366617;-0.42089538271795135;-0.05465603731951396;-0.04525697602455536;286.42167154540743;0.008694362946870426;0.002323046313077004;-0.03877371467166291
1;Tube 8;1402160.0;1402160.0;0.0;216.0;False;G:\Experiments\PTT\Spheroids\14042025\15042025\Analysis\2025-04-15_170352_tube8_cropped_8bits2\14_0216_0_8bits.tiff;G:\Experiments\PTT\Spheroids\14042025\15042025\Analysis\2025-04-15_170352_tube8_segmentationDebug2\14_0216_0_segmented.tiff;2157.0;(74. 72);175.195957899093;0.98313582497721;52.4058937333745;0.883103986408898;0.904113043047539;563.87149262612;0.959797687134126;0.898060102058486;0.91953237804179;1402160.0;0.0;216.0;False;G:\Experiments\PTT\Spheroids\14042025\16042025 before laser\Analysis\2025-04-16_103713_tube8_cropped_8bits2\14_0216_0_8bits.tiff;G:\Experiments\PTT\Spheroids\14042025\16042025 before laser\Analysis\2025-04-16_103713_tube8_segmentationDebug2\14_0216_0_segmented.tiff;2472.5;(80. 74);200.752306580543;0.946592649310873;56.1077960212098;0.770947982948722;0.796672290032619;678.481118703108;0.955430711612946;0.882969933399569;0.908122141705802;1402160.0;0.0;216.0;False;E:\Experiments\PTT\Spheroids\14042025\16042025 after laser\Analysis\2025-04-16_164654_tube8_cropped_8bits\14_0216_0_8bits.tiff;E:\Experiments\PTT\Spheroids\14042025\16042025 after laser\Analysis\2025-04-16_164654_tube8_segmentationDebug\14_0216_0_segmented.tiff;2619.0;(72. 79);198.50966584682465;0.9703593923675436;57.74611993598696;0.835183769350679;0.9194014781217812;824.8558961574024;0.9518743800133456;0.8769442438390804;0.883063649437578;44.5;85.32987747408106;Alive;0.0;0.0;0.0;;;;146.5;;-2.2426407337183605;0.023766743056670703;1.6383239147771604;0.06423578640195693;0.12272918808916222;146.37477745429442;-0.0035563315996004485;-0.006025689560488545;-0.025058492268223986
1;Tube 8;1502190.0;1502190.0;0.0;219.0;False;G:\Experiments\PTT\Spheroids\14042025\15042025\Analysis\2025-04-15_170352_tube8_cropped_8bits2\15_0219_0_8bits.tiff;G:\Experiments\PTT\Spheroids\14042025\15042025\Analysis\2025-04-15_170352_tube8_segmentationDebug2\15_0219_0_segmented.tiff;2069.0;(71. 71);175.195957899093;0.971361502347417;51.3257500486554;0.847075636476593;0.958719796753972;519.561220561594;0.961025044164089;0.901936555707078;0.921147871474756;1502190.0;0.0;219.0;False;G:\Experiments\PTT\Spheroids\14042025\16042025 before laser\Analysis\2025-04-16_103713_tube8_cropped_8bits2\15_0219_0_8bits.tiff;G:\Experiments\PTT\Spheroids\14042025\16042025 before laser\Analysis\2025-04-16_103713_tube8_segmentationDebug2\15_0219_0_segmented.tiff;2635.0;(74. 73);217.338093876838;0.942754919499105;57.9222427084548;0.701001223366949;0.882072278228531;725.301194167093;0.952064988308178;0.875673116667359;0.908576529322396;;;;;;;;;;;;;;;;;;;;;;;;;;;;;;;;;;;;;
1;Tube 8;1502200.0;;;;;;;;;;;;;;;;;;;;;;;;;;;;;;;;;;;1502200.0;0.0;220.0;False;E:\Experiments\PTT\Spheroids\14042025\16042025 after laser\Analysis\2025-04-16_164654_tube8_cropped_8bits\15_0220_0_8bits.tiff;E:\Experiments\PTT\Spheroids\14042025\16042025 after laser\Analysis\2025-04-16_164654_tube8_segmentationDebug\15_0220_0_segmented.tiff;2630.0;(81. 81);200.9949470758438;0.9711964549483012;57.8672619246278;0.8180791673239737;0.9361326546283808;888.1684295911746;0.949309094888566;0.8761819037538295;0.8800406402740717;47.9;53.872133207665726;Alive;;;;;;;;;;;;;;;;;
1;Tube 8;1602220.0;1602220.0;0.0;222.0;False;G:\Experiments\PTT\Spheroids\14042025\15042025\Analysis\2025-04-15_170352_tube8_cropped_8bits2\16_0222_0_8bits.tiff;G:\Experiments\PTT\Spheroids\14042025\15042025\Analysis\2025-04-15_170352_tube8_segmentationDebug2\16_0222_0_segmented.tiff;1967.5;(76. 76);168.267026185989;0.979586756285785;50.0509620713371;0.87322581500704;0.94383158193783;613.650848098102;0.963325849144719;0.906692570446854;0.912098433739409;1602220.0;0.0;222.0;False;G:\Experiments\PTT\Spheroids\14042025\16042025 before laser\Analysis\2025-04-16_103713_tube8_cropped_8bits2\16_0222_0_8bits.tiff;G:\Experiments\PTT\Spheroids\14042025\16042025 before laser\Analysis\2025-04-16_103713_tube8_segmentationDebug2\16_0222_0_segmented.tiff;2688.5;(74. 73);204.610171198844;0.955741201564166;58.5073030998736;0.806985009435359;0.917202226939353;654.435991910153;0.950365044530697;0.873401873392188;0.918541683159211;;;;;;;;;;;;;;;;;;;;;;;;;;;;;;;;;;;;;
1;Tube 8;1602230.0;;;;;;;;;;;;;;;;;;;;;;;;;;;;;;;;;;;1602230.0;0.0;223.0;False;E:\Experiments\PTT\Spheroids\14042025\16042025 after laser\Analysis\2025-04-16_164654_tube8_cropped_8bits\16_0223_0_8bits.tiff;E:\Experiments\PTT\Spheroids\14042025\16042025 after laser\Analysis\2025-04-16_164654_tube8_segmentationDebug\16_0223_0_segmented.tiff;3709.5;(76. 88);302.55129623413086;0.8635781631940402;68.72468327460729;0.5092455041719608;0.7129015936068299;773.3211052892414;0.920621118926701;0.8247711963858221;0.8992717864433387;44.5;82.34527175620484;Alive;;;;;;;;;;;;;;;;;
1;Tube 8;1704240.0;1704240.0;0.0;424.0;False;G:\Experiments\PTT\Spheroids\14042025\15042025\Analysis\2025-04-15_170352_tube8_cropped_8bits2\17_0424_0_8bits.tiff;G:\Experiments\PTT\Spheroids\14042025\15042025\Analysis\2025-04-15_170352_tube8_segmentationDebug2\17_0424_0_segmented.tiff;1977.5;(73. 52);173.438598394393;0.96793930494371;50.177995174317;0.826104229654219;0.888151498622988;553.436149555715;0.951247548985409;0.889801123048798;0.919884885352872;;;;;;;;;;;;;;;;;;;;;;;;;;;;;;;;;;;;;;;;;;;;;;;;;;;;;;
1;Tube 8;1705240.0;;;;;;;;;;;;;;;;;;;;;;;;;;;;;;;;;;;1705240.0;0.0;524.0;False;E:\Experiments\PTT\Spheroids\14042025\16042025 after laser\Analysis\2025-04-16_164654_tube8_cropped_8bits\17_0524_0_8bits.tiff;E:\Experiments\PTT\Spheroids\14042025\16042025 after laser\Analysis\2025-04-16_164654_tube8_segmentationDebug\17_0524_0_segmented.tiff;3282.0;(72. 89);290.6518021821976;0.8489394723228143;64.64342337640237;0.4882051995232078;0.7516038834375394;679.2717030086742;0.9343656639146224;0.8435868372658311;0.912334161974149;46.25;65.3330191643104;Alive;;;;;;;;;;;;;;;;;
1;Tube 8;1806240.0;;;;;;;;;;;;;;;;;;1806240.0;0.0;624.0;False;G:\Experiments\PTT\Spheroids\14042025\16042025 before laser\Analysis\2025-04-16_103713_tube8_cropped_8bits2\18_0624_0_8bits.tiff;G:\Experiments\PTT\Spheroids\14042025\16042025 before laser\Analysis\2025-04-16_103713_tube8_segmentationDebug2\18_0624_0_segmented.tiff;2463.5;(77. 80);195.781744241714;0.966267895665816;56.0055856005012;0.807640416161659;0.910416321598174;511.751313968899;0.94750215267957;0.883658021624722;0.920409205192969;;;;;;;;;;;;;;;;;;;;;;;;;;;;;;;;;;;;;
1;Tube 8;1807240.0;1807240.0;0.0;724.0;False;G:\Experiments\PTT\Spheroids\14042025\15042025\Analysis\2025-04-15_170352_tube8_cropped_8bits2\18_0724_0_8bits.tiff;G:\Experiments\PTT\Spheroids\14042025\15042025\Analysis\2025-04-15_170352_tube8_segmentationDebug2\18_0724_0_segmented.tiff;1934.5;(73. 73);171.639608740806;0.966766616691654;49.6294458894129;0.825170258447503;0.936115381644897;495.282828509251;0.964128525276601;0.908001094172029;0.933285822477055;;;;;;;;;;;;;;;;;;;;;;;;;;;;;;;;;;;;;;;;;;;;;;;;;;;;;;
1;Tube 8;1808240.0;;;;;;;;;;;;;;;;;;;;;;;;;;;;;;;;;;;1808240.0;0.0;824.0;False;E:\Experiments\PTT\Spheroids\14042025\16042025 after laser\Analysis\2025-04-16_164654_tube8_cropped_8bits\18_0824_0_8bits.tiff;E:\Experiments\PTT\Spheroids\14042025\16042025 after laser\Analysis\2025-04-16_164654_tube8_segmentationDebug\18_0824_0_segmented.tiff;3094.5;(76. 85);294.7523070573807;0.8741525423728813;62.769736108916064;0.4475957198839602;0.7242841458148167;706.2341840916042;0.9355941939977144;0.8520517487420117;0.9034135687759628;49.6;99.59629280552937;Alive;;;;;;;;;;;;;;;;;
1;Tube 8;1909240.0;;;;;;;;;;;;;;;;;;1909240.0;0.0;924.0;False;G:\Experiments\PTT\Spheroids\14042025\16042025 before laser\Analysis\2025-04-16_103713_tube8_cropped_8bits2\19_0924_0_8bits.tiff;G:\Experiments\PTT\Spheroids\14042025\16042025 before laser\Analysis\2025-04-16_103713_tube8_segmentationDebug2\19_0924_0_segmented.tiff;2361.5;(72. 70);191.438598632812;0.959374365224456;54.8338871948003;0.809727335710391;0.905053292063374;623.237722051636;0.948267608357003;0.888162917412291;0.912047117894193;;;;;;;;;;;;;;;;;;;;;;;;;;;;;;;;;;;;;
1;Tube 8;1910240.0;1910240.0;0.0;1024.0;False;G:\Experiments\PTT\Spheroids\14042025\15042025\Analysis\2025-04-15_170352_tube8_cropped_8bits2\19_1024_0_8bits.tiff;G:\Experiments\PTT\Spheroids\14042025\15042025\Analysis\2025-04-15_170352_tube8_segmentationDebug2\19_1024_0_segmented.tiff;1736.0;(79. 75);166.852812170982;0.944504896626768;47.0142940993507;0.783596564719801;0.936572880284884;491.661498232381;0.964386370555187;0.917077471476482;0.911985704870242;;;;;;;;;;;;;;;;;;;;;;;;;;;;;;;;;;;;;;;;;;;;;;;;;;;;;;
1;Tube 8;2012240.0;2012240.0;0.0;1224.0;False;G:\Experiments\PTT\Spheroids\14042025\15042025\Analysis\2025-04-15_170352_tube8_cropped_8bits2\20_1224_0_8bits.tiff;G:\Experiments\PTT\Spheroids\14042025\15042025\Analysis\2025-04-15_170352_tube8_segmentationDebug2\20_1224_0_segmented.tiff;1655.5;(72. 74);156.124890208244;0.977272727272727;45.9113065192993;0.85348276824186;0.907889762157755;509.982143285443;0.963435098441525;0.921004809768077;0.912828911488709;2012240.0;0.0;1224.0;False;G:\Experiments\PTT\Spheroids\14042025\16042025 before laser\Analysis\2025-04-16_103713_tube8_cropped_8bits2\20_1224_0_8bits.tiff;G:\Experiments\PTT\Spheroids\14042025\16042025 before laser\Analysis\2025-04-16_103713_tube8_segmentationDebug2\20_1224_0_segmented.tiff;2084.5;(71. 70);187.781744480133;0.940234551195309;51.517645821606;0.742856666048262;0.947777808807301;576.25673361793;0.955087068960523;0.900635049859736;0.917882708344159;;;;;;;;;;;;;;;;;;;;;;;;;;;;;;;;;;;;;
1;Tube 8;209050.0;209050.0;0.0;905.0;False;G:\Experiments\PTT\Spheroids\14042025\15042025\Analysis\2025-04-15_170352_tube8_cropped_8bits2\2_0905_0_8bits.tiff;G:\Experiments\PTT\Spheroids\14042025\15042025\Analysis\2025-04-15_170352_tube8_segmentationDebug2\2_0905_0_segmented.tiff;2745.5;(77. 79);206.752306818962;0.968772053634439;59.1242688755674;0.807106015823344;0.947924130413747;587.475024766247;0.943570767123899;0.870668246435782;0.912579338234106;209050.0;0.0;905.0;False;G:\Experiments\PTT\Spheroids\14042025\16042025 before laser\Analysis\2025-04-16_103713_tube8_cropped_8bits2\2_0905_0_8bits.tiff;G:\Experiments\PTT\Spheroids\14042025\16042025 before laser\Analysis\2025-04-16_103713_tube8_segmentationDebug2\2_0905_0_segmented.tiff;3545.0;(75. 72);225.823374271392;0.98226655583264;67.1835856894089;0.873551107753852;0.917287451348928;709.646407011581;0.926898996281719;0.834600226724878;0.911459821015546;209050.0;0.0;905.0;False;E:\Experiments\PTT\Spheroids\14042025\16042025 after laser\Analysis\2025-04-16_164654_tube8_cropped_8bits\2_0905_0_8bits.tiff;E:\Experiments\PTT\Spheroids\14042025\16042025 after laser\Analysis\2025-04-16_164654_tube8_segmentationDebug\2_0905_0_segmented.tiff;3699.0;(72. 76);282.79393696784973;0.8849282296650718;68.6273493293699;0.5812380100311045;0.6558589922715448;589.5397004651963;0.9248882226790002;0.8255507592047278;0.8986420633613686;37.0;111.68394596292805;Alive;0.0;0.0;0.0;;;;154.0;;56.97056269645773;-0.09733832616756821;1.4437636399610057;-0.2923130977227475;-0.2614284590773832;-120.10670654638466;-0.0020107736027188405;-0.009049467520150234;-0.012817757654177364
1;Tube 8;312050.0;312050.0;0.0;1205.0;False;G:\Experiments\PTT\Spheroids\14042025\15042025\Analysis\2025-04-15_170352_tube8_cropped_8bits2\3_1205_0_8bits.tiff;G:\Experiments\PTT\Spheroids\14042025\15042025\Analysis\2025-04-15_170352_tube8_segmentationDebug2\3_1205_0_segmented.tiff;2909.5;(75. 73);216.752307653427;0.956757645511344;60.8645254266141;0.778217093399909;0.930379428020064;741.191167151243;0.946042927954052;0.863286759511482;0.912048488216557;312050.0;0.0;1205.0;False;G:\Experiments\PTT\Spheroids\14042025\16042025 before laser\Analysis\2025-04-16_103713_tube8_cropped_8bits2\3_1205_0_8bits.tiff;G:\Experiments\PTT\Spheroids\14042025\16042025 before laser\Analysis\2025-04-16_103713_tube8_segmentationDebug2\3_1205_0_segmented.tiff;3828.0;(77. 74);242.166521072387;0.966300643695569;69.8137592258589;0.820263879099595;0.945300214336807;738.32771911866;0.927091939386925;0.8217169213649;0.913761618185776;312050.0;0.0;1205.0;False;E:\Experiments\PTT\Spheroids\14042025\16042025 after laser\Analysis\2025-04-16_164654_tube8_cropped_8bits\3_1205_0_8bits.tiff;E:\Experiments\PTT\Spheroids\14042025\16042025 after laser\Analysis\2025-04-16_164654_tube8_segmentationDebug\3_1205_0_segmented.tiff;3931.0;(79. 83);327.2792179584503;0.8521569477563408;70.74676423946133;0.4611859312063898;0.7427174885806388;734.1430088274485;0.9235064613711588;0.8138175566795421;0.8809178402656512;37.0;101.92428526547282;Alive;0.0;0.0;0.0;;;;103.0;;85.1126968860633;-0.11414369593922824;0.9330050136024255;-0.3590779478932052;-0.2025827257561682;-4.184710291211445;-0.0035854780157662525;-0.007899364685357901;-0.03284377792012472
1;Tube 8;415040.0;415040.0;0.0;1504.0;False;G:\Experiments\PTT\Spheroids\14042025\15042025\Analysis\2025-04-15_170352_tube8_cropped_8bits2\4_1504_0_8bits.tiff;G:\Experiments\PTT\Spheroids\14042025\15042025\Analysis\2025-04-15_170352_tube8_segmentationDebug2\4_1504_0_segmented.tiff;2919.0;(74. 74);212.651801824569;0.96495867768595;60.9638108313607;0.811158690087045;0.860049111383064;622.74685867528;0.940227207694462;0.862983779487479;0.925379570950972;415040.0;0.0;1504.0;False;G:\Experiments\PTT\Spheroids\14042025\16042025 before laser\Analysis\2025-04-16_103713_tube8_cropped_8bits2\4_1504_0_8bits.tiff;G:\Experiments\PTT\Spheroids\14042025\16042025 before laser\Analysis\2025-04-16_103713_tube8_segmentationDebug2\4_1504_0_segmented.tiff;3485.5;(72. 74);229.580733776092;0.969136660642291;66.6173883695121;0.83100583233024;0.914667584521121;747.120456434398;0.928391910057355;0.837140587456386;0.901143664202606;415040.0;0.0;1504.0;False;E:\Experiments\PTT\Spheroids\14042025\16042025 after laser\Analysis\2025-04-16_164654_tube8_cropped_8bits\4_1504_0_8bits.tiff;E:\Experiments\PTT\Spheroids\14042025\16042025 after laser\Analysis\2025-04-16_164654_tube8_segmentationDebug\4_1504_0_segmented.tiff;3387.5;(73. 66);231.58073389530185;0.9584099589758098;65.67418791116008;0.7937510560187073;0.9056214198688008;677.3897293160285;0.9362558890148313;0.8414511775976595;0.8928489211481766;37.0;105.62519635563933;Alive;0.0;0.0;0.0;;;;-98.0;;2.000000119209858;-0.010726701666481153;-0.9432004583520239;-0.03725477631153262;-0.00904616465232011;-69.73072711836949;0.007863978957476259;0.0043105901412735514;-0.008294743054429454
1;Tube 8;514010.0;514010.0;0.0;1401.0;False;G:\Experiments\PTT\Spheroids\14042025\15042025\Analysis\2025-04-15_170352_tube8_cropped_8bits2\5_1401_0_8bits.tiff;G:\Experiments\PTT\Spheroids\14042025\15042025\Analysis\2025-04-15_170352_tube8_segmentationDebug2\5_1401_0_segmented.tiff;3117.5;(76. 76);233.722868680953;0.939288942452545;63.0025736038764;0.717156451889973;0.814714934177086;566.757890749601;0.939027884126344;0.853483925006079;0.918420896467605;514010.0;0.0;1401.0;False;G:\Experiments\PTT\Spheroids\14042025\16042025 before laser\Analysis\2025-04-16_103713_tube8_cropped_8bits2\5_1401_0_8bits.tiff;G:\Experiments\PTT\Spheroids\14042025\16042025 before laser\Analysis\2025-04-16_103713_tube8_segmentationDebug2\5_1401_0_segmented.tiff;3668.5;(76. 77);237.237588405609;0.970759460174649;68.3438312495059;0.819089551762969;0.910244805456267;594.773787878788;0.925043483255448;0.828705481398566;0.917968122865581;;;;;;;;;;;;;;;;;;;;;;;;;;;;;;;;;;;;;
1;Tube 8;611010.0;611010.0;0.0;1101.0;False;G:\Experiments\PTT\Spheroids\14042025\15042025\Analysis\2025-04-15_170352_tube8_cropped_8bits2\6_1101_0_8bits.tiff;G:\Experiments\PTT\Spheroids\14042025\15042025\Analysis\2025-04-15_170352_tube8_segmentationDebug2\6_1101_0_segmented.tiff;2487.5;(73. 74);190.752306818962;0.978367748279252;56.2777342074884;0.859079500681084;0.910585640718999;555.721261138724;0.95267355640131;0.882841766203245;0.912254327015137;611010.0;0.0;1101.0;False;G:\Experiments\PTT\Spheroids\14042025\16042025 before laser\Analysis\2025-04-16_103713_tube8_cropped_8bits2\6_1101_0_8bits.tiff;G:\Experiments\PTT\Spheroids\14042025\16042025 before laser\Analysis\2025-04-16_103713_tube8_segmentationDebug2\6_1101_0_segmented.tiff;3470.5;(75. 70);239.722868919372;0.953303117703612;66.4738884074294;0.758897251040118;0.933897547778502;632.176228922165;0.929552846624145;0.837659360306881;0.910903930950696;611010.0;0.0;1101.0;False;E:\Experiments\PTT\Spheroids\14042025\16042025 after laser\Analysis\2025-04-16_164654_tube8_cropped_8bits\6_1101_0_8bits.tiff;E:\Experiments\PTT\Spheroids\14042025\16042025 after laser\Analysis\2025-04-16_164654_tube8_segmentationDebug\6_1101_0_segmented.tiff;3289.5;(79. 80);225.722869515419;0.9649457318861836;64.71724254328454;0.8113133635141779;0.8842326923583556;834.9171649507648;0.931513092402804;0.8461220023926816;0.8842186121125802;37.0;88.79202010681746;Alive;0.0;0.0;0.0;;;;-181.0;;-13.999999403952984;0.01164261418257162;-1.7566458641448577;0.05241611247405997;-0.049664855420146425;202.74093602859978;0.0019602457786590533;0.008462642085800609;-0.026685318838115757
1;Tube 8;708010.0;708010.0;0.0;801.0;False;G:\Experiments\PTT\Spheroids\14042025\15042025\Analysis\2025-04-15_170352_tube8_cropped_8bits2\7_0801_0_8bits.tiff;G:\Experiments\PTT\Spheroids\14042025\15042025\Analysis\2025-04-15_170352_tube8_segmentationDebug2\7_0801_0_segmented.tiff;2556.5;(74. 71);196.610171556472;0.972053231939163;57.0529306531701;0.831081656603325;0.915758060514957;600.116810254724;0.953093485164231;0.879613123413226;0.922628788448995;708010.0;0.0;801.0;False;G:\Experiments\PTT\Spheroids\14042025\16042025 before laser\Analysis\2025-04-16_103713_tube8_cropped_8bits2\7_0801_0_8bits.tiff;G:\Experiments\PTT\Spheroids\14042025\16042025 before laser\Analysis\2025-04-16_103713_tube8_segmentationDebug2\7_0801_0_segmented.tiff;3196.0;(76. 81);214.166519999504;0.980819395427343;63.7908581614448;0.875615568867899;0.93082119177364;739.476630072224;0.938919220742197;0.850571596515521;0.911700851394629;708010.0;0.0;801.0;False;E:\Experiments\PTT\Spheroids\14042025\16042025 after laser\Analysis\2025-04-16_164654_tube8_cropped_8bits\7_0801_0_8bits.tiff;E:\Experiments\PTT\Spheroids\14042025\16042025 after laser\Analysis\2025-04-16_164654_tube8_segmentationDebug\7_0801_0_segmented.tiff;3217.0;(74. 81);223.33809328079224;0.9618777096725968;64.00009074534987;0.8104669635910379;0.9451687125413388;845.4596549306405;0.9387458691221816;0.8493858939604545;0.880655243667857;45.7;78.10713163682061;Alive;0.0;0.0;0.0;;;;21.0;;9.171573281288232;-0.018941685754746196;0.20923258390506305;-0.06514860527686117;0.014347520767698851;105.98302485841646;-0.00017335162001541615;-0.001185702555066448;-0.031045607726772007
1;Tube 8;805010.0;;;;;;;;;;;;;;;;;;805010.0;0.0;501.0;False;G:\Experiments\PTT\Spheroids\14042025\16042025 before laser\Analysis\2025-04-16_103713_tube8_cropped_8bits2\8_0501_0_8bits.tiff;G:\Experiments\PTT\Spheroids\14042025\16042025 before laser\Analysis\2025-04-16_103713_tube8_segmentationDebug2\8_0501_0_segmented.tiff;3514.5;(76. 71);267.86500442028;0.893479089869073;66.8939487545153;0.61551898811979;0.847323872716726;642.575451414257;0.927245657589247;0.834800870466203;0.910513505111473;805010.0;0.0;501.0;False;E:\Experiments\PTT\Spheroids\14042025\16042025 after laser\Analysis\2025-04-16_164654_tube8_cropped_8bits\8_0501_0_8bits.tiff;E:\Experiments\PTT\Spheroids\14042025\16042025 after laser\Analysis\2025-04-16_164654_tube8_segmentationDebug\8_0501_0_segmented.tiff;3289.5;(74. 85);227.7228693962097;0.9614204296361244;64.71724254328454;0.7971250547976874;0.9449093773606944;878.4151111470316;0.9399121983169356;0.8461258784584587;0.8738044938422749;48.3;92.28400879673264;Alive;0.0;0.0;0.0;;;;-225.0;;-40.14213502407031;0.06794133976705141;-2.1767062112307656;0.18160606667789736;0.09758550464396831;235.83965973277452;0.01266654072768858;0.011325007992255665;-0.03670901126919812
1;Tube 8;902020.0;902020.0;0.0;202.0;False;G:\Experiments\PTT\Spheroids\14042025\15042025\Analysis\2025-04-15_170352_tube8_cropped_8bits2\9_0202_0_8bits.tiff;G:\Experiments\PTT\Spheroids\14042025\15042025\Analysis\2025-04-15_170352_tube8_segmentationDebug2\9_0202_0_segmented.tiff;2426.0;(78. 67);210.509665966033;0.928612440191387;55.5776855898795;0.687949526888782;0.934212809722344;474.040022040449;0.954597040588326;0.884952582755374;0.921328341678747;902020.0;0.0;202.0;False;G:\Experiments\PTT\Spheroids\14042025\16042025 before laser\Analysis\2025-04-16_103713_tube8_cropped_8bits2\9_0202_0_8bits.tiff;G:\Experiments\PTT\Spheroids\14042025\16042025 before laser\Analysis\2025-04-16_103713_tube8_segmentationDebug2\9_0202_0_segmented.tiff;3135.5;(74. 75);217.580733895301;0.975879240585123;63.1841957495472;0.832292142481466;0.960328552554082;553.003866101641;0.951819298687675;0.853467042552347;0.918393162950687;;;;;;;;;;;;;;;;;;;;;;;;;;;;;;;;;;;;;
1;Tube 8;903010.0;;;;;;;;;;;;;;;;;;;;;;;;;;;;;;;;;;;903010.0;0.0;301.0;False;E:\Experiments\PTT\Spheroids\14042025\16042025 after laser\Analysis\2025-04-16_164654_tube8_cropped_8bits\9_0301_0_8bits.tiff;E:\Experiments\PTT\Spheroids\14042025\16042025 after laser\Analysis\2025-04-16_164654_tube8_segmentationDebug\9_0301_0_segmented.tiff;3273.0;(68. 70);223.8233745098114;0.9683431952662722;64.55472895085369;0.8210034668153852;0.9260014175048354;614.3826352376291;0.9461398017648556;0.8343805619219726;0.8990743216577619;46.6;91.00062833804587;Alive;;;;;;;;;;;;;;;;;
2;Tube 5;1002060.0;1002060.0;0.0;206.0;False;E:\Experiments\PTT\Spheroids\30062025_mcf10\01072025\Analysis\2025-07-01_131646_tube5_cropped_8bits\10_0206_0_8bits.tiff;E:\Experiments\PTT\Spheroids\30062025_mcf10\01072025\Analysis\2025-07-01_131646_tube5_segmentationDebug\10_0206_0_segmented.tiff;1796.5;(67. 86);246.9533174037933;0.7889767237593325;47.826507734902826;0.3701752313259708;0.6880782580505574;822.5691822165873;0.95795268892433;0.9114576419431506;0.8881299481950372;1002060.0;0.0;206.0;False;E:\Experiments\PTT\Spheroids\30062025_mcf10\0207 before lqse\Analysis\2025-07-02_115525_tube5_cropped_8bits\10_0206_0_8bits.tiff;E:\Experiments\PTT\Spheroids\30062025_mcf10\0207 before lqse\Analysis\2025-07-02_115525_tube5_segmentationDebug\10_0206_0_segmented.tiff;1937.5;(64. 77);193.4385985136032;0.9001161440185831;49.66791336390505;0.6506767685624762;0.8524378169559951;654.2840780128399;0.9597958803316532;0.9069713607286444;0.910724141057721;;;;;;;;;;;;;;;;;;;;;;;;;;;;;;;;;;;;;
2;Tube 5;1002070.0;;;;;;;;;;;;;;;;;;;;;;;;;;;;;;;;;;;1002070.0;0.0;207.0;False;E:\Experiments\PTT\Spheroids\30062025_mcf10\0207 aftr laser\Analysis\2025-07-02_171250_tube5_cropped_8bits\10_0207_0_8bits.tiff;E:\Experiments\PTT\Spheroids\30062025_mcf10\0207 aftr laser\Analysis\2025-07-02_171250_tube5_segmentationDebug\10_0207_0_segmented.tiff;1862.0;(75. 79);177.5391036272049;0.9406415761555948;48.69057436811434;0.7423376623696445;0.8445937060509664;1097.966554104311;0.9714929994892096;0.9111148387487528;0.8415968366706267;71.0;2.5876049351310098;Dead;;;;;;;;;;;;;;;;;
2;Tube 5;109050.0;109050.0;0.0;905.0;False;E:\Experiments\PTT\Spheroids\30062025_mcf10\01072025\Analysis\2025-07-01_131646_tube5_cropped_8bits\1_0905_0_8bits.tiff;E:\Experiments\PTT\Spheroids\30062025_mcf10\01072025\Analysis\2025-07-01_131646_tube5_segmentationDebug\1_0905_0_segmented.tiff;2271.5;(75. 82);207.43859827518463;0.9035401750198886;53.77883994533465;0.6633511203203183;0.9514476512631858;710.2254022613613;0.950013672821148;0.8720896111494382;0.9110862308109802;109050.0;0.0;905.0;False;E:\Experiments\PTT\Spheroids\30062025_mcf10\0207 before lqse\Analysis\2025-07-02_115525_tube5_cropped_8bits\1_0905_0_8bits.tiff;E:\Experiments\PTT\Spheroids\30062025_mcf10\0207 before lqse\Analysis\2025-07-02_115525_tube5_segmentationDebug\1_0905_0_segmented.tiff;2286.5;(71. 73);193.92388021945956;0.9372822299651568;53.956113824449496;0.7640442030766053;0.8461671305681543;760.6369750081142;0.9566646208776832;0.8914912571707247;0.9180909006063512;;;;;;;;;;;;;;;;;;;;;;;;;;;;;;;;;;;;;
2;Tube 5;1102090.0;1102090.0;0.0;209.0;False;E:\Experiments\PTT\Spheroids\30062025_mcf10\01072025\Analysis\2025-07-01_131646_tube5_cropped_8bits\11_0209_0_8bits.tiff;E:\Experiments\PTT\Spheroids\30062025_mcf10\01072025\Analysis\2025-07-01_131646_tube5_segmentationDebug\11_0209_0_segmented.tiff;1578.0;(73. 70);173.0538226366043;0.9113485417268264;44.82378834494121;0.6621470810820359;0.8170984180058565;643.7678338369903;0.9675645565575294;0.9239944671454622;0.9246103426105888;1102090.0;0.0;209.0;False;E:\Experiments\PTT\Spheroids\30062025_mcf10\0207 before lqse\Analysis\2025-07-02_115525_tube5_cropped_8bits\11_0209_0_8bits.tiff;E:\Experiments\PTT\Spheroids\30062025_mcf10\0207 before lqse\Analysis\2025-07-02_115525_tube5_segmentationDebug\11_0209_0_segmented.tiff;1554.0;(79. 80);150.225395321846;0.9785894206549118;44.48161701780234;0.8653148709744936;0.8569028886509326;728.4119668487292;0.9670790083518584;0.925687975404;0.9094338417076576;1102090.0;0.0;209.0;False;E:\Experiments\PTT\Spheroids\30062025_mcf10\0207 aftr laser\Analysis\2025-07-02_171250_tube5_cropped_8bits\11_0209_0_8bits.tiff;E:\Experiments\PTT\Spheroids\30062025_mcf10\0207 aftr laser\Analysis\2025-07-02_171250_tube5_segmentationDebug\11_0209_0_segmented.tiff;1884.5;(75. 66);180.95331728458405;0.9361649279682066;48.98387410213094;0.7232241297466658;0.8815193420035962;525.1628542622043;0.9737094329350152;0.9102720298821712;0.9304868896724996;56.0;44.14430170440092;Dead;0.0;0.0;0.0;;;;330.5;;30.727921962738037;-0.04242449268670523;4.502257084328598;-0.14209074122782772;0.024616453352663603;-203.24911258652492;0.006630424583156769;-0.0154159455218289;0.021053047964841975
2;Tube 5;1202110.0;;;;;;;;;;;;;;;;;;1202110.0;0.0;211.0;False;E:\Experiments\PTT\Spheroids\30062025_mcf10\0207 before lqse\Analysis\2025-07-02_115525_tube5_cropped_8bits\12_0211_0_8bits.tiff;E:\Experiments\PTT\Spheroids\30062025_mcf10\0207 before lqse\Analysis\2025-07-02_115525_tube5_segmentationDebug\12_0211_0_segmented.tiff;1633.0;(72. 69);191.3969684839249;0.8860553445469344;45.59824751624256;0.5601778588647613;0.8092629166200309;610.1322417455428;0.9678496734032463;0.9207564921598714;0.9197700566226936;;;;;;;;;;;;;;;;;;;;;;;;;;;;;;;;;;;;;
2;Tube 5;1202120.0;1202120.0;0.0;212.0;False;E:\Experiments\PTT\Spheroids\30062025_mcf10\01072025\Analysis\2025-07-01_131646_tube5_cropped_8bits\12_0212_0_8bits.tiff;E:\Experiments\PTT\Spheroids\30062025_mcf10\01072025\Analysis\2025-07-01_131646_tube5_segmentationDebug\12_0212_0_segmented.tiff;1117.0;(77. 76);146.22539567947388;0.8854538248117321;37.71218067772237;0.6564738433949336;0.9196526952491164;703.8377142232296;0.9777172989443026;0.9452878585512594;0.8977343698970253;;;;;;;;;;;;;;;;;;1202120.0;0.0;212.0;False;E:\Experiments\PTT\Spheroids\30062025_mcf10\0207 aftr laser\Analysis\2025-07-02_171250_tube5_cropped_8bits\12_0212_0_8bits.tiff;E:\Experiments\PTT\Spheroids\30062025_mcf10\0207 aftr laser\Analysis\2025-07-02_171250_tube5_segmentationDebug\12_0212_0_segmented.tiff;1423.0;(72. 72);181.39696872234344;0.8520958083832335;42.56547746893175;0.5434438937603252;0.8066199007914671;1025.7349342713828;0.9734338426631186;0.9304907696931888;0.8807185519854515;75.0;3.0025756804884254;Dead;;;;;;;;;;;;;;;;;
2;Tube 5;1302140.0;1302140.0;0.0;214.0;False;E:\Experiments\PTT\Spheroids\30062025_mcf10\01072025\Analysis\2025-07-01_131646_tube5_cropped_8bits\13_0214_0_8bits.tiff;E:\Experiments\PTT\Spheroids\30062025_mcf10\01072025\Analysis\2025-07-01_131646_tube5_segmentationDebug\13_0214_0_segmented.tiff;1779.0;(81. 76);173.88224959373474;0.9405233941316417;47.59299475851309;0.7393929607951751;0.8711711212478056;615.6805043646943;0.9694473999888924;0.9149682991634152;0.9287927666846378;1302140.0;0.0;214.0;False;E:\Experiments\PTT\Spheroids\30062025_mcf10\0207 before lqse\Analysis\2025-07-02_115525_tube5_cropped_8bits\13_0214_0_8bits.tiff;E:\Experiments\PTT\Spheroids\30062025_mcf10\0207 before lqse\Analysis\2025-07-02_115525_tube5_segmentationDebug\13_0214_0_segmented.tiff;1812.0;(65. 70);209.88224947452545;0.8461358860611721;48.03238548167387;0.5169120268595865;0.8319302101547965;748.1804831182151;0.9577340431976974;0.911806495637446;0.88999316744947;1302140.0;0.0;214.0;False;E:\Experiments\PTT\Spheroids\30062025_mcf10\0207 aftr laser\Analysis\2025-07-02_171250_tube5_cropped_8bits\13_0214_0_8bits.tiff;E:\Experiments\PTT\Spheroids\30062025_mcf10\0207 aftr laser\Analysis\2025-07-02_171250_tube5_segmentationDebug\13_0214_0_segmented.tiff;1867.0;(75. 83);200.02438497543332;0.8589832068092937;48.75590456570926;0.586392348078074;0.952137594368706;771.2174491254873;0.9672796305674316;0.9101752221869174;0.910316246195714;66.0;17.206976596285934;Dead;0.0;0.0;0.0;;;;55.0;;-9.857864499092159;0.012847320748121671;0.723519084035388;0.06948032121848757;0.12020738421390953;23.036966007272213;0.00954558736973421;-0.001631273450528603;0.02032307874624406
2;Tube 5;1402170.0;1402170.0;0.0;217.0;False;E:\Experiments\PTT\Spheroids\30062025_mcf10\01072025\Analysis\2025-07-01_131646_tube5_cropped_8bits\14_0217_0_8bits.tiff;E:\Experiments\PTT\Spheroids\30062025_mcf10\01072025\Analysis\2025-07-01_131646_tube5_segmentationDebug\14_0217_0_segmented.tiff;1341.0;(73. 75);153.74011433124542;0.921332875300584;41.32086917635994;0.712958485817465;0.8974054627052067;658.408365974185;0.9710606723231108;0.9348222373519752;0.9102952129994284;1402170.0;0.0;217.0;False;E:\Experiments\PTT\Spheroids\30062025_mcf10\0207 before lqse\Analysis\2025-07-02_115525_tube5_cropped_8bits\14_0217_0_8bits.tiff;E:\Experiments\PTT\Spheroids\30062025_mcf10\0207 before lqse\Analysis\2025-07-02_115525_tube5_segmentationDebug\14_0217_0_segmented.tiff;1649.5;(60. 70);172.6101711988449;0.9158800666296502;45.82803322247913;0.6957118765665536;0.864481981500539;663.7272996357012;0.9700823259519648;0.920829196279271;0.9216576648442372;1402170.0;0.0;217.0;False;E:\Experiments\PTT\Spheroids\30062025_mcf10\0207 aftr laser\Analysis\2025-07-02_171250_tube5_cropped_8bits\14_0217_0_8bits.tiff;E:\Experiments\PTT\Spheroids\30062025_mcf10\0207 aftr laser\Analysis\2025-07-02_171250_tube5_segmentationDebug\14_0217_0_segmented.tiff;1657.5;(74. 76);175.43859791755676;0.9177740863787376;45.939030740738666;0.6767263784356572;0.7855850067740137;918.3049431473972;0.9717219391215444;0.9201662774787988;0.8398162742637502;63.0;3.00496056982956;Dead;0.0;0.0;0.0;;;;8.0;;2.828426718711853;0.0018940197490874278;0.11099751825953774;-0.01898549813089645;-0.07889697472652535;254.577643511696;0.0016396131695796123;-0.0006629188004722009;-0.081841390580487
2;Tube 5;1502200.0;1502200.0;0.0;220.0;False;E:\Experiments\PTT\Spheroids\30062025_mcf10\01072025\Analysis\2025-07-01_131646_tube5_cropped_8bits\15_0220_0_8bits.tiff;E:\Experiments\PTT\Spheroids\30062025_mcf10\01072025\Analysis\2025-07-01_131646_tube5_segmentationDebug\15_0220_0_segmented.tiff;1312.5;(75. 76);157.98275482654572;0.9054846498792688;40.8794190573313;0.6608300918025227;0.9094292948839838;719.4345238095236;0.971459607304234;0.936025825953132;0.9075589106229964;1502200.0;0.0;220.0;False;E:\Experiments\PTT\Spheroids\30062025_mcf10\0207 before lqse\Analysis\2025-07-02_115525_tube5_cropped_8bits\15_0220_0_8bits.tiff;E:\Experiments\PTT\Spheroids\30062025_mcf10\0207 before lqse\Analysis\2025-07-02_115525_tube5_segmentationDebug\15_0220_0_segmented.tiff;1569.5;(73. 80);169.7817440032959;0.9074877132119108;44.70290220401622;0.684209662958648;0.9185173790778736;765.4906757936103;0.962446636797298;0.9243548417351068;0.8919435947176005;;;;;;;;;;;;;;;;;;;;;;;;;;;;;;;;;;;;;
2;Tube 5;1502210.0;;;;;;;;;;;;;;;;;;;;;;;;;;;;;;;;;;;1502210.0;0.0;221.0;False;E:\Experiments\PTT\Spheroids\30062025_mcf10\0207 aftr laser\Analysis\2025-07-02_171250_tube5_cropped_8bits\15_0221_0_8bits.tiff;E:\Experiments\PTT\Spheroids\30062025_mcf10\0207 aftr laser\Analysis\2025-07-02_171250_tube5_segmentationDebug\15_0221_0_segmented.tiff;1607.0;(69. 75);159.19595777988434;0.9520142180094788;45.23379210711176;0.7968226460968709;0.9145245378282716;834.1628039028529;0.9675474038464958;0.9229717061295278;0.8587783569290173;62.0;20.438501653523275;Dead;;;;;;;;;;;;;;;;;
2;Tube 5;1602220.0;;;;;;;;;;;;;;;;;;1602220.0;0.0;222.0;False;E:\Experiments\PTT\Spheroids\30062025_mcf10\0207 before lqse\Analysis\2025-07-02_115525_tube5_cropped_8bits\16_0222_0_8bits.tiff;E:\Experiments\PTT\Spheroids\30062025_mcf10\0207 before lqse\Analysis\2025-07-02_115525_tube5_segmentationDebug\16_0222_0_segmented.tiff;1671.0;(73. 72);171.53910386562347;0.9298831385642736;46.12573337360022;0.7136085420526026;0.9316343166235612;785.8137191838202;0.9640231869633682;0.9195583059499434;0.8881142471973948;;;;;;;;;;;;;;;;;;;;;;;;;;;;;;;;;;;;;
2;Tube 5;1602230.0;1602230.0;0.0;223.0;False;E:\Experiments\PTT\Spheroids\30062025_mcf10\01072025\Analysis\2025-07-01_131646_tube5_cropped_8bits\16_0223_0_8bits.tiff;E:\Experiments\PTT\Spheroids\30062025_mcf10\01072025\Analysis\2025-07-01_131646_tube5_segmentationDebug\16_0223_0_segmented.tiff;1552.0;(76. 74);172.22539567947388;0.8997101449275362;44.45298385293132;0.6575173219184587;0.7004569426947994;770.1040987514084;0.9639224551355736;0.9246187194657316;0.8958560848820885;;;;;;;;;;;;;;;;;;1602230.0;0.0;223.0;False;E:\Experiments\PTT\Spheroids\30062025_mcf10\0207 aftr laser\Analysis\2025-07-02_171250_tube5_cropped_8bits\16_0223_0_8bits.tiff;E:\Experiments\PTT\Spheroids\30062025_mcf10\0207 aftr laser\Analysis\2025-07-02_171250_tube5_segmentationDebug\16_0223_0_segmented.tiff;1585.5;(68. 64);163.63960909843445;0.9274641708101784;44.930182485469615;0.7440450703254918;0.9366563291258244;1231.9625699437906;0.9702480489364332;0.9239570586868276;0.8250369567408748;70.0;3.034771686593742;Dead;;;;;;;;;;;;;;;;;
2;Tube 5;1704240.0;1704240.0;0.0;424.0;False;E:\Experiments\PTT\Spheroids\30062025_mcf10\01072025\Analysis\2025-07-01_131646_tube5_cropped_8bits\17_0424_0_8bits.tiff;E:\Experiments\PTT\Spheroids\30062025_mcf10\01072025\Analysis\2025-07-01_131646_tube5_segmentationDebug\17_0424_0_segmented.tiff;1939.5;(78. 72);209.7817440032959;0.8423452768729641;49.69354180387878;0.5538144267459442;0.8280593332016022;630.2551720915558;0.9575668208855604;0.906253499917566;0.9114108391921064;1704240.0;0.0;424.0;False;E:\Experiments\PTT\Spheroids\30062025_mcf10\0207 before lqse\Analysis\2025-07-02_115525_tube5_cropped_8bits\17_0424_0_8bits.tiff;E:\Experiments\PTT\Spheroids\30062025_mcf10\0207 before lqse\Analysis\2025-07-02_115525_tube5_segmentationDebug\17_0424_0_segmented.tiff;1831.0;(72. 78);180.8528121709824;0.9143570536828964;48.2835542023377;0.7034733927483371;0.8817531191540424;791.9682912575972;0.9612373310479236;0.912271463138822;0.9082019025825452;;;;;;;;;;;;;;;;;;;;;;;;;;;;;;;;;;;;;
2;Tube 5;1807240.0;1807240.0;0.0;724.0;False;E:\Experiments\PTT\Spheroids\30062025_mcf10\01072025\Analysis\2025-07-01_131646_tube5_cropped_8bits\18_0724_0_8bits.tiff;E:\Experiments\PTT\Spheroids\30062025_mcf10\01072025\Analysis\2025-07-01_131646_tube5_segmentationDebug\18_0724_0_segmented.tiff;1352.0;(76. 76);148.56854140758514;0.9428172942817294;41.489997161749;0.7697201155246141;0.8955310103246439;705.695494579946;0.9674876718679026;0.9347488242158832;0.9063524156580522;1807240.0;0.0;724.0;False;E:\Experiments\PTT\Spheroids\30062025_mcf10\0207 before lqse\Analysis\2025-07-02_115525_tube5_cropped_8bits\18_0724_0_8bits.tiff;E:\Experiments\PTT\Spheroids\30062025_mcf10\0207 before lqse\Analysis\2025-07-02_115525_tube5_segmentationDebug\18_0724_0_segmented.tiff;1595.0;(74. 67);167.88224983215332;0.9211666185388392;45.06458780298101;0.7111496327209459;0.8523782896723182;727.9094920309913;0.9620785337618178;0.9231853014976792;0.9006285777351831;;;;;;;;;;;;;;;;;;;;;;;;;;;;;;;;;;;;;
2;Tube 5;1910240.0;1910240.0;0.0;1024.0;False;E:\Experiments\PTT\Spheroids\30062025_mcf10\01072025\Analysis\2025-07-01_131646_tube5_cropped_8bits\19_1024_0_8bits.tiff;E:\Experiments\PTT\Spheroids\30062025_mcf10\01072025\Analysis\2025-07-01_131646_tube5_segmentationDebug\19_1024_0_segmented.tiff;1333.5;(75. 69);180.12489092350006;0.8758620689655172;41.20515663001828;0.516482275829209;0.8869735207879698;758.156191507331;0.9722478472466936;0.934471711555578;0.9096424109579512;1910240.0;0.0;1024.0;False;E:\Experiments\PTT\Spheroids\30062025_mcf10\0207 before lqse\Analysis\2025-07-02_115525_tube5_cropped_8bits\19_1024_0_8bits.tiff;E:\Experiments\PTT\Spheroids\30062025_mcf10\0207 before lqse\Analysis\2025-07-02_115525_tube5_segmentationDebug\19_1024_0_segmented.tiff;1715.5;(76. 57);180.1248903274536;0.9059941906522312;46.73587956798472;0.6644359580418849;0.8582582735907078;589.1650816320443;0.9590633548576184;0.9126994802561602;0.9056938218457772;;;;;;;;;;;;;;;;;;;;;;;;;;;;;;;;;;;;;
2;Tube 5;2012240.0;;;;;;;;;;;;;;;;;;2012240.0;0.0;1224.0;False;E:\Experiments\PTT\Spheroids\30062025_mcf10\0207 before lqse\Analysis\2025-07-02_115525_tube5_cropped_8bits\20_1224_0_8bits.tiff;E:\Experiments\PTT\Spheroids\30062025_mcf10\0207 before lqse\Analysis\2025-07-02_115525_tube5_segmentationDebug\20_1224_0_segmented.tiff;1574.0;(65. 78);166.225395321846;0.9272459499263624;44.76694141230944;0.7158463964804941;0.9093804519640176;358.71996877283914;0.9645583387624;0.9240170155955356;0.9055287404895318;2012240.0;0.0;1224.0;False;E:\Experiments\PTT\Spheroids\30062025_mcf10\0207 aftr laser\Analysis\2025-07-02_171250_tube5_cropped_8bits\19_1224_0_8bits.tiff;E:\Experiments\PTT\Spheroids\30062025_mcf10\0207 aftr laser\Analysis\2025-07-02_171250_tube5_segmentationDebug\19_1224_0_segmented.tiff;1641.0;(77. 71);224.71067678928372;0.8217325988983475;45.7098030285671;0.4083861730858347;0.8633807972598497;1086.130483602086;0.9630604374605478;0.919220832785655;0.8817953276768883;55.0;14.98902950903078;Dead;0.0;0.0;0.0;;;;67.0;;58.48528146743766;-0.10551335102801496;0.9428616162576589;-0.3074602233946594;-0.04599965470416789;727.410514829247;-0.0014979013018522336;-0.004796182809880589;-0.023733412812643517
2;Tube 5;212050.0;212050.0;0.0;1205.0;False;E:\Experiments\PTT\Spheroids\30062025_mcf10\01072025\Analysis\2025-07-01_131646_tube5_cropped_8bits\2_1205_0_8bits.tiff;E:\Experiments\PTT\Spheroids\30062025_mcf10\01072025\Analysis\2025-07-01_131646_tube5_segmentationDebug\2_1205_0_segmented.tiff;1819.0;(75. 77);182.2253955602646;0.9309109518935516;48.12507383758763;0.6883744774589657;0.9086150086413876;648.7690445982219;0.9622324162560776;0.912419769565126;0.9127766901496462;212050.0;0.0;1205.0;False;E:\Experiments\PTT\Spheroids\30062025_mcf10\0207 before lqse\Analysis\2025-07-02_115525_tube5_cropped_8bits\2_1205_0_8bits.tiff;E:\Experiments\PTT\Spheroids\30062025_mcf10\0207 before lqse\Analysis\2025-07-02_115525_tube5_segmentationDebug\2_1205_0_segmented.tiff;2148.0;(73. 74);181.6812391281128;0.9612888789438352;52.296448656587856;0.8177564429446412;0.930058522855408;535.166021409123;0.9603042165695336;0.8982246808211519;0.9345861571033874;;;;;;;;;;;;;;;;;;;;;;;;;;;;;;;;;;;;;
2;Tube 5;213050.0;;;;;;;;;;;;;;;;;;;;;;;;;;;;;;;;;;;213050.0;0.0;1305.0;False;E:\Experiments\PTT\Spheroids\30062025_mcf10\0207 aftr laser\Analysis\2025-07-02_171250_tube5_cropped_8bits\2_1305_0_8bits.tiff;E:\Experiments\PTT\Spheroids\30062025_mcf10\0207 aftr laser\Analysis\2025-07-02_171250_tube5_segmentationDebug\2_1305_0_segmented.tiff;2014.0;(77. 64);180.85281205177307;0.9502241094597782;50.63896171029396;0.7737823128688776;0.9375274846479376;526.689626235024;0.9588908518523492;0.9040431066666398;0.9166350894283418;37.0;85.90371406766727;Alive;;;;;;;;;;;;;;;;;
2;Tube 5;315040.0;315040.0;0.0;1504.0;False;E:\Experiments\PTT\Spheroids\30062025_mcf10\01072025\Analysis\2025-07-01_131646_tube5_cropped_8bits\3_1504_0_8bits.tiff;E:\Experiments\PTT\Spheroids\30062025_mcf10\01072025\Analysis\2025-07-01_131646_tube5_segmentationDebug\3_1504_0_segmented.tiff;2197.0;(75. 87);190.0243847370148;0.9463708808959724;52.88957628666685;0.7645770377097183;0.8703405069228407;685.7909926470588;0.9513337865860684;0.8958115699421639;0.9107308105609868;315040.0;0.0;1504.0;False;E:\Experiments\PTT\Spheroids\30062025_mcf10\0207 before lqse\Analysis\2025-07-02_115525_tube5_cropped_8bits\3_1504_0_8bits.tiff;E:\Experiments\PTT\Spheroids\30062025_mcf10\0207 before lqse\Analysis\2025-07-02_115525_tube5_segmentationDebug\3_1504_0_segmented.tiff;2213.5;(73. 79);220.6101715564728;0.8764601069095229;53.08781152271473;0.5715290707624358;0.8943066878777337;641.4865787724384;0.951315771924506;0.8939145067644113;0.9041319762964948;315040.0;0.0;1504.0;False;E:\Experiments\PTT\Spheroids\30062025_mcf10\0207 aftr laser\Analysis\2025-07-02_171250_tube5_cropped_8bits\3_1504_0_8bits.tiff;E:\Experiments\PTT\Spheroids\30062025_mcf10\0207 aftr laser\Analysis\2025-07-02_171250_tube5_segmentationDebug\3_1504_0_segmented.tiff;2186.0;(72. 75);179.19595789909363;0.976328718177758;52.75700564655907;0.8554676742737914;0.9214337592949768;391.16856112293726;0.955490602412671;0.8965903456466341;0.927478044934248;37.0;74.90937420503688;Alive;0.0;0.0;0.0;;;;-27.5;;-41.41421365737918;0.0998686112682351;-0.33080587615565804;0.2839386035113557;0.02712707141724313;-250.31801764950114;0.004174830488165027;0.0026758388822227808;0.023346068637753237
2;Tube 5;414010.0;414010.0;0.0;1401.0;False;E:\Experiments\PTT\Spheroids\30062025_mcf10\01072025\Analysis\2025-07-01_131646_tube5_cropped_8bits\4_1401_0_8bits.tiff;E:\Experiments\PTT\Spheroids\30062025_mcf10\01072025\Analysis\2025-07-01_131646_tube5_segmentationDebug\4_1401_0_segmented.tiff;2213.5;(67. 81);233.72286915779117;0.8471106008419441;53.08781152271473;0.5091983319266024;0.6015369249271285;691.6626568112331;0.9490005526957936;0.8935278677288917;0.9020979032471472;414010.0;0.0;1401.0;False;E:\Experiments\PTT\Spheroids\30062025_mcf10\0207 before lqse\Analysis\2025-07-02_115525_tube5_cropped_8bits\4_1401_0_8bits.tiff;E:\Experiments\PTT\Spheroids\30062025_mcf10\0207 before lqse\Analysis\2025-07-02_115525_tube5_segmentationDebug\4_1401_0_segmented.tiff;2081.0;(78. 68);176.2253954410553;0.9710685954269715;51.474377049109336;0.842063720657365;0.8865220283251922;594.8706415792979;0.9563546241859704;0.9011117207251458;0.9167727381803464;414010.0;0.0;1401.0;False;E:\Experiments\PTT\Spheroids\30062025_mcf10\0207 aftr laser\Analysis\2025-07-02_171250_tube5_cropped_8bits\4_1401_0_8bits.tiff;E:\Experiments\PTT\Spheroids\30062025_mcf10\0207 aftr laser\Analysis\2025-07-02_171250_tube5_segmentationDebug\4_1401_0_segmented.tiff;2046.0;(75. 82);175.1959581375122;0.9689793985318494;51.039671908508026;0.837659133646217;0.9119452570369788;545.0432928633818;0.9595751405084212;0.9029979418832071;0.913020710974954;37.0;77.0080768252353;Alive;0.0;0.0;0.0;;;;-35.0;;-1.0294373035430908;-0.002089196895122103;-0.4347051406013094;-0.004404587011147987;0.025423228711786594;-49.82734871591606;0.003220516322450795;0.001886221158061363;-0.003752027205392472
2;Tube 5;511010.0;;;;;;;;;;;;;;;;;;;;;;;;;;;;;;;;;;;511010.0;0.0;1101.0;False;E:\Experiments\PTT\Spheroids\30062025_mcf10\0207 aftr laser\Analysis\2025-07-02_171250_tube5_cropped_8bits\5_1101_0_8bits.tiff;E:\Experiments\PTT\Spheroids\30062025_mcf10\0207 aftr laser\Analysis\2025-07-02_171250_tube5_segmentationDebug\5_1101_0_segmented.tiff;2163.0;(72. 75);182.85281205177307;0.960692871419054;52.47873031297687;0.8129486162715852;0.9347931090339144;672.356901568377;0.9516904536190104;0.897488258051625;0.9086305278106622;37.0;98.90136097685068;Alive;;;;;;;;;;;;;;;;;
2;Tube 5;512010.0;512010.0;0.0;1201.0;False;E:\Experiments\PTT\Spheroids\30062025_mcf10\01072025\Analysis\2025-07-01_131646_tube5_cropped_8bits\5_1201_0_8bits.tiff;E:\Experiments\PTT\Spheroids\30062025_mcf10\01072025\Analysis\2025-07-01_131646_tube5_segmentationDebug\5_1201_0_segmented.tiff;2386.5;(77. 73);230.26702547073364;0.8855287569573284;55.12337229805943;0.5655979164389189;0.9265398533905214;477.1234864470055;0.9603906277169756;0.8858371100564727;0.9276303874092168;512010.0;0.0;1201.0;False;E:\Experiments\PTT\Spheroids\30062025_mcf10\0207 before lqse\Analysis\2025-07-02_115525_tube5_cropped_8bits\5_1201_0_8bits.tiff;E:\Experiments\PTT\Spheroids\30062025_mcf10\0207 before lqse\Analysis\2025-07-02_115525_tube5_segmentationDebug\5_1201_0_segmented.tiff;2398.5;(85. 76);202.6101715564728;0.9433628318584072;55.26178650792325;0.7342215009876731;0.8673808392507114;627.568407945331;0.9663924019957338;0.8865294424902335;0.9351646860555496;;;;;;;;;;;;;;;;;;;;;;;;;;;;;;;;;;;;;
2;Tube 5;608010.0;;;;;;;;;;;;;;;;;;;;;;;;;;;;;;;;;;;608010.0;0.0;801.0;False;E:\Experiments\PTT\Spheroids\30062025_mcf10\0207 aftr laser\Analysis\2025-07-02_171250_tube5_cropped_8bits\6_0801_0_8bits.tiff;E:\Experiments\PTT\Spheroids\30062025_mcf10\0207 aftr laser\Analysis\2025-07-02_171250_tube5_segmentationDebug\6_0801_0_segmented.tiff;2022.5;(74. 74);217.92388021945956;0.8376475460757921;50.74570897353654;0.5351662883067961;0.7152550297157728;613.3159674901913;0.9556594536868988;0.9028740678584156;0.9110539166007796;37.0;105.81754006614094;Alive;;;;;;;;;;;;;;;;;
2;Tube 5;609010.0;609010.0;0.0;901.0;False;E:\Experiments\PTT\Spheroids\30062025_mcf10\01072025\Analysis\2025-07-01_131646_tube5_cropped_8bits\6_0901_0_8bits.tiff;E:\Experiments\PTT\Spheroids\30062025_mcf10\01072025\Analysis\2025-07-01_131646_tube5_segmentationDebug\6_0901_0_segmented.tiff;2374.0;(58. 75);256.5096663236618;0.8138498457319163;54.97882027836971;0.453401661397295;0.8145964326727523;690.7671397192591;0.9481968736367008;0.8857227128235061;0.9226406131928055;609010.0;0.0;901.0;False;E:\Experiments\PTT\Spheroids\30062025_mcf10\0207 before lqse\Analysis\2025-07-02_115525_tube5_cropped_8bits\6_0901_0_8bits.tiff;E:\Experiments\PTT\Spheroids\30062025_mcf10\0207 before lqse\Analysis\2025-07-02_115525_tube5_segmentationDebug\6_0901_0_segmented.tiff;2480.0;(65. 71);242.85281205177307;0.8741628480789566;56.19282935520513;0.5284151633204466;0.8638974518585373;766.0159306571347;0.9475251641820304;0.8811776158420508;0.908426498369742;;;;;;;;;;;;;;;;;;;;;;;;;;;;;;;;;;;;;
2;Tube 5;705010.0;;;;;;;;;;;;;;;;;;;;;;;;;;;;;;;;;;;705010.0;0.0;501.0;False;E:\Experiments\PTT\Spheroids\30062025_mcf10\0207 aftr laser\Analysis\2025-07-02_171250_tube5_cropped_8bits\7_0501_0_8bits.tiff;E:\Experiments\PTT\Spheroids\30062025_mcf10\0207 aftr laser\Analysis\2025-07-02_171250_tube5_segmentationDebug\7_0501_0_segmented.tiff;2126.0;(75. 77);194.8528124094009;0.9257565861092968;52.02794702952401;0.7036549822954075;0.8173134310864952;988.1704028105494;0.9554019279698251;0.8986729903319071;0.8709531350982914;56.0;42.21254133808191;Dead;;;;;;;;;;;;;;;;;
2;Tube 5;706010.0;706010.0;0.0;601.0;False;E:\Experiments\PTT\Spheroids\30062025_mcf10\01072025\Analysis\2025-07-01_131646_tube5_cropped_8bits\7_0601_0_8bits.tiff;E:\Experiments\PTT\Spheroids\30062025_mcf10\01072025\Analysis\2025-07-01_131646_tube5_segmentationDebug\7_0601_0_segmented.tiff;1998.5;(71. 80);178.95331716537476;0.9455878873905844;50.44372339700176;0.7842138541980045;0.9754037665566349;589.262046417278;0.9534978247152996;0.9048701317909736;0.9219457803887264;706010.0;0.0;601.0;False;E:\Experiments\PTT\Spheroids\30062025_mcf10\0207 before lqse\Analysis\2025-07-02_115525_tube5_cropped_8bits\7_0601_0_8bits.tiff;E:\Experiments\PTT\Spheroids\30062025_mcf10\0207 before lqse\Analysis\2025-07-02_115525_tube5_segmentationDebug\7_0601_0_segmented.tiff;2176.5;(71. 82);193.2964632511139;0.9295323510570148;52.64224414969485;0.7320162463751776;0.8212678283453723;731.4732376992595;0.9513312474728476;0.8963958164862901;0.9124961610125828;;;;;;;;;;;;;;;;;;;;;;;;;;;;;;;;;;;;;
2;Tube 5;802020.0;;;;;;;;;;;;;;;;;;;;;;;;;;;;;;;;;;;802020.0;0.0;202.0;False;E:\Experiments\PTT\Spheroids\30062025_mcf10\0207 aftr laser\Analysis\2025-07-02_171250_tube5_cropped_8bits\8_0202_0_8bits.tiff;E:\Experiments\PTT\Spheroids\30062025_mcf10\0207 aftr laser\Analysis\2025-07-02_171250_tube5_segmentationDebug\8_0202_0_segmented.tiff;1866.0;(68. 73);208.99494791030884;0.8640889094697847;48.74284553117322;0.536846254673228;0.7647407633628296;947.7748855273352;0.9653112367613752;0.9103068201843072;0.8572177643517607;60.0;1.5883363011956244;Dead;;;;;;;;;;;;;;;;;
2;Tube 5;803010.0;803010.0;0.0;301.0;False;E:\Experiments\PTT\Spheroids\30062025_mcf10\01072025\Analysis\2025-07-01_131646_tube5_cropped_8bits\8_0301_0_8bits.tiff;E:\Experiments\PTT\Spheroids\30062025_mcf10\01072025\Analysis\2025-07-01_131646_tube5_segmentationDebug\8_0301_0_segmented.tiff;1594.5;(84. 77);166.81118202209473;0.9319111630625364;45.057523834318914;0.7200855036600473;0.8514335110192465;787.5107556967132;0.9642360169048316;0.9232052106694708;0.9111222945266184;803010.0;0.0;301.0;False;E:\Experiments\PTT\Spheroids\30062025_mcf10\0207 before lqse\Analysis\2025-07-02_115525_tube5_cropped_8bits\8_0301_0_8bits.tiff;E:\Experiments\PTT\Spheroids\30062025_mcf10\0207 before lqse\Analysis\2025-07-02_115525_tube5_segmentationDebug\8_0301_0_segmented.tiff;1816.5;(72. 74);185.78174436092377;0.919048823678219;48.09199136042739;0.6613619325345345;0.8465632701342524;755.9878889086497;0.9587775483758716;0.9124457425829032;0.8952875583512175;;;;;;;;;;;;;;;;;;;;;;;;;;;;;;;;;;;;;
2;Tube 5;902030.0;;;;;;;;;;;;;;;;;;902030.0;0.0;203.0;False;E:\Experiments\PTT\Spheroids\30062025_mcf10\0207 before lqse\Analysis\2025-07-02_115525_tube5_cropped_8bits\9_0203_0_8bits.tiff;E:\Experiments\PTT\Spheroids\30062025_mcf10\0207 before lqse\Analysis\2025-07-02_115525_tube5_segmentationDebug\9_0203_0_segmented.tiff;1862.0;(75. 78);170.71067655086517;0.9578189300411524;48.69057436811434;0.8029124157483959;0.9099245415371616;672.2556434622909;0.9616224772961992;0.9112760964924168;0.9121213499130508;;;;;;;;;;;;;;;;;;;;;;;;;;;;;;;;;;;;;
2;Tube 5;902040.0;;;;;;;;;;;;;;;;;;;;;;;;;;;;;;;;;;;902040.0;0.0;204.0;False;E:\Experiments\PTT\Spheroids\30062025_mcf10\0207 aftr laser\Analysis\2025-07-02_171250_tube5_cropped_8bits\9_0204_0_8bits.tiff;E:\Experiments\PTT\Spheroids\30062025_mcf10\0207 aftr laser\Analysis\2025-07-02_171250_tube5_segmentationDebug\9_0204_0_segmented.tiff;2040.0;(71. 79);179.6812388896942;0.9497206703910616;50.96477873256914;0.7940257098609589;0.8817662646179758;390.54588936974847;0.965017164803663;0.9030608066312878;0.9178820612604272;51.0;79.20217501907912;Alive;;;;;;;;;;;;;;;;;
2;Tube 6;1002050.0;;;;;;;;;;;;;;;;;;;;;;;;;;;;;;;;;;;1002050.0;0.0;205.0;False;E:\Experiments\PTT\Spheroids\30062025_mcf10\0207 aftr laser\Analysis\2025-07-02_172729_tube6_cropped_8bits\10_0205_0_8bits.tiff;E:\Experiments\PTT\Spheroids\30062025_mcf10\0207 aftr laser\Analysis\2025-07-02_172729_tube6_segmentationDebug\10_0205_0_segmented.tiff;1593.5;(64. 78);176.12489008903503;0.8964838255977496;45.04339257355603;0.6455359922673708;0.888444630173646;868.969712254292;0.9791211505836062;0.9231616365370968;0.869883778336291;63.0;2.9071801068430427;Dead;;;;;;;;;;;;;;;;;
2;Tube 6;1002060.0;1002060.0;0.0;206.0;False;E:\Experiments\PTT\Spheroids\30062025_mcf10\01072025\Analysis\2025-07-01_132515_tube6_cropped_8bits\10_0206_0_8bits.tiff;E:\Experiments\PTT\Spheroids\30062025_mcf10\01072025\Analysis\2025-07-01_132515_tube6_segmentationDebug\10_0206_0_segmented.tiff;1353.5;(80. 80);158.46803629398346;0.9117547995958236;41.513006682232046;0.6773057640809986;0.8552429681381696;848.9721390715754;0.9668902309002796;0.934389135917012;0.8966944163202022;1002060.0;0.0;206.0;False;E:\Experiments\PTT\Spheroids\30062025_mcf10\0207 before lqse\Analysis\2025-07-02_120359_tube6_cropped_8bits\10_0206_0_8bits.tiff;E:\Experiments\PTT\Spheroids\30062025_mcf10\0207 before lqse\Analysis\2025-07-02_120359_tube6_segmentationDebug\10_0206_0_segmented.tiff;1753.5;(75. 72);196.1248903274536;0.871304347826087;47.2506671031543;0.5728622530948329;0.9275559737634728;886.195309349036;0.9601199669534284;0.915007628496614;0.8862347449449826;;;;;;;;;;;;;;;;;;;;;;;;;;;;;;;;;;;;;
2;Tube 6;109050.0;109050.0;0.0;905.0;False;E:\Experiments\PTT\Spheroids\30062025_mcf10\01072025\Analysis\2025-07-01_132515_tube6_cropped_8bits\1_0905_0_8bits.tiff;E:\Experiments\PTT\Spheroids\30062025_mcf10\01072025\Analysis\2025-07-01_132515_tube6_segmentationDebug\1_0905_0_segmented.tiff;2053.5;(74. 79);209.2964631319046;0.8818982177367404;51.13313412175766;0.589088836258518;0.8559800003851797;928.356302347727;0.9555031531960236;0.9011347440059374;0.9096241111951016;109050.0;0.0;905.0;False;E:\Experiments\PTT\Spheroids\30062025_mcf10\0207 before lqse\Analysis\2025-07-02_120359_tube6_cropped_8bits\1_0905_0_8bits.tiff;E:\Experiments\PTT\Spheroids\30062025_mcf10\0207 before lqse\Analysis\2025-07-02_120359_tube6_segmentationDebug\1_0905_0_segmented.tiff;2108.5;(68. 76);186.61017167568207;0.9493471409275102;51.81337259891591;0.760874176195893;0.9081148428895692;856.9491168089903;0.9523871104176488;0.8996000598352641;0.8970833746530219;;;;;;;;;;;;;;;;;;;;;;;;;;;;;;;;;;;;;
2;Tube 6;1102080.0;;;;;;;;;;;;;;;;;;;;;;;;;;;;;;;;;;;1102080.0;0.0;208.0;False;E:\Experiments\PTT\Spheroids\30062025_mcf10\0207 aftr laser\Analysis\2025-07-02_172729_tube6_cropped_8bits\11_0208_0_8bits.tiff;E:\Experiments\PTT\Spheroids\30062025_mcf10\0207 aftr laser\Analysis\2025-07-02_172729_tube6_segmentationDebug\11_0208_0_segmented.tiff;1732.0;(82. 78);192.8528116941452;0.8794110180248794;46.96009892963709;0.5852019998906509;0.9365227884149911;725.5290980398622;0.9680021567560456;0.9164331844391996;0.8934422381809539;52.0;78.82059272449759;Alive;;;;;;;;;;;;;;;;;
2;Tube 6;1102090.0;1102090.0;0.0;209.0;False;E:\Experiments\PTT\Spheroids\30062025_mcf10\01072025\Analysis\2025-07-01_132515_tube6_cropped_8bits\11_0209_0_8bits.tiff;E:\Experiments\PTT\Spheroids\30062025_mcf10\01072025\Analysis\2025-07-01_132515_tube6_segmentationDebug\11_0209_0_segmented.tiff;1446.5;(73. 82);169.2964631319046;0.892350400987045;42.91551003377931;0.634209191323697;0.8324342061377755;727.2704838901952;0.9696107979823256;0.9295719161364776;0.9191775957171818;1102090.0;0.0;209.0;False;E:\Experiments\PTT\Spheroids\30062025_mcf10\0207 before lqse\Analysis\2025-07-02_120359_tube6_cropped_8bits\11_0209_0_8bits.tiff;E:\Experiments\PTT\Spheroids\30062025_mcf10\0207 before lqse\Analysis\2025-07-02_120359_tube6_segmentationDebug\11_0209_0_segmented.tiff;1851.0;(68. 74);182.22539520263672;0.928284854563691;48.54653846882171;0.7004844215381275;0.8657156962828907;662.6031209584949;0.9612295927017274;0.91141653677056;0.9259883085909972;;;;;;;;;;;;;;;;;;;;;;;;;;;;;;;;;;;;;
2;Tube 6;1202120.0;1202120.0;0.0;212.0;False;E:\Experiments\PTT\Spheroids\30062025_mcf10\01072025\Analysis\2025-07-01_132515_tube6_cropped_8bits\12_0212_0_8bits.tiff;E:\Experiments\PTT\Spheroids\30062025_mcf10\01072025\Analysis\2025-07-01_132515_tube6_segmentationDebug\12_0212_0_segmented.tiff;1500.5;(74. 79);170.4680359363556;0.8905044510385757;43.7092202730169;0.6488733670534412;0.6679757364456897;830.7739454923951;0.967351157159282;0.9274589602874522;0.9173203863532112;1202120.0;0.0;212.0;False;E:\Experiments\PTT\Spheroids\30062025_mcf10\0207 before lqse\Analysis\2025-07-02_120359_tube6_cropped_8bits\12_0212_0_8bits.tiff;E:\Experiments\PTT\Spheroids\30062025_mcf10\0207 before lqse\Analysis\2025-07-02_120359_tube6_segmentationDebug\12_0212_0_segmented.tiff;1696.0;(68. 79);165.0538226366043;0.9466927156014512;46.46949825284146;0.782320188761917;0.8861638456280662;874.4803187481889;0.9604056452943268;0.9188254455501425;0.9045545926077252;;;;;;;;;;;;;;;;;;;;;;;;;;;;;;;;;;;;;
2;Tube 6;1302140.0;1302140.0;0.0;214.0;False;E:\Experiments\PTT\Spheroids\30062025_mcf10\01072025\Analysis\2025-07-01_132515_tube6_cropped_8bits\13_0214_0_8bits.tiff;E:\Experiments\PTT\Spheroids\30062025_mcf10\01072025\Analysis\2025-07-01_132515_tube6_segmentationDebug\13_0214_0_segmented.tiff;1766.5;(81. 84);187.2964631319046;0.90242656449553;47.42549584110497;0.6327969148742538;0.7981603595133051;767.2555641803208;0.962088726632678;0.915062319621782;0.915692101017818;;;;;;;;;;;;;;;;;;1302140.0;0.0;214.0;False;E:\Experiments\PTT\Spheroids\30062025_mcf10\0207 aftr laser\Analysis\2025-07-02_172729_tube6_cropped_8bits\13_0214_0_8bits.tiff;E:\Experiments\PTT\Spheroids\30062025_mcf10\0207 aftr laser\Analysis\2025-07-02_172729_tube6_segmentationDebug\13_0214_0_segmented.tiff;1719.0;(67. 74);251.4802285432816;0.754112744022812;46.78353104886104;0.3415686851887459;0.7720762463630038;741.7247492507493;0.9700577210208478;0.9151465680672132;0.8857901945141478;58.0;25.112884762147036;Dead;;;;;;;;;;;;;;;;;
2;Tube 6;1302150.0;;;;;;;;;;;;;;;;;;1302150.0;0.0;215.0;False;E:\Experiments\PTT\Spheroids\30062025_mcf10\0207 before lqse\Analysis\2025-07-02_120359_tube6_cropped_8bits\13_0215_0_8bits.tiff;E:\Experiments\PTT\Spheroids\30062025_mcf10\0207 before lqse\Analysis\2025-07-02_120359_tube6_segmentationDebug\13_0215_0_segmented.tiff;1695.5;(80. 79);178.81118214130402;0.8978024887476833;46.46264788083508;0.6663744075436375;0.9038550871147932;853.7302653521454;0.9630170337993692;0.9182799782218244;0.9052881420856106;;;;;;;;;;;;;;;;;;;;;;;;;;;;;;;;;;;;;
2;Tube 6;1402160.0;;;;;;;;;;;;;;;;;;;;;;;;;;;;;;;;;;;1402160.0;0.0;216.0;False;E:\Experiments\PTT\Spheroids\30062025_mcf10\0207 aftr laser\Analysis\2025-07-02_172729_tube6_cropped_8bits\14_0216_0_8bits.tiff;E:\Experiments\PTT\Spheroids\30062025_mcf10\0207 aftr laser\Analysis\2025-07-02_172729_tube6_segmentationDebug\14_0216_0_segmented.tiff;2083.0;(64. 77);248.8528121709824;0.8228323128579893;51.49910651344685;0.4226822671872731;0.9395714226324732;643.931265546719;0.9603027245898152;0.8990910895854438;0.9051240499840464;57.0;2.931029000254388;Dead;;;;;;;;;;;;;;;;;
2;Tube 6;1402170.0;1402170.0;0.0;217.0;False;E:\Experiments\PTT\Spheroids\30062025_mcf10\01072025\Analysis\2025-07-01_132515_tube6_cropped_8bits\14_0217_0_8bits.tiff;E:\Experiments\PTT\Spheroids\30062025_mcf10\01072025\Analysis\2025-07-01_132515_tube6_segmentationDebug\14_0217_0_segmented.tiff;1359.0;(73. 82);159.5391035079956;0.9099430867090726;41.59726603149642;0.6709575221175279;0.7009917021639455;789.3763383470805;0.9688391946336052;0.9339600734265416;0.9061983692340686;1402170.0;0.0;217.0;False;E:\Experiments\PTT\Spheroids\30062025_mcf10\0207 before lqse\Analysis\2025-07-02_120359_tube6_cropped_8bits\14_0217_0_8bits.tiff;E:\Experiments\PTT\Spheroids\30062025_mcf10\0207 before lqse\Analysis\2025-07-02_120359_tube6_segmentationDebug\14_0217_0_segmented.tiff;1898.0;(77. 68);190.3675308227539;0.9206888188212466;49.15901398428714;0.6581430785399326;0.9700203879529404;807.4021703206081;0.959298577121664;0.9089229497525082;0.9172574146752036;;;;;;;;;;;;;;;;;;;;;;;;;;;;;;;;;;;;;
2;Tube 6;1502190.0;;;;;;;;;;;;;;;;;;;;;;;;;;;;;;;;;;;1502190.0;0.0;219.0;False;E:\Experiments\PTT\Spheroids\30062025_mcf10\0207 aftr laser\Analysis\2025-07-02_172729_tube6_cropped_8bits\15_0219_0_8bits.tiff;E:\Experiments\PTT\Spheroids\30062025_mcf10\0207 aftr laser\Analysis\2025-07-02_172729_tube6_segmentationDebug\15_0219_0_segmented.tiff;1950.5;(68. 63);213.2964633703232;0.8670815736830407;49.83426263130553;0.5387515213702612;0.8576070248897915;639.3852215911847;0.9553198313739466;0.9059369411073304;0.9035326879147272;60.0;19.61571483083185;Dead;;;;;;;;;;;;;;;;;
2;Tube 6;1502200.0;1502200.0;0.0;220.0;False;E:\Experiments\PTT\Spheroids\30062025_mcf10\01072025\Analysis\2025-07-01_132515_tube6_cropped_8bits\15_0220_0_8bits.tiff;E:\Experiments\PTT\Spheroids\30062025_mcf10\01072025\Analysis\2025-07-01_132515_tube6_segmentationDebug\15_0220_0_segmented.tiff;1358.0;(69. 77);171.3969688415527;0.8931272607694837;41.581958849365805;0.5809026526667926;0.7634954425185335;784.671254764369;0.9647325401054214;0.9336561715768932;0.9001406629816088;1502200.0;0.0;220.0;False;E:\Experiments\PTT\Spheroids\30062025_mcf10\0207 before lqse\Analysis\2025-07-02_120359_tube6_cropped_8bits\15_0220_0_8bits.tiff;E:\Experiments\PTT\Spheroids\30062025_mcf10\0207 before lqse\Analysis\2025-07-02_120359_tube6_segmentationDebug\15_0220_0_segmented.tiff;1488.5;(76. 82);187.2964633703232;0.8649041255084253;43.53409080638173;0.533211551311804;0.7545516527509613;1144.5759069750916;0.9660549465574276;0.927577654588312;0.8842154238580774;;;;;;;;;;;;;;;;;;;;;;;;;;;;;;;;;;;;;
2;Tube 6;1602220.0;;;;;;;;;;;;;;;;;;;;;;;;;;;;;;;;;;;1602220.0;0.0;222.0;False;E:\Experiments\PTT\Spheroids\30062025_mcf10\0207 aftr laser\Analysis\2025-07-02_172729_tube6_cropped_8bits\16_0222_0_8bits.tiff;E:\Experiments\PTT\Spheroids\30062025_mcf10\0207 aftr laser\Analysis\2025-07-02_172729_tube6_segmentationDebug\16_0222_0_segmented.tiff;1778.5;(63. 78);183.78174448013303;0.8946177062374245;47.586306121735134;0.6616967390360836;0.8320257089523969;883.12585602803;0.9689501042236932;0.9146510362563472;0.903493946665818;71.0;4.328574154159247;Dead;;;;;;;;;;;;;;;;;
2;Tube 6;1602230.0;1602230.0;0.0;223.0;False;E:\Experiments\PTT\Spheroids\30062025_mcf10\01072025\Analysis\2025-07-01_132515_tube6_cropped_8bits\16_0223_0_8bits.tiff;E:\Experiments\PTT\Spheroids\30062025_mcf10\01072025\Analysis\2025-07-01_132515_tube6_segmentationDebug\16_0223_0_segmented.tiff;1215.5;(67. 78);152.81118214130402;0.9033816425120772;39.33983562021568;0.654115674729384;0.7798540259271103;919.7676299581176;0.9694625455554056;0.9407683929302288;0.8951971997948369;1602230.0;0.0;223.0;False;E:\Experiments\PTT\Spheroids\30062025_mcf10\0207 before lqse\Analysis\2025-07-02_120359_tube6_cropped_8bits\16_0223_0_8bits.tiff;E:\Experiments\PTT\Spheroids\30062025_mcf10\0207 before lqse\Analysis\2025-07-02_120359_tube6_segmentationDebug\16_0223_0_segmented.tiff;1752.5;(77. 74);195.2964632511139;0.898257303946694;47.237191937586346;0.5774031299903031;0.742141257016606;887.2708147646201;0.955700103867202;0.9147719482855212;0.8871002390249797;;;;;;;;;;;;;;;;;;;;;;;;;;;;;;;;;;;;;
2;Tube 6;1704240.0;1704240.0;0.0;424.0;False;E:\Experiments\PTT\Spheroids\30062025_mcf10\01072025\Analysis\2025-07-01_132515_tube6_cropped_8bits\17_0424_0_8bits.tiff;E:\Experiments\PTT\Spheroids\30062025_mcf10\01072025\Analysis\2025-07-01_132515_tube6_segmentationDebug\17_0424_0_segmented.tiff;1330.5;(80. 66);174.32590103149414;0.8378463476070529;41.15878052457499;0.5501750678754324;0.9175515614805552;933.5340435386752;0.9650438320798131;0.9347715067706258;0.8917579000332394;1704240.0;0.0;424.0;False;E:\Experiments\PTT\Spheroids\30062025_mcf10\0207 before lqse\Analysis\2025-07-02_120359_tube6_cropped_8bits\17_0424_0_8bits.tiff;E:\Experiments\PTT\Spheroids\30062025_mcf10\0207 before lqse\Analysis\2025-07-02_120359_tube6_segmentationDebug\17_0424_0_segmented.tiff;1479.0;(69. 84);153.5391035079956;0.95821185617104;43.39494540454344;0.7883880576065575;0.844531960007273;994.886727582846;0.9651251786172718;0.928902735801447;0.9002140774829431;1704240.0;0.0;424.0;False;E:\Experiments\PTT\Spheroids\30062025_mcf10\0207 aftr laser\Analysis\2025-07-02_172729_tube6_cropped_8bits\17_0424_0_8bits.tiff;E:\Experiments\PTT\Spheroids\30062025_mcf10\0207 aftr laser\Analysis\2025-07-02_172729_tube6_segmentationDebug\17_0424_0_segmented.tiff;1530.5;(70. 73);179.78174424171448;0.8728257770173938;44.14400438584119;0.5950480258251432;0.6963139683496296;758.2220266647344;0.9710830201644564;0.9260442012986936;0.9044110548868628;45.0;101.04776138387179;Alive;0.0;0.0;0.0;;;;51.5;;26.242640733718872;-0.08538607915364615;0.7490589812977504;-0.19334003178141435;-0.1482179916576435;-236.66470091811163;0.005957841547184595;-0.002858534502753418;0.004196977403919666
2;Tube 6;1806240.0;;;;;;;;;;;;;;;;;;;;;;;;;;;;;;;;;;;1806240.0;0.0;624.0;False;E:\Experiments\PTT\Spheroids\30062025_mcf10\0207 aftr laser\Analysis\2025-07-02_172729_tube6_cropped_8bits\18_0624_0_8bits.tiff;E:\Experiments\PTT\Spheroids\30062025_mcf10\0207 aftr laser\Analysis\2025-07-02_172729_tube6_segmentationDebug\18_0624_0_segmented.tiff;1286.5;(72. 85);163.8406194448471;0.8710223425863236;40.47249281057181;0.602249560904291;0.9263547698504662;845.2558174205087;0.969592791145419;0.9371061243708518;0.8964636647767397;49.0;33.72233528364284;Dead;;;;;;;;;;;;;;;;;
2;Tube 6;1807240.0;1807240.0;0.0;724.0;False;E:\Experiments\PTT\Spheroids\30062025_mcf10\01072025\Analysis\2025-07-01_132515_tube6_cropped_8bits\18_0724_0_8bits.tiff;E:\Experiments\PTT\Spheroids\30062025_mcf10\01072025\Analysis\2025-07-01_132515_tube6_segmentationDebug\18_0724_0_segmented.tiff;1006.5;(80. 68);138.81118202209473;0.8817345597897503;35.7982625524751;0.6564093195822651;0.8522262787284246;561.9564421640107;0.9760845131925712;0.9503369349746056;0.9183333405716384;1807240.0;1.0;724.0;False;E:\Experiments\PTT\Spheroids\30062025_mcf10\0207 before lqse\Analysis\2025-07-02_120359_tube6_cropped_8bits\18_0724_0_8bits.tiff;E:\Experiments\PTT\Spheroids\30062025_mcf10\0207 before lqse\Analysis\2025-07-02_120359_tube6_segmentationDebug\18_0724_0_segmented.tiff;1513.5;(76. 86);167.63960897922516;0.9092820666866926;43.89815543911463;0.6767667462615233;0.957006872073582;831.4227426449231;0.9615352416343128;0.9267795551955448;0.9099643445143688;;;;;;;;;;;;;;;;;;;;;;;;;;;;;;;;;;;;;
2;Tube 6;1909240.0;;;;;;;;;;;;;;;;;;;;;;;;;;;;;;;;;;;1909240.0;0.0;924.0;False;E:\Experiments\PTT\Spheroids\30062025_mcf10\0207 aftr laser\Analysis\2025-07-02_172729_tube6_cropped_8bits\19_0924_0_8bits.tiff;E:\Experiments\PTT\Spheroids\30062025_mcf10\0207 aftr laser\Analysis\2025-07-02_172729_tube6_segmentationDebug\19_0924_0_segmented.tiff;1448.0;(69. 76);186.56854140758517;0.8224936097699517;42.937755656025104;0.5227590901550896;0.8531374709323053;685.6110197794828;0.9672313283317144;0.9289977848328996;0.9017895989848482;51.0;48.05552022386161;Dead;;;;;;;;;;;;;;;;;
2;Tube 6;1910240.0;1910240.0;0.0;1024.0;False;E:\Experiments\PTT\Spheroids\30062025_mcf10\01072025\Analysis\2025-07-01_132515_tube6_cropped_8bits\19_1024_0_8bits.tiff;E:\Experiments\PTT\Spheroids\30062025_mcf10\01072025\Analysis\2025-07-01_132515_tube6_segmentationDebug\19_1024_0_segmented.tiff;1009.0;(71. 74);136.9116871356964;0.9061517736865738;35.84269382507095;0.6764255225633669;0.8498231710763877;848.1799014258695;0.9755680838119029;0.9501915486364004;0.8928978795217758;1910240.0;0.0;1024.0;False;E:\Experiments\PTT\Spheroids\30062025_mcf10\0207 before lqse\Analysis\2025-07-02_120359_tube6_cropped_8bits\19_1024_0_8bits.tiff;E:\Experiments\PTT\Spheroids\30062025_mcf10\0207 before lqse\Analysis\2025-07-02_120359_tube6_segmentationDebug\19_1024_0_segmented.tiff;1404.0;(68. 77);176.08326029777527;0.8537549407114624;42.28035383967556;0.5690374245380291;0.7764529920190326;834.0334775580484;0.9650139650558512;0.9314291637447027;0.912372156924424;;;;;;;;;;;;;;;;;;;;;;;;;;;;;;;;;;;;;
2;Tube 6;2012240.0;2012240.0;0.0;1224.0;False;E:\Experiments\PTT\Spheroids\30062025_mcf10\01072025\Analysis\2025-07-01_132515_tube6_cropped_8bits\20_1224_0_8bits.tiff;E:\Experiments\PTT\Spheroids\30062025_mcf10\01072025\Analysis\2025-07-01_132515_tube6_segmentationDebug\20_1224_0_segmented.tiff;1240.0;(73. 76);202.3675308227539;0.7200929152148664;39.73433069112404;0.3804958144591495;0.6470402367909779;972.2211504620208;0.9702284193187776;0.9379031183751242;0.8984074497442937;2012240.0;0.0;1224.0;False;E:\Experiments\PTT\Spheroids\30062025_mcf10\0207 before lqse\Analysis\2025-07-02_120359_tube6_cropped_8bits\20_1224_0_8bits.tiff;E:\Experiments\PTT\Spheroids\30062025_mcf10\0207 before lqse\Analysis\2025-07-02_120359_tube6_segmentationDebug\20_1224_0_segmented.tiff;1637.0;(62. 77);170.71067667007446;0.933029353092049;45.654059345598846;0.7058902377789725;0.8862625025231687;959.9977566137565;0.961442681639548;0.9212146073075722;0.9070629640534874;2012240.0;0.0;1224.0;False;E:\Experiments\PTT\Spheroids\30062025_mcf10\0207 aftr laser\Analysis\2025-07-02_172729_tube6_cropped_8bits\20_1224_0_8bits.tiff;E:\Experiments\PTT\Spheroids\30062025_mcf10\0207 aftr laser\Analysis\2025-07-02_172729_tube6_segmentationDebug\20_1224_0_segmented.tiff;1507.5;(71. 81);211.2964630126953;0.7756624646256753;43.81105583854672;0.4243094754576273;0.8307614369118318;743.8471298159714;0.9622553410432788;0.9255859876297686;0.8850692524263433;48.0;27.617018570338338;Dead;0.0;0.0;0.0;;;;-129.5;;40.58578634262085;-0.1573668884663737;-1.8430035070521242;-0.2815807623213452;-0.05550106561133694;-216.1506267977851;0.0008126594037307644;0.0043713803221964165;-0.02199371162714414
2;Tube 6;212050.0;212050.0;0.0;1205.0;False;E:\Experiments\PTT\Spheroids\30062025_mcf10\01072025\Analysis\2025-07-01_132515_tube6_cropped_8bits\2_1205_0_8bits.tiff;E:\Experiments\PTT\Spheroids\30062025_mcf10\01072025\Analysis\2025-07-01_132515_tube6_segmentationDebug\2_1205_0_segmented.tiff;2237.5;(64. 69);217.5807341337204;0.9091832588378708;53.37483940345794;0.5939255827526954;0.9663054703641804;547.8383527344286;0.9480778667163732;0.8929333805896011;0.9235508898353948;212050.0;0.0;1205.0;False;E:\Experiments\PTT\Spheroids\30062025_mcf10\0207 before lqse\Analysis\2025-07-02_120359_tube6_cropped_8bits\2_1205_0_8bits.tiff;E:\Experiments\PTT\Spheroids\30062025_mcf10\0207 before lqse\Analysis\2025-07-02_120359_tube6_segmentationDebug\2_1205_0_segmented.tiff;2430.0;(69. 79);201.1959581375122;0.9449737507291464;55.6234850913393;0.7543582318982335;0.8272892548570484;722.718635648919;0.9434722218700816;0.8846319397657736;0.903179395856805;;;;;;;;;;;;;;;;;;;;;;;;;;;;;;;;;;;;;
2;Tube 6;314050.0;314050.0;0.0;1405.0;False;E:\Experiments\PTT\Spheroids\30062025_mcf10\01072025\Analysis\2025-07-01_132515_tube6_cropped_8bits\3_1405_0_8bits.tiff;E:\Experiments\PTT\Spheroids\30062025_mcf10\01072025\Analysis\2025-07-01_132515_tube6_segmentationDebug\3_1405_0_segmented.tiff;2418.5;(66. 79);204.9533171653748;0.9408675354989302;55.49170964154908;0.7235125224607893;0.8372479655554473;473.63963532692287;0.937291863085268;0.8468601023669198;0.9171862552345862;;;;;;;;;;;;;;;;;;;;;;;;;;;;;;;;;;;;;;;;;;;;;;;;;;;;;;
2;Tube 6;315040.0;;;;;;;;;;;;;;;;;;315040.0;0.0;1504.0;False;E:\Experiments\PTT\Spheroids\30062025_mcf10\0207 before lqse\Analysis\2025-07-02_120359_tube6_cropped_8bits\3_1504_0_8bits.tiff;E:\Experiments\PTT\Spheroids\30062025_mcf10\0207 before lqse\Analysis\2025-07-02_120359_tube6_segmentationDebug\3_1504_0_segmented.tiff;2465.5;(78. 71);227.4385986328125;0.8983421388231008;56.0283151410476;0.5989444284446506;0.8910000484144758;634.0226689985898;0.9421771401152356;0.8821704901314962;0.9157657594548704;;;;;;;;;;;;;;;;;;;;;;;;;;;;;;;;;;;;;
2;Tube 6;414010.0;;;;;;;;;;;;;;;;;;;;;;;;;;;;;;;;;;;414010.0;0.0;1401.0;False;E:\Experiments\PTT\Spheroids\30062025_mcf10\0207 aftr laser\Analysis\2025-07-02_172729_tube6_cropped_8bits\4_1401_0_8bits.tiff;E:\Experiments\PTT\Spheroids\30062025_mcf10\0207 aftr laser\Analysis\2025-07-02_172729_tube6_segmentationDebug\4_1401_0_segmented.tiff;2095.5;(74. 85);222.40916061401367;0.8678815489749431;51.65339742933211;0.5323437837199786;0.8885611981279052;440.451307467946;0.9535416589145916;0.8990184111401214;0.9049392231956752;37.0;97.70891630628338;Alive;;;;;;;;;;;;;;;;;
2;Tube 6;415020.0;415020.0;0.0;1502.0;False;E:\Experiments\PTT\Spheroids\30062025_mcf10\01072025\Analysis\2025-07-01_132515_tube6_cropped_8bits\4_1502_0_8bits.tiff;E:\Experiments\PTT\Spheroids\30062025_mcf10\01072025\Analysis\2025-07-01_132515_tube6_segmentationDebug\4_1502_0_segmented.tiff;2223.0;(80. 60);193.5391035079956;0.9310994764397906;53.20161189236908;0.7457819648640197;0.9225331256677892;591.7049862693852;0.9472462159152214;0.8943066001107937;0.9177645498744234;;;;;;;;;;;;;;;;;;;;;;;;;;;;;;;;;;;;;;;;;;;;;;;;;;;;;;
2;Tube 6;511010.0;;;;;;;;;;;;;;;;;;;;;;;;;;;;;;;;;;;511010.0;0.0;1101.0;False;E:\Experiments\PTT\Spheroids\30062025_mcf10\0207 aftr laser\Analysis\2025-07-02_172729_tube6_cropped_8bits\5_1101_0_8bits.tiff;E:\Experiments\PTT\Spheroids\30062025_mcf10\0207 aftr laser\Analysis\2025-07-02_172729_tube6_segmentationDebug\5_1101_0_segmented.tiff;2087.0;(76. 80);179.6812388896942;0.9569005043558;51.54852985160959;0.8123194394508928;0.974291388763916;646.6657870408699;0.9571622612560632;0.900967473875432;0.9044982999060645;37.0;111.30278555075044;Alive;;;;;;;;;;;;;;;;;
2;Tube 6;512010.0;512010.0;0.0;1201.0;False;E:\Experiments\PTT\Spheroids\30062025_mcf10\01072025\Analysis\2025-07-01_132515_tube6_cropped_8bits\5_1201_0_8bits.tiff;E:\Experiments\PTT\Spheroids\30062025_mcf10\01072025\Analysis\2025-07-01_132515_tube6_segmentationDebug\5_1201_0_segmented.tiff;2207.5;(71. 79);197.78174424171448;0.9242202218965878;53.01581174520364;0.7091501041612609;0.8680275796408988;823.9176381647085;0.9466302458778616;0.8947650122954085;0.908402410982006;512010.0;0.0;1201.0;False;E:\Experiments\PTT\Spheroids\30062025_mcf10\0207 before lqse\Analysis\2025-07-02_120359_tube6_cropped_8bits\5_1201_0_8bits.tiff;E:\Experiments\PTT\Spheroids\30062025_mcf10\0207 before lqse\Analysis\2025-07-02_120359_tube6_segmentationDebug\5_1201_0_segmented.tiff;2350.0;(82. 70);200.3675309419632;0.9314308363059848;54.700209598571305;0.7355683483184436;0.8792842375303291;812.0338035176883;0.9421136891744104;0.8881244161459131;0.8971694644489221;;;;;;;;;;;;;;;;;;;;;;;;;;;;;;;;;;;;;
2;Tube 6;609010.0;609010.0;0.0;901.0;False;E:\Experiments\PTT\Spheroids\30062025_mcf10\01072025\Analysis\2025-07-01_132515_tube6_cropped_8bits\6_0901_0_8bits.tiff;E:\Experiments\PTT\Spheroids\30062025_mcf10\01072025\Analysis\2025-07-01_132515_tube6_segmentationDebug\6_0901_0_segmented.tiff;1676.0;(72. 70);186.56854152679443;0.8729166666666667;46.19469100422832;0.60507198479302;0.933374654657012;726.5778979974098;0.959313356085844;0.918887379979896;0.9098031468997548;609010.0;0.0;901.0;False;E:\Experiments\PTT\Spheroids\30062025_mcf10\0207 before lqse\Analysis\2025-07-02_120359_tube6_cropped_8bits\6_0901_0_8bits.tiff;E:\Experiments\PTT\Spheroids\30062025_mcf10\0207 before lqse\Analysis\2025-07-02_120359_tube6_segmentationDebug\6_0901_0_segmented.tiff;1887.5;(64. 85);183.78174436092377;0.9307199211045364;49.02284814948658;0.7022505462754365;0.8534796389448798;772.6222047820854;0.9544072189924304;0.90939766545159;0.8989263664379495;;;;;;;;;;;;;;;;;;;;;;;;;;;;;;;;;;;;;
2;Tube 6;705010.0;;;;;;;;;;;;;;;;;;;;;;;;;;;;;;;;;;;705010.0;0.0;501.0;False;E:\Experiments\PTT\Spheroids\30062025_mcf10\0207 aftr laser\Analysis\2025-07-02_172729_tube6_cropped_8bits\7_0501_0_8bits.tiff;E:\Experiments\PTT\Spheroids\30062025_mcf10\0207 aftr laser\Analysis\2025-07-02_172729_tube6_segmentationDebug\7_0501_0_segmented.tiff;1852.0;(73. 81);175.19595742225647;0.933467741935484;48.559650295791066;0.7582330049754871;0.9130204082050524;738.5078605636809;0.9675591427803034;0.9117017566555964;0.8955272457927204;52.0;60.60003815822946;Alive;;;;;;;;;;;;;;;;;
2;Tube 6;706010.0;706010.0;0.0;601.0;False;E:\Experiments\PTT\Spheroids\30062025_mcf10\01072025\Analysis\2025-07-01_132515_tube6_cropped_8bits\7_0601_0_8bits.tiff;E:\Experiments\PTT\Spheroids\30062025_mcf10\01072025\Analysis\2025-07-01_132515_tube6_segmentationDebug\7_0601_0_segmented.tiff;1674.5;(72. 85);177.15432786941528;0.9120370370370372;46.17401452829319;0.6704887305762787;0.935853427973832;817.293280885712;0.956822861387261;0.9192361738758494;0.9002709868060327;706010.0;0.0;601.0;False;E:\Experiments\PTT\Spheroids\30062025_mcf10\0207 before lqse\Analysis\2025-07-02_120359_tube6_cropped_8bits\7_0601_0_8bits.tiff;E:\Experiments\PTT\Spheroids\30062025_mcf10\0207 before lqse\Analysis\2025-07-02_120359_tube6_segmentationDebug\7_0601_0_segmented.tiff;1930.5;(81. 84);209.09545266628265;0.8576188360728565;49.578109495131336;0.5548690409240756;0.9010442421824632;942.0356841769346;0.9538689967161672;0.9067682914843194;0.8831883203826533;;;;;;;;;;;;;;;;;;;;;;;;;;;;;;;;;;;;;
2;Tube 6;803010.0;803010.0;0.0;301.0;False;E:\Experiments\PTT\Spheroids\30062025_mcf10\01072025\Analysis\2025-07-01_132515_tube6_cropped_8bits\8_0301_0_8bits.tiff;E:\Experiments\PTT\Spheroids\30062025_mcf10\01072025\Analysis\2025-07-01_132515_tube6_segmentationDebug\8_0301_0_segmented.tiff;1366.5;(74. 82);159.154327750206;0.9149648476732508;41.71189084518466;0.6779264754701528;0.8689681443142145;675.7093853846761;0.9653664293761122;0.9337037949219776;0.9033279074595008;;;;;;;;;;;;;;;;;;803010.0;0.0;301.0;False;E:\Experiments\PTT\Spheroids\30062025_mcf10\0207 aftr laser\Analysis\2025-07-02_172729_tube6_cropped_8bits\8_0301_0_8bits.tiff;E:\Experiments\PTT\Spheroids\30062025_mcf10\0207 aftr laser\Analysis\2025-07-02_172729_tube6_segmentationDebug\8_0301_0_segmented.tiff;1612.5;(77. 77);161.2964631319046;0.9493670886075948;45.31113291328578;0.7788608935398542;0.8590209082534574;908.745863042562;0.9677842335639414;0.9225228019652084;0.8489351834061226;54.0;24.087382345459172;Dead;;;;;;;;;;;;;;;;;
2;Tube 6;902030.0;902030.0;0.0;203.0;False;E:\Experiments\PTT\Spheroids\30062025_mcf10\01072025\Analysis\2025-07-01_132515_tube6_cropped_8bits\9_0203_0_8bits.tiff;E:\Experiments\PTT\Spheroids\30062025_mcf10\01072025\Analysis\2025-07-01_132515_tube6_segmentationDebug\9_0203_0_segmented.tiff;1812.5;(79. 67);184.9533171653748;0.9089769307923772;48.03901200932928;0.6658304146796515;0.9773445047165956;769.775415500998;0.9592079666227727;0.913050965320302;0.9066024690495827;902030.0;0.0;203.0;False;E:\Experiments\PTT\Spheroids\30062025_mcf10\0207 before lqse\Analysis\2025-07-02_120359_tube6_cropped_8bits\9_0203_0_8bits.tiff;E:\Experiments\PTT\Spheroids\30062025_mcf10\0207 before lqse\Analysis\2025-07-02_120359_tube6_segmentationDebug\9_0203_0_segmented.tiff;2017.0;(70. 87);181.5391036272049;0.941203919738684;50.67666289063264;0.7690868553318341;0.9606692815819132;632.5060931899641;0.9614564006068947;0.9039791176925436;0.9213184745785274;902030.0;0.0;203.0;False;E:\Experiments\PTT\Spheroids\30062025_mcf10\0207 aftr laser\Analysis\2025-07-02_172729_tube6_cropped_8bits\9_0203_0_8bits.tiff;E:\Experiments\PTT\Spheroids\30062025_mcf10\0207 aftr laser\Analysis\2025-07-02_172729_tube6_segmentationDebug\9_0203_0_segmented.tiff;2167.5;(72. 75);224.26702535152435;0.8711816720257235;52.53329147515378;0.5415494571561438;0.9425422115288528;638.7166025188458;0.9608818648038544;0.8960092271126412;0.9010118366559507;47.0;92.81989315695752;Alive;0.0;0.0;0.0;;;;150.5;;42.72792172431946;-0.0700222477129605;1.8566285845211397;-0.2275373981756903;-0.018127070053060468;6.210509328881699;-0.0005745358030403436;-0.007969890579902383;-0.020306637922576698
2;Tube 7;1002040.0;1002040.0;0.0;204.0;False;E:\Experiments\PTT\Spheroids\30062025_mcf10\01072025\Analysis\2025-07-01_133427_tube7_cropped_8bits\10_0204_0_8bits.tiff;E:\Experiments\PTT\Spheroids\30062025_mcf10\01072025\Analysis\2025-07-01_133427_tube7_segmentationDebug\10_0204_0_segmented.tiff;1340.0;(73. 91);160.36753046512604;0.9060175794455714;41.30545956583848;0.6547594564063973;0.7045844611027708;589.9251880665361;0.9709572544972144;0.9350901715426244;0.9173448304188568;;;;;;;;;;;;;;;;;;;;;;;;;;;;;;;;;;;;;;;;;;;;;;;;;;;;;;
2;Tube 7;1002050.0;;;;;;;;;;;;;;;;;;1002050.0;0.0;205.0;False;E:\Experiments\PTT\Spheroids\30062025_mcf10\0207 before lqse\Analysis\2025-07-02_121009_tube7_cropped_8bits\10_0205_0_8bits.tiff;E:\Experiments\PTT\Spheroids\30062025_mcf10\0207 before lqse\Analysis\2025-07-02_121009_tube7_segmentationDebug\10_0205_0_segmented.tiff;1843.5;(68. 72);177.15432786941528;0.9312957817630716;48.448086656949336;0.7381582411569839;0.9159023362473409;576.2313768115941;0.9700435887313108;0.9119790063105035;0.9360559975123032;;;;;;;;;;;;;;;;;;;;;;;;;;;;;;;;;;;;;
2;Tube 7;1002060.0;;;;;;;;;;;;;;;;;;;;;;;;;;;;;;;;;;;1002060.0;0.0;206.0;False;E:\Experiments\PTT\Spheroids\30062025_mcf10\0207 aftr laser\Analysis\2025-07-02_173612_tube7_cropped_8bits\10_0206_0_8bits.tiff;E:\Experiments\PTT\Spheroids\30062025_mcf10\0207 aftr laser\Analysis\2025-07-02_173612_tube7_segmentationDebug\10_0206_0_segmented.tiff;1670.5;(73. 76);171.49747335910797;0.9272828198723286;46.118831939676106;0.7137414057758498;0.8727303795999887;796.1104293580131;0.9701021229678158;0.9198223398274732;0.9004856959709555;57.0;2.3729648944288986;Dead;;;;;;;;;;;;;;;;;
2;Tube 7;107050.0;107050.0;0.0;705.0;False;E:\Experiments\PTT\Spheroids\30062025_mcf10\01072025\Analysis\2025-07-01_133427_tube7_cropped_8bits\1_0705_0_8bits.tiff;E:\Experiments\PTT\Spheroids\30062025_mcf10\01072025\Analysis\2025-07-01_133427_tube7_segmentationDebug\1_0705_0_segmented.tiff;2351.5;(72. 83);275.2375875711441;0.7908189002858584;54.71766432738824;0.3900671361891462;0.6081259451720369;1003.3660879212914;0.9452396803716162;0.8856536897950725;0.8828838011865047;;;;;;;;;;;;;;;;;;;;;;;;;;;;;;;;;;;;;;;;;;;;;;;;;;;;;;
2;Tube 7;1102070.0;1102070.0;0.0;207.0;False;E:\Experiments\PTT\Spheroids\30062025_mcf10\01072025\Analysis\2025-07-01_133427_tube7_cropped_8bits\11_0207_0_8bits.tiff;E:\Experiments\PTT\Spheroids\30062025_mcf10\01072025\Analysis\2025-07-01_133427_tube7_segmentationDebug\11_0207_0_segmented.tiff;1391.0;(68. 72);149.74011397361755;0.940500338066261;42.084156243491584;0.7795799757245084;0.9157289901625412;654.4080503833513;0.9691857713811382;0.9329468507284332;0.9094289045957756;;;;;;;;;;;;;;;;;;;;;;;;;;;;;;;;;;;;;;;;;;;;;;;;;;;;;;
2;Tube 7;1102080.0;;;;;;;;;;;;;;;;;;1102080.0;0.0;208.0;False;E:\Experiments\PTT\Spheroids\30062025_mcf10\0207 before lqse\Analysis\2025-07-02_121009_tube7_cropped_8bits\11_0208_0_8bits.tiff;E:\Experiments\PTT\Spheroids\30062025_mcf10\0207 before lqse\Analysis\2025-07-02_121009_tube7_segmentationDebug\11_0208_0_segmented.tiff;1781.0;(74. 90);180.2253954410553;0.9161522633744856;47.61973991081141;0.6890358353718501;0.9132934576074992;677.4660736607905;0.9690318020288808;0.9147471032810808;0.9214380558922484;;;;;;;;;;;;;;;;;;;;;;;;;;;;;;;;;;;;;
2;Tube 7;1102090.0;;;;;;;;;;;;;;;;;;;;;;;;;;;;;;;;;;;1102090.0;0.0;209.0;False;E:\Experiments\PTT\Spheroids\30062025_mcf10\0207 aftr laser\Analysis\2025-07-02_173612_tube7_cropped_8bits\11_0209_0_8bits.tiff;E:\Experiments\PTT\Spheroids\30062025_mcf10\0207 aftr laser\Analysis\2025-07-02_173612_tube7_segmentationDebug\11_0209_0_segmented.tiff;1672.5;(74. 76);180.9533174037933;0.9067497966928708;46.146431482505335;0.6418638128986875;0.869128865503208;778.3969347095195;0.976752863696093;0.919628021262458;0.8826806056644709;72.0;2.6019142711778174;Dead;;;;;;;;;;;;;;;;;
2;Tube 7;1202100.0;1202100.0;0.0;210.0;False;E:\Experiments\PTT\Spheroids\30062025_mcf10\01072025\Analysis\2025-07-01_133427_tube7_cropped_8bits\12_0210_0_8bits.tiff;E:\Experiments\PTT\Spheroids\30062025_mcf10\01072025\Analysis\2025-07-01_133427_tube7_segmentationDebug\12_0210_0_segmented.tiff;1913.0;(80. 76);185.68123936653137;0.943293885601578;49.35288491140479;0.6972504152177741;0.6983655855817503;513.906774254654;0.9660180445014238;0.9089231083332094;0.9315198026756508;;;;;;;;;;;;;;;;;;;;;;;;;;;;;;;;;;;;;;;;;;;;;;;;;;;;;;
2;Tube 7;1202110.0;;;;;;;;;;;;;;;;;;1202110.0;0.0;211.0;False;E:\Experiments\PTT\Spheroids\30062025_mcf10\0207 before lqse\Analysis\2025-07-02_121009_tube7_cropped_8bits\12_0211_0_8bits.tiff;E:\Experiments\PTT\Spheroids\30062025_mcf10\0207 before lqse\Analysis\2025-07-02_121009_tube7_segmentationDebug\12_0211_0_segmented.tiff;2097.5;(65. 79);196.6101714372635;0.9153392974034475;51.67804122721762;0.6818673095401339;0.8927680672682083;654.8838926717233;0.957502449359378;0.8997369854263031;0.9156009362224748;;;;;;;;;;;;;;;;;;;;;;;;;;;;;;;;;;;;;
2;Tube 7;1202120.0;;;;;;;;;;;;;;;;;;;;;;;;;;;;;;;;;;;1202120.0;0.0;212.0;False;E:\Experiments\PTT\Spheroids\30062025_mcf10\0207 aftr laser\Analysis\2025-07-02_173612_tube7_cropped_8bits\12_0212_0_8bits.tiff;E:\Experiments\PTT\Spheroids\30062025_mcf10\0207 aftr laser\Analysis\2025-07-02_173612_tube7_segmentationDebug\12_0212_0_segmented.tiff;1717.0;(70. 74);175.0538227558136;0.9316332067281606;46.75630757780467;0.7041042421029005;0.9404838593154764;1206.1267790262173;0.9652868793521449;0.9174297465525988;0.8321607398119821;54.0;47.19696006105317;Dead;;;;;;;;;;;;;;;;;
2;Tube 7;1302120.0;1302120.0;0.0;212.0;False;E:\Experiments\PTT\Spheroids\30062025_mcf10\01072025\Analysis\2025-07-01_133427_tube7_cropped_8bits\13_0212_0_8bits.tiff;E:\Experiments\PTT\Spheroids\30062025_mcf10\01072025\Analysis\2025-07-01_133427_tube7_segmentationDebug\13_0212_0_segmented.tiff;2155.0;(68. 66);212.7106766700745;0.8897605284888522;52.381592367016445;0.5985198524415289;0.8420136755616003;630.4801298661728;0.9617934177245666;0.8968575458521616;0.9240407060987114;;;;;;;;;;;;;;;;;;;;;;;;;;;;;;;;;;;;;;;;;;;;;;;;;;;;;;
2;Tube 7;1302140.0;;;;;;;;;;;;;;;;;;1302140.0;0.0;214.0;False;E:\Experiments\PTT\Spheroids\30062025_mcf10\0207 before lqse\Analysis\2025-07-02_121009_tube7_cropped_8bits\13_0214_0_8bits.tiff;E:\Experiments\PTT\Spheroids\30062025_mcf10\0207 before lqse\Analysis\2025-07-02_121009_tube7_segmentationDebug\13_0214_0_segmented.tiff;2171.5;(71. 78);200.9533171653748;0.9174059991550486;52.58174275727656;0.6757395505656144;0.9300591415336912;423.0792479904426;0.9566827961671296;0.8963826243451022;0.9244346673220654;;;;;;;;;;;;;;;;;;;;;;;;;;;;;;;;;;;;;
2;Tube 7;1302150.0;;;;;;;;;;;;;;;;;;;;;;;;;;;;;;;;;;;1302150.0;0.0;215.0;False;E:\Experiments\PTT\Spheroids\30062025_mcf10\0207 aftr laser\Analysis\2025-07-02_173612_tube7_cropped_8bits\13_0215_0_8bits.tiff;E:\Experiments\PTT\Spheroids\30062025_mcf10\0207 aftr laser\Analysis\2025-07-02_173612_tube7_segmentationDebug\13_0215_0_segmented.tiff;1785.0;(75. 72);162.02438473701477;0.970108695652174;47.6731852025042;0.8544513151075792;0.9077129580778154;1123.207614061968;0.9730579337088616;0.9151317370312302;0.8672901672805385;85.0;3.2768379547189013;Dead;;;;;;;;;;;;;;;;;
2;Tube 7;1402150.0;1402150.0;0.0;215.0;False;E:\Experiments\PTT\Spheroids\30062025_mcf10\01072025\Analysis\2025-07-01_133427_tube7_cropped_8bits\14_0215_0_8bits.tiff;E:\Experiments\PTT\Spheroids\30062025_mcf10\01072025\Analysis\2025-07-01_133427_tube7_segmentationDebug\14_0215_0_segmented.tiff;1708.0;(82. 70);172.22539520263672;0.9302832244008714;46.63360529068772;0.7236079845717809;0.8652433502340475;732.1902606559613;0.9667119955168256;0.9181726625158654;0.9236053334169984;;;;;;;;;;;;;;;;;;;;;;;;;;;;;;;;;;;;;;;;;;;;;;;;;;;;;;
2;Tube 7;1402160.0;;;;;;;;;;;;;;;;;;1402160.0;0.0;216.0;False;E:\Experiments\PTT\Spheroids\30062025_mcf10\0207 before lqse\Analysis\2025-07-02_121009_tube7_cropped_8bits\14_0216_0_8bits.tiff;E:\Experiments\PTT\Spheroids\30062025_mcf10\0207 before lqse\Analysis\2025-07-02_121009_tube7_segmentationDebug\14_0216_0_segmented.tiff;1894.5;(70. 77);178.9533177614212;0.9385682437453554;49.11366731878985;0.7434041215317554;0.8657599859644678;721.5673550218155;0.965421467262762;0.90942765904002;0.9074223041748692;;;;;;;;;;;;;;;;;;;;;;;;;;;;;;;;;;;;;
2;Tube 7;1402170.0;;;;;;;;;;;;;;;;;;;;;;;;;;;;;;;;;;;1402170.0;0.0;217.0;False;E:\Experiments\PTT\Spheroids\30062025_mcf10\0207 aftr laser\Analysis\2025-07-02_173612_tube7_cropped_8bits\14_0217_0_8bits.tiff;E:\Experiments\PTT\Spheroids\30062025_mcf10\0207 aftr laser\Analysis\2025-07-02_173612_tube7_segmentationDebug\14_0217_0_segmented.tiff;1811.0;(68. 71);171.88224935531616;0.9451983298538622;48.01912968302716;0.7703112798000926;0.9136125139912916;1065.926268265698;0.9675256132563672;0.9135951524488086;0.8617288815666747;55.0;24.37356906639532;Dead;;;;;;;;;;;;;;;;;
2;Tube 7;1502180.0;1502180.0;0.0;218.0;False;E:\Experiments\PTT\Spheroids\30062025_mcf10\01072025\Analysis\2025-07-01_133427_tube7_cropped_8bits\15_0218_0_8bits.tiff;E:\Experiments\PTT\Spheroids\30062025_mcf10\01072025\Analysis\2025-07-01_133427_tube7_segmentationDebug\15_0218_0_segmented.tiff;1671.5;(78. 76);204.12489020824432;0.8420654911838791;46.13263377507103;0.504108843943776;0.754594541957986;665.8735751651841;0.965074084565686;0.9187915802614874;0.9085571309308866;;;;;;;;;;;;;;;;;;;;;;;;;;;;;;;;;;;;;;;;;;;;;;;;;;;;;;
2;Tube 7;1502190.0;;;;;;;;;;;;;;;;;;1502190.0;0.0;219.0;False;E:\Experiments\PTT\Spheroids\30062025_mcf10\0207 before lqse\Analysis\2025-07-02_121009_tube7_cropped_8bits\15_0219_0_8bits.tiff;E:\Experiments\PTT\Spheroids\30062025_mcf10\0207 before lqse\Analysis\2025-07-02_121009_tube7_segmentationDebug\15_0219_0_segmented.tiff;1740.5;(69. 68);166.46803629398346;0.9544831368247876;47.07518908736906;0.7892637900568918;0.8837745749934832;712.4536376640444;0.9627663967939012;0.9169067448053972;0.9040407464793262;;;;;;;;;;;;;;;;;;;;;;;;;;;;;;;;;;;;;
2;Tube 7;1502200.0;;;;;;;;;;;;;;;;;;;;;;;;;;;;;;;;;;;1502200.0;0.0;220.0;False;E:\Experiments\PTT\Spheroids\30062025_mcf10\0207 aftr laser\Analysis\2025-07-02_173612_tube7_cropped_8bits\15_0220_0_8bits.tiff;E:\Experiments\PTT\Spheroids\30062025_mcf10\0207 aftr laser\Analysis\2025-07-02_173612_tube7_segmentationDebug\15_0220_0_segmented.tiff;1787.0;(81. 75);177.88224959373474;0.93633743777836;47.69988539233334;0.7096908243970173;0.8877450695035711;1179.877752920706;0.9614531057316864;0.9142027544126892;0.8546972870106386;63.0;20.140390485881454;Dead;;;;;;;;;;;;;;;;;
2;Tube 7;1602200.0;1602200.0;0.0;220.0;False;E:\Experiments\PTT\Spheroids\30062025_mcf10\01072025\Analysis\2025-07-01_133427_tube7_cropped_8bits\16_0220_0_8bits.tiff;E:\Experiments\PTT\Spheroids\30062025_mcf10\01072025\Analysis\2025-07-01_133427_tube7_segmentationDebug\16_0220_0_segmented.tiff;1457.0;(62. 74);206.36753070354465;0.8085460599334073;43.07098810892469;0.4299190411849307;0.8152635808079506;641.3582550049957;0.9745256817083108;0.9283184077611568;0.9123313404283152;;;;;;;;;;;;;;;;;;;;;;;;;;;;;;;;;;;;;;;;;;;;;;;;;;;;;;
2;Tube 7;1602220.0;;;;;;;;;;;;;;;;;;1602220.0;0.0;222.0;False;E:\Experiments\PTT\Spheroids\30062025_mcf10\0207 before lqse\Analysis\2025-07-02_121009_tube7_cropped_8bits\16_0222_0_8bits.tiff;E:\Experiments\PTT\Spheroids\30062025_mcf10\0207 before lqse\Analysis\2025-07-02_121009_tube7_segmentationDebug\16_0222_0_segmented.tiff;1630.0;(72. 94);166.71067643165588;0.933028048082427;45.55634377250127;0.7370053510739104;0.8912182005567311;858.2166589441861;0.9679924012163388;0.9216076684051692;0.9119324834985328;;;;;;;;;;;;;;;;;;;;;;;;;;;;;;;;;;;;;
2;Tube 7;1602230.0;;;;;;;;;;;;;;;;;;;;;;;;;;;;;;;;;;;1602230.0;0.0;223.0;False;E:\Experiments\PTT\Spheroids\30062025_mcf10\0207 aftr laser\Analysis\2025-07-02_173612_tube7_cropped_8bits\16_0223_0_8bits.tiff;E:\Experiments\PTT\Spheroids\30062025_mcf10\0207 aftr laser\Analysis\2025-07-02_173612_tube7_segmentationDebug\16_0223_0_segmented.tiff;1925.5;(74. 77);228.1248904466629;0.8290635091496232;49.51386415326071;0.4649519147036189;0.9046290387787088;965.412038897976;0.9554401530418828;0.9062667714780988;0.8856128202030501;53.0;14.27356270669041;Dead;;;;;;;;;;;;;;;;;
2;Tube 7;1702230.0;1702230.0;0.0;223.0;False;E:\Experiments\PTT\Spheroids\30062025_mcf10\01072025\Analysis\2025-07-01_133427_tube7_cropped_8bits\17_0223_0_8bits.tiff;E:\Experiments\PTT\Spheroids\30062025_mcf10\01072025\Analysis\2025-07-01_133427_tube7_segmentationDebug\17_0223_0_segmented.tiff;1253.5;(70. 80);166.95331692695618;0.8463875759621877;39.95004091769527;0.5651244518162459;0.8106015246519915;598.8322640447259;0.9671583844462652;0.9385809033200248;0.8946497171697279;;;;;;;;;;;;;;;;;;;;;;;;;;;;;;;;;;;;;;;;;;;;;;;;;;;;;;
2;Tube 7;1704240.0;;;;;;;;;;;;;;;;;;1704240.0;0.0;424.0;False;E:\Experiments\PTT\Spheroids\30062025_mcf10\0207 before lqse\Analysis\2025-07-02_121009_tube7_cropped_8bits\17_0424_0_8bits.tiff;E:\Experiments\PTT\Spheroids\30062025_mcf10\0207 before lqse\Analysis\2025-07-02_121009_tube7_segmentationDebug\17_0424_0_segmented.tiff;1643.0;(66. 76);187.0538228750229;0.8663327181650409;45.73764939303148;0.5900845592443481;0.9090679386687808;775.7486609686609;0.9599337528564028;0.920362882118905;0.9019863486060088;1704240.0;0.0;424.0;False;E:\Experiments\PTT\Spheroids\30062025_mcf10\0207 aftr laser\Analysis\2025-07-02_173612_tube7_cropped_8bits\17_0424_0_8bits.tiff;E:\Experiments\PTT\Spheroids\30062025_mcf10\0207 aftr laser\Analysis\2025-07-02_173612_tube7_segmentationDebug\17_0424_0_segmented.tiff;1915.0;(79. 76);216.2253954410553;0.8272138228941684;49.37867685720058;0.5147131244225873;0.7981579083346251;691.7087626709508;0.9561027963307558;0.9074680279777468;0.909136606939311;69.0;5.330227677435767;Dead;0.0;0.0;0.0;;;;272.0;;29.17157256603241;-0.03911889527087242;3.641027464169099;-0.07537143482176079;-0.1109100303341557;-84.03989829771012;-0.0038309565256470224;-0.012894854141158207;0.007150258333302184
2;Tube 7;1805240.0;1805240.0;0.0;524.0;False;E:\Experiments\PTT\Spheroids\30062025_mcf10\01072025\Analysis\2025-07-01_133427_tube7_cropped_8bits\18_0524_0_8bits.tiff;E:\Experiments\PTT\Spheroids\30062025_mcf10\01072025\Analysis\2025-07-01_133427_tube7_segmentationDebug\18_0524_0_segmented.tiff;1011.5;(81. 75);134.66904664039612;0.8975155279503105;35.88707008798039;0.7008743718040199;0.8904336992219051;825.3532207882449;0.9759294791393;0.9502795345528964;0.9068550754074232;;;;;;;;;;;;;;;;;;;;;;;;;;;;;;;;;;;;;;;;;;;;;;;;;;;;;;
2;Tube 7;1806240.0;;;;;;;;;;;;;;;;;;1806240.0;0.0;624.0;False;E:\Experiments\PTT\Spheroids\30062025_mcf10\0207 before lqse\Analysis\2025-07-02_121009_tube7_cropped_8bits\18_0624_0_8bits.tiff;E:\Experiments\PTT\Spheroids\30062025_mcf10\0207 before lqse\Analysis\2025-07-02_121009_tube7_segmentationDebug\18_0624_0_segmented.tiff;1410.0;(73. 76);154.2253955602646;0.9334657398212513;42.37060016186435;0.7449329612915645;0.7254024818605139;854.8597854003947;0.9662150177373292;0.9315612073290006;0.902599891887392;;;;;;;;;;;;;;;;;;;;;;;;;;;;;;;;;;;;;
2;Tube 7;1907240.0;1907240.0;0.0;724.0;False;E:\Experiments\PTT\Spheroids\30062025_mcf10\01072025\Analysis\2025-07-01_133427_tube7_cropped_8bits\19_0724_0_8bits.tiff;E:\Experiments\PTT\Spheroids\30062025_mcf10\01072025\Analysis\2025-07-01_133427_tube7_segmentationDebug\19_0724_0_segmented.tiff;1064.0;(69. 76);152.22539508342743;0.856338028169014;36.80661456312185;0.5770019384808885;0.767901117714194;534.1384166007476;0.9742967294648558;0.9475191612287612;0.909614604425904;;;;;;;;;;;;;;;;;;;;;;;;;;;;;;;;;;;;;;;;;;;;;;;;;;;;;;
2;Tube 7;1909240.0;;;;;;;;;;;;;;;;;;1909240.0;0.0;924.0;False;E:\Experiments\PTT\Spheroids\30062025_mcf10\0207 before lqse\Analysis\2025-07-02_121009_tube7_cropped_8bits\19_0924_0_8bits.tiff;E:\Experiments\PTT\Spheroids\30062025_mcf10\0207 before lqse\Analysis\2025-07-02_121009_tube7_segmentationDebug\19_0924_0_segmented.tiff;1500.0;(80. 87);169.39696836471558;0.9149130832570904;43.70193722368317;0.6568857727853006;0.9534374132417166;878.8077025511634;0.9660644719209072;0.9273810376471384;0.9067570485923464;;;;;;;;;;;;;;;;;;;;;;;;;;;;;;;;;;;;;
2;Tube 7;1910240.0;;;;;;;;;;;;;;;;;;;;;;;;;;;;;;;;;;;1910240.0;0.0;1024.0;False;E:\Experiments\PTT\Spheroids\30062025_mcf10\0207 aftr laser\Analysis\2025-07-02_173612_tube7_cropped_8bits\19_1024_0_8bits.tiff;E:\Experiments\PTT\Spheroids\30062025_mcf10\0207 aftr laser\Analysis\2025-07-02_173612_tube7_segmentationDebug\19_1024_0_segmented.tiff;1343.5;(75. 81);175.98275482654572;0.8355099502487562;41.35936808453064;0.5451390727194638;0.9316599771165908;995.5963166928528;0.9716469341764252;0.9340095277763864;0.8809789439806069;76.0;3.7383140422284407;Dead;;;;;;;;;;;;;;;;;
2;Tube 7;2010240.0;2010240.0;0.0;1024.0;False;E:\Experiments\PTT\Spheroids\30062025_mcf10\01072025\Analysis\2025-07-01_133427_tube7_cropped_8bits\20_1024_0_8bits.tiff;E:\Experiments\PTT\Spheroids\30062025_mcf10\01072025\Analysis\2025-07-01_133427_tube7_segmentationDebug\20_1024_0_segmented.tiff;753.0;(67. 81);125.74011433124542;0.8690132717830352;30.96367835360614;0.5984903308976922;0.8501133891160687;728.9773734017922;0.9788617119150744;0.9622079984295449;0.8810008434518245;;;;;;;;;;;;;;;;;;;;;;;;;;;;;;;;;;;;;;;;;;;;;;;;;;;;;;
2;Tube 7;2012240.0;;;;;;;;;;;;;;;;;;;;;;;;;;;;;;;;;;;2012240.0;0.0;1224.0;False;E:\Experiments\PTT\Spheroids\30062025_mcf10\0207 aftr laser\Analysis\2025-07-02_173612_tube7_cropped_8bits\20_1224_0_8bits.tiff;E:\Experiments\PTT\Spheroids\30062025_mcf10\0207 aftr laser\Analysis\2025-07-02_173612_tube7_segmentationDebug\20_1224_0_segmented.tiff;1260.5;(80. 64);174.81118202209473;0.8158576051779936;40.06143340094901;0.518339487814756;0.7148531624022935;699.5999730412827;0.9733753167437164;0.9376135604956491;0.9082446618263652;58.0;3.5117495548206565;Dead;;;;;;;;;;;;;;;;;
2;Tube 7;210050.0;210050.0;0.0;1005.0;False;E:\Experiments\PTT\Spheroids\30062025_mcf10\01072025\Analysis\2025-07-01_133427_tube7_cropped_8bits\2_1005_0_8bits.tiff;E:\Experiments\PTT\Spheroids\30062025_mcf10\01072025\Analysis\2025-07-01_133427_tube7_segmentationDebug\2_1005_0_segmented.tiff;2667.5;(71. 73);289.4385985136032;0.8060129928992295;58.27835349064905;0.4001302623548008;0.6942058083256171;413.45068916243736;0.9353321611210526;0.8710949466721996;0.91225035448698;210050.0;0.0;1005.0;False;E:\Experiments\PTT\Spheroids\30062025_mcf10\0207 before lqse\Analysis\2025-07-02_121009_tube7_cropped_8bits\2_1005_0_8bits.tiff;E:\Experiments\PTT\Spheroids\30062025_mcf10\0207 before lqse\Analysis\2025-07-02_121009_tube7_segmentationDebug\2_1005_0_segmented.tiff;2562.5;(78. 69);217.0954532623291;0.9309718437783832;57.119841853631335;0.6832384240488524;0.7228550382865356;393.1545382805493;0.9521528808358448;0.8781541172791244;0.9348527252721942;;;;;;;;;;;;;;;;;;;;;;;;;;;;;;;;;;;;;
2;Tube 7;313050.0;313050.0;1.0;1305.0;False;E:\Experiments\PTT\Spheroids\30062025_mcf10\01072025\Analysis\2025-07-01_133427_tube7_cropped_8bits\3_1305_0_8bits.tiff;E:\Experiments\PTT\Spheroids\30062025_mcf10\01072025\Analysis\2025-07-01_133427_tube7_segmentationDebug\3_1305_0_segmented.tiff;1909.5;(66. 69);179.43859815597534;0.942497532082922;49.30771654286775;0.7452428041620996;0.8642315997923259;609.0713971986502;0.9599743173154438;0.908947363146;0.9201170314503871;313050.0;0.0;1305.0;False;E:\Experiments\PTT\Spheroids\30062025_mcf10\0207 before lqse\Analysis\2025-07-02_121009_tube7_cropped_8bits\3_1305_0_8bits.tiff;E:\Experiments\PTT\Spheroids\30062025_mcf10\0207 before lqse\Analysis\2025-07-02_121009_tube7_segmentationDebug\3_1305_0_segmented.tiff;2329.5;(75. 79);210.75230753421783;0.9036074476338248;54.46110097547204;0.6590644736203279;0.8465624449762044;555.0166016255885;0.954619468889488;0.8892799187708572;0.9242852266141106;;;;;;;;;;;;;;;;;;;;;;;;;;;;;;;;;;;;;
2;Tube 7;415030.0;;;;;;;;;;;;;;;;;;415030.0;0.0;1503.0;False;E:\Experiments\PTT\Spheroids\30062025_mcf10\0207 before lqse\Analysis\2025-07-02_121009_tube7_cropped_8bits\4_1503_0_8bits.tiff;E:\Experiments\PTT\Spheroids\30062025_mcf10\0207 before lqse\Analysis\2025-07-02_121009_tube7_segmentationDebug\4_1503_0_segmented.tiff;2604.5;(66. 81);267.2375878095627;0.8207026941862298;57.58604339822915;0.4582886903054938;0.9632202065654252;610.9640478683073;0.9386549216817092;0.874855982551212;0.9063905728747724;;;;;;;;;;;;;;;;;;;;;;;;;;;;;;;;;;;;;
2;Tube 7;415040.0;415040.0;0.0;1504.0;False;E:\Experiments\PTT\Spheroids\30062025_mcf10\01072025\Analysis\2025-07-01_133427_tube7_cropped_8bits\4_1504_0_8bits.tiff;E:\Experiments\PTT\Spheroids\30062025_mcf10\01072025\Analysis\2025-07-01_133427_tube7_segmentationDebug\4_1504_0_segmented.tiff;2395.5;(67. 69);257.23758828639984;0.8330725091288471;55.2272154776346;0.4549222524062924;0.6711822528154758;620.0571777592875;0.9460461727839896;0.8847972689988949;0.9127668072973306;;;;;;;;;;;;;;;;;;;;;;;;;;;;;;;;;;;;;;;;;;;;;;;;;;;;;;
2;Tube 7;513010.0;;;;;;;;;;;;;;;;;;513010.0;0.0;1301.0;False;E:\Experiments\PTT\Spheroids\30062025_mcf10\0207 before lqse\Analysis\2025-07-02_121009_tube7_cropped_8bits\5_1301_0_8bits.tiff;E:\Experiments\PTT\Spheroids\30062025_mcf10\0207 before lqse\Analysis\2025-07-02_121009_tube7_segmentationDebug\5_1301_0_segmented.tiff;2119.0;(69. 75);187.5391036272049;0.9394812680115274;51.9422236267741;0.7571068036498004;0.9497041935257824;710.4952519482065;0.9584735142139011;0.8992945890384137;0.9143904650496932;513010.0;0.0;1301.0;False;E:\Experiments\PTT\Spheroids\30062025_mcf10\0207 aftr laser\Analysis\2025-07-02_173612_tube7_cropped_8bits\5_1301_0_8bits.tiff;E:\Experiments\PTT\Spheroids\30062025_mcf10\0207 aftr laser\Analysis\2025-07-02_173612_tube7_segmentationDebug\5_1301_0_segmented.tiff;2158.5;(68. 73);202.75230705738068;0.913844199830652;52.42411236550266;0.6598273417777895;0.8383325100341814;672.8238669644923;0.9520949905905104;0.8972374080436601;0.8917021235717277;37.0;98.42438310862376;Alive;0.0;0.0;0.0;;;;39.5;;15.213203430175781;-0.02563706818087541;0.4818887387285571;-0.09727946187201097;-0.11137168349160098;-37.67138498371423;-0.006378523623390753;-0.0020571809947536046;-0.0226883414779655
2;Tube 7;514010.0;514010.0;0.0;1401.0;False;E:\Experiments\PTT\Spheroids\30062025_mcf10\01072025\Analysis\2025-07-01_133427_tube7_cropped_8bits\5_1401_0_8bits.tiff;E:\Experiments\PTT\Spheroids\30062025_mcf10\01072025\Analysis\2025-07-01_133427_tube7_segmentationDebug\5_1401_0_segmented.tiff;2169.0;(80. 76);266.5096660852432;0.8201928530913216;52.55146594083335;0.3837456678719224;0.9483722477961872;727.7328627241282;0.9476607444341294;0.8939606435289704;0.8825588400323291;;;;;;;;;;;;;;;;;;;;;;;;;;;;;;;;;;;;;;;;;;;;;;;;;;;;;;
2;Tube 7;610010.0;;;;;;;;;;;;;;;;;;;;;;;;;;;;;;;;;;;610010.0;0.0;1001.0;False;E:\Experiments\PTT\Spheroids\30062025_mcf10\0207 aftr laser\Analysis\2025-07-02_173612_tube7_cropped_8bits\6_1001_0_8bits.tiff;E:\Experiments\PTT\Spheroids\30062025_mcf10\0207 aftr laser\Analysis\2025-07-02_173612_tube7_segmentationDebug\6_1001_0_segmented.tiff;2309.0;(78. 73);203.53910374641416;0.9221246006389776;54.220937918791954;0.7003870077313602;0.9006022274984472;726.2519770384822;0.9486830448862168;0.8902318167851979;0.9057707644718302;37.0;4.054311879928771;Dead;;;;;;;;;;;;;;;;;
2;Tube 7;611010.0;611010.0;0.0;1101.0;False;E:\Experiments\PTT\Spheroids\30062025_mcf10\01072025\Analysis\2025-07-01_133427_tube7_cropped_8bits\6_1101_0_8bits.tiff;E:\Experiments\PTT\Spheroids\30062025_mcf10\01072025\Analysis\2025-07-01_133427_tube7_segmentationDebug\6_1101_0_segmented.tiff;2278.5;(72. 65);229.9238795042038;0.8557746478873239;53.86164036379758;0.5416150697549261;0.8060349383607298;722.2612777876516;0.9500680402818156;0.8903658947940531;0.8997861675695253;611010.0;0.0;1101.0;False;E:\Experiments\PTT\Spheroids\30062025_mcf10\0207 before lqse\Analysis\2025-07-02_121009_tube7_cropped_8bits\6_1101_0_8bits.tiff;E:\Experiments\PTT\Spheroids\30062025_mcf10\0207 before lqse\Analysis\2025-07-02_121009_tube7_segmentationDebug\6_1101_0_segmented.tiff;2103.5;(81. 77);176.81118166446686;0.9713691987993536;51.75190220997113;0.8455376042956474;0.9486705234614196;734.3986568135149;0.9581335489107128;0.90015607052805;0.920373784158432;;;;;;;;;;;;;;;;;;;;;;;;;;;;;;;;;;;;;
2;Tube 7;706010.0;;;;;;;;;;;;;;;;;;;;;;;;;;;;;;;;;;;706010.0;0.0;601.0;False;E:\Experiments\PTT\Spheroids\30062025_mcf10\0207 aftr laser\Analysis\2025-07-02_173612_tube7_cropped_8bits\7_0601_0_8bits.tiff;E:\Experiments\PTT\Spheroids\30062025_mcf10\0207 aftr laser\Analysis\2025-07-02_173612_tube7_segmentationDebug\7_0601_0_segmented.tiff;2212.5;(84. 74);193.43859839439392;0.9335443037974684;53.0758183425046;0.7430308914677958;0.8695780052923429;648.6044794641282;0.951307969014003;0.8945904778039188;0.8913223899042211;57.0;9.587255151360978;Dead;;;;;;;;;;;;;;;;;
2;Tube 7;707010.0;;;;;;;;;;;;;;;;;;707010.0;0.0;701.0;False;E:\Experiments\PTT\Spheroids\30062025_mcf10\0207 before lqse\Analysis\2025-07-02_121009_tube7_cropped_8bits\7_0701_0_8bits.tiff;E:\Experiments\PTT\Spheroids\30062025_mcf10\0207 before lqse\Analysis\2025-07-02_121009_tube7_segmentationDebug\7_0701_0_segmented.tiff;2147.0;(67. 85);195.88224971294403;0.9260297606210912;52.28427395064786;0.7031560890660374;0.8336197747428536;653.3054900969728;0.9536467835765756;0.8977980499412141;0.9188903746264004;;;;;;;;;;;;;;;;;;;;;;;;;;;;;;;;;;;;;
2;Tube 7;708010.0;708010.0;0.0;801.0;False;E:\Experiments\PTT\Spheroids\30062025_mcf10\01072025\Analysis\2025-07-01_133427_tube7_cropped_8bits\7_0801_0_8bits.tiff;E:\Experiments\PTT\Spheroids\30062025_mcf10\01072025\Analysis\2025-07-01_133427_tube7_segmentationDebug\7_0801_0_segmented.tiff;2065.5;(60. 68);199.2964633703232;0.8984341017833841;51.28231936691708;0.6534853853645312;0.9303084086989304;467.5584096569105;0.958272659199528;0.9013062493248862;0.929273200977045;;;;;;;;;;;;;;;;;;;;;;;;;;;;;;;;;;;;;;;;;;;;;;;;;;;;;;
2;Tube 7;803010.0;;;;;;;;;;;;;;;;;;;;;;;;;;;;;;;;;;;803010.0;0.0;301.0;False;E:\Experiments\PTT\Spheroids\30062025_mcf10\0207 aftr laser\Analysis\2025-07-02_173612_tube7_cropped_8bits\8_0301_0_8bits.tiff;E:\Experiments\PTT\Spheroids\30062025_mcf10\0207 aftr laser\Analysis\2025-07-02_173612_tube7_segmentationDebug\8_0301_0_segmented.tiff;1838.5;(69. 76);170.95331716537476;0.9503747738433704;48.38234081765367;0.7905301420596063;0.9132115279050262;1204.9525336700335;0.9632871914703736;0.912381856912689;0.8176942555107094;55.0;1.5048651742559143;Dead;;;;;;;;;;;;;;;;;
2;Tube 7;804010.0;;;;;;;;;;;;;;;;;;804010.0;0.0;401.0;False;E:\Experiments\PTT\Spheroids\30062025_mcf10\0207 before lqse\Analysis\2025-07-02_121009_tube7_cropped_8bits\8_0401_0_8bits.tiff;E:\Experiments\PTT\Spheroids\30062025_mcf10\0207 before lqse\Analysis\2025-07-02_121009_tube7_segmentationDebug\8_0401_0_segmented.tiff;2100.5;(59. 87);230.26702570915225;0.8205078125;51.71498490492103;0.4978162250239926;0.8244581698503246;745.0518478320562;0.9529122877564852;0.8987460241454207;0.9053637493209116;;;;;;;;;;;;;;;;;;;;;;;;;;;;;;;;;;;;;
2;Tube 7;805010.0;805010.0;0.0;501.0;False;E:\Experiments\PTT\Spheroids\30062025_mcf10\01072025\Analysis\2025-07-01_133427_tube7_cropped_8bits\8_0501_0_8bits.tiff;E:\Experiments\PTT\Spheroids\30062025_mcf10\01072025\Analysis\2025-07-01_133427_tube7_segmentationDebug\8_0501_0_segmented.tiff;1717.0;(70. 65);202.3675309419632;0.8557189135310241;46.75630757780467;0.5268639618198898;0.8766301524857889;864.8713930098902;0.9597068073796512;0.9164544821326476;0.8846928707240478;;;;;;;;;;;;;;;;;;;;;;;;;;;;;;;;;;;;;;;;;;;;;;;;;;;;;;
2;Tube 7;902030.0;;;;;;;;;;;;;;;;;;902030.0;0.0;203.0;False;E:\Experiments\PTT\Spheroids\30062025_mcf10\0207 before lqse\Analysis\2025-07-02_121009_tube7_cropped_8bits\9_0203_0_8bits.tiff;E:\Experiments\PTT\Spheroids\30062025_mcf10\0207 before lqse\Analysis\2025-07-02_121009_tube7_segmentationDebug\9_0203_0_segmented.tiff;1814.0;(73. 79);171.19595754146576;0.9418483904465212;48.05888611016266;0.7777860254162862;0.942148071527743;799.1974990826352;0.9618708177785515;0.9133022821667388;0.90649248070253;;;;;;;;;;;;;;;;;;;;;;;;;;;;;;;;;;;;;
2;Tube 7;902040.0;;;;;;;;;;;;;;;;;;;;;;;;;;;;;;;;;;;902040.0;0.0;204.0;False;E:\Experiments\PTT\Spheroids\30062025_mcf10\0207 aftr laser\Analysis\2025-07-02_173612_tube7_cropped_8bits\9_0204_0_8bits.tiff;E:\Experiments\PTT\Spheroids\30062025_mcf10\0207 aftr laser\Analysis\2025-07-02_173612_tube7_segmentationDebug\9_0204_0_segmented.tiff;1718.0;(70. 77);222.99494779109955;0.7667931265342558;46.76992129408611;0.4341531696854143;0.7760083936798735;1176.237283542178;0.9734767481988958;0.916003915565065;0.8259615054122431;71.0;2.158324853726787;Dead;;;;;;;;;;;;;;;;;
2;Tube 7;903010.0;903010.0;0.0;301.0;False;E:\Experiments\PTT\Spheroids\30062025_mcf10\01072025\Analysis\2025-07-01_133427_tube7_cropped_8bits\9_0301_0_8bits.tiff;E:\Experiments\PTT\Spheroids\30062025_mcf10\01072025\Analysis\2025-07-01_133427_tube7_segmentationDebug\9_0301_0_segmented.tiff;1542.5;(76. 65);163.29646289348602;0.9230999401555956;44.3167236802766;0.7269114023198323;0.9449556624994973;671.886794290074;0.9733982695501844;0.9257310413682311;0.9065145620706462;;;;;;;;;;;;;;;;;;;;;;;;;;;;;;;;;;;;;;;;;;;;;;;;;;;;;;
2;Tube 8;1002050.0;1002050.0;0.0;205.0;False;E:\Experiments\PTT\Spheroids\30062025_mcf10\01072025\Analysis\2025-07-01_134256_tube8_cropped_8bits\10_0205_0_8bits.tiff;E:\Experiments\PTT\Spheroids\30062025_mcf10\01072025\Analysis\2025-07-01_134256_tube8_segmentationDebug\10_0205_0_segmented.tiff;1555.5;(88. 83);178.81118190288544;0.8921709205620878;44.50307980168952;0.6113508662331417;0.8807989625882234;692.7024729094744;0.9638565730431424;0.9245720658754906;0.9073214097398092;;;;;;;;;;;;;;;;;;;;;;;;;;;;;;;;;;;;;;;;;;;;;;;;;;;;;;
2;Tube 8;1002060.0;;;;;;;;;;;;;;;;;;1002060.0;0.0;206.0;False;E:\Experiments\PTT\Spheroids\30062025_mcf10\0207 before lqse\Analysis\2025-07-02_122109_tube8_cropped_8bits\10_0206_0_8bits.tiff;E:\Experiments\PTT\Spheroids\30062025_mcf10\0207 before lqse\Analysis\2025-07-02_122109_tube8_segmentationDebug\10_0206_0_segmented.tiff;1799.5;(75. 76);168.95331752300262;0.951361353423209;47.866424148362334;0.7921880141850122;0.8168289694746009;868.1227825920735;0.961076052937501;0.9138871703996128;0.9033061602018508;1002060.0;0.0;206.0;False;E:\Experiments\PTT\Spheroids\30062025_mcf10\0207 aftr laser\Analysis\2025-07-02_174444_tube8_cropped_8bits\10_0206_0_8bits.tiff;E:\Experiments\PTT\Spheroids\30062025_mcf10\0207 aftr laser\Analysis\2025-07-02_174444_tube8_segmentationDebug\10_0206_0_segmented.tiff;2049.5;(72. 81);190.6101715564728;0.9219523166891588;51.08330888788153;0.708868441520304;0.980930754468246;538.1001868893568;0.9667003248868232;0.9024120133325608;0.9280343694802998;48.0;78.62980157720682;Alive;0.0;0.0;0.0;;;;250.0;;21.656854033470182;-0.029409036734050265;3.2168847395191946;-0.08331957266470813;0.16410178499364503;-330.02259570271667;0.005624271949322246;-0.011475157067051933;0.024728209278448987
2;Tube 8;109050.0;109050.0;0.0;905.0;False;E:\Experiments\PTT\Spheroids\30062025_mcf10\01072025\Analysis\2025-07-01_134256_tube8_cropped_8bits\1_0905_0_8bits.tiff;E:\Experiments\PTT\Spheroids\30062025_mcf10\01072025\Analysis\2025-07-01_134256_tube8_segmentationDebug\1_0905_0_segmented.tiff;1553.5;(74. 78);179.63960921764374;0.8877142857142857;44.474460454805694;0.6049464302552315;0.8442462496204605;970.6748557425228;0.9676716300017446;0.9246221522594236;0.904942005761413;109050.0;0.0;905.0;False;E:\Experiments\PTT\Spheroids\30062025_mcf10\0207 before lqse\Analysis\2025-07-02_122109_tube8_cropped_8bits\1_0905_0_8bits.tiff;E:\Experiments\PTT\Spheroids\30062025_mcf10\0207 before lqse\Analysis\2025-07-02_122109_tube8_segmentationDebug\1_0905_0_segmented.tiff;2131.0;(78. 72);206.22539567947388;0.8914453043296382;52.08909165872095;0.6296642300941899;0.7601918864012476;1052.82884850013;0.9483202147944526;0.8977257557369904;0.9042820084461892;109050.0;0.0;905.0;False;E:\Experiments\PTT\Spheroids\30062025_mcf10\0207 aftr laser\Analysis\2025-07-02_174444_tube8_cropped_8bits\1_0905_0_8bits.tiff;E:\Experiments\PTT\Spheroids\30062025_mcf10\0207 aftr laser\Analysis\2025-07-02_174444_tube8_segmentationDebug\1_0905_0_segmented.tiff;1829.0;(78. 82);187.53910374641416;0.8965686274509804;48.257176951419495;0.6534914309179111;0.892922513639559;899.5664973166416;0.9647957696589358;0.9121764532793152;0.8655983796508059;37.0;114.99936402950904;Alive;0.0;0.0;0.0;;;;-302.0;;-18.68629193305972;0.005123323121342227;-3.8319147073014577;0.02382720082372114;0.13273062723831142;-153.26235118348848;0.016475554864483155;0.014450697542324753;-0.03868362879538334
2;Tube 8;1102080.0;1102080.0;0.0;208.0;False;E:\Experiments\PTT\Spheroids\30062025_mcf10\01072025\Analysis\2025-07-01_134256_tube8_cropped_8bits\11_0208_0_8bits.tiff;E:\Experiments\PTT\Spheroids\30062025_mcf10\01072025\Analysis\2025-07-01_134256_tube8_segmentationDebug\11_0208_0_segmented.tiff;1484.0;(63. 66);156.56854116916656;0.9431204321576104;43.46823534935576;0.7607373771413132;0.8869363481339123;842.5964473479103;0.966891144041123;0.9285678012101104;0.903861421599912;;;;;;;;;;;;;;;;;;1102080.0;0.0;208.0;False;E:\Experiments\PTT\Spheroids\30062025_mcf10\0207 aftr laser\Analysis\2025-07-02_174444_tube8_cropped_8bits\11_0208_0_8bits.tiff;E:\Experiments\PTT\Spheroids\30062025_mcf10\0207 aftr laser\Analysis\2025-07-02_174444_tube8_segmentationDebug\11_0208_0_segmented.tiff;1994.0;(76. 74);172.3675309419632;0.9670223084384092;50.38689960894512;0.8433815511500092;0.9450511717310808;603.2658262908262;0.9695990343406056;0.905668855847993;0.9190013533172378;48.0;95.80100483337573;Alive;;;;;;;;;;;;;;;;;
2;Tube 8;1102090.0;;;;;;;;;;;;;;;;;;1102090.0;0.0;209.0;False;E:\Experiments\PTT\Spheroids\30062025_mcf10\0207 before lqse\Analysis\2025-07-02_122109_tube8_cropped_8bits\11_0209_0_8bits.tiff;E:\Experiments\PTT\Spheroids\30062025_mcf10\0207 before lqse\Analysis\2025-07-02_122109_tube8_segmentationDebug\11_0209_0_segmented.tiff;2078.5;(77. 76);189.78174471855164;0.9237777777777778;51.44344850155397;0.725188691325436;0.8174231414958824;609.6063506016565;0.9569860371405629;0.9011202666330752;0.9292995935213144;;;;;;;;;;;;;;;;;;;;;;;;;;;;;;;;;;;;;
2;Tube 8;1202110.0;1202110.0;0.0;211.0;False;E:\Experiments\PTT\Spheroids\30062025_mcf10\01072025\Analysis\2025-07-01_134256_tube8_cropped_8bits\12_0211_0_8bits.tiff;E:\Experiments\PTT\Spheroids\30062025_mcf10\01072025\Analysis\2025-07-01_134256_tube8_segmentationDebug\12_0211_0_segmented.tiff;1379.0;(80. 71);147.05382251739502;0.9553169379979216;41.90223540802793;0.8013486213786116;0.895782206224941;740.993754700984;0.9700442838286292;0.933399198913106;0.9096937644421914;;;;;;;;;;;;;;;;;;;;;;;;;;;;;;;;;;;;;;;;;;;;;;;;;;;;;;
2;Tube 8;1202120.0;;;;;;;;;;;;;;;;;;1202120.0;0.0;212.0;False;E:\Experiments\PTT\Spheroids\30062025_mcf10\0207 before lqse\Analysis\2025-07-02_122109_tube8_cropped_8bits\12_0212_0_8bits.tiff;E:\Experiments\PTT\Spheroids\30062025_mcf10\0207 before lqse\Analysis\2025-07-02_122109_tube8_segmentationDebug\12_0212_0_segmented.tiff;2101.5;(74. 79);189.63960909843445;0.9267916207276736;51.727293600776605;0.7343128962128954;0.9819407681786472;677.8538986298572;0.9739669588869748;0.9004609017013986;0.9291540216499924;;;;;;;;;;;;;;;;;;;;;;;;;;;;;;;;;;;;;
2;Tube 8;1302140.0;1302140.0;0.0;214.0;False;E:\Experiments\PTT\Spheroids\30062025_mcf10\01072025\Analysis\2025-07-01_134256_tube8_cropped_8bits\13_0214_0_8bits.tiff;E:\Experiments\PTT\Spheroids\30062025_mcf10\01072025\Analysis\2025-07-01_134256_tube8_segmentationDebug\13_0214_0_segmented.tiff;1791.0;(62. 71);180.3675309419632;0.9265390584583548;47.75324098551507;0.6918130170548141;0.6642124089843001;568.4395441695237;0.9661215404451248;0.9141138238201896;0.93282621121971;1302140.0;0.0;214.0;False;E:\Experiments\PTT\Spheroids\30062025_mcf10\0207 before lqse\Analysis\2025-07-02_122109_tube8_cropped_8bits\13_0214_0_8bits.tiff;E:\Experiments\PTT\Spheroids\30062025_mcf10\0207 before lqse\Analysis\2025-07-02_122109_tube8_segmentationDebug\13_0214_0_segmented.tiff;2357.5;(75. 83);208.6101714372635;0.9180295950155763;54.787427633656485;0.6807546326409916;0.7712166795777029;756.1250780726558;0.9660947275314428;0.8885195929460599;0.9198585234974758;;;;;;;;;;;;;;;;;;;;;;;;;;;;;;;;;;;;;
2;Tube 8;1402160.0;1402160.0;0.0;216.0;False;E:\Experiments\PTT\Spheroids\30062025_mcf10\01072025\Analysis\2025-07-01_134256_tube8_cropped_8bits\14_0216_0_8bits.tiff;E:\Experiments\PTT\Spheroids\30062025_mcf10\01072025\Analysis\2025-07-01_134256_tube8_segmentationDebug\14_0216_0_segmented.tiff;1684.5;(80. 80);180.81118190288544;0.9073525451117694;46.31168333267947;0.6474858908160269;0.7783524154738045;904.5633945656334;0.965798535684124;0.918890830916808;0.907525935787471;;;;;;;;;;;;;;;;;;;;;;;;;;;;;;;;;;;;;;;;;;;;;;;;;;;;;;
2;Tube 8;1402170.0;;;;;;;;;;;;;;;;;;1402170.0;0.0;217.0;False;E:\Experiments\PTT\Spheroids\30062025_mcf10\0207 before lqse\Analysis\2025-07-02_122109_tube8_cropped_8bits\14_0217_0_8bits.tiff;E:\Experiments\PTT\Spheroids\30062025_mcf10\0207 before lqse\Analysis\2025-07-02_122109_tube8_segmentationDebug\14_0217_0_segmented.tiff;1831.5;(66. 79);182.4680359363556;0.9189663823381836;48.29014626383369;0.6912628097254157;0.8524117469684895;731.0846027518824;0.966106699621718;0.9122460842540878;0.9274430656349464;;;;;;;;;;;;;;;;;;;;;;;;;;;;;;;;;;;;;
2;Tube 8;1502190.0;1502190.0;0.0;219.0;False;E:\Experiments\PTT\Spheroids\30062025_mcf10\01072025\Analysis\2025-07-01_134256_tube8_cropped_8bits\15_0219_0_8bits.tiff;E:\Experiments\PTT\Spheroids\30062025_mcf10\01072025\Analysis\2025-07-01_134256_tube8_segmentationDebug\15_0219_0_segmented.tiff;1700.5;(81. 83);185.63960909843445;0.9081441922563418;46.53110621747719;0.6200764104154072;0.7051746332990523;789.9093849840256;0.9651373056750174;0.918148369049549;0.9330160549851428;1502190.0;0.0;219.0;False;E:\Experiments\PTT\Spheroids\30062025_mcf10\0207 before lqse\Analysis\2025-07-02_122109_tube8_cropped_8bits\15_0219_0_8bits.tiff;E:\Experiments\PTT\Spheroids\30062025_mcf10\0207 before lqse\Analysis\2025-07-02_122109_tube8_segmentationDebug\15_0219_0_segmented.tiff;1769.0;(87. 64);176.22539579868317;0.9252092050209204;47.45904291740936;0.7158148562214864;0.8105719630650919;901.0530793082248;0.9629890891610824;0.9152042498109496;0.919723788250612;1502190.0;0.0;219.0;False;E:\Experiments\PTT\Spheroids\30062025_mcf10\0207 aftr laser\Analysis\2025-07-02_174444_tube8_cropped_8bits\15_0219_0_8bits.tiff;E:\Experiments\PTT\Spheroids\30062025_mcf10\0207 aftr laser\Analysis\2025-07-02_174444_tube8_segmentationDebug\15_0219_0_segmented.tiff;1865.0;(67. 74);173.88224947452545;0.9520163348647268;48.72978299696273;0.7751365226384332;0.8844903816187374;736.9217260843732;0.9652139297243127;0.910910446607602;0.8875380285143347;55.0;44.59743067921649;Dead;0.0;0.0;0.0;;;;96.0;;-2.343146324157715;0.0268071298438064;1.27074007955337;0.059321666416946806;0.07391841855364545;-164.13135322385165;0.002224840563230357;-0.0042938032033476015;-0.03218575973627724
2;Tube 8;1602230.0;1602230.0;0.0;223.0;False;E:\Experiments\PTT\Spheroids\30062025_mcf10\01072025\Analysis\2025-07-01_134256_tube8_cropped_8bits\16_0223_0_8bits.tiff;E:\Experiments\PTT\Spheroids\30062025_mcf10\01072025\Analysis\2025-07-01_134256_tube8_segmentationDebug\16_0223_0_segmented.tiff;1696.5;(49. 75);168.1248903274536;0.943023902167871;46.47634761513864;0.754222874700798;0.6994649569772364;752.904426378796;0.9651852223689572;0.9187006870899788;0.8928083914293756;1602230.0;0.0;223.0;False;E:\Experiments\PTT\Spheroids\30062025_mcf10\0207 before lqse\Analysis\2025-07-02_122109_tube8_cropped_8bits\16_0223_0_8bits.tiff;E:\Experiments\PTT\Spheroids\30062025_mcf10\0207 before lqse\Analysis\2025-07-02_122109_tube8_segmentationDebug\16_0223_0_segmented.tiff;2695.0;(79. 89);237.1959580183029;0.9016393442622952;58.57798710318804;0.6019411939854211;0.9274751161704116;948.221121066232;0.9428455147566532;0.8719841255900784;0.8910072966995641;;;;;;;;;;;;;;;;;;;;;;;;;;;;;;;;;;;;;
2;Tube 8;1703240.0;1703240.0;0.0;324.0;False;E:\Experiments\PTT\Spheroids\30062025_mcf10\01072025\Analysis\2025-07-01_134256_tube8_cropped_8bits\17_0324_0_8bits.tiff;E:\Experiments\PTT\Spheroids\30062025_mcf10\01072025\Analysis\2025-07-01_134256_tube8_segmentationDebug\17_0324_0_segmented.tiff;1628.5;(68. 75);177.2964632511139;0.9029664541169948;45.53537743997751;0.6510247243696503;0.7811268866763716;936.5854146036676;0.9617726102967672;0.9215265442020344;0.901283216393152;;;;;;;;;;;;;;;;;;;;;;;;;;;;;;;;;;;;;;;;;;;;;;;;;;;;;;
2;Tube 8;1704240.0;;;;;;;;;;;;;;;;;;1704240.0;0.0;424.0;False;E:\Experiments\PTT\Spheroids\30062025_mcf10\0207 before lqse\Analysis\2025-07-02_122109_tube8_cropped_8bits\17_0424_0_8bits.tiff;E:\Experiments\PTT\Spheroids\30062025_mcf10\0207 before lqse\Analysis\2025-07-02_122109_tube8_segmentationDebug\17_0424_0_segmented.tiff;1716.5;(71. 62);165.98275470733645;0.9420965971459934;46.74949923301753;0.7829386555660263;0.9646648066314972;948.5949297492034;0.9625649721070442;0.9177710466275326;0.8915535214240986;;;;;;;;;;;;;;;;;;;;;;;;;;;;;;;;;;;;;
2;Tube 8;1806240.0;1806240.0;0.0;624.0;False;E:\Experiments\PTT\Spheroids\30062025_mcf10\01072025\Analysis\2025-07-01_134256_tube8_cropped_8bits\18_0624_0_8bits.tiff;E:\Experiments\PTT\Spheroids\30062025_mcf10\01072025\Analysis\2025-07-01_134256_tube8_segmentationDebug\18_0624_0_segmented.tiff;1614.5;(71. 72);175.98275482654572;0.9131787330316742;45.33922413291741;0.6551001361411047;0.9387509413152404;905.0799159771332;0.9615360429626584;0.9221077800528104;0.9010801234987496;1806240.0;0.0;624.0;False;E:\Experiments\PTT\Spheroids\30062025_mcf10\0207 before lqse\Analysis\2025-07-02_122109_tube8_cropped_8bits\18_0624_0_8bits.tiff;E:\Experiments\PTT\Spheroids\30062025_mcf10\0207 before lqse\Analysis\2025-07-02_122109_tube8_segmentationDebug\18_0624_0_segmented.tiff;1868.5;(71. 75);197.43859839439392;0.8851255329227854;48.77548656177252;0.6023360374287333;0.866955548596495;809.385713195815;0.9540994668468628;0.9101036439075136;0.8851865757837315;;;;;;;;;;;;;;;;;;;;;;;;;;;;;;;;;;;;;
2;Tube 8;1909240.0;1909240.0;0.0;924.0;False;E:\Experiments\PTT\Spheroids\30062025_mcf10\01072025\Analysis\2025-07-01_134256_tube8_cropped_8bits\19_0924_0_8bits.tiff;E:\Experiments\PTT\Spheroids\30062025_mcf10\01072025\Analysis\2025-07-01_134256_tube8_segmentationDebug\19_0924_0_segmented.tiff;1319.0;(65. 73);145.0538227558136;0.9502881844380404;40.9805192683753;0.7877643120510891;0.8398481904008476;702.6818011175137;0.968689038227992;0.9360479279213296;0.8957080957484298;1909240.0;0.0;924.0;False;E:\Experiments\PTT\Spheroids\30062025_mcf10\0207 before lqse\Analysis\2025-07-02_122109_tube8_cropped_8bits\19_0924_0_8bits.tiff;E:\Experiments\PTT\Spheroids\30062025_mcf10\0207 before lqse\Analysis\2025-07-02_122109_tube8_segmentationDebug\19_0924_0_segmented.tiff;1693.5;(80. 82);165.2964631319046;0.9455611390284756;46.43523628677901;0.778875320484637;0.9351271447046788;836.5604845981416;0.9580464081251552;0.9188862122356828;0.8990923675001106;1909240.0;0.0;924.0;False;E:\Experiments\PTT\Spheroids\30062025_mcf10\0207 aftr laser\Analysis\2025-07-02_174444_tube8_cropped_8bits\19_0924_0_8bits.tiff;E:\Experiments\PTT\Spheroids\30062025_mcf10\0207 aftr laser\Analysis\2025-07-02_174444_tube8_segmentationDebug\19_0924_0_segmented.tiff;1642.5;(72. 85);162.61017179489136;0.950795947901592;45.73068939156182;0.7805843233060972;0.91709309674086;606.6725726534987;0.962840371763546;0.9212896166258502;0.8969185934463375;42.0;104.02887306029001;Alive;0.0;0.0;0.0;;;;-51.0;;-2.6862913370132446;0.005234808873116448;-0.7045468952171916;0.0017090028214601372;-0.0180340479638188;-229.88791194464284;0.004793963638390797;0.0024034043901673963;-0.0021737740537730588
2;Tube 8;2011240.0;2011240.0;0.0;1124.0;False;E:\Experiments\PTT\Spheroids\30062025_mcf10\01072025\Analysis\2025-07-01_134256_tube8_cropped_8bits\20_1124_0_8bits.tiff;E:\Experiments\PTT\Spheroids\30062025_mcf10\01072025\Analysis\2025-07-01_134256_tube8_segmentationDebug\20_1124_0_segmented.tiff;1422.0;(78. 84);160.71067667007446;0.915057915057915;42.55051859394197;0.691862833305059;0.9239796555820066;819.9415925058549;0.9681280347864152;0.9310214535145224;0.9004436321927254;;;;;;;;;;;;;;;;;;;;;;;;;;;;;;;;;;;;;;;;;;;;;;;;;;;;;;
2;Tube 8;2012240.0;;;;;;;;;;;;;;;;;;2012240.0;0.0;1224.0;False;E:\Experiments\PTT\Spheroids\30062025_mcf10\0207 before lqse\Analysis\2025-07-02_122109_tube8_cropped_8bits\20_1224_0_8bits.tiff;E:\Experiments\PTT\Spheroids\30062025_mcf10\0207 before lqse\Analysis\2025-07-02_122109_tube8_segmentationDebug\20_1224_0_segmented.tiff;1846.0;(81. 68);201.1959580183029;0.8998293931269803;48.48092614194896;0.5730639085326397;0.8814247819464804;824.5724357512677;0.961751648023151;0.910833106658688;0.9091372220705076;;;;;;;;;;;;;;;;;;;;;;;;;;;;;;;;;;;;;
2;Tube 8;211050.0;211050.0;0.0;1105.0;False;E:\Experiments\PTT\Spheroids\30062025_mcf10\01072025\Analysis\2025-07-01_134256_tube8_cropped_8bits\2_1105_0_8bits.tiff;E:\Experiments\PTT\Spheroids\30062025_mcf10\01072025\Analysis\2025-07-01_134256_tube8_segmentationDebug\2_1105_0_segmented.tiff;2328.0;(73. 73);209.53910386562347;0.9269360939677485;54.44356399193075;0.6662890492842029;0.6637912692904956;623.7019109246305;0.9504464945321668;0.8886093699792144;0.927406777198122;;;;;;;;;;;;;;;;;;;;;;;;;;;;;;;;;;;;;;;;;;;;;;;;;;;;;;
2;Tube 8;212050.0;;;;;;;;;;;;;;;;;;212050.0;0.0;1205.0;False;E:\Experiments\PTT\Spheroids\30062025_mcf10\0207 before lqse\Analysis\2025-07-02_122109_tube8_cropped_8bits\2_1205_0_8bits.tiff;E:\Experiments\PTT\Spheroids\30062025_mcf10\0207 before lqse\Analysis\2025-07-02_122109_tube8_segmentationDebug\2_1205_0_segmented.tiff;2326.0;(77. 77);186.0243847370148;0.9713927751096262;54.42017255626804;0.8446559015458412;0.8248913221167188;576.1433753266147;0.946380570772016;0.8897340729218449;0.9227456602157648;212050.0;0.0;1205.0;False;E:\Experiments\PTT\Spheroids\30062025_mcf10\0207 aftr laser\Analysis\2025-07-02_174444_tube8_cropped_8bits\2_1205_0_8bits.tiff;E:\Experiments\PTT\Spheroids\30062025_mcf10\0207 aftr laser\Analysis\2025-07-02_174444_tube8_segmentationDebug\2_1205_0_segmented.tiff;2475.0;(76. 78);312.3086552619934;0.7823613086770982;56.13615477764333;0.318872470543931;0.7811012969818023;217.9353112525148;0.9527278719930102;0.8796268925026471;0.9229199141650783;37.0;103.90962859323328;Alive;0.0;0.0;0.0;;;;149.0;;126.28427052497861;-0.189031466432528;1.7159822213752847;-0.5257834310019103;-0.04379002513491648;-358.20806407409987;0.00634730122099425;-0.010107180419197781;0.0001742539493135853
2;Tube 8;314050.0;314050.0;0.0;1405.0;False;E:\Experiments\PTT\Spheroids\30062025_mcf10\01072025\Analysis\2025-07-01_134256_tube8_cropped_8bits\3_1405_0_8bits.tiff;E:\Experiments\PTT\Spheroids\30062025_mcf10\01072025\Analysis\2025-07-01_134256_tube8_segmentationDebug\3_1405_0_segmented.tiff;2553.0;(82. 66);209.3380936384201;0.9355075119091242;57.01386285552726;0.7320894511265986;0.6845611231287583;719.8498836492433;0.936761512670506;0.8786728657667815;0.8985676768909869;;;;;;;;;;;;;;;;;;;;;;;;;;;;;;;;;;;;;;;;;;;;;;;;;;;;;;
2;Tube 8;315030.0;;;;;;;;;;;;;;;;;;;;;;;;;;;;;;;;;;;315030.0;0.0;1503.0;False;E:\Experiments\PTT\Spheroids\30062025_mcf10\0207 aftr laser\Analysis\2025-07-02_174444_tube8_cropped_8bits\3_1503_0_8bits.tiff;E:\Experiments\PTT\Spheroids\30062025_mcf10\0207 aftr laser\Analysis\2025-07-02_174444_tube8_segmentationDebug\3_1503_0_segmented.tiff;2213.0;(87. 79);181.1959581375122;0.9794202257136536;53.08181527132352;0.8470211725533524;0.7546526870882497;659.5480590551788;0.9551987399589452;0.8950736935334416;0.8958595677068313;37.0;96.03949376748919;Alive;;;;;;;;;;;;;;;;;
2;Tube 8;315040.0;;;;;;;;;;;;;;;;;;315040.0;0.0;1504.0;False;E:\Experiments\PTT\Spheroids\30062025_mcf10\0207 before lqse\Analysis\2025-07-02_122109_tube8_cropped_8bits\3_1504_0_8bits.tiff;E:\Experiments\PTT\Spheroids\30062025_mcf10\0207 before lqse\Analysis\2025-07-02_122109_tube8_segmentationDebug\3_1504_0_segmented.tiff;2642.0;(82. 72);213.19595766067505;0.9449213161659512;57.99912824508917;0.7304403324580523;0.72187133556806;636.3501063897784;0.9464992629761834;0.8752246096300217;0.9238840517835376;;;;;;;;;;;;;;;;;;;;;;;;;;;;;;;;;;;;;
2;Tube 8;415020.0;415020.0;0.0;1502.0;False;E:\Experiments\PTT\Spheroids\30062025_mcf10\01072025\Analysis\2025-07-01_134256_tube8_cropped_8bits\4_1502_0_8bits.tiff;E:\Experiments\PTT\Spheroids\30062025_mcf10\01072025\Analysis\2025-07-01_134256_tube8_segmentationDebug\4_1502_0_segmented.tiff;1690.0;(63. 69);190.36753058433533;0.8820459290187892;46.38722701997205;0.5860178111267155;0.7266975810442085;936.3278333504604;0.9582385348534782;0.9182672536279276;0.8930970631222156;415020.0;0.0;1502.0;False;E:\Experiments\PTT\Spheroids\30062025_mcf10\0207 before lqse\Analysis\2025-07-02_122109_tube8_cropped_8bits\4_1502_0_8bits.tiff;E:\Experiments\PTT\Spheroids\30062025_mcf10\0207 before lqse\Analysis\2025-07-02_122109_tube8_segmentationDebug\4_1502_0_segmented.tiff;1954.0;(79. 68);185.88224971294403;0.9227863046044864;49.8789541832275;0.710654619242481;0.9035142177936042;738.3092798640446;0.9556043405195064;0.9064166025950068;0.9114973090257512;415020.0;0.0;1502.0;False;E:\Experiments\PTT\Spheroids\30062025_mcf10\0207 aftr laser\Analysis\2025-07-02_174444_tube8_cropped_8bits\4_1502_0_8bits.tiff;E:\Experiments\PTT\Spheroids\30062025_mcf10\0207 aftr laser\Analysis\2025-07-02_174444_tube8_segmentationDebug\4_1502_0_segmented.tiff;1786.5;(71. 45);190.1248908042908;0.908929025693208;47.69321174621571;0.6210619596370676;0.7695368170019851;509.1965165118757;0.9612794865782696;0.8936933565304493;0.8950985911304303;37.0;96.27798270160265;Alive;0.0;0.0;0.0;;;;-167.5;;4.242641091346769;-0.013857278911278414;-2.1857424370117897;-0.0895926596054134;-0.13397740079161913;-229.11276335216888;0.005675146058763181;-0.012723246064557436;-0.01639871789532088
2;Tube 8;512010.0;512010.0;0.0;1201.0;False;E:\Experiments\PTT\Spheroids\30062025_mcf10\01072025\Analysis\2025-07-01_134256_tube8_cropped_8bits\5_1201_0_8bits.tiff;E:\Experiments\PTT\Spheroids\30062025_mcf10\01072025\Analysis\2025-07-01_134256_tube8_segmentationDebug\5_1201_0_segmented.tiff;1589.0;(75. 85);171.74011421203613;0.9046399089097638;44.97974695998382;0.6770024907079932;0.8991384286901095;969.6732794739376;0.9655732523328476;0.92269068198034;0.8930602406534406;512010.0;0.0;1201.0;False;E:\Experiments\PTT\Spheroids\30062025_mcf10\0207 before lqse\Analysis\2025-07-02_122109_tube8_cropped_8bits\5_1201_0_8bits.tiff;E:\Experiments\PTT\Spheroids\30062025_mcf10\0207 before lqse\Analysis\2025-07-02_122109_tube8_segmentationDebug\5_1201_0_segmented.tiff;1794.0;(79. 79);174.225395321846;0.9226022113653896;47.79321859066286;0.7426930938057889;0.8946510903390201;1030.335081615517;0.9550467845912016;0.913935691346914;0.8862756673037824;;;;;;;;;;;;;;;;;;;;;;;;;;;;;;;;;;;;;
2;Tube 8;609010.0;;;;;;;;;;;;;;;;;;609010.0;0.0;901.0;False;E:\Experiments\PTT\Spheroids\30062025_mcf10\0207 before lqse\Analysis\2025-07-02_122109_tube8_cropped_8bits\6_0901_0_8bits.tiff;E:\Experiments\PTT\Spheroids\30062025_mcf10\0207 before lqse\Analysis\2025-07-02_122109_tube8_segmentationDebug\6_0901_0_segmented.tiff;1972.5;(70. 73);181.2964632511139;0.9328446441239064;50.11451887417567;0.7541334629899696;0.8956664339007565;978.5621735015768;0.9485142891942816;0.9058341771297967;0.8896589502780682;609010.0;0.0;901.0;False;E:\Experiments\PTT\Spheroids\30062025_mcf10\0207 aftr laser\Analysis\2025-07-02_174444_tube8_cropped_8bits\6_0901_0_8bits.tiff;E:\Experiments\PTT\Spheroids\30062025_mcf10\0207 aftr laser\Analysis\2025-07-02_174444_tube8_segmentationDebug\6_0901_0_segmented.tiff;1842.5;(73. 82);170.26702523231506;0.9626436781609196;48.43494462858956;0.7986495727145468;0.937164344323872;864.1860347950692;0.9615475667960468;0.9120747873935549;0.8744267672130211;37.0;109.0371406766726;Alive;0.0;0.0;0.0;;;;-130.0;;-11.029438018798828;0.029799034037013117;-1.6795742455861102;0.0445161097245772;0.04149791042311546;-114.37613870650762;0.013033277601765203;0.006240610263758106;-0.015232183065047034
2;Tube 8;610010.0;610010.0;0.0;1001.0;False;E:\Experiments\PTT\Spheroids\30062025_mcf10\01072025\Analysis\2025-07-01_134256_tube8_cropped_8bits\6_1001_0_8bits.tiff;E:\Experiments\PTT\Spheroids\30062025_mcf10\01072025\Analysis\2025-07-01_134256_tube8_segmentationDebug\6_1001_0_segmented.tiff;1677.5;(68. 37);163.63960909843445;0.9464033850493652;46.21535822963223;0.7872189249265296;0.9371806199275512;865.2119598588592;0.9512013764013788;0.8961317024885734;0.9066897637013072;;;;;;;;;;;;;;;;;;;;;;;;;;;;;;;;;;;;;;;;;;;;;;;;;;;;;;
2;Tube 8;706010.0;;;;;;;;;;;;;;;;;;706010.0;0.0;601.0;False;E:\Experiments\PTT\Spheroids\30062025_mcf10\0207 before lqse\Analysis\2025-07-02_122109_tube8_cropped_8bits\7_0601_0_8bits.tiff;E:\Experiments\PTT\Spheroids\30062025_mcf10\0207 before lqse\Analysis\2025-07-02_122109_tube8_segmentationDebug\7_0601_0_segmented.tiff;1978.5;(74. 71);224.1248903274536;0.8276511190127588;50.19068080090685;0.4949550258635191;0.7973759354454741;896.629115445289;0.9490661504555972;0.903933737545396;0.8761914685334892;706010.0;0.0;601.0;False;E:\Experiments\PTT\Spheroids\30062025_mcf10\0207 aftr laser\Analysis\2025-07-02_174444_tube8_cropped_8bits\7_0601_0_8bits.tiff;E:\Experiments\PTT\Spheroids\30062025_mcf10\0207 aftr laser\Analysis\2025-07-02_174444_tube8_segmentationDebug\7_0601_0_segmented.tiff;1790.5;(80. 76);166.1248905658722;0.9603110753553232;47.74657479702925;0.8152949901159638;0.9121332856879512;823.0516904883973;0.9644428793700014;0.9146725067661516;0.8824087115020848;45.0;83.99580259475961;Alive;0.0;0.0;0.0;;;;-188.0;;-57.99999976158142;0.13265995634256444;-2.4441060038776;0.32033996425244476;0.11475735024247702;-73.57742495689172;0.015376728914404225;0.010738769220755673;0.006217242968595604
2;Tube 8;707010.0;707010.0;0.0;701.0;False;E:\Experiments\PTT\Spheroids\30062025_mcf10\01072025\Analysis\2025-07-01_134256_tube8_cropped_8bits\7_0701_0_8bits.tiff;E:\Experiments\PTT\Spheroids\30062025_mcf10\01072025\Analysis\2025-07-01_134256_tube8_segmentationDebug\7_0701_0_segmented.tiff;1616.5;(80. 74);169.78174448013306;0.925035765379113;45.36729795859999;0.7046988938898029;0.804111747361227;865.1638327091136;0.958976884137598;0.9223274477995986;0.8954835743051743;;;;;;;;;;;;;;;;;;;;;;;;;;;;;;;;;;;;;;;;;;;;;;;;;;;;;;
2;Tube 8;803010.0;;;;;;;;;;;;;;;;;;803010.0;0.0;301.0;False;E:\Experiments\PTT\Spheroids\30062025_mcf10\0207 before lqse\Analysis\2025-07-02_122109_tube8_cropped_8bits\8_0301_0_8bits.tiff;E:\Experiments\PTT\Spheroids\30062025_mcf10\0207 before lqse\Analysis\2025-07-02_122109_tube8_segmentationDebug\8_0301_0_segmented.tiff;1713.0;(72. 80);175.05382251739502;0.9239482200647248;46.70181302831116;0.7024639312799669;0.8165774708237672;907.949979939523;0.95884945626791;0.9176070409281364;0.8988337007349513;;;;;;;;;;;;;;;;;;;;;;;;;;;;;;;;;;;;;
2;Tube 8;804010.0;804010.0;0.0;401.0;False;E:\Experiments\PTT\Spheroids\30062025_mcf10\01072025\Analysis\2025-07-01_134256_tube8_cropped_8bits\8_0401_0_8bits.tiff;E:\Experiments\PTT\Spheroids\30062025_mcf10\01072025\Analysis\2025-07-01_134256_tube8_segmentationDebug\8_0401_0_segmented.tiff;1369.5;(61. 71);145.29646277427673;0.9593695271453592;41.7576526700772;0.8151955822569315;0.9244664490498136;862.4111962122265;0.9636000076297117;0.9339756439709076;0.8813727761114935;;;;;;;;;;;;;;;;;;804010.0;0.0;401.0;False;E:\Experiments\PTT\Spheroids\30062025_mcf10\0207 aftr laser\Analysis\2025-07-02_174444_tube8_cropped_8bits\8_0401_0_8bits.tiff;E:\Experiments\PTT\Spheroids\30062025_mcf10\0207 aftr laser\Analysis\2025-07-02_174444_tube8_segmentationDebug\8_0401_0_segmented.tiff;1807.0;(81. 60);183.53910386562347;0.9191251271617498;47.966069855017714;0.6740790081315194;0.8590646997610136;637.92269945988;0.9635361808299894;0.905828518081766;0.9061391647932472;44.0;46.95847112693971;Dead;;;;;;;;;;;;;;;;;
2;Tube 8;902030.0;902030.0;0.0;203.0;False;E:\Experiments\PTT\Spheroids\30062025_mcf10\01072025\Analysis\2025-07-01_134256_tube8_cropped_8bits\9_0203_0_8bits.tiff;E:\Experiments\PTT\Spheroids\30062025_mcf10\01072025\Analysis\2025-07-01_134256_tube8_segmentationDebug\9_0203_0_segmented.tiff;1580.5;(77. 79);155.78174459934235;0.9619598295800366;44.85928109604438;0.8184105851443824;0.9532196995289876;666.4936932864016;0.9701947841076262;0.9242593249793696;0.9180123725563072;902030.0;0.0;203.0;False;E:\Experiments\PTT\Spheroids\30062025_mcf10\0207 before lqse\Analysis\2025-07-02_122109_tube8_cropped_8bits\9_0203_0_8bits.tiff;E:\Experiments\PTT\Spheroids\30062025_mcf10\0207 before lqse\Analysis\2025-07-02_122109_tube8_segmentationDebug\9_0203_0_segmented.tiff;1897.5;(77. 80);168.12489008903503;0.9673719092531228;49.15253845057213;0.8435826164478448;0.9798719848436142;794.0427839851027;0.9586605057879632;0.9097214053482297;0.9039622450833856;902030.0;0.0;203.0;False;E:\Experiments\PTT\Spheroids\30062025_mcf10\0207 aftr laser\Analysis\2025-07-02_174444_tube8_cropped_8bits\9_0203_0_8bits.tiff;E:\Experiments\PTT\Spheroids\30062025_mcf10\0207 aftr laser\Analysis\2025-07-02_174444_tube8_segmentationDebug\9_0203_0_segmented.tiff;1789.0;(71. 77);182.02438521385196;0.9118246687054028;47.72657064498984;0.6785175086462806;0.9128178628070152;738.818317753844;0.9659410701539404;0.9142578894663536;0.886232606438481;43.0;102.59793945560926;Alive;0.0;0.0;0.0;;;;-108.5;;13.89949512481698;-0.05554724054771998;-1.4259678055822889;-0.16506510780156425;-0.067054122036599;-55.2244662312587;0.007280564365977127;0.004536484118123907;-0.01772963864490462
3;Tube 1;1002020.0;;;;;;;;;;;;;;;;;;;;;;;;;;;;;;;;;;;1002020.0;0.0;202.0;False;F:\1612025mcf10_PTT\after laser\Analysis\2025-12-18_174032_tube1_cropped_8bits\10_0202_0_8bits.tiff;F:\1612025mcf10_PTT\after laser\Analysis\2025-12-18_174032_tube1_segmentationDebug\10_0202_0_segmented.tiff;2671.0;(77. 80);204.6518018245697;0.9647823731262416;58.31657417910984;0.8014060315353048;0.9329477859389288;468.50383419636114;0.9515253204068048;0.8743974761249441;0.9029656066224266;45.0;134.7559859799271;Alive;;;;;;;;;;;;;;;;;
3;Tube 1;103070.0;;;;;;;;;;;;;;;;;;;;;;;;;;;;;;;;;;;103070.0;0.0;307.0;False;F:\1612025mcf10_PTT\after laser\Analysis\2025-12-18_174032_tube1_cropped_8bits\1_0307_0_8bits.tiff;F:\1612025mcf10_PTT\after laser\Analysis\2025-12-18_174032_tube1_segmentationDebug\1_0307_0_segmented.tiff;2380.5;(68. 83);183.43859827518463;0.9830683460664876;55.05403469539771;0.8889894429057867;0.9516694408585712;378.7950276886807;0.9607735748138434;0.8880613151798927;0.91480978633865;37.0;72.79739868526624;Alive;;;;;;;;;;;;;;;;;
3;Tube 1;1102050.0;;;;;;;;;;;;;;;;;;;;;;;;;;;;;;;;;;;1102050.0;0.0;205.0;False;F:\1612025mcf10_PTT\after laser\Analysis\2025-12-18_174032_tube1_cropped_8bits\11_0205_0_8bits.tiff;F:\1612025mcf10_PTT\after laser\Analysis\2025-12-18_174032_tube1_segmentationDebug\11_0205_0_segmented.tiff;2591.0;(74. 76);194.5096662044525;0.97736703130894;57.43660557874923;0.8605872348521213;0.9094532060601944;432.1533708991181;0.9640026746051222;0.8785908851427953;0.9343100508875238;46.0;147.68373192944918;Alive;;;;;;;;;;;;;;;;;
3;Tube 1;1202090.0;;;;;;;;;;;;;;;;;;;;;;;;;;;;;;;;;;;1202090.0;0.0;209.0;False;F:\1612025mcf10_PTT\after laser\Analysis\2025-12-18_174032_tube1_cropped_8bits\12_0209_0_8bits.tiff;F:\1612025mcf10_PTT\after laser\Analysis\2025-12-18_174032_tube1_segmentationDebug\12_0209_0_segmented.tiff;2630.0;(77. 79);194.1665205955505;0.9826265645432468;57.8672619246278;0.8766311848903326;0.9813592414628172;468.4401690584512;0.9536427006617296;0.8766252423834731;0.9108906097754264;42.0;150.36387438239888;Alive;;;;;;;;;;;;;;;;;
3;Tube 1;1402150.0;;;;;;;;;;;;;;;;;;;;;;;;;;;;;;;;;;;1402150.0;0.0;215.0;False;F:\1612025mcf10_PTT\after laser\Analysis\2025-12-18_174032_tube1_cropped_8bits\14_0215_0_8bits.tiff;F:\1612025mcf10_PTT\after laser\Analysis\2025-12-18_174032_tube1_segmentationDebug\14_0215_0_segmented.tiff;2398.0;(74. 77);184.16652071475983;0.9854119580850628;55.2560261715853;0.8884595826058815;0.9221055489788084;403.9106867032451;0.9523232844676194;0.8870435503279818;0.9020688323755754;42.0;133.73122563026985;Alive;;;;;;;;;;;;;;;;;
3;Tube 1;1502180.0;;;;;;;;;;;;;;;;;;;;;;;;;;;;;;;;;;;1502180.0;0.0;218.0;False;F:\1612025mcf10_PTT\after laser\Analysis\2025-12-18_174032_tube1_cropped_8bits\15_0218_0_8bits.tiff;F:\1612025mcf10_PTT\after laser\Analysis\2025-12-18_174032_tube1_segmentationDebug\15_0218_0_segmented.tiff;2422.5;(79. 73);187.0954530239105;0.9799757281553398;55.53758004379496;0.8696553715499798;0.8812866693688328;541.4244801625239;0.9498288997977904;0.8858762361379805;0.8813170727415659;43.0;163.1339648935122;Alive;;;;;;;;;;;;;;;;;
3;Tube 1;1602210.0;;;;;;;;;;;;;;;;;;;;;;;;;;;;;;;;;;;1602210.0;0.0;221.0;False;F:\1612025mcf10_PTT\after laser\Analysis\2025-12-18_174032_tube1_cropped_8bits\16_0221_0_8bits.tiff;F:\1612025mcf10_PTT\after laser\Analysis\2025-12-18_174032_tube1_segmentationDebug\16_0221_0_segmented.tiff;2557.5;(80. 74);190.26702630519867;0.9844110854503464;57.06408796835518;0.8877658710926428;0.9513307008960225;482.77521640014334;0.951403049804945;0.8797467615274406;0.8894483652402295;41.0;176.65291873706732;Alive;;;;;;;;;;;;;;;;;
3;Tube 1;1704240.0;;;;;;;;;;;;;;;;;;;;;;;;;;;;;;;;;;;1704240.0;0.0;424.0;False;F:\1612025mcf10_PTT\after laser\Analysis\2025-12-18_174032_tube1_cropped_8bits\17_0424_0_8bits.tiff;F:\1612025mcf10_PTT\after laser\Analysis\2025-12-18_174032_tube1_segmentationDebug\17_0424_0_segmented.tiff;2298.0;(70. 79);185.68123936653137;0.9718756608162402;54.09163034889413;0.8375752504811526;0.9899216765979992;471.8450995587127;0.9543663343382256;0.891449792758978;0.903647615037174;45.0;171.64735856758773;Alive;;;;;;;;;;;;;;;;;
3;Tube 1;1807240.0;;;;;;;;;;;;;;;;;;;;;;;;;;;;;;;;;;;1807240.0;0.0;724.0;False;F:\1612025mcf10_PTT\after laser\Analysis\2025-12-18_174032_tube1_cropped_8bits\18_0724_0_8bits.tiff;F:\1612025mcf10_PTT\after laser\Analysis\2025-12-18_174032_tube1_segmentationDebug\18_0724_0_segmented.tiff;2217.0;(72. 82);178.0243854522705;0.9835847382431232;53.12976633374041;0.8790560487774661;0.9703862587252706;423.7668896627565;0.9551098174368604;0.895147833382647;0.9091458921002602;42.0;187.68879942568375;Alive;;;;;;;;;;;;;;;;;
3;Tube 1;1910240.0;;;;;;;;;;;;;;;;;;;;;;;;;;;;;;;;;;;1910240.0;0.0;1024.0;False;F:\1612025mcf10_PTT\after laser\Analysis\2025-12-18_174032_tube1_cropped_8bits\19_1024_0_8bits.tiff;F:\1612025mcf10_PTT\after laser\Analysis\2025-12-18_174032_tube1_segmentationDebug\19_1024_0_segmented.tiff;2321.5;(77. 87);191.09545278549197;0.9581097812628973;54.36750502922385;0.7988731892800771;0.930087249620158;454.951101346403;0.9543679664601892;0.8902744380746929;0.9078685255254488;41.0;204.12437887980178;Alive;;;;;;;;;;;;;;;;;
3;Tube 1;205050.0;;;;;;;;;;;;;;;;;;;;;;;;;;;;;;;;;;;205050.0;0.0;505.0;False;F:\1612025mcf10_PTT\after laser\Analysis\2025-12-18_174032_tube1_cropped_8bits\2_0505_0_8bits.tiff;F:\1612025mcf10_PTT\after laser\Analysis\2025-12-18_174032_tube1_segmentationDebug\2_0505_0_segmented.tiff;2960.5;(72. 68);205.9238798618317;0.9830649178150423;61.395648642134645;0.8773270197230537;0.956046091298688;477.8084981051245;0.9426675848310272;0.8612674877816192;0.909703115935724;37.0;82.49320814740783;Alive;;;;;;;;;;;;;;;;;
3;Tube 1;308050.0;;;;;;;;;;;;;;;;;;;;;;;;;;;;;;;;;;;308050.0;0.0;805.0;False;F:\1612025mcf10_PTT\after laser\Analysis\2025-12-18_174032_tube1_cropped_8bits\3_0805_0_8bits.tiff;F:\1612025mcf10_PTT\after laser\Analysis\2025-12-18_174032_tube1_segmentationDebug\3_0805_0_segmented.tiff;2709.0;(66. 79);196.16652047634125;0.9845538797019808;58.72994063241981;0.8846451307973848;0.9342114499171664;462.91329975672375;0.9569052115676672;0.87308226953716;0.921094085362938;37.0;88.36587322813585;Alive;;;;;;;;;;;;;;;;;
3;Tube 1;412050.0;;;;;;;;;;;;;;;;;;;;;;;;;;;;;;;;;;;412050.0;0.0;1205.0;False;F:\1612025mcf10_PTT\after laser\Analysis\2025-12-18_174032_tube1_cropped_8bits\4_1205_0_8bits.tiff;F:\1612025mcf10_PTT\after laser\Analysis\2025-12-18_174032_tube1_segmentationDebug\4_1205_0_segmented.tiff;2501.0;(74. 75);198.0243847370148;0.9578705476828802;56.43024101829304;0.8014680432943655;0.9302419831375658;351.69556918882085;0.9587022787493374;0.8820596248943063;0.9314112888477266;37.0;114.26077898678227;Alive;;;;;;;;;;;;;;;;;
3;Tube 1;515040.0;;;;;;;;;;;;;;;;;;;;;;;;;;;;;;;;;;;515040.0;0.0;1504.0;False;F:\1612025mcf10_PTT\after laser\Analysis\2025-12-18_174032_tube1_cropped_8bits\5_1504_0_8bits.tiff;F:\1612025mcf10_PTT\after laser\Analysis\2025-12-18_174032_tube1_segmentationDebug\5_1504_0_segmented.tiff;2447.5;(75. 76);188.2670258283615;0.9768509279584912;55.8234161059614;0.8677288576493412;0.9543158947695454;507.1379199047037;0.9559213596055288;0.8848665856359523;0.901690497110279;37.0;124.58721020255908;Alive;;;;;;;;;;;;;;;;;
3;Tube 1;614010.0;;;;;;;;;;;;;;;;;;;;;;;;;;;;;;;;;;;614010.0;0.0;1401.0;False;F:\1612025mcf10_PTT\after laser\Analysis\2025-12-18_174032_tube1_cropped_8bits\6_1401_0_8bits.tiff;F:\1612025mcf10_PTT\after laser\Analysis\2025-12-18_174032_tube1_segmentationDebug\6_1401_0_segmented.tiff;2813.5;(77. 70);212.75230646133423;0.955997281685355;59.851979575552726;0.7811028627807644;0.942946632624368;421.9526820283552;0.9506607177495452;0.8677826384560615;0.9131217193246696;37.0;126.47907546346475;Alive;;;;;;;;;;;;;;;;;
3;Tube 1;711010.0;;;;;;;;;;;;;;;;;;;;;;;;;;;;;;;;;;;711010.0;0.0;1101.0;False;F:\1612025mcf10_PTT\after laser\Analysis\2025-12-18_174032_tube1_cropped_8bits\7_1101_0_8bits.tiff;F:\1612025mcf10_PTT\after laser\Analysis\2025-12-18_174032_tube1_segmentationDebug\7_1101_0_segmented.tiff;2682.0;(78. 76);194.5096664428711;0.9872998343456654;58.43653359825261;0.8908124115071917;0.934661357391169;435.9245030318957;0.9499631737297748;0.874003692637669;0.9164921237151356;42.0;121.59175687279176;Alive;;;;;;;;;;;;;;;;;
3;Tube 1;808010.0;;;;;;;;;;;;;;;;;;;;;;;;;;;;;;;;;;;808010.0;0.0;801.0;False;F:\1612025mcf10_PTT\after laser\Analysis\2025-12-18_174032_tube1_cropped_8bits\8_0801_0_8bits.tiff;F:\1612025mcf10_PTT\after laser\Analysis\2025-12-18_174032_tube1_segmentationDebug\8_0801_0_segmented.tiff;2954.5;(62. 79);211.72286927700043;0.9693241469816272;61.3334022773891;0.8282440343951174;0.9781923327148156;527.4608358325661;0.9433068502557648;0.8616122153888432;0.899142351322934;45.0;127.5826635323264;Alive;;;;;;;;;;;;;;;;;
3;Tube 1;905010.0;;;;;;;;;;;;;;;;;;;;;;;;;;;;;;;;;;;905010.0;0.0;501.0;False;F:\1612025mcf10_PTT\after laser\Analysis\2025-12-18_174032_tube1_cropped_8bits\9_0501_0_8bits.tiff;F:\1612025mcf10_PTT\after laser\Analysis\2025-12-18_174032_tube1_segmentationDebug\9_0501_0_segmented.tiff;2452.0;(76. 78);190.50966608524325;0.9763089786979892;55.87471130744765;0.8489777301113524;0.944551236251422;575.1028074952992;0.9565094078742716;0.8846779598325292;0.8965578687379199;44.0;139.09151053616924;Alive;;;;;;;;;;;;;;;;;
3;Tube 2;1003010.0;;;;;;;;;;;;;;;;;;;;;;;;;;;;;;;;;;;1003010.0;0.0;301.0;False;F:\1612025mcf10_PTT\after laser\Analysis\2025-12-18_174935_tube2_cropped_8bits\10_0301_0_8bits.tiff;F:\1612025mcf10_PTT\after laser\Analysis\2025-12-18_174935_tube2_segmentationDebug\10_0301_0_segmented.tiff;2247.5;(72. 76);180.95331728458405;0.9790895229797428;53.4939798182214;0.8625344821467932;0.9662793072703432;958.340812520676;0.9740817095147928;0.8946291796646797;0.8175005398693515;51.0;106.37800706634197;Alive;;;;;;;;;;;;;;;;;
3;Tube 2;1102050.0;;;;;;;;;;;;;;;;;;;;;;;;;;;;;;;;;;;1102050.0;0.0;205.0;False;F:\1612025mcf10_PTT\after laser\Analysis\2025-12-18_174935_tube2_cropped_8bits\11_0205_0_8bits.tiff;F:\1612025mcf10_PTT\after laser\Analysis\2025-12-18_174935_tube2_segmentationDebug\11_0205_0_segmented.tiff;2473.5;(78. 84);194.26702570915225;0.9696197569580556;56.1191412434512;0.8236137655802216;0.9268476773180364;577.2984361745208;0.9614445340904084;0.8837965286027614;0.8875332627485784;55.0;79.30068551962951;Alive;;;;;;;;;;;;;;;;;
3;Tube 2;1202070.0;;;;;;;;;;;;;;;;;;;;;;;;;;;;;;;;;;;1202070.0;0.0;207.0;False;F:\1612025mcf10_PTT\after laser\Analysis\2025-12-18_174935_tube2_cropped_8bits\12_0207_0_8bits.tiff;F:\1612025mcf10_PTT\after laser\Analysis\2025-12-18_174935_tube2_segmentationDebug\12_0207_0_segmented.tiff;2582.5;(76. 74);194.40916085243225;0.9765551143883532;57.342315302737454;0.8586511241712832;0.9634518023597032;478.4289304365907;0.9678005296133996;0.8792449849245982;0.908651401852636;47.0;95.97274813136076;Alive;;;;;;;;;;;;;;;;;
3;Tube 2;1302110.0;;;;;;;;;;;;;;;;;;;;;;;;;;;;;;;;;;;1302110.0;0.0;211.0;False;F:\1612025mcf10_PTT\after laser\Analysis\2025-12-18_174935_tube2_cropped_8bits\13_0211_0_8bits.tiff;F:\1612025mcf10_PTT\after laser\Analysis\2025-12-18_174935_tube2_segmentationDebug\13_0211_0_segmented.tiff;2446.0;(78. 82);186.5096664428711;0.9833165829145728;55.8063072279667;0.8836161113429711;0.9158270762800944;347.12230705741194;0.9688680494397036;0.8855507038260654;0.9283828084643824;45.0;145.5159696513281;Alive;;;;;;;;;;;;;;;;;
3;Tube 2;1402140.0;;;;;;;;;;;;;;;;;;;;;;;;;;;;;;;;;;;1402140.0;0.0;214.0;False;F:\1612025mcf10_PTT\after laser\Analysis\2025-12-18_174935_tube2_cropped_8bits\14_0214_0_8bits.tiff;F:\1612025mcf10_PTT\after laser\Analysis\2025-12-18_174935_tube2_segmentationDebug\14_0214_0_segmented.tiff;2256.5;(75. 75);181.4385986328125;0.9751512532411408;53.60097977364681;0.8613622532010435;0.962471410755966;328.3326549383994;0.9702606164892827;0.8888506068317561;0.9220214972493372;47.0;105.19559127827591;Alive;;;;;;;;;;;;;;;;;
3;Tube 2;1502180.0;;;;;;;;;;;;;;;;;;;;;;;;;;;;;;;;;;;1502180.0;0.0;218.0;False;F:\1612025mcf10_PTT\after laser\Analysis\2025-12-18_174935_tube2_cropped_8bits\15_0218_0_8bits.tiff;F:\1612025mcf10_PTT\after laser\Analysis\2025-12-18_174935_tube2_segmentationDebug\15_0218_0_segmented.tiff;2278.0;(76. 72);181.68123936653137;0.9825318093594996;53.855730269923;0.8672482179416637;0.9049659937276536;418.1267076072247;0.9558484054828312;0.8924379661774361;0.8900589504888132;48.0;126.63673090187356;Alive;;;;;;;;;;;;;;;;;
3;Tube 2;1602210.0;;;;;;;;;;;;;;;;;;;;;;;;;;;;;;;;;;;1602210.0;0.0;221.0;False;F:\1612025mcf10_PTT\after laser\Analysis\2025-12-18_174935_tube2_cropped_8bits\16_0221_0_8bits.tiff;F:\1612025mcf10_PTT\after laser\Analysis\2025-12-18_174935_tube2_segmentationDebug\16_0221_0_segmented.tiff;2192.5;(68. 84);182.61017167568207;0.9662847069193478;52.835383048028;0.826227292021284;0.8412127837353158;406.59858285259406;0.9619812382579064;0.8965004880279812;0.9059092231786496;44.0;167.19359243253894;Alive;;;;;;;;;;;;;;;;;
3;Tube 2;1702220.0;;;;;;;;;;;;;;;;;;;;;;;;;;;;;;;;;;;1702220.0;0.0;222.0;False;F:\1612025mcf10_PTT\after laser\Analysis\2025-12-18_174935_tube2_cropped_8bits\17_0222_0_8bits.tiff;F:\1612025mcf10_PTT\after laser\Analysis\2025-12-18_174935_tube2_segmentationDebug\17_0222_0_segmented.tiff;1854.5;(74. 73);183.63960909843445;0.9230960676953708;48.59241438446293;0.691041266104367;0.7360679444580683;340.6410272212688;0.9684190192258744;0.8959458705959897;0.9092159352952328;54.0;143.348207373207;Alive;;;;;;;;;;;;;;;;;
3;Tube 2;204050.0;;;;;;;;;;;;;;;;;;;;;;;;;;;;;;;;;;;204050.0;0.0;405.0;False;F:\1612025mcf10_PTT\after laser\Analysis\2025-12-18_174935_tube2_cropped_8bits\2_0405_0_8bits.tiff;F:\1612025mcf10_PTT\after laser\Analysis\2025-12-18_174935_tube2_segmentationDebug\2_0405_0_segmented.tiff;2893.0;(69. 74);225.8233743906021;0.9326241134751772;60.69169632592935;0.7128867001590299;0.9289868960874484;416.854801263326;0.94598444909728;0.8637524525150483;0.9088445326106712;37.0;78.51240832758548;Alive;;;;;;;;;;;;;;;;;
3;Tube 2;514050.0;;;;;;;;;;;;;;;;;;;;;;;;;;;;;;;;;;;514050.0;0.0;1405.0;False;F:\1612025mcf10_PTT\after laser\Analysis\2025-12-18_174935_tube2_cropped_8bits\5_1405_0_8bits.tiff;F:\1612025mcf10_PTT\after laser\Analysis\2025-12-18_174935_tube2_segmentationDebug\5_1405_0_segmented.tiff;2535.0;(80. 79);190.99494802951813;0.9829391236913532;56.812518390788114;0.8732610057356851;0.8891738061839592;464.48750248274496;0.9575569837261112;0.880732887060273;0.9170201152761316;37.0;101.64834391407778;Alive;;;;;;;;;;;;;;;;;
3;Tube 2;615030.0;;;;;;;;;;;;;;;;;;;;;;;;;;;;;;;;;;;615030.0;0.0;1503.0;False;F:\1612025mcf10_PTT\after laser\Analysis\2025-12-18_174935_tube2_cropped_8bits\6_1503_0_8bits.tiff;F:\1612025mcf10_PTT\after laser\Analysis\2025-12-18_174935_tube2_segmentationDebug\6_1503_0_segmented.tiff;2697.5;(71. 75);195.9238797426224;0.9846687351706516;58.60515055797657;0.8830729319315882;0.9793693202426252;308.7099310382471;0.9575487058013707;0.8736268200718287;0.9064530960354876;37.0;121.59175687279176;Alive;;;;;;;;;;;;;;;;;
3;Tube 2;712010.0;;;;;;;;;;;;;;;;;;;;;;;;;;;;;;;;;;;712010.0;0.0;1201.0;False;F:\1612025mcf10_PTT\after laser\Analysis\2025-12-18_174935_tube2_cropped_8bits\7_1201_0_8bits.tiff;F:\1612025mcf10_PTT\after laser\Analysis\2025-12-18_174935_tube2_segmentationDebug\7_1201_0_segmented.tiff;2969.0;(75. 73);204.16652011871335;0.98670654702559;61.483723116925006;0.895057649264015;0.9623782345251464;477.5175127423985;0.9513684933376998;0.861476782534351;0.8957699879679321;45.0;128.76507932039243;Alive;;;;;;;;;;;;;;;;;
3;Tube 2;809010.0;;;;;;;;;;;;;;;;;;;;;;;;;;;;;;;;;;;809010.0;0.0;901.0;False;F:\1612025mcf10_PTT\after laser\Analysis\2025-12-18_174935_tube2_cropped_8bits\8_0901_0_8bits.tiff;F:\1612025mcf10_PTT\after laser\Analysis\2025-12-18_174935_tube2_segmentationDebug\8_0901_0_segmented.tiff;2268.5;(75. 71);196.9533176422119;0.9291419209502356;53.74331500039532;0.7348895062709346;0.9515494719764398;926.051298922495;0.9694481575018488;0.8929027012213173;0.8143342579083005;53.0;83.75445165467828;Alive;;;;;;;;;;;;;;;;;
3;Tube 3;1002030.0;;;;;;;;;;;;;;;;;;;;;;;;;;;;;;;;;;;1002030.0;0.0;203.0;False;F:\1612025mcf10_PTT\after laser\Analysis\2025-12-18_175834_tube3_cropped_8bits\10_0203_0_8bits.tiff;F:\1612025mcf10_PTT\after laser\Analysis\2025-12-18_175834_tube3_segmentationDebug\10_0203_0_segmented.tiff;1824.5;(69. 72);160.61017155647278;0.9824986537425956;48.19777535705672;0.8888073548884856;0.9675863779075404;825.6889645271835;0.9768602072873688;0.9138310808449908;0.8462570117537416;64.0;65.74231781647218;Alive;;;;;;;;;;;;;;;;;
3;Tube 3;103060.0;;;;;;;;;;;;;;;;;;;;;;;;;;;;;;;;;;;103060.0;0.0;306.0;False;F:\1612025mcf10_PTT\after laser\Analysis\2025-12-18_175834_tube3_cropped_8bits\1_0306_0_8bits.tiff;F:\1612025mcf10_PTT\after laser\Analysis\2025-12-18_175834_tube3_segmentationDebug\1_0306_0_segmented.tiff;2466.0;(65. 85);186.99494779109955;0.983057604145904;56.0339960855632;0.8862233536724448;0.9777536103135214;392.941817435717;0.9597395641564612;0.8840840267536081;0.9201890536600706;37.0;86.51342182683238;Alive;;;;;;;;;;;;;;;;;
3;Tube 3;1102050.0;;;;;;;;;;;;;;;;;;;;;;;;;;;;;;;;;;;1102050.0;0.0;205.0;False;F:\1612025mcf10_PTT\after laser\Analysis\2025-12-18_175834_tube3_cropped_8bits\11_0205_0_8bits.tiff;F:\1612025mcf10_PTT\after laser\Analysis\2025-12-18_175834_tube3_segmentationDebug\11_0205_0_segmented.tiff;2200.5;(72. 80);181.0954521894455;0.9725966850828728;52.931688223499215;0.8431719468396452;0.9430044946953788;676.8749504569504;0.9716228106389968;0.8964208647171253;0.893524785971549;74.0;4.35523148604327;Dead;;;;;;;;;;;;;;;;;
3;Tube 3;1202080.0;;;;;;;;;;;;;;;;;;;;;;;;;;;;;;;;;;;1202080.0;0.0;208.0;False;F:\1612025mcf10_PTT\after laser\Analysis\2025-12-18_175834_tube3_cropped_8bits\12_0208_0_8bits.tiff;F:\1612025mcf10_PTT\after laser\Analysis\2025-12-18_175834_tube3_segmentationDebug\12_0208_0_segmented.tiff;2323.5;(80. 78);185.4385986328125;0.974826935179358;54.39091911516251;0.8490871483864229;0.9499716815315936;875.1936289579938;0.9693553977312364;0.891221192987556;0.8635644343715096;57.0;89.5482890162019;Alive;;;;;;;;;;;;;;;;;
3;Tube 3;1302120.0;;;;;;;;;;;;;;;;;;;;;;;;;;;;;;;;;;;1302120.0;0.0;212.0;False;F:\1612025mcf10_PTT\after laser\Analysis\2025-12-18_175834_tube3_cropped_8bits\13_0212_0_8bits.tiff;F:\1612025mcf10_PTT\after laser\Analysis\2025-12-18_175834_tube3_segmentationDebug\13_0212_0_segmented.tiff;2437.5;(70. 71);192.6101715564728;0.9707287933094384;55.70925767134184;0.825650127427518;0.9922929891580654;498.963818344982;0.9531504437475224;0.8849693950317076;0.9084417665375296;56.0;98.73171830351487;Alive;;;;;;;;;;;;;;;;;
3;Tube 3;1402150.0;;;;;;;;;;;;;;;;;;;;;;;;;;;;;;;;;;;1402150.0;0.0;215.0;False;F:\1612025mcf10_PTT\after laser\Analysis\2025-12-18_175834_tube3_cropped_8bits\14_0215_0_8bits.tiff;F:\1612025mcf10_PTT\after laser\Analysis\2025-12-18_175834_tube3_segmentationDebug\14_0215_0_segmented.tiff;1713.0;(52. 81);158.568541765213;0.9780188409934342;46.70181302831116;0.8561170815269662;0.8842503897165308;972.7049308438408;0.9766167144763276;0.9184419821465118;0.809716371604761;67.0;100.62358356442054;Alive;;;;;;;;;;;;;;;;;
3;Tube 3;1502180.0;;;;;;;;;;;;;;;;;;;;;;;;;;;;;;;;;;;1502180.0;0.0;218.0;False;F:\1612025mcf10_PTT\after laser\Analysis\2025-12-18_175834_tube3_cropped_8bits\15_0218_0_8bits.tiff;F:\1612025mcf10_PTT\after laser\Analysis\2025-12-18_175834_tube3_segmentationDebug\15_0218_0_segmented.tiff;1956.5;(72. 72);167.4385985136032;0.981439678956609;49.910852219475736;0.8769575184356561;0.9733503212202846;853.6637488004621;0.9715864922592125;0.9075011957520378;0.8287441413921505;77.0;55.021748004673356;Alive;;;;;;;;;;;;;;;;;
3;Tube 3;1602210.0;;;;;;;;;;;;;;;;;;;;;;;;;;;;;;;;;;;1602210.0;0.0;221.0;False;F:\1612025mcf10_PTT\after laser\Analysis\2025-12-18_175834_tube3_cropped_8bits\16_0221_0_8bits.tiff;F:\1612025mcf10_PTT\after laser\Analysis\2025-12-18_175834_tube3_segmentationDebug\16_0221_0_segmented.tiff;2235.5;(74. 71);188.2670260667801;0.9563636363636364;53.35097939359179;0.7925670506075645;0.9573233350846144;441.85941461125685;0.9541782356196884;0.8941215263627362;0.8984006062379031;54.0;100.70241128362494;Alive;;;;;;;;;;;;;;;;;
3;Tube 3;1703240.0;;;;;;;;;;;;;;;;;;;;;;;;;;;;;;;;;;;1703240.0;0.0;324.0;False;F:\1612025mcf10_PTT\after laser\Analysis\2025-12-18_175834_tube3_cropped_8bits\17_0324_0_8bits.tiff;F:\1612025mcf10_PTT\after laser\Analysis\2025-12-18_175834_tube3_segmentationDebug\17_0324_0_segmented.tiff;2479.5;(82. 79);202.26702570915225;0.9438523030072326;56.18716446992886;0.7615945017283873;0.9190563093552956;768.282036564626;0.9588503109201096;0.8829267900167519;0.8813076524466054;78.0;3.547247364198139;Dead;;;;;;;;;;;;;;;;;
3;Tube 3;1806240.0;;;;;;;;;;;;;;;;;;;;;;;;;;;;;;;;;;;1806240.0;0.0;624.0;False;F:\1612025mcf10_PTT\after laser\Analysis\2025-12-18_175834_tube3_cropped_8bits\18_0624_0_8bits.tiff;F:\1612025mcf10_PTT\after laser\Analysis\2025-12-18_175834_tube3_segmentationDebug\18_0624_0_segmented.tiff;1719.0;(74. 75);165.53910410404205;0.9534109816971714;46.78353104886104;0.7882873181715752;0.8824678519958603;859.1367032796742;0.9716034061818506;0.9180346023392544;0.8323658955162225;58.0;72.32443237003983;Alive;;;;;;;;;;;;;;;;;
3;Tube 3;1910240.0;;;;;;;;;;;;;;;;;;;;;;;;;;;;;;;;;;;1910240.0;0.0;1024.0;False;F:\1612025mcf10_PTT\after laser\Analysis\2025-12-18_175834_tube3_cropped_8bits\19_1024_0_8bits.tiff;F:\1612025mcf10_PTT\after laser\Analysis\2025-12-18_175834_tube3_segmentationDebug\19_1024_0_segmented.tiff;1942.5;(74. 68);165.78174436092377;0.9832953682611996;49.73195970045876;0.8881728257879217;0.9012992295620824;366.69284578472616;0.96392264240918;0.9077031218048413;0.915280857563498;54.0;93.88381357244408;Alive;;;;;;;;;;;;;;;;;
3;Tube 3;2012240.0;;;;;;;;;;;;;;;;;;;;;;;;;;;;;;;;;;;2012240.0;0.0;1224.0;False;F:\1612025mcf10_PTT\after laser\Analysis\2025-12-18_175834_tube3_cropped_8bits\20_1224_0_8bits.tiff;F:\1612025mcf10_PTT\after laser\Analysis\2025-12-18_175834_tube3_segmentationDebug\20_1224_0_segmented.tiff;1958.5;(67. 74);174.61017203330994;0.9600490196078432;49.93635597802283;0.8072245460857249;0.9503527291847144;706.3237566557499;0.9667887978476216;0.9070291424653032;0.8753586230457114;70.0;23.608901901718724;Dead;;;;;;;;;;;;;;;;;
3;Tube 3;205050.0;;;;;;;;;;;;;;;;;;;;;;;;;;;;;;;;;;;205050.0;0.0;505.0;False;F:\1612025mcf10_PTT\after laser\Analysis\2025-12-18_175834_tube3_cropped_8bits\2_0505_0_8bits.tiff;F:\1612025mcf10_PTT\after laser\Analysis\2025-12-18_175834_tube3_segmentationDebug\2_0505_0_segmented.tiff;2648.0;(66. 78);195.68123996257785;0.9783853685571772;58.06494910407406;0.869019379380809;0.9230273243789064;515.1697132699232;0.9505004581246194;0.8756806180339295;0.9044421238804272;37.0;75.20164412100054;Alive;;;;;;;;;;;;;;;;;
3;Tube 3;308050.0;;;;;;;;;;;;;;;;;;;;;;;;;;;;;;;;;;;308050.0;0.0;805.0;False;F:\1612025mcf10_PTT\after laser\Analysis\2025-12-18_175834_tube3_cropped_8bits\3_0805_0_8bits.tiff;F:\1612025mcf10_PTT\after laser\Analysis\2025-12-18_175834_tube3_segmentationDebug\3_0805_0_segmented.tiff;2693.0;(65. 82);208.99494779109955;0.9546260191421482;58.55624726681;0.7747732933999295;0.8903795768355341;484.72266452379927;0.9486508574960216;0.8730916389500902;0.8922559152648909;37.0;76.8176123646908;Alive;;;;;;;;;;;;;;;;;
3;Tube 3;412050.0;;;;;;;;;;;;;;;;;;;;;;;;;;;;;;;;;;;412050.0;0.0;1205.0;False;F:\1612025mcf10_PTT\after laser\Analysis\2025-12-18_175834_tube3_cropped_8bits\4_1205_0_8bits.tiff;F:\1612025mcf10_PTT\after laser\Analysis\2025-12-18_175834_tube3_segmentationDebug\4_1205_0_segmented.tiff;2720.5;(66. 68);201.09545350074768;0.9717806751205572;58.85446611304881;0.8453841294560368;0.97468048552984;480.5702570484823;0.9541175757068376;0.8724448376803139;0.9156532043513352;37.0;82.65086358581664;Alive;;;;;;;;;;;;;;;;;
3;Tube 3;515040.0;;;;;;;;;;;;;;;;;;;;;;;;;;;;;;;;;;;515040.0;0.0;1504.0;False;F:\1612025mcf10_PTT\after laser\Analysis\2025-12-18_175834_tube3_cropped_8bits\5_1504_0_8bits.tiff;F:\1612025mcf10_PTT\after laser\Analysis\2025-12-18_175834_tube3_segmentationDebug\5_1504_0_segmented.tiff;2656.5;(71. 74);195.58073389530185;0.98134466198744;58.15806780309126;0.8727051551498425;0.9376674296375688;521.7545729402871;0.9562213137246692;0.8754758994045285;0.9051577161186544;37.0;102.4366211061218;Alive;;;;;;;;;;;;;;;;;
3;Tube 3;614010.0;;;;;;;;;;;;;;;;;;;;;;;;;;;;;;;;;;;614010.0;0.0;1401.0;False;F:\1612025mcf10_PTT\after laser\Analysis\2025-12-18_175834_tube3_cropped_8bits\6_1401_0_8bits.tiff;F:\1612025mcf10_PTT\after laser\Analysis\2025-12-18_175834_tube3_segmentationDebug\6_1401_0_segmented.tiff;2672.5;(75. 78);194.7523068189621;0.9841649788252624;58.33294680799799;0.8854465636468353;0.9710044431673698;588.6608747904016;0.9517230319450612;0.8746299283259777;0.8937521555987245;37.0;118.59630354302445;Alive;;;;;;;;;;;;;;;;;
3;Tube 3;710010.0;;;;;;;;;;;;;;;;;;;;;;;;;;;;;;;;;;;710010.0;0.0;1001.0;False;F:\1612025mcf10_PTT\after laser\Analysis\2025-12-18_175834_tube3_cropped_8bits\7_1001_0_8bits.tiff;F:\1612025mcf10_PTT\after laser\Analysis\2025-12-18_175834_tube3_segmentationDebug\7_1001_0_segmented.tiff;3349.5;(67. 76);228.7523068189621;0.9631919482386772;65.30479197647311;0.8043755875405173;0.8870176084523201;551.0561892036272;0.9397350245505004;0.8433612455952646;0.8979213398303086;52.0;102.4366211061218;Alive;;;;;;;;;;;;;;;;;
3;Tube 3;807010.0;;;;;;;;;;;;;;;;;;;;;;;;;;;;;;;;;;;807010.0;0.0;701.0;False;F:\1612025mcf10_PTT\after laser\Analysis\2025-12-18_175834_tube3_cropped_8bits\8_0701_0_8bits.tiff;F:\1612025mcf10_PTT\after laser\Analysis\2025-12-18_175834_tube3_segmentationDebug\8_0701_0_segmented.tiff;3206.0;(63. 88);226.3086553812027;0.9573006867721708;63.89057818192704;0.7866309930870805;0.8956721696400229;762.0404018091368;0.9546985605667012;0.8509777781092692;0.8805058461367427;70.0;5.443054011064033;Dead;;;;;;;;;;;;;;;;;
3;Tube 3;904010.0;;;;;;;;;;;;;;;;;;;;;;;;;;;;;;;;;;;904010.0;0.0;401.0;False;F:\1612025mcf10_PTT\after laser\Analysis\2025-12-18_175834_tube3_cropped_8bits\9_0401_0_8bits.tiff;F:\1612025mcf10_PTT\after laser\Analysis\2025-12-18_175834_tube3_segmentationDebug\9_0401_0_segmented.tiff;2255.5;(70. 79);184.26702535152435;0.9698989464631262;53.58910144003312;0.8347519560744148;0.9230146346478444;952.611034904334;0.9661178374767004;0.8936914050905904;0.8012352055177774;60.0;88.32645936853366;Alive;;;;;;;;;;;;;;;;;
3;Tube 4;1002030.0;;;;;;;;;;;;;;;;;;;;;;;;;;;;;;;;;;;1002030.0;0.0;203.0;False;F:\1612025mcf10_PTT\after laser\Analysis\2025-12-18_180738_tube4_cropped_8bits\10_0203_0_8bits.tiff;F:\1612025mcf10_PTT\after laser\Analysis\2025-12-18_180738_tube4_segmentationDebug\10_0203_0_segmented.tiff;2633.5;(72. 73);194.26702535152435;0.9835667600373482;57.905753954680975;0.8768897754765826;0.9008541259611624;659.5164206902941;0.979821995398782;0.8794788196764707;0.8996889331486677;42.0;2.6702889880491547;Dead;;;;;;;;;;;;;;;;;
3;Tube 4;103070.0;;;;;;;;;;;;;;;;;;;;;;;;;;;;;;;;;;;103070.0;0.0;307.0;False;F:\1612025mcf10_PTT\after laser\Analysis\2025-12-18_180738_tube4_cropped_8bits\1_0307_0_8bits.tiff;F:\1612025mcf10_PTT\after laser\Analysis\2025-12-18_180738_tube4_segmentationDebug\1_0307_0_segmented.tiff;2827.5;(62. 80);204.6101714372635;0.974831925530081;60.00070676865959;0.8487074981814903;0.9696959296881704;368.1992298328638;0.960031045774433;0.8679605172263241;0.9218015564157668;37.0;80.99548148252417;Alive;;;;;;;;;;;;;;;;;
3;Tube 4;1102050.0;;;;;;;;;;;;;;;;;;;;;;;;;;;;;;;;;;;1102050.0;0.0;205.0;False;F:\1612025mcf10_PTT\after laser\Analysis\2025-12-18_180738_tube4_cropped_8bits\11_0205_0_8bits.tiff;F:\1612025mcf10_PTT\after laser\Analysis\2025-12-18_180738_tube4_segmentationDebug\11_0205_0_segmented.tiff;3024.5;(71. 77);214.4091604948044;0.96784;62.05572498207961;0.8267549048674697;0.9427334929631562;634.9517016249737;0.9630988167553504;0.8595413007771024;0.8941435867951572;43.0;4.778930476766937;Dead;;;;;;;;;;;;;;;;;
3;Tube 4;1202090.0;;;;;;;;;;;;;;;;;;;;;;;;;;;;;;;;;;;1202090.0;0.0;209.0;False;F:\1612025mcf10_PTT\after laser\Analysis\2025-12-18_180738_tube4_cropped_8bits\12_0209_0_8bits.tiff;F:\1612025mcf10_PTT\after laser\Analysis\2025-12-18_180738_tube4_segmentationDebug\12_0209_0_segmented.tiff;3419.5;(78. 74);226.5512962341309;0.9697958026091889;65.9836542124024;0.837219565989708;0.9545073332861416;550.97836484298;0.9703950519805238;0.8442097962722399;0.9115127662851052;41.0;6.148562097943441;Dead;;;;;;;;;;;;;;;;;
3;Tube 4;1302120.0;;;;;;;;;;;;;;;;;;;;;;;;;;;;;;;;;;;1302120.0;0.0;212.0;False;F:\1612025mcf10_PTT\after laser\Analysis\2025-12-18_180738_tube4_cropped_8bits\13_0212_0_8bits.tiff;F:\1612025mcf10_PTT\after laser\Analysis\2025-12-18_180738_tube4_segmentationDebug\13_0212_0_segmented.tiff;2849.0;(68. 77);202.6518023014069;0.9812295505424488;60.22839415882245;0.8717689010456534;0.9790155395994268;391.5143354925461;0.9686050188790024;0.8681737867883846;0.9286358638764004;43.0;89.27239199898649;Alive;;;;;;;;;;;;;;;;;
3;Tube 4;205050.0;;;;;;;;;;;;;;;;;;;;;;;;;;;;;;;;;;;205050.0;0.0;505.0;False;F:\1612025mcf10_PTT\after laser\Analysis\2025-12-18_180738_tube4_cropped_8bits\2_0505_0_8bits.tiff;F:\1612025mcf10_PTT\after laser\Analysis\2025-12-18_180738_tube4_segmentationDebug\2_0505_0_segmented.tiff;2633.0;(83. 79);200.5096665620804;0.9678367947068554;57.900256659946535;0.822981539528909;0.9496207213086988;402.13782415833816;0.959399672623518;0.8764144862711465;0.9164228785793644;37.0;75.79285201503357;Alive;;;;;;;;;;;;;;;;;
3;Tube 4;309050.0;;;;;;;;;;;;;;;;;;;;;;;;;;;;;;;;;;;309050.0;0.0;905.0;False;F:\1612025mcf10_PTT\after laser\Analysis\2025-12-18_180738_tube4_cropped_8bits\3_0905_0_8bits.tiff;F:\1612025mcf10_PTT\after laser\Analysis\2025-12-18_180738_tube4_segmentationDebug\3_0905_0_segmented.tiff;2891.5;(74. 80);201.58073365688324;0.9863551083063278;60.67596017865496;0.8942007250582308;0.9556173670153932;502.5254021749929;0.9559332366470146;0.8649310301584853;0.9169076408237355;37.0;78.00002815275685;Alive;;;;;;;;;;;;;;;;;
3;Tube 4;412050.0;;;;;;;;;;;;;;;;;;;;;;;;;;;;;;;;;;;412050.0;0.0;1205.0;False;F:\1612025mcf10_PTT\after laser\Analysis\2025-12-18_180738_tube4_cropped_8bits\4_1205_0_8bits.tiff;F:\1612025mcf10_PTT\after laser\Analysis\2025-12-18_180738_tube4_segmentationDebug\4_1205_0_segmented.tiff;2629.0;(77. 78);193.3380929231644;0.98427555222763;57.85625949807629;0.8838235904479894;0.9377388034571064;427.436382137674;0.9544000367703488;0.8765534812178837;0.9151913210147158;37.0;88.16880393012485;Alive;;;;;;;;;;;;;;;;;
3;Tube 4;515040.0;;;;;;;;;;;;;;;;;;;;;;;;;;;;;;;;;;;515040.0;0.0;1504.0;False;F:\1612025mcf10_PTT\after laser\Analysis\2025-12-18_180738_tube4_cropped_8bits\5_1504_0_8bits.tiff;F:\1612025mcf10_PTT\after laser\Analysis\2025-12-18_180738_tube4_segmentationDebug\5_1504_0_segmented.tiff;2740.5;(66. 72);213.72286927700043;0.9518930184091698;59.07040690859268;0.7539415503955688;0.8426814711732384;546.6946720112247;0.9576975885053264;0.8713524726829702;0.9041173967076844;37.0;110.24056530735771;Alive;;;;;;;;;;;;;;;;;
3;Tube 4;613010.0;;;;;;;;;;;;;;;;;;;;;;;;;;;;;;;;;;;613010.0;0.0;1301.0;False;F:\1612025mcf10_PTT\after laser\Analysis\2025-12-18_180738_tube4_cropped_8bits\6_1301_0_8bits.tiff;F:\1612025mcf10_PTT\after laser\Analysis\2025-12-18_180738_tube4_segmentationDebug\6_1301_0_segmented.tiff;2777.0;(71. 84);199.3380935192108;0.9791960507757403;59.4624773763215;0.8782236801686216;0.9840717910258554;406.4805632970301;0.9489716730973738;0.8698137732181968;0.9016886934422654;37.0;130.65694458129812;Alive;;;;;;;;;;;;;;;;;
3;Tube 4;711010.0;;;;;;;;;;;;;;;;;;;;;;;;;;;;;;;;;;;711010.0;0.0;1101.0;False;F:\1612025mcf10_PTT\after laser\Analysis\2025-12-18_180738_tube4_cropped_8bits\7_1101_0_8bits.tiff;F:\1612025mcf10_PTT\after laser\Analysis\2025-12-18_180738_tube4_segmentationDebug\7_1101_0_segmented.tiff;3200.0;(79. 69);214.1665199995041;0.985373364126251;63.83076486422923;0.8767114581906377;0.885736832227514;472.42178233376535;0.95213331221227;0.8508387466947527;0.9230242967407044;42.0;102.75193198293942;Alive;;;;;;;;;;;;;;;;;
3;Tube 4;807010.0;;;;;;;;;;;;;;;;;;;;;;;;;;;;;;;;;;;807010.0;0.0;701.0;False;F:\1612025mcf10_PTT\after laser\Analysis\2025-12-18_180738_tube4_cropped_8bits\8_0701_0_8bits.tiff;F:\1612025mcf10_PTT\after laser\Analysis\2025-12-18_180738_tube4_segmentationDebug\8_0701_0_segmented.tiff;2848.0;(73. 85);209.33809304237369;0.9642796681902828;60.21782313738802;0.8166826355980036;0.8676347714773075;912.6814852416312;0.9651802329828384;0.8672688269697078;0.821617383609888;44.0;1.044467279458341;Dead;;;;;;;;;;;;;;;;;
3;Tube 4;904010.0;;;;;;;;;;;;;;;;;;;;;;;;;;;;;;;;;;;904010.0;0.0;401.0;False;F:\1612025mcf10_PTT\after laser\Analysis\2025-12-18_180738_tube4_cropped_8bits\9_0401_0_8bits.tiff;F:\1612025mcf10_PTT\after laser\Analysis\2025-12-18_180738_tube4_segmentationDebug\9_0401_0_segmented.tiff;2924.5;(77. 70);205.23758780956268;0.980882106322321;61.021218019456015;0.8724643423468573;0.9465110114026812;707.6497267011713;0.9686625458705996;0.8647367258147124;0.8637622136759044;41.0;67.98890781379767;Alive;;;;;;;;;;;;;;;;;
