Experiment ID;Sheet;merge_number;Name_day0;Index_day0;Wells_day0;multiple_day0;Path 8bcrop_day0;Path segmented_day0;Area (pix2)_day0;Centroid_day0;Perimeter (pix)_day0;Solidity_day0;Equivalent Diameter (pix)_day0;Circularity_day0;Aspect ratio_day0;Mean grey value_day0;Homogeneity_day0;Energy_day0;Correlation_day0;Name_day1;Index_day1;Wells_day1;multiple_day1;Path 8bcrop_day1;Path segmented_day1;Area (pix2)_day1;Centroid_day1;Perimeter (pix)_day1;Solidity_day1;Equivalent Diameter (pix)_day1;Circularity_day1;Aspect ratio_day1;Mean grey value_day1;Homogeneity_day1;Energy_day1;Correlation_day1;Name_day2;Index_day2;Wells_day2;multiple_day2;Path 8bcrop_day2;Path segmented_day2;Area (pix2)_day2;Centroid_day2;Perimeter (pix)_day2;Solidity_day2;Equivalent Diameter (pix)_day2;Circularity_day2;Aspect ratio_day2;Mean grey value_day2;Homogeneity_day2;Energy_day2;Correlation_day2;Normalised alb_day2;Max temp (°C)_day2;Label_day2
2;Tube 5;1002070.0;1002070.0;0.0;207.0;False;G:\Experiments\PTT\Spheroids\03062025_mda\04062025\Analysis\2025-06-04_110919_tube5_cropped_8bits2\10_0207_0_8bits.tiff;G:\Experiments\PTT\Spheroids\03062025_mda\04062025\Analysis\2025-06-04_110919_tube5_segmentationDebug2\10_0207_0_segmented.tiff;2520.0;(70. 74);252.16652059555;0.838323353293413;56.6441846329577;0.498007120873393;0.546458782378108;1053.0514280503;0.954110918186447;0.879852383020123;0.913157195958281;1002070.0;0.0;207.0;False;E:\Experiments\PTT\Spheroids\03062025_mda\05062025 before laser\Analysis\2025-06-05_103437_tube5_cropped_8bits\10_0207_0_8bits.tiff;E:\Experiments\PTT\Spheroids\03062025_mda\05062025 before laser\Analysis\2025-06-05_103437_tube5_segmentationDebug\10_0207_0_segmented.tiff;3058.5;(69. 84);237.9238796234131;0.9183305809938448;62.40355076093423;0.678957020034202;0.9854387147865156;1242.5689810738395;0.948751202330812;0.856316241243439;0.8840886723901086;;;;;;;;;;;;;;;;;;;;
2;Tube 5;110050.0;;;;;;;;;;;;;;;;;;110050.0;0.0;1005.0;False;E:\Experiments\PTT\Spheroids\03062025_mda\05062025 before laser\Analysis\2025-06-05_103437_tube5_cropped_8bits\1_1005_0_8bits.tiff;E:\Experiments\PTT\Spheroids\03062025_mda\05062025 before laser\Analysis\2025-06-05_103437_tube5_segmentationDebug\1_1005_0_segmented.tiff;3874.5;(72. 79);271.2375881671905;0.91444418220439;70.23650486802705;0.6617985042479093;0.9230149888782696;973.3497374976112;0.9278375659533136;0.8192001244176375;0.8770697373947803;;;;;;;;;;;;;;;;;;;;
2;Tube 5;1102090.0;;;;;;;;;;;;;;;;;;;;;;;;;;;;;;;;;;;1102090.0;0.0;209.0;False;G:\Experiments\PTT\Spheroids\03062025_mda\05062025 after laser\Analysis\2025-06-05_152931_tube5_cropped_8bits2\11_0209_0_8bits.tiff;G:\Experiments\PTT\Spheroids\03062025_mda\05062025 after laser\Analysis\2025-06-05_152931_tube5_segmentationDebug2\11_0209_0_segmented.tiff;3599.5;(84. 75);263.923879504203;0.92153097798259;67.6980482826072;0.649373660529424;0.928989965189908;771.540237261198;0.952780465971149;0.832618538237563;0.891076349258188;73.62028933738168;68.0;Alive
2;Tube 5;1102100.0;1102100.0;0.0;210.0;False;G:\Experiments\PTT\Spheroids\03062025_mda\04062025\Analysis\2025-06-04_110919_tube5_cropped_8bits2\11_0210_0_8bits.tiff;G:\Experiments\PTT\Spheroids\03062025_mda\04062025\Analysis\2025-06-04_110919_tube5_segmentationDebug2\11_0210_0_segmented.tiff;2240.5;(77. 74);192.610171318054;0.940201426772975;53.4106094327628;0.758920662597333;0.938227851094787;890.929521145354;0.955405459316597;0.893704407355798;0.914598264712524;1102100.0;0.0;210.0;False;E:\Experiments\PTT\Spheroids\03062025_mda\05062025 before laser\Analysis\2025-06-05_103437_tube5_cropped_8bits\11_0210_0_8bits.tiff;E:\Experiments\PTT\Spheroids\03062025_mda\05062025 before laser\Analysis\2025-06-05_103437_tube5_segmentationDebug\11_0210_0_segmented.tiff;3357.5;(76. 84);242.7523068189621;0.9245490844003856;65.38273297628594;0.7159771366364087;0.8676423749977379;1076.3457837101537;0.9399610130987692;0.8425585149607304;0.8954185030586693;;;;;;;;;;;;;;;;;;;;
2;Tube 5;111050.0;111050.0;0.0;1105.0;False;G:\Experiments\PTT\Spheroids\03062025_mda\04062025\Analysis\2025-06-04_110919_tube5_cropped_8bits2\1_1105_0_8bits.tiff;G:\Experiments\PTT\Spheroids\03062025_mda\04062025\Analysis\2025-06-04_110919_tube5_segmentationDebug2\1_1105_0_segmented.tiff;2519.0;(73. 82);216.024384856224;0.911690191820484;56.6329445922413;0.678316649770883;0.90985318587325;1276.46042994137;0.943495683594279;0.880302514794922;0.871402884446087;;;;;;;;;;;;;;;;;;111050.0;0.0;1105.0;False;G:\Experiments\PTT\Spheroids\03062025_mda\05062025 after laser\Analysis\2025-06-05_152931_tube5_cropped_8bits2\1_1105_0_8bits.tiff;G:\Experiments\PTT\Spheroids\03062025_mda\05062025 after laser\Analysis\2025-06-05_152931_tube5_segmentationDebug2\1_1105_0_segmented.tiff;3280.0;(79. 72);234.994948506355;0.951138176018558;64.6237240240094;0.746391447354074;0.88740649658977;1137.01450122618;0.967787728498032;0.848549997011398;0.884591161153436;106.1975352741561;37.0;Alive
2;Tube 5;1202120.0;;;;;;;;;;;;;;;;;;;;;;;;;;;;;;;;;;;1202120.0;0.0;212.0;False;G:\Experiments\PTT\Spheroids\03062025_mda\05062025 after laser\Analysis\2025-06-05_152931_tube5_cropped_8bits2\12_0212_0_8bits.tiff;G:\Experiments\PTT\Spheroids\03062025_mda\05062025 after laser\Analysis\2025-06-05_152931_tube5_segmentationDebug2\12_0212_0_segmented.tiff;2841.0;(80. 75);214.367531180381;0.954316425932146;60.1437739636664;0.776896357258435;0.962224512487603;1178.06020943225;0.963374659812717;0.867288477257803;0.841711789437065;6.733345240221468;65.0;Dead
2;Tube 5;1202130.0;1202130.0;0.0;213.0;False;G:\Experiments\PTT\Spheroids\03062025_mda\04062025\Analysis\2025-06-04_110919_tube5_cropped_8bits2\12_0213_0_8bits.tiff;G:\Experiments\PTT\Spheroids\03062025_mda\04062025\Analysis\2025-06-04_110919_tube5_segmentationDebug2\12_0213_0_segmented.tiff;1902.0;(75. 74);172.367530822753;0.953383458646616;49.2107875783987;0.804469264045197;0.927389439211022;1108.82786152043;0.957272176232871;0.909444566972874;0.874566492099074;1202130.0;0.0;213.0;False;E:\Experiments\PTT\Spheroids\03062025_mda\05062025 before laser\Analysis\2025-06-05_103437_tube5_cropped_8bits\12_0213_0_8bits.tiff;E:\Experiments\PTT\Spheroids\03062025_mda\05062025 before laser\Analysis\2025-06-05_103437_tube5_segmentationDebug\12_0213_0_segmented.tiff;3346.0;(75. 76);248.65180158615112;0.9104761904761904;65.27066352262595;0.680068376158246;0.9249424444656484;1243.2116246348603;0.9308502444400222;0.8427099535800554;0.8788112571903335;;;;;;;;;;;;;;;;;;;;
2;Tube 5;1302150.0;1302150.0;0.0;215.0;False;G:\Experiments\PTT\Spheroids\03062025_mda\04062025\Analysis\2025-06-04_110919_tube5_cropped_8bits2\13_0215_0_8bits.tiff;G:\Experiments\PTT\Spheroids\03062025_mda\04062025\Analysis\2025-06-04_110919_tube5_segmentationDebug2\13_0215_0_segmented.tiff;1777.0;(74. 76);168.710676789283;0.951539491298527;47.5662345681722;0.784534698892646;0.878199695353158;1084.58091274556;0.961348573075551;0.914923302162341;0.890084086649913;1302150.0;0.0;215.0;False;E:\Experiments\PTT\Spheroids\03062025_mda\05062025 before laser\Analysis\2025-06-05_103437_tube5_cropped_8bits\13_0215_0_8bits.tiff;E:\Experiments\PTT\Spheroids\03062025_mda\05062025 before laser\Analysis\2025-06-05_103437_tube5_segmentationDebug\13_0215_0_segmented.tiff;2991.5;(85. 76);224.75230705738068;0.9364532790734076;61.71625473143392;0.7442015228454318;0.9785935267319196;1130.5557133743173;0.9456634289475168;0.8595126099365507;0.8799259228350832;1302150.0;0.0;215.0;False;G:\Experiments\PTT\Spheroids\03062025_mda\05062025 after laser\Analysis\2025-06-05_152931_tube5_cropped_8bits2\13_0215_0_8bits.tiff;G:\Experiments\PTT\Spheroids\03062025_mda\05062025 after laser\Analysis\2025-06-05_152931_tube5_segmentationDebug2\13_0215_0_segmented.tiff;3118.0;(79. 71);225.823374271392;0.951334858886346;63.0076257327971;0.768330706340342;0.896735543547327;988.430457690099;0.960650944387857;0.855304271504588;0.874730240166378;101.696731559207;57.0;Alive
2;Tube 5;1402170.0;;;;;;;;;;;;;;;;;;;;;;;;;;;;;;;;;;;1402170.0;0.0;217.0;False;G:\Experiments\PTT\Spheroids\03062025_mda\05062025 after laser\Analysis\2025-06-05_152931_tube5_cropped_8bits2\14_0217_0_8bits.tiff;G:\Experiments\PTT\Spheroids\03062025_mda\05062025 after laser\Analysis\2025-06-05_152931_tube5_segmentationDebug2\14_0217_0_segmented.tiff;2748.0;(79. 76);210.852812170982;0.948403796376186;59.1511814669176;0.77672591817255;0.960391986160473;1146.23777916504;0.965934189721319;0.871701995794919;0.808596279735262;6.170744775852831;68.0;Dead
2;Tube 5;1402180.0;1402180.0;0.0;218.0;False;G:\Experiments\PTT\Spheroids\03062025_mda\04062025\Analysis\2025-06-04_110919_tube5_cropped_8bits2\14_0218_0_8bits.tiff;G:\Experiments\PTT\Spheroids\03062025_mda\04062025\Analysis\2025-06-04_110919_tube5_segmentationDebug2\14_0218_0_segmented.tiff;2055.0;(73. 80);204.852811694145;0.882542409276358;51.1518060720318;0.61537214205582;0.882232250179044;1094.73879178404;0.950194176307602;0.901492733823976;0.880348484107667;1402180.0;0.0;218.0;False;E:\Experiments\PTT\Spheroids\03062025_mda\05062025 before laser\Analysis\2025-06-05_103437_tube5_cropped_8bits\14_0218_0_8bits.tiff;E:\Experiments\PTT\Spheroids\03062025_mda\05062025 before laser\Analysis\2025-06-05_103437_tube5_segmentationDebug\14_0218_0_segmented.tiff;3031.0;(83. 89);227.3380935192108;0.9404281725100838;62.1223716554051;0.7369726537092677;0.8776979967904125;1371.4254990583042;0.9387713778405594;0.8572741186828213;0.860308086731395;;;;;;;;;;;;;;;;;;;;
2;Tube 5;1502200.0;;;;;;;;;;;;;;;;;;;;;;;;;;;;;;;;;;;1502200.0;0.0;220.0;False;G:\Experiments\PTT\Spheroids\03062025_mda\05062025 after laser\Analysis\2025-06-05_152931_tube5_cropped_8bits2\15_0220_0_8bits.tiff;G:\Experiments\PTT\Spheroids\03062025_mda\05062025 after laser\Analysis\2025-06-05_152931_tube5_segmentationDebug2\15_0220_0_segmented.tiff;3113.5;(72. 70);226.752306699752;0.944773175542406;62.9621419785963;0.760948572415813;0.930870383854498;1139.49526619001;0.950916550733368;0.854414170360991;0.845222012256468;119.27129844615109;52.0;Alive
2;Tube 5;1502210.0;1502210.0;0.0;221.0;False;G:\Experiments\PTT\Spheroids\03062025_mda\04062025\Analysis\2025-06-04_110919_tube5_cropped_8bits2\15_0221_0_8bits.tiff;G:\Experiments\PTT\Spheroids\03062025_mda\04062025\Analysis\2025-06-04_110919_tube5_segmentationDebug2\15_0221_0_segmented.tiff;1954.0;(75. 76);179.882249712944;0.944874274661508;49.8789541832275;0.758853257001326;0.865465446690653;1050.96167256678;0.95364373972535;0.906743438574851;0.872441724995908;1502210.0;0.0;221.0;False;E:\Experiments\PTT\Spheroids\03062025_mda\05062025 before laser\Analysis\2025-06-05_103437_tube5_cropped_8bits\15_0221_0_8bits.tiff;E:\Experiments\PTT\Spheroids\03062025_mda\05062025 before laser\Analysis\2025-06-05_103437_tube5_segmentationDebug\15_0221_0_segmented.tiff;3069.0;(87. 77);235.6812388896942;0.924119241192412;62.51057640745456;0.6943152873284445;0.9115935569382768;1284.3217124335092;0.9348683353274058;0.8553405691022379;0.8550409064736446;;;;;;;;;;;;;;;;;;;;
2;Tube 5;1602230.0;1602230.0;0.0;223.0;False;G:\Experiments\PTT\Spheroids\03062025_mda\04062025\Analysis\2025-06-04_110919_tube5_cropped_8bits2\16_0223_0_8bits.tiff;G:\Experiments\PTT\Spheroids\03062025_mda\04062025\Analysis\2025-06-04_110919_tube5_segmentationDebug2\16_0223_0_segmented.tiff;1734.5;(77. 74);167.296463489532;0.944716775599128;46.9939782349094;0.778772571766696;0.901649986669369;1139.69465093648;0.960316929393409;0.914606854757754;0.869810064852621;;;;;;;;;;;;;;;;;;1602230.0;0.0;223.0;False;G:\Experiments\PTT\Spheroids\03062025_mda\05062025 after laser\Analysis\2025-06-05_152931_tube5_cropped_8bits2\16_0223_0_8bits.tiff;G:\Experiments\PTT\Spheroids\03062025_mda\05062025 after laser\Analysis\2025-06-05_152931_tube5_segmentationDebug2\16_0223_0_segmented.tiff;2932.5;(71. 70);217.438598871231;0.950567260940032;61.1046231060781;0.779425487036909;0.881014838940994;1281.07044171314;0.954499341006407;0.862786202967217;0.853018929121895;6.626183247008394;68.0;Dead
2;Tube 5;1603240.0;;;;;;;;;;;;;;;;;;1603240.0;0.0;324.0;False;E:\Experiments\PTT\Spheroids\03062025_mda\05062025 before laser\Analysis\2025-06-05_103437_tube5_cropped_8bits\16_0324_0_8bits.tiff;E:\Experiments\PTT\Spheroids\03062025_mda\05062025 before laser\Analysis\2025-06-05_103437_tube5_segmentationDebug\16_0324_0_segmented.tiff;3045.5;(69. 71);228.75230658054352;0.9483107582126732;62.27078796266302;0.7313706096316259;0.9000913099598024;935.1815344163888;0.948576272990336;0.8535375786711507;0.8779717073564762;;;;;;;;;;;;;;;;;;;;
2;Tube 5;1704240.0;;;;;;;;;;;;;;;;;;;;;;;;;;;;;;;;;;;1704240.0;0.0;424.0;False;G:\Experiments\PTT\Spheroids\03062025_mda\05062025 after laser\Analysis\2025-06-05_152931_tube5_cropped_8bits2\17_0424_0_8bits.tiff;G:\Experiments\PTT\Spheroids\03062025_mda\05062025 after laser\Analysis\2025-06-05_152931_tube5_segmentationDebug2\17_0424_0_segmented.tiff;2980.0;(77. 72);224.509665966033;0.938730508741534;61.597514911811;0.742943933230024;0.953461806007911;1100.52193258275;0.94723546587676;0.860091241020655;0.845686279454621;105.91176995892124;37.0;Alive
2;Tube 5;1705240.0;1705240.0;0.0;524.0;False;G:\Experiments\PTT\Spheroids\03062025_mda\04062025\Analysis\2025-06-04_110919_tube5_cropped_8bits2\17_0524_0_8bits.tiff;G:\Experiments\PTT\Spheroids\03062025_mda\04062025\Analysis\2025-06-04_110919_tube5_segmentationDebug2\17_0524_0_segmented.tiff;1874.5;(77. 77);177.781744360923;0.940305994482066;48.853736055762;0.745282601095489;0.875548017552655;1063.36363191579;0.952061850346662;0.910442180064112;0.879913956704066;1705240.0;0.0;524.0;False;E:\Experiments\PTT\Spheroids\03062025_mda\05062025 before laser\Analysis\2025-06-05_103437_tube5_cropped_8bits\17_0524_0_8bits.tiff;E:\Experiments\PTT\Spheroids\03062025_mda\05062025 before laser\Analysis\2025-06-05_103437_tube5_segmentationDebug\17_0524_0_segmented.tiff;2806.5;(68. 67);228.26702547073364;0.9279219705736486;59.77747721591498;0.6768439501104514;0.8342228408103437;1390.748437642711;0.9390942219282828;0.8669686782855061;0.8584289709622246;;;;;;;;;;;;;;;;;;;;
2;Tube 5;1807240.0;;;;;;;;;;;;;;;;;;1807240.0;0.0;724.0;False;E:\Experiments\PTT\Spheroids\03062025_mda\05062025 before laser\Analysis\2025-06-05_103437_tube5_cropped_8bits\18_0724_0_8bits.tiff;E:\Experiments\PTT\Spheroids\03062025_mda\05062025 before laser\Analysis\2025-06-05_103437_tube5_segmentationDebug\18_0724_0_segmented.tiff;2951.0;(62. 85);224.0243847370148;0.9431128155960372;61.29706270706179;0.7389047987079518;0.9224222687510862;1103.498380639205;0.9343809764480056;0.8608571825278091;0.8788119435231853;1807240.0;0.0;724.0;False;G:\Experiments\PTT\Spheroids\03062025_mda\05062025 after laser\Analysis\2025-06-05_152931_tube5_cropped_8bits2\18_0724_0_8bits.tiff;G:\Experiments\PTT\Spheroids\03062025_mda\05062025 after laser\Analysis\2025-06-05_152931_tube5_segmentationDebug2\18_0724_0_segmented.tiff;2968.0;(76. 79);220.166520476341;0.954187429673685;61.4733679634845;0.769433698403111;0.950189005545606;1056.60915423939;0.949536146757465;0.860816178571879;0.87043647066338;103.55420610823361;37.0;Alive
2;Tube 5;1910240.0;1910240.0;0.0;1024.0;False;G:\Experiments\PTT\Spheroids\03062025_mda\04062025\Analysis\2025-06-04_110919_tube5_cropped_8bits2\19_1024_0_8bits.tiff;G:\Experiments\PTT\Spheroids\03062025_mda\04062025\Analysis\2025-06-04_110919_tube5_segmentationDebug2\19_1024_0_segmented.tiff;1553.5;(79. 76);156.811181902885;0.951607963246554;44.4744604548056;0.793902309453582;0.840434727200554;1099.00303360401;0.964143180100252;0.925467621937628;0.888087259248269;1910240.0;0.0;1024.0;False;E:\Experiments\PTT\Spheroids\03062025_mda\05062025 before laser\Analysis\2025-06-05_103437_tube5_cropped_8bits\19_1024_0_8bits.tiff;E:\Experiments\PTT\Spheroids\03062025_mda\05062025 before laser\Analysis\2025-06-05_103437_tube5_segmentationDebug\19_1024_0_segmented.tiff;2881.5;(70. 84);221.92387998104093;0.941974501471069;60.57094805395052;0.7352252512998524;0.823215315173596;1110.0655098161133;0.9358448774104065;0.8641529911853149;0.8814855048304635;1910240.0;0.0;1024.0;False;G:\Experiments\PTT\Spheroids\03062025_mda\05062025 after laser\Analysis\2025-06-05_152931_tube5_cropped_8bits2\19_1024_0_8bits.tiff;G:\Experiments\PTT\Spheroids\03062025_mda\05062025 after laser\Analysis\2025-06-05_152931_tube5_segmentationDebug2\19_1024_0_segmented.tiff;2812.0;(83. 80);220.024384975433;0.940153794717485;59.8360225933782;0.729933925379559;0.882055793654793;967.383187021889;0.948750570802209;0.867709611893227;0.86559581456402;106.48330058939096;37.0;Alive
2;Tube 5;2013240.0;2013240.0;0.0;1324.0;False;G:\Experiments\PTT\Spheroids\03062025_mda\04062025\Analysis\2025-06-04_110919_tube5_cropped_8bits2\20_1324_0_8bits.tiff;G:\Experiments\PTT\Spheroids\03062025_mda\04062025\Analysis\2025-06-04_110919_tube5_segmentationDebug2\20_1324_0_segmented.tiff;1604.5;(74. 79);172.811182141304;0.907522624434389;45.1985934463404;0.675158754463506;0.925031096046029;904.699531937986;0.960208583205413;0.922509644373425;0.885340119395655;2013240.0;0.0;1324.0;False;E:\Experiments\PTT\Spheroids\03062025_mda\05062025 before laser\Analysis\2025-06-05_103437_tube5_cropped_8bits\20_1324_0_8bits.tiff;E:\Experiments\PTT\Spheroids\03062025_mda\05062025 before laser\Analysis\2025-06-05_103437_tube5_segmentationDebug\20_1324_0_segmented.tiff;2637.0;(78. 88);203.6812391281128;0.9556078999818808;57.94422041469386;0.7987629954733474;0.944489381529578;1206.8417543863875;0.9470225064289742;0.8756709196835296;0.8820168150778737;2013240.0;0.0;1324.0;False;G:\Experiments\PTT\Spheroids\03062025_mda\05062025 after laser\Analysis\2025-06-05_152931_tube5_cropped_8bits2\20_1324_0_8bits.tiff;G:\Experiments\PTT\Spheroids\03062025_mda\05062025 after laser\Analysis\2025-06-05_152931_tube5_segmentationDebug2\20_1324_0_segmented.tiff;2735.0;(75. 68);212.166520237922;0.942778352292313;59.0111019626872;0.763507816606943;0.850572756042724;1128.60931326881;0.946625962098901;0.871424723600209;0.852466241500332;100.80371494909805;37.0;Alive
2;Tube 5;213050.0;;;;;;;;;;;;;;;;;;213050.0;0.0;1305.0;False;E:\Experiments\PTT\Spheroids\03062025_mda\05062025 before laser\Analysis\2025-06-05_103437_tube5_cropped_8bits\2_1305_0_8bits.tiff;E:\Experiments\PTT\Spheroids\03062025_mda\05062025 before laser\Analysis\2025-06-05_103437_tube5_segmentationDebug\2_1305_0_segmented.tiff;3607.0;(80. 72);264.3086556196213;0.9133957964041528;67.76854017801868;0.6488334552353083;0.9497724772202109;1214.19686718386;0.9255970581478884;0.8308719959183178;0.8717490477011396;;;;;;;;;;;;;;;;;;;;
2;Tube 5;214050.0;214050.0;0.0;1405.0;False;G:\Experiments\PTT\Spheroids\03062025_mda\04062025\Analysis\2025-06-04_110919_tube5_cropped_8bits2\2_1405_0_8bits.tiff;G:\Experiments\PTT\Spheroids\03062025_mda\04062025\Analysis\2025-06-04_110919_tube5_segmentationDebug2\2_1405_0_segmented.tiff;2456.5;(75. 71);210.610171675682;0.910826844642195;55.9259594610761;0.695933829587547;0.930412177391903;1073.86793932358;0.945837836531449;0.883348518931589;0.888139150882259;;;;;;;;;;;;;;;;;;;;;;;;;;;;;;;;;;;;;
2;Tube 5;315030.0;315030.0;0.0;1503.0;False;G:\Experiments\PTT\Spheroids\03062025_mda\04062025\Analysis\2025-06-04_110919_tube5_cropped_8bits2\3_1503_0_8bits.tiff;G:\Experiments\PTT\Spheroids\03062025_mda\04062025\Analysis\2025-06-04_110919_tube5_segmentationDebug2\3_1503_0_segmented.tiff;2294.0;(76. 78);205.882249832153;0.909775927027562;54.0445327079665;0.680088555541704;0.931217656343365;1175.40225498699;0.947456344023117;0.890621396093748;0.863769728585088;315030.0;0.0;1503.0;False;E:\Experiments\PTT\Spheroids\03062025_mda\05062025 before laser\Analysis\2025-06-05_103437_tube5_cropped_8bits\3_1503_0_8bits.tiff;E:\Experiments\PTT\Spheroids\03062025_mda\05062025 before laser\Analysis\2025-06-05_103437_tube5_segmentationDebug\3_1503_0_segmented.tiff;3381.0;(78. 86);249.68123877048487;0.9222585924713584;65.61114921070644;0.6815272324370796;0.9272107665154946;1184.6370050741525;0.9396015954366848;0.8413971484674667;0.8787404698305374;315030.0;0.0;1503.0;False;G:\Experiments\PTT\Spheroids\03062025_mda\05062025 after laser\Analysis\2025-06-05_152931_tube5_cropped_8bits2\3_1503_0_8bits.tiff;G:\Experiments\PTT\Spheroids\03062025_mda\05062025 after laser\Analysis\2025-06-05_152931_tube5_segmentationDebug2\3_1503_0_segmented.tiff;3321.5;(74. 67);235.580733895301;0.959001010538472;65.0312628497851;0.75208093573468;0.923484405936179;1031.93426832052;0.956618848688647;0.845836576849555;0.821936950171912;108.483657796035;49.0;Alive
2;Tube 5;413010.0;413010.0;0.0;1301.0;False;G:\Experiments\PTT\Spheroids\03062025_mda\04062025\Analysis\2025-06-04_110919_tube5_cropped_8bits2\4_1301_0_8bits.tiff;G:\Experiments\PTT\Spheroids\03062025_mda\04062025\Analysis\2025-06-04_110919_tube5_segmentationDebug2\4_1301_0_segmented.tiff;2252.0;(77. 73);212.367530822753;0.889415481832543;53.5475065221863;0.627483073398724;0.85725590316356;879.307677345957;0.961721752747444;0.892614295801058;0.926742157697177;413010.0;0.0;1301.0;False;E:\Experiments\PTT\Spheroids\03062025_mda\05062025 before laser\Analysis\2025-06-05_103437_tube5_cropped_8bits\4_1301_0_8bits.tiff;E:\Experiments\PTT\Spheroids\03062025_mda\05062025 before laser\Analysis\2025-06-05_103437_tube5_segmentationDebug\4_1301_0_segmented.tiff;3141.5;(73. 74);303.7228693962097;0.7898177247014456;63.24462056005644;0.4279489249293504;0.6403216016654;1256.3299177779516;0.9395714485762178;0.8507387968453874;0.8722688151858442;;;;;;;;;;;;;;;;;;;;
2;Tube 5;510010.0;510010.0;0.0;1001.0;False;G:\Experiments\PTT\Spheroids\03062025_mda\04062025\Analysis\2025-06-04_110919_tube5_cropped_8bits2\5_1001_0_8bits.tiff;G:\Experiments\PTT\Spheroids\03062025_mda\04062025\Analysis\2025-06-04_110919_tube5_segmentationDebug2\5_1001_0_segmented.tiff;2572.0;(71. 77);216.024384975433;0.929190751445086;57.2256245842615;0.692588495944908;0.882793224713584;957.144926427739;0.936727005360788;0.877831380434485;0.886043650511045;;;;;;;;;;;;;;;;;;;;;;;;;;;;;;;;;;;;;
2;Tube 5;511010.0;;;;;;;;;;;;;;;;;;511010.0;0.0;1101.0;False;E:\Experiments\PTT\Spheroids\03062025_mda\05062025 before laser\Analysis\2025-06-05_103437_tube5_cropped_8bits\5_1101_0_8bits.tiff;E:\Experiments\PTT\Spheroids\03062025_mda\05062025 before laser\Analysis\2025-06-05_103437_tube5_segmentationDebug\5_1101_0_segmented.tiff;3986.0;(77. 34);482.02438497543335;0.5786035709101466;71.23996648872287;0.2155803337953178;0.4618800589125887;1199.3749328669185;0.9148117393357992;0.7891507953041399;0.8888722630052002;;;;;;;;;;;;;;;;;;;;
2;Tube 5;608010.0;608010.0;0.0;801.0;False;G:\Experiments\PTT\Spheroids\03062025_mda\04062025\Analysis\2025-06-04_110919_tube5_cropped_8bits2\6_0801_0_8bits.tiff;G:\Experiments\PTT\Spheroids\03062025_mda\04062025\Analysis\2025-06-04_110919_tube5_segmentationDebug2\6_0801_0_segmented.tiff;2166.5;(74. 76);208.953317165374;0.905348934391976;52.5211716707532;0.623548181994985;0.910035914734555;1104.52808743025;0.950415075886817;0.896343010463488;0.873941467932108;608010.0;0.0;801.0;False;E:\Experiments\PTT\Spheroids\03062025_mda\05062025 before laser\Analysis\2025-06-05_103437_tube5_cropped_8bits\6_0801_0_8bits.tiff;E:\Experiments\PTT\Spheroids\03062025_mda\05062025 before laser\Analysis\2025-06-05_103437_tube5_segmentationDebug\6_0801_0_segmented.tiff;3048.0;(69. 72);241.48022890090945;0.9251783275155562;62.2963412437101;0.6568431406630525;0.9019898752710022;1476.9066724967006;0.940807111506139;0.8563339932831056;0.8541095144028265;608010.0;0.0;801.0;False;G:\Experiments\PTT\Spheroids\03062025_mda\05062025 after laser\Analysis\2025-06-05_152931_tube5_cropped_8bits2\6_0801_0_8bits.tiff;G:\Experiments\PTT\Spheroids\03062025_mda\05062025 after laser\Analysis\2025-06-05_152931_tube5_segmentationDebug2\6_0801_0_segmented.tiff;3271.5;(79. 75);234.066015005111;0.952540398893579;64.5399346962877;0.75037795403336;0.906218076459233;1329.02354097275;0.956161338221819;0.84788682028754;0.807623982855571;3.938203250580461;59.0;Dead
2;Tube 5;705010.0;705010.0;0.0;501.0;False;G:\Experiments\PTT\Spheroids\03062025_mda\04062025\Analysis\2025-06-04_110919_tube5_cropped_8bits2\7_0501_0_8bits.tiff;G:\Experiments\PTT\Spheroids\03062025_mda\04062025\Analysis\2025-06-04_110919_tube5_segmentationDebug2\7_0501_0_segmented.tiff;2089.5;(75. 72);182.610171556472;0.946974847042828;51.5793953892843;0.787412510345491;0.878765758008851;967.882683188548;0.951175216492762;0.900717212769911;0.887908551732607;;;;;;;;;;;;;;;;;;705010.0;0.0;501.0;False;G:\Experiments\PTT\Spheroids\03062025_mda\05062025 after laser\Analysis\2025-06-05_152931_tube5_cropped_8bits2\7_0501_0_8bits.tiff;G:\Experiments\PTT\Spheroids\03062025_mda\05062025 after laser\Analysis\2025-06-05_152931_tube5_segmentationDebug2\7_0501_0_segmented.tiff;3701.5;(71. 74);257.237588047981;0.913386798272671;68.6505365954062;0.702940814194656;0.7994428522032;925.887047985055;0.944177377097708;0.827632490082041;0.846761594014762;111.48419360600107;52.0;Alive
2;Tube 5;802020.0;802020.0;0.0;202.0;False;G:\Experiments\PTT\Spheroids\03062025_mda\04062025\Analysis\2025-06-04_110919_tube5_cropped_8bits2\8_0202_0_8bits.tiff;G:\Experiments\PTT\Spheroids\03062025_mda\04062025\Analysis\2025-06-04_110919_tube5_segmentationDebug2\8_0202_0_segmented.tiff;1792.0;(72. 76);168.710676312446;0.948399047367028;47.7665705715347;0.791157112190604;0.836788723186643;1039.13179855333;0.971318595755706;0.914635393912857;0.864468460491509;;;;;;;;;;;;;;;;;;;;;;;;;;;;;;;;;;;;;
2;Tube 5;803010.0;;;;;;;;;;;;;;;;;;803010.0;0.0;301.0;False;E:\Experiments\PTT\Spheroids\03062025_mda\05062025 before laser\Analysis\2025-06-05_103437_tube5_cropped_8bits\8_0301_0_8bits.tiff;E:\Experiments\PTT\Spheroids\03062025_mda\05062025 before laser\Analysis\2025-06-05_103437_tube5_segmentationDebug\8_0301_0_segmented.tiff;3445.5;(67. 29);447.4385989904404;0.6091760961810466;66.23403091602536;0.2162694746769398;0.4443025863271689;814.110089583142;0.9456037990828752;0.790263342341086;0.903699460002663;803010.0;0.0;301.0;False;G:\Experiments\PTT\Spheroids\03062025_mda\05062025 after laser\Analysis\2025-06-05_152931_tube5_cropped_8bits2\8_0301_0_8bits.tiff;G:\Experiments\PTT\Spheroids\03062025_mda\05062025 after laser\Analysis\2025-06-05_152931_tube5_segmentationDebug2\8_0301_0_segmented.tiff;3146.0;(75. 71);229.338093042373;0.946165413533834;63.2899013092675;0.751650911230069;0.866864628580017;1199.94009081196;0.957384688378135;0.852999744536181;0.859076541782925;5.67065547419182;69.0;Dead
2;Tube 5;902040.0;902040.0;0.0;204.0;False;G:\Experiments\PTT\Spheroids\03062025_mda\04062025\Analysis\2025-06-04_110919_tube5_cropped_8bits2\9_0204_0_8bits.tiff;G:\Experiments\PTT\Spheroids\03062025_mda\04062025\Analysis\2025-06-04_110919_tube5_segmentationDebug2\9_0204_0_segmented.tiff;2420.0;(76. 69);206.852812290191;0.922959572845156;55.5089154844435;0.710726273678315;0.929953101842216;947.07187306995;0.949641100489611;0.885130017944808;0.898303406355674;902040.0;0.0;204.0;False;E:\Experiments\PTT\Spheroids\03062025_mda\05062025 before laser\Analysis\2025-06-05_103437_tube5_cropped_8bits\9_0204_0_8bits.tiff;E:\Experiments\PTT\Spheroids\03062025_mda\05062025 before laser\Analysis\2025-06-05_103437_tube5_segmentationDebug\9_0204_0_segmented.tiff;2973.5;(69. 74);232.6101714372635;0.9365354330708662;61.53029974142826;0.6905901889001156;0.9733153564631476;1279.0868730510128;0.9495948326471342;0.8603170217052742;0.8665306381306369;902040.0;0.0;204.0;False;G:\Experiments\PTT\Spheroids\03062025_mda\05062025 after laser\Analysis\2025-06-05_152931_tube5_cropped_8bits2\9_0204_0_8bits.tiff;G:\Experiments\PTT\Spheroids\03062025_mda\05062025 after laser\Analysis\2025-06-05_152931_tube5_segmentationDebug2\9_0204_0_segmented.tiff;2952.0;(77. 73);224.024385213851;0.942829766847652;61.3074476394034;0.739155186885896;0.982947917977219;1213.52926451342;0.960347870041987;0.861980454442075;0.836181750626713;8.867654938381854;80.0;Dead
2;Tube 6;1002070.0;1002070.0;0.0;207.0;False;G:\Experiments\PTT\Spheroids\03062025_mda\04062025\Analysis\2025-06-04_111742_tube6_cropped_8bits2\10_0207_0_8bits.tiff;G:\Experiments\PTT\Spheroids\03062025_mda\04062025\Analysis\2025-06-04_111742_tube6_segmentationDebug2\10_0207_0_segmented.tiff;2000.5;(82. 75);181.296463131904;0.951260104612458;50.468957877518;0.764838527095267;0.835803192822318;715.18724233079;0.962074745580169;0.904631479663884;0.916658248392329;1002070.0;0.0;207.0;False;E:\Experiments\PTT\Spheroids\03062025_mda\05062025 before laser\Analysis\2025-06-05_104219_tube6_cropped_8bits\10_0207_0_8bits.tiff;E:\Experiments\PTT\Spheroids\03062025_mda\05062025 before laser\Analysis\2025-06-05_104219_tube6_segmentationDebug\10_0207_0_segmented.tiff;2894.0;(74. 77);229.6812390089035;0.9259318509038554;60.70218482446543;0.6893778833426976;0.8530984705388753;1092.9503129734803;0.9460339101318072;0.8635329566117513;0.8755374550044658;1002070.0;0.0;207.0;False;G:\Experiments\PTT\Spheroids\03062025_mda\05062025 after laser\Analysis\2025-06-05_153744_tube6_cropped_8bits2\10_0207_0_8bits.tiff;G:\Experiments\PTT\Spheroids\03062025_mda\05062025 after laser\Analysis\2025-06-05_153744_tube6_segmentationDebug2\10_0207_0_segmented.tiff;2883.5;(80. 76);214.267025351524;0.956860793097726;60.5919650386405;0.789258265983363;0.863036719040821;1061.83158265862;0.953494878826106;0.865009088328186;0.870588303077826;54.50973388105019;52.0;Alive
2;Tube 6;110050.0;110050.0;0.0;1005.0;False;G:\Experiments\PTT\Spheroids\03062025_mda\04062025\Analysis\2025-06-04_111742_tube6_cropped_8bits2\1_1005_0_8bits.tiff;G:\Experiments\PTT\Spheroids\03062025_mda\04062025\Analysis\2025-06-04_111742_tube6_segmentationDebug2\1_1005_0_segmented.tiff;2396.5;(75. 73);215.438598394393;0.898743671479467;55.2387415584191;0.648843961808506;0.901214932475928;1047.19641522471;0.944765107496183;0.885757368380549;0.872232230961033;110050.0;0.0;1005.0;False;E:\Experiments\PTT\Spheroids\03062025_mda\05062025 before laser\Analysis\2025-06-05_104219_tube6_cropped_8bits\1_1005_0_8bits.tiff;E:\Experiments\PTT\Spheroids\03062025_mda\05062025 before laser\Analysis\2025-06-05_104219_tube6_segmentationDebug\1_1005_0_segmented.tiff;3642.0;(79. 72);261.4802289009094;0.9250698501397004;68.09653751789045;0.669379014078936;0.9566501871382188;1154.5854287722602;0.9322922192489832;0.8293526582035199;0.890748460793803;;;;;;;;;;;;;;;;;;;;
2;Tube 6;1102090.0;1102090.0;0.0;209.0;False;G:\Experiments\PTT\Spheroids\03062025_mda\04062025\Analysis\2025-06-04_111742_tube6_cropped_8bits2\11_0209_0_8bits.tiff;G:\Experiments\PTT\Spheroids\03062025_mda\04062025\Analysis\2025-06-04_111742_tube6_segmentationDebug2\11_0209_0_segmented.tiff;2029.0;(74. 82);206.852811574935;0.881024750325662;50.8271879634083;0.595894057547949;0.82270099152696;703.822882538685;0.965744681035008;0.903070686333363;0.907364677874345;1102090.0;0.0;209.0;False;E:\Experiments\PTT\Spheroids\03062025_mda\05062025 before laser\Analysis\2025-06-05_104219_tube6_cropped_8bits\11_0209_0_8bits.tiff;E:\Experiments\PTT\Spheroids\03062025_mda\05062025 before laser\Analysis\2025-06-05_104219_tube6_segmentationDebug\11_0209_0_segmented.tiff;3164.0;(80. 64);236.50966572761536;0.9354028085735404;63.47070126871181;0.7108018513495216;0.8498558640454267;854.1801403570814;0.9554883121452404;0.8520721945989624;0.9037398294657312;;;;;;;;;;;;;;;;;;;;
2;Tube 6;1202120.0;1202120.0;0.0;212.0;False;G:\Experiments\PTT\Spheroids\03062025_mda\04062025\Analysis\2025-06-04_111742_tube6_cropped_8bits2\12_0212_0_8bits.tiff;G:\Experiments\PTT\Spheroids\03062025_mda\04062025\Analysis\2025-06-04_111742_tube6_segmentationDebug2\12_0212_0_segmented.tiff;1804.5;(75. 68);187.781744360923;0.899327186643408;47.9328776360714;0.643072610019691;0.858262318543968;829.94197442645;0.968634784695108;0.913105003005087;0.900515597666696;1202120.0;0.0;212.0;False;E:\Experiments\PTT\Spheroids\03062025_mda\05062025 before laser\Analysis\2025-06-05_104219_tube6_cropped_8bits\12_0212_0_8bits.tiff;E:\Experiments\PTT\Spheroids\03062025_mda\05062025 before laser\Analysis\2025-06-05_104219_tube6_segmentationDebug\12_0212_0_segmented.tiff;3276.5;(73. 81);254.40916168689728;0.9078692158492656;64.58923570011306;0.6361426921841449;0.9101302631565854;1052.7852627634354;0.9377190436632762;0.8458634985803621;0.8837185792900314;1202120.0;0.0;212.0;False;G:\Experiments\PTT\Spheroids\03062025_mda\05062025 after laser\Analysis\2025-06-05_153744_tube6_cropped_8bits2\12_0212_0_8bits.tiff;G:\Experiments\PTT\Spheroids\03062025_mda\05062025 after laser\Analysis\2025-06-05_153744_tube6_segmentationDebug2\12_0212_0_segmented.tiff;3074.5;(73. 69);239.923879384994;0.922996097268087;62.5665643957558;0.671177534361526;0.865828111596675;1277.42076730745;0.958240275077227;0.856423824392732;0.857346658011084;3.8185390248258617;57.0;Dead
2;Tube 6;1302150.0;1302150.0;0.0;215.0;False;G:\Experiments\PTT\Spheroids\03062025_mda\04062025\Analysis\2025-06-04_111742_tube6_cropped_8bits2\13_0215_0_8bits.tiff;G:\Experiments\PTT\Spheroids\03062025_mda\04062025\Analysis\2025-06-04_111742_tube6_segmentationDebug2\13_0215_0_segmented.tiff;1836.0;(74. 69);177.539103865623;0.928210313447927;48.3494343724283;0.731972043206275;0.905462756963602;749.474973101198;0.965018784449972;0.912216025875647;0.911520967703603;1302150.0;0.0;215.0;False;E:\Experiments\PTT\Spheroids\03062025_mda\05062025 before laser\Analysis\2025-06-05_104219_tube6_cropped_8bits\13_0215_0_8bits.tiff;E:\Experiments\PTT\Spheroids\03062025_mda\05062025 before laser\Analysis\2025-06-05_104219_tube6_segmentationDebug\13_0215_0_segmented.tiff;3017.0;(70. 84);238.16652047634125;0.9174395621103848;61.97873592181424;0.6683804687125999;0.9173754954712472;982.5805563378078;0.946613248318451;0.858052163395051;0.8878350770141881;1302150.0;0.0;215.0;False;G:\Experiments\PTT\Spheroids\03062025_mda\05062025 after laser\Analysis\2025-06-05_153744_tube6_cropped_8bits2\13_0215_0_8bits.tiff;G:\Experiments\PTT\Spheroids\03062025_mda\05062025 after laser\Analysis\2025-06-05_153744_tube6_segmentationDebug2\13_0215_0_segmented.tiff;3465.5;(67. 74);237.923879504203;0.94363512593601;66.4259861972685;0.769307031318079;0.881289687601819;1128.4260324231;0.941048870901597;0.838243029236832;0.871113335608202;91.69494552598678;53.0;Alive
2;Tube 6;1402170.0;1402170.0;0.0;217.0;False;G:\Experiments\PTT\Spheroids\03062025_mda\04062025\Analysis\2025-06-04_111742_tube6_cropped_8bits2\14_0217_0_8bits.tiff;G:\Experiments\PTT\Spheroids\03062025_mda\04062025\Analysis\2025-06-04_111742_tube6_segmentationDebug2\14_0217_0_segmented.tiff;2252.5;(76. 78);196.267025351524;0.93001651527663;53.5534506312707;0.734818333140774;0.808696145514367;809.305291168909;0.96084281972762;0.8932144925402;0.908402023318142;1402170.0;0.0;217.0;False;E:\Experiments\PTT\Spheroids\03062025_mda\05062025 before laser\Analysis\2025-06-05_104219_tube6_cropped_8bits\14_0217_0_8bits.tiff;E:\Experiments\PTT\Spheroids\03062025_mda\05062025 before laser\Analysis\2025-06-05_104219_tube6_segmentationDebug\14_0217_0_segmented.tiff;3411.5;(74. 86);247.9238797426224;0.927542142468733;65.90642386644878;0.6974587395296599;0.9915667415921402;1063.086581678048;0.93928062818201;0.8401200781240217;0.8928780773221753;1402170.0;0.0;217.0;False;G:\Experiments\PTT\Spheroids\03062025_mda\05062025 after laser\Analysis\2025-06-05_153744_tube6_cropped_8bits2\14_0217_0_8bits.tiff;G:\Experiments\PTT\Spheroids\03062025_mda\05062025 after laser\Analysis\2025-06-05_153744_tube6_segmentationDebug2\14_0217_0_segmented.tiff;3018.5;(73. 72);229.095452904701;0.930200308166409;61.9941413827394;0.722716725395735;0.968038962004556;1134.6166870861;0.945145853144589;0.858152168331778;0.847584389650306;53.43811394891945;51.0;Alive
2;Tube 6;1502200.0;1502200.0;0.0;220.0;False;G:\Experiments\PTT\Spheroids\03062025_mda\04062025\Analysis\2025-06-04_111742_tube6_cropped_8bits2\15_0220_0_8bits.tiff;G:\Experiments\PTT\Spheroids\03062025_mda\04062025\Analysis\2025-06-04_111742_tube6_segmentationDebug2\15_0220_0_segmented.tiff;1962.5;(75. 75);194.124890327453;0.893873832839899;49.9873244587341;0.654420782306354;0.941339522308682;847.576989216859;0.955571819550181;0.905923178005866;0.897422952562778;1502200.0;0.0;220.0;False;E:\Experiments\PTT\Spheroids\03062025_mda\05062025 before laser\Analysis\2025-06-05_104219_tube6_cropped_8bits\15_0220_0_8bits.tiff;E:\Experiments\PTT\Spheroids\03062025_mda\05062025 before laser\Analysis\2025-06-05_104219_tube6_segmentationDebug\15_0220_0_segmented.tiff;2936.0;(74. 80);219.68123936653137;0.9504694075752672;61.141077054157606;0.7645043751914087;0.954566375725648;1002.910356381418;0.9407435327556884;0.8618290309342252;0.8859309815938728;1502200.0;0.0;220.0;False;G:\Experiments\PTT\Spheroids\03062025_mda\05062025 after laser\Analysis\2025-06-05_153744_tube6_cropped_8bits2\15_0220_0_8bits.tiff;G:\Experiments\PTT\Spheroids\03062025_mda\05062025 after laser\Analysis\2025-06-05_153744_tube6_segmentationDebug2\15_0220_0_segmented.tiff;3118.0;(71. 75);221.681238770484;0.958794587945879;63.0076257327971;0.797311623744571;0.995652538145232;1194.72682496334;0.938117511987644;0.853868805965295;0.839424176232628;97.76745847472763;49.0;Alive
2;Tube 6;1602230.0;1602230.0;0.0;223.0;False;G:\Experiments\PTT\Spheroids\03062025_mda\04062025\Analysis\2025-06-04_111742_tube6_cropped_8bits2\16_0223_0_8bits.tiff;G:\Experiments\PTT\Spheroids\03062025_mda\04062025\Analysis\2025-06-04_111742_tube6_segmentationDebug2\16_0223_0_segmented.tiff;1859.5;(80. 70);176.468036055564;0.934187390102989;48.6578763761329;0.750367372828997;0.911215111594934;900.638721869819;0.957045322647361;0.910943117643588;0.877145563750547;1602230.0;0.0;223.0;False;E:\Experiments\PTT\Spheroids\03062025_mda\05062025 before laser\Analysis\2025-06-05_104219_tube6_cropped_8bits\16_0223_0_8bits.tiff;E:\Experiments\PTT\Spheroids\03062025_mda\05062025 before laser\Analysis\2025-06-05_104219_tube6_segmentationDebug\16_0223_0_segmented.tiff;2714.5;(77. 67);215.5807340145111;0.9441739130434784;58.789529205323625;0.7339725491448037;0.9185907743726048;1203.642785569558;0.9526436858495312;0.8721240022283964;0.8718149481110665;;;;;;;;;;;;;;;;;;;;
2;Tube 6;1704240.0;1704240.0;0.0;424.0;False;G:\Experiments\PTT\Spheroids\03062025_mda\04062025\Analysis\2025-06-04_111742_tube6_cropped_8bits2\17_0424_0_8bits.tiff;G:\Experiments\PTT\Spheroids\03062025_mda\04062025\Analysis\2025-06-04_111742_tube6_segmentationDebug2\17_0424_0_segmented.tiff;2051.5;(75. 73);188.468035936355;0.931018833673701;51.1082275766259;0.725781636980497;0.894093713499936;954.713183228237;0.954419307369119;0.902040350171563;0.882444953649808;;;;;;;;;;;;;;;;;;1704240.0;0.0;424.0;False;G:\Experiments\PTT\Spheroids\03062025_mda\05062025 after laser\Analysis\2025-06-05_153744_tube6_cropped_8bits2\17_0424_0_8bits.tiff;G:\Experiments\PTT\Spheroids\03062025_mda\05062025 after laser\Analysis\2025-06-05_153744_tube6_segmentationDebug2\17_0424_0_segmented.tiff;2862.5;(75. 81);226.267025709152;0.925177763413057;60.3709217819672;0.702607567730144;0.980563115065468;1292.09836033085;0.949359441359218;0.865425562449454;0.826913184016496;92.19503482764779;37.0;Alive
2;Tube 6;1705240.0;;;;;;;;;;;;;;;;;;1705240.0;0.0;524.0;False;E:\Experiments\PTT\Spheroids\03062025_mda\05062025 before laser\Analysis\2025-06-05_104219_tube6_cropped_8bits\17_0524_0_8bits.tiff;E:\Experiments\PTT\Spheroids\03062025_mda\05062025 before laser\Analysis\2025-06-05_104219_tube6_segmentationDebug\17_0524_0_segmented.tiff;2899.5;(78. 65);242.95331752300265;0.8967063553425081;60.75983920287812;0.6172872541305897;0.9205195791413584;1317.9596659133554;0.9415088835012728;0.862665563378937;0.8720952456125075;;;;;;;;;;;;;;;;;;;;
2;Tube 6;1807240.0;1807240.0;0.0;724.0;False;G:\Experiments\PTT\Spheroids\03062025_mda\04062025\Analysis\2025-06-04_111742_tube6_cropped_8bits2\18_0724_0_8bits.tiff;G:\Experiments\PTT\Spheroids\03062025_mda\04062025\Analysis\2025-06-04_111742_tube6_segmentationDebug2\18_0724_0_segmented.tiff;2059.0;(76. 75);186.852811694145;0.941042047531992;51.2015646500153;0.741083145094431;0.849725851458376;856.839185700394;0.945746918716785;0.901865478372873;0.886507335924874;1807240.0;0.0;724.0;False;E:\Experiments\PTT\Spheroids\03062025_mda\05062025 before laser\Analysis\2025-06-05_104219_tube6_cropped_8bits\18_0724_0_8bits.tiff;E:\Experiments\PTT\Spheroids\03062025_mda\05062025 before laser\Analysis\2025-06-05_104219_tube6_segmentationDebug\18_0724_0_segmented.tiff;2603.0;(78. 74);210.6518028974533;0.93971119133574;57.56945835202576;0.7371462681168579;0.7929895522384581;1149.2541098336071;0.94886601997275;0.8772384810995523;0.8695812869152018;1807240.0;0.0;724.0;False;G:\Experiments\PTT\Spheroids\03062025_mda\05062025 after laser\Analysis\2025-06-05_153744_tube6_cropped_8bits2\18_0724_0_8bits.tiff;G:\Experiments\PTT\Spheroids\03062025_mda\05062025 after laser\Analysis\2025-06-05_153744_tube6_segmentationDebug2\18_0724_0_segmented.tiff;2924.0;(73. 72);244.852812170982;0.893916233567716;61.016001416068;0.612882244301024;0.847984924605811;1123.18348944835;0.950329202195605;0.862023037946575;0.877811762579692;78.54974102518307;37.0;Alive
2;Tube 6;1910240.0;1910240.0;0.0;1024.0;False;G:\Experiments\PTT\Spheroids\03062025_mda\04062025\Analysis\2025-06-04_111742_tube6_cropped_8bits2\19_1024_0_8bits.tiff;G:\Experiments\PTT\Spheroids\03062025_mda\04062025\Analysis\2025-06-04_111742_tube6_segmentationDebug2\19_1024_0_segmented.tiff;1993.5;(78. 74);181.781744122505;0.943892045454545;50.3805818984809;0.758098386040221;0.91598965853013;859.556168106234;0.952394678994769;0.904836025732263;0.895099455469613;1910240.0;0.0;1024.0;False;E:\Experiments\PTT\Spheroids\03062025_mda\05062025 before laser\Analysis\2025-06-05_104219_tube6_cropped_8bits\19_1024_0_8bits.tiff;E:\Experiments\PTT\Spheroids\03062025_mda\05062025 before laser\Analysis\2025-06-05_104219_tube6_segmentationDebug\19_1024_0_segmented.tiff;2970.0;(77. 77);226.3675308227539;0.9317647058823528;61.49407652663331;0.728346514090793;0.9465214199046889;1232.4736214765007;0.934703359284792;0.8600068047274333;0.8738849706208988;1910240.0;0.0;1024.0;False;G:\Experiments\PTT\Spheroids\03062025_mda\05062025 after laser\Analysis\2025-06-05_153744_tube6_cropped_8bits2\19_1024_0_8bits.tiff;G:\Experiments\PTT\Spheroids\03062025_mda\05062025 after laser\Analysis\2025-06-05_153744_tube6_segmentationDebug2\19_1024_0_segmented.tiff;2829.0;(74. 76);220.509666323661;0.923905943827563;60.016619965271;0.731118119585088;0.954723072267696;1108.97783751493;0.95184105338294;0.867024038191604;0.851087524383638;85.97963922128952;37.0;Alive
2;Tube 6;2012240.0;2012240.0;0.0;1224.0;False;G:\Experiments\PTT\Spheroids\03062025_mda\04062025\Analysis\2025-06-04_111742_tube6_cropped_8bits2\20_1224_0_8bits.tiff;G:\Experiments\PTT\Spheroids\03062025_mda\04062025\Analysis\2025-06-04_111742_tube6_segmentationDebug2\20_1224_0_segmented.tiff;1721.0;(75. 70);161.396968483924;0.968213783403656;46.8107386877115;0.830232993202142;0.967671673111544;946.369367516016;0.957788570353777;0.917662003077416;0.877926152349172;2012240.0;0.0;1224.0;False;E:\Experiments\PTT\Spheroids\03062025_mda\05062025 before laser\Analysis\2025-06-05_104219_tube6_cropped_8bits\20_1224_0_8bits.tiff;E:\Experiments\PTT\Spheroids\03062025_mda\05062025 before laser\Analysis\2025-06-05_104219_tube6_segmentationDebug\20_1224_0_segmented.tiff;2629.5;(73. 82);205.7817441225052;0.9554869186046512;57.86176097286627;0.7803139149822602;0.9256433276016296;1073.8302887755426;0.9469438970509276;0.8725981020052995;0.8776607454091376;2012240.0;0.0;1224.0;False;G:\Experiments\PTT\Spheroids\03062025_mda\05062025 after laser\Analysis\2025-06-05_153744_tube6_cropped_8bits2\20_1224_0_8bits.tiff;G:\Experiments\PTT\Spheroids\03062025_mda\05062025 after laser\Analysis\2025-06-05_153744_tube6_segmentationDebug2\20_1224_0_segmented.tiff;2520.0;(69. 71);200.024384856224;0.953822861468584;56.6441846329577;0.791488333646544;0.928367933267334;1257.63040966696;0.951348510841917;0.881132813631788;0.852368706964574;96.2671905697446;37.0;Alive
2;Tube 6;213050.0;213050.0;0.0;1305.0;False;G:\Experiments\PTT\Spheroids\03062025_mda\04062025\Analysis\2025-06-04_111742_tube6_cropped_8bits2\2_1305_0_8bits.tiff;G:\Experiments\PTT\Spheroids\03062025_mda\04062025\Analysis\2025-06-04_111742_tube6_segmentationDebug2\2_1305_0_segmented.tiff;2771.0;(78. 72);222.166520357131;0.927531380753138;59.3982051787857;0.70548724096145;0.819987218315558;705.284891505078;0.961613399493002;0.86941170181648;0.937454562085756;213050.0;0.0;1305.0;False;E:\Experiments\PTT\Spheroids\03062025_mda\05062025 before laser\Analysis\2025-06-05_104219_tube6_cropped_8bits\2_1305_0_8bits.tiff;E:\Experiments\PTT\Spheroids\03062025_mda\05062025 before laser\Analysis\2025-06-05_104219_tube6_segmentationDebug\2_1305_0_segmented.tiff;3724.5;(71. 89);254.75230646133423;0.9382793802745938;68.86349311766078;0.7211765444112264;0.8610148085968381;1199.3274431707478;0.925106933550495;0.8256487998073365;0.8913370563643782;213050.0;0.0;1305.0;False;G:\Experiments\PTT\Spheroids\03062025_mda\05062025 after laser\Analysis\2025-06-05_153744_tube6_cropped_8bits2\2_1305_0_8bits.tiff;G:\Experiments\PTT\Spheroids\03062025_mda\05062025 after laser\Analysis\2025-06-05_153744_tube6_segmentationDebug2\2_1305_0_segmented.tiff;3372.5;(75. 77);243.923879504203;0.931372549019607;65.5286224837615;0.71228399358638;0.829008787702541;1151.83984107573;0.939525189073454;0.842127066413475;0.847260092855505;97.91034113234507;37.0;Alive
2;Tube 6;315040.0;315040.0;0.0;1504.0;False;G:\Experiments\PTT\Spheroids\03062025_mda\04062025\Analysis\2025-06-04_111742_tube6_cropped_8bits2\3_1504_0_8bits.tiff;G:\Experiments\PTT\Spheroids\03062025_mda\04062025\Analysis\2025-06-04_111742_tube6_segmentationDebug2\3_1504_0_segmented.tiff;2449.0;(74. 74);214.166519880294;0.911255813953488;55.8405197419975;0.670958238593459;0.931780697771593;841.441145520458;0.951857874725261;0.883668962704951;0.886872328415888;315040.0;0.0;1504.0;False;E:\Experiments\PTT\Spheroids\03062025_mda\05062025 before laser\Analysis\2025-06-05_104219_tube6_cropped_8bits\3_1504_0_8bits.tiff;E:\Experiments\PTT\Spheroids\03062025_mda\05062025 before laser\Analysis\2025-06-05_104219_tube6_segmentationDebug\3_1504_0_segmented.tiff;3438.0;(80. 79);246.6518018245697;0.9223340040241448;66.16190410500207;0.7101451929295124;0.9614952521807104;1241.5801343719886;0.9278030621305932;0.8388568192062266;0.8696725739565954;;;;;;;;;;;;;;;;;;;;
2;Tube 6;414010.0;414010.0;0.0;1401.0;False;G:\Experiments\PTT\Spheroids\03062025_mda\04062025\Analysis\2025-06-04_111742_tube6_cropped_8bits2\4_1401_0_8bits.tiff;G:\Experiments\PTT\Spheroids\03062025_mda\04062025\Analysis\2025-06-04_111742_tube6_segmentationDebug2\4_1401_0_segmented.tiff;2297.0;(73. 78);195.053822636604;0.946630949927879;54.079859783996;0.758685750455261;0.873760668849511;973.9188433495;0.949324091347522;0.890868550724409;0.894001824345169;;;;;;;;;;;;;;;;;;414010.0;0.0;1401.0;False;G:\Experiments\PTT\Spheroids\03062025_mda\05062025 after laser\Analysis\2025-06-05_153744_tube6_cropped_8bits2\4_1401_0_8bits.tiff;G:\Experiments\PTT\Spheroids\03062025_mda\05062025 after laser\Analysis\2025-06-05_153744_tube6_segmentationDebug2\4_1401_0_segmented.tiff;3363.5;(69. 73);250.267025709152;0.918236418236418;65.4411278074936;0.674829456593809;0.975787344432727;1228.36401722759;0.94523158856681;0.842693763358764;0.84405710347781;3.2898731916413646;72.0;Dead
2;Tube 6;511010.0;511010.0;0.0;1101.0;False;G:\Experiments\PTT\Spheroids\03062025_mda\04062025\Analysis\2025-06-04_111742_tube6_cropped_8bits2\5_1101_0_8bits.tiff;G:\Experiments\PTT\Spheroids\03062025_mda\04062025\Analysis\2025-06-04_111742_tube6_segmentationDebug2\5_1101_0_segmented.tiff;2220.0;(77. 83);188.71067726612;0.950139096939867;53.1657012491329;0.783375332270843;0.97779338049749;999.840070921985;0.951041044435091;0.894616856005794;0.876583508749222;511010.0;0.0;1101.0;False;E:\Experiments\PTT\Spheroids\03062025_mda\05062025 before laser\Analysis\2025-06-05_104219_tube6_cropped_8bits\5_1101_0_8bits.tiff;E:\Experiments\PTT\Spheroids\03062025_mda\05062025 before laser\Analysis\2025-06-05_104219_tube6_segmentationDebug\5_1101_0_segmented.tiff;3298.5;(67. 75);257.58073353767395;0.8995091355331334;64.80571454979055;0.6247404141393686;0.8576714363383733;1241.4558075853142;0.9410292402267956;0.8449216658681964;0.8723831020836762;511010.0;0.0;1101.0;False;G:\Experiments\PTT\Spheroids\03062025_mda\05062025 after laser\Analysis\2025-06-05_153744_tube6_cropped_8bits2\5_1101_0_8bits.tiff;G:\Experiments\PTT\Spheroids\03062025_mda\05062025 after laser\Analysis\2025-06-05_153744_tube6_segmentationDebug2\5_1101_0_segmented.tiff;3300.5;(76. 70);233.722869396209;0.940581362211456;64.8253585983016;0.759254163584821;0.97868426269029;1297.85846933206;0.947074355382337;0.846169654351399;0.815938625754422;93.48097874620468;50.0;Alive
2;Tube 6;608010.0;608010.0;0.0;801.0;False;G:\Experiments\PTT\Spheroids\03062025_mda\04062025\Analysis\2025-06-04_111742_tube6_cropped_8bits2\6_0801_0_8bits.tiff;G:\Experiments\PTT\Spheroids\03062025_mda\04062025\Analysis\2025-06-04_111742_tube6_segmentationDebug2\6_0801_0_segmented.tiff;2308.0;(75. 73);195.195958018302;0.941848602326055;54.2091954307454;0.761209198681918;0.869821518089675;1038.20072688928;0.952530484811081;0.890472023763788;0.890323643725722;;;;;;;;;;;;;;;;;;;;;;;;;;;;;;;;;;;;;
2;Tube 6;609010.0;;;;;;;;;;;;;;;;;;;;;;;;;;;;;;;;;;;609010.0;0.0;901.0;False;G:\Experiments\PTT\Spheroids\03062025_mda\05062025 after laser\Analysis\2025-06-05_153744_tube6_cropped_8bits2\6_0901_0_8bits.tiff;G:\Experiments\PTT\Spheroids\03062025_mda\05062025 after laser\Analysis\2025-06-05_153744_tube6_segmentationDebug2\6_0901_0_segmented.tiff;3167.0;(76. 67);226.994947195053;0.955642727821364;63.5007845477224;0.772370267477347;0.852658810846052;1243.55390399357;0.951082000886975;0.852121156581942;0.828923688062083;75.9778531880693;50.0;Alive
2;Tube 6;705010.0;705010.0;0.0;501.0;False;G:\Experiments\PTT\Spheroids\03062025_mda\04062025\Analysis\2025-06-04_111742_tube6_cropped_8bits2\7_0501_0_8bits.tiff;G:\Experiments\PTT\Spheroids\03062025_mda\04062025\Analysis\2025-06-04_111742_tube6_segmentationDebug2\7_0501_0_segmented.tiff;2810.0;(80. 78);230.509666085243;0.913821138211382;59.8147399953038;0.664565666757665;0.797565431295886;875.385513574544;0.944826342997381;0.867200488951128;0.888821867610978;705010.0;0.0;501.0;False;E:\Experiments\PTT\Spheroids\03062025_mda\05062025 before laser\Analysis\2025-06-05_104219_tube6_cropped_8bits\7_0501_0_8bits.tiff;E:\Experiments\PTT\Spheroids\03062025_mda\05062025 before laser\Analysis\2025-06-05_104219_tube6_segmentationDebug\7_0501_0_segmented.tiff;4110.0;(72. 89);297.96550989151;0.8921206859127415;72.33957788694595;0.5817276314928208;0.8624679431364768;966.27768637288;0.9313994779243082;0.8077637368396147;0.8880956260141389;705010.0;0.0;501.0;False;G:\Experiments\PTT\Spheroids\03062025_mda\05062025 after laser\Analysis\2025-06-05_153744_tube6_cropped_8bits2\7_0501_0_8bits.tiff;G:\Experiments\PTT\Spheroids\03062025_mda\05062025 after laser\Analysis\2025-06-05_153744_tube6_segmentationDebug2\7_0501_0_segmented.tiff;4145.5;(75. 71);281.237587809562;0.909799187973225;72.6513216170195;0.658627795443608;0.811533189596389;1182.7084967576;0.936249513955633;0.807487845092465;0.859896993396643;101.696731559207;46.0;Alive
2;Tube 6;802020.0;;;;;;;;;;;;;;;;;;;;;;;;;;;;;;;;;;;802020.0;0.0;202.0;False;G:\Experiments\PTT\Spheroids\03062025_mda\05062025 after laser\Analysis\2025-06-05_153744_tube6_cropped_8bits2\8_0202_0_8bits.tiff;G:\Experiments\PTT\Spheroids\03062025_mda\05062025 after laser\Analysis\2025-06-05_153744_tube6_segmentationDebug2\8_0202_0_segmented.tiff;3723.0;(79. 80);246.166520357131;0.95694640791672;68.849624727002;0.772049109945784;0.839569267528646;1130.82535377964;0.947460570623742;0.814111458105449;0.852516049333527;84.76513663154135;49.0;Alive
2;Tube 6;803010.0;803010.0;0.0;301.0;False;G:\Experiments\PTT\Spheroids\03062025_mda\04062025\Analysis\2025-06-04_111742_tube6_cropped_8bits2\8_0301_0_8bits.tiff;G:\Experiments\PTT\Spheroids\03062025_mda\04062025\Analysis\2025-06-04_111742_tube6_segmentationDebug2\8_0301_0_segmented.tiff;2394.5;(72. 78);212.953317642211;0.914978983568972;55.2156869908212;0.663522851719498;0.86841455190951;883.529577879037;0.958782043591534;0.886297029734272;0.900768017353743;803010.0;0.0;301.0;False;E:\Experiments\PTT\Spheroids\03062025_mda\05062025 before laser\Analysis\2025-06-05_104219_tube6_cropped_8bits\8_0301_0_8bits.tiff;E:\Experiments\PTT\Spheroids\03062025_mda\05062025 before laser\Analysis\2025-06-05_104219_tube6_segmentationDebug\8_0301_0_segmented.tiff;3369.5;(65. 71);255.58073389530185;0.9205026635705504;65.49947057789956;0.6482150334220631;0.921282601012455;1116.8272165655922;0.9486975462031434;0.8423274602852412;0.880222903533826;;;;;;;;;;;;;;;;;;;;
2;Tube 6;902040.0;902040.0;0.0;204.0;False;G:\Experiments\PTT\Spheroids\03062025_mda\04062025\Analysis\2025-06-04_111742_tube6_cropped_8bits2\9_0204_0_8bits.tiff;G:\Experiments\PTT\Spheroids\03062025_mda\04062025\Analysis\2025-06-04_111742_tube6_segmentationDebug2\9_0204_0_segmented.tiff;2109.5;(74. 78);196.953317284584;0.921581476627348;51.8256579275056;0.683380832756633;0.887635325427145;869.742069962042;0.960086168247873;0.899398489741559;0.905206045902103;902040.0;0.0;204.0;False;E:\Experiments\PTT\Spheroids\03062025_mda\05062025 before laser\Analysis\2025-06-05_104219_tube6_cropped_8bits\9_0204_0_8bits.tiff;E:\Experiments\PTT\Spheroids\03062025_mda\05062025 before laser\Analysis\2025-06-05_104219_tube6_segmentationDebug\9_0204_0_segmented.tiff;2940.5;(82. 68);231.9238797426224;0.928481212503947;61.18791450355001;0.6869737028907356;0.8793274149405834;1049.1988946472202;0.9490104072613376;0.8614707661588429;0.8800774476348904;902040.0;0.0;204.0;False;G:\Experiments\PTT\Spheroids\03062025_mda\05062025 after laser\Analysis\2025-06-05_153744_tube6_cropped_8bits2\9_0204_0_8bits.tiff;G:\Experiments\PTT\Spheroids\03062025_mda\05062025 after laser\Analysis\2025-06-05_153744_tube6_segmentationDebug2\9_0204_0_segmented.tiff;2881.5;(80. 74);213.095452785491;0.961140760507004;60.5709480539505;0.797407145486259;0.959901086399085;1281.17300779516;0.961508384375513;0.865762020073072;0.840106364340694;7.05483121986069;85.0;Dead
2;Tube 7;1002050.0;;;;;;;;;;;;;;;;;;1002050.0;0.0;205.0;False;E:\Experiments\PTT\Spheroids\03062025_mda\05062025 before laser\Analysis\2025-06-05_105011_tube7_cropped_8bits\10_0205_0_8bits.tiff;E:\Experiments\PTT\Spheroids\03062025_mda\05062025 before laser\Analysis\2025-06-05_105011_tube7_segmentationDebug\10_0205_0_segmented.tiff;3043.5;(80. 72);225.0954530239105;0.9390620178957112;62.25033778544071;0.7548309961840698;0.9355147202976096;1040.4781973389777;0.9531403995328196;0.8575521371105135;0.9129175868319672;;;;;;;;;;;;;;;;;;;;
2;Tube 7;1002060.0;1002060.0;0.0;206.0;False;G:\Experiments\PTT\Spheroids\03062025_mda\04062025\Analysis\2025-06-04_112632_tube7_cropped_8bits2\10_0206_0_8bits.tiff;G:\Experiments\PTT\Spheroids\03062025_mda\04062025\Analysis\2025-06-04_112632_tube7_segmentationDebug2\10_0206_0_segmented.tiff;2222.5;(72. 74);194.267025470733;0.935592506840665;53.1956284686429;0.740037031936544;0.918070028519248;1043.04384729092;0.950735247696282;0.894234541897261;0.88874631264742;;;;;;;;;;;;;;;;;;1002060.0;0.0;206.0;False;G:\Experiments\PTT\Spheroids\03062025_mda\05062025 after laser\Analysis\2025-06-05_154613_tube7_cropped_8bits2\10_0206_0_8bits.tiff;G:\Experiments\PTT\Spheroids\03062025_mda\05062025 after laser\Analysis\2025-06-05_154613_tube7_segmentationDebug2\10_0206_0_segmented.tiff;2803.0;(80. 77);220.166520118713;0.933866400133266;59.7401911939747;0.726658579390321;0.984033986480074;1045.26723363554;0.960874116766102;0.86871691071532;0.868775510601409;53.93820325058046;49.0;Alive
2;Tube 7;109050.0;;;;;;;;;;;;;;;;;;109050.0;0.0;905.0;False;E:\Experiments\PTT\Spheroids\03062025_mda\05062025 before laser\Analysis\2025-06-05_105011_tube7_cropped_8bits\1_0905_0_8bits.tiff;E:\Experiments\PTT\Spheroids\03062025_mda\05062025 before laser\Analysis\2025-06-05_105011_tube7_segmentationDebug\1_0905_0_segmented.tiff;3512.0;(73. 74);239.33809340000155;0.9503450142064672;66.8701523933503;0.7704433609823802;0.9146674830119692;1013.9749629434156;0.9330910583336516;0.8358280128627343;0.8676984469932765;109050.0;0.0;905.0;False;G:\Experiments\PTT\Spheroids\03062025_mda\05062025 after laser\Analysis\2025-06-05_154613_tube7_cropped_8bits2\1_0905_0_8bits.tiff;G:\Experiments\PTT\Spheroids\03062025_mda\05062025 after laser\Analysis\2025-06-05_154613_tube7_segmentationDebug2\1_0905_0_segmented.tiff;3815.5;(70. 80);246.894441723823;0.949601791936286;69.6996806516142;0.786572386892724;0.926793691664253;916.66024098924;0.941451400728809;0.822837433930759;0.900178118371132;132.3450616181461;37.0;Alive
2;Tube 7;110050.0;110050.0;0.0;1005.0;False;G:\Experiments\PTT\Spheroids\03062025_mda\04062025\Analysis\2025-06-04_112632_tube7_cropped_8bits2\1_1005_0_8bits.tiff;G:\Experiments\PTT\Spheroids\03062025_mda\04062025\Analysis\2025-06-04_112632_tube7_segmentationDebug2\1_1005_0_segmented.tiff;2564.5;(74. 77);213.237587690353;0.936290617013508;57.1421281759204;0.708736901895955;0.849816892693696;942.764527283435;0.940492447973245;0.878538409746105;0.905317900545607;;;;;;;;;;;;;;;;;;;;;;;;;;;;;;;;;;;;;
2;Tube 7;1102080.0;;;;;;;;;;;;;;;;;;1102080.0;0.0;208.0;False;E:\Experiments\PTT\Spheroids\03062025_mda\05062025 before laser\Analysis\2025-06-05_105011_tube7_cropped_8bits\11_0208_0_8bits.tiff;E:\Experiments\PTT\Spheroids\03062025_mda\05062025 before laser\Analysis\2025-06-05_105011_tube7_segmentationDebug\11_0208_0_segmented.tiff;3270.5;(71. 64);253.9238796234131;0.9213973799126638;64.53006997560401;0.6374071454255698;0.8967802908788091;1129.5756113671605;0.9408240545609944;0.846529535635492;0.8937182706506037;1102080.0;0.0;208.0;False;G:\Experiments\PTT\Spheroids\03062025_mda\05062025 after laser\Analysis\2025-06-05_154613_tube7_cropped_8bits2\11_0208_0_8bits.tiff;G:\Experiments\PTT\Spheroids\03062025_mda\05062025 after laser\Analysis\2025-06-05_154613_tube7_segmentationDebug2\11_0208_0_segmented.tiff;2881.0;(74. 72);218.367530822753;0.947229985204668;60.5656926682259;0.759236355079812;0.967221597997809;943.598997463461;0.967715292443282;0.865532584051358;0.878143338117503;51.8664047151277;63.0;Alive
2;Tube 7;1102090.0;1102090.0;0.0;209.0;False;G:\Experiments\PTT\Spheroids\03062025_mda\04062025\Analysis\2025-06-04_112632_tube7_cropped_8bits2\11_0209_0_8bits.tiff;G:\Experiments\PTT\Spheroids\03062025_mda\04062025\Analysis\2025-06-04_112632_tube7_segmentationDebug2\11_0209_0_segmented.tiff;2117.5;(76. 74);185.781743764877;0.941320293398533;51.9238359135446;0.770951776013181;0.964299452464168;1076.47743605852;0.948674740720958;0.899192471321329;0.875457480317928;;;;;;;;;;;;;;;;;;;;;;;;;;;;;;;;;;;;;
2;Tube 7;1202110.0;;;;;;;;;;;;;;;;;;1202110.0;0.0;211.0;False;E:\Experiments\PTT\Spheroids\03062025_mda\05062025 before laser\Analysis\2025-06-05_105011_tube7_cropped_8bits\12_0211_0_8bits.tiff;E:\Experiments\PTT\Spheroids\03062025_mda\05062025 before laser\Analysis\2025-06-05_105011_tube7_segmentationDebug\12_0211_0_segmented.tiff;2652.0;(71. 68);211.1959581375122;0.9397590361445785;58.10878825649053;0.747157532045737;0.9627815057922382;1151.2387584648086;0.9517566055635212;0.8750582095843705;0.8728959218621173;;;;;;;;;;;;;;;;;;;;
2;Tube 7;1202120.0;1202120.0;0.0;212.0;False;G:\Experiments\PTT\Spheroids\03062025_mda\04062025\Analysis\2025-06-04_112632_tube7_cropped_8bits2\12_0212_0_8bits.tiff;G:\Experiments\PTT\Spheroids\03062025_mda\04062025\Analysis\2025-06-04_112632_tube7_segmentationDebug2\12_0212_0_segmented.tiff;1875.5;(77. 73);172.468036174774;0.946744068652195;48.8667654561952;0.792336560714;0.948407625255079;884.863154058313;0.952843621872759;0.910481482286023;0.896102091742954;;;;;;;;;;;;;;;;;;1202120.0;0.0;212.0;False;G:\Experiments\PTT\Spheroids\03062025_mda\05062025 after laser\Analysis\2025-06-05_154613_tube7_cropped_8bits2\12_0212_0_8bits.tiff;G:\Experiments\PTT\Spheroids\03062025_mda\05062025 after laser\Analysis\2025-06-05_154613_tube7_segmentationDebug2\12_0212_0_segmented.tiff;2556.0;(84. 69);205.338092923164;0.950009291953168;57.0473511772726;0.761783681329117;0.921665252072543;703.349881077732;0.975940113577697;0.880539532971129;0.925122307624037;48.33005893909627;52.0;Dead
2;Tube 7;1302140.0;;;;;;;;;;;;;;;;;;1302140.0;0.0;214.0;False;E:\Experiments\PTT\Spheroids\03062025_mda\05062025 before laser\Analysis\2025-06-05_105011_tube7_cropped_8bits\13_0214_0_8bits.tiff;E:\Experiments\PTT\Spheroids\03062025_mda\05062025 before laser\Analysis\2025-06-05_105011_tube7_segmentationDebug\13_0214_0_segmented.tiff;2887.0;(76. 79);226.16652023792267;0.9287437670902364;60.62872723099517;0.7092510962083302;0.8902872456624084;1111.2863997390275;0.9421518349994462;0.8639683793399369;0.8821391664497349;;;;;;;;;;;;;;;;;;;;
2;Tube 7;1302150.0;1302150.0;0.0;215.0;False;G:\Experiments\PTT\Spheroids\03062025_mda\04062025\Analysis\2025-06-04_112632_tube7_cropped_8bits2\13_0215_0_8bits.tiff;G:\Experiments\PTT\Spheroids\03062025_mda\04062025\Analysis\2025-06-04_112632_tube7_segmentationDebug2\13_0215_0_segmented.tiff;2200.5;(77. 74);197.296463251113;0.931625740897544;52.9316882234992;0.710383125552545;0.825532355832463;833.987324531451;0.948931942953128;0.895434926469088;0.91036996106553;;;;;;;;;;;;;;;;;;1302150.0;0.0;215.0;False;G:\Experiments\PTT\Spheroids\03062025_mda\05062025 after laser\Analysis\2025-06-05_154613_tube7_cropped_8bits2\13_0215_0_8bits.tiff;G:\Experiments\PTT\Spheroids\03062025_mda\05062025 after laser\Analysis\2025-06-05_154613_tube7_segmentationDebug2\13_0215_0_segmented.tiff;2702.0;(73. 69);213.539103746414;0.939499304589707;58.6540130756149;0.744629739765774;0.883615252095877;928.135750184774;0.971657057622474;0.873989404336426;0.899748277288382;90.33756027862118;45.0;Alive
2;Tube 7;1402160.0;;;;;;;;;;;;;;;;;;1402160.0;0.0;216.0;False;E:\Experiments\PTT\Spheroids\03062025_mda\05062025 before laser\Analysis\2025-06-05_105011_tube7_cropped_8bits\14_0216_0_8bits.tiff;E:\Experiments\PTT\Spheroids\03062025_mda\05062025 before laser\Analysis\2025-06-05_105011_tube7_segmentationDebug\14_0216_0_segmented.tiff;3243.0;(69. 75);266.65180230140686;0.8717741935483871;64.25819670342557;0.5731492993502053;0.8749952277826144;1250.6105442493451;0.9343884743696064;0.8471815279483724;0.8708151842200117;;;;;;;;;;;;;;;;;;;;
2;Tube 7;1402170.0;1402170.0;0.0;217.0;False;G:\Experiments\PTT\Spheroids\03062025_mda\04062025\Analysis\2025-06-04_112632_tube7_cropped_8bits2\14_0217_0_8bits.tiff;G:\Experiments\PTT\Spheroids\03062025_mda\04062025\Analysis\2025-06-04_112632_tube7_segmentationDebug2\14_0217_0_segmented.tiff;2215.0;(76. 77);193.882249355316;0.936971235194585;53.1057962146165;0.740470046877472;0.790807717618062;1033.42102562654;0.946696561335941;0.894942235081094;0.893024789327346;;;;;;;;;;;;;;;;;;1402170.0;0.0;217.0;False;G:\Experiments\PTT\Spheroids\03062025_mda\05062025 after laser\Analysis\2025-06-05_154613_tube7_cropped_8bits2\14_0217_0_8bits.tiff;G:\Experiments\PTT\Spheroids\03062025_mda\05062025 after laser\Analysis\2025-06-05_154613_tube7_segmentationDebug2\14_0217_0_segmented.tiff;3274.5;(71. 72);237.580733895301;0.940272792534099;64.5695198157403;0.729008210625768;0.914271071338009;955.597970118595;0.958262654649547;0.847737321303281;0.856251494286668;95.98142525450973;43.0;Alive
2;Tube 7;1502190.0;;;;;;;;;;;;;;;;;;1502190.0;0.0;219.0;False;E:\Experiments\PTT\Spheroids\03062025_mda\05062025 before laser\Analysis\2025-06-05_105011_tube7_cropped_8bits\15_0219_0_8bits.tiff;E:\Experiments\PTT\Spheroids\03062025_mda\05062025 before laser\Analysis\2025-06-05_105011_tube7_segmentationDebug\15_0219_0_segmented.tiff;3210.5;(68. 78);237.9238796234131;0.9217628481194372;63.93540144843262;0.7126995301029281;0.8500224407544252;1166.5944711981851;0.935709508306254;0.8490247959656285;0.8781632380681458;;;;;;;;;;;;;;;;;;;;
2;Tube 7;1502200.0;1502200.0;0.0;220.0;False;G:\Experiments\PTT\Spheroids\03062025_mda\04062025\Analysis\2025-06-04_112632_tube7_cropped_8bits2\15_0220_0_8bits.tiff;G:\Experiments\PTT\Spheroids\03062025_mda\04062025\Analysis\2025-06-04_112632_tube7_segmentationDebug2\15_0220_0_segmented.tiff;2196.0;(76. 71);200.367531180381;0.907063197026022;52.8775381446452;0.6873651442822;0.858590601528769;1192.35533460372;0.947826891550748;0.89546175486476;0.893895586005293;;;;;;;;;;;;;;;;;;1502200.0;0.0;220.0;False;G:\Experiments\PTT\Spheroids\03062025_mda\05062025 after laser\Analysis\2025-06-05_154613_tube7_cropped_8bits2\15_0220_0_8bits.tiff;G:\Experiments\PTT\Spheroids\03062025_mda\05062025 after laser\Analysis\2025-06-05_154613_tube7_segmentationDebug2\15_0220_0_segmented.tiff;2827.0;(83. 78);258.994947314262;0.908857096929754;59.9954014318289;0.529606234955014;0.83871920536348;1097.24626185899;0.959133480688316;0.866626917025841;0.853453839558292;112.94874084657975;42.0;Alive
2;Tube 7;1602220.0;;;;;;;;;;;;;;;;;;1602220.0;0.0;222.0;False;E:\Experiments\PTT\Spheroids\03062025_mda\05062025 before laser\Analysis\2025-06-05_105011_tube7_cropped_8bits\16_0222_0_8bits.tiff;E:\Experiments\PTT\Spheroids\03062025_mda\05062025 before laser\Analysis\2025-06-05_105011_tube7_segmentationDebug\16_0222_0_segmented.tiff;3014.0;(71. 68);241.82337474823;0.911262282690854;61.947913506685445;0.6476741394161621;0.8107125866096244;1242.8758215516866;0.9361882805096888;0.8575947835173346;0.8674514217139242;;;;;;;;;;;;;;;;;;;;
2;Tube 7;1602230.0;1602230.0;0.0;223.0;False;G:\Experiments\PTT\Spheroids\03062025_mda\04062025\Analysis\2025-06-04_112632_tube7_cropped_8bits2\16_0223_0_8bits.tiff;G:\Experiments\PTT\Spheroids\03062025_mda\04062025\Analysis\2025-06-04_112632_tube7_segmentationDebug2\16_0223_0_segmented.tiff;2122.0;(75. 71);191.539103865623;0.927447552447552;51.9789795391176;0.726842546365351;0.835286796583095;1054.62893557505;0.947290290300469;0.898976400375923;0.888300384138993;;;;;;;;;;;;;;;;;;1602230.0;0.0;223.0;False;G:\Experiments\PTT\Spheroids\03062025_mda\05062025 after laser\Analysis\2025-06-05_154613_tube7_cropped_8bits2\16_0223_0_8bits.tiff;G:\Experiments\PTT\Spheroids\03062025_mda\05062025 after laser\Analysis\2025-06-05_154613_tube7_segmentationDebug2\16_0223_0_segmented.tiff;2919.5;(82. 76);230.26702594757;0.925063371356147;60.9690319002549;0.691918336561722;0.822304586619681;1197.15368129637;0.951359967213105;0.863026916592477;0.841491132843481;104.73298803357743;43.0;Alive
2;Tube 7;1704240.0;1704240.0;0.0;424.0;False;G:\Experiments\PTT\Spheroids\03062025_mda\04062025\Analysis\2025-06-04_112632_tube7_cropped_8bits2\17_0424_0_8bits.tiff;G:\Experiments\PTT\Spheroids\03062025_mda\04062025\Analysis\2025-06-04_112632_tube7_segmentationDebug2\17_0424_0_segmented.tiff;1991.0;(75. 77);181.539103865623;0.946292775665399;50.3489814551169;0.759172992039484;0.922755913191136;975.57285827644;0.950619041034477;0.905067485069852;0.884361980000803;1704240.0;0.0;424.0;False;E:\Experiments\PTT\Spheroids\03062025_mda\05062025 before laser\Analysis\2025-06-05_105011_tube7_cropped_8bits\17_0424_0_8bits.tiff;E:\Experiments\PTT\Spheroids\03062025_mda\05062025 before laser\Analysis\2025-06-05_105011_tube7_segmentationDebug\17_0424_0_segmented.tiff;2425.5;(70. 80);213.4385985136032;0.9055441478439424;55.57195799821289;0.6690602397836243;0.9192660699085308;1252.4030763902824;0.9603494520424644;0.8848205323921279;0.8453003273322538;1704240.0;1.0;424.0;False;G:\Experiments\PTT\Spheroids\03062025_mda\05062025 after laser\Analysis\2025-06-05_154613_tube7_cropped_8bits2\17_0424_0_8bits.tiff;G:\Experiments\PTT\Spheroids\03062025_mda\05062025 after laser\Analysis\2025-06-05_154613_tube7_segmentationDebug2\17_0424_0_segmented.tiff;972.5;(22. 20);248.124890565872;0.594983175282961;35.188427888369;0.198499221985291;0.80635345330224;1059.28168846803;0.973080421184645;0.948944063983185;0.804197623590126;82.40757278085373;37.0;Alive
2;Tube 7;1807240.0;1807240.0;0.0;724.0;False;G:\Experiments\PTT\Spheroids\03062025_mda\04062025\Analysis\2025-06-04_112632_tube7_cropped_8bits2\18_0724_0_8bits.tiff;G:\Experiments\PTT\Spheroids\03062025_mda\04062025\Analysis\2025-06-04_112632_tube7_segmentationDebug2\18_0724_0_segmented.tiff;1776.0;(73. 75);204.852812170982;0.870801667075263;47.5528488258027;0.531825264819091;0.769320569949159;950.463812556512;0.974096123491465;0.914296469873561;0.90579676443166;;;;;;;;;;;;;;;;;;1807240.0;0.0;724.0;False;G:\Experiments\PTT\Spheroids\03062025_mda\05062025 after laser\Analysis\2025-06-05_154613_tube7_cropped_8bits2\18_0724_0_8bits.tiff;G:\Experiments\PTT\Spheroids\03062025_mda\05062025 after laser\Analysis\2025-06-05_154613_tube7_segmentationDebug2\18_0724_0_segmented.tiff;2861.0;(73. 76);218.166519284248;0.945941477930236;60.3551020004713;0.755355709521803;0.948930622063766;1179.40569485508;0.947051896146266;0.865516129747542;0.836002394586409;85.33666726201108;37.0;Alive
2;Tube 7;1908240.0;;;;;;;;;;;;;;;;;;1908240.0;0.0;824.0;False;E:\Experiments\PTT\Spheroids\03062025_mda\05062025 before laser\Analysis\2025-06-05_105011_tube7_cropped_8bits\19_0824_0_8bits.tiff;E:\Experiments\PTT\Spheroids\03062025_mda\05062025 before laser\Analysis\2025-06-05_105011_tube7_segmentationDebug\19_0824_0_segmented.tiff;2990.5;(76. 68);225.5807341337204;0.9420381162387778;61.7059386001907;0.7384985711493413;0.9241406163127572;899.5238975378737;0.9328059965321857;0.8469684528634764;0.8827689245938032;;;;;;;;;;;;;;;;;;;;
2;Tube 7;1910240.0;1910240.0;0.0;1024.0;False;G:\Experiments\PTT\Spheroids\03062025_mda\04062025\Analysis\2025-06-04_112632_tube7_cropped_8bits2\19_1024_0_8bits.tiff;G:\Experiments\PTT\Spheroids\03062025_mda\04062025\Analysis\2025-06-04_112632_tube7_segmentationDebug2\19_1024_0_segmented.tiff;1921.5;(72. 64);193.781744480133;0.885279889426399;49.4624077983332;0.643020072932404;0.870968439088671;970.489532766399;0.956877407808396;0.90788894835058;0.898660557560618;;;;;;;;;;;;;;;;;;1910240.0;0.0;1024.0;False;G:\Experiments\PTT\Spheroids\03062025_mda\05062025 after laser\Analysis\2025-06-05_154613_tube7_cropped_8bits2\19_1024_0_8bits.tiff;G:\Experiments\PTT\Spheroids\03062025_mda\05062025 after laser\Analysis\2025-06-05_154613_tube7_segmentationDebug2\19_1024_0_segmented.tiff;2798.5;(77. 72);222.267025589942;0.931126268507735;59.6922178004918;0.711844444135708;0.890902927689784;1164.68038583439;0.949196068522115;0.868199805466237;0.844435957291771;126.0582246829791;37.0;Alive
2;Tube 7;2012240.0;2012240.0;0.0;1224.0;False;G:\Experiments\PTT\Spheroids\03062025_mda\04062025\Analysis\2025-06-04_112632_tube7_cropped_8bits2\20_1224_0_8bits.tiff;G:\Experiments\PTT\Spheroids\03062025_mda\04062025\Analysis\2025-06-04_112632_tube7_segmentationDebug2\20_1224_0_segmented.tiff;1931.0;(74. 67);179.539103388786;0.935335432308064;49.5845294510656;0.75279033361924;0.856928798366156;1151.42252088289;0.952639084197618;0.907743313948076;0.872696557690577;2012240.0;0.0;1224.0;False;E:\Experiments\PTT\Spheroids\03062025_mda\05062025 before laser\Analysis\2025-06-05_105011_tube7_cropped_8bits\20_1224_0_8bits.tiff;E:\Experiments\PTT\Spheroids\03062025_mda\05062025 before laser\Analysis\2025-06-05_105011_tube7_segmentationDebug\20_1224_0_segmented.tiff;2765.0;(75. 83);226.02438521385196;0.9190626558085424;59.33386335974361;0.680133875584372;0.8811509513814619;1301.89918791864;0.9415425522715254;0.8693398805966146;0.8673557973418011;;;;;;;;;;;;;;;;;;;;
2;Tube 7;315040.0;315040.0;0.0;1504.0;False;G:\Experiments\PTT\Spheroids\03062025_mda\04062025\Analysis\2025-06-04_112632_tube7_cropped_8bits2\3_1504_0_8bits.tiff;G:\Experiments\PTT\Spheroids\03062025_mda\04062025\Analysis\2025-06-04_112632_tube7_segmentationDebug2\3_1504_0_segmented.tiff;2434.5;(76. 70);198.267025113105;0.953770812928501;55.6749644962415;0.778249163084889;0.850776995479814;988.047854116659;0.937454137508153;0.884517457392149;0.884167020795346;315040.0;0.0;1504.0;False;E:\Experiments\PTT\Spheroids\03062025_mda\05062025 before laser\Analysis\2025-06-05_105011_tube7_cropped_8bits\3_1504_0_8bits.tiff;E:\Experiments\PTT\Spheroids\03062025_mda\05062025 before laser\Analysis\2025-06-05_105011_tube7_segmentationDebug\3_1504_0_segmented.tiff;3087.5;(73. 72);235.43859887123108;0.923986233727368;62.69870089858174;0.6999411088484812;0.940736300836306;1307.3971917887643;0.9449405037122895;0.8548970263862582;0.880874066686507;;;;;;;;;;;;;;;;;;;;
2;Tube 7;414010.0;414010.0;0.0;1401.0;False;G:\Experiments\PTT\Spheroids\03062025_mda\04062025\Analysis\2025-06-04_112632_tube7_cropped_8bits2\4_1401_0_8bits.tiff;G:\Experiments\PTT\Spheroids\03062025_mda\04062025\Analysis\2025-06-04_112632_tube7_segmentationDebug2\4_1401_0_segmented.tiff;2376.0;(73. 73);206.024385213851;0.932313125367863;55.0019741308504;0.703427020347923;0.886267548758723;1119.8997521931;0.946261792432948;0.887110738869269;0.875090260056095;;;;;;;;;;;;;;;;;;414010.0;0.0;1401.0;False;G:\Experiments\PTT\Spheroids\03062025_mda\05062025 after laser\Analysis\2025-06-05_154613_tube7_cropped_8bits2\4_1401_0_8bits.tiff;G:\Experiments\PTT\Spheroids\03062025_mda\05062025 after laser\Analysis\2025-06-05_154613_tube7_segmentationDebug2\4_1401_0_segmented.tiff;3753.5;(76. 76);257.923879623413;0.93289424630297;69.1310684942988;0.70902766153198;0.788406320188108;1106.83553772582;0.946244643307099;0.82572523042422;0.870728647176464;87.90855509912484;56.0;Alive
2;Tube 7;511010.0;511010.0;0.0;1101.0;False;G:\Experiments\PTT\Spheroids\03062025_mda\04062025\Analysis\2025-06-04_112632_tube7_cropped_8bits2\5_1101_0_8bits.tiff;G:\Experiments\PTT\Spheroids\03062025_mda\04062025\Analysis\2025-06-04_112632_tube7_segmentationDebug2\5_1101_0_segmented.tiff;2121.0;(75. 79);191.195957660675;0.937044400265076;51.9667304569306;0.729110110354171;0.928088466113643;1027.22413778348;0.950610245145066;0.898934031887752;0.881203039396134;;;;;;;;;;;;;;;;;;511010.0;0.0;1101.0;False;G:\Experiments\PTT\Spheroids\03062025_mda\05062025 after laser\Analysis\2025-06-05_154613_tube7_cropped_8bits2\5_1101_0_8bits.tiff;G:\Experiments\PTT\Spheroids\03062025_mda\05062025 after laser\Analysis\2025-06-05_154613_tube7_segmentationDebug2\5_1101_0_segmented.tiff;3211.0;(72. 65);224.16652059555;0.960658189977561;63.9403798717571;0.802987283564285;0.951075158766245;1091.11286819299;0.947947612977854;0.850283813410556;0.858924962060889;81.4073941775317;43.0;Alive
2;Tube 7;512010.0;;;;;;;;;;;;;;;;;;512010.0;0.0;1201.0;False;E:\Experiments\PTT\Spheroids\03062025_mda\05062025 before laser\Analysis\2025-06-05_105011_tube7_cropped_8bits\5_1201_0_8bits.tiff;E:\Experiments\PTT\Spheroids\03062025_mda\05062025 before laser\Analysis\2025-06-05_105011_tube7_segmentationDebug\5_1201_0_segmented.tiff;3037.0;(77. 80);251.8233742713928;0.9150346489906598;62.18382826234397;0.6018144041108168;0.9706189821796144;1333.0237084991973;0.9373381213045404;0.8562748894984008;0.8781101723186233;;;;;;;;;;;;;;;;;;;;
2;Tube 7;609010.0;609010.0;0.0;901.0;False;G:\Experiments\PTT\Spheroids\03062025_mda\04062025\Analysis\2025-06-04_112632_tube7_cropped_8bits2\6_0901_0_8bits.tiff;G:\Experiments\PTT\Spheroids\03062025_mda\04062025\Analysis\2025-06-04_112632_tube7_segmentationDebug2\6_0901_0_segmented.tiff;2657.5;(78. 70);208.409160852432;0.947753209700428;58.1690131438869;0.768864001139274;0.960011576137272;1008.70802092216;0.939471153474181;0.872812963403052;0.89036451730028;;;;;;;;;;;;;;;;;;609010.0;0.0;901.0;False;G:\Experiments\PTT\Spheroids\03062025_mda\05062025 after laser\Analysis\2025-06-05_154613_tube7_cropped_8bits2\6_0901_0_8bits.tiff;G:\Experiments\PTT\Spheroids\03062025_mda\05062025 after laser\Analysis\2025-06-05_154613_tube7_segmentationDebug2\6_0901_0_segmented.tiff;3732.5;(77. 75);253.92388010025;0.936754925335675;68.9374107486203;0.727449063251965;0.879811623623018;1148.96851018915;0.940382516465264;0.826062050622386;0.860179196496042;106.98338989105197;43.0;Alive
2;Tube 7;706010.0;706010.0;0.0;601.0;False;G:\Experiments\PTT\Spheroids\03062025_mda\04062025\Analysis\2025-06-04_112632_tube7_cropped_8bits2\7_0601_0_8bits.tiff;G:\Experiments\PTT\Spheroids\03062025_mda\04062025\Analysis\2025-06-04_112632_tube7_segmentationDebug2\7_0601_0_segmented.tiff;2234.0;(78. 77);192.367530822753;0.943611404435058;53.3330773810995;0.758629089666636;0.963323774724924;933.136197611186;0.95197983940935;0.89393599776356;0.898084279092282;706010.0;0.0;601.0;False;E:\Experiments\PTT\Spheroids\03062025_mda\05062025 before laser\Analysis\2025-06-05_105011_tube7_cropped_8bits\7_0601_0_8bits.tiff;E:\Experiments\PTT\Spheroids\03062025_mda\05062025 before laser\Analysis\2025-06-05_105011_tube7_segmentationDebug\7_0601_0_segmented.tiff;3680.5;(64. 73);259.5807338953018;0.9270780856423174;68.45551945897253;0.6863913063066076;0.9277020067921276;1327.466649341681;0.9222859842658306;0.8275433884680045;0.8835004718162464;;;;;;;;;;;;;;;;;;;;
2;Tube 7;803010.0;803010.0;0.0;301.0;False;G:\Experiments\PTT\Spheroids\03062025_mda\04062025\Analysis\2025-06-04_112632_tube7_cropped_8bits2\8_0301_0_8bits.tiff;G:\Experiments\PTT\Spheroids\03062025_mda\04062025\Analysis\2025-06-04_112632_tube7_segmentationDebug2\8_0301_0_segmented.tiff;2409.0;(76. 77);205.681239008903;0.9344453064391;55.3826151717938;0.715578534558108;0.912195109581946;1150.5089711589;0.941906294121062;0.885657065662692;0.89069868532184;;;;;;;;;;;;;;;;;;;;;;;;;;;;;;;;;;;;;
2;Tube 7;804010.0;;;;;;;;;;;;;;;;;;;;;;;;;;;;;;;;;;;804010.0;0.0;401.0;False;G:\Experiments\PTT\Spheroids\03062025_mda\05062025 after laser\Analysis\2025-06-05_154613_tube7_cropped_8bits2\8_0401_0_8bits.tiff;G:\Experiments\PTT\Spheroids\03062025_mda\05062025 after laser\Analysis\2025-06-05_154613_tube7_segmentationDebug2\8_0401_0_segmented.tiff;3382.0;(80. 64);242.166519761085;0.935158302225909;65.6208514139699;0.724695002392374;0.952787807402902;1204.07144791042;0.951151123451794;0.842425744789644;0.846723390777386;92.76656545811753;43.0;Alive
2;Tube 7;902030.0;902030.0;0.0;203.0;False;G:\Experiments\PTT\Spheroids\03062025_mda\04062025\Analysis\2025-06-04_112632_tube7_cropped_8bits2\9_0203_0_8bits.tiff;G:\Experiments\PTT\Spheroids\03062025_mda\04062025\Analysis\2025-06-04_112632_tube7_segmentationDebug2\9_0203_0_segmented.tiff;2221.5;(72. 72);192.409161329269;0.942111959287531;53.1836596016968;0.754057889826069;0.942729080747262;904.482416631341;0.95387632819669;0.890177588957323;0.898368405334017;902030.0;0.0;203.0;False;E:\Experiments\PTT\Spheroids\03062025_mda\05062025 before laser\Analysis\2025-06-05_105011_tube7_cropped_8bits\9_0203_0_8bits.tiff;E:\Experiments\PTT\Spheroids\03062025_mda\05062025 before laser\Analysis\2025-06-05_105011_tube7_segmentationDebug\9_0203_0_segmented.tiff;2846.5;(69. 84);214.7523063421249;0.9539209115281502;60.2019631248736;0.775613534368626;0.863530919023491;1231.113698829402;0.9486081525327682;0.8664723004264318;0.8736842952454771;902030.0;0.0;203.0;False;G:\Experiments\PTT\Spheroids\03062025_mda\05062025 after laser\Analysis\2025-06-05_154613_tube7_cropped_8bits2\9_0203_0_8bits.tiff;G:\Experiments\PTT\Spheroids\03062025_mda\05062025 after laser\Analysis\2025-06-05_154613_tube7_segmentationDebug2\9_0203_0_segmented.tiff;2580.5;(76. 76);205.580733656883;0.958047150547614;57.3201068141807;0.767271212798587;0.971985957678543;1241.3612245946;0.960579544250132;0.87880634446075;0.82717363186894;36.22075370601893;69.0;Dead
3;Tube 1;1002040.0;1002040.0;0.0;204.0;False;G:\Experiments\PTT\Spheroids\26052025\27052025\Analysis\2025-05-27_110905_tube1_cropped_8bits2\10_0204_0_8bits.tiff;G:\Experiments\PTT\Spheroids\26052025\27052025\Analysis\2025-05-27_110905_tube1_segmentationDebug2\10_0204_0_segmented.tiff;1682.5;(72. 73);166.953317523002;0.934462649264093;46.2841823306506;0.758533612598087;0.911780378087987;765.06177721978;0.967480527556011;0.919338673359551;0.894638812199536;1002040.0;0.0;204.0;False;G:\Experiments\PTT\Spheroids\26052025\28052025 before laser\Analysis\2025-05-28_102352_tube1_cropped_8bits2\10_0204_0_8bits.tiff;G:\Experiments\PTT\Spheroids\26052025\28052025 before laser\Analysis\2025-05-28_102352_tube1_segmentationDebug2\10_0204_0_segmented.tiff;2679.5;(71. 76);219.296463251113;0.922851730669881;58.4092917275827;0.700164956336084;0.917352933339659;1234.80501810196;0.942465009373188;0.873299709736462;0.873582903232924;;;;;;;;;;;;;;;;;;;;
3;Tube 1;104050.0;;;;;;;;;;;;;;;;;;;;;;;;;;;;;;;;;;;104050.0;0.0;405.0;False;E:\Experiments\PTT\Spheroids\26052025\28052025 after laser\Analysis\2025-05-28_165211_tube1_cropped_8bits\1_0405_0_8bits.tiff;E:\Experiments\PTT\Spheroids\26052025\28052025 after laser\Analysis\2025-05-28_165211_tube1_segmentationDebug\1_0405_0_segmented.tiff;3075.0;(70. 74);226.1665199995041;0.9431068854470174;62.57165172872317;0.7554371754204382;0.9770924668603228;1103.3451598217175;0.9419684072426084;0.8555849990120564;0.8829417110580432;;37.0;Dead
3;Tube 1;105050.0;;;;;;;;;;;;;;;;;;105050.0;0.0;505.0;False;G:\Experiments\PTT\Spheroids\26052025\28052025 before laser\Analysis\2025-05-28_102352_tube1_cropped_8bits2\1_0505_0_8bits.tiff;G:\Experiments\PTT\Spheroids\26052025\28052025 before laser\Analysis\2025-05-28_102352_tube1_segmentationDebug2\1_0505_0_segmented.tiff;2999.0;(77. 81);238.994947195053;0.912104622871046;61.7935708197928;0.659794804343862;0.876579436758758;1320.57855274365;0.938696339136241;0.858611274513262;0.860584029268552;;;;;;;;;;;;;;;;;;;;
3;Tube 1;1102060.0;;;;;;;;;;;;;;;;;;;;;;;;;;;;;;;;;;;1102060.0;0.0;206.0;False;E:\Experiments\PTT\Spheroids\26052025\28052025 after laser\Analysis\2025-05-28_165211_tube1_cropped_8bits\11_0206_0_8bits.tiff;E:\Experiments\PTT\Spheroids\26052025\28052025 after laser\Analysis\2025-05-28_165211_tube1_segmentationDebug\11_0206_0_segmented.tiff;2456.5;(69. 77);210.26702547073364;0.9210723659542556;55.9259594610761;0.6982071476515421;0.9318829878296284;1049.853632595289;0.9496238149099584;0.8835996212185357;0.8892087633089635;;37.0;Dead
3;Tube 1;1102070.0;1102070.0;0.0;207.0;False;G:\Experiments\PTT\Spheroids\26052025\27052025\Analysis\2025-05-27_110905_tube1_cropped_8bits2\11_0207_0_8bits.tiff;G:\Experiments\PTT\Spheroids\26052025\27052025\Analysis\2025-05-27_110905_tube1_segmentationDebug2\11_0207_0_segmented.tiff;1494.0;(75. 73);157.396968126297;0.939918213274614;43.6144457701153;0.757822920695418;0.870769343971579;852.875162218255;0.966383366558036;0.928122120299926;0.880316896176408;1102070.0;0.0;207.0;False;G:\Experiments\PTT\Spheroids\26052025\28052025 before laser\Analysis\2025-05-28_102352_tube1_cropped_8bits2\11_0207_0_8bits.tiff;G:\Experiments\PTT\Spheroids\26052025\28052025 before laser\Analysis\2025-05-28_102352_tube1_segmentationDebug2\11_0207_0_segmented.tiff;2499.0;(75. 75);209.338093280792;0.932462686567164;56.4076734344997;0.716604600319734;0.886747698939008;1012.66808936776;0.944725421383798;0.881418874750985;0.886870114825683;;;;;;;;;;;;;;;;;;;;
3;Tube 1;1202090.0;;;;;;;;;;;;;;;;;;;;;;;;;;;;;;;;;;;1202090.0;0.0;209.0;False;E:\Experiments\PTT\Spheroids\26052025\28052025 after laser\Analysis\2025-05-28_165211_tube1_cropped_8bits\12_0209_0_8bits.tiff;E:\Experiments\PTT\Spheroids\26052025\28052025 after laser\Analysis\2025-05-28_165211_tube1_segmentationDebug\12_0209_0_segmented.tiff;2196.0;(60. 81);195.1959581375122;0.9265822784810128;52.877538144645285;0.7242701032338512;0.9535289285965588;830.3388405736698;0.9513156097837102;0.8955001111271972;0.8818896753047414;;37.0;Dead
3;Tube 1;1202100.0;1202100.0;0.0;210.0;False;G:\Experiments\PTT\Spheroids\26052025\27052025\Analysis\2025-05-27_110905_tube1_cropped_8bits2\12_0210_0_8bits.tiff;G:\Experiments\PTT\Spheroids\26052025\27052025\Analysis\2025-05-27_110905_tube1_segmentationDebug2\12_0210_0_segmented.tiff;1304.5;(70. 72);153.296463370323;0.91801548205489;40.7546437367206;0.697573022022616;0.91829155752014;772.273537261958;0.971696722322857;0.936738473328538;0.892128318493796;;;;;;;;;;;;;;;;;;;;;;;;;;;;;;;;;;;;;
3;Tube 1;1302130.0;1302130.0;0.0;213.0;False;G:\Experiments\PTT\Spheroids\26052025\27052025\Analysis\2025-05-27_110905_tube1_cropped_8bits2\13_0213_0_8bits.tiff;G:\Experiments\PTT\Spheroids\26052025\27052025\Analysis\2025-05-27_110905_tube1_segmentationDebug2\13_0213_0_segmented.tiff;1502.0;(76. 73);162.225395560264;0.934660858742999;43.7310621434263;0.717203025764979;0.877784506819737;757.824094009368;0.972381342221689;0.927392356576654;0.896681102522509;;;;;;;;;;;;;;;;;;;;;;;;;;;;;;;;;;;;;
3;Tube 1;1402150.0;;;;;;;;;;;;;;;;;;;;;;;;;;;;;;;;;;;1402150.0;0.0;215.0;False;E:\Experiments\PTT\Spheroids\26052025\28052025 after laser\Analysis\2025-05-28_165211_tube1_cropped_8bits\14_0215_0_8bits.tiff;E:\Experiments\PTT\Spheroids\26052025\28052025 after laser\Analysis\2025-05-28_165211_tube1_segmentationDebug\14_0215_0_segmented.tiff;4162.0;(67. 74);317.137082695961;0.8405533676663637;72.79576213755679;0.5200174127358896;0.8968988619052283;1230.117517556554;0.9253963767100064;0.8043671445369746;0.8758263982947759;;37.0;Dead
3;Tube 1;1402160.0;1402160.0;0.0;216.0;True;G:\Experiments\PTT\Spheroids\26052025\27052025\Analysis\2025-05-27_110905_tube1_cropped_8bits2\14_0216_0_8bits.tiff;G:\Experiments\PTT\Spheroids\26052025\27052025\Analysis\2025-05-27_110905_tube1_segmentationDebug2\14_0216_0_segmented.tiff;1770.0;(73. 76);182.225395798683;0.897110998479472;47.4724551101082;0.669831128045117;0.975792913149279;849.763994579601;0.959201040828279;0.914897426831582;0.892707919314419;;;;;;;;;;;;;;;;;;;;;;;;;;;;;;;;;;;;;
3;Tube 1;1402161.0;1402161.0;0.0;216.0;True;G:\Experiments\PTT\Spheroids\26052025\27052025\Analysis\2025-05-27_110905_tube1_cropped_8bits2\14_0216_1_8bits.tiff;G:\Experiments\PTT\Spheroids\26052025\27052025\Analysis\2025-05-27_110905_tube1_segmentationDebug2\14_0216_1_segmented.tiff;665.5;(74. 74);105.840619802474;0.929469273743016;29.1091208562067;0.746540159169602;0.884219434206204;780.973356133023;0.984285949650339;0.966604961978086;0.874947278098289;;;;;;;;;;;;;;;;;;;;;;;;;;;;;;;;;;;;;
3;Tube 1;1502190.0;1502190.0;0.0;219.0;False;G:\Experiments\PTT\Spheroids\26052025\27052025\Analysis\2025-05-27_110905_tube1_cropped_8bits2\15_0219_0_8bits.tiff;G:\Experiments\PTT\Spheroids\26052025\27052025\Analysis\2025-05-27_110905_tube1_segmentationDebug2\15_0219_0_segmented.tiff;1494.0;(76. 76);158.710676670074;0.929971988795518;43.6144457701153;0.745329266724273;0.954340047193662;952.949149948997;0.966448085547967;0.927943507758786;0.880897717957028;1502190.0;0.0;219.0;False;G:\Experiments\PTT\Spheroids\26052025\28052025 before laser\Analysis\2025-05-28_102352_tube1_cropped_8bits2\15_0219_0_8bits.tiff;G:\Experiments\PTT\Spheroids\26052025\28052025 before laser\Analysis\2025-05-28_102352_tube1_segmentationDebug2\15_0219_0_segmented.tiff;2477.5;(72. 69);210.953317284584;0.917592592592592;56.1644992150857;0.699601623919785;0.894507383509402;1155.62814245709;0.941882806333547;0.882462454546604;0.870072757638094;;;;;;;;;;;;;;;;;;;;
3;Tube 1;1602220.0;1602220.0;0.0;222.0;False;G:\Experiments\PTT\Spheroids\26052025\27052025\Analysis\2025-05-27_110905_tube1_cropped_8bits2\16_0222_0_8bits.tiff;G:\Experiments\PTT\Spheroids\26052025\27052025\Analysis\2025-05-27_110905_tube1_segmentationDebug2\16_0222_0_segmented.tiff;1713.0;(78. 75);185.882249593734;0.888946549039958;46.7018130283111;0.623004792386788;0.929227032792763;807.729507177878;0.960437476796925;0.917258466166726;0.886840891388638;;;;;;;;;;;;;;;;;;1602220.0;0.0;222.0;False;E:\Experiments\PTT\Spheroids\26052025\28052025 after laser\Analysis\2025-05-28_165211_tube1_cropped_8bits\16_0222_0_8bits.tiff;E:\Experiments\PTT\Spheroids\26052025\28052025 after laser\Analysis\2025-05-28_165211_tube1_segmentationDebug\16_0222_0_segmented.tiff;3298.5;(80. 82);257.9238793849945;0.8991413384216982;64.80571454979055;0.623079191657643;0.9025506656702402;1408.4646805310967;0.9435881998800328;0.8584468230795621;0.8211710707883332;;37.0;Dead
3;Tube 1;1704240.0;1704240.0;0.0;424.0;False;G:\Experiments\PTT\Spheroids\26052025\27052025\Analysis\2025-05-27_110905_tube1_cropped_8bits2\17_0424_0_8bits.tiff;G:\Experiments\PTT\Spheroids\26052025\27052025\Analysis\2025-05-27_110905_tube1_segmentationDebug2\17_0424_0_segmented.tiff;1585.5;(76. 75);161.982754945755;0.950539568345323;44.9301824854696;0.759343969665398;0.854912767862903;910.302532951387;0.959935463293509;0.923529858513836;0.876763908453572;1704240.0;0.0;424.0;False;G:\Experiments\PTT\Spheroids\26052025\28052025 before laser\Analysis\2025-05-28_102352_tube1_cropped_8bits2\17_0424_0_8bits.tiff;G:\Experiments\PTT\Spheroids\26052025\28052025 before laser\Analysis\2025-05-28_102352_tube1_segmentationDebug2\17_0424_0_segmented.tiff;2399.5;(69. 80);205.781744241714;0.92270717169775;55.2733053796498;0.712060557836324;0.893420266365165;1053.39734065159;0.936802617884136;0.857743303902453;0.863433261253166;1704240.0;0.0;424.0;False;E:\Experiments\PTT\Spheroids\26052025\28052025 after laser\Analysis\2025-05-28_165211_tube1_cropped_8bits\17_0424_0_8bits.tiff;E:\Experiments\PTT\Spheroids\26052025\28052025 after laser\Analysis\2025-05-28_165211_tube1_segmentationDebug\17_0424_0_segmented.tiff;2302.5;(76. 71);202.6101711988449;0.9286146400483968;54.14456622554762;0.7048342764194665;0.8323134239578129;1071.680809481153;0.94563506864563;0.8905470002371846;0.8697997909373707;;37.0;Dead
3;Tube 1;1807240.0;1807240.0;0.0;724.0;False;G:\Experiments\PTT\Spheroids\26052025\27052025\Analysis\2025-05-27_110905_tube1_cropped_8bits2\18_0724_0_8bits.tiff;G:\Experiments\PTT\Spheroids\26052025\27052025\Analysis\2025-05-27_110905_tube1_segmentationDebug2\18_0724_0_segmented.tiff;1689.5;(76. 76);178.468036174774;0.896286472148541;46.38036449652;0.666572159339181;0.913775749543073;904.046305188278;0.95899983113074;0.918541426952067;0.87901445634301;;;;;;;;;;;;;;;;;;1807240.0;0.0;724.0;False;E:\Experiments\PTT\Spheroids\26052025\28052025 after laser\Analysis\2025-05-28_165211_tube1_cropped_8bits\18_0724_0_8bits.tiff;E:\Experiments\PTT\Spheroids\26052025\28052025 after laser\Analysis\2025-05-28_165211_tube1_segmentationDebug\18_0724_0_segmented.tiff;2458.0;(71. 77);270.36753046512604;0.840198256708255;55.94303174622403;0.4225544445949234;0.9132605177020224;893.7704238700604;0.961629307718846;0.8818548530924669;0.90317018892018;;37.0;Dead
3;Tube 1;1808240.0;;;;;;;;;;;;;;;;;;1808240.0;0.0;824.0;False;G:\Experiments\PTT\Spheroids\26052025\28052025 before laser\Analysis\2025-05-28_102352_tube1_cropped_8bits2\18_0824_0_8bits.tiff;G:\Experiments\PTT\Spheroids\26052025\28052025 before laser\Analysis\2025-05-28_102352_tube1_segmentationDebug2\18_0824_0_segmented.tiff;2602.5;(74. 76);222.267025709152;0.919773811627496;57.5639289414235;0.661988623861348;0.948189571247544;1097.66830210635;0.938534818224519;0.876577038757094;0.872546108749948;;;;;;;;;;;;;;;;;;;;
3;Tube 1;1910240.0;1910240.0;0.0;1024.0;False;G:\Experiments\PTT\Spheroids\26052025\27052025\Analysis\2025-05-27_110905_tube1_cropped_8bits2\19_1024_0_8bits.tiff;G:\Experiments\PTT\Spheroids\26052025\27052025\Analysis\2025-05-27_110905_tube1_segmentationDebug2\19_1024_0_segmented.tiff;1616.0;(73. 73);184.225395560264;0.882096069868995;45.3602811310955;0.598345769916523;0.835323842405477;984.635205992509;0.969765242226039;0.921537423449417;0.895452960217329;;;;;;;;;;;;;;;;;;;;;;;;;;;;;;;;;;;;;
3;Tube 1;1911240.0;;;;;;;;;;;;;;;;;;1911240.0;0.0;1124.0;False;G:\Experiments\PTT\Spheroids\26052025\28052025 before laser\Analysis\2025-05-28_102352_tube1_cropped_8bits2\19_1124_0_8bits.tiff;G:\Experiments\PTT\Spheroids\26052025\28052025 before laser\Analysis\2025-05-28_102352_tube1_segmentationDebug2\19_1124_0_segmented.tiff;2652.5;(75. 68);224.267025828361;0.907147742818057;58.1142658252689;0.662726610841181;0.839721443123334;1092.56117649207;0.936291625728585;0.874036772663123;0.876947357161666;;;;;;;;;;;;;;;;;;;;
3;Tube 1;2013240.0;2013240.0;0.0;1324.0;False;G:\Experiments\PTT\Spheroids\26052025\27052025\Analysis\2025-05-27_110905_tube1_cropped_8bits2\20_1324_0_8bits.tiff;G:\Experiments\PTT\Spheroids\26052025\27052025\Analysis\2025-05-27_110905_tube1_segmentationDebug2\20_1324_0_segmented.tiff;1697.5;(75. 75);177.639608979225;0.912389142703574;46.4900433123904;0.675989624083927;0.811254295707475;777.616949074181;0.961737561013245;0.91802561365743;0.907367998308879;;;;;;;;;;;;;;;;;;;;;;;;;;;;;;;;;;;;;
3;Tube 1;208050.0;208050.0;0.0;805.0;False;G:\Experiments\PTT\Spheroids\26052025\27052025\Analysis\2025-05-27_110905_tube1_cropped_8bits2\2_0805_0_8bits.tiff;G:\Experiments\PTT\Spheroids\26052025\27052025\Analysis\2025-05-27_110905_tube1_segmentationDebug2\2_0805_0_segmented.tiff;1948.5;(72. 67);178.610171198844;0.94725328147788;49.8087065975062;0.767534491015389;0.958195245842229;628.05924100266;0.966930265635674;0.907151380456341;0.911384887099253;208050.0;0.0;805.0;False;G:\Experiments\PTT\Spheroids\26052025\28052025 before laser\Analysis\2025-05-28_102352_tube1_cropped_8bits2\2_0805_0_8bits.tiff;G:\Experiments\PTT\Spheroids\26052025\28052025 before laser\Analysis\2025-05-28_102352_tube1_segmentationDebug2\2_0805_0_segmented.tiff;2985.5;(76. 72);280.208150506019;0.849843438656419;61.6543320522315;0.477821197465861;0.892022602547661;1155.51390346453;0.964762742549301;0.858316646482914;0.922061601418395;;;;;;;;;;;;;;;;;;;;
3;Tube 1;311050.0;311050.0;0.0;1105.0;False;G:\Experiments\PTT\Spheroids\26052025\27052025\Analysis\2025-05-27_110905_tube1_cropped_8bits2\3_1105_0_8bits.tiff;G:\Experiments\PTT\Spheroids\26052025\27052025\Analysis\2025-05-27_110905_tube1_segmentationDebug2\3_1105_0_segmented.tiff;1802.5;(78. 79);175.296463251113;0.929363237947924;47.9063073027459;0.737121077146905;0.952257807002361;888.639265982636;0.970774051492289;0.913769505316821;0.901988386065149;;;;;;;;;;;;;;;;;;;;;;;;;;;;;;;;;;;;;
3;Tube 1;312050.0;;;;;;;;;;;;;;;;;;312050.0;0.0;1205.0;False;G:\Experiments\PTT\Spheroids\26052025\28052025 before laser\Analysis\2025-05-28_102352_tube1_cropped_8bits2\3_1205_0_8bits.tiff;G:\Experiments\PTT\Spheroids\26052025\28052025 before laser\Analysis\2025-05-28_102352_tube1_segmentationDebug2\3_1205_0_segmented.tiff;2823.0;(76. 71);233.338093161582;0.923001471309465;59.9529418359713;0.651552556525424;0.953503524995737;1124.46788563483;0.938626189732006;0.866346368959675;0.883531294964883;;;;;;;;;;;;;;;;;;;;
3;Tube 1;413050.0;;;;;;;;;;;;;;;;;;;;;;;;;;;;;;;;;;;413050.0;0.0;1305.0;False;E:\Experiments\PTT\Spheroids\26052025\28052025 after laser\Analysis\2025-05-28_165211_tube1_cropped_8bits\4_1305_0_8bits.tiff;E:\Experiments\PTT\Spheroids\26052025\28052025 after laser\Analysis\2025-05-28_165211_tube1_segmentationDebug\4_1305_0_segmented.tiff;2607.5;(80. 119);267.7817442417145;0.8553386911595867;57.61919916917395;0.4569537533975699;0.925069568642842;1065.247273505733;0.9422687923211572;0.8745717971762739;0.8783891693062549;;37.0;Dead
3;Tube 1;414050.0;414050.0;0.0;1405.0;False;G:\Experiments\PTT\Spheroids\26052025\27052025\Analysis\2025-05-27_110905_tube1_cropped_8bits2\4_1405_0_8bits.tiff;G:\Experiments\PTT\Spheroids\26052025\27052025\Analysis\2025-05-27_110905_tube1_segmentationDebug2\4_1405_0_segmented.tiff;1603.0;(73. 74);177.882249474525;0.893783105659325;45.1774610863698;0.636616895933525;0.855648963917106;1060.95049444364;0.962481892142713;0.922494018641736;0.863258928313227;;;;;;;;;;;;;;;;;;;;;;;;;;;;;;;;;;;;;
3;Tube 1;415040.0;;;;;;;;;;;;;;;;;;415040.0;0.0;1504.0;False;G:\Experiments\PTT\Spheroids\26052025\28052025 before laser\Analysis\2025-05-28_102352_tube1_cropped_8bits2\4_1504_0_8bits.tiff;G:\Experiments\PTT\Spheroids\26052025\28052025 before laser\Analysis\2025-05-28_102352_tube1_segmentationDebug2\4_1504_0_segmented.tiff;2646.0;(77. 71);220.024385094642;0.932675361297144;58.0430171111843;0.686843941842618;0.89923090930514;1137.48627271392;0.940017780115599;0.874811069980137;0.880745461320522;;;;;;;;;;;;;;;;;;;;
3;Tube 1;514010.0;;;;;;;;;;;;;;;;;;514010.0;0.0;1401.0;False;G:\Experiments\PTT\Spheroids\26052025\28052025 before laser\Analysis\2025-05-28_102352_tube1_cropped_8bits2\5_1401_0_8bits.tiff;G:\Experiments\PTT\Spheroids\26052025\28052025 before laser\Analysis\2025-05-28_102352_tube1_segmentationDebug2\5_1401_0_segmented.tiff;2635.5;(72. 72);214.953317165374;0.928810572687224;57.9277379167314;0.716777858683441;0.954084727354478;1189.39408410138;0.940703182926289;0.875160373831178;0.880021170661801;;;;;;;;;;;;;;;;;;;;
3;Tube 1;515020.0;515020.0;0.0;1502.0;False;G:\Experiments\PTT\Spheroids\26052025\27052025\Analysis\2025-05-27_110905_tube1_cropped_8bits2\5_1502_0_8bits.tiff;G:\Experiments\PTT\Spheroids\26052025\27052025\Analysis\2025-05-27_110905_tube1_segmentationDebug2\5_1502_0_segmented.tiff;2138.5;(72. 73);202.468035936355;0.907104984093319;52.1806742618006;0.655550538832106;0.736809813573539;870.895516949188;0.947485558183157;0.898043020467066;0.897550764257082;;;;;;;;;;;;;;;;;;;;;;;;;;;;;;;;;;;;;
3;Tube 1;515030.0;;;;;;;;;;;;;;;;;;;;;;;;;;;;;;;;;;;515030.0;0.0;1503.0;False;E:\Experiments\PTT\Spheroids\26052025\28052025 after laser\Analysis\2025-05-28_165211_tube1_cropped_8bits\5_1503_0_8bits.tiff;E:\Experiments\PTT\Spheroids\26052025\28052025 after laser\Analysis\2025-05-28_165211_tube1_segmentationDebug\5_1503_0_segmented.tiff;2750.5;(62. 85);211.09545242786407;0.9463271976604164;59.17808181915045;0.7756463591400794;0.956394868107643;827.2711939242523;0.9506647017484916;0.8705980982643543;0.8896504846350226;;37.0;Dead
3;Tube 1;612010.0;612010.0;0.0;1201.0;False;G:\Experiments\PTT\Spheroids\26052025\27052025\Analysis\2025-05-27_110905_tube1_cropped_8bits2\6_1201_0_8bits.tiff;G:\Experiments\PTT\Spheroids\26052025\27052025\Analysis\2025-05-27_110905_tube1_segmentationDebug2\6_1201_0_segmented.tiff;1516.5;(72. 71);156.953317761421;0.94075682382134;43.9416404972649;0.773590767039217;0.894608520730355;805.888676495085;0.965878042594709;0.927106017085643;0.877774359510107;612010.0;0.0;1201.0;False;G:\Experiments\PTT\Spheroids\26052025\28052025 before laser\Analysis\2025-05-28_102352_tube1_cropped_8bits2\6_1201_0_8bits.tiff;G:\Experiments\PTT\Spheroids\26052025\28052025 before laser\Analysis\2025-05-28_102352_tube1_segmentationDebug2\6_1201_0_segmented.tiff;2551.0;(78. 76);216.166520237922;0.924777959035707;56.9915263755885;0.686030555784114;0.913440530101363;1240.3735140018;0.938814678348617;0.878995330086998;0.87831236733159;;;;;;;;;;;;;;;;;;;;
3;Tube 1;613010.0;;;;;;;;;;;;;;;;;;;;;;;;;;;;;;;;;;;613010.0;0.0;1301.0;False;E:\Experiments\PTT\Spheroids\26052025\28052025 after laser\Analysis\2025-05-28_165211_tube1_cropped_8bits\6_1301_0_8bits.tiff;E:\Experiments\PTT\Spheroids\26052025\28052025 after laser\Analysis\2025-05-28_165211_tube1_segmentationDebug\6_1301_0_segmented.tiff;2848.0;(76. 69);230.85281205177307;0.9131131773004167;60.21782313738802;0.671551789536828;0.9865063559171634;1098.8810592044406;0.9375438943625805;0.8652649794877378;0.8745970327093785;;37.0;Dead
3;Tube 1;707010.0;;;;;;;;;;;;;;;;;;707010.0;0.0;701.0;False;G:\Experiments\PTT\Spheroids\26052025\28052025 before laser\Analysis\2025-05-28_102352_tube1_cropped_8bits2\7_0701_0_8bits.tiff;G:\Experiments\PTT\Spheroids\26052025\28052025 before laser\Analysis\2025-05-28_102352_tube1_segmentationDebug2\7_0701_0_segmented.tiff;2648.0;(76. 74);218.509665966033;0.9286340522532;58.064949104074;0.696925793992293;0.904090063617681;979.692252472777;0.94596893076431;0.874545846178117;0.896818976089986;;;;;;;;;;;;;;;;;;;;
3;Tube 1;709010.0;709010.0;0.0;901.0;False;G:\Experiments\PTT\Spheroids\26052025\27052025\Analysis\2025-05-27_110905_tube1_cropped_8bits2\7_0901_0_8bits.tiff;G:\Experiments\PTT\Spheroids\26052025\27052025\Analysis\2025-05-27_110905_tube1_segmentationDebug2\7_0901_0_segmented.tiff;1536.5;(74. 72);161.639608860015;0.923654944394349;44.2304483414488;0.739004098359434;0.898098876031834;980.55859237102;0.968562957203508;0.926146373682766;0.898239694799952;;;;;;;;;;;;;;;;;;;;;;;;;;;;;;;;;;;;;
3;Tube 1;710010.0;;;;;;;;;;;;;;;;;;;;;;;;;;;;;;;;;;;710010.0;0.0;1001.0;False;E:\Experiments\PTT\Spheroids\26052025\28052025 after laser\Analysis\2025-05-28_165211_tube1_cropped_8bits\7_1001_0_8bits.tiff;E:\Experiments\PTT\Spheroids\26052025\28052025 after laser\Analysis\2025-05-28_165211_tube1_segmentationDebug\7_1001_0_segmented.tiff;2517.0;(66. 83);215.1959580183029;0.9065370070232308;56.610457815658094;0.6830065364636302;0.8656223316073469;1241.599099218453;0.9441826025721208;0.8802573172442572;0.8710184979867159;;37.0;Dead
3;Tube 1;806010.0;806010.0;0.0;601.0;False;G:\Experiments\PTT\Spheroids\26052025\27052025\Analysis\2025-05-27_110905_tube1_cropped_8bits2\8_0601_0_8bits.tiff;G:\Experiments\PTT\Spheroids\26052025\27052025\Analysis\2025-05-27_110905_tube1_segmentationDebug2\8_0601_0_segmented.tiff;1483.5;(74. 76);164.124889850616;0.925452276980661;43.4609119165096;0.692067602762139;0.864268098840244;860.115093502225;0.966285114783048;0.928436571725107;0.882770065444373;806010.0;0.0;601.0;False;G:\Experiments\PTT\Spheroids\26052025\28052025 before laser\Analysis\2025-05-28_102352_tube1_cropped_8bits2\8_0601_0_8bits.tiff;G:\Experiments\PTT\Spheroids\26052025\28052025 before laser\Analysis\2025-05-28_102352_tube1_segmentationDebug2\8_0601_0_segmented.tiff;2246.0;(70. 77);197.195958018302;0.940930037704231;53.4761256774944;0.72581108761095;0.99178160551073;1166.4439853266;0.951079830438043;0.893290164385844;0.868167301525928;;;;;;;;;;;;;;;;;;;;
3;Tube 1;807010.0;;;;;;;;;;;;;;;;;;;;;;;;;;;;;;;;;;;807010.0;0.0;701.0;False;E:\Experiments\PTT\Spheroids\26052025\28052025 after laser\Analysis\2025-05-28_165211_tube1_cropped_8bits\8_0701_0_8bits.tiff;E:\Experiments\PTT\Spheroids\26052025\28052025 after laser\Analysis\2025-05-28_165211_tube1_segmentationDebug\8_0701_0_segmented.tiff;2560.0;(64. 91);228.8528121709824;0.8827586206896552;57.09197171688868;0.6142389076247701;0.988584410012098;1072.2887709923998;0.9403114866368768;0.8782172450941451;0.8743129514124658;;37.0;Dead
3;Tube 1;902020.0;;;;;;;;;;;;;;;;;;902020.0;0.0;202.0;False;G:\Experiments\PTT\Spheroids\26052025\28052025 before laser\Analysis\2025-05-28_102352_tube1_cropped_8bits2\9_0202_0_8bits.tiff;G:\Experiments\PTT\Spheroids\26052025\28052025 before laser\Analysis\2025-05-28_102352_tube1_segmentationDebug2\9_0202_0_segmented.tiff;2683.5;(77. 81);343.237588047981;0.69728465635962;58.4528726265596;0.286234369716259;0.63339380399293;1180.42956455309;0.95104560075161;0.870088097205414;0.877523729119542;;;;;;;;;;;;;;;;;;;;
3;Tube 1;903010.0;903010.0;0.0;301.0;False;G:\Experiments\PTT\Spheroids\26052025\27052025\Analysis\2025-05-27_110905_tube1_cropped_8bits2\9_0301_0_8bits.tiff;G:\Experiments\PTT\Spheroids\26052025\27052025\Analysis\2025-05-27_110905_tube1_segmentationDebug2\9_0301_0_segmented.tiff;1768.5;(76. 77);179.639609098434;0.924464192368008;47.4523353994736;0.688669303718239;0.793531079949264;957.974522463488;0.961681715339993;0.914979902922861;0.882439623102262;;;;;;;;;;;;;;;;;;;;;;;;;;;;;;;;;;;;;
3;Tube 2;1002020.0;1002020.0;0.0;202.0;False;G:\Experiments\PTT\Spheroids\26052025\27052025\Analysis\2025-05-27_111921_tube2_cropped_8bits2\10_0202_0_8bits.tiff;G:\Experiments\PTT\Spheroids\26052025\27052025\Analysis\2025-05-27_111921_tube2_segmentationDebug2\10_0202_0_segmented.tiff;1255.5;(74. 77);142.811181902885;0.94718973972086;39.9818990096142;0.773574516060137;0.84651677545135;890.3370336933;0.974550894348446;0.939180524369396;0.87919851468342;;;;;;;;;;;;;;;;;;;;;;;;;;;;;;;;;;;;;
3;Tube 2;1002030.0;;;;;;;;;;;;;;;;;;1002030.0;0.0;203.0;False;G:\Experiments\PTT\Spheroids\26052025\28052025 before laser\Analysis\2025-05-28_103435_tube2_cropped_8bits2\10_0203_0_8bits.tiff;G:\Experiments\PTT\Spheroids\26052025\28052025 before laser\Analysis\2025-05-28_103435_tube2_segmentationDebug2\10_0203_0_segmented.tiff;2093.5;(74. 77);188.124890089035;0.926122539261225;51.6287418682952;0.743344805364947;0.98698945180163;895.350233224222;0.958520297355905;0.900429910761023;0.888039518847794;;;;;;;;;;;;;;;;;;;;
3;Tube 2;1002040.0;;;;;;;;;;;;;;;;;;;;;;;;;;;;;;;;;;;1002040.0;0.0;204.0;False;E:\Experiments\PTT\Spheroids\26052025\28052025 after laser\Analysis\2025-05-28_164140_tube2_cropped_8bits\10_0204_0_8bits.tiff;E:\Experiments\PTT\Spheroids\26052025\28052025 after laser\Analysis\2025-05-28_164140_tube2_segmentationDebug\10_0204_0_segmented.tiff;1989.0;(68. 74);198.8528121709824;0.8947368421052632;50.323686813251655;0.6320932794694768;0.8596877076642994;931.7714070517136;0.9699906341763428;0.9048528159212686;0.8472570320388544;86.7068972844333;44.0;Alive
3;Tube 2;1102050.0;1102050.0;0.0;205.0;False;G:\Experiments\PTT\Spheroids\26052025\27052025\Analysis\2025-05-27_111921_tube2_cropped_8bits2\11_0205_0_8bits.tiff;G:\Experiments\PTT\Spheroids\26052025\27052025\Analysis\2025-05-27_111921_tube2_segmentationDebug2\11_0205_0_segmented.tiff;1588.5;(74. 80);163.296463012695;0.940218999704054;44.9726696651622;0.748589148070763;0.845588407533137;696.206287623289;0.973120542450191;0.923675541282117;0.902658907351751;;;;;;;;;;;;;;;;;;;;;;;;;;;;;;;;;;;;;
3;Tube 2;1102060.0;;;;;;;;;;;;;;;;;;1102060.0;0.0;206.0;False;G:\Experiments\PTT\Spheroids\26052025\28052025 before laser\Analysis\2025-05-28_103435_tube2_cropped_8bits2\11_0206_0_8bits.tiff;G:\Experiments\PTT\Spheroids\26052025\28052025 before laser\Analysis\2025-05-28_103435_tube2_segmentationDebug2\11_0206_0_segmented.tiff;2260.5;(82. 71);192.267025232315;0.944432838938792;53.6484668082307;0.768430796023228;0.928217240243058;971.443005688534;0.965707581723057;0.893060898634062;0.894340308594575;1102060.0;0.0;206.0;False;E:\Experiments\PTT\Spheroids\26052025\28052025 after laser\Analysis\2025-05-28_164140_tube2_cropped_8bits\11_0206_0_8bits.tiff;E:\Experiments\PTT\Spheroids\26052025\28052025 after laser\Analysis\2025-05-28_164140_tube2_segmentationDebug\11_0206_0_segmented.tiff;2511.5;(74. 77);197.4385985136032;0.9595033428844316;56.54857307308789;0.8096157110920578;0.8857288425866017;985.5013879138878;0.962818475341222;0.8819396117037442;0.8639897321273371;97.49266924482598;39.0;Alive
3;Tube 2;1202080.0;1202080.0;0.0;208.0;False;G:\Experiments\PTT\Spheroids\26052025\27052025\Analysis\2025-05-27_111921_tube2_cropped_8bits2\12_0208_0_8bits.tiff;G:\Experiments\PTT\Spheroids\26052025\27052025\Analysis\2025-05-27_111921_tube2_segmentationDebug2\12_0208_0_segmented.tiff;1322.0;(76. 72);145.740113973617;0.948350071736011;41.0270968768189;0.782137501189456;0.838607896177082;806.031940840685;0.975446723348815;0.935937667394561;0.887596465881491;;;;;;;;;;;;;;;;;;;;;;;;;;;;;;;;;;;;;
3;Tube 2;1202090.0;;;;;;;;;;;;;;;;;;1202090.0;0.0;209.0;False;G:\Experiments\PTT\Spheroids\26052025\28052025 before laser\Analysis\2025-05-28_103435_tube2_cropped_8bits2\12_0209_0_8bits.tiff;G:\Experiments\PTT\Spheroids\26052025\28052025 before laser\Analysis\2025-05-28_103435_tube2_segmentationDebug2\12_0209_0_segmented.tiff;2161.0;(73. 77);194.710676670074;0.928663515255694;52.4544626907252;0.716283750240005;0.913898253335178;863.503027781916;0.962900796058963;0.897315603008936;0.902428197851545;1202090.0;0.0;209.0;False;E:\Experiments\PTT\Spheroids\26052025\28052025 after laser\Analysis\2025-05-28_164140_tube2_cropped_8bits\12_0209_0_8bits.tiff;E:\Experiments\PTT\Spheroids\26052025\28052025 after laser\Analysis\2025-05-28_164140_tube2_segmentationDebug\12_0209_0_segmented.tiff;2312.0;(76. 73);201.6812390089035;0.9285140562248996;54.25615013459485;0.7142770434682967;0.9450141577105704;895.8697745159366;0.9706027256568116;0.8908182154759959;0.8910438584609922;96.45998895074582;41.0;Alive
3;Tube 2;1302110.0;1302110.0;0.0;211.0;False;G:\Experiments\PTT\Spheroids\26052025\27052025\Analysis\2025-05-27_111921_tube2_cropped_8bits2\13_0211_0_8bits.tiff;G:\Experiments\PTT\Spheroids\26052025\27052025\Analysis\2025-05-27_111921_tube2_segmentationDebug2\13_0211_0_segmented.tiff;1354.5;(78. 72);143.982754945755;0.95253164556962;41.5283392798674;0.821046804785033;0.959710929535926;893.965469753066;0.969029812368754;0.934720875703158;0.879905771029459;;;;;;;;;;;;;;;;;;;;;;;;;;;;;;;;;;;;;
3;Tube 2;1302120.0;;;;;;;;;;;;;;;;;;1302120.0;0.0;212.0;False;G:\Experiments\PTT\Spheroids\26052025\28052025 before laser\Analysis\2025-05-28_103435_tube2_cropped_8bits2\13_0212_0_8bits.tiff;G:\Experiments\PTT\Spheroids\26052025\28052025 before laser\Analysis\2025-05-28_103435_tube2_segmentationDebug2\13_0212_0_segmented.tiff;2151.5;(76. 73);194.953317284584;0.914753401360544;52.3390378254864;0.711360842769146;0.928256780819966;835.24172485151;0.967901279055483;0.898015574215065;0.918530075181405;;;;;;;;;;;;;;;;;;;;
3;Tube 2;1402140.0;1402140.0;0.0;214.0;False;G:\Experiments\PTT\Spheroids\26052025\27052025\Analysis\2025-05-27_111921_tube2_cropped_8bits2\14_0214_0_8bits.tiff;G:\Experiments\PTT\Spheroids\26052025\27052025\Analysis\2025-05-27_111921_tube2_segmentationDebug2\14_0214_0_segmented.tiff;1428.5;(76. 70);152.811182022094;0.946339847631666;42.6476574931634;0.76874063579498;0.908033488644637;985.45938491137;0.968417121409793;0.9311078528028;0.878270464825222;;;;;;;;;;;;;;;;;;;;;;;;;;;;;;;;;;;;;
3;Tube 2;1402150.0;;;;;;;;;;;;;;;;;;1402150.0;0.0;215.0;False;G:\Experiments\PTT\Spheroids\26052025\28052025 before laser\Analysis\2025-05-28_103435_tube2_cropped_8bits2\14_0215_0_8bits.tiff;G:\Experiments\PTT\Spheroids\26052025\28052025 before laser\Analysis\2025-05-28_103435_tube2_segmentationDebug2\14_0215_0_segmented.tiff;2240.0;(75. 80);189.882249712944;0.947947524333474;53.4046494249963;0.780708926803996;0.928654105224881;816.898461814655;0.968558614261259;0.894195803926439;0.913323731477475;;;;;;;;;;;;;;;;;;;;
3;Tube 2;1402160.0;;;;;;;;;;;;;;;;;;;;;;;;;;;;;;;;;;;1402160.0;0.0;216.0;False;E:\Experiments\PTT\Spheroids\26052025\28052025 after laser\Analysis\2025-05-28_164140_tube2_cropped_8bits\14_0216_0_8bits.tiff;E:\Experiments\PTT\Spheroids\26052025\28052025 after laser\Analysis\2025-05-28_164140_tube2_segmentationDebug\14_0216_0_segmented.tiff;2476.5;(70. 72);199.09545242786407;0.9479425837320574;56.15316315699972;0.7851009730881372;0.9515551258741424;950.375226118096;0.962216974932964;0.8833486945679866;0.8586995908808657;103.99473035570098;48.0;Alive
3;Tube 2;1502180.0;1502180.0;0.0;218.0;False;G:\Experiments\PTT\Spheroids\26052025\27052025\Analysis\2025-05-27_111921_tube2_cropped_8bits2\15_0218_0_8bits.tiff;G:\Experiments\PTT\Spheroids\26052025\27052025\Analysis\2025-05-27_111921_tube2_segmentationDebug2\15_0218_0_segmented.tiff;1175.5;(82. 74);143.296463131904;0.93777423214998;38.687117815058;0.71938529326808;0.853749718835936;712.327267728336;0.982362880114163;0.942698521734414;0.918286850240129;1502180.0;0.0;218.0;False;G:\Experiments\PTT\Spheroids\26052025\28052025 before laser\Analysis\2025-05-28_103435_tube2_cropped_8bits2\15_0218_0_8bits.tiff;G:\Experiments\PTT\Spheroids\26052025\28052025 before laser\Analysis\2025-05-28_103435_tube2_segmentationDebug2\15_0218_0_segmented.tiff;1958.0;(75. 77);177.882249712944;0.947037484885127;49.9299812596745;0.777601920708947;0.942695052452618;843.615542011684;0.968228429006005;0.906942893940566;0.900068227385482;;;;;;;;;;;;;;;;;;;;
3;Tube 2;1602210.0;1602210.0;0.0;221.0;False;G:\Experiments\PTT\Spheroids\26052025\27052025\Analysis\2025-05-27_111921_tube2_cropped_8bits2\16_0221_0_8bits.tiff;G:\Experiments\PTT\Spheroids\26052025\27052025\Analysis\2025-05-27_111921_tube2_segmentationDebug2\16_0221_0_segmented.tiff;1494.0;(75. 74);161.053822517395;0.929682638456751;43.6144457701153;0.723799681222304;0.897047971820173;775.565904718085;0.960688799445781;0.927807774293289;0.876339174834809;1602210.0;0.0;221.0;False;G:\Experiments\PTT\Spheroids\26052025\28052025 before laser\Analysis\2025-05-28_103435_tube2_cropped_8bits2\16_0221_0_8bits.tiff;G:\Experiments\PTT\Spheroids\26052025\28052025 before laser\Analysis\2025-05-28_103435_tube2_segmentationDebug2\16_0221_0_segmented.tiff;2174.0;(73. 62);188.710676908493;0.95121417632903;52.6120021502151;0.767143233699002;0.862620337791815;938.673653582241;0.968575261379998;0.897395797211071;0.884587838643002;;;;;;;;;;;;;;;;;;;;
3;Tube 2;1602220.0;;;;;;;;;;;;;;;;;;;;;;;;;;;;;;;;;;;1602220.0;0.0;222.0;False;E:\Experiments\PTT\Spheroids\26052025\28052025 after laser\Analysis\2025-05-28_164140_tube2_cropped_8bits\16_0222_0_8bits.tiff;E:\Experiments\PTT\Spheroids\26052025\28052025 after laser\Analysis\2025-05-28_164140_tube2_segmentationDebug\16_0222_0_segmented.tiff;2900.0;(79. 74);220.8528121709824;0.9503522857611012;60.76507779746498;0.7471400114328758;0.935057560042842;793.513602914791;0.9495190025824058;0.8637100690072773;0.8853157494000792;100.55246270876715;48.0;Alive
3;Tube 2;1703240.0;1703240.0;0.0;324.0;False;G:\Experiments\PTT\Spheroids\26052025\27052025\Analysis\2025-05-27_111921_tube2_cropped_8bits2\17_0324_0_8bits.tiff;G:\Experiments\PTT\Spheroids\26052025\27052025\Analysis\2025-05-27_111921_tube2_segmentationDebug2\17_0324_0_segmented.tiff;1623.5;(75. 72);163.982755064964;0.93789716926632;45.4654198361517;0.758692515192408;0.844779671523041;828.178264687653;0.96354425898342;0.92208646584538;0.900485794483353;1703240.0;0.0;324.0;False;G:\Experiments\PTT\Spheroids\26052025\28052025 before laser\Analysis\2025-05-28_103435_tube2_cropped_8bits2\17_0324_0_8bits.tiff;G:\Experiments\PTT\Spheroids\26052025\28052025 before laser\Analysis\2025-05-28_103435_tube2_segmentationDebug2\17_0324_0_segmented.tiff;2295.0;(81. 70);200.367531061172;0.93216896831844;54.0563109652073;0.718352918034941;0.906861761697946;1064.91493452748;0.948171043948657;0.890783035968016;0.874269028785848;;;;;;;;;;;;;;;;;;;;
3;Tube 2;1704240.0;;;;;;;;;;;;;;;;;;;;;;;;;;;;;;;;;;;1704240.0;0.0;424.0;False;E:\Experiments\PTT\Spheroids\26052025\28052025 after laser\Analysis\2025-05-28_164140_tube2_cropped_8bits\17_0424_0_8bits.tiff;E:\Experiments\PTT\Spheroids\26052025\28052025 after laser\Analysis\2025-05-28_164140_tube2_segmentationDebug\17_0424_0_segmented.tiff;2389.5;(67. 77);200.12489020824432;0.9480261852806984;55.15800841350847;0.7497469117402651;0.8127322889055121;998.8029180898384;0.953599115205478;0.8867680460396283;0.8473478634837911;116.31039904806426;42.0;Alive
3;Tube 2;1806240.0;1806240.0;0.0;624.0;False;G:\Experiments\PTT\Spheroids\26052025\27052025\Analysis\2025-05-27_111921_tube2_cropped_8bits2\18_0624_0_8bits.tiff;G:\Experiments\PTT\Spheroids\26052025\27052025\Analysis\2025-05-27_111921_tube2_segmentationDebug2\18_0624_0_segmented.tiff;1472.0;(74. 70);171.053823113441;0.906962415280345;43.292131038448;0.632196523797569;0.88521521682081;764.934362473347;0.973629873272313;0.928545484542682;0.909982648477479;1806240.0;0.0;624.0;False;G:\Experiments\PTT\Spheroids\26052025\28052025 before laser\Analysis\2025-05-28_103435_tube2_cropped_8bits2\18_0624_0_8bits.tiff;G:\Experiments\PTT\Spheroids\26052025\28052025 before laser\Analysis\2025-05-28_103435_tube2_segmentationDebug2\18_0624_0_segmented.tiff;2234.0;(78. 73);186.509666323661;0.957565366480925;53.3330773810995;0.807031232732458;0.922565098368504;1087.30266536338;0.950769645825783;0.894033889877457;0.880599041824376;;;;;;;;;;;;;;;;;;;;
3;Tube 2;1909240.0;;;;;;;;;;;;;;;;;;1909240.0;0.0;924.0;False;G:\Experiments\PTT\Spheroids\26052025\28052025 before laser\Analysis\2025-05-28_103435_tube2_cropped_8bits2\19_0924_0_8bits.tiff;G:\Experiments\PTT\Spheroids\26052025\28052025 before laser\Analysis\2025-05-28_103435_tube2_segmentationDebug2\19_0924_0_segmented.tiff;1809.5;(73. 75);168.124890327453;0.957914240338803;47.9992391210347;0.804459942099082;0.937537257099038;1052.79469864365;0.959534389410854;0.91359750091381;0.864740083122122;;;;;;;;;;;;;;;;;;;;
3;Tube 2;2011240.0;2011240.0;0.0;1124.0;False;G:\Experiments\PTT\Spheroids\26052025\27052025\Analysis\2025-05-27_111921_tube2_cropped_8bits2\20_1124_0_8bits.tiff;G:\Experiments\PTT\Spheroids\26052025\27052025\Analysis\2025-05-27_111921_tube2_segmentationDebug2\20_1124_0_segmented.tiff;1371.5;(75. 73);157.154327869415;0.924191374663072;41.7881327125809;0.697835381015556;0.864052212891546;566.528866144892;0.977209104491536;0.933606644902376;0.920063193228633;;;;;;;;;;;;;;;;;;;;;;;;;;;;;;;;;;;;;
3;Tube 2;2012240.0;;;;;;;;;;;;;;;;;;2012240.0;0.0;1224.0;False;G:\Experiments\PTT\Spheroids\26052025\28052025 before laser\Analysis\2025-05-28_103435_tube2_cropped_8bits2\20_1224_0_8bits.tiff;G:\Experiments\PTT\Spheroids\26052025\28052025 before laser\Analysis\2025-05-28_103435_tube2_segmentationDebug2\20_1224_0_segmented.tiff;2156.5;(75. 77);183.438598513603;0.958018658374056;52.3998194483662;0.805337420139858;0.973776654182325;1023.83244313651;0.951757299053159;0.897679978067121;0.876371098333423;;;;;;;;;;;;;;;;;;;;
3;Tube 2;206050.0;;;;;;;;;;;;;;;;;;206050.0;0.0;605.0;False;G:\Experiments\PTT\Spheroids\26052025\28052025 before laser\Analysis\2025-05-28_103435_tube2_cropped_8bits2\2_0605_0_8bits.tiff;G:\Experiments\PTT\Spheroids\26052025\28052025 before laser\Analysis\2025-05-28_103435_tube2_segmentationDebug2\2_0605_0_segmented.tiff;3679.0;(74. 71);285.137082695961;0.875118934348239;68.4415684002102;0.568633246303039;0.923120273452173;890.970136103964;0.937145934065012;0.826524072032856;0.899252274851754;;;;;;;;;;;;;;;;;;;;
3;Tube 2;309050.0;309050.0;0.0;905.0;False;G:\Experiments\PTT\Spheroids\26052025\27052025\Analysis\2025-05-27_111921_tube2_cropped_8bits2\3_0905_0_8bits.tiff;G:\Experiments\PTT\Spheroids\26052025\27052025\Analysis\2025-05-27_111921_tube2_segmentationDebug2\3_0905_0_segmented.tiff;1741.5;(72. 73);181.781744360923;0.91754478398314;47.0887106125904;0.662266534148941;0.823561377499409;995.232756921589;0.962718064925169;0.916455520818749;0.876936703201033;;;;;;;;;;;;;;;;;;;;;;;;;;;;;;;;;;;;;
3;Tube 2;310050.0;;;;;;;;;;;;;;;;;;310050.0;0.0;1005.0;False;G:\Experiments\PTT\Spheroids\26052025\28052025 before laser\Analysis\2025-05-28_103435_tube2_cropped_8bits2\3_1005_0_8bits.tiff;G:\Experiments\PTT\Spheroids\26052025\28052025 before laser\Analysis\2025-05-28_103435_tube2_segmentationDebug2\3_1005_0_segmented.tiff;2982.0;(79. 78);232.509666323661;0.920512424756907;61.6181817518194;0.69316316705974;0.826435377083305;891.292356091247;0.949349303358212;0.859747070130797;0.899164177200091;;;;;;;;;;;;;;;;;;;;
3;Tube 2;412050.0;412050.0;0.0;1205.0;False;G:\Experiments\PTT\Spheroids\26052025\27052025\Analysis\2025-05-27_111921_tube2_cropped_8bits2\4_1205_0_8bits.tiff;G:\Experiments\PTT\Spheroids\26052025\27052025\Analysis\2025-05-27_111921_tube2_segmentationDebug2\4_1205_0_segmented.tiff;1716.5;(75. 76);185.639609575271;0.884337970118495;46.7494992330175;0.625910704504659;0.992070915979895;1084.18246812386;0.959571757477358;0.917081605382388;0.872933454477292;;;;;;;;;;;;;;;;;;;;;;;;;;;;;;;;;;;;;
3;Tube 2;413050.0;;;;;;;;;;;;;;;;;;413050.0;0.0;1305.0;False;G:\Experiments\PTT\Spheroids\26052025\28052025 before laser\Analysis\2025-05-28_103435_tube2_cropped_8bits2\4_1305_0_8bits.tiff;G:\Experiments\PTT\Spheroids\26052025\28052025 before laser\Analysis\2025-05-28_103435_tube2_segmentationDebug2\4_1305_0_segmented.tiff;2720.5;(73. 73);227.438598632812;0.916147499579053;58.8544661130488;0.660891631548842;0.912582034222289;940.154193824451;0.95372007682356;0.871349062072436;0.898020846153351;413050.0;0.0;1305.0;False;E:\Experiments\PTT\Spheroids\26052025\28052025 after laser\Analysis\2025-05-28_164140_tube2_cropped_8bits\4_1305_0_8bits.tiff;E:\Experiments\PTT\Spheroids\26052025\28052025 after laser\Analysis\2025-05-28_164140_tube2_segmentationDebug\4_1305_0_segmented.tiff;3155.5;(63. 77);237.58073365688324;0.9341326228537596;63.38538777519474;0.7025150139705629;0.9549072232616134;1002.679260567632;0.9398428371665776;0.8518319316896106;0.8636975954314052;99.13730823169436;48.0;Alive
3;Tube 2;515030.0;;;;;;;;;;;;;;;;;;515030.0;0.0;1503.0;False;G:\Experiments\PTT\Spheroids\26052025\28052025 before laser\Analysis\2025-05-28_103435_tube2_cropped_8bits2\5_1503_0_8bits.tiff;G:\Experiments\PTT\Spheroids\26052025\28052025 before laser\Analysis\2025-05-28_103435_tube2_segmentationDebug2\5_1503_0_segmented.tiff;2820.5;(76. 76);221.923879504203;0.915152498377676;59.9263893116006;0.719660881555635;0.971022238051568;973.630927966271;0.939021271892087;0.866890752110766;0.873255575747197;515030.0;0.0;1503.0;False;E:\Experiments\PTT\Spheroids\26052025\28052025 after laser\Analysis\2025-05-28_164140_tube2_cropped_8bits\5_1503_0_8bits.tiff;E:\Experiments\PTT\Spheroids\26052025\28052025 after laser\Analysis\2025-05-28_164140_tube2_segmentationDebug\5_1503_0_segmented.tiff;2707.0;(67. 80);219.1959581375122;0.9284856799862802;58.70825706489749;0.7079996391832309;0.958374591693704;1104.5712457016084;0.9502557967606524;0.872260753487787;0.8478011770860874;91.52607199014066;43.0;Alive
3;Tube 2;515040.0;515040.0;0.0;1504.0;False;G:\Experiments\PTT\Spheroids\26052025\27052025\Analysis\2025-05-27_111921_tube2_cropped_8bits2\5_1504_0_8bits.tiff;G:\Experiments\PTT\Spheroids\26052025\27052025\Analysis\2025-05-27_111921_tube2_segmentationDebug2\5_1504_0_segmented.tiff;1845.0;(77. 73);189.539103507995;0.889585342333654;48.467793018007;0.645369727840085;0.816450249345512;1003.15990482753;0.968125642628636;0.91109020547979;0.9070683642176;;;;;;;;;;;;;;;;;;;;;;;;;;;;;;;;;;;;;
3;Tube 2;613010.0;;;;;;;;;;;;;;;;;;613010.0;0.0;1301.0;False;G:\Experiments\PTT\Spheroids\26052025\28052025 before laser\Analysis\2025-05-28_103435_tube2_cropped_8bits2\6_1301_0_8bits.tiff;G:\Experiments\PTT\Spheroids\26052025\28052025 before laser\Analysis\2025-05-28_103435_tube2_segmentationDebug2\6_1301_0_segmented.tiff;2582.5;(76. 70);206.953317046165;0.945624313438301;57.3423153027374;0.757714173196691;0.965694269829656;1067.98002844079;0.950787721642294;0.878064567957935;0.879420809408238;613010.0;0.0;1301.0;False;E:\Experiments\PTT\Spheroids\26052025\28052025 after laser\Analysis\2025-05-28_164140_tube2_cropped_8bits\6_1301_0_8bits.tiff;E:\Experiments\PTT\Spheroids\26052025\28052025 after laser\Analysis\2025-05-28_164140_tube2_segmentationDebug\6_1301_0_segmented.tiff;2742.5;(75. 74);216.26702570915225;0.9293459844120636;59.09195758676627;0.7368445663480383;0.8813366487129694;881.6331990479935;0.9498869194682854;0.8710077652198946;0.8695862799208833;80.05184650036122;43.0;Alive
3;Tube 2;614010.0;614010.0;0.0;1401.0;False;G:\Experiments\PTT\Spheroids\26052025\27052025\Analysis\2025-05-27_111921_tube2_cropped_8bits2\6_1401_0_8bits.tiff;G:\Experiments\PTT\Spheroids\26052025\27052025\Analysis\2025-05-27_111921_tube2_segmentationDebug2\6_1401_0_segmented.tiff;1531.0;(78. 78);155.053822159767;0.953894080996884;44.1512145131879;0.800239716843415;0.885411035985963;958.772735761924;0.9717856133275;0.926414782024054;0.884767607192714;;;;;;;;;;;;;;;;;;;;;;;;;;;;;;;;;;;;;
3;Tube 2;710010.0;;;;;;;;;;;;;;;;;;;;;;;;;;;;;;;;;;;710010.0;0.0;1001.0;False;E:\Experiments\PTT\Spheroids\26052025\28052025 after laser\Analysis\2025-05-28_164140_tube2_cropped_8bits\7_1001_0_8bits.tiff;E:\Experiments\PTT\Spheroids\26052025\28052025 after laser\Analysis\2025-05-28_164140_tube2_segmentationDebug\7_1001_0_segmented.tiff;2480.5;(72. 74);212.46803617477417;0.9228050595238096;56.1984936694532;0.6904971459927759;0.887098707432196;1079.5241859518878;0.9571057931629589;0.8827379220687761;0.8694794782485421;85.71246440865241;41.0;Alive
3;Tube 2;711010.0;711010.0;0.0;1101.0;False;G:\Experiments\PTT\Spheroids\26052025\27052025\Analysis\2025-05-27_111921_tube2_cropped_8bits2\7_1101_0_8bits.tiff;G:\Experiments\PTT\Spheroids\26052025\27052025\Analysis\2025-05-27_111921_tube2_segmentationDebug2\7_1101_0_segmented.tiff;1596.0;(74. 74);181.053822278976;0.889384229590415;45.0787124194704;0.611825192487299;0.929808688402807;1217.81554501006;0.962183191804944;0.92260006519113;0.877850199884208;;;;;;;;;;;;;;;;;;;;;;;;;;;;;;;;;;;;;
3;Tube 2;807010.0;;;;;;;;;;;;;;;;;;807010.0;0.0;701.0;False;G:\Experiments\PTT\Spheroids\26052025\28052025 before laser\Analysis\2025-05-28_103435_tube2_cropped_8bits2\8_0701_0_8bits.tiff;G:\Experiments\PTT\Spheroids\26052025\28052025 before laser\Analysis\2025-05-28_103435_tube2_segmentationDebug2\8_0701_0_segmented.tiff;2290.0;(79. 71);189.681238889694;0.953967923349302;53.9973939875205;0.799827977229745;0.930197710788489;1080.53981648049;0.954446200082176;0.891613639988351;0.870619767975906;807010.0;0.0;701.0;False;E:\Experiments\PTT\Spheroids\26052025\28052025 after laser\Analysis\2025-05-28_164140_tube2_cropped_8bits\8_0701_0_8bits.tiff;E:\Experiments\PTT\Spheroids\26052025\28052025 after laser\Analysis\2025-05-28_164140_tube2_segmentationDebug\8_0701_0_segmented.tiff;2545.0;(69. 70);198.16652011871335;0.9616474589079916;56.92446434838882;0.8143987240416412;0.9864966806092752;1089.2548291519945;0.9531074465154216;0.8802073110861541;0.8292313975621955;97.49266924482598;40.0;Alive
3;Tube 2;808010.0;808010.0;0.0;801.0;False;G:\Experiments\PTT\Spheroids\26052025\27052025\Analysis\2025-05-27_111921_tube2_cropped_8bits2\8_0801_0_8bits.tiff;G:\Experiments\PTT\Spheroids\26052025\27052025\Analysis\2025-05-27_111921_tube2_segmentationDebug2\8_0801_0_segmented.tiff;1577.5;(77. 69);164.124890089035;0.928487345497351;44.8166864216858;0.735919541749523;0.876449283843156;1002.32399447698;0.96296004688721;0.92417822125515;0.885617203087434;;;;;;;;;;;;;;;;;;;;;;;;;;;;;;;;;;;;;
3;Tube 2;904010.0;;;;;;;;;;;;;;;;;;904010.0;0.0;401.0;False;G:\Experiments\PTT\Spheroids\26052025\28052025 before laser\Analysis\2025-05-28_103435_tube2_cropped_8bits2\9_0401_0_8bits.tiff;G:\Experiments\PTT\Spheroids\26052025\28052025 before laser\Analysis\2025-05-28_103435_tube2_segmentationDebug2\9_0401_0_segmented.tiff;2752.5;(81. 68);219.438598632812;0.932576655937658;59.1995932999842;0.718308737786476;0.857882370607538;1038.4726462841;0.949167435369409;0.870036594236082;0.889833577883241;904010.0;0.0;401.0;False;E:\Experiments\PTT\Spheroids\26052025\28052025 after laser\Analysis\2025-05-28_164140_tube2_cropped_8bits\9_0401_0_8bits.tiff;E:\Experiments\PTT\Spheroids\26052025\28052025 after laser\Analysis\2025-05-28_164140_tube2_segmentationDebug\9_0401_0_segmented.tiff;2838.5;(82. 70);218.95331728458405;0.9374174372523116;60.117305725812095;0.7440390057501296;0.8374869632987555;967.7017684002724;0.950591655869124;0.854969693876247;0.8610951158231754;98.8695763035995;39.0;Alive
3;Tube 2;905010.0;905010.0;0.0;501.0;False;G:\Experiments\PTT\Spheroids\26052025\27052025\Analysis\2025-05-27_111921_tube2_cropped_8bits2\9_0501_0_8bits.tiff;G:\Experiments\PTT\Spheroids\26052025\27052025\Analysis\2025-05-27_111921_tube2_segmentationDebug2\9_0501_0_segmented.tiff;1435.5;(75. 75);149.982754826545;0.947837570155166;42.7520217822189;0.801918824319628;0.944290944937454;829.674224564742;0.970322408435949;0.930840893415333;0.881759058382567;;;;;;;;;;;;;;;;;;;;;;;;;;;;;;;;;;;;;
3;Tube 3;1002030.0;1002030.0;0.0;203.0;False;G:\Experiments\PTT\Spheroids\26052025\27052025\Analysis\2025-05-27_112941_tube3_cropped_8bits2\10_0203_0_8bits.tiff;G:\Experiments\PTT\Spheroids\26052025\27052025\Analysis\2025-05-27_112941_tube3_segmentationDebug2\10_0203_0_segmented.tiff;1771.5;(75. 79);181.639608979225;0.909627727856225;47.4925662972463;0.674729819441439;0.909870484422667;802.902210679945;0.960188654651189;0.914789093904951;0.896126874491916;;;;;;;;;;;;;;;;;;1002030.0;0.0;203.0;False;E:\Experiments\PTT\Spheroids\26052025\28052025 after laser\Analysis\2025-05-28_163111_tube3_cropped_8bits\10_0203_0_8bits.tiff;E:\Experiments\PTT\Spheroids\26052025\28052025 after laser\Analysis\2025-05-28_163111_tube3_segmentationDebug\10_0203_0_segmented.tiff;2670.5;(77. 75);213.4385986328125;0.9375109706863262;58.311115614565736;0.7366420813631548;0.8868326775168345;904.9232053472224;0.958542825007886;0.8743850745191775;0.8630161147098;102.31184395053333;43.0;Alive
3;Tube 3;1002040.0;;;;;;;;;;;;;;;;;;1002040.0;0.0;204.0;False;G:\Experiments\PTT\Spheroids\26052025\28052025 before laser\Analysis\2025-05-28_104438_tube3_cropped_8bits2\10_0204_0_8bits.tiff;G:\Experiments\PTT\Spheroids\26052025\28052025 before laser\Analysis\2025-05-28_104438_tube3_segmentationDebug2\10_0204_0_segmented.tiff;2457.0;(77. 71);206.852812051773;0.937428462418924;55.9316508017982;0.721592751426895;0.87878301476127;1175.35251551043;0.957959407066682;0.883694949351387;0.904987461995245;;;;;;;;;;;;;;;;;;;;
3;Tube 3;104050.0;104050.0;0.0;405.0;False;G:\Experiments\PTT\Spheroids\26052025\27052025\Analysis\2025-05-27_112941_tube3_cropped_8bits2\1_0405_0_8bits.tiff;G:\Experiments\PTT\Spheroids\26052025\27052025\Analysis\2025-05-27_112941_tube3_segmentationDebug2\1_0405_0_segmented.tiff;2249.0;(74. 73);204.225395560264;0.914785438275371;53.5118280019416;0.677610032858061;0.808828664413107;942.968674793556;0.948428421506999;0.893013745269088;0.896160712836061;104050.0;0.0;405.0;False;G:\Experiments\PTT\Spheroids\26052025\28052025 before laser\Analysis\2025-05-28_104438_tube3_cropped_8bits2\1_0405_0_8bits.tiff;G:\Experiments\PTT\Spheroids\26052025\28052025 before laser\Analysis\2025-05-28_104438_tube3_segmentationDebug2\1_0405_0_segmented.tiff;3009.0;(76. 77);230.024385213851;0.934326967862133;61.8965087069384;0.714635019865327;0.845994768888753;1173.67180179261;0.935255735695939;0.85825474432238;0.875546916047243;;;;;;;;;;;;;;;;;;;;
3;Tube 3;1102060.0;1102060.0;0.0;206.0;False;G:\Experiments\PTT\Spheroids\26052025\27052025\Analysis\2025-05-27_112941_tube3_cropped_8bits2\11_0206_0_8bits.tiff;G:\Experiments\PTT\Spheroids\26052025\27052025\Analysis\2025-05-27_112941_tube3_segmentationDebug2\11_0206_0_segmented.tiff;1685.0;(77. 72);168.225395202636;0.941866964784795;46.3185560318836;0.748215420695542;0.875243921190909;715.689011709601;0.963277017785394;0.919203647324529;0.900332802542116;1102060.0;0.0;206.0;False;G:\Experiments\PTT\Spheroids\26052025\28052025 before laser\Analysis\2025-05-28_104438_tube3_cropped_8bits2\11_0206_0_8bits.tiff;G:\Experiments\PTT\Spheroids\26052025\28052025 before laser\Analysis\2025-05-28_104438_tube3_segmentationDebug2\11_0206_0_segmented.tiff;2296.5;(76. 73);194.953317642211;0.944284539473684;54.0739735407367;0.75930289073937;0.924472725644995;1234.62715864653;0.957145752880262;0.891318256327968;0.885732506693701;;;;;;;;;;;;;;;;;;;;
3;Tube 3;1102070.0;;;;;;;;;;;;;;;;;;;;;;;;;;;;;;;;;;;1102070.0;0.0;207.0;False;E:\Experiments\PTT\Spheroids\26052025\28052025 after laser\Analysis\2025-05-28_163111_tube3_cropped_8bits\11_0207_0_8bits.tiff;E:\Experiments\PTT\Spheroids\26052025\28052025 after laser\Analysis\2025-05-28_163111_tube3_segmentationDebug\11_0207_0_segmented.tiff;2781.5;(77. 73);217.9238796234131;0.945284621920136;59.51063597106701;0.7360024915046433;0.9874533078916208;1046.5383502293407;0.9568216351916312;0.8693595456706994;0.8708268581658994;100.55246270876715;44.0;Alive
3;Tube 3;1202090.0;1202090.0;0.0;209.0;False;G:\Experiments\PTT\Spheroids\26052025\27052025\Analysis\2025-05-27_112941_tube3_cropped_8bits2\12_0209_0_8bits.tiff;G:\Experiments\PTT\Spheroids\26052025\27052025\Analysis\2025-05-27_112941_tube3_segmentationDebug2\12_0209_0_segmented.tiff;1577.0;(77. 74);163.053822517395;0.939809296781883;44.8095833728383;0.745383179699895;0.9174549605793;751.085669036845;0.970970894025611;0.924248856819207;0.891837325659696;1202090.0;0.0;209.0;False;G:\Experiments\PTT\Spheroids\26052025\28052025 before laser\Analysis\2025-05-28_104438_tube3_cropped_8bits2\12_0209_0_8bits.tiff;G:\Experiments\PTT\Spheroids\26052025\28052025 before laser\Analysis\2025-05-28_104438_tube3_segmentationDebug2\12_0209_0_segmented.tiff;2603.0;(80. 67);204.50966656208;0.951562785596783;57.5694583520257;0.782089311974652;0.98240801237156;961.056474999633;0.94981080243899;0.877299769414977;0.884935342962966;;;;;;;;;;;;;;;;;;;;
3;Tube 3;1202100.0;;;;;;;;;;;;;;;;;;;;;;;;;;;;;;;;;;;1202100.0;0.0;210.0;False;E:\Experiments\PTT\Spheroids\26052025\28052025 after laser\Analysis\2025-05-28_163111_tube3_cropped_8bits\12_0210_0_8bits.tiff;E:\Experiments\PTT\Spheroids\26052025\28052025 after laser\Analysis\2025-05-28_163111_tube3_segmentationDebug\12_0210_0_segmented.tiff;2711.0;(76. 75);208.36753106117249;0.9522304179838428;58.751616197148365;0.7846559818675954;0.9145803309847792;887.0316381074348;0.9590068738117692;0.8728349752695648;0.8879060140498435;95.88627767625685;39.0;Alive
3;Tube 3;1302120.0;1302120.0;0.0;212.0;False;G:\Experiments\PTT\Spheroids\26052025\27052025\Analysis\2025-05-27_112941_tube3_cropped_8bits2\13_0212_0_8bits.tiff;G:\Experiments\PTT\Spheroids\26052025\27052025\Analysis\2025-05-27_112941_tube3_segmentationDebug2\13_0212_0_segmented.tiff;1315.5;(76. 72);148.811181783676;0.922834093300596;40.9261117271004;0.746499609961241;0.891949073968082;743.426107003119;0.979502274590786;0.936531912367033;0.913149653388817;1302120.0;0.0;212.0;False;G:\Experiments\PTT\Spheroids\26052025\28052025 before laser\Analysis\2025-05-28_104438_tube3_cropped_8bits2\13_0212_0_8bits.tiff;G:\Experiments\PTT\Spheroids\26052025\28052025 before laser\Analysis\2025-05-28_104438_tube3_segmentationDebug2\13_0212_0_segmented.tiff;2605.0;(73. 76);216.367531180381;0.915319747013352;57.5915706856055;0.69925150908021;0.840941366195428;936.616170221169;0.951801077223611;0.876932968314297;0.912188202600428;;;;;;;;;;;;;;;;;;;;
3;Tube 3;1302130.0;;;;;;;;;;;;;;;;;;;;;;;;;;;;;;;;;;;1302130.0;0.0;213.0;False;E:\Experiments\PTT\Spheroids\26052025\28052025 after laser\Analysis\2025-05-28_163111_tube3_cropped_8bits\13_0213_0_8bits.tiff;E:\Experiments\PTT\Spheroids\26052025\28052025 after laser\Analysis\2025-05-28_163111_tube3_segmentationDebug\13_0213_0_segmented.tiff;2615.0;(68. 77);217.3380929231644;0.912739965095986;57.7020052466329;0.6956805370747363;0.7889891827413762;1085.9212253437447;0.9560710467676276;0.8767809465944371;0.86159430396858;79.7458671539671;52.0;Alive
3;Tube 3;1402150.0;1402150.0;0.0;215.0;False;G:\Experiments\PTT\Spheroids\26052025\27052025\Analysis\2025-05-27_112941_tube3_cropped_8bits2\14_0215_0_8bits.tiff;G:\Experiments\PTT\Spheroids\26052025\27052025\Analysis\2025-05-27_112941_tube3_segmentationDebug2\14_0215_0_segmented.tiff;1291.0;(76. 70);142.911687135696;0.946134115060461;40.5432146265327;0.794329357193228;0.919859031053329;758.786834306617;0.97988187131527;0.937622864742453;0.910494605429438;;;;;;;;;;;;;;;;;;;;;;;;;;;;;;;;;;;;;
3;Tube 3;1402160.0;;;;;;;;;;;;;;;;;;1402160.0;0.0;216.0;False;G:\Experiments\PTT\Spheroids\26052025\28052025 before laser\Analysis\2025-05-28_104438_tube3_cropped_8bits2\14_0216_0_8bits.tiff;G:\Experiments\PTT\Spheroids\26052025\28052025 before laser\Analysis\2025-05-28_104438_tube3_segmentationDebug2\14_0216_0_segmented.tiff;2063.0;(75. 76);177.539103507995;0.964920486435921;51.2512749186655;0.822471857961956;0.874148994066461;1069.4932573141;0.969877583301665;0.902401057137493;0.890222791278828;1402160.0;0.0;216.0;False;E:\Experiments\PTT\Spheroids\26052025\28052025 after laser\Analysis\2025-05-28_163111_tube3_cropped_8bits\14_0216_0_8bits.tiff;E:\Experiments\PTT\Spheroids\26052025\28052025 after laser\Analysis\2025-05-28_163111_tube3_segmentationDebug\14_0216_0_segmented.tiff;2364.5;(81. 79);198.6101714372635;0.9379214597381992;54.86870604931642;0.7532622615284398;0.9340896463101171;1079.3266945729602;0.9631494620011004;0.8884208036768431;0.8382870938211245;95.65679316646126;41.0;Alive
3;Tube 3;1502180.0;1502180.0;0.0;218.0;False;G:\Experiments\PTT\Spheroids\26052025\27052025\Analysis\2025-05-27_112941_tube3_cropped_8bits2\15_0218_0_8bits.tiff;G:\Experiments\PTT\Spheroids\26052025\27052025\Analysis\2025-05-27_112941_tube3_segmentationDebug2\15_0218_0_segmented.tiff;1580.0;(76. 76);161.396968483924;0.94272076372315;44.8521847927339;0.762212742161176;0.846789043270696;737.189594909789;0.968901184557876;0.924155671322813;0.905619982849635;1502180.0;0.0;218.0;False;G:\Experiments\PTT\Spheroids\26052025\28052025 before laser\Analysis\2025-05-28_104438_tube3_cropped_8bits2\15_0218_0_8bits.tiff;G:\Experiments\PTT\Spheroids\26052025\28052025 before laser\Analysis\2025-05-28_104438_tube3_segmentationDebug2\15_0218_0_segmented.tiff;2262.5;(75. 78);192.752307415008;0.946256796319531;53.6721945700313;0.765242850231511;0.940193087689543;1151.57052443802;0.953312112438046;0.892798796288713;0.868339989176634;1502180.0;0.0;218.0;False;E:\Experiments\PTT\Spheroids\26052025\28052025 after laser\Analysis\2025-05-28_163111_tube3_cropped_8bits\15_0218_0_8bits.tiff;E:\Experiments\PTT\Spheroids\26052025\28052025 after laser\Analysis\2025-05-28_163111_tube3_segmentationDebug\15_0218_0_segmented.tiff;2650.5;(81. 75);204.0660148859024;0.9629427792915533;58.09235245125256;0.7998274513748946;0.8691497777402767;995.9057736488186;0.958264955422792;0.8757305843544789;0.851473523824176;102.77081297012451;47.0;Alive
3;Tube 3;1602210.0;1602210.0;0.0;221.0;False;G:\Experiments\PTT\Spheroids\26052025\27052025\Analysis\2025-05-27_112941_tube3_cropped_8bits2\16_0221_0_8bits.tiff;G:\Experiments\PTT\Spheroids\26052025\27052025\Analysis\2025-05-27_112941_tube3_segmentationDebug2\16_0221_0_segmented.tiff;1511.5;(73. 74);164.811181902885;0.905089820359281;43.8691414535;0.699269631745066;0.818234881484864;781.860184246112;0.970873699926049;0.926937357260668;0.886288958558934;1602210.0;0.0;221.0;False;G:\Experiments\PTT\Spheroids\26052025\28052025 before laser\Analysis\2025-05-28_104438_tube3_cropped_8bits2\16_0221_0_8bits.tiff;G:\Experiments\PTT\Spheroids\26052025\28052025 before laser\Analysis\2025-05-28_104438_tube3_segmentationDebug2\16_0221_0_segmented.tiff;2341.5;(79. 70);189.781744241714;0.962194370248613;54.6011940711682;0.816949400659751;0.915219460904362;975.061404269101;0.95641698363309;0.889464248888508;0.89162804695238;;;;;;;;;;;;;;;;;;;;
3;Tube 3;1602220.0;;;;;;;;;;;;;;;;;;;;;;;;;;;;;;;;;;;1602220.0;0.0;222.0;False;E:\Experiments\PTT\Spheroids\26052025\28052025 after laser\Analysis\2025-05-28_163111_tube3_cropped_8bits\16_0222_0_8bits.tiff;E:\Experiments\PTT\Spheroids\26052025\28052025 after laser\Analysis\2025-05-28_163111_tube3_segmentationDebug\16_0222_0_segmented.tiff;2364.0;(65. 77);196.50966608524325;0.940708316752885;54.86290444147051;0.7692889615985836;0.925354287102478;1090.3021647035566;0.9553268450083297;0.8883620859604278;0.8302451843926255;104.60668904848923;41.0;Alive
3;Tube 3;1703240.0;1703240.0;0.0;324.0;False;G:\Experiments\PTT\Spheroids\26052025\27052025\Analysis\2025-05-27_112941_tube3_cropped_8bits2\17_0324_0_8bits.tiff;G:\Experiments\PTT\Spheroids\26052025\27052025\Analysis\2025-05-27_112941_tube3_segmentationDebug2\17_0324_0_segmented.tiff;1620.0;(77. 83);179.053822398185;0.901001112347052;45.4163853963628;0.63497654760902;0.8042007141151;810.334022821156;0.956209844530995;0.921505087833861;0.881569417470162;1703240.0;0.0;324.0;False;G:\Experiments\PTT\Spheroids\26052025\28052025 before laser\Analysis\2025-05-28_104438_tube3_cropped_8bits2\17_0324_0_8bits.tiff;G:\Experiments\PTT\Spheroids\26052025\28052025 before laser\Analysis\2025-05-28_104438_tube3_segmentationDebug2\17_0324_0_segmented.tiff;2212.0;(73. 80);187.195957779884;0.953037483843171;53.0698207360283;0.793235338195884;0.893293735918136;1131.84829113979;0.951034338736933;0.894945912565686;0.873799315059709;;;;;;;;;;;;;;;;;;;;
3;Tube 3;1704240.0;;;;;;;;;;;;;;;;;;;;;;;;;;;;;;;;;;;1704240.0;0.0;424.0;False;E:\Experiments\PTT\Spheroids\26052025\28052025 after laser\Analysis\2025-05-28_163111_tube3_cropped_8bits\17_0424_0_8bits.tiff;E:\Experiments\PTT\Spheroids\26052025\28052025 after laser\Analysis\2025-05-28_163111_tube3_segmentationDebug\17_0424_0_segmented.tiff;2660.0;(72. 76);221.19595777988437;0.9139323140353892;58.196367489694175;0.6831831213375988;0.8416172079103492;1023.6425335049726;0.952866713012627;0.8742505252224407;0.8581175678531316;4.694870596234754;59.0;Dead
3;Tube 3;1806240.0;1806240.0;0.0;624.0;False;G:\Experiments\PTT\Spheroids\26052025\27052025\Analysis\2025-05-27_112941_tube3_cropped_8bits2\18_0624_0_8bits.tiff;G:\Experiments\PTT\Spheroids\26052025\27052025\Analysis\2025-05-27_112941_tube3_segmentationDebug2\18_0624_0_segmented.tiff;1225.5;(75. 72);149.982754826545;0.900440852314474;39.5013298772704;0.684605725673078;0.932304875132285;833.249291629787;0.968734583996453;0.940273626313205;0.887741904835442;1806240.0;0.0;624.0;False;G:\Experiments\PTT\Spheroids\26052025\28052025 before laser\Analysis\2025-05-28_104438_tube3_cropped_8bits2\18_0624_0_8bits.tiff;G:\Experiments\PTT\Spheroids\26052025\28052025 before laser\Analysis\2025-05-28_104438_tube3_segmentationDebug2\18_0624_0_segmented.tiff;1973.5;(75. 73);181.639609098434;0.94290492116579;50.1272205646278;0.751667681016009;0.960934642369927;1098.62156388187;0.95361138281363;0.905792891354164;0.890002316421817;1806240.0;0.0;624.0;False;E:\Experiments\PTT\Spheroids\26052025\28052025 after laser\Analysis\2025-05-28_163111_tube3_cropped_8bits\18_0624_0_8bits.tiff;E:\Experiments\PTT\Spheroids\26052025\28052025 after laser\Analysis\2025-05-28_163111_tube3_segmentationDebug\18_0624_0_segmented.tiff;2110.5;(77. 77);188.95331728458405;0.9311714096624752;51.837940344534914;0.7428244307839932;0.98111391225134;1019.4191164851144;0.953358088631079;0.8995356657828443;0.8506129192378002;87.16586630402448;45.0;Alive
3;Tube 3;1909240.0;1909240.0;0.0;924.0;False;G:\Experiments\PTT\Spheroids\26052025\27052025\Analysis\2025-05-27_112941_tube3_cropped_8bits2\19_0924_0_8bits.tiff;G:\Experiments\PTT\Spheroids\26052025\27052025\Analysis\2025-05-27_112941_tube3_segmentationDebug2\19_0924_0_segmented.tiff;1120.5;(74. 76);139.154327869415;0.925650557620817;37.7712180088986;0.727157166983411;0.852814866025654;856.92401852871;0.97272106050696;0.945329166538099;0.880385129186126;1909240.0;0.0;924.0;False;G:\Experiments\PTT\Spheroids\26052025\28052025 before laser\Analysis\2025-05-28_104438_tube3_cropped_8bits2\19_0924_0_8bits.tiff;G:\Experiments\PTT\Spheroids\26052025\28052025 before laser\Analysis\2025-05-28_104438_tube3_segmentationDebug2\19_0924_0_segmented.tiff;1632.0;(73. 74);163.053822875022;0.944171246745733;45.584283881704;0.771379419108468;0.961863613022675;1051.70309993435;0.961401606966623;0.921597299372676;0.849722261281555;;;;;;;;;;;;;;;;;;;;
3;Tube 3;1910240.0;;;;;;;;;;;;;;;;;;;;;;;;;;;;;;;;;;;1910240.0;0.0;1024.0;False;E:\Experiments\PTT\Spheroids\26052025\28052025 after laser\Analysis\2025-05-28_163111_tube3_cropped_8bits\19_1024_0_8bits.tiff;E:\Experiments\PTT\Spheroids\26052025\28052025 after laser\Analysis\2025-05-28_163111_tube3_segmentationDebug\19_1024_0_segmented.tiff;1872.5;(76. 77);176.9533174037933;0.9400100401606426;48.82766682442027;0.7514745422698375;0.9715800859731414;1023.1605994729908;0.9614893151168232;0.9105794242777296;0.8433763967764276;38.859376992053036;51.0;Dead
3;Tube 3;2012240.0;2012240.0;0.0;1224.0;False;G:\Experiments\PTT\Spheroids\26052025\27052025\Analysis\2025-05-27_112941_tube3_cropped_8bits2\20_1224_0_8bits.tiff;G:\Experiments\PTT\Spheroids\26052025\27052025\Analysis\2025-05-27_112941_tube3_segmentationDebug2\20_1224_0_segmented.tiff;1172.0;(70. 70);136.426405906677;0.949756888168557;38.6294802764625;0.791298968735035;0.811351145843703;821.92147020994;0.967773385208223;0.943127341438562;0.889835304878978;2012240.0;0.0;1224.0;False;G:\Experiments\PTT\Spheroids\26052025\28052025 before laser\Analysis\2025-05-28_104438_tube3_cropped_8bits2\20_1224_0_8bits.tiff;G:\Experiments\PTT\Spheroids\26052025\28052025 before laser\Analysis\2025-05-28_104438_tube3_segmentationDebug2\20_1224_0_segmented.tiff;1765.5;(74. 74);181.639608979225;0.909817057459417;47.4120703643062;0.672444536395067;0.916251288944365;1032.51426208203;0.960133520320335;0.914967246755213;0.874036165835659;;;;;;;;;;;;;;;;;;;;
3;Tube 3;2013240.0;;;;;;;;;;;;;;;;;;;;;;;;;;;;;;;;;;;2013240.0;0.0;1324.0;False;E:\Experiments\PTT\Spheroids\26052025\28052025 after laser\Analysis\2025-05-28_163111_tube3_cropped_8bits\20_1324_0_8bits.tiff;E:\Experiments\PTT\Spheroids\26052025\28052025 after laser\Analysis\2025-05-28_163111_tube3_segmentationDebug\20_1324_0_segmented.tiff;1942.5;(73. 82);186.95331752300265;0.9247798143299214;49.73195970045876;0.6984004959462204;0.7599903739330772;708.3726069442083;0.9689712535214312;0.9076145502271622;0.909799461878786;80.12834133695975;54.0;Alive
3;Tube 3;207050.0;207050.0;0.0;705.0;False;G:\Experiments\PTT\Spheroids\26052025\27052025\Analysis\2025-05-27_112941_tube3_cropped_8bits2\2_0705_0_8bits.tiff;G:\Experiments\PTT\Spheroids\26052025\27052025\Analysis\2025-05-27_112941_tube3_segmentationDebug2\2_0705_0_segmented.tiff;1905.5;(71. 75);184.610171318054;0.920086914534041;49.2560448320087;0.702599063343346;0.889486369021276;856.557137912534;0.956656130277442;0.908824623840066;0.900231263792547;207050.0;0.0;705.0;False;G:\Experiments\PTT\Spheroids\26052025\28052025 before laser\Analysis\2025-05-28_104438_tube3_cropped_8bits2\2_0705_0_8bits.tiff;G:\Experiments\PTT\Spheroids\26052025\28052025 before laser\Analysis\2025-05-28_104438_tube3_segmentationDebug2\2_0705_0_segmented.tiff;2838.0;(76. 72);218.166520237922;0.947579298831385;60.1120106797168;0.749283287270643;0.939287874169022;1186.41441146825;0.935543104166309;0.866122811807021;0.879562556173279;;;;;;;;;;;;;;;;;;;;
3;Tube 3;208050.0;;;;;;;;;;;;;;;;;;;;;;;;;;;;;;;;;;;208050.0;0.0;805.0;False;E:\Experiments\PTT\Spheroids\26052025\28052025 after laser\Analysis\2025-05-28_163111_tube3_cropped_8bits\2_0805_0_8bits.tiff;E:\Experiments\PTT\Spheroids\26052025\28052025 after laser\Analysis\2025-05-28_163111_tube3_segmentationDebug\2_0805_0_segmented.tiff;2720.0;(71. 72);222.8528118133545;0.9190741679337726;58.84905744087702;0.6882441551040883;0.9012792122533247;1084.1581551039862;0.9489379708734448;0.8714296139340797;0.8626462295175782;89.07823721898771;37.0;Alive
3;Tube 3;310050.0;310050.0;0.0;1005.0;False;G:\Experiments\PTT\Spheroids\26052025\27052025\Analysis\2025-05-27_112941_tube3_cropped_8bits2\3_1005_0_8bits.tiff;G:\Experiments\PTT\Spheroids\26052025\27052025\Analysis\2025-05-27_112941_tube3_segmentationDebug2\3_1005_0_segmented.tiff;1811.0;(73. 68);172.367530822753;0.949410222804718;48.0191296830271;0.765979935428944;0.836137319708616;896.67157135913;0.965339716485424;0.913249567017106;0.879976364839188;310050.0;0.0;1005.0;False;G:\Experiments\PTT\Spheroids\26052025\28052025 before laser\Analysis\2025-05-28_104438_tube3_cropped_8bits2\3_1005_0_8bits.tiff;G:\Experiments\PTT\Spheroids\26052025\28052025 before laser\Analysis\2025-05-28_104438_tube3_segmentationDebug2\3_1005_0_segmented.tiff;3088.5;(78. 77);235.58073413372;0.929711017459361;62.7088537123311;0.699323186908021;0.916201777099368;882.650359373117;0.933830304924458;0.854386078813873;0.898144929818653;;;;;;;;;;;;;;;;;;;;
3;Tube 3;311050.0;;;;;;;;;;;;;;;;;;;;;;;;;;;;;;;;;;;311050.0;0.0;1105.0;False;E:\Experiments\PTT\Spheroids\26052025\28052025 after laser\Analysis\2025-05-28_163111_tube3_cropped_8bits\3_1105_0_8bits.tiff;E:\Experiments\PTT\Spheroids\26052025\28052025 after laser\Analysis\2025-05-28_163111_tube3_segmentationDebug\3_1105_0_segmented.tiff;2909.0;(71. 75);224.8528121709824;0.9362729320888316;60.85929539219616;0.7230310334597134;0.8938990597191069;990.7091313008776;0.9395669267075812;0.8628258853474126;0.8665490960734422;121.20606859037015;37.0;Alive
3;Tube 3;413050.0;413050.0;0.0;1305.0;False;G:\Experiments\PTT\Spheroids\26052025\27052025\Analysis\2025-05-27_112941_tube3_cropped_8bits2\4_1305_0_8bits.tiff;G:\Experiments\PTT\Spheroids\26052025\27052025\Analysis\2025-05-27_112941_tube3_segmentationDebug2\4_1305_0_segmented.tiff;1938.0;(77. 76);181.882249474525;0.93195479682616;49.6743217135045;0.736178285281829;0.85212522273848;975.810906766202;0.955777660848104;0.907509516045554;0.876007287720758;413050.0;0.0;1305.0;False;G:\Experiments\PTT\Spheroids\26052025\28052025 before laser\Analysis\2025-05-28_104438_tube3_cropped_8bits2\4_1305_0_8bits.tiff;G:\Experiments\PTT\Spheroids\26052025\28052025 before laser\Analysis\2025-05-28_104438_tube3_segmentationDebug2\4_1305_0_segmented.tiff;3091.0;(75. 73);246.994947195053;0.908583186360964;62.7342285580717;0.636696893945241;0.861255161078382;1100.48859575793;0.932388995022553;0.854159328047522;0.88364597903591;;;;;;;;;;;;;;;;;;;;
3;Tube 3;414050.0;;;;;;;;;;;;;;;;;;;;;;;;;;;;;;;;;;;414050.0;0.0;1405.0;False;E:\Experiments\PTT\Spheroids\26052025\28052025 after laser\Analysis\2025-05-28_163111_tube3_cropped_8bits\4_1405_0_8bits.tiff;E:\Experiments\PTT\Spheroids\26052025\28052025 after laser\Analysis\2025-05-28_163111_tube3_segmentationDebug\4_1405_0_segmented.tiff;3181.5;(59. 77);230.75230729579928;0.9522598024543548;63.64598661011486;0.7508439523795647;0.93499321025571;772.665122348608;0.9431050847553016;0.8323169276058501;0.8609270490460982;106.21308061705834;37.0;Alive
3;Tube 3;514010.0;;;;;;;;;;;;;;;;;;;;;;;;;;;;;;;;;;;514010.0;0.0;1401.0;False;E:\Experiments\PTT\Spheroids\26052025\28052025 after laser\Analysis\2025-05-28_163111_tube3_cropped_8bits\5_1401_0_8bits.tiff;E:\Experiments\PTT\Spheroids\26052025\28052025 after laser\Analysis\2025-05-28_163111_tube3_segmentationDebug\5_1401_0_segmented.tiff;3356.5;(75. 81);257.9238795042038;0.921609006040637;65.37299543315706;0.6340352599259275;0.7842411753910534;862.5952624721341;0.9509861246104436;0.8428471366074525;0.8828243942139171;88.69576303599507;37.0;Alive
3;Tube 3;515030.0;515030.0;0.0;1503.0;False;G:\Experiments\PTT\Spheroids\26052025\27052025\Analysis\2025-05-27_112941_tube3_cropped_8bits2\5_1503_0_8bits.tiff;G:\Experiments\PTT\Spheroids\26052025\27052025\Analysis\2025-05-27_112941_tube3_segmentationDebug2\5_1503_0_segmented.tiff;1772.0;(76. 74);175.882249593734;0.919325551232166;47.4992681340534;0.719829362682735;0.907057474505961;1064.94720274943;0.961264127154406;0.914987102277652;0.862053460398038;515030.0;0.0;1503.0;False;G:\Experiments\PTT\Spheroids\26052025\28052025 before laser\Analysis\2025-05-28_104438_tube3_cropped_8bits2\5_1503_0_8bits.tiff;G:\Experiments\PTT\Spheroids\26052025\28052025 before laser\Analysis\2025-05-28_104438_tube3_segmentationDebug2\5_1503_0_segmented.tiff;3110.5;(73. 73);246.894441723823;0.921083802191294;62.9318012128901;0.641235332048177;0.688920781609257;1054.34421590867;0.928844777520564;0.853029269886558;0.861136798397314;;;;;;;;;;;;;;;;;;;;
3;Tube 3;612010.0;;;;;;;;;;;;;;;;;;;;;;;;;;;;;;;;;;;612010.0;0.0;1201.0;False;E:\Experiments\PTT\Spheroids\26052025\28052025 after laser\Analysis\2025-05-28_163111_tube3_cropped_8bits\6_1201_0_8bits.tiff;E:\Experiments\PTT\Spheroids\26052025\28052025 after laser\Analysis\2025-05-28_163111_tube3_segmentationDebug\6_1201_0_segmented.tiff;2736.0;(77. 84);215.19595766067505;0.93394777265745;59.02188911239122;0.7424338061086958;0.8860846209522478;1067.8813894617392;0.948082985424004;0.8711597355922138;0.8607697956292018;81.54349581403255;37.0;Alive
3;Tube 3;613010.0;613010.0;0.0;1301.0;False;G:\Experiments\PTT\Spheroids\26052025\27052025\Analysis\2025-05-27_112941_tube3_cropped_8bits2\6_1301_0_8bits.tiff;G:\Experiments\PTT\Spheroids\26052025\27052025\Analysis\2025-05-27_112941_tube3_segmentationDebug2\6_1301_0_segmented.tiff;1750.0;(78. 74);171.396968364715;0.937332619175147;47.2034871941314;0.748585896777072;0.942037006499762;862.446775638564;0.961962279748003;0.916210876634736;0.892684086482404;613010.0;0.0;1301.0;False;G:\Experiments\PTT\Spheroids\26052025\28052025 before laser\Analysis\2025-05-28_104438_tube3_cropped_8bits2\6_1301_0_8bits.tiff;G:\Experiments\PTT\Spheroids\26052025\28052025 before laser\Analysis\2025-05-28_104438_tube3_segmentationDebug2\6_1301_0_segmented.tiff;2468.0;(74. 70);198.509665846824;0.947045280122793;56.0567141063974;0.787030753248368;0.90993944285671;1250.55159722579;0.946669045852486;0.883471731747689;0.871520758752076;;;;;;;;;;;;;;;;;;;;
3;Tube 3;708010.0;;;;;;;;;;;;;;;;;;;;;;;;;;;;;;;;;;;708010.0;0.0;801.0;False;E:\Experiments\PTT\Spheroids\26052025\28052025 after laser\Analysis\2025-05-28_163111_tube3_cropped_8bits\7_0801_0_8bits.tiff;E:\Experiments\PTT\Spheroids\26052025\28052025 after laser\Analysis\2025-05-28_163111_tube3_segmentationDebug\7_0801_0_segmented.tiff;2192.0;(74. 78);208.3675308227539;0.8946938775510204;52.82935814544293;0.634439659236375;0.9041815161050064;1356.8280622225118;0.9653240634846636;0.895586560808024;0.8126345495794375;1.6216905358888278;60.0;Dead
3;Tube 3;710010.0;710010.0;0.0;1001.0;False;G:\Experiments\PTT\Spheroids\26052025\27052025\Analysis\2025-05-27_112941_tube3_cropped_8bits2\7_1001_0_8bits.tiff;G:\Experiments\PTT\Spheroids\26052025\27052025\Analysis\2025-05-27_112941_tube3_segmentationDebug2\7_1001_0_segmented.tiff;1541.0;(74. 74);159.053822755813;0.945688861613992;44.2951705994782;0.765463134789458;0.843344340747664;885.300758074636;0.965238138610801;0.926025742682505;0.884048662576083;710010.0;0.0;1001.0;False;G:\Experiments\PTT\Spheroids\26052025\28052025 before laser\Analysis\2025-05-28_104438_tube3_cropped_8bits2\7_1001_0_8bits.tiff;G:\Experiments\PTT\Spheroids\26052025\28052025 before laser\Analysis\2025-05-28_104438_tube3_segmentationDebug2\7_1001_0_segmented.tiff;2195.5;(75. 69);186.267025589942;0.948380129589632;52.8715180457876;0.795190799048766;0.909247402542788;1325.49347995902;0.949997270037655;0.895933711744975;0.855783189998114;;;;;;;;;;;;;;;;;;;;
3;Tube 3;805010.0;;;;;;;;;;;;;;;;;;;;;;;;;;;;;;;;;;;805010.0;0.0;501.0;False;E:\Experiments\PTT\Spheroids\26052025\28052025 after laser\Analysis\2025-05-28_163111_tube3_cropped_8bits\8_0501_0_8bits.tiff;E:\Experiments\PTT\Spheroids\26052025\28052025 after laser\Analysis\2025-05-28_163111_tube3_segmentationDebug\8_0501_0_segmented.tiff;2389.0;(73. 74);204.8528121709824;0.928127428127428;55.152237238142064;0.7153888275072121;0.8878123763568889;1071.6865422518538;0.9560462708874866;0.8866407484912506;0.8218778132281293;76.22710467043474;46.0;Alive
3;Tube 3;806010.0;;;;;;;;;;;;;;;;;;806010.0;0.0;601.0;False;G:\Experiments\PTT\Spheroids\26052025\28052025 before laser\Analysis\2025-05-28_104438_tube3_cropped_8bits2\8_0601_0_8bits.tiff;G:\Experiments\PTT\Spheroids\26052025\28052025 before laser\Analysis\2025-05-28_104438_tube3_segmentationDebug2\8_0601_0_segmented.tiff;2482.5;(76. 74);204.610171675682;0.936439079592606;56.221145219615;0.745151674385659;0.893611937614206;1000.8882276199;0.942312090059567;0.882549889844308;0.884936912288347;;;;;;;;;;;;;;;;;;;;
3;Tube 3;807010.0;807010.0;0.0;701.0;False;G:\Experiments\PTT\Spheroids\26052025\27052025\Analysis\2025-05-27_112941_tube3_cropped_8bits2\8_0701_0_8bits.tiff;G:\Experiments\PTT\Spheroids\26052025\27052025\Analysis\2025-05-27_112941_tube3_segmentationDebug2\8_0701_0_segmented.tiff;1540.0;(71. 70);165.882249593734;0.922708208508088;44.2807960507955;0.70328402424836;0.933858022131759;900.199083196497;0.963366235358183;0.925684870416357;0.882821493411687;;;;;;;;;;;;;;;;;;;;;;;;;;;;;;;;;;;;;
3;Tube 3;903010.0;;;;;;;;;;;;;;;;;;903010.0;0.0;301.0;False;G:\Experiments\PTT\Spheroids\26052025\28052025 before laser\Analysis\2025-05-28_104438_tube3_cropped_8bits2\9_0301_0_8bits.tiff;G:\Experiments\PTT\Spheroids\26052025\28052025 before laser\Analysis\2025-05-28_104438_tube3_segmentationDebug2\9_0301_0_segmented.tiff;2316.5;(75. 73);200.468036055564;0.938424144217135;54.3089256511211;0.724355725345537;0.987667254206459;1137.43335462099;0.949658807884289;0.889969538647044;0.884848114452392;903010.0;0.0;301.0;False;E:\Experiments\PTT\Spheroids\26052025\28052025 after laser\Analysis\2025-05-28_163111_tube3_cropped_8bits\9_0301_0_8bits.tiff;E:\Experiments\PTT\Spheroids\26052025\28052025 after laser\Analysis\2025-05-28_163111_tube3_segmentationDebug\9_0301_0_segmented.tiff;2586.5;(73. 77);209.9238795042038;0.943633710324699;57.386706495995206;0.7375622138990996;0.96879040752743;934.0090629685902;0.961449581915117;0.8783237365686072;0.8383333620263088;76.18885725213548;49.0;Alive
3;Tube 3;904010.0;904010.0;0.0;401.0;False;G:\Experiments\PTT\Spheroids\26052025\27052025\Analysis\2025-05-27_112941_tube3_cropped_8bits2\9_0401_0_8bits.tiff;G:\Experiments\PTT\Spheroids\26052025\27052025\Analysis\2025-05-27_112941_tube3_segmentationDebug2\9_0401_0_segmented.tiff;1404.5;(74. 80);161.296463370323;0.914983713355048;42.2878817225518;0.678393873949037;0.939203622189922;834.633322867197;0.973380483644992;0.931903271665516;0.86985923896518;;;;;;;;;;;;;;;;;;;;;;;;;;;;;;;;;;;;;
3;Tube 4;1002030.0;1002030.0;0.0;203.0;False;G:\Experiments\PTT\Spheroids\26052025\27052025\Analysis\2025-05-27_113959_tube4_cropped_8bits2\10_0203_0_8bits.tiff;G:\Experiments\PTT\Spheroids\26052025\27052025\Analysis\2025-05-27_113959_tube4_segmentationDebug2\10_0203_0_segmented.tiff;1688.0;(77. 75);176.225395560264;0.912925905895078;46.3597708311091;0.683038711459197;0.940654396566374;1035.5845833481;0.965486773809553;0.918743200279597;0.882528185681671;1002030.0;0.0;203.0;False;G:\Experiments\PTT\Spheroids\26052025\28052025 before laser\Analysis\2025-05-28_105529_tube4_cropped_8bits2\10_0203_0_8bits.tiff;G:\Experiments\PTT\Spheroids\26052025\28052025 before laser\Analysis\2025-05-28_105529_tube4_segmentationDebug2\10_0203_0_segmented.tiff;2647.0;(72. 73);216.024385333061;0.933356840620592;58.0539841433296;0.712784503381098;0.957093350879086;918.068929111979;0.946539827786728;0.874765002837179;0.892126581198275;;;;;;;;;;;;;;;;;;;;
3;Tube 4;1002040.0;;;;;;;;;;;;;;;;;;;;;;;;;;;;;;;;;;;1002040.0;0.0;204.0;False;E:\Experiments\PTT\Spheroids\26052025\28052025 after laser\Analysis\2025-05-28_162107_tube4_cropped_8bits\9_0204_0_8bits.tiff;E:\Experiments\PTT\Spheroids\26052025\28052025 after laser\Analysis\2025-05-28_162107_tube4_segmentationDebug\9_0204_0_segmented.tiff;2746.0;(78. 78);210.85281205177307;0.9528105482303956;59.12965237376892;0.776160616344089;0.948957229840541;852.2443089319958;0.9622047227463728;0.8713824088618397;0.8679425299523268;94.43287578088479;50.0;Alive
3;Tube 4;1102060.0;;;;;;;;;;;;;;;;;;1102060.0;0.0;206.0;False;G:\Experiments\PTT\Spheroids\26052025\28052025 before laser\Analysis\2025-05-28_105529_tube4_cropped_8bits2\11_0206_0_8bits.tiff;G:\Experiments\PTT\Spheroids\26052025\28052025 before laser\Analysis\2025-05-28_105529_tube4_segmentationDebug2\11_0206_0_segmented.tiff;2146.5;(75. 72);186.267025709152;0.94580304031725;52.2781855344466;0.777443428819587;0.893277115124065;976.123582766439;0.959156565344948;0.898139165459512;0.873583702409941;;;;;;;;;;;;;;;;;;;;
3;Tube 4;1102070.0;1102070.0;0.0;207.0;False;G:\Experiments\PTT\Spheroids\26052025\27052025\Analysis\2025-05-27_113959_tube4_cropped_8bits2\11_0207_0_8bits.tiff;G:\Experiments\PTT\Spheroids\26052025\27052025\Analysis\2025-05-27_113959_tube4_segmentationDebug2\11_0207_0_segmented.tiff;1628.5;(77. 76);166.468035817146;0.930837382109174;45.5353774399775;0.738475202224108;0.886737124027161;894.848810974484;0.962890609578031;0.921553084951923;0.893391584404812;;;;;;;;;;;;;;;;;;;;;;;;;;;;;;;;;;;;;
3;Tube 4;1102080.0;;;;;;;;;;;;;;;;;;;;;;;;;;;;;;;;;;;1102080.0;0.0;208.0;False;E:\Experiments\PTT\Spheroids\26052025\28052025 after laser\Analysis\2025-05-28_162107_tube4_cropped_8bits\10_0208_0_8bits.tiff;E:\Experiments\PTT\Spheroids\26052025\28052025 after laser\Analysis\2025-05-28_162107_tube4_segmentationDebug\10_0208_0_segmented.tiff;2676.0;(67. 77);207.19595849514008;0.9497781721384206;58.37113174944697;0.7833095352479184;0.9011277720000782;918.908217697364;0.9644272550360196;0.8746641725434217;0.8734765898668738;72.28762058561047;51.0;Alive
3;Tube 4;1202090.0;1202090.0;0.0;209.0;False;G:\Experiments\PTT\Spheroids\26052025\27052025\Analysis\2025-05-27_113959_tube4_cropped_8bits2\12_0209_0_8bits.tiff;G:\Experiments\PTT\Spheroids\26052025\27052025\Analysis\2025-05-27_113959_tube4_segmentationDebug2\12_0209_0_segmented.tiff;1279.0;(73. 70);146.568541288375;0.939060205580029;40.3543476928604;0.748167566440975;0.902949790156916;784.743473836105;0.978330638209043;0.938073190722424;0.909674676396868;;;;;;;;;;;;;;;;;;;;;;;;;;;;;;;;;;;;;
3;Tube 4;1202100.0;;;;;;;;;;;;;;;;;;1202100.0;0.0;210.0;False;G:\Experiments\PTT\Spheroids\26052025\28052025 before laser\Analysis\2025-05-28_105529_tube4_cropped_8bits2\12_0210_0_8bits.tiff;G:\Experiments\PTT\Spheroids\26052025\28052025 before laser\Analysis\2025-05-28_105529_tube4_segmentationDebug2\12_0210_0_segmented.tiff;2143.0;(63. 76);203.681239008903;0.890689941812136;52.235546750919;0.649127455935937;0.916215517094765;862.228435669444;0.966029971226655;0.89793157114374;0.902067704561439;1202100.0;0.0;210.0;False;E:\Experiments\PTT\Spheroids\26052025\28052025 after laser\Analysis\2025-05-28_162107_tube4_cropped_8bits\11_0210_0_8bits.tiff;E:\Experiments\PTT\Spheroids\26052025\28052025 after laser\Analysis\2025-05-28_162107_tube4_segmentationDebug\11_0210_0_segmented.tiff;2424.0;(81. 79);229.6812391281128;0.8986098239110287;55.55477168018994;0.5774194842736966;0.8372702046489928;803.8745380388814;0.9686707655756214;0.8849418424798694;0.8724169829519599;74.65896052016488;41.0;Alive
3;Tube 4;1302120.0;;;;;;;;;;;;;;;;;;1302120.0;0.0;212.0;False;G:\Experiments\PTT\Spheroids\26052025\28052025 before laser\Analysis\2025-05-28_105529_tube4_cropped_8bits2\13_0212_0_8bits.tiff;G:\Experiments\PTT\Spheroids\26052025\28052025 before laser\Analysis\2025-05-28_105529_tube4_segmentationDebug2\13_0212_0_segmented.tiff;2120.5;(75. 69);199.781743884086;0.9439127531716;51.9606048329974;0.667631072764388;0.887057428002585;794.431318346143;0.973637620006352;0.899440597641776;0.910256962005884;;;;;;;;;;;;;;;;;;;;
3;Tube 4;1302130.0;1302130.0;0.0;213.0;False;G:\Experiments\PTT\Spheroids\26052025\27052025\Analysis\2025-05-27_113959_tube4_cropped_8bits2\13_0213_0_8bits.tiff;G:\Experiments\PTT\Spheroids\26052025\27052025\Analysis\2025-05-27_113959_tube4_segmentationDebug2\13_0213_0_segmented.tiff;1611.5;(73. 74);171.982754945755;0.918757126567844;45.297080770627;0.684652771976459;0.873769628338511;1045.06566930845;0.961613287506886;0.922432008428651;0.889901011425346;;;;;;;;;;;;;;;;;;;;;;;;;;;;;;;;;;;;;
3;Tube 4;1302140.0;;;;;;;;;;;;;;;;;;;;;;;;;;;;;;;;;;;1302140.0;0.0;214.0;False;E:\Experiments\PTT\Spheroids\26052025\28052025 after laser\Analysis\2025-05-28_162107_tube4_cropped_8bits\12_0214_0_8bits.tiff;E:\Experiments\PTT\Spheroids\26052025\28052025 after laser\Analysis\2025-05-28_162107_tube4_segmentationDebug\12_0214_0_segmented.tiff;2353.5;(87. 73);196.95331692695615;0.9383971291866028;54.74092864150375;0.7624255964605703;0.9050562691832676;981.3753689098623;0.9732661757934558;0.8892621175410417;0.8727176160224075;2.9603501763630957;64.0;Dead
3;Tube 4;1402150.0;;;;;;;;;;;;;;;;;;1402150.0;0.0;215.0;False;G:\Experiments\PTT\Spheroids\26052025\28052025 before laser\Analysis\2025-05-28_105529_tube4_cropped_8bits2\14_0215_0_8bits.tiff;G:\Experiments\PTT\Spheroids\26052025\28052025 before laser\Analysis\2025-05-28_105529_tube4_segmentationDebug2\14_0215_0_segmented.tiff;2306.5;(75. 74);198.953317403793;0.934183880113406;54.1915769278921;0.732252651227816;0.86478241126812;797.386559648229;0.961244192785988;0.878045736593932;0.896486263742132;;;;;;;;;;;;;;;;;;;;
3;Tube 4;1402160.0;1402160.0;0.0;216.0;True;G:\Experiments\PTT\Spheroids\26052025\27052025\Analysis\2025-05-27_113959_tube4_cropped_8bits2\14_0216_0_8bits.tiff;G:\Experiments\PTT\Spheroids\26052025\27052025\Analysis\2025-05-27_113959_tube4_segmentationDebug2\14_0216_0_segmented.tiff;1493.5;(75. 74);162.124889731407;0.919076923076923;43.6071468920172;0.714028757847543;0.883523892912005;808.410262607417;0.965678624066717;0.927963438890477;0.899889011518516;;;;;;;;;;;;;;;;;;;;;;;;;;;;;;;;;;;;;
3;Tube 4;1402161.0;1402161.0;0.0;216.0;True;G:\Experiments\PTT\Spheroids\26052025\27052025\Analysis\2025-05-27_113959_tube4_cropped_8bits2\14_0216_1_8bits.tiff;G:\Experiments\PTT\Spheroids\26052025\27052025\Analysis\2025-05-27_113959_tube4_segmentationDebug2\14_0216_1_segmented.tiff;706.5;(78. 70);118.669046640396;0.871146732429099;29.9923946752404;0.630444882074566;0.968136259558216;487.841050304213;0.978887713491888;0.964441301172525;0.889624575953817;;;;;;;;;;;;;;;;;;;;;;;;;;;;;;;;;;;;;
3;Tube 4;1402170.0;;;;;;;;;;;;;;;;;;;;;;;;;;;;;;;;;;;1402170.0;0.0;217.0;False;E:\Experiments\PTT\Spheroids\26052025\28052025 after laser\Analysis\2025-05-28_162107_tube4_cropped_8bits\13_0217_0_8bits.tiff;E:\Experiments\PTT\Spheroids\26052025\28052025 after laser\Analysis\2025-05-28_162107_tube4_segmentationDebug\13_0217_0_segmented.tiff;2309.5;(79. 70);196.95331704616547;0.940733197556008;54.22680820927835;0.748171622219738;0.8948395662577373;875.9148423853194;0.9680537569365046;0.8909250090439778;0.8587754700818281;80.35782584675535;43.0;Alive
3;Tube 4;1502190.0;1502190.0;0.0;219.0;False;G:\Experiments\PTT\Spheroids\26052025\27052025\Analysis\2025-05-27_113959_tube4_cropped_8bits2\15_0219_0_8bits.tiff;G:\Experiments\PTT\Spheroids\26052025\27052025\Analysis\2025-05-27_113959_tube4_segmentationDebug2\15_0219_0_segmented.tiff;1566.0;(71. 76);168.568541407585;0.913918879486431;44.6530304352936;0.692545902091206;0.780415164156373;982.7524420472;0.961293505306043;0.924639951485489;0.901184027382498;1502190.0;0.0;219.0;False;G:\Experiments\PTT\Spheroids\26052025\28052025 before laser\Analysis\2025-05-28_105529_tube4_cropped_8bits2\15_0219_0_8bits.tiff;G:\Experiments\PTT\Spheroids\26052025\28052025 before laser\Analysis\2025-05-28_105529_tube4_segmentationDebug2\15_0219_0_segmented.tiff;2165.5;(77. 73);193.781744003295;0.938258232235701;52.5090490689366;0.724673419093391;0.906390409803972;717.13285253634;0.961645406784293;0.896959553882694;0.896655132269917;;;;;;;;;;;;;;;;;;;;
3;Tube 4;1502200.0;;;;;;;;;;;;;;;;;;;;;;;;;;;;;;;;;;;1502200.0;0.0;220.0;False;E:\Experiments\PTT\Spheroids\26052025\28052025 after laser\Analysis\2025-05-28_162107_tube4_cropped_8bits\14_0220_0_8bits.tiff;E:\Experiments\PTT\Spheroids\26052025\28052025 after laser\Analysis\2025-05-28_162107_tube4_segmentationDebug\14_0220_0_segmented.tiff;2564.5;(79. 75);219.6396089792252;0.9113361762615494;57.14212817592048;0.6680227357579653;0.9332558952043746;953.337709604924;0.9567653440531606;0.8784814356600392;0.8782587719530509;2.6486337172240875;58.0;Dead
3;Tube 4;1602210.0;;;;;;;;;;;;;;;;;;1602210.0;0.0;221.0;False;G:\Experiments\PTT\Spheroids\26052025\28052025 before laser\Analysis\2025-05-28_105529_tube4_cropped_8bits2\16_0221_0_8bits.tiff;G:\Experiments\PTT\Spheroids\26052025\28052025 before laser\Analysis\2025-05-28_105529_tube4_segmentationDebug2\16_0221_0_segmented.tiff;2288.0;(75. 74);192.852812170982;0.94078947368421;53.9738091888468;0.773061298573107;0.956567476833223;913.688450502845;0.95455298062799;0.891632653840061;0.880635367795805;;;;;;;;;;;;;;;;;;;;
3;Tube 4;1602220.0;1602220.0;0.0;222.0;False;G:\Experiments\PTT\Spheroids\26052025\27052025\Analysis\2025-05-27_113959_tube4_cropped_8bits2\16_0222_0_8bits.tiff;G:\Experiments\PTT\Spheroids\26052025\27052025\Analysis\2025-05-27_113959_tube4_segmentationDebug2\16_0222_0_segmented.tiff;1392.5;(74. 72);157.982755184173;0.916419874958868;42.1068410836495;0.701109256128644;0.839985013568795;897.530214513499;0.965137760798036;0.932594146405081;0.885321351451681;;;;;;;;;;;;;;;;;;;;;;;;;;;;;;;;;;;;;
3;Tube 4;1602230.0;;;;;;;;;;;;;;;;;;;;;;;;;;;;;;;;;;;1602230.0;0.0;223.0;False;E:\Experiments\PTT\Spheroids\26052025\28052025 after laser\Analysis\2025-05-28_162107_tube4_cropped_8bits\15_0223_0_8bits.tiff;E:\Experiments\PTT\Spheroids\26052025\28052025 after laser\Analysis\2025-05-28_162107_tube4_segmentationDebug\15_0223_0_segmented.tiff;2611.5;(71. 78);212.2670259475708;0.9395574743658932;57.66337720837965;0.7283411105622827;0.9280627062795368;957.9742589593576;0.9546735532276788;0.8767865142866944;0.8427019573912025;79.24865071607667;44.0;Alive
3;Tube 4;1704240.0;1704240.0;0.0;424.0;False;G:\Experiments\PTT\Spheroids\26052025\27052025\Analysis\2025-05-27_113959_tube4_cropped_8bits2\17_0424_0_8bits.tiff;G:\Experiments\PTT\Spheroids\26052025\27052025\Analysis\2025-05-27_113959_tube4_segmentationDebug2\17_0424_0_segmented.tiff;1705.0;(72. 74);163.882249355316;0.947748749305169;46.5926327199209;0.797756616640186;0.868802182827781;921.342580034212;0.956156309807243;0.91833781684644;0.892674585129913;1704240.0;0.0;424.0;False;G:\Experiments\PTT\Spheroids\26052025\28052025 before laser\Analysis\2025-05-28_105529_tube4_cropped_8bits2\17_0424_0_8bits.tiff;G:\Experiments\PTT\Spheroids\26052025\28052025 before laser\Analysis\2025-05-28_105529_tube4_segmentationDebug2\17_0424_0_segmented.tiff;2377.0;(75. 75);205.33809363842;0.923465423465423;55.0135474027578;0.708434975705964;0.9784737534744;1074.43644387755;0.954174625753733;0.887278264072545;0.875627908884013;;;;;;;;;;;;;;;;;;;;
3;Tube 4;1705240.0;;;;;;;;;;;;;;;;;;;;;;;;;;;;;;;;;;;1705240.0;0.0;524.0;False;E:\Experiments\PTT\Spheroids\26052025\28052025 after laser\Analysis\2025-05-28_162107_tube4_cropped_8bits\16_0524_0_8bits.tiff;E:\Experiments\PTT\Spheroids\26052025\28052025 after laser\Analysis\2025-05-28_162107_tube4_segmentationDebug\16_0524_0_segmented.tiff;2662.5;(74. 88);214.26702535152435;0.9360168746704166;58.22370898403305;0.7287671694748413;0.9510815206801476;1057.6173018030916;0.9518091191006816;0.8744793056004281;0.86298857612001;5.044834473673027;70.0;Dead
3;Tube 4;1807240.0;1807240.0;0.0;724.0;False;G:\Experiments\PTT\Spheroids\26052025\27052025\Analysis\2025-05-27_113959_tube4_cropped_8bits2\18_0724_0_8bits.tiff;G:\Experiments\PTT\Spheroids\26052025\27052025\Analysis\2025-05-27_113959_tube4_segmentationDebug2\18_0724_0_segmented.tiff;1401.5;(80. 73);157.982754945755;0.924777301220719;42.2426943026404;0.705640664581743;0.797710119236887;851.307356896497;0.964880927125079;0.932060779197253;0.890408026634674;1807240.0;0.0;724.0;False;G:\Experiments\PTT\Spheroids\26052025\28052025 before laser\Analysis\2025-05-28_105529_tube4_cropped_8bits2\18_0724_0_8bits.tiff;G:\Experiments\PTT\Spheroids\26052025\28052025 before laser\Analysis\2025-05-28_105529_tube4_segmentationDebug2\18_0724_0_segmented.tiff;1998.5;(80. 68);188.124890089035;0.928455284552845;50.4437233970017;0.709612893967923;0.87503883124297;921.341070429027;0.959159323453077;0.904592560633913;0.883657365658144;;;;;;;;;;;;;;;;;;;;
3;Tube 4;1808240.0;;;;;;;;;;;;;;;;;;;;;;;;;;;;;;;;;;;1808240.0;0.0;824.0;False;E:\Experiments\PTT\Spheroids\26052025\28052025 after laser\Analysis\2025-05-28_162107_tube4_cropped_8bits\17_0824_0_8bits.tiff;E:\Experiments\PTT\Spheroids\26052025\28052025 after laser\Analysis\2025-05-28_162107_tube4_segmentationDebug\17_0824_0_segmented.tiff;2102.5;(63. 37);200.1248903274536;0.8985042735042735;51.73959936843036;0.6596957020531211;0.8949058415515683;899.5169743495203;0.9479933616713468;0.8516570722155277;0.8635144933904517;88.42803110790021;49.0;Alive
3;Tube 4;1909240.0;;;;;;;;;;;;;;;;;;1909240.0;0.0;924.0;False;G:\Experiments\PTT\Spheroids\26052025\28052025 before laser\Analysis\2025-05-28_105529_tube4_cropped_8bits2\19_0924_0_8bits.tiff;G:\Experiments\PTT\Spheroids\26052025\28052025 before laser\Analysis\2025-05-28_105529_tube4_segmentationDebug2\19_0924_0_segmented.tiff;1916.0;(76. 78);177.539104104042;0.942913385826771;49.3915677794557;0.763866247830326;0.951605273525428;859.015652173912;0.956609027605046;0.908483065948102;0.888651482275464;;;;;;;;;;;;;;;;;;;;
3;Tube 4;1910240.0;1910240.0;0.0;1024.0;False;G:\Experiments\PTT\Spheroids\26052025\27052025\Analysis\2025-05-27_113959_tube4_cropped_8bits2\19_1024_0_8bits.tiff;G:\Experiments\PTT\Spheroids\26052025\27052025\Analysis\2025-05-27_113959_tube4_segmentationDebug2\19_1024_0_segmented.tiff;1313.5;(75. 76);156.325900912284;0.905862068965517;40.8949892041755;0.675426445201818;0.884362345083188;855.082838640837;0.966313500378825;0.936071472944961;0.884533792115327;;;;;;;;;;;;;;;;;;;;;;;;;;;;;;;;;;;;;
3;Tube 4;2012240.0;;;;;;;;;;;;;;;;;;2012240.0;0.0;1224.0;False;G:\Experiments\PTT\Spheroids\26052025\28052025 before laser\Analysis\2025-05-28_105529_tube4_cropped_8bits2\20_1224_0_8bits.tiff;G:\Experiments\PTT\Spheroids\26052025\28052025 before laser\Analysis\2025-05-28_105529_tube4_segmentationDebug2\20_1224_0_segmented.tiff;1718.0;(74. 75);179.053822755813;0.910922587486744;46.7699212940861;0.673388706441101;0.814510790868636;817.951619105444;0.960660336585484;0.917052370763764;0.877880831742405;;;;;;;;;;;;;;;;;;;;
3;Tube 4;2013240.0;2013240.0;0.0;1324.0;False;G:\Experiments\PTT\Spheroids\26052025\27052025\Analysis\2025-05-27_113959_tube4_cropped_8bits2\20_1324_0_8bits.tiff;G:\Experiments\PTT\Spheroids\26052025\27052025\Analysis\2025-05-27_113959_tube4_segmentationDebug2\20_1324_0_segmented.tiff;1217.5;(73. 68);145.982755422592;0.931522570772762;39.3721874641867;0.717919451727227;0.945025679006184;731.332000457042;0.969194367867896;0.938924517341444;0.897169100452581;;;;;;;;;;;;;;;;;;;;;;;;;;;;;;;;;;;;;
3;Tube 4;2014240.0;;;;;;;;;;;;;;;;;;;;;;;;;;;;;;;;;;;2014240.0;0.0;1424.0;False;E:\Experiments\PTT\Spheroids\26052025\28052025 after laser\Analysis\2025-05-28_162107_tube4_cropped_8bits\19_1424_0_8bits.tiff;E:\Experiments\PTT\Spheroids\26052025\28052025 after laser\Analysis\2025-05-28_162107_tube4_segmentationDebug\19_1424_0_segmented.tiff;2070.5;(68. 43);207.2964630126953;0.8934196332254585;51.34435195203222;0.6054821087604334;0.9045828345543718;853.3647105833663;0.9428590035801924;0.8747087395610937;0.8489126122081584;41.76618078279716;61.0;Dead
3;Tube 4;207050.0;207050.0;0.0;705.0;False;G:\Experiments\PTT\Spheroids\26052025\27052025\Analysis\2025-05-27_113959_tube4_cropped_8bits2\2_0705_0_8bits.tiff;G:\Experiments\PTT\Spheroids\26052025\27052025\Analysis\2025-05-27_113959_tube4_segmentationDebug2\2_0705_0_segmented.tiff;1826.0;(78. 70);187.396968603134;0.897959183673469;48.2175840195919;0.653409605538551;0.859825815022942;1240.55195147439;0.955866188355783;0.911984844238156;0.865913585797502;;;;;;;;;;;;;;;;;;;;;;;;;;;;;;;;;;;;;
3;Tube 4;310050.0;310050.0;0.0;1005.0;False;G:\Experiments\PTT\Spheroids\26052025\27052025\Analysis\2025-05-27_113959_tube4_cropped_8bits2\3_1005_0_8bits.tiff;G:\Experiments\PTT\Spheroids\26052025\27052025\Analysis\2025-05-27_113959_tube4_segmentationDebug2\3_1005_0_segmented.tiff;1791.0;(79. 71);174.911687374115;0.936960502223384;47.753240985515;0.735644158906997;0.849437881084664;1120.86804956185;0.957694235894401;0.91404164614365;0.883089541114217;;;;;;;;;;;;;;;;;;;;;;;;;;;;;;;;;;;;;
3;Tube 4;311050.0;;;;;;;;;;;;;;;;;;311050.0;0.0;1105.0;False;G:\Experiments\PTT\Spheroids\26052025\28052025 before laser\Analysis\2025-05-28_105529_tube4_cropped_8bits2\3_1105_0_8bits.tiff;G:\Experiments\PTT\Spheroids\26052025\28052025 before laser\Analysis\2025-05-28_105529_tube4_segmentationDebug2\3_1105_0_segmented.tiff;3031.5;(70. 58);223.438598632812;0.941313460642757;62.1274953612701;0.763046560069824;0.902627358408672;973.317136311337;0.937394897545852;0.846207417405502;0.883048509444884;;;;;;;;;;;;;;;;;;;;
3;Tube 4;413050.0;413050.0;0.0;1305.0;False;G:\Experiments\PTT\Spheroids\26052025\27052025\Analysis\2025-05-27_113959_tube4_cropped_8bits2\4_1305_0_8bits.tiff;G:\Experiments\PTT\Spheroids\26052025\27052025\Analysis\2025-05-27_113959_tube4_segmentationDebug2\4_1305_0_segmented.tiff;1786.5;(73. 71);178.124890089035;0.925887535630992;47.6932117462157;0.707560639551153;0.796002928482507;1155.14118350281;0.96496683943539;0.914523232000414;0.890149554400283;;;;;;;;;;;;;;;;;;;;;;;;;;;;;;;;;;;;;
3;Tube 4;414050.0;;;;;;;;;;;;;;;;;;414050.0;0.0;1405.0;False;G:\Experiments\PTT\Spheroids\26052025\28052025 before laser\Analysis\2025-05-28_105529_tube4_cropped_8bits2\4_1405_0_8bits.tiff;G:\Experiments\PTT\Spheroids\26052025\28052025 before laser\Analysis\2025-05-28_105529_tube4_segmentationDebug2\4_1405_0_segmented.tiff;2554.5;(77. 73);209.095452904701;0.927223230490018;57.030609474439;0.734220648437283;0.949836058184313;759.12131864474;0.959732052718393;0.879549390773436;0.875499472162411;;;;;;;;;;;;;;;;;;;;
3;Tube 4;515020.0;;;;;;;;;;;;;;;;;;;;;;;;;;;;;;;;;;;515020.0;0.0;1502.0;False;E:\Experiments\PTT\Spheroids\26052025\28052025 after laser\Analysis\2025-05-28_162107_tube4_cropped_8bits\4_1502_0_8bits.tiff;E:\Experiments\PTT\Spheroids\26052025\28052025 after laser\Analysis\2025-05-28_162107_tube4_segmentationDebug\4_1502_0_segmented.tiff;3013.0;(71. 68);234.8528116941452;0.9233833895188476;61.93763595978656;0.686463527550233;0.945678835974554;933.024309250186;0.9512521412298752;0.8584773078189535;0.858846787387109;109.196379244401;37.0;Alive
3;Tube 4;515030.0;515030.0;0.0;1503.0;False;G:\Experiments\PTT\Spheroids\26052025\27052025\Analysis\2025-05-27_113959_tube4_cropped_8bits2\5_1503_0_8bits.tiff;G:\Experiments\PTT\Spheroids\26052025\27052025\Analysis\2025-05-27_113959_tube4_segmentationDebug2\5_1503_0_segmented.tiff;1794.5;(74. 72);177.781744718551;0.928830227743271;47.7998782741886;0.713475391989948;0.824698965363001;1091.57019243339;0.956393643877234;0.913837615073553;0.845114560900954;515030.0;0.0;1503.0;False;G:\Experiments\PTT\Spheroids\26052025\28052025 before laser\Analysis\2025-05-28_105529_tube4_cropped_8bits2\5_1503_0_8bits.tiff;G:\Experiments\PTT\Spheroids\26052025\28052025 before laser\Analysis\2025-05-28_105529_tube4_segmentationDebug2\5_1503_0_segmented.tiff;3167.0;(73. 72);241.195957779884;0.91717347234289;63.5007845477224;0.684097301147121;0.930709142953698;943.215749101288;0.945685067315448;0.851101602107492;0.875825853168142;;;;;;;;;;;;;;;;;;;;
3;Tube 4;612010.0;;;;;;;;;;;;;;;;;;;;;;;;;;;;;;;;;;;612010.0;0.0;1201.0;False;E:\Experiments\PTT\Spheroids\26052025\28052025 after laser\Analysis\2025-05-28_162107_tube4_cropped_8bits\5_1201_0_8bits.tiff;E:\Experiments\PTT\Spheroids\26052025\28052025 after laser\Analysis\2025-05-28_162107_tube4_segmentationDebug\5_1201_0_segmented.tiff;2901.5;(70. 59);225.09545290470123;0.9406710974225968;60.780790872191474;0.7196129908815023;0.944456903559522;873.9895573911383;0.9572391622722044;0.8526526489078324;0.8684709761682815;130.3854489821937;37.0;Alive
3;Tube 4;613010.0;613010.0;0.0;1301.0;False;G:\Experiments\PTT\Spheroids\26052025\27052025\Analysis\2025-05-27_113959_tube4_cropped_8bits2\6_1301_0_8bits.tiff;G:\Experiments\PTT\Spheroids\26052025\27052025\Analysis\2025-05-27_113959_tube4_segmentationDebug2\6_1301_0_segmented.tiff;1847.5;(79. 77);177.781743884086;0.939247585155058;48.5006191599469;0.734547672931486;0.825381649262535;946.618058242744;0.954788088443764;0.911849344525668;0.901133503648407;613010.0;0.0;1301.0;False;G:\Experiments\PTT\Spheroids\26052025\28052025 before laser\Analysis\2025-05-28_105529_tube4_cropped_8bits2\6_1301_0_8bits.tiff;G:\Experiments\PTT\Spheroids\26052025\28052025 before laser\Analysis\2025-05-28_105529_tube4_segmentationDebug2\6_1301_0_segmented.tiff;3085.0;(74. 68);239.338093280792;0.922272047832586;62.673311668588;0.676770435933465;0.9099588877082;1051.5383707;0.938910072572024;0.854752215726596;0.888111592994848;;;;;;;;;;;;;;;;;;;;
3;Tube 4;709010.0;;;;;;;;;;;;;;;;;;;;;;;;;;;;;;;;;;;709010.0;0.0;901.0;False;E:\Experiments\PTT\Spheroids\26052025\28052025 after laser\Analysis\2025-05-28_162107_tube4_cropped_8bits\6_0901_0_8bits.tiff;E:\Experiments\PTT\Spheroids\26052025\28052025 after laser\Analysis\2025-05-28_162107_tube4_segmentationDebug\6_0901_0_segmented.tiff;2484.5;(63. 67);199.4385985136032;0.9477398436009918;56.24378764712163;0.7849291138117999;0.951867615642776;1129.517534842438;0.97214626391097;0.8837930352029626;0.8044399214617551;4.287535591347583;62.0;Dead
3;Tube 4;710010.0;710010.0;0.0;1001.0;False;G:\Experiments\PTT\Spheroids\26052025\27052025\Analysis\2025-05-27_113959_tube4_cropped_8bits2\7_1001_0_8bits.tiff;G:\Experiments\PTT\Spheroids\26052025\27052025\Analysis\2025-05-27_113959_tube4_segmentationDebug2\7_1001_0_segmented.tiff;1708.0;(77. 74);171.396968483924;0.920258620689655;46.6336052906877;0.730619834238107;0.858049305289093;1265.73652799869;0.961495201166641;0.918154189554012;0.880831338426158;;;;;;;;;;;;;;;;;;;;;;;;;;;;;;;;;;;;;
3;Tube 4;805010.0;;;;;;;;;;;;;;;;;;;;;;;;;;;;;;;;;;;805010.0;0.0;501.0;False;E:\Experiments\PTT\Spheroids\26052025\28052025 after laser\Analysis\2025-05-28_162107_tube4_cropped_8bits\7_0501_0_8bits.tiff;E:\Experiments\PTT\Spheroids\26052025\28052025 after laser\Analysis\2025-05-28_162107_tube4_segmentationDebug\7_0501_0_segmented.tiff;2748.5;(74. 80);207.4385985136032;0.960846005943017;59.15656251595925;0.8026504732596851;0.8938519671948636;991.1959034369886;0.9595598941648684;0.8713050675609108;0.849693606736209;110.11431728358335;55.0;Alive
3;Tube 4;806010.0;;;;;;;;;;;;;;;;;;806010.0;0.0;601.0;False;G:\Experiments\PTT\Spheroids\26052025\28052025 before laser\Analysis\2025-05-28_105529_tube4_cropped_8bits2\8_0601_0_8bits.tiff;G:\Experiments\PTT\Spheroids\26052025\28052025 before laser\Analysis\2025-05-28_105529_tube4_segmentationDebug2\8_0601_0_segmented.tiff;2852.5;(76. 81);233.923880457878;0.90569931735196;60.2653781317022;0.655068019750317;0.935187473963355;976.019023047039;0.948098558648909;0.865080663955777;0.884843268100514;;;;;;;;;;;;;;;;;;;;
3;Tube 4;807010.0;807010.0;0.0;701.0;False;G:\Experiments\PTT\Spheroids\26052025\27052025\Analysis\2025-05-27_113959_tube4_cropped_8bits2\8_0701_0_8bits.tiff;G:\Experiments\PTT\Spheroids\26052025\27052025\Analysis\2025-05-27_113959_tube4_segmentationDebug2\8_0701_0_segmented.tiff;1641.0;(77. 74);176.367530584335;0.916503769896676;45.7098030285671;0.662950613351462;0.963363456168378;1021.31500560972;0.962418180439478;0.920875456336963;0.880056047370191;;;;;;;;;;;;;;;;;;;;;;;;;;;;;;;;;;;;;
3;Tube 4;902020.0;;;;;;;;;;;;;;;;;;;;;;;;;;;;;;;;;;;902020.0;0.0;202.0;False;E:\Experiments\PTT\Spheroids\26052025\28052025 after laser\Analysis\2025-05-28_162107_tube4_cropped_8bits\8_0202_0_8bits.tiff;E:\Experiments\PTT\Spheroids\26052025\28052025 after laser\Analysis\2025-05-28_162107_tube4_segmentationDebug\8_0202_0_segmented.tiff;3023.5;(73. 77);232.6101710796356;0.9237702413687748;62.04546529365998;0.702202603854015;0.9725259859569988;923.1688313581876;0.9563339896731132;0.8582722212687188;0.8774969331183861;3.801793378946921;55.0;Dead
3;Tube 4;903010.0;903010.0;0.0;301.0;False;G:\Experiments\PTT\Spheroids\26052025\27052025\Analysis\2025-05-27_113959_tube4_cropped_8bits2\9_0301_0_8bits.tiff;G:\Experiments\PTT\Spheroids\26052025\27052025\Analysis\2025-05-27_113959_tube4_segmentationDebug2\9_0301_0_segmented.tiff;1618.5;(73. 72);180.468036293983;0.872506738544474;45.3953544226043;0.624484958509412;0.850143245170187;1145.93457541537;0.970633163721221;0.921812831678045;0.885820047240502;;;;;;;;;;;;;;;;;;;;;;;;;;;;;;;;;;;;;
3;Tube 4;904010.0;;;;;;;;;;;;;;;;;;904010.0;0.0;401.0;False;G:\Experiments\PTT\Spheroids\26052025\28052025 before laser\Analysis\2025-05-28_105529_tube4_cropped_8bits2\9_0401_0_8bits.tiff;G:\Experiments\PTT\Spheroids\26052025\28052025 before laser\Analysis\2025-05-28_105529_tube4_segmentationDebug2\9_0401_0_segmented.tiff;2461.5;(76. 74);197.923879504203;0.960397971127584;55.9828468315572;0.789611226119592;0.936783813557986;1092.98368284589;0.950629953205319;0.883804134301915;0.868913866906225;;;;;;;;;;;;;;;;;;;;
3;Tube 5;1002030.0;1002030.0;0.0;203.0;False;G:\Experiments\PTT\Spheroids\26052025\27052025\Analysis\2025-05-27_115047_tube5_cropped_8bits2\10_0203_0_8bits.tiff;G:\Experiments\PTT\Spheroids\26052025\27052025\Analysis\2025-05-27_115047_tube5_segmentationDebug2\10_0203_0_segmented.tiff;1461.5;(69. 71);161.296463251113;0.926172370088719;43.1374500246646;0.705925701845534;0.866452458074046;768.004966235468;0.964956679112225;0.929180192921979;0.877309756132835;;;;;;;;;;;;;;;;;;;;;;;;;;;;;;;;;;;;;
3;Tube 5;1002040.0;;;;;;;;;;;;;;;;;;1002040.0;0.0;204.0;False;G:\Experiments\PTT\Spheroids\26052025\28052025 before laser\Analysis\2025-05-28_110536_tube5_cropped_8bits2\10_0204_0_8bits.tiff;G:\Experiments\PTT\Spheroids\26052025\28052025 before laser\Analysis\2025-05-28_110536_tube5_segmentationDebug2\10_0204_0_segmented.tiff;2342.5;(75. 73);193.923879146575;0.945891378962245;54.6128522743696;0.782756862239574;0.824295370749564;1105.93999788921;0.950017910312072;0.889049607046546;0.869596756808319;1002040.0;0.0;204.0;False;E:\Experiments\PTT\Spheroids\26052025\28052025 after laser\Analysis\2025-05-28_161005_tube5_cropped_8bits\10_0204_0_8bits.tiff;E:\Experiments\PTT\Spheroids\26052025\28052025 after laser\Analysis\2025-05-28_161005_tube5_segmentationDebug\10_0204_0_segmented.tiff;2465.5;(72. 78);201.43859839439392;0.9455417066155322;56.0283151410476;0.763535948163305;0.8837978628291935;1149.546821993927;0.9602042641019346;0.8838402824214414;0.8575392962969596;100.1699885257745;54.0;Alive
3;Tube 5;104050.0;104050.0;0.0;405.0;False;G:\Experiments\PTT\Spheroids\26052025\27052025\Analysis\2025-05-27_115047_tube5_cropped_8bits2\1_0405_0_8bits.tiff;G:\Experiments\PTT\Spheroids\26052025\27052025\Analysis\2025-05-27_115047_tube5_segmentationDebug2\1_0405_0_segmented.tiff;1940.5;(70. 80);188.811182141304;0.914467483506126;49.7063510686369;0.684018878890419;0.805919282920725;909.301232993197;0.968161486616441;0.907466428596493;0.896034477877771;104050.0;0.0;405.0;False;G:\Experiments\PTT\Spheroids\26052025\28052025 before laser\Analysis\2025-05-28_110536_tube5_cropped_8bits2\1_0405_0_8bits.tiff;G:\Experiments\PTT\Spheroids\26052025\28052025 before laser\Analysis\2025-05-28_110536_tube5_segmentationDebug2\1_0405_0_segmented.tiff;2799.5;(77. 74);214.610171556472;0.944978902953586;59.7028818859365;0.763817725184138;0.964546492104986;1186.19379390256;0.945075840282603;0.868173877870969;0.875969017553509;104050.0;0.0;405.0;False;E:\Experiments\PTT\Spheroids\26052025\28052025 after laser\Analysis\2025-05-28_161005_tube5_cropped_8bits\1_0405_0_8bits.tiff;E:\Experiments\PTT\Spheroids\26052025\28052025 after laser\Analysis\2025-05-28_161005_tube5_segmentationDebug\1_0405_0_segmented.tiff;2643.5;(75. 75);216.75230658054352;0.923170944648158;58.01559046073221;0.7070688801403477;0.9593467226734198;1012.4313940488476;0.9494603427160432;0.8750624676431823;0.8480364929945338;101.77638009434362;37.0;Alive
3;Tube 5;1102070.0;;;;;;;;;;;;;;;;;;1102070.0;0.0;207.0;False;G:\Experiments\PTT\Spheroids\26052025\28052025 before laser\Analysis\2025-05-28_110536_tube5_cropped_8bits2\11_0207_0_8bits.tiff;G:\Experiments\PTT\Spheroids\26052025\28052025 before laser\Analysis\2025-05-28_110536_tube5_segmentationDebug2\11_0207_0_segmented.tiff;2251.5;(74. 75);194.124890327453;0.94521410579345;53.5415617531952;0.75079153700013;0.971084590378417;964.622467704965;0.955116657154113;0.893128565266815;0.877122203153664;1102070.0;0.0;207.0;False;E:\Experiments\PTT\Spheroids\26052025\28052025 after laser\Analysis\2025-05-28_161005_tube5_cropped_8bits\11_0207_0_8bits.tiff;E:\Experiments\PTT\Spheroids\26052025\28052025 after laser\Analysis\2025-05-28_161005_tube5_segmentationDebug\11_0207_0_segmented.tiff;2494.5;(71. 85);217.09545278549197;0.913234486545854;56.35686332951705;0.6651076122055868;0.859716339900751;1101.241596641949;0.9606080953315064;0.8820165873517615;0.8686810993584666;3.962432535803833;63.0;Dead
3;Tube 5;1202090.0;1202090.0;0.0;209.0;False;G:\Experiments\PTT\Spheroids\26052025\27052025\Analysis\2025-05-27_115047_tube5_cropped_8bits2\12_0209_0_8bits.tiff;G:\Experiments\PTT\Spheroids\26052025\27052025\Analysis\2025-05-27_115047_tube5_segmentationDebug2\12_0209_0_segmented.tiff;1562.5;(77. 70);157.781744360923;0.951873286628084;44.6031029038192;0.788708250350284;0.926260717811499;846.948815394651;0.973318118507222;0.925166422828337;0.900445442138654;;;;;;;;;;;;;;;;;;;;;;;;;;;;;;;;;;;;;
3;Tube 5;1202100.0;;;;;;;;;;;;;;;;;;1202100.0;0.0;210.0;False;G:\Experiments\PTT\Spheroids\26052025\28052025 before laser\Analysis\2025-05-28_110536_tube5_cropped_8bits2\12_0210_0_8bits.tiff;G:\Experiments\PTT\Spheroids\26052025\28052025 before laser\Analysis\2025-05-28_110536_tube5_segmentationDebug2\12_0210_0_segmented.tiff;2300.0;(76. 72);190.367531061172;0.958533027714107;54.1151637980601;0.797539028898956;0.948885209849544;863.373680605623;0.959740801861984;0.891161977440063;0.912645948476866;1202100.0;0.0;210.0;False;E:\Experiments\PTT\Spheroids\26052025\28052025 after laser\Analysis\2025-05-28_161005_tube5_cropped_8bits\12_0210_0_8bits.tiff;E:\Experiments\PTT\Spheroids\26052025\28052025 after laser\Analysis\2025-05-28_161005_tube5_segmentationDebug\12_0210_0_segmented.tiff;2848.0;(78. 76);219.6812390089035;0.9349967170059094;60.21782313738802;0.7415900775320801;0.9212953296494696;915.7673692187948;0.9568224757635098;0.8664712307029717;0.8971457767355556;83.64710382049212;43.0;Alive
3;Tube 5;1302120.0;1302120.0;0.0;212.0;False;G:\Experiments\PTT\Spheroids\26052025\27052025\Analysis\2025-05-27_115047_tube5_cropped_8bits2\13_0212_0_8bits.tiff;G:\Experiments\PTT\Spheroids\26052025\27052025\Analysis\2025-05-27_115047_tube5_segmentationDebug2\13_0212_0_segmented.tiff;1568.5;(76. 76);167.154327988624;0.910859465737514;44.6886588064254;0.705438463007158;0.943959806049435;804.439055318155;0.970938983710243;0.924509113438744;0.899075120988771;;;;;;;;;;;;;;;;;;;;;;;;;;;;;;;;;;;;;
3;Tube 5;1302130.0;;;;;;;;;;;;;;;;;;1302130.0;0.0;213.0;False;G:\Experiments\PTT\Spheroids\26052025\28052025 before laser\Analysis\2025-05-28_110536_tube5_cropped_8bits2\13_0213_0_8bits.tiff;G:\Experiments\PTT\Spheroids\26052025\28052025 before laser\Analysis\2025-05-28_110536_tube5_segmentationDebug2\13_0213_0_segmented.tiff;2343.5;(76. 73);207.781744480133;0.922456209407597;54.6245079894259;0.68211884111144;0.788171274069486;1205.36131931312;0.952186494702415;0.888961767252998;0.868576988907299;1302130.0;0.0;213.0;False;E:\Experiments\PTT\Spheroids\26052025\28052025 after laser\Analysis\2025-05-28_161005_tube5_cropped_8bits\13_0213_0_8bits.tiff;E:\Experiments\PTT\Spheroids\26052025\28052025 after laser\Analysis\2025-05-28_161005_tube5_segmentationDebug\13_0213_0_segmented.tiff;2520.0;(71. 79);217.53910386562347;0.906148867313916;56.64418463295778;0.669168878126014;0.9603896646516428;1158.4326815491972;0.9674310204401004;0.8811816648545205;0.8826440243085292;7.840720751349283;76.0;Dead
3;Tube 5;1402150.0;1402150.0;0.0;215.0;False;G:\Experiments\PTT\Spheroids\26052025\27052025\Analysis\2025-05-27_115047_tube5_cropped_8bits2\14_0215_0_8bits.tiff;G:\Experiments\PTT\Spheroids\26052025\27052025\Analysis\2025-05-27_115047_tube5_segmentationDebug2\14_0215_0_segmented.tiff;1798.0;(72. 74);187.053822755813;0.909228824273072;47.8464701042179;0.645752914713117;0.785098624388486;755.106830124757;0.975497474309318;0.913948696930354;0.924122888672493;;;;;;;;;;;;;;;;;;;;;;;;;;;;;;;;;;;;;
3;Tube 5;1402160.0;;;;;;;;;;;;;;;;;;1402160.0;0.0;216.0;False;G:\Experiments\PTT\Spheroids\26052025\28052025 before laser\Analysis\2025-05-28_110536_tube5_cropped_8bits2\14_0216_0_8bits.tiff;G:\Experiments\PTT\Spheroids\26052025\28052025 before laser\Analysis\2025-05-28_110536_tube5_segmentationDebug2\14_0216_0_segmented.tiff;2536.0;(68. 70);210.024384856224;0.933554205779495;56.8237229108439;0.722469754502524;0.803704839303384;1203.19346989291;0.940907898995224;0.879631584754252;0.848858992139901;1402160.0;0.0;216.0;False;E:\Experiments\PTT\Spheroids\26052025\28052025 after laser\Analysis\2025-05-28_161005_tube5_cropped_8bits\14_0216_0_8bits.tiff;E:\Experiments\PTT\Spheroids\26052025\28052025 after laser\Analysis\2025-05-28_161005_tube5_segmentationDebug\14_0216_0_segmented.tiff;2859.5;(72. 76);215.9238795042038;0.9440409376031692;60.33927807133756;0.7707235258084112;0.9112826024624108;1112.0827704219016;0.944316386963051;0.865651176352785;0.8437601161613294;104.07122519229952;46.0;Alive
3;Tube 5;1502180.0;1502180.0;0.0;218.0;False;G:\Experiments\PTT\Spheroids\26052025\27052025\Analysis\2025-05-27_115047_tube5_cropped_8bits2\15_0218_0_8bits.tiff;G:\Experiments\PTT\Spheroids\26052025\27052025\Analysis\2025-05-27_115047_tube5_segmentationDebug2\15_0218_0_segmented.tiff;1319.0;(74. 71);147.882249474525;0.92952783650458;40.9805192683753;0.757918596800453;0.965040122778751;902.500140851174;0.970904653117997;0.9360622602103;0.879193942873778;;;;;;;;;;;;;;;;;;;;;;;;;;;;;;;;;;;;;
3;Tube 5;1502190.0;;;;;;;;;;;;;;;;;;1502190.0;0.0;219.0;False;G:\Experiments\PTT\Spheroids\26052025\28052025 before laser\Analysis\2025-05-28_110536_tube5_cropped_8bits2\15_0219_0_8bits.tiff;G:\Experiments\PTT\Spheroids\26052025\28052025 before laser\Analysis\2025-05-28_110536_tube5_segmentationDebug2\15_0219_0_segmented.tiff;2049.0;(72. 77);183.195957779884;0.9488307478583;51.0770773161733;0.767220235679701;0.854196279290055;930.341016701473;0.953919020516492;0.902568713683445;0.87649777887146;1502190.0;0.0;219.0;False;E:\Experiments\PTT\Spheroids\26052025\28052025 after laser\Analysis\2025-05-28_161005_tube5_cropped_8bits\15_0219_0_8bits.tiff;E:\Experiments\PTT\Spheroids\26052025\28052025 after laser\Analysis\2025-05-28_161005_tube5_segmentationDebug\15_0219_0_segmented.tiff;2286.0;(72. 73);217.19595789909363;0.8931431920296933;53.95021407987722;0.6089513714067882;0.9442981296660358;1102.4872055258566;0.9611034885568004;0.8910068765490113;0.842416720710405;5.81360758148825;69.0;Dead
3;Tube 5;1602210.0;1602210.0;0.0;221.0;False;G:\Experiments\PTT\Spheroids\26052025\27052025\Analysis\2025-05-27_115047_tube5_cropped_8bits2\16_0221_0_8bits.tiff;G:\Experiments\PTT\Spheroids\26052025\27052025\Analysis\2025-05-27_115047_tube5_segmentationDebug2\16_0221_0_segmented.tiff;1281.5;(77. 79);142.811181902885;0.951020408163265;40.3937677937836;0.789594378599017;0.952692003384678;968.873535765066;0.97210055574114;0.937954464481862;0.878185111966505;;;;;;;;;;;;;;;;;;;;;;;;;;;;;;;;;;;;;
3;Tube 5;1602220.0;;;;;;;;;;;;;;;;;;1602220.0;0.0;222.0;False;G:\Experiments\PTT\Spheroids\26052025\28052025 before laser\Analysis\2025-05-28_110536_tube5_cropped_8bits2\16_0222_0_8bits.tiff;G:\Experiments\PTT\Spheroids\26052025\28052025 before laser\Analysis\2025-05-28_110536_tube5_segmentationDebug2\16_0222_0_segmented.tiff;2102.5;(76. 74);184.953317403793;0.948139797068771;51.7395993684303;0.772363279037128;0.965697405603482;1069.97989030577;0.953094508482632;0.900063791440013;0.867639167562772;;;;;;;;;;;;;;;;;;;;
3;Tube 5;1703240.0;1703240.0;0.0;324.0;False;G:\Experiments\PTT\Spheroids\26052025\27052025\Analysis\2025-05-27_115047_tube5_cropped_8bits2\17_0324_0_8bits.tiff;G:\Experiments\PTT\Spheroids\26052025\27052025\Analysis\2025-05-27_115047_tube5_segmentationDebug2\17_0324_0_segmented.tiff;1421.0;(72. 77);152.568540930748;0.941371315004968;42.5355544582254;0.76713881277424;0.947324799008204;782.699486188912;0.963828316811192;0.931429942862172;0.890120936396666;1703240.0;0.0;324.0;False;G:\Experiments\PTT\Spheroids\26052025\28052025 before laser\Analysis\2025-05-28_110536_tube5_cropped_8bits2\17_0324_0_8bits.tiff;G:\Experiments\PTT\Spheroids\26052025\28052025 before laser\Analysis\2025-05-28_110536_tube5_segmentationDebug2\17_0324_0_segmented.tiff;1724.0;(69. 70);171.539104104042;0.935431361909929;46.8515205209331;0.73624244349423;0.942475270464338;1076.77588820064;0.959287530609259;0.917318829803964;0.849163857019391;;;;;;;;;;;;;;;;;;;;
3;Tube 5;1705240.0;;;;;;;;;;;;;;;;;;;;;;;;;;;;;;;;;;;1705240.0;0.0;524.0;False;E:\Experiments\PTT\Spheroids\26052025\28052025 after laser\Analysis\2025-05-28_161005_tube5_cropped_8bits\17_0524_0_8bits.tiff;E:\Experiments\PTT\Spheroids\26052025\28052025 after laser\Analysis\2025-05-28_161005_tube5_segmentationDebug\17_0524_0_segmented.tiff;2092.0;(76. 87);189.1959580183029;0.9341370841705738;51.61024246780827;0.7344256501978463;0.8838117940236174;1282.0024447934095;0.9668739988986648;0.9007382003039176;0.8509819510827087;9.380179337894692;74.0;Dead
3;Tube 5;1806240.0;1806240.0;0.0;624.0;False;G:\Experiments\PTT\Spheroids\26052025\27052025\Analysis\2025-05-27_115047_tube5_cropped_8bits2\18_0624_0_8bits.tiff;G:\Experiments\PTT\Spheroids\26052025\27052025\Analysis\2025-05-27_115047_tube5_segmentationDebug2\18_0624_0_segmented.tiff;1279.0;(76. 77);150.225395441055;0.926811594202898;40.3543476928604;0.712186433860942;0.937326990159048;696.767379512043;0.968417877385905;0.937818489293377;0.892303982080421;;;;;;;;;;;;;;;;;;;;;;;;;;;;;;;;;;;;;
3;Tube 5;1807240.0;;;;;;;;;;;;;;;;;;1807240.0;0.0;724.0;False;G:\Experiments\PTT\Spheroids\26052025\28052025 before laser\Analysis\2025-05-28_110536_tube5_cropped_8bits2\18_0724_0_8bits.tiff;G:\Experiments\PTT\Spheroids\26052025\28052025 before laser\Analysis\2025-05-28_110536_tube5_segmentationDebug2\18_0724_0_segmented.tiff;1804.5;(77. 66);175.982754945755;0.932799172912897;47.9328776360714;0.732194607658777;0.900542148176644;936.841405520169;0.964751792866455;0.913676905826819;0.899721777029941;1807240.0;0.0;724.0;False;E:\Experiments\PTT\Spheroids\26052025\28052025 after laser\Analysis\2025-05-28_161005_tube5_cropped_8bits\18_0724_0_8bits.tiff;E:\Experiments\PTT\Spheroids\26052025\28052025 after laser\Analysis\2025-05-28_161005_tube5_segmentationDebug\18_0724_0_segmented.tiff;2064.5;(74. 72);193.78174436092377;0.9193943442440436;51.26990384334403;0.6908742868603961;0.9133196798048692;963.952609817384;0.9574597239545348;0.9014593011181103;0.8374951096908582;78.6749394415877;53.0;Alive
3;Tube 5;1909240.0;1909240.0;0.0;924.0;False;G:\Experiments\PTT\Spheroids\26052025\27052025\Analysis\2025-05-27_115047_tube5_cropped_8bits2\19_0924_0_8bits.tiff;G:\Experiments\PTT\Spheroids\26052025\27052025\Analysis\2025-05-27_115047_tube5_segmentationDebug2\19_0924_0_segmented.tiff;1347.5;(81. 76);146.811181902885;0.954658165072617;41.4208919089223;0.785634176805508;0.898867439130637;833.710908422422;0.965580778919486;0.934914437304212;0.87948730256911;;;;;;;;;;;;;;;;;;;;;;;;;;;;;;;;;;;;;
3;Tube 5;1910240.0;;;;;;;;;;;;;;;;;;1910240.0;0.0;1024.0;False;G:\Experiments\PTT\Spheroids\26052025\28052025 before laser\Analysis\2025-05-28_110536_tube5_cropped_8bits2\19_1024_0_8bits.tiff;G:\Experiments\PTT\Spheroids\26052025\28052025 before laser\Analysis\2025-05-28_110536_tube5_segmentationDebug2\19_1024_0_segmented.tiff;2103.5;(72. 74);185.781744599342;0.945393258426966;51.7519022099711;0.765854567308412;0.894316104486598;952.991269259875;0.95208947790489;0.900008341816702;0.880309572677473;;;;;;;;;;;;;;;;;;;;
3;Tube 5;1911240.0;;;;;;;;;;;;;;;;;;;;;;;;;;;;;;;;;;;1911240.0;0.0;1124.0;False;E:\Experiments\PTT\Spheroids\26052025\28052025 after laser\Analysis\2025-05-28_161005_tube5_cropped_8bits\19_1124_0_8bits.tiff;E:\Experiments\PTT\Spheroids\26052025\28052025 after laser\Analysis\2025-05-28_161005_tube5_segmentationDebug\19_1124_0_segmented.tiff;2490.0;(76. 76);209.3969683647156;0.9392682006789892;56.30600737390776;0.7136223309827896;0.937220142704273;902.102588205803;0.952646336494106;0.8820789286627094;0.8780726865504279;4.70443245080957;59.0;Dead
3;Tube 5;2012240.0;2012240.0;0.0;1224.0;False;G:\Experiments\PTT\Spheroids\26052025\27052025\Analysis\2025-05-27_115047_tube5_cropped_8bits2\20_1224_0_8bits.tiff;G:\Experiments\PTT\Spheroids\26052025\27052025\Analysis\2025-05-27_115047_tube5_segmentationDebug2\20_1224_0_segmented.tiff;1307.0;(78. 76);145.740114331245;0.940287769784172;40.7936770219216;0.773263017426366;0.891396115968626;834.009081473793;0.968091048742939;0.936752695143881;0.884017400130409;2012240.0;0.0;1224.0;False;G:\Experiments\PTT\Spheroids\26052025\28052025 before laser\Analysis\2025-05-28_110536_tube5_cropped_8bits2\20_1224_0_8bits.tiff;G:\Experiments\PTT\Spheroids\26052025\28052025 before laser\Analysis\2025-05-28_110536_tube5_segmentationDebug2\20_1224_0_segmented.tiff;1907.5;(74. 78);171.781744480133;0.952321517723414;49.2818874596166;0.812307369096107;0.928195506503047;1051.25443143812;0.955274204604988;0.909156187103615;0.861435505403439;;;;;;;;;;;;;;;;;;;;
3;Tube 5;207050.0;207050.0;0.0;705.0;False;G:\Experiments\PTT\Spheroids\26052025\27052025\Analysis\2025-05-27_115047_tube5_cropped_8bits2\2_0705_0_8bits.tiff;G:\Experiments\PTT\Spheroids\26052025\27052025\Analysis\2025-05-27_115047_tube5_segmentationDebug2\2_0705_0_segmented.tiff;1898.5;(69. 73);206.267025709152;0.86138838475499;49.1654886651165;0.56073911640884;0.819894934316078;567.237876942442;0.969817226087577;0.908479427836214;0.889159048009308;207050.0;0.0;705.0;False;G:\Experiments\PTT\Spheroids\26052025\28052025 before laser\Analysis\2025-05-28_110536_tube5_cropped_8bits2\2_0705_0_8bits.tiff;G:\Experiments\PTT\Spheroids\26052025\28052025 before laser\Analysis\2025-05-28_110536_tube5_segmentationDebug2\2_0705_0_segmented.tiff;3086.5;(76. 71);250.267025232315;0.902617341716625;62.6885464405187;0.619254088215787;0.953280214326619;1219.1912287099;0.928665910651859;0.854081559232418;0.874098074008481;;;;;;;;;;;;;;;;;;;;
3;Tube 5;208050.0;;;;;;;;;;;;;;;;;;;;;;;;;;;;;;;;;;;208050.0;0.0;805.0;False;E:\Experiments\PTT\Spheroids\26052025\28052025 after laser\Analysis\2025-05-28_161005_tube5_cropped_8bits\2_0805_0_8bits.tiff;E:\Experiments\PTT\Spheroids\26052025\28052025 after laser\Analysis\2025-05-28_161005_tube5_segmentationDebug\2_0805_0_segmented.tiff;2849.0;(77. 38);224.50966608524325;0.9168141592920354;60.22839415882245;0.7102843166189807;0.9934636860089082;992.5280243303891;0.939815663491394;0.8429911234561314;0.8749420061214722;109.27287408099953;37.0;Alive
3;Tube 5;310050.0;310050.0;0.0;1005.0;False;G:\Experiments\PTT\Spheroids\26052025\27052025\Analysis\2025-05-27_115047_tube5_cropped_8bits2\3_1005_0_8bits.tiff;G:\Experiments\PTT\Spheroids\26052025\27052025\Analysis\2025-05-27_115047_tube5_segmentationDebug2\3_1005_0_segmented.tiff;1654.5;(74. 76);170.610171198844;0.915605976757055;45.8974381285527;0.714277217248199;0.880387470035564;720.218847431638;0.972434332340546;0.920429867257258;0.892062189025386;310050.0;0.0;1005.0;False;G:\Experiments\PTT\Spheroids\26052025\28052025 before laser\Analysis\2025-05-28_110536_tube5_cropped_8bits2\3_1005_0_8bits.tiff;G:\Experiments\PTT\Spheroids\26052025\28052025 before laser\Analysis\2025-05-28_110536_tube5_segmentationDebug2\3_1005_0_segmented.tiff;2505.5;(78. 73);214.953317284584;0.91441605839416;56.4809851129913;0.681421712365558;0.977259308165841;1064.7257357808;0.947879283651191;0.881122368732283;0.875433264014222;;;;;;;;;;;;;;;;;;;;
3;Tube 5;311050.0;;;;;;;;;;;;;;;;;;;;;;;;;;;;;;;;;;;311050.0;0.0;1105.0;False;E:\Experiments\PTT\Spheroids\26052025\28052025 after laser\Analysis\2025-05-28_161005_tube5_cropped_8bits\3_1105_0_8bits.tiff;E:\Experiments\PTT\Spheroids\26052025\28052025 after laser\Analysis\2025-05-28_161005_tube5_segmentationDebug\3_1105_0_segmented.tiff;2546.0;(69. 71);197.6812391281128;0.9629349470499244;56.93564683830091;0.8187236842349055;0.9670243656253048;1128.7848745812216;0.951312706590401;0.8801068785393953;0.8496250773979785;98.64009179380392;37.0;Alive
3;Tube 5;413050.0;413050.0;0.0;1305.0;False;G:\Experiments\PTT\Spheroids\26052025\27052025\Analysis\2025-05-27_115047_tube5_cropped_8bits2\4_1305_0_8bits.tiff;G:\Experiments\PTT\Spheroids\26052025\27052025\Analysis\2025-05-27_115047_tube5_segmentationDebug2\4_1305_0_segmented.tiff;2175.5;(74. 81);194.124890208244;0.926730564430244;52.6301494351987;0.725448363646375;0.863449314450604;1082.47369800228;0.954135596183151;0.896487440901302;0.888777576683871;413050.0;0.0;1305.0;False;G:\Experiments\PTT\Spheroids\26052025\28052025 before laser\Analysis\2025-05-28_110536_tube5_cropped_8bits2\4_1305_0_8bits.tiff;G:\Experiments\PTT\Spheroids\26052025\28052025 before laser\Analysis\2025-05-28_110536_tube5_segmentationDebug2\4_1305_0_segmented.tiff;3023.5;(78. 77);245.781744480133;0.895056246299585;62.0454652936599;0.628956474606173;0.920824292128548;1112.03334301878;0.937263333213346;0.857233424413943;0.880775549109766;;;;;;;;;;;;;;;;;;;;
3;Tube 5;415040.0;;;;;;;;;;;;;;;;;;;;;;;;;;;;;;;;;;;415040.0;0.0;1504.0;False;E:\Experiments\PTT\Spheroids\26052025\28052025 after laser\Analysis\2025-05-28_161005_tube5_cropped_8bits\4_1504_0_8bits.tiff;E:\Experiments\PTT\Spheroids\26052025\28052025 after laser\Analysis\2025-05-28_161005_tube5_segmentationDebug\4_1504_0_segmented.tiff;2975.5;(76. 76);228.9533174037933;0.9311531841652324;61.550989150130455;0.7133060990762061;0.950142264668816;887.2576908133774;0.9441844843875792;0.8600533120528591;0.8705236628311059;117.76380094343631;37.0;Alive
3;Tube 5;515020.0;;;;;;;;;;;;;;;;;;;;;;;;;;;;;;;;;;;515020.0;0.0;1502.0;False;E:\Experiments\PTT\Spheroids\26052025\28052025 after laser\Analysis\2025-05-28_161005_tube5_cropped_8bits\5_1502_0_8bits.tiff;E:\Experiments\PTT\Spheroids\26052025\28052025 after laser\Analysis\2025-05-28_161005_tube5_segmentationDebug\5_1502_0_segmented.tiff;2771.0;(70. 77);215.0538227558136;0.9380501015572106;59.398205178785794;0.7529255866597913;0.9475872122164802;1037.3976194951665;0.9449268922791536;0.8695008190041617;0.8464458408421013;102.69431813352598;37.0;Alive
3;Tube 5;515030.0;515030.0;0.0;1503.0;False;G:\Experiments\PTT\Spheroids\26052025\27052025\Analysis\2025-05-27_115047_tube5_cropped_8bits2\5_1503_0_8bits.tiff;G:\Experiments\PTT\Spheroids\26052025\27052025\Analysis\2025-05-27_115047_tube5_segmentationDebug2\5_1503_0_segmented.tiff;1789.0;(75. 75);167.882249236106;0.949827448898327;47.7265706449898;0.797646835091975;0.921395658216916;1039.34721903281;0.963225070155034;0.914537821170981;0.884575065237574;515030.0;0.0;1503.0;False;G:\Experiments\PTT\Spheroids\26052025\28052025 before laser\Analysis\2025-05-28_110536_tube5_cropped_8bits2\5_1503_0_8bits.tiff;G:\Experiments\PTT\Spheroids\26052025\28052025 before laser\Analysis\2025-05-28_110536_tube5_segmentationDebug2\5_1503_0_segmented.tiff;3026.0;(76. 69);227.195957541465;0.937713046172916;62.0711113350534;0.736677809645295;0.915160981022598;1006.57379136872;0.942215944044636;0.85779813992259;0.875773069908069;;;;;;;;;;;;;;;;;;;;
3;Tube 5;612010.0;;;;;;;;;;;;;;;;;;612010.0;0.0;1201.0;False;G:\Experiments\PTT\Spheroids\26052025\28052025 before laser\Analysis\2025-05-28_110536_tube5_cropped_8bits2\6_1201_0_8bits.tiff;G:\Experiments\PTT\Spheroids\26052025\28052025 before laser\Analysis\2025-05-28_110536_tube5_segmentationDebug2\6_1201_0_segmented.tiff;2767.0;(74. 74);222.509666323661;0.92449047778149;59.3553183824515;0.702297719597362;0.951833562497234;995.426413237121;0.940807683889326;0.869192903197751;0.879701833457857;612010.0;0.0;1201.0;False;E:\Experiments\PTT\Spheroids\26052025\28052025 after laser\Analysis\2025-05-28_161005_tube5_cropped_8bits\6_1201_0_8bits.tiff;E:\Experiments\PTT\Spheroids\26052025\28052025 after laser\Analysis\2025-05-28_161005_tube5_segmentationDebug\6_1201_0_segmented.tiff;2588.0;(78. 70);208.0243853330612;0.9445255474452556;57.403344343118206;0.7515288223540031;0.8472862483081409;879.9279043373512;0.9533534552500208;0.8779762761237182;0.871448200506735;87.242361140623;37.0;Alive
3;Tube 5;613010.0;613010.0;0.0;1301.0;False;G:\Experiments\PTT\Spheroids\26052025\27052025\Analysis\2025-05-27_115047_tube5_cropped_8bits2\6_1301_0_8bits.tiff;G:\Experiments\PTT\Spheroids\26052025\27052025\Analysis\2025-05-27_115047_tube5_segmentationDebug2\6_1301_0_segmented.tiff;1586.5;(75. 76);154.953317403793;0.962974203338391;44.9443493414059;0.830325132460976;0.939897850487949;920.858454883685;0.972370720624964;0.924200037411944;0.872572448281837;;;;;;;;;;;;;;;;;;;;;;;;;;;;;;;;;;;;;
3;Tube 5;709010.0;;;;;;;;;;;;;;;;;;;;;;;;;;;;;;;;;;;709010.0;0.0;901.0;False;E:\Experiments\PTT\Spheroids\26052025\28052025 after laser\Analysis\2025-05-28_161005_tube5_cropped_8bits\7_0901_0_8bits.tiff;E:\Experiments\PTT\Spheroids\26052025\28052025 after laser\Analysis\2025-05-28_161005_tube5_segmentationDebug\7_0901_0_segmented.tiff;2625.0;(70. 73);204.5096662044525;0.9521218715995649;57.81222885281108;0.7886993665438372;0.9507549517664196;1271.112273142746;0.958849471213039;0.8765799402987191;0.8132694219676598;3.3810717776550083;64.0;Dead
3;Tube 5;710010.0;710010.0;0.0;1001.0;False;G:\Experiments\PTT\Spheroids\26052025\27052025\Analysis\2025-05-27_115047_tube5_cropped_8bits2\7_1001_0_8bits.tiff;G:\Experiments\PTT\Spheroids\26052025\27052025\Analysis\2025-05-27_115047_tube5_segmentationDebug2\7_1001_0_segmented.tiff;1782.5;(72. 73);166.953317761421;0.950666666666666;47.6397889215561;0.803617331705427;0.861086998435431;1067.53158884087;0.966798954780952;0.915070092056381;0.883869702876993;710010.0;0.0;1001.0;False;G:\Experiments\PTT\Spheroids\26052025\28052025 before laser\Analysis\2025-05-28_110536_tube5_cropped_8bits2\7_1001_0_8bits.tiff;G:\Experiments\PTT\Spheroids\26052025\28052025 before laser\Analysis\2025-05-28_110536_tube5_segmentationDebug2\7_1001_0_segmented.tiff;2668.5;(74. 77);216.953317165374;0.927528675703858;58.2892762446556;0.712433744377555;0.899729326543171;1222.96253026243;0.942588585471053;0.873768816511092;0.878143321369107;;;;;;;;;;;;;;;;;;;;
3;Tube 5;806010.0;;;;;;;;;;;;;;;;;;806010.0;0.0;601.0;False;G:\Experiments\PTT\Spheroids\26052025\28052025 before laser\Analysis\2025-05-28_110536_tube5_cropped_8bits2\8_0601_0_8bits.tiff;G:\Experiments\PTT\Spheroids\26052025\28052025 before laser\Analysis\2025-05-28_110536_tube5_segmentationDebug2\8_0601_0_segmented.tiff;2269.0;(73. 79);195.053822517395;0.93993371996686;53.749237455094;0.749437514099766;0.9636192362312;1255.68091891943;0.958464950208587;0.892295781191349;0.856056575395784;806010.0;0.0;601.0;False;E:\Experiments\PTT\Spheroids\26052025\28052025 after laser\Analysis\2025-05-28_161005_tube5_cropped_8bits\8_0601_0_8bits.tiff;E:\Experiments\PTT\Spheroids\26052025\28052025 after laser\Analysis\2025-05-28_161005_tube5_segmentationDebug\8_0601_0_segmented.tiff;2755.5;(77. 81);215.78174424171448;0.9477214101461736;59.23184587295707;0.7436710591295259;0.9486805012360316;1132.164343207921;0.9478590391174678;0.8701836315817498;0.8434168345732392;105.29514257787599;56.0;Alive
3;Tube 5;807010.0;807010.0;0.0;701.0;False;G:\Experiments\PTT\Spheroids\26052025\27052025\Analysis\2025-05-27_115047_tube5_cropped_8bits2\8_0701_0_8bits.tiff;G:\Experiments\PTT\Spheroids\26052025\27052025\Analysis\2025-05-27_115047_tube5_segmentationDebug2\8_0701_0_segmented.tiff;1804.5;(76. 76);178.468036293983;0.930874387412948;47.9328776360714;0.711944042569205;0.849615031214425;945.79202162551;0.960055392111987;0.913253367519763;0.890683299787448;;;;;;;;;;;;;;;;;;;;;;;;;;;;;;;;;;;;;
3;Tube 5;903010.0;;;;;;;;;;;;;;;;;;903010.0;0.0;301.0;False;G:\Experiments\PTT\Spheroids\26052025\28052025 before laser\Analysis\2025-05-28_110536_tube5_cropped_8bits2\9_0301_0_8bits.tiff;G:\Experiments\PTT\Spheroids\26052025\28052025 before laser\Analysis\2025-05-28_110536_tube5_segmentationDebug2\9_0301_0_segmented.tiff;1975.5;(75. 76);186.610171079635;0.921408582089552;50.1526142950127;0.712879746111952;0.865308564488366;1067.24473289279;0.959114350446824;0.90562007435332;0.867606506038836;903010.0;0.0;301.0;False;E:\Experiments\PTT\Spheroids\26052025\28052025 after laser\Analysis\2025-05-28_161005_tube5_cropped_8bits\9_0301_0_8bits.tiff;E:\Experiments\PTT\Spheroids\26052025\28052025 after laser\Analysis\2025-05-28_161005_tube5_segmentationDebug\9_0301_0_segmented.tiff;2160.5;(72. 77);195.2964632511139;0.9262593783494104;52.44839403070717;0.7118285091834806;0.8658759560941675;1350.4840334436246;0.9617497955033047;0.8973615124844081;0.8367895991992613;3.958607793973907;62.0;Dead
3;Tube 5;904010.0;904010.0;0.0;401.0;False;G:\Experiments\PTT\Spheroids\26052025\27052025\Analysis\2025-05-27_115047_tube5_cropped_8bits2\9_0401_0_8bits.tiff;G:\Experiments\PTT\Spheroids\26052025\27052025\Analysis\2025-05-27_115047_tube5_segmentationDebug2\9_0401_0_segmented.tiff;1400.5;(74. 71);157.154327869415;0.920170827858081;42.2276210838545;0.712590923158794;0.837205022059923;984.063356393806;0.969102928227539;0.932229135920765;0.883027369418988;;;;;;;;;;;;;;;;;;;;;;;;;;;;;;;;;;;;;
4;Tube 1;1002040.0;;;;;;;;;;;;;;;;;;1002040.0;0.0;204.0;False;F:\For Leo to analyse\0907 before laser\Analysis\2025-07-09_101722_tube1_cropped_8bits\10_0204_0_8bits.tiff;F:\For Leo to analyse\0907 before laser\Analysis\2025-07-09_101722_tube1_segmentationDebug\10_0204_0_segmented.tiff;2322.0;(78. 80);214.50966608524325;0.8996512979465323;54.373359495942935;0.6341300672801313;0.9007253036012504;869.4254112976093;0.9548927452156823;0.8893179023535573;0.8969123721604716;;;;;;;;;;;;;;;;;;;;
4;Tube 1;1002050.0;;;;;;;;;;;;;;;;;;;;;;;;;;;;;;;;;;;1002050.0;0.0;205.0;False;G:\Experiments\PTT\Spheroids\07072025_mda\0907 after laser\Analysis\2025-07-09_152833_tube1_cropped_8bits2\10_0205_0_8bits.tiff;G:\Experiments\PTT\Spheroids\07072025_mda\0907 after laser\Analysis\2025-07-09_152833_tube1_segmentationDebug2\10_0205_0_segmented.tiff;2235.5;(77. 74);202.953317165374;0.912821559820334;53.3509793935917;0.682012336124481;0.800603925839311;959.075996423963;0.955729712771551;0.893526436074963;0.893750101475205;;;Dead
4;Tube 1;107050.0;;;;;;;;;;;;;;;;;;107050.0;0.0;705.0;False;F:\For Leo to analyse\0907 before laser\Analysis\2025-07-09_101722_tube1_cropped_8bits\1_0705_0_8bits.tiff;F:\For Leo to analyse\0907 before laser\Analysis\2025-07-09_101722_tube1_segmentationDebug\1_0705_0_segmented.tiff;2504.5;(72. 68);230.6101711988449;0.8851387170878247;56.4697125881584;0.5917986684381482;0.7557276292457966;1177.179011052341;0.9452168494302294;0.8803042289097228;0.8545862234738388;;;;;;;;;;;;;;;;;;;;
4;Tube 1;1102050.0;;;;;;;;;;;;;;;;;;1102050.0;0.0;205.0;False;F:\For Leo to analyse\0907 before laser\Analysis\2025-07-09_101722_tube1_cropped_8bits\11_0205_0_8bits.tiff;F:\For Leo to analyse\0907 before laser\Analysis\2025-07-09_101722_tube1_segmentationDebug\11_0205_0_segmented.tiff;2321.5;(77. 60);215.78174436092377;0.8838758804492671;54.36750502922385;0.6265405051212661;0.949631681929414;848.4437028621674;0.9607772119020596;0.889570489366105;0.8921301523475468;;;;;;;;;;;;;;;;;;;;
4;Tube 1;1102080.0;;;;;;;;;;;;;;;;;;;;;;;;;;;;;;;;;;;1102080.0;0.0;208.0;False;G:\Experiments\PTT\Spheroids\07072025_mda\0907 after laser\Analysis\2025-07-09_152833_tube1_cropped_8bits2\11_0208_0_8bits.tiff;G:\Experiments\PTT\Spheroids\07072025_mda\0907 after laser\Analysis\2025-07-09_152833_tube1_segmentationDebug2\11_0208_0_segmented.tiff;2502.5;(75. 73);221.781744122505;0.897275008963786;56.4471607851072;0.639340713184717;0.793567896939417;983.52166363853;0.950552113003673;0.881296453348101;0.895819440852896;;;Dead
4;Tube 1;1202070.0;;;;;;;;;;;;;;;;;;1202070.0;0.0;207.0;False;F:\For Leo to analyse\0907 before laser\Analysis\2025-07-09_101722_tube1_cropped_8bits\12_0207_0_8bits.tiff;F:\For Leo to analyse\0907 before laser\Analysis\2025-07-09_101722_tube1_segmentationDebug\12_0207_0_segmented.tiff;2723.0;(70. 81);234.30865561962128;0.8929332677488113;58.88150202155044;0.623276626823492;0.7836175329504881;922.7844528995988;0.9460059622549142;0.8711130237774465;0.905728936313762;;;;;;;;;;;;;;;;;;;;
4;Tube 1;1302100.0;;;;;;;;;;;;;;;;;;1302100.0;0.0;210.0;False;F:\For Leo to analyse\0907 before laser\Analysis\2025-07-09_101722_tube1_cropped_8bits\13_0210_0_8bits.tiff;F:\For Leo to analyse\0907 before laser\Analysis\2025-07-09_101722_tube1_segmentationDebug\13_0210_0_segmented.tiff;2051.0;(77. 81);207.53910374641416;0.8735093696763203;51.101999043597296;0.5983780450778963;0.7822473615306437;753.321141719294;0.9617053811821108;0.901603804559674;0.9190324976309072;;;;;;;;;;;;;;;;;;;;
4;Tube 1;1302130.0;;;;;;;;;;;;;;;;;;;;;;;;;;;;;;;;;;;1302130.0;0.0;213.0;False;G:\Experiments\PTT\Spheroids\07072025_mda\0907 after laser\Analysis\2025-07-09_152833_tube1_cropped_8bits2\13_0213_0_8bits.tiff;G:\Experiments\PTT\Spheroids\07072025_mda\0907 after laser\Analysis\2025-07-09_152833_tube1_segmentationDebug2\13_0213_0_segmented.tiff;2416.0;(77. 73);222.024384856224;0.883363802559415;55.4630213753285;0.615893248075272;0.87078500227578;936.611346007346;0.953311610700019;0.884981324835597;0.893577265764657;;;Dead
4;Tube 1;1402130.0;;;;;;;;;;;;;;;;;;1402130.0;0.0;213.0;False;F:\For Leo to analyse\0907 before laser\Analysis\2025-07-09_101722_tube1_cropped_8bits\14_0213_0_8bits.tiff;F:\For Leo to analyse\0907 before laser\Analysis\2025-07-09_101722_tube1_segmentationDebug\14_0213_0_segmented.tiff;2300.0;(82. 70);217.53910374641416;0.8892325536439204;54.1151637980601;0.6107493735621599;0.908719141808579;877.2628174151444;0.9577825563465188;0.8903137727657296;0.8995898286618557;;;;;;;;;;;;;;;;;;;;
4;Tube 1;1402160.0;;;;;;;;;;;;;;;;;;;;;;;;;;;;;;;;;;;1402160.0;0.0;216.0;False;G:\Experiments\PTT\Spheroids\07072025_mda\0907 after laser\Analysis\2025-07-09_152833_tube1_cropped_8bits2\14_0216_0_8bits.tiff;G:\Experiments\PTT\Spheroids\07072025_mda\0907 after laser\Analysis\2025-07-09_152833_tube1_segmentationDebug2\14_0216_0_segmented.tiff;1834.5;(87. 81);185.296463608741;0.895096364967065;48.3296797508183;0.67141852306901;0.917559606292713;932.065375386568;0.96364113058439;0.911933630212937;0.886348559704841;;;Dead
4;Tube 1;1502150.0;;;;;;;;;;;;;;;;;;1502150.0;0.0;215.0;False;F:\For Leo to analyse\0907 before laser\Analysis\2025-07-09_101722_tube1_cropped_8bits\15_0215_0_8bits.tiff;F:\For Leo to analyse\0907 before laser\Analysis\2025-07-09_101722_tube1_segmentationDebug\15_0215_0_segmented.tiff;2108.5;(75. 69);203.2964633703232;0.9033847472150814;51.81337259891591;0.6410971146743407;0.8402444370553077;887.1962964773356;0.9610302298776044;0.8994272548485285;0.8931176198338572;;;;;;;;;;;;;;;;;;;;
4;Tube 1;1602160.0;;;;;;;;;;;;;;;;;;1602160.0;0.0;216.0;False;F:\For Leo to analyse\0907 before laser\Analysis\2025-07-09_101722_tube1_cropped_8bits\16_0216_0_8bits.tiff;F:\For Leo to analyse\0907 before laser\Analysis\2025-07-09_101722_tube1_segmentationDebug\16_0216_0_segmented.tiff;1995.5;(69. 81);195.78174436092377;0.9056047197640118;50.405847989286094;0.6542100460677758;0.8443547795247274;944.8550661995542;0.957749984938931;0.9045695689278432;0.8806977057687464;;;;;;;;;;;;;;;;;;;;
4;Tube 1;1602220.0;;;;;;;;;;;;;;;;;;;;;;;;;;;;;;;;;;;1602220.0;0.0;222.0;False;G:\Experiments\PTT\Spheroids\07072025_mda\0907 after laser\Analysis\2025-07-09_152833_tube1_cropped_8bits2\16_0222_0_8bits.tiff;G:\Experiments\PTT\Spheroids\07072025_mda\0907 after laser\Analysis\2025-07-09_152833_tube1_segmentationDebug2\16_0222_0_segmented.tiff;1807.5;(81. 70);173.438599705696;0.944851019341348;47.9727055429314;0.755086408354608;0.833132227088329;1069.80493811086;0.965053938979892;0.913625062468629;0.852506330513765;;;Dead
4;Tube 1;1702180.0;;;;;;;;;;;;;;;;;;1702180.0;0.0;218.0;False;F:\For Leo to analyse\0907 before laser\Analysis\2025-07-09_101722_tube1_cropped_8bits\17_0218_0_8bits.tiff;F:\For Leo to analyse\0907 before laser\Analysis\2025-07-09_101722_tube1_segmentationDebug\17_0218_0_segmented.tiff;2438.0;(78. 74);234.8528124094009;0.8627034677990092;55.71497114837561;0.5554590341763751;0.8758721158149954;937.007097198012;0.9524197375763264;0.8835267498153894;0.8952021070751367;;;;;;;;;;;;;;;;;;;;
4;Tube 1;1704240.0;;;;;;;;;;;;;;;;;;;;;;;;;;;;;;;;;;;1704240.0;0.0;424.0;False;G:\Experiments\PTT\Spheroids\07072025_mda\0907 after laser\Analysis\2025-07-09_152833_tube1_cropped_8bits2\17_0424_0_8bits.tiff;G:\Experiments\PTT\Spheroids\07072025_mda\0907 after laser\Analysis\2025-07-09_152833_tube1_segmentationDebug2\17_0424_0_segmented.tiff;2326.0;(72. 82);201.882249712944;0.928172386272945;54.420172556268;0.717171962943263;0.851837010743433;1024.24589595578;0.945990735464211;0.889202549772361;0.8852598788363;;;Dead
4;Tube 1;1802210.0;;;;;;;;;;;;;;;;;;1802210.0;0.0;221.0;False;F:\For Leo to analyse\0907 before laser\Analysis\2025-07-09_101722_tube1_cropped_8bits\18_0221_0_8bits.tiff;F:\For Leo to analyse\0907 before laser\Analysis\2025-07-09_101722_tube1_segmentationDebug\18_0221_0_segmented.tiff;2171.0;(80. 73);203.19595789909363;0.9116103296241864;52.57568878883127;0.6607536313532959;0.738144877729724;1140.3726859169442;0.9550809316716768;0.8966087270292223;0.8801968616030981;;;;;;;;;;;;;;;;;;;;
4;Tube 1;1807240.0;;;;;;;;;;;;;;;;;;;;;;;;;;;;;;;;;;;1807240.0;0.0;724.0;False;G:\Experiments\PTT\Spheroids\07072025_mda\0907 after laser\Analysis\2025-07-09_152833_tube1_cropped_8bits2\18_0724_0_8bits.tiff;G:\Experiments\PTT\Spheroids\07072025_mda\0907 after laser\Analysis\2025-07-09_152833_tube1_segmentationDebug2\18_0724_0_segmented.tiff;2124.0;(77. 69);201.539103627204;0.906143344709897;52.0034690479153;0.657121582120106;0.780062154625194;1156.9372645509;0.952116994578567;0.898260870975504;0.858012774070212;;;Dead
4;Tube 1;1903240.0;;;;;;;;;;;;;;;;;;1903240.0;0.0;324.0;False;F:\For Leo to analyse\0907 before laser\Analysis\2025-07-09_101722_tube1_cropped_8bits\19_0324_0_8bits.tiff;F:\For Leo to analyse\0907 before laser\Analysis\2025-07-09_101722_tube1_segmentationDebug\19_0324_0_segmented.tiff;2124.0;(71. 80);211.33809328079224;0.8833437305053026;52.00346904791531;0.597597547838491;0.785831527229201;1188.4013252132008;0.9524249652502004;0.8982029107544619;0.8741643486618831;;;;;;;;;;;;;;;;;;;;
4;Tube 1;1910240.0;;;;;;;;;;;;;;;;;;;;;;;;;;;;;;;;;;;1910240.0;0.0;1024.0;False;G:\Experiments\PTT\Spheroids\07072025_mda\0907 after laser\Analysis\2025-07-09_152833_tube1_cropped_8bits2\19_1024_0_8bits.tiff;G:\Experiments\PTT\Spheroids\07072025_mda\0907 after laser\Analysis\2025-07-09_152833_tube1_segmentationDebug2\19_1024_0_segmented.tiff;1801.0;(76. 71);184.024385213851;0.897582855718913;47.8863698777431;0.668302099990555;0.964751495823784;1114.17930961769;0.955718909217989;0.913451159797487;0.861102470445849;;;Dead
4;Tube 1;2006240.0;;;;;;;;;;;;;;;;;;2006240.0;0.0;624.0;False;F:\For Leo to analyse\0907 before laser\Analysis\2025-07-09_101722_tube1_cropped_8bits\20_0624_0_8bits.tiff;F:\For Leo to analyse\0907 before laser\Analysis\2025-07-09_101722_tube1_segmentationDebug\20_0624_0_segmented.tiff;2431.5;(76. 75);222.61017167568207;0.8972324723247233;55.64065018512588;0.6165866661874662;0.9104598740260044;876.8493397217956;0.9505248933101604;0.8840911878608297;0.9026198449779718;;;;;;;;;;;;;;;;;;;;
4;Tube 1;210050.0;;;;;;;;;;;;;;;;;;210050.0;0.0;1005.0;False;F:\For Leo to analyse\0907 before laser\Analysis\2025-07-09_101722_tube1_cropped_8bits\2_1005_0_8bits.tiff;F:\For Leo to analyse\0907 before laser\Analysis\2025-07-09_101722_tube1_segmentationDebug\2_1005_0_segmented.tiff;2857.0;(76. 82);238.02438497543332;0.9174694926140012;60.3128956302743;0.6336905067677648;0.7597786477767926;942.056318703065;0.9357253300455618;0.8642954722567465;0.884148887487899;;;;;;;;;;;;;;;;;;;;
4;Tube 1;2109240.0;;;;;;;;;;;;;;;;;;2109240.0;0.0;924.0;False;F:\For Leo to analyse\0907 before laser\Analysis\2025-07-09_101722_tube1_cropped_8bits\21_0924_0_8bits.tiff;F:\For Leo to analyse\0907 before laser\Analysis\2025-07-09_101722_tube1_segmentationDebug\21_0924_0_segmented.tiff;2020.5;(79. 56);218.7523068189621;0.8741077222582738;50.72061218220258;0.5305953453244088;0.9490504612430338;1006.6160967521138;0.949712311053844;0.8830420078366384;0.8820440203006932;;;;;;;;;;;;;;;;;;;;
4;Tube 1;2211240.0;;;;;;;;;;;;;;;;;;2211240.0;0.0;1124.0;False;F:\For Leo to analyse\0907 before laser\Analysis\2025-07-09_101722_tube1_cropped_8bits\22_1124_0_8bits.tiff;F:\For Leo to analyse\0907 before laser\Analysis\2025-07-09_101722_tube1_segmentationDebug\22_1124_0_segmented.tiff;1832.0;(69. 80);196.8528116941452;0.8674242424242424;48.296737425573774;0.5940897901101057;0.8026685052701714;1071.5679805798268;0.958614398358082;0.9117809671341502;0.880529543442563;;;;;;;;;;;;;;;;;;;;
4;Tube 1;313050.0;;;;;;;;;;;;;;;;;;313050.0;0.0;1305.0;False;F:\For Leo to analyse\0907 before laser\Analysis\2025-07-09_101722_tube1_cropped_8bits\3_1305_0_8bits.tiff;F:\For Leo to analyse\0907 before laser\Analysis\2025-07-09_101722_tube1_segmentationDebug\3_1305_0_segmented.tiff;3310.5;(76. 83);266.7523069381714;0.8995923913043479;64.92348968474936;0.5846380649656274;0.8282405053845784;916.534211134042;0.916914078073147;0.8431556798616501;0.8864307792381113;;;;;;;;;;;;;;;;;;;;
4;Tube 1;415030.0;;;;;;;;;;;;;;;;;;415030.0;0.0;1503.0;False;F:\For Leo to analyse\0907 before laser\Analysis\2025-07-09_101722_tube1_cropped_8bits\4_1503_0_8bits.tiff;F:\For Leo to analyse\0907 before laser\Analysis\2025-07-09_101722_tube1_segmentationDebug\4_1503_0_segmented.tiff;2559.5;(73. 70);222.95331728458405;0.893992315752707;57.08639605676338;0.6470489262552771;0.8393091570147952;1111.5855961615334;0.942389820317254;0.8783345024993942;0.8752503025383599;415030.0;0.0;1503.0;False;G:\Experiments\PTT\Spheroids\07072025_mda\0907 after laser\Analysis\2025-07-09_152833_tube1_cropped_8bits2\4_1503_0_8bits.tiff;G:\Experiments\PTT\Spheroids\07072025_mda\0907 after laser\Analysis\2025-07-09_152833_tube1_segmentationDebug2\4_1503_0_segmented.tiff;2602.5;(75. 74);232.953317046165;0.875084061869536;57.5639289414235;0.60264673031489;0.869943710813567;1128.38221526068;0.940684746811049;0.876193912077595;0.871868141219432;;;Dead
4;Tube 1;513010.0;;;;;;;;;;;;;;;;;;513010.0;0.0;1301.0;False;F:\For Leo to analyse\0907 before laser\Analysis\2025-07-09_101722_tube1_cropped_8bits\5_1301_0_8bits.tiff;F:\For Leo to analyse\0907 before laser\Analysis\2025-07-09_101722_tube1_segmentationDebug\5_1301_0_segmented.tiff;2408.5;(72. 73);210.9533176422119;0.9169998096325908;55.3768674041304;0.6801172575167288;0.9311674322840368;792.8665099551765;0.9482896293960674;0.8853389881810321;0.9010210274625728;513010.0;0.0;1301.0;False;G:\Experiments\PTT\Spheroids\07072025_mda\0907 after laser\Analysis\2025-07-09_152833_tube1_cropped_8bits2\5_1301_0_8bits.tiff;G:\Experiments\PTT\Spheroids\07072025_mda\0907 after laser\Analysis\2025-07-09_152833_tube1_segmentationDebug2\5_1301_0_segmented.tiff;2708.5;(72. 74);269.237588286399;0.798967551622418;58.7245204911473;0.469534296898378;0.785274381177733;954.394420544437;0.943411533004107;0.870146401357613;0.891345321690726;;;Dead
4;Tube 1;610010.0;;;;;;;;;;;;;;;;;;610010.0;0.0;1001.0;False;F:\For Leo to analyse\0907 before laser\Analysis\2025-07-09_101722_tube1_cropped_8bits\6_1001_0_8bits.tiff;F:\For Leo to analyse\0907 before laser\Analysis\2025-07-09_101722_tube1_segmentationDebug\6_1001_0_segmented.tiff;2423.0;(78. 81);203.53910410404205;0.9396936203218924;55.54331118049499;0.7349665282674467;0.859730109429823;1080.612139755878;0.9492070696115052;0.8852122449934511;0.8945322265650577;610010.0;0.0;1001.0;False;G:\Experiments\PTT\Spheroids\07072025_mda\0907 after laser\Analysis\2025-07-09_152833_tube1_cropped_8bits2\6_1001_0_8bits.tiff;G:\Experiments\PTT\Spheroids\07072025_mda\0907 after laser\Analysis\2025-07-09_152833_tube1_segmentationDebug2\6_1001_0_segmented.tiff;2533.5;(77. 74);230.267025828361;0.889571629213483;56.7957074662032;0.600436755435572;0.935160097270115;1172.39526814945;0.942248750650097;0.879103184729175;0.859298611044618;;;Dead
4;Tube 1;707010.0;;;;;;;;;;;;;;;;;;;;;;;;;;;;;;;;;;;707010.0;0.0;701.0;False;G:\Experiments\PTT\Spheroids\07072025_mda\0907 after laser\Analysis\2025-07-09_152833_tube1_cropped_8bits2\7_0701_0_8bits.tiff;G:\Experiments\PTT\Spheroids\07072025_mda\0907 after laser\Analysis\2025-07-09_152833_tube1_segmentationDebug2\7_0701_0_segmented.tiff;2399.5;(78. 79);197.154327988624;0.94505710909807;55.2733053796498;0.775743218590462;0.880132387206033;1114.44971470421;0.952689470937047;0.886399378488368;0.891996834720772;;;Dead
4;Tube 1;708010.0;;;;;;;;;;;;;;;;;;708010.0;0.0;801.0;False;F:\For Leo to analyse\0907 before laser\Analysis\2025-07-09_101722_tube1_cropped_8bits\7_0801_0_8bits.tiff;F:\For Leo to analyse\0907 before laser\Analysis\2025-07-09_101722_tube1_segmentationDebug\7_0801_0_segmented.tiff;2535.0;(78. 75);221.1959580183029;0.9018143009605124;56.812518390788114;0.6510786499463846;0.9756383318908568;1050.8808726691232;0.9437274954391676;0.8795260585188316;0.8952127272264918;;;;;;;;;;;;;;;;;;;;
4;Tube 1;805010.0;;;;;;;;;;;;;;;;;;805010.0;0.0;501.0;False;F:\For Leo to analyse\0907 before laser\Analysis\2025-07-09_101722_tube1_cropped_8bits\8_0501_0_8bits.tiff;F:\For Leo to analyse\0907 before laser\Analysis\2025-07-09_101722_tube1_segmentationDebug\8_0501_0_segmented.tiff;2506.0;(73. 65);219.6812390089035;0.9139314369073668;56.48662053182433;0.652536774682371;0.8359211800573834;1127.930415190324;0.9520237017696028;0.8811072597891285;0.8895699602050546;;;;;;;;;;;;;;;;;;;;
4;Tube 1;902020.0;;;;;;;;;;;;;;;;;;902020.0;0.0;202.0;False;F:\For Leo to analyse\0907 before laser\Analysis\2025-07-09_101722_tube1_cropped_8bits\9_0202_0_8bits.tiff;F:\For Leo to analyse\0907 before laser\Analysis\2025-07-09_101722_tube1_segmentationDebug\9_0202_0_segmented.tiff;2520.5;(69. 75);217.78174436092377;0.9008220157255182;56.649803817003445;0.6678110820427703;0.9100105527365154;943.155889908257;0.9534828501288772;0.880338931199379;0.8941756523746166;;;;;;;;;;;;;;;;;;;;
4;Tube 2;1002050.0;;;;;;;;;;;;;;;;;;1002050.0;0.0;205.0;False;F:\For Leo to analyse\0907 before laser\Analysis\2025-07-09_102559_tube2_cropped_8bits\10_0205_0_8bits.tiff;F:\For Leo to analyse\0907 before laser\Analysis\2025-07-09_102559_tube2_segmentationDebug\10_0205_0_segmented.tiff;2511.0;(79. 67);217.53910338878632;0.9209609389326976;56.54294382882796;0.6667789921986705;0.9358343568018324;1023.3134343723189;0.9515403758894;0.8808269805370452;0.9027079681624676;1002050.0;0.0;205.0;False;G:\Experiments\PTT\Spheroids\07072025_mda\0907 after laser\Analysis\2025-07-09_153706_tube2_cropped_8bits2\10_0205_0_8bits.tiff;G:\Experiments\PTT\Spheroids\07072025_mda\0907 after laser\Analysis\2025-07-09_153706_tube2_segmentationDebug2\10_0205_0_segmented.tiff;2149.0;(74. 76);204.024384856224;0.915441959531416;52.3086205288943;0.648757102226042;0.898260245573294;1109.56535600573;0.963418753914782;0.89758209886958;0.868778897786996;110.50780118362786;48.0;Alive
4;Tube 2;108050.0;;;;;;;;;;;;;;;;;;108050.0;0.0;805.0;False;F:\For Leo to analyse\0907 before laser\Analysis\2025-07-09_102559_tube2_cropped_8bits\1_0805_0_8bits.tiff;F:\For Leo to analyse\0907 before laser\Analysis\2025-07-09_102559_tube2_segmentationDebug\1_0805_0_segmented.tiff;2627.5;(84. 77);234.26702558994293;0.8976768021865391;57.83975193404308;0.6016310773839151;0.6908782751130722;1223.8393226239862;0.9386451099502582;0.8745680300144539;0.9298363620221304;108050.0;0.0;805.0;False;G:\Experiments\PTT\Spheroids\07072025_mda\0907 after laser\Analysis\2025-07-09_153706_tube2_cropped_8bits2\1_0805_0_8bits.tiff;G:\Experiments\PTT\Spheroids\07072025_mda\0907 after laser\Analysis\2025-07-09_153706_tube2_segmentationDebug2\1_0805_0_segmented.tiff;2707.0;(73. 68);240.509666323661;0.892074476849563;58.7082570648974;0.588075448158278;0.74663728754217;1056.98374474532;0.939481708401079;0.871058971174372;0.858961835424928;171.98471492226406;37.0;Alive
4;Tube 2;1102080.0;;;;;;;;;;;;;;;;;;;;;;;;;;;;;;;;;;;1102080.0;0.0;208.0;False;G:\Experiments\PTT\Spheroids\07072025_mda\0907 after laser\Analysis\2025-07-09_153706_tube2_cropped_8bits2\11_0208_0_8bits.tiff;G:\Experiments\PTT\Spheroids\07072025_mda\0907 after laser\Analysis\2025-07-09_153706_tube2_segmentationDebug2\11_0208_0_segmented.tiff;2141.0;(71. 77);189.539103746414;0.938006571741511;52.2111660976652;0.748908717522757;0.935279260072529;1073.68903184798;0.974432329779206;0.898973970847459;0.892961759121007;9.271751576101202;57.0;Dead
4;Tube 2;1202100.0;;;;;;;;;;;;;;;;;;;;;;;;;;;;;;;;;;;1202100.0;0.0;210.0;False;G:\Experiments\PTT\Spheroids\07072025_mda\0907 after laser\Analysis\2025-07-09_153706_tube2_cropped_8bits2\12_0210_0_8bits.tiff;G:\Experiments\PTT\Spheroids\07072025_mda\0907 after laser\Analysis\2025-07-09_153706_tube2_segmentationDebug2\12_0210_0_segmented.tiff;2661.5;(73. 70);221.095452427864;0.915706175812833;58.2127739273145;0.684189987902635;0.921876446262898;972.362408717807;0.960527949979193;0.874561432434933;0.881528185569996;98.02590737905062;59.0;Alive
4;Tube 2;1202110.0;;;;;;;;;;;;;;;;;;1202110.0;0.0;211.0;False;F:\For Leo to analyse\0907 before laser\Analysis\2025-07-09_102559_tube2_cropped_8bits\12_0211_0_8bits.tiff;F:\For Leo to analyse\0907 before laser\Analysis\2025-07-09_102559_tube2_segmentationDebug\12_0211_0_segmented.tiff;2417.5;(81. 73);212.9533174037933;0.90781073976718;55.48023611519021;0.6698962195129059;0.841053748406485;854.4667782622907;0.96460592281674;0.88527751244551;0.9061263310339852;;;;;;;;;;;;;;;;;;;;
4;Tube 2;1302140.0;;;;;;;;;;;;;;;;;;1302140.0;0.0;214.0;False;F:\For Leo to analyse\0907 before laser\Analysis\2025-07-09_102559_tube2_cropped_8bits\13_0214_0_8bits.tiff;F:\For Leo to analyse\0907 before laser\Analysis\2025-07-09_102559_tube2_segmentationDebug\13_0214_0_segmented.tiff;2152.5;(82. 83);210.9533174037933;0.8807283142389526;52.351199795634464;0.6078274445147872;0.8802564025316971;975.6487335150056;0.9552231687812088;0.8967914374661528;0.9039991617347968;;;;;;;;;;;;;;;;;;;;
4;Tube 2;1402160.0;;;;;;;;;;;;;;;;;;;;;;;;;;;;;;;;;;;1402160.0;0.0;216.0;False;G:\Experiments\PTT\Spheroids\07072025_mda\0907 after laser\Analysis\2025-07-09_153706_tube2_cropped_8bits2\14_0216_0_8bits.tiff;G:\Experiments\PTT\Spheroids\07072025_mda\0907 after laser\Analysis\2025-07-09_153706_tube2_segmentationDebug2\14_0216_0_segmented.tiff;1910.0;(77. 69);181.539103627204;0.924939467312348;49.314171699869;0.728287503065841;0.977250439554886;1054.39157101956;0.963798608795086;0.908913866005522;0.8581681842176;107.06452013408932;41.0;Alive
4;Tube 2;1402170.0;;;;;;;;;;;;;;;;;;1402170.0;0.0;217.0;False;F:\For Leo to analyse\0907 before laser\Analysis\2025-07-09_102559_tube2_cropped_8bits\14_0217_0_8bits.tiff;F:\For Leo to analyse\0907 before laser\Analysis\2025-07-09_102559_tube2_segmentationDebug\14_0217_0_segmented.tiff;2120.0;(80. 72);205.53910374641416;0.8857321913515772;51.95447848683061;0.6306041260903468;0.9176583868913684;1164.2170546509446;0.9468332331953796;0.8985058896614074;0.9072680754899418;;;;;;;;;;;;;;;;;;;;
4;Tube 2;1502190.0;;;;;;;;;;;;;;;;;;1502190.0;0.0;219.0;False;F:\For Leo to analyse\0907 before laser\Analysis\2025-07-09_102559_tube2_cropped_8bits\15_0219_0_8bits.tiff;F:\For Leo to analyse\0907 before laser\Analysis\2025-07-09_102559_tube2_segmentationDebug\15_0219_0_segmented.tiff;2213.5;(78. 76);219.78174459934235;0.8676989415915327;53.08781152271473;0.5758457388203612;0.7862677774508362;1084.7120660211815;0.9492667947803364;0.8940043595106554;0.910990765782326;1502190.0;0.0;219.0;False;G:\Experiments\PTT\Spheroids\07072025_mda\0907 after laser\Analysis\2025-07-09_153706_tube2_cropped_8bits2\15_0219_0_8bits.tiff;G:\Experiments\PTT\Spheroids\07072025_mda\0907 after laser\Analysis\2025-07-09_153706_tube2_segmentationDebug2\15_0219_0_segmented.tiff;1789.0;(76. 72);186.710676908493;0.895619524405506;47.7265706449898;0.644884439134272;0.861954809652485;1074.31109224674;0.96848235113282;0.913926740659975;0.87444640183999;100.2496930568776;43.0;Alive
4;Tube 2;1602210.0;;;;;;;;;;;;;;;;;;;;;;;;;;;;;;;;;;;1602210.0;0.0;221.0;False;G:\Experiments\PTT\Spheroids\07072025_mda\0907 after laser\Analysis\2025-07-09_153706_tube2_cropped_8bits2\16_0221_0_8bits.tiff;G:\Experiments\PTT\Spheroids\07072025_mda\0907 after laser\Analysis\2025-07-09_153706_tube2_segmentationDebug2\16_0221_0_segmented.tiff;1918.5;(76. 66);177.639608979225;0.94810971089696;49.4237803751838;0.763997698854206;0.915661396382309;1111.51768626562;0.959792067618044;0.908572325137;0.839037391137722;53.87300142090524;60.0;Alive
4;Tube 2;1602220.0;;;;;;;;;;;;;;;;;;1602220.0;0.0;222.0;False;F:\For Leo to analyse\0907 before laser\Analysis\2025-07-09_102559_tube2_cropped_8bits\16_0222_0_8bits.tiff;F:\For Leo to analyse\0907 before laser\Analysis\2025-07-09_102559_tube2_segmentationDebug\16_0222_0_segmented.tiff;2048.0;(71. 73);195.05382251739505;0.9144898414824738;51.064611891383386;0.6764424984029624;0.8842688704317656;1147.4682589685328;0.9476603272564024;0.9019114170554808;0.9018926541139344;;;;;;;;;;;;;;;;;;;;
4;Tube 2;1703240.0;;;;;;;;;;;;;;;;;;1703240.0;0.0;324.0;False;F:\For Leo to analyse\0907 before laser\Analysis\2025-07-09_102559_tube2_cropped_8bits\17_0324_0_8bits.tiff;F:\For Leo to analyse\0907 before laser\Analysis\2025-07-09_102559_tube2_segmentationDebug\17_0324_0_segmented.tiff;2202.0;(80. 67);213.0538227558136;0.8802718368978613;52.94972594364232;0.6096049946530201;0.8975065647010072;990.3973966596508;0.943347556923258;0.8943643718789063;0.897986808855984;1703240.0;0.0;324.0;False;G:\Experiments\PTT\Spheroids\07072025_mda\0907 after laser\Analysis\2025-07-09_153706_tube2_cropped_8bits2\17_0324_0_8bits.tiff;G:\Experiments\PTT\Spheroids\07072025_mda\0907 after laser\Analysis\2025-07-09_153706_tube2_segmentationDebug2\17_0324_0_segmented.tiff;2272.0;(76. 78);217.195958137512;0.878067632850241;53.7847584882398;0.605222009098325;0.909779586913442;1262.54710478446;0.953620965781896;0.891408407266759;0.851088898320408;8.850308322642057;67.0;Dead
4;Tube 2;1806240.0;;;;;;;;;;;;;;;;;;1806240.0;0.0;624.0;False;F:\For Leo to analyse\0907 before laser\Analysis\2025-07-09_102559_tube2_cropped_8bits\18_0624_0_8bits.tiff;F:\For Leo to analyse\0907 before laser\Analysis\2025-07-09_102559_tube2_segmentationDebug\18_0624_0_segmented.tiff;1898.0;(84. 79);191.3969684839249;0.9125;49.15901398428714;0.6510824103645542;0.8468473634566271;1195.813368207482;0.9533149720823488;0.90892023570559;0.874576129597855;1806240.0;0.0;624.0;False;G:\Experiments\PTT\Spheroids\07072025_mda\0907 after laser\Analysis\2025-07-09_153706_tube2_cropped_8bits2\18_0624_0_8bits.tiff;G:\Experiments\PTT\Spheroids\07072025_mda\0907 after laser\Analysis\2025-07-09_153706_tube2_segmentationDebug2\18_0624_0_segmented.tiff;1970.0;(73. 78);185.68123948574;0.921637426900584;50.0827505547396;0.718025779516625;0.936828313922197;1103.30253822042;0.951825513150016;0.905797488394029;0.84889524637341;87.69606423043497;51.0;Alive
4;Tube 2;1909240.0;;;;;;;;;;;;;;;;;;1909240.0;0.0;924.0;False;F:\For Leo to analyse\0907 before laser\Analysis\2025-07-09_102559_tube2_cropped_8bits\19_0924_0_8bits.tiff;F:\For Leo to analyse\0907 before laser\Analysis\2025-07-09_102559_tube2_segmentationDebug\19_0924_0_segmented.tiff;1812.0;(72. 72);187.53910386562347;0.8919517597834112;48.03238548167387;0.6474174255428508;0.794861275875224;1154.699139005766;0.954168145191934;0.9125376344635154;0.8833325974373096;1909240.0;0.0;924.0;False;G:\Experiments\PTT\Spheroids\07072025_mda\0907 after laser\Analysis\2025-07-09_153706_tube2_cropped_8bits2\19_0924_0_8bits.tiff;G:\Experiments\PTT\Spheroids\07072025_mda\0907 after laser\Analysis\2025-07-09_153706_tube2_segmentationDebug2\19_0924_0_segmented.tiff;1810.5;(75. 71);184.953317284584;0.905702851425712;48.0125004112784;0.665095704399198;0.876855826875965;1216.6201919797;0.967024507815063;0.913287971916998;0.851905360507863;10.446412559146905;70.0;Dead
4;Tube 2;413010.0;;;;;;;;;;;;;;;;;;413010.0;0.0;1301.0;False;F:\For Leo to analyse\0907 before laser\Analysis\2025-07-09_102559_tube2_cropped_8bits\4_1301_0_8bits.tiff;F:\For Leo to analyse\0907 before laser\Analysis\2025-07-09_102559_tube2_segmentationDebug\4_1301_0_segmented.tiff;1929.0;(77. 79);202.36753070354465;0.8961672473867596;49.5588446374018;0.5919164733519605;0.7658861954369569;1430.2536362111402;0.952496718361707;0.906728135603975;0.9075285992227148;;;;;;;;;;;;;;;;;;;;
4;Tube 2;510010.0;;;;;;;;;;;;;;;;;;510010.0;0.0;1001.0;False;F:\For Leo to analyse\0907 before laser\Analysis\2025-07-09_102559_tube2_cropped_8bits\5_1001_0_8bits.tiff;F:\For Leo to analyse\0907 before laser\Analysis\2025-07-09_102559_tube2_segmentationDebug\5_1001_0_segmented.tiff;1559.0;(78. 71);182.2253955602646;0.858243875584916;44.55311942212485;0.5899812041553203;0.8809261614198557;1047.7227546929532;0.9687005367375532;0.9242076820968664;0.8858913765154298;;;;;;;;;;;;;;;;;;;;
4;Tube 2;513010.0;;;;;;;;;;;;;;;;;;;;;;;;;;;;;;;;;;;513010.0;0.0;1301.0;False;G:\Experiments\PTT\Spheroids\07072025_mda\0907 after laser\Analysis\2025-07-09_153706_tube2_cropped_8bits2\5_1301_0_8bits.tiff;G:\Experiments\PTT\Spheroids\07072025_mda\0907 after laser\Analysis\2025-07-09_153706_tube2_segmentationDebug2\5_1301_0_segmented.tiff;2340.5;(76. 78);208.610171437263;0.92000786163522;54.5895333782278;0.675845691493633;0.734539241519117;1135.75085482508;0.946818456595208;0.888987376243408;0.870374236199158;113.16199699264716;37.0;Alive
4;Tube 2;607010.0;;;;;;;;;;;;;;;;;;607010.0;0.0;701.0;False;F:\For Leo to analyse\0907 before laser\Analysis\2025-07-09_102559_tube2_cropped_8bits\6_0701_0_8bits.tiff;F:\For Leo to analyse\0907 before laser\Analysis\2025-07-09_102559_tube2_segmentationDebug\6_0701_0_segmented.tiff;1930.5;(72. 72);197.2964633703232;0.8835240274599543;49.578109495131336;0.6232195511120003;0.9283054877078516;1288.4103197505997;0.9537346096572116;0.9072500791316086;0.8914890890812204;;;;;;;;;;;;;;;;;;;;
4;Tube 2;610010.0;;;;;;;;;;;;;;;;;;;;;;;;;;;;;;;;;;;610010.0;0.0;1001.0;False;G:\Experiments\PTT\Spheroids\07072025_mda\0907 after laser\Analysis\2025-07-09_153706_tube2_cropped_8bits2\6_1001_0_8bits.tiff;G:\Experiments\PTT\Spheroids\07072025_mda\0907 after laser\Analysis\2025-07-09_153706_tube2_segmentationDebug2\6_1001_0_segmented.tiff;1714.0;(75. 76);171.539104461669;0.922745625841184;46.7154426252825;0.731971892626081;0.967445598920587;1245.53033298744;0.962567902916328;0.917735000881468;0.832888558576175;103.37016650802191;48.0;Alive
4;Tube 2;704010.0;;;;;;;;;;;;;;;;;;704010.0;0.0;401.0;False;F:\For Leo to analyse\0907 before laser\Analysis\2025-07-09_102559_tube2_cropped_8bits\7_0401_0_8bits.tiff;F:\For Leo to analyse\0907 before laser\Analysis\2025-07-09_102559_tube2_segmentationDebug\7_0401_0_segmented.tiff;2100.5;(75. 76);236.9533176422119;0.8143050978871874;51.71498490492103;0.4701180893311691;0.8243621366172349;1219.519570476056;0.9507945225858384;0.8985233623797819;0.9027744463884;;;;;;;;;;;;;;;;;;;;
4;Tube 2;707010.0;;;;;;;;;;;;;;;;;;;;;;;;;;;;;;;;;;;707010.0;0.0;701.0;False;G:\Experiments\PTT\Spheroids\07072025_mda\0907 after laser\Analysis\2025-07-09_153706_tube2_cropped_8bits2\7_0701_0_8bits.tiff;G:\Experiments\PTT\Spheroids\07072025_mda\0907 after laser\Analysis\2025-07-09_153706_tube2_segmentationDebug2\7_0701_0_segmented.tiff;2064.5;(73. 80);206.124890208244;0.875715800636267;51.269903843344;0.61060994950918;0.810736180202547;1385.32151249214;0.960613150477218;0.901184144825048;0.846539309162149;11.10996151140173;75.0;Dead
4;Tube 2;802020.0;;;;;;;;;;;;;;;;;;802020.0;0.0;202.0;False;F:\For Leo to analyse\0907 before laser\Analysis\2025-07-09_102559_tube2_cropped_8bits\8_0202_0_8bits.tiff;F:\For Leo to analyse\0907 before laser\Analysis\2025-07-09_102559_tube2_segmentationDebug\8_0202_0_segmented.tiff;2648.5;(72. 67);238.2670258283615;0.8816577896138482;58.07043080803757;0.5862487824513967;0.8619314026004093;930.2652948607142;0.947761113865573;0.8740467107415902;0.8819772944000835;;;;;;;;;;;;;;;;;;;;
4;Tube 2;804010.0;;;;;;;;;;;;;;;;;;;;;;;;;;;;;;;;;;;804010.0;0.0;401.0;False;G:\Experiments\PTT\Spheroids\07072025_mda\0907 after laser\Analysis\2025-07-09_153706_tube2_cropped_8bits2\8_0401_0_8bits.tiff;G:\Experiments\PTT\Spheroids\07072025_mda\0907 after laser\Analysis\2025-07-09_153706_tube2_segmentationDebug2\8_0401_0_segmented.tiff;2415.0;(72. 76);200.024384975433;0.942439024390243;55.4515419130561;0.758509652173834;0.922569345571284;984.159819417073;0.951395996464137;0.885805149272776;0.858798325513549;88.5568844928196;57.0;Alive
4;Tube 2;902020.0;;;;;;;;;;;;;;;;;;;;;;;;;;;;;;;;;;;902020.0;0.0;202.0;False;G:\Experiments\PTT\Spheroids\07072025_mda\0907 after laser\Analysis\2025-07-09_153706_tube2_cropped_8bits2\9_0202_0_8bits.tiff;G:\Experiments\PTT\Spheroids\07072025_mda\0907 after laser\Analysis\2025-07-09_153706_tube2_segmentationDebug2\9_0202_0_segmented.tiff;2600.5;(77. 82);203.296463370323;0.955188246097337;57.5418059855944;0.79069150899247;0.927243886916842;1150.46905713334;0.956031102894458;0.877559035573776;0.874499470238583;8.384030680517045;61.0;Dead
4;Tube 2;902030.0;;;;;;;;;;;;;;;;;;902030.0;0.0;203.0;False;F:\For Leo to analyse\0907 before laser\Analysis\2025-07-09_102559_tube2_cropped_8bits\9_0203_0_8bits.tiff;F:\For Leo to analyse\0907 before laser\Analysis\2025-07-09_102559_tube2_segmentationDebug\9_0203_0_segmented.tiff;2484.5;(78. 82);223.2964631319046;0.8941875112470757;56.24378764712163;0.6261597922586754;0.9175336720856404;804.9100172222229;0.9523640206435774;0.8818297634258774;0.9057557203695552;;;;;;;;;;;;;;;;;;;;
4;Tube 3;107050.0;;;;;;;;;;;;;;;;;;107050.0;0.0;705.0;False;F:\For Leo to analyse\0907 before laser\Analysis\2025-07-09_103430_tube3_cropped_8bits\1_0705_0_8bits.tiff;F:\For Leo to analyse\0907 before laser\Analysis\2025-07-09_103430_tube3_segmentationDebug\1_0705_0_segmented.tiff;3242.0;(74. 76);267.6812392473221;0.8834991143207521;64.24828872453645;0.5685740129608586;0.7606677503198815;1424.4287179834157;0.9608391368171988;0.849327373822054;0.9070130436476844;;;;;;;;;;;;;;;;;;;;
4;Tube 3;1102080.0;;;;;;;;;;;;;;;;;;1102080.0;0.0;208.0;True;F:\For Leo to analyse\0907 before laser\Analysis\2025-07-09_103430_tube3_cropped_8bits\10_0208_0_8bits.tiff;F:\For Leo to analyse\0907 before laser\Analysis\2025-07-09_103430_tube3_segmentationDebug\10_0208_0_segmented.tiff;1523.5;(71. 79);165.9827550649643;0.9090095465393796;44.04293866676043;0.694906517107356;0.8288480307705381;820.111117290817;0.9717659556364648;0.926632751463362;0.9052056443147856;1102080.0;0.0;208.0;False;G:\Experiments\PTT\Spheroids\07072025_mda\0907 after laser\Analysis\2025-07-09_154539_tube3_cropped_8bits2\11_0208_0_8bits.tiff;G:\Experiments\PTT\Spheroids\07072025_mda\0907 after laser\Analysis\2025-07-09_154539_tube3_segmentationDebug2\11_0208_0_segmented.tiff;2391.0;(86. 67);268.99494755268;0.768439659328298;55.1753183177204;0.415241923768977;0.630059480618443;826.347380609924;0.952140371676131;0.884421543383251;0.882826193165664;45.444136351722335;44.0;Dead
4;Tube 3;1102081.0;;;;;;;;;;;;;;;;;;1102081.0;0.0;208.0;True;F:\For Leo to analyse\0907 before laser\Analysis\2025-07-09_103430_tube3_cropped_8bits\10_0208_1_8bits.tiff;F:\For Leo to analyse\0907 before laser\Analysis\2025-07-09_103430_tube3_segmentationDebug\10_0208_1_segmented.tiff;853.0;(72. 79);149.25483298301697;0.8170498084291188;32.9556267071208;0.4811739303749246;0.6979039252550249;834.502269570459;0.9795132298469555;0.957302364755136;0.8977278008184001;;;;;;;;;;;;;;;;;;;;
4;Tube 3;1202110.0;;;;;;;;;;;;;;;;;;1202110.0;0.0;211.0;False;F:\For Leo to analyse\0907 before laser\Analysis\2025-07-09_103430_tube3_cropped_8bits\11_0211_0_8bits.tiff;F:\For Leo to analyse\0907 before laser\Analysis\2025-07-09_103430_tube3_segmentationDebug\11_0211_0_segmented.tiff;2090.5;(77. 83);201.6396092176437;0.9106948377259856;51.59173643393734;0.6461127953611401;0.8953745213399119;882.0706291787617;0.9551172148323966;0.8998406670799864;0.8994291072003573;1202110.0;0.0;211.0;False;G:\Experiments\PTT\Spheroids\07072025_mda\0907 after laser\Analysis\2025-07-09_154539_tube3_cropped_8bits2\12_0211_0_8bits.tiff;G:\Experiments\PTT\Spheroids\07072025_mda\0907 after laser\Analysis\2025-07-09_154539_tube3_segmentationDebug2\12_0211_0_segmented.tiff;1766.0;(78. 70);184.710676431655;0.890345349130325;47.4187835778428;0.650453965573394;0.929308383746618;770.521384774952;0.975963573279009;0.915469130534262;0.898756208797033;66.10382264895364;49.0;Alive
4;Tube 3;1302130.0;;;;;;;;;;;;;;;;;;;;;;;;;;;;;;;;;;;1302130.0;0.0;213.0;False;G:\Experiments\PTT\Spheroids\07072025_mda\0907 after laser\Analysis\2025-07-09_154539_tube3_cropped_8bits2\13_0213_0_8bits.tiff;G:\Experiments\PTT\Spheroids\07072025_mda\0907 after laser\Analysis\2025-07-09_154539_tube3_segmentationDebug2\13_0213_0_segmented.tiff;1746.5;(70. 70);177.154327869415;0.913919413919413;47.1562600815624;0.69931834455149;0.911320932080768;826.892955738109;0.969327195749303;0.916056785266235;0.887914699710929;46.556029190635826;46.0;Dead
4;Tube 3;1302140.0;;;;;;;;;;;;;;;;;;1302140.0;0.0;214.0;False;F:\For Leo to analyse\0907 before laser\Analysis\2025-07-09_103430_tube3_cropped_8bits\12_0214_0_8bits.tiff;F:\For Leo to analyse\0907 before laser\Analysis\2025-07-09_103430_tube3_segmentationDebug\12_0214_0_segmented.tiff;1474.0;(73. 73);169.8822500705719;0.8794749403341289;43.32153147038583;0.6418171806979225;0.9025860476791292;987.773424344347;0.9641445372046512;0.9285445585551332;0.8753286211815802;;;;;;;;;;;;;;;;;;;;
4;Tube 3;1402160.0;;;;;;;;;;;;;;;;;;1402160.0;0.0;216.0;False;F:\For Leo to analyse\0907 before laser\Analysis\2025-07-09_103430_tube3_cropped_8bits\13_0216_0_8bits.tiff;F:\For Leo to analyse\0907 before laser\Analysis\2025-07-09_103430_tube3_segmentationDebug\13_0216_0_segmented.tiff;1364.0;(73. 70);149.74011433124542;0.9397175335859456;41.6737176049697;0.7644479380366608;0.9535594213962424;917.229954775746;0.9720805363629048;0.93399633588331;0.8769067076404936;1402160.0;0.0;216.0;False;G:\Experiments\PTT\Spheroids\07072025_mda\0907 after laser\Analysis\2025-07-09_154539_tube3_cropped_8bits2\14_0216_0_8bits.tiff;G:\Experiments\PTT\Spheroids\07072025_mda\0907 after laser\Analysis\2025-07-09_154539_tube3_segmentationDebug2\14_0216_0_segmented.tiff;1476.5;(77. 69);163.639608979225;0.923389618511569;43.3582539754712;0.692893439253355;0.960159609683541;855.985841482995;0.972171660621719;0.928694253094107;0.87794098171347;64.41804963511706;39.0;Alive
4;Tube 3;1502190.0;;;;;;;;;;;;;;;;;;1502190.0;0.0;219.0;False;F:\For Leo to analyse\0907 before laser\Analysis\2025-07-09_103430_tube3_cropped_8bits\14_0219_0_8bits.tiff;F:\For Leo to analyse\0907 before laser\Analysis\2025-07-09_103430_tube3_segmentationDebug\14_0219_0_segmented.tiff;1714.5;(77. 67);174.81118166446686;0.9290165266865348;46.72225593278257;0.7050321741329371;0.8393501926583457;918.4314219544342;0.9656988395726652;0.9178887974321568;0.8995051736610847;1502190.0;0.0;219.0;False;G:\Experiments\PTT\Spheroids\07072025_mda\0907 after laser\Analysis\2025-07-09_154539_tube3_cropped_8bits2\15_0219_0_8bits.tiff;G:\Experiments\PTT\Spheroids\07072025_mda\0907 after laser\Analysis\2025-07-09_154539_tube3_segmentationDebug2\15_0219_0_segmented.tiff;1955.0;(85. 74);190.367530703544;0.922169811320754;49.8917158449901;0.677908177111174;0.705223252310743;962.875549454913;0.966473710541298;0.906754176166217;0.874538462747398;75.39350798052118;40.0;Alive
4;Tube 3;1602210.0;;;;;;;;;;;;;;;;;;;;;;;;;;;;;;;;;;;1602210.0;0.0;221.0;False;G:\Experiments\PTT\Spheroids\07072025_mda\0907 after laser\Analysis\2025-07-09_154539_tube3_cropped_8bits2\16_0221_0_8bits.tiff;G:\Experiments\PTT\Spheroids\07072025_mda\0907 after laser\Analysis\2025-07-09_154539_tube3_segmentationDebug2\16_0221_0_segmented.tiff;1827.0;(73. 69);172.225395441055;0.949090909090909;48.2307852748754;0.77402329282925;0.709072079910485;581.641400251505;0.96934137071871;0.91324165523503;0.89995412219129;58.75098290775152;52.0;Alive
4;Tube 3;1602220.0;;;;;;;;;;;;;;;;;;1602220.0;0.0;222.0;False;F:\For Leo to analyse\0907 before laser\Analysis\2025-07-09_103430_tube3_cropped_8bits\15_0222_0_8bits.tiff;F:\For Leo to analyse\0907 before laser\Analysis\2025-07-09_103430_tube3_segmentationDebug\15_0222_0_segmented.tiff;1472.0;(69. 76);154.2253954410553;0.9466237942122186;43.29213103844808;0.7776888799406646;0.6999717592128639;1088.6742367589936;0.9694115556786216;0.9294375141226487;0.8893230325123104;;;;;;;;;;;;;;;;;;;;
4;Tube 3;1703240.0;;;;;;;;;;;;;;;;;;;;;;;;;;;;;;;;;;;1703240.0;0.0;324.0;False;G:\Experiments\PTT\Spheroids\07072025_mda\0907 after laser\Analysis\2025-07-09_154539_tube3_cropped_8bits2\17_0324_0_8bits.tiff;G:\Experiments\PTT\Spheroids\07072025_mda\0907 after laser\Analysis\2025-07-09_154539_tube3_segmentationDebug2\17_0324_0_segmented.tiff;1901.5;(76. 71);185.639608621597;0.925980034088142;49.2043188583473;0.693369773867735;0.8840825249351;906.612654797885;0.956996822921497;0.909116564443744;0.874918763565511;29.895570362399813;54.0;Dead
4;Tube 3;1704240.0;;;;;;;;;;;;;;;;;;1704240.0;0.0;424.0;False;F:\For Leo to analyse\0907 before laser\Analysis\2025-07-09_103430_tube3_cropped_8bits\16_0424_0_8bits.tiff;F:\For Leo to analyse\0907 before laser\Analysis\2025-07-09_103430_tube3_segmentationDebug\16_0424_0_segmented.tiff;1873.0;(74. 92);183.88224971294403;0.9240256536753824;48.83418543693506;0.6960942148306931;0.8839002501128932;965.1356512547392;0.9532859798432042;0.9100474448984116;0.8853560257375251;;;;;;;;;;;;;;;;;;;;
4;Tube 3;1806240.0;;;;;;;;;;;;;;;;;;;;;;;;;;;;;;;;;;;1806240.0;0.0;624.0;False;G:\Experiments\PTT\Spheroids\07072025_mda\0907 after laser\Analysis\2025-07-09_154539_tube3_cropped_8bits2\18_0624_0_8bits.tiff;G:\Experiments\PTT\Spheroids\07072025_mda\0907 after laser\Analysis\2025-07-09_154539_tube3_segmentationDebug2\18_0624_0_segmented.tiff;1648.0;(75. 75);177.539103984832;0.904004388370817;45.8071912446457;0.657020656636168;0.748389737903918;1062.04787215139;0.96440406508002;0.920467167320399;0.840802680558384;77.29448605995393;44.0;Alive
4;Tube 3;1807240.0;;;;;;;;;;;;;;;;;;1807240.0;0.0;724.0;False;F:\For Leo to analyse\0907 before laser\Analysis\2025-07-09_103430_tube3_cropped_8bits\17_0724_0_8bits.tiff;F:\For Leo to analyse\0907 before laser\Analysis\2025-07-09_103430_tube3_segmentationDebug\17_0724_0_segmented.tiff;1848.0;(71. 62);181.53910374641416;0.9205479452054794;48.50718172261279;0.7046467559675986;0.8411286894274999;833.4874187322227;0.9611109692354682;0.9115136859233888;0.9100050542163022;;;;;;;;;;;;;;;;;;;;
4;Tube 3;1909240.0;;;;;;;;;;;;;;;;;;1909240.0;0.0;924.0;False;F:\For Leo to analyse\0907 before laser\Analysis\2025-07-09_103430_tube3_cropped_8bits\18_0924_0_8bits.tiff;F:\For Leo to analyse\0907 before laser\Analysis\2025-07-09_103430_tube3_segmentationDebug\18_0924_0_segmented.tiff;1880.5;(73. 70);191.2964633703232;0.906265060240964;48.93186041705827;0.6457572931618881;0.7676524143736855;925.7196413890596;0.9446311501393152;0.88529685566466;0.8745364458168273;;;;;;;;;;;;;;;;;;;;
4;Tube 3;2012240.0;;;;;;;;;;;;;;;;;;2012240.0;0.0;1224.0;False;F:\For Leo to analyse\0907 before laser\Analysis\2025-07-09_103430_tube3_cropped_8bits\19_1224_0_8bits.tiff;F:\For Leo to analyse\0907 before laser\Analysis\2025-07-09_103430_tube3_segmentationDebug\19_1224_0_segmented.tiff;1751.0;(72. 69);189.53910338878632;0.8514466326282519;47.21697197863571;0.6124891029102727;0.8665286798155406;1038.9731219760629;0.9558547458529588;0.9152729456066844;0.8658276421362571;;;;;;;;;;;;;;;;;;;;
4;Tube 3;211050.0;;;;;;;;;;;;;;;;;;211050.0;0.0;1105.0;False;F:\For Leo to analyse\0907 before laser\Analysis\2025-07-09_103430_tube3_cropped_8bits\2_1105_0_8bits.tiff;F:\For Leo to analyse\0907 before laser\Analysis\2025-07-09_103430_tube3_segmentationDebug\2_1105_0_segmented.tiff;2712.5;(74. 80);239.58073389530185;0.891243633974043;58.76786762418838;0.5938487258767866;0.7916150288498865;855.2246927258616;0.9642904095745268;0.8714389712515664;0.9156509347108022;;;;;;;;;;;;;;;;;;;;
4;Tube 3;415030.0;;;;;;;;;;;;;;;;;;415030.0;0.0;1503.0;False;F:\For Leo to analyse\0907 before laser\Analysis\2025-07-09_103430_tube3_cropped_8bits\3_1503_0_8bits.tiff;F:\For Leo to analyse\0907 before laser\Analysis\2025-07-09_103430_tube3_segmentationDebug\3_1503_0_segmented.tiff;2979.5;(74. 81);254.7523069381714;0.876065862981476;61.59234711827775;0.576921870326042;0.8580784026889233;839.0025089086655;0.9240949196178622;0.8586563728769394;0.8945888286016261;415030.0;0.0;1503.0;False;G:\Experiments\PTT\Spheroids\07072025_mda\0907 after laser\Analysis\2025-07-09_154539_tube3_cropped_8bits2\4_1503_0_8bits.tiff;G:\Experiments\PTT\Spheroids\07072025_mda\0907 after laser\Analysis\2025-07-09_154539_tube3_segmentationDebug2\4_1503_0_segmented.tiff;2298.0;(75. 69);202.225395679473;0.938342180481829;54.0916303488941;0.706136239940609;0.744188336340973;1075.21010243415;0.954999540097052;0.890923396255584;0.859087850676452;97.52376222599291;37.0;Alive
4;Tube 3;513010.0;;;;;;;;;;;;;;;;;;513010.0;0.0;1301.0;False;F:\For Leo to analyse\0907 before laser\Analysis\2025-07-09_103430_tube3_cropped_8bits\4_1301_0_8bits.tiff;F:\For Leo to analyse\0907 before laser\Analysis\2025-07-09_103430_tube3_segmentationDebug\4_1301_0_segmented.tiff;2715.5;(76. 76);216.6101714372635;0.9476531146396788;58.80035700340887;0.727280559711826;0.747452738593147;971.535408994393;0.9392761448259276;0.8712212142825876;0.8836044589015988;;;;;;;;;;;;;;;;;;;;
4;Tube 3;707010.0;;;;;;;;;;;;;;;;;;707010.0;0.0;701.0;False;F:\For Leo to analyse\0907 before laser\Analysis\2025-07-09_103430_tube3_cropped_8bits\6_0701_0_8bits.tiff;F:\For Leo to analyse\0907 before laser\Analysis\2025-07-09_103430_tube3_segmentationDebug\6_0701_0_segmented.tiff;3316.5;(74. 85);258.26702558994293;0.9068908941755536;64.98229720557875;0.6248157146585694;0.9334691825729924;1038.4570240748285;0.9325183560784804;0.8437196151349452;0.8962304845744679;707010.0;0.0;701.0;False;G:\Experiments\PTT\Spheroids\07072025_mda\0907 after laser\Analysis\2025-07-09_154539_tube3_cropped_8bits2\7_0701_0_8bits.tiff;G:\Experiments\PTT\Spheroids\07072025_mda\0907 after laser\Analysis\2025-07-09_154539_tube3_segmentationDebug2\7_0701_0_segmented.tiff;3033.5;(78. 73);234.267025351524;0.92021841346883;62.1479859605612;0.694594815207949;0.90958473415337;1232.40331987216;0.947758534261194;0.857709999039618;0.836717076317241;53.801266399039854;52.0;Alive
4;Tube 3;803010.0;;;;;;;;;;;;;;;;;;803010.0;0.0;301.0;False;F:\For Leo to analyse\0907 before laser\Analysis\2025-07-09_103430_tube3_cropped_8bits\7_0301_0_8bits.tiff;F:\For Leo to analyse\0907 before laser\Analysis\2025-07-09_103430_tube3_segmentationDebug\7_0301_0_segmented.tiff;2779.0;(76. 74);227.19595789909363;0.9217247097844112;59.48388600973391;0.6765458118173223;0.7809710878095816;870.4635243256328;0.9591372544600428;0.8691728710176855;0.9282254805025834;;;;;;;;;;;;;;;;;;;;
4;Tube 3;804010.0;;;;;;;;;;;;;;;;;;;;;;;;;;;;;;;;;;;804010.0;0.0;401.0;False;G:\Experiments\PTT\Spheroids\07072025_mda\0907 after laser\Analysis\2025-07-09_154539_tube3_cropped_8bits2\8_0401_0_8bits.tiff;G:\Experiments\PTT\Spheroids\07072025_mda\0907 after laser\Analysis\2025-07-09_154539_tube3_segmentationDebug2\8_0401_0_segmented.tiff;2100.5;(71. 77);196.953317403793;0.933348144856698;51.714984904921;0.680465246488579;0.60503567327232;1196.2307110547;0.964503753557681;0.899529645243252;0.833277045550119;86.97871401178111;50.0;Alive
4;Tube 3;902020.0;;;;;;;;;;;;;;;;;;;;;;;;;;;;;;;;;;;902020.0;0.0;202.0;False;G:\Experiments\PTT\Spheroids\07072025_mda\0907 after laser\Analysis\2025-07-09_154539_tube3_cropped_8bits2\9_0202_0_8bits.tiff;G:\Experiments\PTT\Spheroids\07072025_mda\0907 after laser\Analysis\2025-07-09_154539_tube3_segmentationDebug2\9_0202_0_segmented.tiff;2432.0;(79. 73);237.195957899093;0.854532677442023;55.6463707064163;0.543198881352137;0.727308596203216;1024.69940888028;0.952088896038678;0.883968825153959;0.85918084735708;86.54830388058878;46.0;Alive
4;Tube 3;902030.0;;;;;;;;;;;;;;;;;;902030.0;0.0;203.0;False;F:\For Leo to analyse\0907 before laser\Analysis\2025-07-09_103430_tube3_cropped_8bits\8_0203_0_8bits.tiff;F:\For Leo to analyse\0907 before laser\Analysis\2025-07-09_103430_tube3_segmentationDebug\8_0203_0_segmented.tiff;2285.0;(70. 76);244.0243853330612;0.8396105089105272;53.93841265480332;0.4822026729164523;0.9178241268410487;969.1226605076188;0.9492677802620968;0.8898934601421318;0.8845827319028393;;;;;;;;;;;;;;;;;;;;
4;Tube 4;1002040.0;;;;;;;;;;;;;;;;;;1002040.0;0.0;204.0;False;F:\For Leo to analyse\0907 before laser\Analysis\2025-07-09_104806_tube4_cropped_8bits\10_0204_0_8bits.tiff;F:\For Leo to analyse\0907 before laser\Analysis\2025-07-09_104806_tube4_segmentationDebug\10_0204_0_segmented.tiff;2543.5;(82. 72);225.09545242786407;0.9257506824385804;56.90768649342448;0.6308239359165208;0.6798816336171264;1002.5549886746824;0.9532643810449094;0.8795385566360022;0.9055523747832472;;;;;;;;;;;;;;;;;;;;
4;Tube 4;1002050.0;;;;;;;;;;;;;;;;;;;;;;;;;;;;;;;;;;;1002050.0;0.0;205.0;False;G:\Experiments\PTT\Spheroids\07072025_mda\0907 after laser\Analysis\2025-07-09_155422_tube4_cropped_8bits2\10_0205_0_8bits.tiff;G:\Experiments\PTT\Spheroids\07072025_mda\0907 after laser\Analysis\2025-07-09_155422_tube4_segmentationDebug2\10_0205_0_segmented.tiff;2238.0;(74. 72);216.024384975433;0.882492113564668;53.3808027395363;0.602648932319092;0.806116140033326;1039.28723701779;0.961596570065294;0.893465644677846;0.890514293888533;112.15770668653175;37.0;Alive
4;Tube 4;107050.0;;;;;;;;;;;;;;;;;;107050.0;0.0;705.0;False;F:\For Leo to analyse\0907 before laser\Analysis\2025-07-09_104806_tube4_cropped_8bits\1_0705_0_8bits.tiff;F:\For Leo to analyse\0907 before laser\Analysis\2025-07-09_104806_tube4_segmentationDebug\1_0705_0_segmented.tiff;3161.0;(77. 76);277.82337415218353;0.8580347448425625;63.440603724332966;0.5146320113411573;0.8740303866149525;878.7474837700495;0.9666927523367014;0.850834401523451;0.9328182260126956;;;;;;;;;;;;;;;;;;;;
4;Tube 4;108050.0;;;;;;;;;;;;;;;;;;;;;;;;;;;;;;;;;;;108050.0;0.0;805.0;False;G:\Experiments\PTT\Spheroids\07072025_mda\0907 after laser\Analysis\2025-07-09_155422_tube4_cropped_8bits2\1_0805_0_8bits.tiff;G:\Experiments\PTT\Spheroids\07072025_mda\0907 after laser\Analysis\2025-07-09_155422_tube4_segmentationDebug2\1_0805_0_segmented.tiff;2944.0;(75. 74);242.852812051773;0.888620585571989;61.2243188586064;0.627279935812659;0.895584358918065;954.911406889472;0.933297273521582;0.860352580205909;0.854579043041189;82.2083350577329;37.0;Alive
4;Tube 4;1102070.0;;;;;;;;;;;;;;;;;;1102070.0;0.0;207.0;False;F:\For Leo to analyse\0907 before laser\Analysis\2025-07-09_104806_tube4_cropped_8bits\11_0207_0_8bits.tiff;F:\For Leo to analyse\0907 before laser\Analysis\2025-07-09_104806_tube4_segmentationDebug\11_0207_0_segmented.tiff;2876.5;(69. 85);243.4385987520218;0.8853493382579255;60.51837365982909;0.6099515837835983;0.7641987871135393;1061.0326325635951;0.9410705498407615;0.863806119315114;0.8976043079098438;;;;;;;;;;;;;;;;;;;;
4;Tube 4;1102080.0;;;;;;;;;;;;;;;;;;;;;;;;;;;;;;;;;;;1102080.0;0.0;208.0;False;G:\Experiments\PTT\Spheroids\07072025_mda\0907 after laser\Analysis\2025-07-09_155422_tube4_cropped_8bits2\11_0208_0_8bits.tiff;G:\Experiments\PTT\Spheroids\07072025_mda\0907 after laser\Analysis\2025-07-09_155422_tube4_segmentationDebug2\11_0208_0_segmented.tiff;2807.5;(72. 76);227.438598513603;0.929328037073816;59.7881260940997;0.682026560381696;0.753591341699103;926.477081852676;0.947767127253586;0.867697248515807;0.904395604713718;102.47347873470459;37.0;Alive
4;Tube 4;1202100.0;;;;;;;;;;;;;;;;;;1202100.0;0.0;210.0;False;F:\For Leo to analyse\0907 before laser\Analysis\2025-07-09_104806_tube4_cropped_8bits\12_0210_0_8bits.tiff;F:\For Leo to analyse\0907 before laser\Analysis\2025-07-09_104806_tube4_segmentationDebug\12_0210_0_segmented.tiff;2441.5;(77. 72);228.7523063421249;0.8718086056061417;55.75494909396743;0.5863212435192275;0.8145943490462398;1004.894108909756;0.9450690686973248;0.8837006439518167;0.8967019418097458;1202100.0;0.0;210.0;False;G:\Experiments\PTT\Spheroids\07072025_mda\0907 after laser\Analysis\2025-07-09_155422_tube4_cropped_8bits2\12_0210_0_8bits.tiff;G:\Experiments\PTT\Spheroids\07072025_mda\0907 after laser\Analysis\2025-07-09_155422_tube4_segmentationDebug2\12_0210_0_segmented.tiff;2519.5;(75. 74);217.095452547073;0.918185131195335;56.6385648914257;0.671773354432806;0.897182163362115;886.893805780814;0.96025968183252;0.880818057052304;0.891901073021531;104.44619183600271;37.0;Alive
4;Tube 4;1302130.0;;;;;;;;;;;;;;;;;;1302130.0;0.0;213.0;False;F:\For Leo to analyse\0907 before laser\Analysis\2025-07-09_104806_tube4_cropped_8bits\13_0213_0_8bits.tiff;F:\For Leo to analyse\0907 before laser\Analysis\2025-07-09_104806_tube4_segmentationDebug\13_0213_0_segmented.tiff;2057.0;(72. 75);191.1959580183029;0.9267853120072088;51.17669140849406;0.7071096140442815;0.9514000357204206;1203.0477664925684;0.9556459387558962;0.9018546431751256;0.8876331477535931;;;;;;;;;;;;;;;;;;;;
4;Tube 4;1402160.0;;;;;;;;;;;;;;;;;;1402160.0;0.0;216.0;False;F:\For Leo to analyse\0907 before laser\Analysis\2025-07-09_104806_tube4_cropped_8bits\14_0216_0_8bits.tiff;F:\For Leo to analyse\0907 before laser\Analysis\2025-07-09_104806_tube4_segmentationDebug\14_0216_0_segmented.tiff;2248.0;(74. 75);209.6812388896942;0.8927720413026211;53.499929874389984;0.6425205508479197;0.9321956246779408;1244.5186040704975;0.9474291335533028;0.8928707523277071;0.8780061272915993;;;;;;;;;;;;;;;;;;;;
4;Tube 4;1402170.0;;;;;;;;;;;;;;;;;;;;;;;;;;;;;;;;;;;1402170.0;0.0;217.0;False;G:\Experiments\PTT\Spheroids\07072025_mda\0907 after laser\Analysis\2025-07-09_155422_tube4_cropped_8bits2\14_0217_0_8bits.tiff;G:\Experiments\PTT\Spheroids\07072025_mda\0907 after laser\Analysis\2025-07-09_155422_tube4_segmentationDebug2\14_0217_0_segmented.tiff;2021.5;(75. 74);202.124889850616;0.879295345802522;50.7331621297365;0.621790406649406;0.874632335270133;1035.99946040792;0.968544667793305;0.90342805083864;0.888876038104731;102.9038888658969;37.0;Alive
4;Tube 4;1502180.0;;;;;;;;;;;;;;;;;;1502180.0;0.0;218.0;False;F:\For Leo to analyse\0907 before laser\Analysis\2025-07-09_104806_tube4_cropped_8bits\15_0218_0_8bits.tiff;F:\For Leo to analyse\0907 before laser\Analysis\2025-07-09_104806_tube4_segmentationDebug\15_0218_0_segmented.tiff;2498.0;(79. 85);232.36753106117249;0.8725113517289557;56.396386256110745;0.581368384885312;0.7547581448600982;1240.7849093554146;0.953812027887731;0.8812001251394721;0.8872582068701607;;;;;;;;;;;;;;;;;;;;
4;Tube 4;1502190.0;;;;;;;;;;;;;;;;;;;;;;;;;;;;;;;;;;;1502190.0;0.0;219.0;False;G:\Experiments\PTT\Spheroids\07072025_mda\0907 after laser\Analysis\2025-07-09_155422_tube4_cropped_8bits2\15_0219_0_8bits.tiff;G:\Experiments\PTT\Spheroids\07072025_mda\0907 after laser\Analysis\2025-07-09_155422_tube4_segmentationDebug2\15_0219_0_segmented.tiff;2324.5;(80. 78);230.267025351524;0.844811920770488;54.402622379228;0.550903984128867;0.922756227022214;918.037966241596;0.967430705046812;0.889277053038924;0.884452957682523;106.49063995916622;37.0;Alive
4;Tube 4;1602210.0;;;;;;;;;;;;;;;;;;1602210.0;0.0;221.0;False;F:\For Leo to analyse\0907 before laser\Analysis\2025-07-09_104806_tube4_cropped_8bits\16_0221_0_8bits.tiff;F:\For Leo to analyse\0907 before laser\Analysis\2025-07-09_104806_tube4_segmentationDebug\16_0221_0_segmented.tiff;2567.0;(80. 83);235.6812390089035;0.873872340425532;57.16997386159244;0.5807453049101039;0.7137665167559603;1245.5061130879496;0.9428183665907202;0.8773514632337983;0.8672551258677083;;;;;;;;;;;;;;;;;;;;
4;Tube 4;1602230.0;;;;;;;;;;;;;;;;;;;;;;;;;;;;;;;;;;;1602230.0;0.0;223.0;False;G:\Experiments\PTT\Spheroids\07072025_mda\0907 after laser\Analysis\2025-07-09_155422_tube4_cropped_8bits2\16_0223_0_8bits.tiff;G:\Experiments\PTT\Spheroids\07072025_mda\0907 after laser\Analysis\2025-07-09_155422_tube4_segmentationDebug2\16_0223_0_segmented.tiff;2570.5;(75. 72);220.610171318054;0.919677996422182;57.208935051631;0.663707015843802;0.687287710480956;1107.22845927233;0.944897136743647;0.877789596326776;0.849726168341626;88.26994440535806;37.0;Alive
4;Tube 4;1703240.0;;;;;;;;;;;;;;;;;;1703240.0;0.0;324.0;False;F:\For Leo to analyse\0907 before laser\Analysis\2025-07-09_104806_tube4_cropped_8bits\17_0324_0_8bits.tiff;F:\For Leo to analyse\0907 before laser\Analysis\2025-07-09_104806_tube4_segmentationDebug\17_0324_0_segmented.tiff;2026.5;(79. 77);196.6101714372635;0.901067140951534;50.79586535738719;0.6587862230193474;0.864581918970438;1328.5304119380778;0.9519903799857258;0.9029774657930628;0.8738032812754198;;;;;;;;;;;;;;;;;;;;
4;Tube 4;1705240.0;;;;;;;;;;;;;;;;;;;;;;;;;;;;;;;;;;;1705240.0;0.0;524.0;False;G:\Experiments\PTT\Spheroids\07072025_mda\0907 after laser\Analysis\2025-07-09_155422_tube4_cropped_8bits2\17_0524_0_8bits.tiff;G:\Experiments\PTT\Spheroids\07072025_mda\0907 after laser\Analysis\2025-07-09_155422_tube4_segmentationDebug2\17_0524_0_segmented.tiff;2132.5;(76. 71);187.296463489532;0.946725860155383;52.1074210563882;0.763905698169289;0.856129964586324;1118.00372083313;0.958824789879885;0.898872632395075;0.877146327752763;78.65745147539627;37.0;Alive
4;Tube 4;1805240.0;;;;;;;;;;;;;;;;;;1805240.0;0.0;524.0;False;F:\For Leo to analyse\0907 before laser\Analysis\2025-07-09_104806_tube4_cropped_8bits\18_0524_0_8bits.tiff;F:\For Leo to analyse\0907 before laser\Analysis\2025-07-09_104806_tube4_segmentationDebug\18_0524_0_segmented.tiff;2308.5;(65. 76);216.61017167568207;0.9047619047619048;54.21506699268316;0.6182755177311088;0.8621619989062899;1103.0471925286777;0.9497400566410068;0.88969257949369;0.8863460186279879;;;;;;;;;;;;;;;;;;;;
4;Tube 4;1908240.0;;;;;;;;;;;;;;;;;;1908240.0;0.0;824.0;False;F:\For Leo to analyse\0907 before laser\Analysis\2025-07-09_104806_tube4_cropped_8bits\19_0824_0_8bits.tiff;F:\For Leo to analyse\0907 before laser\Analysis\2025-07-09_104806_tube4_segmentationDebug\19_0824_0_segmented.tiff;3006.0;(88. 70);242.3675308227539;0.9132614309585296;61.86564532496124;0.6430577305413842;0.8062239924747872;859.3559198396115;0.9278684327619596;0.8577252132105101;0.8919911385155586;;;;;;;;;;;;;;;;;;;;
4;Tube 4;1910240.0;;;;;;;;;;;;;;;;;;;;;;;;;;;;;;;;;;;1910240.0;0.0;1024.0;False;G:\Experiments\PTT\Spheroids\07072025_mda\0907 after laser\Analysis\2025-07-09_155422_tube4_cropped_8bits2\19_1024_0_8bits.tiff;G:\Experiments\PTT\Spheroids\07072025_mda\0907 after laser\Analysis\2025-07-09_155422_tube4_segmentationDebug2\19_1024_0_segmented.tiff;3010.5;(77. 74);255.237587809562;0.870086705202312;61.911934628351;0.580709903294701;0.88357925462794;1102.73325581516;0.93348884936717;0.857369055320201;0.861464680328701;78.08357130047318;37.0;Alive
4;Tube 4;2011240.0;;;;;;;;;;;;;;;;;;2011240.0;0.0;1124.0;False;F:\For Leo to analyse\0907 before laser\Analysis\2025-07-09_104806_tube4_cropped_8bits\20_1124_0_8bits.tiff;F:\For Leo to analyse\0907 before laser\Analysis\2025-07-09_104806_tube4_segmentationDebug\20_1124_0_segmented.tiff;2249.5;(70. 76);211.09545242786407;0.8775112151355569;53.51777607376589;0.6343633829796795;0.878696313388086;1123.2107837281658;0.947160921117497;0.8925775066335179;0.8900999370943696;;;;;;;;;;;;;;;;;;;;
4;Tube 4;210050.0;;;;;;;;;;;;;;;;;;210050.0;0.0;1005.0;False;F:\For Leo to analyse\0907 before laser\Analysis\2025-07-09_104806_tube4_cropped_8bits\2_1005_0_8bits.tiff;F:\For Leo to analyse\0907 before laser\Analysis\2025-07-09_104806_tube4_segmentationDebug\2_1005_0_segmented.tiff;2878.0;(82. 86);235.53910386562347;0.8961544449634128;60.5341507725003;0.6518904470273378;0.8073381895533013;1058.3238337829744;0.9389709938196794;0.863641469674584;0.9119750800715316;;;;;;;;;;;;;;;;;;;;
4;Tube 4;211050.0;;;;;;;;;;;;;;;;;;;;;;;;;;;;;;;;;;;211050.0;0.0;1105.0;False;G:\Experiments\PTT\Spheroids\07072025_mda\0907 after laser\Analysis\2025-07-09_155422_tube4_cropped_8bits2\2_1105_0_8bits.tiff;G:\Experiments\PTT\Spheroids\07072025_mda\0907 after laser\Analysis\2025-07-09_155422_tube4_segmentationDebug2\2_1105_0_segmented.tiff;2701.0;(72. 76);224.024384737014;0.911422304707271;58.6431582567794;0.676306967573764;0.845788191115557;1124.11521343277;0.943921918709143;0.8719209568981;0.855027222583901;86.54830388058878;37.0;Alive
4;Tube 4;313050.0;;;;;;;;;;;;;;;;;;313050.0;0.0;1305.0;False;F:\For Leo to analyse\0907 before laser\Analysis\2025-07-09_104806_tube4_cropped_8bits\3_1305_0_8bits.tiff;F:\For Leo to analyse\0907 before laser\Analysis\2025-07-09_104806_tube4_segmentationDebug\3_1305_0_segmented.tiff;2779.5;(68. 69);244.26702547073364;0.8797278050324419;59.48923696427266;0.5853920965091071;0.8726423953860545;1028.442346380197;0.957647305793978;0.8673663232009675;0.914132816720316;;;;;;;;;;;;;;;;;;;;
4;Tube 4;314050.0;;;;;;;;;;;;;;;;;;;;;;;;;;;;;;;;;;;314050.0;0.0;1405.0;False;G:\Experiments\PTT\Spheroids\07072025_mda\0907 after laser\Analysis\2025-07-09_155422_tube4_cropped_8bits2\3_1405_0_8bits.tiff;G:\Experiments\PTT\Spheroids\07072025_mda\0907 after laser\Analysis\2025-07-09_155422_tube4_segmentationDebug2\3_1405_0_segmented.tiff;2325.5;(76. 71);205.580733895301;0.92208564631245;54.4143231261918;0.691450959590978;0.950894227638651;1160.2659225709;0.958984765639641;0.889773413501798;0.854268619176668;85.32880850887722;37.0;Alive
4;Tube 4;415020.0;;;;;;;;;;;;;;;;;;;;;;;;;;;;;;;;;;;415020.0;0.0;1502.0;False;G:\Experiments\PTT\Spheroids\07072025_mda\0907 after laser\Analysis\2025-07-09_155422_tube4_cropped_8bits2\4_1502_0_8bits.tiff;G:\Experiments\PTT\Spheroids\07072025_mda\0907 after laser\Analysis\2025-07-09_155422_tube4_segmentationDebug2\4_1502_0_segmented.tiff;2731.0;(76. 75);250.509665966033;0.870993461967788;58.9679336306753;0.546868097043223;0.79950532192297;1113.16867818897;0.944223036459277;0.869771681047491;0.854784312738381;96.19666432148327;37.0;Alive
4;Tube 4;415040.0;;;;;;;;;;;;;;;;;;415040.0;0.0;1504.0;False;F:\For Leo to analyse\0907 before laser\Analysis\2025-07-09_104806_tube4_cropped_8bits\4_1504_0_8bits.tiff;F:\For Leo to analyse\0907 before laser\Analysis\2025-07-09_104806_tube4_segmentationDebug\4_1504_0_segmented.tiff;2582.0;(82. 72);224.36753106117249;0.8949740034662045;57.336763987045785;0.6445343741002791;0.8115614439785253;1283.4966058143875;0.9382851413176586;0.8770036735090667;0.8521673541271015;;;;;;;;;;;;;;;;;;;;
4;Tube 4;514010.0;;;;;;;;;;;;;;;;;;514010.0;0.0;1401.0;False;F:\For Leo to analyse\0907 before laser\Analysis\2025-07-09_104806_tube4_cropped_8bits\5_1401_0_8bits.tiff;F:\For Leo to analyse\0907 before laser\Analysis\2025-07-09_104806_tube4_segmentationDebug\5_1401_0_segmented.tiff;2827.0;(76. 86);238.16652023792267;0.9003184713375796;59.99540143182897;0.6262882296432027;0.8751119450201099;1032.4298630548487;0.9292317758268116;0.8656644205574197;0.8845381179828546;;;;;;;;;;;;;;;;;;;;
4;Tube 4;610010.0;;;;;;;;;;;;;;;;;;;;;;;;;;;;;;;;;;;610010.0;0.0;1001.0;False;G:\Experiments\PTT\Spheroids\07072025_mda\0907 after laser\Analysis\2025-07-09_155422_tube4_cropped_8bits2\6_1001_0_8bits.tiff;G:\Experiments\PTT\Spheroids\07072025_mda\0907 after laser\Analysis\2025-07-09_155422_tube4_segmentationDebug2\6_1001_0_segmented.tiff;2951.0;(75. 76);245.338093161582;0.904382470119521;61.2970627070617;0.61609701203378;0.818302182613939;888.877687184853;0.955668611610183;0.860464685212673;0.923364563131771;124.1374553380513;37.0;Alive
4;Tube 4;611010.0;;;;;;;;;;;;;;;;;;611010.0;0.0;1101.0;False;F:\For Leo to analyse\0907 before laser\Analysis\2025-07-09_104806_tube4_cropped_8bits\6_1101_0_8bits.tiff;F:\For Leo to analyse\0907 before laser\Analysis\2025-07-09_104806_tube4_segmentationDebug\6_1101_0_segmented.tiff;2839.5;(74. 65);242.95331752300265;0.8698116097411549;60.1278944191088;0.604513591344649;0.8811867905770079;1180.624831490555;0.9281607234362512;0.8651718730190086;0.877671036980687;;;;;;;;;;;;;;;;;;;;
4;Tube 4;707010.0;;;;;;;;;;;;;;;;;;;;;;;;;;;;;;;;;;;707010.0;0.0;701.0;False;G:\Experiments\PTT\Spheroids\07072025_mda\0907 after laser\Analysis\2025-07-09_155422_tube4_cropped_8bits2\7_0701_0_8bits.tiff;G:\Experiments\PTT\Spheroids\07072025_mda\0907 after laser\Analysis\2025-07-09_155422_tube4_segmentationDebug2\7_0701_0_segmented.tiff;2277.0;(74. 69);220.367530941963;0.876949740034662;53.8439081360367;0.589220275972546;0.973450380953325;1189.33462991754;0.951692711581094;0.890974302448325;0.838074624369491;106.84931506849315;37.0;Alive
4;Tube 4;708010.0;;;;;;;;;;;;;;;;;;708010.0;0.0;801.0;False;F:\For Leo to analyse\0907 before laser\Analysis\2025-07-09_104806_tube4_cropped_8bits\7_0801_0_8bits.tiff;F:\For Leo to analyse\0907 before laser\Analysis\2025-07-09_104806_tube4_segmentationDebug\7_0801_0_segmented.tiff;2803.5;(78. 70);230.26702535152435;0.9206896551724136;59.7455191932;0.6644264656938176;0.9339915343284202;1143.638807488297;0.9319461780460122;0.8669761377802874;0.8899259307549192;;;;;;;;;;;;;;;;;;;;
4;Tube 4;804010.0;;;;;;;;;;;;;;;;;;;;;;;;;;;;;;;;;;;804010.0;0.0;401.0;False;G:\Experiments\PTT\Spheroids\07072025_mda\0907 after laser\Analysis\2025-07-09_155422_tube4_cropped_8bits2\8_0401_0_8bits.tiff;G:\Experiments\PTT\Spheroids\07072025_mda\0907 after laser\Analysis\2025-07-09_155422_tube4_segmentationDebug2\8_0401_0_segmented.tiff;2525.5;(75. 82);224.953317761421;0.874783512296501;56.7059650321608;0.627151450765398;0.854884949129914;998.930781258342;0.948310438590438;0.879929587327938;0.855162786714917;110.65127122735863;37.0;Alive
4;Tube 4;805010.0;;;;;;;;;;;;;;;;;;805010.0;0.0;501.0;False;F:\For Leo to analyse\0907 before laser\Analysis\2025-07-09_104806_tube4_cropped_8bits\8_0501_0_8bits.tiff;F:\For Leo to analyse\0907 before laser\Analysis\2025-07-09_104806_tube4_segmentationDebug\8_0501_0_segmented.tiff;2486.5;(73. 75);215.9238793849945;0.9111396115793332;56.26642096298628;0.6701885116414295;0.9351770804538792;1212.9913064901707;0.9374156062204244;0.8818234142785853;0.8616363124471338;;;;;;;;;;;;;;;;;;;;
4;Tube 4;902020.0;;;;;;;;;;;;;;;;;;902020.0;0.0;202.0;False;F:\For Leo to analyse\0907 before laser\Analysis\2025-07-09_104806_tube4_cropped_8bits\9_0202_0_8bits.tiff;F:\For Leo to analyse\0907 before laser\Analysis\2025-07-09_104806_tube4_segmentationDebug\9_0202_0_segmented.tiff;2495.0;(71. 83);209.88224935531616;0.929929183749534;56.36251115869688;0.7117524881234633;0.7418406886859227;1130.0755679657975;0.9427350177623108;0.8819113130148873;0.8925009852362387;902020.0;0.0;202.0;False;G:\Experiments\PTT\Spheroids\07072025_mda\0907 after laser\Analysis\2025-07-09_155422_tube4_cropped_8bits2\9_0202_0_8bits.tiff;G:\Experiments\PTT\Spheroids\07072025_mda\0907 after laser\Analysis\2025-07-09_155422_tube4_segmentationDebug2\9_0202_0_segmented.tiff;2283.0;(77. 80);212.024384617805;0.889538281706604;53.914802055005;0.638181415221504;0.653450482287608;1009.16035569415;0.957190725333496;0.89104853962198;0.87258555192197;108.14054546207011;37.0;Alive
