Experiment ID;Sheet;merge_number;Name_day0;Index_day0;Wells_day0;multiple_day0;Path 8bcrop_day0;Path segmented_day0;Area (pix2)_day0;Centroid_day0;Perimeter (pix)_day0;Solidity_day0;Equivalent Diameter (pix)_day0;Circularity_day0;Aspect ratio_day0;Mean grey value_day0;Homogeneity_day0;Energy_day0;Correlation_day0;Normalised alb_day0;Max temp (°C)_day0;Label_day0;Name_day1;Index_day1;Wells_day1;multiple_day1;Path 8bcrop_day1;Path segmented_day1;Area (um2)_day1;Centroid_day1;Perimeter (pix)_day1;Solidity_day1;Equivalent Diameter (pix)_day1;Circularity_day1;Aspect ratio_day1;Mean grey value_day1;Homogeneity_day1;Energy_day1;Correlation_day1;Area (pix2)_day1;Normalised alb_day1;Max temp (°C)_day1;Label_day1;Name_day2;Index_day2;Wells_day2;multiple_day2;Path 8bcrop_day2;Path segmented_day2;Area (um2)_day2;Centroid_day2;Perimeter (pix)_day2;Solidity_day2;Equivalent Diameter (pix)_day2;Circularity_day2;Aspect ratio_day2;Mean grey value_day2;Homogeneity_day2;Energy_day2;Correlation_day2;Normalised alb_day2;Max temp (°C)_day2;Label_day2;Area (pix2)_day2;Name_delta;Index_delta;Wells_delta;multiple_delta;Path 8bcrop_delta;Path segmented_delta;Area (um2)_delta;Centroid_delta;Perimeter (pix)_delta;Solidity_delta;Equivalent Diameter (pix)_delta;Circularity_delta;Aspect ratio_delta;Mean grey value_delta;Homogeneity_delta;Energy_delta;Correlation_delta;Area (pix2)_delta;Normalised alb_delta;Max temp (°C)_delta;Label_delta
1;Tube 5;1002050.0;;;;;;;;;;;;;;;;;;;;;1002050.0;0.0;205.0;False;G:\Experiments\PTT\Spheroids\01072025_mcf7\0307 before laser\Analysis\2025-07-03_104800_tube5_cropped_8bits2\10_0205_0_8bits.tiff;G:\Experiments\PTT\Spheroids\01072025_mcf7\0307 before laser\Analysis\2025-07-03_104800_tube5_segmentationDebug2\10_0205_0_segmented.tiff;1419.0;(77. 73);160.911687374115;0.919041450777202;42.5056103823859;0.688679382583463;0.782924510693669;373.66647271754;0.973178685008814;0.931413436178899;0.935095477821853;;;;;1002050.0;0.0;205.0;False;E:\Experiments\PTT\Spheroids\01072025_mcf7\0307 after\Analysis\2025-07-03_153641_tube5_cropped_8bits\10_0205_0_8bits.tiff;E:\Experiments\PTT\Spheroids\01072025_mcf7\0307 after\Analysis\2025-07-03_153641_tube5_segmentationDebug\10_0205_0_segmented.tiff;1599.0;(69. 70);202.02438509464264;0.7971086739780658;45.12105973967727;0.492323697534187;0.6872155122331066;1186.3988978135612;0.9727470982890624;0.922286946463569;0.8726921124423074;4.972058172864206;62.0;Dead;;0.0;0.0;0.0;;;;180.0;;41.11269772052765;-0.12193277679913617;2.615449357291368;-0.19635568504927597;-0.09570899846056236;812.7324250960212;-0.000431586719751631;-0.009126489715330033;-0.062403365379545606;;;;
1;Tube 5;107050.0;;;;;;;;;;;;;;;;;;;;;107050.0;0.0;705.0;False;G:\Experiments\PTT\Spheroids\01072025_mcf7\0307 before laser\Analysis\2025-07-03_104800_tube5_cropped_8bits2\1_0705_0_8bits.tiff;G:\Experiments\PTT\Spheroids\01072025_mcf7\0307 before laser\Analysis\2025-07-03_104800_tube5_segmentationDebug2\1_0705_0_segmented.tiff;2386.5;(75. 87);216.124890089035;0.90022632968691;55.1233722980594;0.64203947638528;0.731808820398729;431.120764833112;0.943066744583872;0.885827810479484;0.924498494559902;;;;;;;;;;;;;;;;;;;;;;;;;;;;;;;;;;;;;;;;;;;;;;
1;Tube 5;108050.0;;;;;;;;;;;;;;;;;;;;;;;;;;;;;;;;;;;;;;;;;;108050.0;0.0;805.0;False;E:\Experiments\PTT\Spheroids\01072025_mcf7\0307 after\Analysis\2025-07-03_153641_tube5_cropped_8bits\1_0805_0_8bits.tiff;E:\Experiments\PTT\Spheroids\01072025_mcf7\0307 after\Analysis\2025-07-03_153641_tube5_segmentationDebug\1_0805_0_segmented.tiff;2479.0;(62. 81);229.5391036272049;0.8850410567654409;56.18149901345165;0.591252551755992;0.69954274410667;429.23364572114656;0.9495264510923568;0.8822799505288021;0.9356590055682242;108.99813400534791;37.0;Alive;;;;;;;;;;;;;;;;;;;;;;
1;Tube 5;1102070.0;;;;;;;;;;;;;;;;;;;;;1102070.0;0.0;207.0;False;G:\Experiments\PTT\Spheroids\01072025_mcf7\0307 before laser\Analysis\2025-07-03_104800_tube5_cropped_8bits2\11_0207_0_8bits.tiff;G:\Experiments\PTT\Spheroids\01072025_mcf7\0307 before laser\Analysis\2025-07-03_104800_tube5_segmentationDebug2\11_0207_0_segmented.tiff;1279.5;(77. 73);177.639608979225;0.821772639691714;40.3622347930418;0.509530912527473;0.653405346839592;127.61939344382;0.976607588636347;0.937161939708758;0.938963956877284;;;;;1102070.0;0.0;207.0;False;E:\Experiments\PTT\Spheroids\01072025_mcf7\0307 after\Analysis\2025-07-03_153641_tube5_cropped_8bits\11_0207_0_8bits.tiff;E:\Experiments\PTT\Spheroids\01072025_mcf7\0307 after\Analysis\2025-07-03_153641_tube5_segmentationDebug\11_0207_0_segmented.tiff;1344.5;(75. 74);178.81118190288544;0.852568167406468;41.37475761737374;0.5284225262940914;0.7312621110658674;466.2563969974221;0.9750045500570572;0.9341492698116648;0.9234141223629624;45.77169459246292;54.0;Dead;;0.0;0.0;0.0;;;;65.0;;1.1715729236604489;0.030795527714754023;1.0125228243319384;0.01889161376661841;0.07785676422627541;338.6370035536021;-0.0016030385792897839;-0.0030126698970932564;-0.01554983451432157;;;;
1;Tube 5;1202100.0;;;;;;;;;;;;;;;;;;;;;1202100.0;0.0;210.0;False;G:\Experiments\PTT\Spheroids\01072025_mcf7\0307 before laser\Analysis\2025-07-03_104800_tube5_cropped_8bits2\12_0210_0_8bits.tiff;G:\Experiments\PTT\Spheroids\01072025_mcf7\0307 before laser\Analysis\2025-07-03_104800_tube5_segmentationDebug2\12_0210_0_segmented.tiff;1025.5;(71. 66);136.811181664466;0.915625;36.1345700559161;0.688497457355033;0.743111296812529;308.162642481476;0.980188134939038;0.949729685270343;0.931886497736388;;;;;1202100.0;0.0;210.0;False;E:\Experiments\PTT\Spheroids\01072025_mcf7\0307 after\Analysis\2025-07-03_153641_tube5_cropped_8bits\12_0210_0_8bits.tiff;E:\Experiments\PTT\Spheroids\01072025_mcf7\0307 after\Analysis\2025-07-03_153641_tube5_segmentationDebug\12_0210_0_segmented.tiff;1394.0;(74. 78);165.5391036272049;0.8990648178007095;42.12951370904744;0.6392510342418871;0.927675809232731;1018.3050626456876;0.9804414518925376;0.9322826686045076;0.8989104916987114;4.822730508050709;65.0;Dead;;0.0;0.0;0.0;;;;368.5;;28.72792196273889;-0.016560182199290563;5.994943653131337;-0.049246423113145865;0.184564512420202;710.1424201642117;0.000253316953499616;-0.01744701666583537;-0.032976006037676586;;;;
1;Tube 5;1302130.0;;;;;;;;;;;;;;;;;;;;;1302130.0;0.0;213.0;False;G:\Experiments\PTT\Spheroids\01072025_mcf7\0307 before laser\Analysis\2025-07-03_104800_tube5_cropped_8bits2\13_0213_0_8bits.tiff;G:\Experiments\PTT\Spheroids\01072025_mcf7\0307 before laser\Analysis\2025-07-03_104800_tube5_segmentationDebug2\13_0213_0_segmented.tiff;1149.5;(81. 63);154.124890446662;0.903694968553459;38.2568798606612;0.608097583826956;0.529790330516245;411.135924537392;0.977132295381073;0.943671460633127;0.927104465484338;;;;;1302130.0;0.0;213.0;False;E:\Experiments\PTT\Spheroids\01072025_mcf7\0307 after\Analysis\2025-07-03_153641_tube5_cropped_8bits\13_0213_0_8bits.tiff;E:\Experiments\PTT\Spheroids\01072025_mcf7\0307 after\Analysis\2025-07-03_153641_tube5_segmentationDebug\13_0213_0_segmented.tiff;1324.0;(68. 78);156.2253955602646;0.919763806877388;41.05811926074252;0.6817020236118234;0.7689685634604012;692.6725324828728;0.9700269712616012;0.9354181700346392;0.9023860433343168;27.32143200661755;62.0;Dead;;0.0;0.0;0.0;;;;174.5;;2.100505113602594;0.016068838323929024;2.8012394000813217;0.07360443978486741;0.2391782329441562;281.53660794548085;-0.007105324119471845;-0.008253290598487784;-0.02471842215002118;;;;
1;Tube 5;1402160.0;;;;;;;;;;;;;;;;;;;;;1402160.0;0.0;216.0;False;G:\Experiments\PTT\Spheroids\01072025_mcf7\0307 before laser\Analysis\2025-07-03_104800_tube5_cropped_8bits2\14_0216_0_8bits.tiff;G:\Experiments\PTT\Spheroids\01072025_mcf7\0307 before laser\Analysis\2025-07-03_104800_tube5_segmentationDebug2\14_0216_0_segmented.tiff;1142.0;(68. 75);151.254833221435;0.888715953307393;38.1318706607419;0.627274229726645;0.849846925747548;276.150399326679;0.978939388402949;0.944040104652248;0.943826779130002;;;;;1402160.0;0.0;216.0;False;E:\Experiments\PTT\Spheroids\01072025_mcf7\0307 after\Analysis\2025-07-03_153641_tube5_cropped_8bits\14_0216_0_8bits.tiff;E:\Experiments\PTT\Spheroids\01072025_mcf7\0307 after\Analysis\2025-07-03_153641_tube5_segmentationDebug\14_0216_0_segmented.tiff;1377.5;(75. 73);154.95331752300262;0.9304289091523134;41.879439739240624;0.7209409821652267;0.765837211872072;1091.705140507103;0.9738755296339188;0.9334378138770244;0.877540986000698;5.856962853240483;74.0;Dead;;0.0;0.0;0.0;;;;235.5;;3.6984843015676176;0.04171295584492041;3.747569078498721;0.09366675243858169;-0.08400971387547607;815.5547411804239;-0.0050638587690302606;-0.010602290775223566;-0.06628579312930405;;;;
1;Tube 5;1502190.0;;;;;;;;;;;;;;;;;;;;;1502190.0;0.0;219.0;False;G:\Experiments\PTT\Spheroids\01072025_mcf7\0307 before laser\Analysis\2025-07-03_104800_tube5_cropped_8bits2\15_0219_0_8bits.tiff;G:\Experiments\PTT\Spheroids\01072025_mcf7\0307 before laser\Analysis\2025-07-03_104800_tube5_segmentationDebug2\15_0219_0_segmented.tiff;1122.0;(74. 75);144.568541169166;0.911454102355808;37.7964914931644;0.674613648996934;0.802843164782235;258.381670838619;0.978257500008384;0.94514169818727;0.932640373727252;;;;;1502190.0;0.0;219.0;False;E:\Experiments\PTT\Spheroids\01072025_mcf7\0307 after\Analysis\2025-07-03_153641_tube5_cropped_8bits\15_0219_0_8bits.tiff;E:\Experiments\PTT\Spheroids\01072025_mcf7\0307 after\Analysis\2025-07-03_153641_tube5_segmentationDebug\15_0219_0_segmented.tiff;1205.5;(71. 79);143.1543276309967;0.9312475859405176;39.17767567350364;0.7392104805892508;0.9135495331202956;999.8790059197264;0.9756847934089152;0.9413222373951744;0.8840087994608669;12.410788142277283;69.0;Dead;;0.0;0.0;0.0;;;;83.5;;-1.4142135381692924;0.01979348358470956;1.3811841803392397;0.06459683159231677;0.11070636833806058;741.4973350811074;-0.0025727065994687326;-0.003819460792095608;-0.04863157426638509;;;;
1;Tube 5;1602210.0;;;;;;;;;;;;;;;;;;;;;;;;;;;;;;;;;;;;;;;;;;1602210.0;0.0;221.0;False;E:\Experiments\PTT\Spheroids\01072025_mcf7\0307 after\Analysis\2025-07-03_153641_tube5_cropped_8bits\16_0221_0_8bits.tiff;E:\Experiments\PTT\Spheroids\01072025_mcf7\0307 after\Analysis\2025-07-03_153641_tube5_segmentationDebug\16_0221_0_segmented.tiff;1162.5;(75. 71);145.63960886001587;0.9157148483654982;38.47260025985541;0.6887217808823074;0.7254241268054593;1249.9956739366223;0.9792169006782664;0.9430612472755352;0.8271093667776546;4.60150433795664;63.0;Dead;;;;;;;;;;;;;;;;;;;;;;
1;Tube 5;1602220.0;;;;;;;;;;;;;;;;;;;;;1602220.0;0.0;222.0;False;G:\Experiments\PTT\Spheroids\01072025_mcf7\0307 before laser\Analysis\2025-07-03_104800_tube5_cropped_8bits2\16_0222_0_8bits.tiff;G:\Experiments\PTT\Spheroids\01072025_mcf7\0307 before laser\Analysis\2025-07-03_104800_tube5_segmentationDebug2\16_0222_0_segmented.tiff;956.0;(76. 78);117.740113854408;0.970558375634517;34.8886371870099;0.866600336674721;0.930829421526926;468.881757822123;0.983685181467416;0.953415509147031;0.925522647010015;;;;;;;;;;;;;;;;;;;;;;;;;;;;;;;;;;;;;;;;;;;;;;
1;Tube 5;1703240.0;;;;;;;;;;;;;;;;;;;;;1703240.0;0.0;324.0;False;G:\Experiments\PTT\Spheroids\01072025_mcf7\0307 before laser\Analysis\2025-07-03_104800_tube5_cropped_8bits2\17_0324_0_8bits.tiff;G:\Experiments\PTT\Spheroids\01072025_mcf7\0307 before laser\Analysis\2025-07-03_104800_tube5_segmentationDebug2\17_0324_0_segmented.tiff;1319.0;(75. 76);145.05382323265;0.949945984875765;40.9805192683753;0.787764306871835;0.85605275089233;338.827060415575;0.968757470243583;0.9362993821364;0.930418245365314;;;;;1703240.0;0.0;324.0;False;E:\Experiments\PTT\Spheroids\01072025_mcf7\0307 after\Analysis\2025-07-03_153641_tube5_cropped_8bits\17_0324_0_8bits.tiff;E:\Experiments\PTT\Spheroids\01072025_mcf7\0307 after\Analysis\2025-07-03_153641_tube5_segmentationDebug\17_0324_0_segmented.tiff;1438.0;(71. 70);160.56854164600372;0.9259497746297488;42.78923305376207;0.7008867085378109;0.8425416525163989;1247.1966328138942;0.9726597752632964;0.9303227251099896;0.8717211565011466;4.994180789873613;71.0;Dead;;0.0;0.0;0.0;;;;119.0;;15.514718413353734;-0.02399621024601617;1.8087137853867645;-0.08687759833402409;-0.013511098375931119;908.3695723983192;0.003902305019713337;-0.00597665702641037;-0.05869708886416747;;;;
1;Tube 5;1806240.0;;;;;;;;;;;;;;;;;;;;;1806240.0;0.0;624.0;False;G:\Experiments\PTT\Spheroids\01072025_mcf7\0307 before laser\Analysis\2025-07-03_104800_tube5_cropped_8bits2\18_0624_0_8bits.tiff;G:\Experiments\PTT\Spheroids\01072025_mcf7\0307 before laser\Analysis\2025-07-03_104800_tube5_segmentationDebug2\18_0624_0_segmented.tiff;1183.0;(76. 76);179.740114331245;0.804761904761904;38.810338589372;0.460155462012975;0.707609246528332;436.92501050367;0.971520463262713;0.940828279628338;0.920835123120262;;;;;1806240.0;0.0;624.0;False;E:\Experiments\PTT\Spheroids\01072025_mcf7\0307 after\Analysis\2025-07-03_153641_tube5_cropped_8bits\18_0624_0_8bits.tiff;E:\Experiments\PTT\Spheroids\01072025_mcf7\0307 after\Analysis\2025-07-03_153641_tube5_segmentationDebug\18_0624_0_segmented.tiff;1183.5;(71. 84);186.81118202209475;0.775049115913556;38.81853940057592;0.4261597112453568;0.7475006588087085;1216.5928930281827;0.9744791756091036;0.9409856489670508;0.8493180223402447;9.258315218436797;58.0;Dead;;0.0;0.0;0.0;;;;0.5;;7.071067690849759;-0.02971278884834805;0.008200811203920466;-0.03399575076761824;0.039891412280376515;779.6678825245127;0.0029587123463905574;0.00015736933871279835;-0.07151710078001727;;;;
1;Tube 5;1909240.0;;;;;;;;;;;;;;;;;;;;;1909240.0;0.0;924.0;False;G:\Experiments\PTT\Spheroids\01072025_mcf7\0307 before laser\Analysis\2025-07-03_104800_tube5_cropped_8bits2\19_0924_0_8bits.tiff;G:\Experiments\PTT\Spheroids\01072025_mcf7\0307 before laser\Analysis\2025-07-03_104800_tube5_segmentationDebug2\19_0924_0_segmented.tiff;1072.5;(75. 72);193.639609217643;0.695525291828793;36.9533410090138;0.359433680391063;0.452457292740021;458.501842968262;0.973587151549748;0.944884644110642;0.891749918463245;;;;;1909240.0;0.0;924.0;False;E:\Experiments\PTT\Spheroids\01072025_mcf7\0307 after\Analysis\2025-07-03_153641_tube5_cropped_8bits\19_0924_0_8bits.tiff;E:\Experiments\PTT\Spheroids\01072025_mcf7\0307 after\Analysis\2025-07-03_153641_tube5_segmentationDebug\19_0924_0_segmented.tiff;907.5;(73. 69);124.66904652118684;0.9279141104294478;33.992129778040685;0.7337349761349238;0.798371649710592;298.7602412280703;0.9788242881258432;0.9554276985692166;0.921905105245803;45.99292076255699;55.0;Dead;;0.0;0.0;0.0;;;;-165.0;;-68.97056269645616;0.23238881860065486;-2.961211230973113;0.3743012957438608;0.34591435697057105;-159.7416017401917;0.005237136576095258;0.010543054458574619;0.03015518678255802;;;;
1;Tube 5;2011240.0;;;;;;;;;;;;;;;;;;;;;;;;;;;;;;;;;;;;;;;;;;2011240.0;0.0;1124.0;False;E:\Experiments\PTT\Spheroids\01072025_mcf7\0307 after\Analysis\2025-07-03_153641_tube5_cropped_8bits\20_1124_0_8bits.tiff;E:\Experiments\PTT\Spheroids\01072025_mcf7\0307 after\Analysis\2025-07-03_153641_tube5_segmentationDebug\20_1124_0_segmented.tiff;1162.0;(79. 86);156.56854164600372;0.8626577579806979;38.46432569254606;0.5956717162087712;0.7486474174850045;1050.87200795126;0.9807067438296811;0.9431401742507912;0.8768199200260778;6.255169959409807;73.0;Dead;;;;;;;;;;;;;;;;;;;;;;
1;Tube 5;2012240.0;;;;;;;;;;;;;;;;;;;;;2012240.0;0.0;1224.0;False;G:\Experiments\PTT\Spheroids\01072025_mcf7\0307 before laser\Analysis\2025-07-03_104800_tube5_cropped_8bits2\20_1224_0_8bits.tiff;G:\Experiments\PTT\Spheroids\01072025_mcf7\0307 before laser\Analysis\2025-07-03_104800_tube5_segmentationDebug2\20_1224_0_segmented.tiff;1101.0;(76. 74);147.740114450454;0.897310513447432;37.4411102767187;0.633870179404498;0.897972569846363;536.622688088216;0.977341853329535;0.945841856263663;0.928823072081321;;;;;;;;;;;;;;;;;;;;;;;;;;;;;;;;;;;;;;;;;;;;;;
1;Tube 5;210050.0;;;;;;;;;;;;;;;;;;;;;210050.0;0.0;1005.0;False;G:\Experiments\PTT\Spheroids\01072025_mcf7\0307 before laser\Analysis\2025-07-03_104800_tube5_cropped_8bits2\2_1005_0_8bits.tiff;G:\Experiments\PTT\Spheroids\01072025_mcf7\0307 before laser\Analysis\2025-07-03_104800_tube5_segmentationDebug2\2_1005_0_segmented.tiff;2392.5;(79. 69);209.438598513603;0.934387814879906;55.1926227930769;0.685406729795786;0.655876515365459;185.564778248587;0.956086251844961;0.886367907194237;0.956669925022213;;;;;;;;;;;;;;;;;;;;;;;;;;;;;;;;;;;;;;;;;;;;;;
1;Tube 5;212050.0;;;;;;;;;;;;;;;;;;;;;;;;;;;;;;;;;;;;;;;;;;212050.0;0.0;1205.0;False;E:\Experiments\PTT\Spheroids\01072025_mcf7\0307 after\Analysis\2025-07-03_153641_tube5_cropped_8bits\2_1205_0_8bits.tiff;E:\Experiments\PTT\Spheroids\01072025_mcf7\0307 after\Analysis\2025-07-03_153641_tube5_segmentationDebug\2_1205_0_segmented.tiff;2345.5;(74. 37);217.78174459934235;0.9098138091543831;54.64781196147128;0.6214445108120467;0.6005816643725066;287.60225759736454;0.945932588998458;0.8722164878204967;0.9341655265252669;99.81724794644404;37.0;Alive;;;;;;;;;;;;;;;;;;;;;;
1;Tube 5;313050.0;;;;;;;;;;;;;;;;;;;;;313050.0;0.0;1305.0;False;G:\Experiments\PTT\Spheroids\01072025_mcf7\0307 before laser\Analysis\2025-07-03_104800_tube5_cropped_8bits2\3_1305_0_8bits.tiff;G:\Experiments\PTT\Spheroids\01072025_mcf7\0307 before laser\Analysis\2025-07-03_104800_tube5_segmentationDebug2\3_1305_0_segmented.tiff;2214.5;(76. 84);193.639609217643;0.943746004687833;53.0998019941319;0.742159333544064;0.885123093461986;552.036455331411;0.947786957617743;0.894892258714838;0.926000791885128;;;;;;;;;;;;;;;;;;;;;;;;;;;;;;;;;;;;;;;;;;;;;;
1;Tube 5;314050.0;;;;;;;;;;;;;;;;;;;;;;;;;;;;;;;;;;;;;;;;;;314050.0;0.0;1405.0;False;E:\Experiments\PTT\Spheroids\01072025_mcf7\0307 after\Analysis\2025-07-03_153641_tube5_cropped_8bits\3_1405_0_8bits.tiff;E:\Experiments\PTT\Spheroids\01072025_mcf7\0307 after\Analysis\2025-07-03_153641_tube5_segmentationDebug\3_1405_0_segmented.tiff;1815.0;(73. 63);175.0538226366043;0.9382269320237788;48.07213094605148;0.7442919051585886;0.8258845711634913;361.024133339798;0.9680381400441408;0.9134321119289948;0.9415551027965124;106.01158070907798;37.0;Alive;;;;;;;;;;;;;;;;;;;;;;
1;Tube 5;415030.0;;;;;;;;;;;;;;;;;;;;;415030.0;0.0;1503.0;False;G:\Experiments\PTT\Spheroids\01072025_mcf7\0307 before laser\Analysis\2025-07-03_104800_tube5_cropped_8bits2\4_1503_0_8bits.tiff;G:\Experiments\PTT\Spheroids\01072025_mcf7\0307 before laser\Analysis\2025-07-03_104800_tube5_segmentationDebug2\4_1503_0_segmented.tiff;1939.0;(82. 71);178.710676431655;0.946315275744265;49.6871359331716;0.762933483908237;0.885468496476441;517.195948897882;0.956724502392176;0.90758842847488;0.921683296261741;;;;;415030.0;0.0;1503.0;False;E:\Experiments\PTT\Spheroids\01072025_mcf7\0307 after\Analysis\2025-07-03_153641_tube5_cropped_8bits\4_1503_0_8bits.tiff;E:\Experiments\PTT\Spheroids\01072025_mcf7\0307 after\Analysis\2025-07-03_153641_tube5_segmentationDebug\4_1503_0_segmented.tiff;1937.0;(69. 75);182.71067678928372;0.9263510282161646;49.661504187368415;0.7291411890201152;0.9557946320564182;442.51769900536056;0.9569426828484224;0.9074025326641162;0.9186219029567596;99.88361579747226;37.0;Alive;;0.0;0.0;0.0;;;;-2.0;;4.0000003576286645;-0.019964247528100443;-0.025631745803181616;-0.033792294888121854;0.07032613557997724;-74.67824989252142;0.00021818045624644178;-0.00018589581076378092;-0.0030613933049813413;;;;
1;Tube 5;513010.0;;;;;;;;;;;;;;;;;;;;;;;;;;;;;;;;;;;;;;;;;;513010.0;0.0;1301.0;False;E:\Experiments\PTT\Spheroids\01072025_mcf7\0307 after\Analysis\2025-07-03_153641_tube5_cropped_8bits\5_1301_0_8bits.tiff;E:\Experiments\PTT\Spheroids\01072025_mcf7\0307 after\Analysis\2025-07-03_153641_tube5_segmentationDebug\5_1301_0_segmented.tiff;1624.0;(75. 74);161.53910410404205;0.9477677268748176;45.472420439755616;0.7820608560983685;0.9860105325793486;349.10903409090906;0.9646373660611324;0.9221348419275216;0.9285246797521336;107.44955081468943;37.0;Alive;;;;;;;;;;;;;;;;;;;;;;
1;Tube 5;514010.0;;;;;;;;;;;;;;;;;;;;;514010.0;0.0;1401.0;False;G:\Experiments\PTT\Spheroids\01072025_mcf7\0307 before laser\Analysis\2025-07-03_104800_tube5_cropped_8bits2\5_1401_0_8bits.tiff;G:\Experiments\PTT\Spheroids\01072025_mcf7\0307 before laser\Analysis\2025-07-03_104800_tube5_segmentationDebug2\5_1401_0_segmented.tiff;1728.5;(79. 74);182.267025589942;0.921129762856381;46.9126267978539;0.653827277250334;0.954766469108396;434.885904860904;0.965617845536394;0.916764539915606;0.925539037699454;;;;;;;;;;;;;;;;;;;;;;;;;;;;;;;;;;;;;;;;;;;;;;
1;Tube 5;610010.0;;;;;;;;;;;;;;;;;;;;;;;;;;;;;;;;;;;;;;;;;;610010.0;0.0;1001.0;False;E:\Experiments\PTT\Spheroids\01072025_mcf7\0307 after\Analysis\2025-07-03_153641_tube5_cropped_8bits\6_1001_0_8bits.tiff;E:\Experiments\PTT\Spheroids\01072025_mcf7\0307 after\Analysis\2025-07-03_153641_tube5_segmentationDebug\6_1001_0_segmented.tiff;1538.0;(78. 66);169.88224959373474;0.8988895382817066;44.25203294542162;0.6696844161837231;0.926633711728521;325.6537637943916;0.9670816814355596;0.9257486414099964;0.9284456124390706;106.67525921936019;37.0;Alive;;;;;;;;;;;;;;;;;;;;;;
1;Tube 5;611010.0;;;;;;;;;;;;;;;;;;;;;611010.0;0.0;1101.0;False;G:\Experiments\PTT\Spheroids\01072025_mcf7\0307 before laser\Analysis\2025-07-03_104800_tube5_cropped_8bits2\6_1101_0_8bits.tiff;G:\Experiments\PTT\Spheroids\01072025_mcf7\0307 before laser\Analysis\2025-07-03_104800_tube5_segmentationDebug2\6_1101_0_segmented.tiff;1428.5;(76. 69);175.296463012695;0.853600239020017;42.6476574931634;0.584176122922961;0.868764222182284;445.933478835979;0.966378845505063;0.930545700173616;0.919141767391668;;;;;;;;;;;;;;;;;;;;;;;;;;;;;;;;;;;;;;;;;;;;;;
1;Tube 5;707010.0;;;;;;;;;;;;;;;;;;;;;;;;;;;;;;;;;;;;;;;;;;707010.0;0.0;701.0;False;E:\Experiments\PTT\Spheroids\01072025_mcf7\0307 after\Analysis\2025-07-03_153641_tube5_cropped_8bits\7_0701_0_8bits.tiff;E:\Experiments\PTT\Spheroids\01072025_mcf7\0307 after\Analysis\2025-07-03_153641_tube5_segmentationDebug\7_0701_0_segmented.tiff;1670.5;(79. 81);166.61017203330994;0.9416572717023676;46.118831939676106;0.7562289836662411;0.9331822373171462;211.1724005029112;0.9574158111755996;0.8990636615421017;0.9246122577121252;83.66773752957698;49.0;Alive;;;;;;;;;;;;;;;;;;;;;;
1;Tube 5;708010.0;;;;;;;;;;;;;;;;;;;;;708010.0;0.0;801.0;False;G:\Experiments\PTT\Spheroids\01072025_mcf7\0307 before laser\Analysis\2025-07-03_104800_tube5_cropped_8bits2\7_0801_0_8bits.tiff;G:\Experiments\PTT\Spheroids\01072025_mcf7\0307 before laser\Analysis\2025-07-03_104800_tube5_segmentationDebug2\7_0801_0_segmented.tiff;1497.0;(68. 78);151.882249712944;0.963940759819703;43.6582134136125;0.815488088019805;0.960235106806555;308.432747468999;0.966219519838261;0.928093434595509;0.937210029260195;;;;;;;;;;;;;;;;;;;;;;;;;;;;;;;;;;;;;;;;;;;;;;
1;Tube 5;805010.0;;;;;;;;;;;;;;;;;;;;;805010.0;0.0;501.0;False;G:\Experiments\PTT\Spheroids\01072025_mcf7\0307 before laser\Analysis\2025-07-03_104800_tube5_cropped_8bits2\8_0501_0_8bits.tiff;G:\Experiments\PTT\Spheroids\01072025_mcf7\0307 before laser\Analysis\2025-07-03_104800_tube5_segmentationDebug2\8_0501_0_segmented.tiff;1630.5;(81. 77);172.124890089035;0.92222850678733;45.5633304060478;0.691581417221006;0.911652943249198;170.152160470552;0.965718131850353;0.921392336882467;0.935806783316428;;;;;805010.0;0.0;501.0;False;E:\Experiments\PTT\Spheroids\01072025_mcf7\0307 after\Analysis\2025-07-03_153641_tube5_cropped_8bits\8_0501_0_8bits.tiff;E:\Experiments\PTT\Spheroids\01072025_mcf7\0307 after\Analysis\2025-07-03_153641_tube5_segmentationDebug\8_0501_0_segmented.tiff;1617.5;(81. 80);169.2964630126953;0.9336219336219336;45.3813283587989;0.7091831098587978;0.9931991182277824;1434.758444546037;0.9732700447729576;0.922412117835596;0.8283561812529738;6.255169959409807;87.0;Dead;;0.0;0.0;0.0;;;;-13.0;;-2.8284270763396933;0.011393426834603537;-0.18200204724889346;0.017601692637791877;0.08154617497858441;1264.606284075485;0.007551912922604598;0.0010197809531289348;-0.10745060206345414;;;;
1;Tube 5;902020.0;;;;;;;;;;;;;;;;;;;;;902020.0;0.0;202.0;False;G:\Experiments\PTT\Spheroids\01072025_mcf7\0307 before laser\Analysis\2025-07-03_104800_tube5_cropped_8bits2\9_0202_0_8bits.tiff;G:\Experiments\PTT\Spheroids\01072025_mcf7\0307 before laser\Analysis\2025-07-03_104800_tube5_segmentationDebug2\9_0202_0_segmented.tiff;1699.0;(72. 73);170.710676789283;0.937637969094922;46.510579296597;0.732625236598346;0.744009186399596;391.867471361285;0.968758547998027;0.918606612426405;0.942020297031212;;;;;902020.0;0.0;202.0;False;E:\Experiments\PTT\Spheroids\01072025_mcf7\0307 after\Analysis\2025-07-03_153641_tube5_cropped_8bits\9_0202_0_8bits.tiff;E:\Experiments\PTT\Spheroids\01072025_mcf7\0307 after\Analysis\2025-07-03_153641_tube5_segmentationDebug\9_0202_0_segmented.tiff;1934.0;(67. 77);184.7106766700745;0.926689027311931;49.62303174452167;0.7123318041740827;0.7629708487061057;1069.0958350357307;0.964131887550268;0.9073244220865012;0.8796497995409394;9.933055037223708;68.0;Dead;;0.0;0.0;0.0;;;;235.0;;13.999999880791478;-0.010948941782990995;3.1124524479246674;-0.02029343242426329;0.01896166230650964;677.2283636744457;-0.004626660447758946;-0.011282190339903742;-0.06237049749027268;;;;
1;Tube 6;1002040.0;;;;;;;;;;;;;;;;;;;;;1002040.0;0.0;204.0;False;G:\Experiments\PTT\Spheroids\01072025_mcf7\0307 before laser\Analysis\2025-07-03_105659_tube6_cropped_8bits2\10_0204_0_8bits.tiff;G:\Experiments\PTT\Spheroids\01072025_mcf7\0307 before laser\Analysis\2025-07-03_105659_tube6_segmentationDebug2\10_0204_0_segmented.tiff;1086.0;(70. 68);127.740114808082;0.965333333333333;37.1851871796067;0.83634426842418;0.939128876089571;451.048128711282;0.977599170254234;0.947276260316523;0.926702341566052;;;;;;;;;;;;;;;;;;;;;;;;;;;;;;;;;;;;;;;;;;;;;;
1;Tube 6;107050.0;;;;;;;;;;;;;;;;;;;;;107050.0;0.0;705.0;False;G:\Experiments\PTT\Spheroids\01072025_mcf7\0307 before laser\Analysis\2025-07-03_105659_tube6_cropped_8bits2\1_0705_0_8bits.tiff;G:\Experiments\PTT\Spheroids\01072025_mcf7\0307 before laser\Analysis\2025-07-03_105659_tube6_segmentationDebug2\1_0705_0_segmented.tiff;2135.0;(74. 77);197.539104223251;0.927454387489139;52.1379557329357;0.687545720582431;0.947915669343779;471.464327940505;0.949617743911144;0.897910416007628;0.924025814461916;;;;;107050.0;0.0;705.0;False;E:\Experiments\PTT\Spheroids\01072025_mcf7\0307 after\Analysis\2025-07-03_154511_tube6_cropped_8bits\1_0705_0_8bits.tiff;E:\Experiments\PTT\Spheroids\01072025_mcf7\0307 after\Analysis\2025-07-03_154511_tube6_segmentationDebug\1_0705_0_segmented.tiff;1941.0;(69. 78);182.02438461780548;0.9322766570605188;49.71275446332612;0.7361668490260423;0.9147079226764324;389.3513094128612;0.9611829333987384;0.9072862755538889;0.9239184197189708;95.72456379970376;37.0;Alive;;0.0;0.0;0.0;;;;-194.0;;-15.51471960544552;0.004822269571379767;-2.4252012696095804;0.04862112844361133;-0.033207746667346605;-82.11301852764376;0.01156518948759444;0.009375859546260856;-0.00010739474294518825;;;;
1;Tube 6;1102070.0;;;;;;;;;;;;;;;;;;;;;1102070.0;0.0;207.0;False;G:\Experiments\PTT\Spheroids\01072025_mcf7\0307 before laser\Analysis\2025-07-03_105659_tube6_cropped_8bits2\11_0207_0_8bits.tiff;G:\Experiments\PTT\Spheroids\01072025_mcf7\0307 before laser\Analysis\2025-07-03_105659_tube6_segmentationDebug2\11_0207_0_segmented.tiff;1145.5;(77. 82);135.982754707336;0.945912469033856;38.1902592095697;0.778461767577223;0.869039823629607;139.23103618421;0.982164543026222;0.94443908419256;0.952728067243747;;;;;1102070.0;0.0;207.0;False;E:\Experiments\PTT\Spheroids\01072025_mcf7\0307 after\Analysis\2025-07-03_154511_tube6_cropped_8bits\11_0207_0_8bits.tiff;E:\Experiments\PTT\Spheroids\01072025_mcf7\0307 after\Analysis\2025-07-03_154511_tube6_segmentationDebug\11_0207_0_segmented.tiff;1005.0;(104. 68);135.74011421203613;0.9066305818673884;35.77157729900708;0.6854243126985253;0.8803723506319677;331.233120223078;0.9783449508483856;0.9504078154350036;0.9092834003026654;27.277186772598736;57.0;Dead;;0.0;0.0;0.0;;;;-140.5;;-0.24264049529986664;-0.03928188716646752;-2.4186819105626256;-0.09303745487869763;0.01133252700236076;192.002084038868;-0.0038195921778364506;0.005968731242443681;-0.04344466694108162;;;;
1;Tube 6;1202100.0;;;;;;;;;;;;;;;;;;;;;1202100.0;0.0;210.0;False;G:\Experiments\PTT\Spheroids\01072025_mcf7\0307 before laser\Analysis\2025-07-03_105659_tube6_cropped_8bits2\12_0210_0_8bits.tiff;G:\Experiments\PTT\Spheroids\01072025_mcf7\0307 before laser\Analysis\2025-07-03_105659_tube6_segmentationDebug2\12_0210_0_segmented.tiff;1242.5;(76. 75);146.468035936355;0.92037037037037;39.7743652913964;0.727814235114608;0.90765446684065;337.242791260736;0.978053493743979;0.939557669878412;0.93643051059659;;;;;1202100.0;0.0;210.0;False;E:\Experiments\PTT\Spheroids\01072025_mcf7\0307 after\Analysis\2025-07-03_154511_tube6_cropped_8bits\12_0210_0_8bits.tiff;E:\Experiments\PTT\Spheroids\01072025_mcf7\0307 after\Analysis\2025-07-03_154511_tube6_segmentationDebug\12_0210_0_segmented.tiff;1286.5;(78. 69);143.2964630126953;0.951905290418054;40.47249281057181;0.7873153392847524;0.8915635709737102;853.093918531268;0.9833828401209372;0.9380689604569148;0.9007125712056644;3.1391993536348424;73.0;Dead;;0.0;0.0;0.0;;;;44.0;;-3.1715729236596815;0.0315349200476841;0.6981275191754079;0.059501104170144425;-0.01609089586693979;515.851127270532;0.005329346376958255;-0.0014887094214972585;-0.0357179393909256;;;;
1;Tube 6;1302130.0;;;;;;;;;;;;;;;;;;;;;1302130.0;0.0;213.0;False;G:\Experiments\PTT\Spheroids\01072025_mcf7\0307 before laser\Analysis\2025-07-03_105659_tube6_cropped_8bits2\13_0213_0_8bits.tiff;G:\Experiments\PTT\Spheroids\01072025_mcf7\0307 before laser\Analysis\2025-07-03_105659_tube6_segmentationDebug2\13_0213_0_segmented.tiff;1298.5;(81. 71);147.296463370323;0.944020356234096;40.6608109712362;0.752085436681885;0.740589201349563;204.887962962963;0.972935500007475;0.937280438482766;0.946756906636989;;;;;1302130.0;0.0;213.0;False;E:\Experiments\PTT\Spheroids\01072025_mcf7\0307 after\Analysis\2025-07-03_154511_tube6_cropped_8bits\13_0213_0_8bits.tiff;E:\Experiments\PTT\Spheroids\01072025_mcf7\0307 after\Analysis\2025-07-03_154511_tube6_segmentationDebug\13_0213_0_segmented.tiff;977.5;(69. 72);131.98275530338287;0.9152621722846442;35.27877059902487;0.705167436354386;0.7657891210058102;390.5628363046842;0.9852200325078336;0.9521692907104568;0.941766046941048;31.281380451301388;56.0;Dead;;0.0;0.0;0.0;;;;-321.0;;-15.313708066940137;-0.028758183949451732;-5.3820403722113355;-0.04691800032749904;0.02519991965624724;185.6748733417212;0.012284532500358658;0.014888852227690763;-0.00499085969594093;;;;
1;Tube 6;1402150.0;;;;;;;;;;;;;;;;;;;;;;;;;;;;;;;;;;;;;;;;;;1402150.0;0.0;215.0;False;E:\Experiments\PTT\Spheroids\01072025_mcf7\0307 after\Analysis\2025-07-03_154511_tube6_cropped_8bits\14_0215_0_8bits.tiff;E:\Experiments\PTT\Spheroids\01072025_mcf7\0307 after\Analysis\2025-07-03_154511_tube6_segmentationDebug\14_0215_0_segmented.tiff;1007.0;(80. 73);130.22539567947388;0.938927738927739;35.80715321759479;0.7461874891446313;0.907300604090886;992.442894622958;0.9865257642227244;0.9508274388876814;0.8368617913304595;2.387030375315007;69.0;Dead;;;;;;;;;;;;;;;;;;;;;;
1;Tube 6;1402160.0;;;;;;;;;;;;;;;;;;;;;1402160.0;0.0;216.0;False;G:\Experiments\PTT\Spheroids\01072025_mcf7\0307 before laser\Analysis\2025-07-03_105659_tube6_cropped_8bits2\14_0216_0_8bits.tiff;G:\Experiments\PTT\Spheroids\01072025_mcf7\0307 before laser\Analysis\2025-07-03_105659_tube6_segmentationDebug2\14_0216_0_segmented.tiff;1088.0;(78. 74);132.568541407585;0.948148148148148;37.2194119334502;0.777960959813424;0.858352853072669;458.175165589628;0.974390359436185;0.946811891234632;0.922593015903053;;;;;;;;;;;;;;;;;;;;;;;;;;;;;;;;;;;;;;;;;;;;;;
1;Tube 6;1502190.0;;;;;;;;;;;;;;;;;;;;;1502190.0;0.0;219.0;False;G:\Experiments\PTT\Spheroids\01072025_mcf7\0307 before laser\Analysis\2025-07-03_105659_tube6_cropped_8bits2\15_0219_0_8bits.tiff;G:\Experiments\PTT\Spheroids\01072025_mcf7\0307 before laser\Analysis\2025-07-03_105659_tube6_segmentationDebug2\15_0219_0_segmented.tiff;806.5;(76. 78);112.325901150703;0.943274853801169;32.04477637352;0.803256803762069;0.871094510373737;344.108795427172;0.979296055381662;0.960157624061386;0.919772863536399;;;;;;;;;;;;;;;;;;;;;;;;;;;;;;;;;;;;;;;;;;;;;;
1;Tube 6;1602210.0;;;;;;;;;;;;;;;;;;;;;;;;;;;;;;;;;;;;;;;;;;1602210.0;0.0;221.0;False;E:\Experiments\PTT\Spheroids\01072025_mcf7\0307 after\Analysis\2025-07-03_154511_tube6_cropped_8bits\16_0221_0_8bits.tiff;E:\Experiments\PTT\Spheroids\01072025_mcf7\0307 after\Analysis\2025-07-03_154511_tube6_segmentationDebug\16_0221_0_segmented.tiff;1109.0;(71. 73);174.56854128837583;0.7865248226950354;37.57688990737918;0.4573086796766705;0.4719092881788068;1030.0428146898194;0.9785366900503104;0.9451112488407992;0.8812554937681205;2.6878979666429412;60.0;Dead;;;;;;;;;;;;;;;;;;;;;;
1;Tube 6;1602220.0;;;;;;;;;;;;;;;;;;;;;1602220.0;0.0;222.0;False;G:\Experiments\PTT\Spheroids\01072025_mcf7\0307 before laser\Analysis\2025-07-03_105659_tube6_cropped_8bits2\16_0222_0_8bits.tiff;G:\Experiments\PTT\Spheroids\01072025_mcf7\0307 before laser\Analysis\2025-07-03_105659_tube6_segmentationDebug2\16_0222_0_segmented.tiff;818.0;(71. 74);119.396968960762;0.941853770869314;32.2724332456256;0.721068566879998;0.840224115464131;706.572789767379;0.979354984727172;0.95948837310877;0.90074003073682;;;;;;;;;;;;;;;;;;;;;;;;;;;;;;;;;;;;;;;;;;;;;;
1;Tube 6;1703240.0;;;;;;;;;;;;;;;;;;;;;1703240.0;0.0;324.0;False;G:\Experiments\PTT\Spheroids\01072025_mcf7\0307 before laser\Analysis\2025-07-03_105659_tube6_cropped_8bits2\17_0324_0_8bits.tiff;G:\Experiments\PTT\Spheroids\01072025_mcf7\0307 before laser\Analysis\2025-07-03_105659_tube6_segmentationDebug2\17_0324_0_segmented.tiff;986.0;(71. 75);138.083260059356;0.896771259663483;35.431824552355;0.649837418733637;0.647729581139327;426.973778562984;0.975733821966534;0.951444564678085;0.923626566907805;;;;;;;;;;;;;;;;;;;;;;;;;;;;;;;;;;;;;;;;;;;;;;
1;Tube 6;1704240.0;;;;;;;;;;;;;;;;;;;;;;;;;;;;;;;;;;;;;;;;;;1704240.0;0.0;424.0;False;E:\Experiments\PTT\Spheroids\01072025_mcf7\0307 after\Analysis\2025-07-03_154511_tube6_cropped_8bits\17_0424_0_8bits.tiff;E:\Experiments\PTT\Spheroids\01072025_mcf7\0307 after\Analysis\2025-07-03_154511_tube6_segmentationDebug\17_0424_0_segmented.tiff;1128.5;(66. 71);140.81118202209473;0.9238641015145314;37.90581520339104;0.7152158645045887;0.7087973798495925;626.4348051120908;0.9732758466952602;0.9448911320279564;0.9084424888573116;6.609131831560318;69.0;Dead;;;;;;;;;;;;;;;;;;;;;;
1;Tube 6;1806240.0;;;;;;;;;;;;;;;;;;;;;1806240.0;0.0;624.0;False;G:\Experiments\PTT\Spheroids\01072025_mcf7\0307 before laser\Analysis\2025-07-03_105659_tube6_cropped_8bits2\18_0624_0_8bits.tiff;G:\Experiments\PTT\Spheroids\01072025_mcf7\0307 before laser\Analysis\2025-07-03_105659_tube6_segmentationDebug2\18_0624_0_segmented.tiff;850.5;(72. 78);119.840619564056;0.933077345035655;32.9072975614415;0.744176738539232;0.776591524738917;299.291865079365;0.978188481377485;0.957873581072386;0.917507317171922;;;;;1806240.0;0.0;624.0;False;E:\Experiments\PTT\Spheroids\01072025_mcf7\0307 after\Analysis\2025-07-03_154511_tube6_cropped_8bits\18_0624_0_8bits.tiff;E:\Experiments\PTT\Spheroids\01072025_mcf7\0307 after\Analysis\2025-07-03_154511_tube6_segmentationDebug\18_0624_0_segmented.tiff;976.5;(72. 77);146.81118154525757;0.8509803921568627;35.26072057451303;0.5693297049263051;0.7858378241278349;1124.839991515468;0.9797222839503296;0.9513976457789752;0.8588204990577637;5.679981917165228;59.0;Dead;;0.0;0.0;0.0;;;;126.0;;26.97056198120157;-0.08209695287879226;2.3534230130715272;-0.17484703361292697;0.009246299388917856;825.5481264361031;0.0015338025728445226;-0.006475935293410728;-0.05868681811415832;;;;
1;Tube 6;1909240.0;;;;;;;;;;;;;;;;;;;;;1909240.0;0.0;924.0;False;G:\Experiments\PTT\Spheroids\01072025_mcf7\0307 before laser\Analysis\2025-07-03_105659_tube6_cropped_8bits2\19_0924_0_8bits.tiff;G:\Experiments\PTT\Spheroids\01072025_mcf7\0307 before laser\Analysis\2025-07-03_105659_tube6_segmentationDebug2\19_0924_0_segmented.tiff;893.5;(75. 71);122.669046521186;0.934134866701515;33.72891242274;0.746164257251291;0.934094594441357;386.978312135664;0.979964874980314;0.955885451155588;0.91785493311021;;;;;1909240.0;0.0;924.0;False;E:\Experiments\PTT\Spheroids\01072025_mcf7\0307 after\Analysis\2025-07-03_154511_tube6_cropped_8bits\19_0924_0_8bits.tiff;E:\Experiments\PTT\Spheroids\01072025_mcf7\0307 after\Analysis\2025-07-03_154511_tube6_segmentationDebug\19_0924_0_segmented.tiff;859.5;(77. 74);117.15432786941528;0.9465859030837004;33.08095205250103;0.7869353804035089;0.9559516892158432;299.27578556052026;0.9806087653974416;0.9576662445901528;0.9222859717733628;67.4518592616817;49.0;Alive;;0.0;0.0;0.0;;;;-34.0;;-5.514718651770721;0.012451036382185365;-0.6479603702389696;0.04077112315221787;0.021857094774486163;-87.70252657514374;0.000643890417127535;0.0017807934345648313;0.004431038663152753;;;;
1;Tube 6;2011240.0;;;;;;;;;;;;;;;;;;;;;;;;;;;;;;;;;;;;;;;;;;2011240.0;0.0;1124.0;False;E:\Experiments\PTT\Spheroids\01072025_mcf7\0307 after\Analysis\2025-07-03_154511_tube6_cropped_8bits\20_1124_0_8bits.tiff;E:\Experiments\PTT\Spheroids\01072025_mcf7\0307 after\Analysis\2025-07-03_154511_tube6_segmentationDebug\20_1124_0_segmented.tiff;684.0;(67. 78);114.42640602588654;0.8871595330739299;29.51094455619561;0.6564678332078804;0.8332233297857853;1094.2544836689417;0.9854070346767062;0.9656344928206052;0.8402418423305631;5.508531635342324;67.0;Dead;;;;;;;;;;;;;;;;;;;;;;
1;Tube 6;2012240.0;;;;;;;;;;;;;;;;;;;;;2012240.0;0.0;1224.0;False;G:\Experiments\PTT\Spheroids\01072025_mcf7\0307 before laser\Analysis\2025-07-03_105659_tube6_cropped_8bits2\20_1224_0_8bits.tiff;G:\Experiments\PTT\Spheroids\01072025_mcf7\0307 before laser\Analysis\2025-07-03_105659_tube6_segmentationDebug2\20_1224_0_segmented.tiff;765.5;(75. 77);111.154327630996;0.938112745098039;31.219623179897;0.778578321325373;0.866273094693745;392.211526327364;0.981287995567175;0.961996485733096;0.923411950810463;;;;;;;;;;;;;;;;;;;;;;;;;;;;;;;;;;;;;;;;;;;;;;
1;Tube 6;210050.0;;;;;;;;;;;;;;;;;;;;;210050.0;0.0;1005.0;False;G:\Experiments\PTT\Spheroids\01072025_mcf7\0307 before laser\Analysis\2025-07-03_105659_tube6_cropped_8bits2\2_1005_0_8bits.tiff;G:\Experiments\PTT\Spheroids\01072025_mcf7\0307 before laser\Analysis\2025-07-03_105659_tube6_segmentationDebug2\2_1005_0_segmented.tiff;1852.0;(75. 70);173.539103627204;0.95169578622816;48.559650295791;0.772780485501708;0.848550546545688;448.125134122886;0.963226372676835;0.911645097847363;0.942681472906008;;;;;210050.0;0.0;1005.0;False;E:\Experiments\PTT\Spheroids\01072025_mcf7\0307 after\Analysis\2025-07-03_154511_tube6_cropped_8bits\2_1005_0_8bits.tiff;E:\Experiments\PTT\Spheroids\01072025_mcf7\0307 after\Analysis\2025-07-03_154511_tube6_segmentationDebug\2_1005_0_segmented.tiff;1790.0;(81. 73);167.0538227558136;0.9572192513368984;47.73990767770651;0.8060278698613301;0.8746876180502365;263.413567589301;0.9676683211628644;0.91448164400755;0.9460191291918476;80.94665563741994;37.0;Alive;;0.0;0.0;0.0;;;;-62.0;;-6.485280871390415;0.005523465108738468;-0.81974261808449;0.033247384359622156;0.02613707150454858;-184.71156653358497;0.004441948486029412;0.0028365461601870257;0.0033376562858395964;;;;
1;Tube 6;313050.0;;;;;;;;;;;;;;;;;;;;;313050.0;0.0;1305.0;False;G:\Experiments\PTT\Spheroids\01072025_mcf7\0307 before laser\Analysis\2025-07-03_105659_tube6_cropped_8bits2\3_1305_0_8bits.tiff;G:\Experiments\PTT\Spheroids\01072025_mcf7\0307 before laser\Analysis\2025-07-03_105659_tube6_segmentationDebug2\3_1305_0_segmented.tiff;1969.5;(73. 73);234.811181902885;0.806345957011259;50.0763944724048;0.448877978737478;0.845608422443961;328.628696558187;0.960969558004895;0.904685258486708;0.944300460779528;;;;;313050.0;1.0;1305.0;False;E:\Experiments\PTT\Spheroids\01072025_mcf7\0307 after\Analysis\2025-07-03_154511_tube6_cropped_8bits\3_1305_0_8bits.tiff;E:\Experiments\PTT\Spheroids\01072025_mcf7\0307 after\Analysis\2025-07-03_154511_tube6_segmentationDebug\3_1305_0_segmented.tiff;1890.0;(66. 74);185.5391036272049;0.914811229428848;49.055302868797554;0.6899232171395621;0.8427268365324749;311.3655391282898;0.9707134203838506;0.9098245399868876;0.9394440363613908;106.56464613431315;37.0;Alive;;0.0;1.0;0.0;;;;-79.5;;-49.272078275680116;0.10846527241758896;-1.0210916036072462;0.24104523840208408;-0.0028815859114860176;-17.263157429897205;0.009743862378955526;0.0051392815001796155;-0.004856424418137162;;;;
1;Tube 6;415040.0;;;;;;;;;;;;;;;;;;;;;415040.0;0.0;1504.0;False;G:\Experiments\PTT\Spheroids\01072025_mcf7\0307 before laser\Analysis\2025-07-03_105659_tube6_cropped_8bits2\4_1504_0_8bits.tiff;G:\Experiments\PTT\Spheroids\01072025_mcf7\0307 before laser\Analysis\2025-07-03_105659_tube6_segmentationDebug2\4_1504_0_segmented.tiff;1873.0;(73. 63);184.024384975433;0.91813725490196;48.834185436935;0.69501934287937;0.798540120438381;406.844462331947;0.956725771458735;0.910460758378351;0.933526095328514;;;;;415040.0;0.0;1504.0;False;E:\Experiments\PTT\Spheroids\01072025_mcf7\0307 after\Analysis\2025-07-03_154511_tube6_cropped_8bits\4_1504_0_8bits.tiff;E:\Experiments\PTT\Spheroids\01072025_mcf7\0307 after\Analysis\2025-07-03_154511_tube6_segmentationDebug\4_1504_0_segmented.tiff;1729.5;(63. 78);181.92388021945956;0.89356755360372;46.92619516452899;0.6566757964915175;0.7109262726119635;177.56448995560004;0.9670957068155648;0.9165516373304988;0.9291214286325936;114.04209068349269;37.0;Alive;;0.0;0.0;0.0;;;;-143.5;;-2.100504755973418;-0.024569701298239988;-1.9079902724060105;-0.03834354638785242;-0.08761384782641746;-229.27997237634696;0.01036993535682973;0.006090878952147771;-0.004404666695920434;;;;
1;Tube 6;514010.0;;;;;;;;;;;;;;;;;;;;;514010.0;0.0;1401.0;False;G:\Experiments\PTT\Spheroids\01072025_mcf7\0307 before laser\Analysis\2025-07-03_105659_tube6_cropped_8bits2\5_1401_0_8bits.tiff;G:\Experiments\PTT\Spheroids\01072025_mcf7\0307 before laser\Analysis\2025-07-03_105659_tube6_segmentationDebug2\5_1401_0_segmented.tiff;1554.0;(75. 76);171.053823113441;0.897228637413394;44.4816170178023;0.667413993193901;0.841046856302121;459.03268667888;0.962931578622898;0.924954568403604;0.92799631970371;;;;;514010.0;0.0;1401.0;False;E:\Experiments\PTT\Spheroids\01072025_mcf7\0307 after\Analysis\2025-07-03_154511_tube6_cropped_8bits\5_1401_0_8bits.tiff;E:\Experiments\PTT\Spheroids\01072025_mcf7\0307 after\Analysis\2025-07-03_154511_tube6_segmentationDebug\5_1401_0_segmented.tiff;1314.5;(72. 66);143.63960921764374;0.9546114742193174;40.91055342517834;0.8006118697756583;0.9018492766403292;235.8468826594476;0.977518750224001;0.9365848736876268;0.9383345410336632;119.94882942500433;37.0;Alive;;0.0;0.0;0.0;;;;-239.5;;-27.414213895797275;0.057382836805923376;-3.5710635926239576;0.1331978765817573;0.06080242033820826;-223.1858040194324;0.01458717160110301;0.011630305284022757;0.010338221329953212;;;;
1;Tube 6;611010.0;;;;;;;;;;;;;;;;;;;;;611010.0;0.0;1101.0;False;G:\Experiments\PTT\Spheroids\01072025_mcf7\0307 before laser\Analysis\2025-07-03_105659_tube6_cropped_8bits2\6_1101_0_8bits.tiff;G:\Experiments\PTT\Spheroids\01072025_mcf7\0307 before laser\Analysis\2025-07-03_105659_tube6_segmentationDebug2\6_1101_0_segmented.tiff;1540.5;(80. 72);155.639609217643;0.952395672333848;44.2879839083302;0.799155519400995;0.881638123037584;496.626441678248;0.964086129088297;0.925913829241316;0.923626278634179;;;;;;;;;;;;;;;;;;;;;;;;;;;;;;;;;;;;;;;;;;;;;;
1;Tube 6;708010.0;;;;;;;;;;;;;;;;;;;;;708010.0;0.0;801.0;False;G:\Experiments\PTT\Spheroids\01072025_mcf7\0307 before laser\Analysis\2025-07-03_105659_tube6_cropped_8bits2\7_0801_0_8bits.tiff;G:\Experiments\PTT\Spheroids\01072025_mcf7\0307 before laser\Analysis\2025-07-03_105659_tube6_segmentationDebug2\7_0801_0_segmented.tiff;1632.5;(77. 70);171.296463370323;0.925191272315103;45.5912662335688;0.699143397978388;0.93734923779139;512.749545641564;0.960390525897947;0.921255188925729;0.922771734588271;;;;;708010.0;0.0;801.0;False;E:\Experiments\PTT\Spheroids\01072025_mcf7\0307 after\Analysis\2025-07-03_154511_tube6_cropped_8bits\7_0801_0_8bits.tiff;E:\Experiments\PTT\Spheroids\01072025_mcf7\0307 after\Analysis\2025-07-03_154511_tube6_segmentationDebug\7_0801_0_segmented.tiff;1608.0;(63. 69);157.88224935531616;0.9557206537890044;45.247863904654565;0.8106423676157721;0.9147726034908188;149.27498397155682;0.9640196270490784;0.9229388665695094;0.9342584647863488;95.17149837446858;79.0;Alive;;0.0;0.0;0.0;;;;-24.5;;-13.414214015006849;0.030529381473901385;-0.3434023289142374;0.11149896963738415;-0.02257663430057122;-363.47456167000723;0.003629101151131353;0.0016836776437804124;0.011486730198077777;;;;
1;Tube 6;805010.0;;;;;;;;;;;;;;;;;;;;;805010.0;0.0;501.0;False;G:\Experiments\PTT\Spheroids\01072025_mcf7\0307 before laser\Analysis\2025-07-03_105659_tube6_cropped_8bits2\8_0501_0_8bits.tiff;G:\Experiments\PTT\Spheroids\01072025_mcf7\0307 before laser\Analysis\2025-07-03_105659_tube6_segmentationDebug2\8_0501_0_segmented.tiff;1649.5;(73. 76);164.468035936355;0.943380040034315;45.8280332224791;0.766300610610202;0.868847826331566;522.103864300072;0.961505849090206;0.920911521547616;0.930965113785234;;;;;;;;;;;;;;;;;;;;;;;;;;;;;;;;;;;;;;;;;;;;;;
1;Tube 6;902020.0;;;;;;;;;;;;;;;;;;;;;902020.0;0.0;202.0;False;G:\Experiments\PTT\Spheroids\01072025_mcf7\0307 before laser\Analysis\2025-07-03_105659_tube6_cropped_8bits2\9_0202_0_8bits.tiff;G:\Experiments\PTT\Spheroids\01072025_mcf7\0307 before laser\Analysis\2025-07-03_105659_tube6_segmentationDebug2\9_0202_0_segmented.tiff;1770.0;(71. 73);165.539103865623;0.961695191524042;47.4724551101082;0.811674553334947;0.964797908866962;372.270059309868;0.961155133685069;0.915391712108647;0.923025919010197;;;;;;;;;;;;;;;;;;;;;;;;;;;;;;;;;;;;;;;;;;;;;;
1;Tube 6;903010.0;;;;;;;;;;;;;;;;;;;;;;;;;;;;;;;;;;;;;;;;;;903010.0;0.0;301.0;False;E:\Experiments\PTT\Spheroids\01072025_mcf7\0307 after\Analysis\2025-07-03_154511_tube6_cropped_8bits\9_0301_0_8bits.tiff;E:\Experiments\PTT\Spheroids\01072025_mcf7\0307 after\Analysis\2025-07-03_154511_tube6_segmentationDebug\9_0301_0_segmented.tiff;1789.5;(71. 78);175.154327750206;0.9408517350157728;47.73323962715681;0.7329929910508657;0.9192788510252664;665.565321241493;0.9702578828213256;0.9144755445462184;0.9047936754816068;36.435950214493204;58.0;Dead;;;;;;;;;;;;;;;;;;;;;;
1;Tube 7;1002050.0;;;;;;;;;;;;;;;;;;;;;1002050.0;0.0;205.0;False;G:\Experiments\PTT\Spheroids\01072025_mcf7\0307 before laser\Analysis\2025-07-03_110549_tube7_cropped_8bits2\10_0205_0_8bits.tiff;G:\Experiments\PTT\Spheroids\01072025_mcf7\0307 before laser\Analysis\2025-07-03_110549_tube7_segmentationDebug2\10_0205_0_segmented.tiff;1164.5;(74. 71);146.325900673866;0.909765625;38.5056807477039;0.683450310126465;0.863109042135462;396.337260908743;0.974288819016062;0.943036741050791;0.924442922518732;;;;;;;;;;;;;;;;;;;;;;;;;;;;;;;;;;;;;;;;;;;;;;
1;Tube 7;1002060.0;;;;;;;;;;;;;;;;;;;;;;;;;;;;;;;;;;;;;;;;;;1002060.0;0.0;206.0;False;E:\Experiments\PTT\Spheroids\01072025_mcf7\0307 after\Analysis\2025-07-03_155348_tube7_cropped_8bits\10_0206_0_8bits.tiff;E:\Experiments\PTT\Spheroids\01072025_mcf7\0307 after\Analysis\2025-07-03_155348_tube7_segmentationDebug\10_0206_0_segmented.tiff;1031.5;(66. 77);132.32590067386627;0.9322187076366922;36.24012403944446;0.7402686863536623;0.9557905044368428;409.27187257187256;0.9788192353792038;0.9495157819173968;0.9175392235019608;70.46053517496105;47.0;Alive;;;;;;;;;;;;;;;;;;;;;;
1;Tube 7;108050.0;;;;;;;;;;;;;;;;;;;;;108050.0;0.0;805.0;False;G:\Experiments\PTT\Spheroids\01072025_mcf7\0307 before laser\Analysis\2025-07-03_110549_tube7_cropped_8bits2\1_0805_0_8bits.tiff;G:\Experiments\PTT\Spheroids\01072025_mcf7\0307 before laser\Analysis\2025-07-03_110549_tube7_segmentationDebug2\1_0805_0_segmented.tiff;2008.5;(74. 80);187.639608860015;0.92878612716763;50.5697698788572;0.716857217417804;0.891812773581539;425.863983848968;0.965728052484309;0.904280248176812;0.945679115431989;;;;;;;;;;;;;;;;;;;;;;;;;;;;;;;;;;;;;;;;;;;;;;
1;Tube 7;1102080.0;;;;;;;;;;;;;;;;;;;;;1102080.0;0.0;208.0;False;G:\Experiments\PTT\Spheroids\01072025_mcf7\0307 before laser\Analysis\2025-07-03_110549_tube7_cropped_8bits2\11_0208_0_8bits.tiff;G:\Experiments\PTT\Spheroids\01072025_mcf7\0307 before laser\Analysis\2025-07-03_110549_tube7_segmentationDebug2\11_0208_0_segmented.tiff;1206.0;(75. 78);149.740114092826;0.912599318955732;39.1857996084118;0.675897519214089;0.773035361488337;316.109076913789;0.977863523122156;0.94142414396753;0.948123098140523;;;;;1102080.0;0.0;208.0;False;E:\Experiments\PTT\Spheroids\01072025_mcf7\0307 after\Analysis\2025-07-03_155348_tube7_cropped_8bits\11_0208_0_8bits.tiff;E:\Experiments\PTT\Spheroids\01072025_mcf7\0307 after\Analysis\2025-07-03_155348_tube7_segmentationDebug\11_0208_0_segmented.tiff;1149.0;(76. 83);149.39696860313416;0.8869162485526824;38.24855862513909;0.6469136605459959;0.7930553715363724;694.3674155638071;0.9758652679707556;0.943758504867804;0.8945404527087008;13.893003481907547;65.0;Dead;;0.0;0.0;0.0;;;;-57.0;;-0.34314548969183534;-0.025683070403049624;-0.9372409832727087;-0.028983858668093165;0.02002001004803544;378.25833865001806;-0.0019982551514003966;0.0023343609002739463;-0.05358264543182223;;;;
1;Tube 7;1202110.0;;;;;;;;;;;;;;;;;;;;;1202110.0;0.0;211.0;False;G:\Experiments\PTT\Spheroids\01072025_mcf7\0307 before laser\Analysis\2025-07-03_110549_tube7_cropped_8bits2\12_0211_0_8bits.tiff;G:\Experiments\PTT\Spheroids\01072025_mcf7\0307 before laser\Analysis\2025-07-03_110549_tube7_segmentationDebug2\12_0211_0_segmented.tiff;1289.0;(73. 76);150.710677862167;0.932706222865412;40.5117979502715;0.713139898654875;0.786295518789491;352.813525257177;0.972798465045133;0.93740728259111;0.925655153174456;;;;;1202110.0;0.0;211.0;False;E:\Experiments\PTT\Spheroids\01072025_mcf7\0307 after\Analysis\2025-07-03_155348_tube7_cropped_8bits\12_0211_0_8bits.tiff;E:\Experiments\PTT\Spheroids\01072025_mcf7\0307 after\Analysis\2025-07-03_155348_tube7_segmentationDebug\12_0211_0_segmented.tiff;1424.0;(66. 76);166.71067655086517;0.8773875539125077;42.580431088739246;0.643862342594067;0.7865686980297488;1007.1042546948356;0.9762831892477372;0.9308288185194762;0.8774776390727161;4.866975742069523;60.0;Dead;;0.0;0.0;0.0;;;;135.0;;15.999998688698184;-0.05531866895290438;2.068633138467746;-0.06927755606080799;0.0002731792402578259;654.2907294376587;0.0034847242026041503;-0.006578464071633761;-0.04817751410173987;;;;
1;Tube 7;1302140.0;;;;;;;;;;;;;;;;;;;;;1302140.0;0.0;214.0;False;G:\Experiments\PTT\Spheroids\01072025_mcf7\0307 before laser\Analysis\2025-07-03_110549_tube7_cropped_8bits2\13_0214_0_8bits.tiff;G:\Experiments\PTT\Spheroids\01072025_mcf7\0307 before laser\Analysis\2025-07-03_110549_tube7_segmentationDebug2\13_0214_0_segmented.tiff;1294.5;(71. 70);148.811181664466;0.913227513227513;40.5981353101305;0.734582855676974;0.884005732423664;308.962832323518;0.97688864871431;0.937213785667092;0.93636308218782;;;;;1302140.0;0.0;214.0;False;E:\Experiments\PTT\Spheroids\01072025_mcf7\0307 after\Analysis\2025-07-03_155348_tube7_cropped_8bits\13_0214_0_8bits.tiff;E:\Experiments\PTT\Spheroids\01072025_mcf7\0307 after\Analysis\2025-07-03_155348_tube7_segmentationDebug\13_0214_0_segmented.tiff;1290.0;(67. 76);153.3969688415527;0.9027291812456264;40.527509332654034;0.6889155988697142;0.8980900435213736;334.2558182170092;0.9723317298180922;0.9370492604753028;0.9216827953954588;61.08054556297252;51.0;Alive;;0.0;0.0;0.0;;;;-4.5;;4.585787177086701;-0.010498331981886655;-0.07062597747646748;-0.045667256807259804;0.014084311097709579;25.29298589349122;-0.0045569188962177876;-0.0001645251917892221;-0.014680286792361219;;;;
1;Tube 7;1402160.0;;;;;;;;;;;;;;;;;;;;;1402160.0;0.0;216.0;False;G:\Experiments\PTT\Spheroids\01072025_mcf7\0307 before laser\Analysis\2025-07-03_110549_tube7_cropped_8bits2\14_0216_0_8bits.tiff;G:\Experiments\PTT\Spheroids\01072025_mcf7\0307 before laser\Analysis\2025-07-03_110549_tube7_segmentationDebug2\14_0216_0_segmented.tiff;1280.5;(71. 73);155.982754826545;0.915296640457469;40.3780043716052;0.661357487059117;0.863161192105998;384.935900764842;0.975181380978987;0.937637787321043;0.930312170760502;;;;;;;;;;;;;;;;;;;;;;;;;;;;;;;;;;;;;;;;;;;;;;
1;Tube 7;1402170.0;;;;;;;;;;;;;;;;;;;;;;;;;;;;;;;;;;;;;;;;;;1402170.0;0.0;217.0;False;E:\Experiments\PTT\Spheroids\01072025_mcf7\0307 after\Analysis\2025-07-03_155348_tube7_cropped_8bits\14_0217_0_8bits.tiff;E:\Experiments\PTT\Spheroids\01072025_mcf7\0307 after\Analysis\2025-07-03_155348_tube7_segmentationDebug\14_0217_0_segmented.tiff;1330.0;(64. 76);203.5391036272049;0.8;41.15104609238709;0.4034277701922273;0.6966943573337198;881.575696459533;0.9791960093228154;0.934020106769472;0.9041114019430516;46.03716599657581;52.0;Dead;;;;;;;;;;;;;;;;;;;;;;
1;Tube 7;1502190.0;;;;;;;;;;;;;;;;;;;;;1502190.0;0.0;219.0;False;G:\Experiments\PTT\Spheroids\01072025_mcf7\0307 before laser\Analysis\2025-07-03_110549_tube7_cropped_8bits2\15_0219_0_8bits.tiff;G:\Experiments\PTT\Spheroids\01072025_mcf7\0307 before laser\Analysis\2025-07-03_110549_tube7_segmentationDebug2\15_0219_0_segmented.tiff;1323.0;(79. 77);167.396968483924;0.903997266826101;41.0426109998452;0.593300249096487;0.954842631480879;464.97482144315;0.972031090643013;0.935278517522774;0.91684219291496;;;;;;;;;;;;;;;;;;;;;;;;;;;;;;;;;;;;;;;;;;;;;;
1;Tube 7;1602220.0;;;;;;;;;;;;;;;;;;;;;1602220.0;0.0;222.0;False;G:\Experiments\PTT\Spheroids\01072025_mcf7\0307 before laser\Analysis\2025-07-03_110549_tube7_cropped_8bits2\16_0222_0_8bits.tiff;G:\Experiments\PTT\Spheroids\01072025_mcf7\0307 before laser\Analysis\2025-07-03_110549_tube7_segmentationDebug2\16_0222_0_segmented.tiff;1280.0;(71. 73);150.568541407585;0.92652913499819;40.3701203523225;0.709498280149638;0.810374092294794;458.731032400277;0.971310304878192;0.937933582420314;0.918271084511128;;;;;1602220.0;0.0;222.0;False;E:\Experiments\PTT\Spheroids\01072025_mcf7\0307 after\Analysis\2025-07-03_155348_tube7_cropped_8bits\16_0222_0_8bits.tiff;E:\Experiments\PTT\Spheroids\01072025_mcf7\0307 after\Analysis\2025-07-03_155348_tube7_segmentationDebug\16_0222_0_segmented.tiff;1495.0;(69. 69);184.71067690849304;0.8380044843049327;43.62903986313552;0.550639112973673;0.9544936562721488;824.5943314093315;0.964667717441901;0.9269421220989604;0.8757257955690042;91.74249273801051;48.0;Alive;;0.0;0.0;0.0;;;;215.0;;34.14213550090804;-0.08852465069325732;3.2589195108130156;-0.15885916717596504;0.14411956397735481;365.8632990090545;-0.006642587436290981;-0.010991460321353563;-0.04254528894212384;;;;
1;Tube 7;1704240.0;;;;;;;;;;;;;;;;;;;;;1704240.0;0.0;424.0;False;G:\Experiments\PTT\Spheroids\01072025_mcf7\0307 before laser\Analysis\2025-07-03_110549_tube7_cropped_8bits2\17_0424_0_8bits.tiff;G:\Experiments\PTT\Spheroids\01072025_mcf7\0307 before laser\Analysis\2025-07-03_110549_tube7_segmentationDebug2\17_0424_0_segmented.tiff;1125.5;(71. 72);138.183765411376;0.944607637431808;37.8553973377565;0.740698248845;0.932311889710634;433.384751359751;0.977190079011996;0.944984990771974;0.932444812450776;;;;;;;;;;;;;;;;;;;;;;;;;;;;;;;;;;;;;;;;;;;;;;
1;Tube 7;1705240.0;;;;;;;;;;;;;;;;;;;;;;;;;;;;;;;;;;;;;;;;;;1705240.0;0.0;524.0;False;E:\Experiments\PTT\Spheroids\01072025_mcf7\0307 after\Analysis\2025-07-03_155348_tube7_cropped_8bits\17_0524_0_8bits.tiff;E:\Experiments\PTT\Spheroids\01072025_mcf7\0307 after\Analysis\2025-07-03_155348_tube7_segmentationDebug\17_0524_0_segmented.tiff;1296.5;(76. 74);151.2964631319046;0.9120647203658108;40.62948522623857;0.7117456702799375;0.847149040081175;690.0919723658694;0.9694118038561176;0.937072564568326;0.905163698013122;14.645172460227384;63.0;Dead;;;;;;;;;;;;;;;;;;;;;;
1;Tube 7;1806240.0;;;;;;;;;;;;;;;;;;;;;1806240.0;0.0;624.0;False;G:\Experiments\PTT\Spheroids\01072025_mcf7\0307 before laser\Analysis\2025-07-03_110549_tube7_cropped_8bits2\18_0624_0_8bits.tiff;G:\Experiments\PTT\Spheroids\01072025_mcf7\0307 before laser\Analysis\2025-07-03_110549_tube7_segmentationDebug2\18_0624_0_segmented.tiff;905.0;(77. 74);132.083260178565;0.893827160493827;33.9452763722041;0.651872834837365;0.893312526907683;461.597877708241;0.980472650714982;0.941588109864747;0.930297685446478;;;;;;;;;;;;;;;;;;;;;;;;;;;;;;;;;;;;;;;;;;;;;;
1;Tube 7;1909240.0;;;;;;;;;;;;;;;;;;;;;1909240.0;0.0;924.0;False;G:\Experiments\PTT\Spheroids\01072025_mcf7\0307 before laser\Analysis\2025-07-03_110549_tube7_cropped_8bits2\19_0924_0_8bits.tiff;G:\Experiments\PTT\Spheroids\01072025_mcf7\0307 before laser\Analysis\2025-07-03_110549_tube7_segmentationDebug2\19_0924_0_segmented.tiff;913.5;(79. 72);122.669046521186;0.939814814814814;34.1043153298167;0.762866311134923;0.770731800124662;310.787767748746;0.976707565121186;0.954881975746827;0.917380695078882;;;;;1909240.0;0.0;924.0;False;E:\Experiments\PTT\Spheroids\01072025_mcf7\0307 after\Analysis\2025-07-03_155348_tube7_cropped_8bits\18_0924_0_8bits.tiff;E:\Experiments\PTT\Spheroids\01072025_mcf7\0307 after\Analysis\2025-07-03_155348_tube7_segmentationDebug\18_0924_0_segmented.tiff;794.0;(78. 83);110.08326005935668;0.9618413082980012;31.79547449747714;0.8233562783245312;0.8439477080463955;433.0203167493203;0.9780765206773891;0.9467573164078442;0.9130316460308832;88.53471327164651;45.0;Alive;;0.0;0.0;0.0;;;;-119.5;;-12.58578646182933;0.022026493483187193;-2.308840832339559;0.060489967189608196;0.07321590792173349;122.2325490005743;0.0013689555562031996;-0.008124659338982765;-0.004349049047998821;;;;
1;Tube 7;2012240.0;;;;;;;;;;;;;;;;;;;;;2012240.0;0.0;1224.0;False;G:\Experiments\PTT\Spheroids\01072025_mcf7\0307 before laser\Analysis\2025-07-03_110549_tube7_cropped_8bits2\20_1224_0_8bits.tiff;G:\Experiments\PTT\Spheroids\01072025_mcf7\0307 before laser\Analysis\2025-07-03_110549_tube7_segmentationDebug2\20_1224_0_segmented.tiff;979.0;(76. 75);130.426406025886;0.924457034938621;35.305828333233;0.723205135477798;0.857543270431684;366.209433464366;0.976225437648848;0.951716547607308;0.921245153285575;;;;;;;;;;;;;;;;;;;;;;;;;;;;;;;;;;;;;;;;;;;;;;
1;Tube 7;211050.0;;;;;;;;;;;;;;;;;;;;;211050.0;0.0;1105.0;False;G:\Experiments\PTT\Spheroids\01072025_mcf7\0307 before laser\Analysis\2025-07-03_110549_tube7_cropped_8bits2\2_1105_0_8bits.tiff;G:\Experiments\PTT\Spheroids\01072025_mcf7\0307 before laser\Analysis\2025-07-03_110549_tube7_segmentationDebug2\2_1105_0_segmented.tiff;2013.5;(70. 77);173.095453381538;0.965244487056567;50.6326754509797;0.84448157153783;0.861462103790748;328.967023045959;0.95860732061095;0.90436072849971;0.944706796068922;;;;;;;;;;;;;;;;;;;;;;;;;;;;;;;;;;;;;;;;;;;;;;
1;Tube 7;212050.0;;;;;;;;;;;;;;;;;;;;;;;;;;;;;;;;;;;;;;;;;;212050.0;0.0;1205.0;False;E:\Experiments\PTT\Spheroids\01072025_mcf7\0307 after\Analysis\2025-07-03_155348_tube7_cropped_8bits\2_1205_0_8bits.tiff;E:\Experiments\PTT\Spheroids\01072025_mcf7\0307 after\Analysis\2025-07-03_155348_tube7_segmentationDebug\2_1205_0_segmented.tiff;1911.5;(75. 79);170.61017191410065;0.964186633039092;49.3335321030358;0.8252287031260133;0.8824259260144681;365.7693223443225;0.9576158368525042;0.9091144581892175;0.9246252719930308;88.75593944174058;37.0;Alive;;;;;;;;;;;;;;;;;;;;;;
1;Tube 7;314050.0;;;;;;;;;;;;;;;;;;;;;314050.0;0.0;1405.0;False;G:\Experiments\PTT\Spheroids\01072025_mcf7\0307 before laser\Analysis\2025-07-03_110549_tube7_cropped_8bits2\3_1405_0_8bits.tiff;G:\Experiments\PTT\Spheroids\01072025_mcf7\0307 before laser\Analysis\2025-07-03_110549_tube7_segmentationDebug2\3_1405_0_segmented.tiff;2095.5;(69. 68);192.267026305198;0.925983208130799;51.6533974293321;0.712340948947471;0.876589628509634;341.034628601638;0.954661689724331;0.900249887873855;0.934208325420305;;;;;;;;;;;;;;;;;;;;;;;;;;;;;;;;;;;;;;;;;;;;;;
1;Tube 7;315040.0;;;;;;;;;;;;;;;;;;;;;;;;;;;;;;;;;;;;;;;;;;315040.0;0.0;1504.0;False;E:\Experiments\PTT\Spheroids\01072025_mcf7\0307 after\Analysis\2025-07-03_155348_tube7_cropped_8bits\3_1504_0_8bits.tiff;E:\Experiments\PTT\Spheroids\01072025_mcf7\0307 after\Analysis\2025-07-03_155348_tube7_segmentationDebug\3_1504_0_segmented.tiff;2248.0;(79. 71);196.16652023792267;0.9380346338410182;53.499929874389984;0.7341019781714895;0.9110198225185888;323.44568976073265;0.959075278041563;0.8932036874364233;0.9348002688173186;106.45403304926612;37.0;Alive;;;;;;;;;;;;;;;;;;;;;;
1;Tube 7;415020.0;;;;;;;;;;;;;;;;;;;;;;;;;;;;;;;;;;;;;;;;;;415020.0;0.0;1502.0;False;E:\Experiments\PTT\Spheroids\01072025_mcf7\0307 after\Analysis\2025-07-03_155348_tube7_cropped_8bits\4_1502_0_8bits.tiff;E:\Experiments\PTT\Spheroids\01072025_mcf7\0307 after\Analysis\2025-07-03_155348_tube7_segmentationDebug\4_1502_0_segmented.tiff;1678.5;(75. 76);154.9533174037933;0.977577169481654;46.22913124684446;0.8784750928684207;0.9377957134342992;430.9724976257198;0.9674084896278344;0.9199720021842984;0.9357313312832828;109.21936017544198;37.0;Alive;;;;;;;;;;;;;;;;;;;;;;
1;Tube 7;415030.0;;;;;;;;;;;;;;;;;;;;;415030.0;0.0;1503.0;False;G:\Experiments\PTT\Spheroids\01072025_mcf7\0307 before laser\Analysis\2025-07-03_110549_tube7_cropped_8bits2\4_1503_0_8bits.tiff;G:\Experiments\PTT\Spheroids\01072025_mcf7\0307 before laser\Analysis\2025-07-03_110549_tube7_segmentationDebug2\4_1503_0_segmented.tiff;1950.5;(78. 77);175.296463131904;0.957770684998772;49.8342626313055;0.797644750585581;0.976817818152349;456.68205814128;0.962278871572417;0.907020810592049;0.935737992725393;;;;;;;;;;;;;;;;;;;;;;;;;;;;;;;;;;;;;;;;;;;;;;
1;Tube 7;512010.0;;;;;;;;;;;;;;;;;;;;;;;;;;;;;;;;;;;;;;;;;;512010.0;0.0;1201.0;False;E:\Experiments\PTT\Spheroids\01072025_mcf7\0307 after\Analysis\2025-07-03_155348_tube7_cropped_8bits\5_1201_0_8bits.tiff;E:\Experiments\PTT\Spheroids\01072025_mcf7\0307 after\Analysis\2025-07-03_155348_tube7_segmentationDebug\5_1201_0_segmented.tiff;1786.5;(70. 79);176.468035697937;0.9295005202913632;47.69321174621571;0.7209095547149291;0.860885599759901;320.150860935335;0.961831602534284;0.9140930256745784;0.9293539008857356;113.15718600311641;37.0;Alive;;;;;;;;;;;;;;;;;;;;;;
1;Tube 7;513010.0;;;;;;;;;;;;;;;;;;;;;513010.0;0.0;1301.0;False;G:\Experiments\PTT\Spheroids\01072025_mcf7\0307 before laser\Analysis\2025-07-03_110549_tube7_cropped_8bits2\5_1301_0_8bits.tiff;G:\Experiments\PTT\Spheroids\01072025_mcf7\0307 before laser\Analysis\2025-07-03_110549_tube7_segmentationDebug2\5_1301_0_segmented.tiff;1716.5;(77. 72);188.124889969825;0.871762315896394;46.7494992330175;0.609482378803916;0.925432783037237;453.183406387335;0.96342498375032;0.917247956302842;0.930639542653121;;;;;;;;;;;;;;;;;;;;;;;;;;;;;;;;;;;;;;;;;;;;;;
1;Tube 7;609010.0;;;;;;;;;;;;;;;;;;;;;;;;;;;;;;;;;;;;;;;;;;609010.0;0.0;901.0;False;E:\Experiments\PTT\Spheroids\01072025_mcf7\0307 after\Analysis\2025-07-03_155348_tube7_cropped_8bits\6_0901_0_8bits.tiff;E:\Experiments\PTT\Spheroids\01072025_mcf7\0307 after\Analysis\2025-07-03_155348_tube7_segmentationDebug\6_0901_0_segmented.tiff;1552.0;(64. 70);155.7401144504547;0.9562538508934072;44.45298385293132;0.8040824845449756;0.9078766387329076;235.5298954328973;0.966981856068361;0.9255258414379508;0.934054535903206;106.12219379412501;37.0;Alive;;;;;;;;;;;;;;;;;;;;;;
1;Tube 7;610010.0;;;;;;;;;;;;;;;;;;;;;610010.0;0.0;1001.0;False;G:\Experiments\PTT\Spheroids\01072025_mcf7\0307 before laser\Analysis\2025-07-03_110549_tube7_cropped_8bits2\6_1001_0_8bits.tiff;G:\Experiments\PTT\Spheroids\01072025_mcf7\0307 before laser\Analysis\2025-07-03_110549_tube7_segmentationDebug2\6_1001_0_segmented.tiff;1539.5;(78. 77);157.296463131904;0.955024813895781;44.2736070263061;0.781900772734764;0.842373583252228;310.727405801755;0.966413304718635;0.926101383166101;0.935846634716877;;;;;;;;;;;;;;;;;;;;;;;;;;;;;;;;;;;;;;;;;;;;;;
1;Tube 7;707010.0;;;;;;;;;;;;;;;;;;;;;707010.0;0.0;701.0;False;G:\Experiments\PTT\Spheroids\01072025_mcf7\0307 before laser\Analysis\2025-07-03_110549_tube7_cropped_8bits2\7_0701_0_8bits.tiff;G:\Experiments\PTT\Spheroids\01072025_mcf7\0307 before laser\Analysis\2025-07-03_110549_tube7_segmentationDebug2\7_0701_0_segmented.tiff;1547.0;(76. 71);161.053822398185;0.93446088794926;44.3813201212548;0.749476645588017;0.935094027232566;480.281644949414;0.965945292701057;0.925522334668554;0.925350402850737;;;;;707010.0;0.0;701.0;False;E:\Experiments\PTT\Spheroids\01072025_mcf7\0307 after\Analysis\2025-07-03_155348_tube7_cropped_8bits\7_0701_0_8bits.tiff;E:\Experiments\PTT\Spheroids\01072025_mcf7\0307 after\Analysis\2025-07-03_155348_tube7_segmentationDebug\7_0701_0_segmented.tiff;1478.0;(78. 79);161.53910434246063;0.9174425822470516;43.38027255698805;0.7117524272791881;0.9290965181790672;272.61196338383843;0.9668312113397608;0.9285440572925704;0.9259014674093902;97.60498624550334;46.0;Alive;;0.0;0.0;0.0;;;;-69.0;;0.4852819442756413;-0.017018305702208414;-1.0010475642667558;-0.03772421830882888;-0.0059975090534987174;-207.66968156557556;0.0008859186387037976;0.003021722624016343;0.0005510645586531693;;;;
1;Tube 7;804010.0;;;;;;;;;;;;;;;;;;;;;804010.0;0.0;401.0;False;G:\Experiments\PTT\Spheroids\01072025_mcf7\0307 before laser\Analysis\2025-07-03_110549_tube7_cropped_8bits2\8_0401_0_8bits.tiff;G:\Experiments\PTT\Spheroids\01072025_mcf7\0307 before laser\Analysis\2025-07-03_110549_tube7_segmentationDebug2\8_0401_0_segmented.tiff;1759.0;(76. 68);162.367531657218;0.961202185792349;47.324711929278;0.838450303900889;0.856191688003057;512.886777048431;0.963749631775521;0.916233156709343;0.933646362097959;;;;;804010.0;0.0;401.0;False;E:\Experiments\PTT\Spheroids\01072025_mcf7\0307 after\Analysis\2025-07-03_155348_tube7_cropped_8bits\8_0401_0_8bits.tiff;E:\Experiments\PTT\Spheroids\01072025_mcf7\0307 after\Analysis\2025-07-03_155348_tube7_segmentationDebug\8_0401_0_segmented.tiff;1904.0;(71. 72);195.88224923610687;0.8810735770476631;49.2366539599895;0.6235720540753961;0.7457594206263048;1097.3291469414276;0.9643872640948816;0.908315603499114;0.8636809810218344;18.007810245657236;56.0;Dead;;0.0;0.0;0.0;;;;145.0;;33.51471757888888;-0.08012860874468586;1.9119420307115007;-0.21487824982549297;-0.11043226737675216;584.4423698929966;0.0006376323193606481;-0.007917553210229022;-0.0699653810761246;;;;
1;Tube 7;902020.0;;;;;;;;;;;;;;;;;;;;;902020.0;0.0;202.0;False;G:\Experiments\PTT\Spheroids\01072025_mcf7\0307 before laser\Analysis\2025-07-03_110549_tube7_cropped_8bits2\9_0202_0_8bits.tiff;G:\Experiments\PTT\Spheroids\01072025_mcf7\0307 before laser\Analysis\2025-07-03_110549_tube7_segmentationDebug2\9_0202_0_segmented.tiff;1203.0;(75. 77);155.396968245506;0.878422782037239;39.1370307038794;0.626023171229691;0.893919067809842;444.491837939995;0.97496700085501;0.941203221225885;0.916601466467787;;;;;;;;;;;;;;;;;;;;;;;;;;;;;;;;;;;;;;;;;;;;;;
1;Tube 7;902030.0;;;;;;;;;;;;;;;;;;;;;;;;;;;;;;;;;;;;;;;;;;902030.0;0.0;203.0;False;E:\Experiments\PTT\Spheroids\01072025_mcf7\0307 after\Analysis\2025-07-03_155348_tube7_cropped_8bits\9_0203_0_8bits.tiff;E:\Experiments\PTT\Spheroids\01072025_mcf7\0307 after\Analysis\2025-07-03_155348_tube7_segmentationDebug\9_0203_0_segmented.tiff;1596.5;(68. 75);257.0954524278641;0.691424859246427;45.08577306833817;0.3035218756350205;0.79965192784866;673.3611830357142;0.9721400392162334;0.9204100165913576;0.900422280764673;33.405151684204455;56.0;Dead;;;;;;;;;;;;;;;;;;;;;;
1;Tube 8;1002030.0;;;;;;;;;;;;;;;;;;;;;1002030.0;0.0;203.0;False;G:\Experiments\PTT\Spheroids\01072025_mcf7\0307 before laser\Analysis\2025-07-03_111614_tube8_cropped_8bits2\10_0203_0_8bits.tiff;G:\Experiments\PTT\Spheroids\01072025_mcf7\0307 before laser\Analysis\2025-07-03_111614_tube8_segmentationDebug2\10_0203_0_segmented.tiff;1385.0;(74. 68);158.225395202636;0.910285902070325;41.9932943391942;0.695195991386815;0.900518715151122;483.60447949013;0.970345123064758;0.932906775553988;0.929395873755811;;;;;;;;;;;;;;;;;;;;;;;;;;;;;;;;;;;;;;;;;;;;;;
1;Tube 8;1002050.0;;;;;;;;;;;;;;;;;;;;;;;;;;;;;;;;;;;;;;;;;;1002050.0;0.0;205.0;False;E:\Experiments\PTT\Spheroids\01072025_mcf7\0307 after\Analysis\2025-07-03_160210_tube8_cropped_8bits\10_0205_0_8bits.tiff;E:\Experiments\PTT\Spheroids\01072025_mcf7\0307 after\Analysis\2025-07-03_160210_tube8_segmentationDebug\10_0205_0_segmented.tiff;1194.5;(65. 80);139.98275458812714;0.9387033398821218;38.99852094869948;0.7660320623361858;0.901268178690768;294.8576055064309;0.9789959628674196;0.94205927003729;0.9352140915481514;90.08329646230499;43.0;Alive;;;;;;;;;;;;;;;;;;;;;;
1;Tube 8;106050.0;;;;;;;;;;;;;;;;;;;;;106050.0;0.0;605.0;False;G:\Experiments\PTT\Spheroids\01072025_mcf7\0307 before laser\Analysis\2025-07-03_111614_tube8_cropped_8bits2\1_0605_0_8bits.tiff;G:\Experiments\PTT\Spheroids\01072025_mcf7\0307 before laser\Analysis\2025-07-03_111614_tube8_segmentationDebug2\1_0605_0_segmented.tiff;1977.5;(84. 68);176.468035817146;0.962053028460228;50.177995174317;0.797984126796924;0.849774371063218;438.772307116515;0.955576655803184;0.905645300162414;0.933811348599005;;;;;;;;;;;;;;;;;;;;;;;;;;;;;;;;;;;;;;;;;;;;;;
1;Tube 8;107050.0;;;;;;;;;;;;;;;;;;;;;;;;;;;;;;;;;;;;;;;;;;107050.0;0.0;705.0;False;E:\Experiments\PTT\Spheroids\01072025_mcf7\0307 after\Analysis\2025-07-03_160210_tube8_cropped_8bits\1_0705_0_8bits.tiff;E:\Experiments\PTT\Spheroids\01072025_mcf7\0307 after\Analysis\2025-07-03_160210_tube8_segmentationDebug\1_0705_0_segmented.tiff;1911.5;(78. 82);173.2964631319046;0.9615191146881288;49.3335321030358;0.7998430364080572;0.855099943689439;326.96908590467933;0.9623383249415276;0.9088410363688832;0.9379566926083832;95.94578996979783;37.0;Alive;;;;;;;;;;;;;;;;;;;;;;
1;Tube 8;1102060.0;;;;;;;;;;;;;;;;;;;;;1102060.0;0.0;206.0;False;G:\Experiments\PTT\Spheroids\01072025_mcf7\0307 before laser\Analysis\2025-07-03_111614_tube8_cropped_8bits2\11_0206_0_8bits.tiff;G:\Experiments\PTT\Spheroids\01072025_mcf7\0307 before laser\Analysis\2025-07-03_111614_tube8_segmentationDebug2\11_0206_0_segmented.tiff;1816.0;(78. 72);184.225395679473;0.910047607116011;48.0853721337274;0.672398463342926;0.92673560469729;493.58412598471;0.958897258220953;0.912729722396816;0.934567843269836;;;;;;;;;;;;;;;;;;;;;;;;;;;;;;;;;;;;;;;;;;;;;;
1;Tube 8;1102080.0;;;;;;;;;;;;;;;;;;;;;;;;;;;;;;;;;;;;;;;;;;1102080.0;0.0;208.0;False;E:\Experiments\PTT\Spheroids\01072025_mcf7\0307 after\Analysis\2025-07-03_160210_tube8_cropped_8bits\11_0208_0_8bits.tiff;E:\Experiments\PTT\Spheroids\01072025_mcf7\0307 after\Analysis\2025-07-03_160210_tube8_segmentationDebug\11_0208_0_segmented.tiff;1442.5;(78. 65);168.46803605556488;0.8920841063698206;42.85613192158704;0.6386907990626778;0.8700491019192941;374.7245176833098;0.9744064602000648;0.9301491264386216;0.9279245882597488;68.77921628224613;51.0;Alive;;;;;;;;;;;;;;;;;;;;;;
1;Tube 8;1202090.0;;;;;;;;;;;;;;;;;;;;;1202090.0;0.0;209.0;False;G:\Experiments\PTT\Spheroids\01072025_mcf7\0307 before laser\Analysis\2025-07-03_111614_tube8_cropped_8bits2\12_0209_0_8bits.tiff;G:\Experiments\PTT\Spheroids\01072025_mcf7\0307 before laser\Analysis\2025-07-03_111614_tube8_segmentationDebug2\12_0209_0_segmented.tiff;1437.0;(76. 73);151.882249712944;0.958639092728485;42.7743524297496;0.782803194712398;0.816111616907656;410.459842681258;0.968855155230694;0.930873128931633;0.932747841069343;;;;;;;;;;;;;;;;;;;;;;;;;;;;;;;;;;;;;;;;;;;;;;
1;Tube 8;1202100.0;;;;;;;;;;;;;;;;;;;;;;;;;;;;;;;;;;;;;;;;;;1202100.0;0.0;210.0;False;E:\Experiments\PTT\Spheroids\01072025_mcf7\0307 after\Analysis\2025-07-03_160210_tube8_cropped_8bits\12_0210_0_8bits.tiff;E:\Experiments\PTT\Spheroids\01072025_mcf7\0307 after\Analysis\2025-07-03_160210_tube8_segmentationDebug\12_0210_0_segmented.tiff;1518.5;(73. 83);200.61017203330996;0.8364087028366841;43.97060664444311;0.4741532804362346;0.7679393452315766;712.6015963665533;0.979975094873792;0.9258245856321864;0.9082611426554562;14.147413577515728;56.0;Dead;;;;;;;;;;;;;;;;;;;;;;
1;Tube 8;1302120.0;;;;;;;;;;;;;;;;;;;;;1302120.0;0.0;212.0;False;G:\Experiments\PTT\Spheroids\01072025_mcf7\0307 before laser\Analysis\2025-07-03_111614_tube8_cropped_8bits2\13_0212_0_8bits.tiff;G:\Experiments\PTT\Spheroids\01072025_mcf7\0307 before laser\Analysis\2025-07-03_111614_tube8_segmentationDebug2\13_0212_0_segmented.tiff;1416.5;(68. 74);150.325900554656;0.950033534540576;42.4681505968573;0.787696316141851;0.951346758627521;406.849352738295;0.969545724546715;0.931698365384998;0.938067018290616;;;;;;;;;;;;;;;;;;;;;;;;;;;;;;;;;;;;;;;;;;;;;;
1;Tube 8;1302130.0;;;;;;;;;;;;;;;;;;;;;;;;;;;;;;;;;;;;;;;;;;1302130.0;0.0;213.0;False;E:\Experiments\PTT\Spheroids\01072025_mcf7\0307 after\Analysis\2025-07-03_160210_tube8_cropped_8bits\13_0213_0_8bits.tiff;E:\Experiments\PTT\Spheroids\01072025_mcf7\0307 after\Analysis\2025-07-03_160210_tube8_segmentationDebug\13_0213_0_segmented.tiff;1287.0;(68. 81);176.71067667007446;0.8537313432835821;40.48035689163516;0.5179201777537621;0.832975924667749;379.4564992985565;0.9772034304765456;0.9365484453331208;0.9184825132269114;100.76852047784854;43.0;Alive;;;;;;;;;;;;;;;;;;;;;;
1;Tube 8;1402150.0;;;;;;;;;;;;;;;;;;;;;1402150.0;0.0;215.0;False;G:\Experiments\PTT\Spheroids\01072025_mcf7\0307 before laser\Analysis\2025-07-03_111614_tube8_cropped_8bits2\14_0215_0_8bits.tiff;G:\Experiments\PTT\Spheroids\01072025_mcf7\0307 before laser\Analysis\2025-07-03_111614_tube8_segmentationDebug2\14_0215_0_segmented.tiff;1379.0;(72. 81);163.053822875022;0.894583198183587;41.9022354080279;0.651796702788344;0.930092131586178;487.749711788844;0.96771521469731;0.933017475794361;0.923596748905553;;;;;;;;;;;;;;;;;;;;;;;;;;;;;;;;;;;;;;;;;;;;;;
1;Tube 8;1402160.0;;;;;;;;;;;;;;;;;;;;;;;;;;;;;;;;;;;;;;;;;;1402160.0;0.0;216.0;False;E:\Experiments\PTT\Spheroids\01072025_mcf7\0307 after\Analysis\2025-07-03_160210_tube8_cropped_8bits\14_0216_0_8bits.tiff;E:\Experiments\PTT\Spheroids\01072025_mcf7\0307 after\Analysis\2025-07-03_160210_tube8_segmentationDebug\14_0216_0_segmented.tiff;1153.5;(70. 72);139.49747383594513;0.9359026369168356;38.32338469984104;0.7448945157638837;0.8261612960668993;473.7901417917615;0.9802126324204494;0.9439362987129516;0.9221893885140956;98.71111709597369;44.0;Alive;;;;;;;;;;;;;;;;;;;;;;
1;Tube 8;1502170.0;;;;;;;;;;;;;;;;;;;;;1502170.0;0.0;217.0;False;G:\Experiments\PTT\Spheroids\01072025_mcf7\0307 before laser\Analysis\2025-07-03_111614_tube8_cropped_8bits2\15_0217_0_8bits.tiff;G:\Experiments\PTT\Spheroids\01072025_mcf7\0307 before laser\Analysis\2025-07-03_111614_tube8_segmentationDebug2\15_0217_0_segmented.tiff;1189.0;(75. 80);144.568541407585;0.92063492063492;38.908634243444;0.714898062399019;0.910184174760487;535.78186667747;0.973883343323493;0.942089163004996;0.923117822774208;;;;;;;;;;;;;;;;;;;;;;;;;;;;;;;;;;;;;;;;;;;;;;
1;Tube 8;1502190.0;;;;;;;;;;;;;;;;;;;;;;;;;;;;;;;;;;;;;;;;;;1502190.0;0.0;219.0;False;E:\Experiments\PTT\Spheroids\01072025_mcf7\0307 after\Analysis\2025-07-03_160210_tube8_cropped_8bits\15_0219_0_8bits.tiff;E:\Experiments\PTT\Spheroids\01072025_mcf7\0307 after\Analysis\2025-07-03_160210_tube8_segmentationDebug\15_0219_0_segmented.tiff;1188.5;(75. 64);167.15432786941528;0.8456065457132693;38.90045242561764;0.5345321099648511;0.8623650260363283;195.72141122762585;0.9756075594802796;0.9413073189945445;0.9250118809967196;100.76852047784854;45.0;Alive;;;;;;;;;;;;;;;;;;;;;;
1;Tube 8;1602200.0;;;;;;;;;;;;;;;;;;;;;1602200.0;0.0;220.0;False;G:\Experiments\PTT\Spheroids\01072025_mcf7\0307 before laser\Analysis\2025-07-03_111614_tube8_cropped_8bits2\16_0220_0_8bits.tiff;G:\Experiments\PTT\Spheroids\01072025_mcf7\0307 before laser\Analysis\2025-07-03_111614_tube8_segmentationDebug2\16_0220_0_segmented.tiff;1159.5;(73. 72);134.325900793075;0.961442786069651;38.4229261264732;0.807534515081954;0.818405443618462;479.581783346249;0.974315450941507;0.943773548383111;0.928101874202861;;;;;;;;;;;;;;;;;;;;;;;;;;;;;;;;;;;;;;;;;;;;;;
1;Tube 8;1602220.0;;;;;;;;;;;;;;;;;;;;;;;;;;;;;;;;;;;;;;;;;;1602220.0;0.0;222.0;False;E:\Experiments\PTT\Spheroids\01072025_mcf7\0307 after\Analysis\2025-07-03_160210_tube8_cropped_8bits\16_0222_0_8bits.tiff;E:\Experiments\PTT\Spheroids\01072025_mcf7\0307 after\Analysis\2025-07-03_160210_tube8_segmentationDebug\16_0222_0_segmented.tiff;1125.0;(81. 80);146.9116872549057;0.8967716221602232;37.8469878303024;0.6550126589206523;0.792385279067699;303.44261652826526;0.9786619484618696;0.9448035808490028;0.9256073666242022;97.22890175634343;43.0;Alive;;;;;;;;;;;;;;;;;;;;;;
1;Tube 8;1702230.0;;;;;;;;;;;;;;;;;;;;;1702230.0;0.0;223.0;False;G:\Experiments\PTT\Spheroids\01072025_mcf7\0307 before laser\Analysis\2025-07-03_111614_tube8_cropped_8bits2\17_0223_0_8bits.tiff;G:\Experiments\PTT\Spheroids\01072025_mcf7\0307 before laser\Analysis\2025-07-03_111614_tube8_segmentationDebug2\17_0223_0_segmented.tiff;1270.0;(73. 69);147.396968483924;0.940392447241762;40.2121153610905;0.734575572106383;0.898803637154329;469.371138399752;0.970674540331855;0.938319282620639;0.925647748570315;;;;;;;;;;;;;;;;;;;;;;;;;;;;;;;;;;;;;;;;;;;;;;
1;Tube 8;1703240.0;;;;;;;;;;;;;;;;;;;;;;;;;;;;;;;;;;;;;;;;;;1703240.0;0.0;324.0;False;E:\Experiments\PTT\Spheroids\01072025_mcf7\0307 after\Analysis\2025-07-03_160210_tube8_cropped_8bits\17_0324_0_8bits.tiff;E:\Experiments\PTT\Spheroids\01072025_mcf7\0307 after\Analysis\2025-07-03_160210_tube8_segmentationDebug\17_0324_0_segmented.tiff;1250.5;(75. 73);151.63960897922516;0.9124407150674936;39.90220608802628;0.6833894159401553;0.7544004003078402;247.92445958804703;0.971616294407925;0.9389077186057078;0.917973471573202;83.64561491256758;50.0;Alive;;;;;;;;;;;;;;;;;;;;;;
1;Tube 8;1805240.0;;;;;;;;;;;;;;;;;;;;;1805240.0;0.0;524.0;False;G:\Experiments\PTT\Spheroids\01072025_mcf7\0307 before laser\Analysis\2025-07-03_111614_tube8_cropped_8bits2\18_0524_0_8bits.tiff;G:\Experiments\PTT\Spheroids\01072025_mcf7\0307 before laser\Analysis\2025-07-03_111614_tube8_segmentationDebug2\18_0524_0_segmented.tiff;1339.0;(74. 69);167.396968603134;0.872028655161185;41.2900442043888;0.600475459114675;0.861442019495738;253.70722119917;0.968444970727858;0.934811819483816;0.934937850996545;;;;;;;;;;;;;;;;;;;;;;;;;;;;;;;;;;;;;;;;;;;;;;
1;Tube 8;1806240.0;;;;;;;;;;;;;;;;;;;;;;;;;;;;;;;;;;;;;;;;;;1806240.0;0.0;624.0;False;E:\Experiments\PTT\Spheroids\01072025_mcf7\0307 after\Analysis\2025-07-03_160210_tube8_cropped_8bits\18_0624_0_8bits.tiff;E:\Experiments\PTT\Spheroids\01072025_mcf7\0307 after\Analysis\2025-07-03_160210_tube8_segmentationDebug\18_0624_0_segmented.tiff;1246.5;(80. 75);142.81118190288544;0.9400452488687784;39.838336969712735;0.7680291790274482;0.9651708864158136;330.26968392892786;0.9723571273050656;0.9394919478578228;0.9234806212780796;99.15356943616183;46.0;Alive;;;;;;;;;;;;;;;;;;;;;;
1;Tube 8;1908240.0;;;;;;;;;;;;;;;;;;;;;1908240.0;0.0;824.0;False;G:\Experiments\PTT\Spheroids\01072025_mcf7\0307 before laser\Analysis\2025-07-03_111614_tube8_cropped_8bits2\19_0824_0_8bits.tiff;G:\Experiments\PTT\Spheroids\01072025_mcf7\0307 before laser\Analysis\2025-07-03_111614_tube8_segmentationDebug2\19_0824_0_segmented.tiff;1159.0;(72. 74);135.053822278976;0.95824720959074;38.4146408592876;0.79850849334603;0.761702349523182;295.127021237808;0.972857545849873;0.943541211536127;0.932353707614457;;;;;;;;;;;;;;;;;;;;;;;;;;;;;;;;;;;;;;;;;;;;;;
1;Tube 8;1909240.0;;;;;;;;;;;;;;;;;;;;;;;;;;;;;;;;;;;;;;;;;;1909240.0;0.0;924.0;False;E:\Experiments\PTT\Spheroids\01072025_mcf7\0307 after\Analysis\2025-07-03_160210_tube8_cropped_8bits\19_0924_0_8bits.tiff;E:\Experiments\PTT\Spheroids\01072025_mcf7\0307 after\Analysis\2025-07-03_160210_tube8_segmentationDebug\19_0924_0_segmented.tiff;1011.5;(81. 73);121.98275482654572;0.9697986577181208;35.88707008798039;0.854237980651797;0.8909361671593554;187.46560731525096;0.97554399939693;0.9506421519575754;0.9167708458154624;118.46661408537408;40.0;Alive;;;;;;;;;;;;;;;;;;;;;;
1;Tube 8;2011240.0;;;;;;;;;;;;;;;;;;;;;2011240.0;0.0;1124.0;False;G:\Experiments\PTT\Spheroids\01072025_mcf7\0307 before laser\Analysis\2025-07-03_111614_tube8_cropped_8bits2\20_1124_0_8bits.tiff;G:\Experiments\PTT\Spheroids\01072025_mcf7\0307 before laser\Analysis\2025-07-03_111614_tube8_segmentationDebug2\20_1124_0_segmented.tiff;1120.5;(70. 78);139.154328107833;0.92260189378345;37.7712180088986;0.727157164491677;0.843126986811591;208.535710542078;0.973617945075027;0.945329645135369;0.934831569774005;;;;;;;;;;;;;;;;;;;;;;;;;;;;;;;;;;;;;;;;;;;;;;
1;Tube 8;209050.0;;;;;;;;;;;;;;;;;;;;;209050.0;0.0;905.0;False;G:\Experiments\PTT\Spheroids\01072025_mcf7\0307 before laser\Analysis\2025-07-03_111614_tube8_cropped_8bits2\2_0905_0_8bits.tiff;G:\Experiments\PTT\Spheroids\01072025_mcf7\0307 before laser\Analysis\2025-07-03_111614_tube8_segmentationDebug2\2_0905_0_segmented.tiff;1600.5;(78. 69);159.639609217643;0.948444444444444;45.1422185027345;0.789194828115338;0.961611927979297;375.134939318846;0.967425774016475;0.923145546923272;0.945359395481673;;;;;;;;;;;;;;;;;;;;;;;;;;;;;;;;;;;;;;;;;;;;;;
1;Tube 8;211050.0;;;;;;;;;;;;;;;;;;;;;;;;;;;;;;;;;;;;;;;;;;211050.0;0.0;1105.0;False;E:\Experiments\PTT\Spheroids\01072025_mcf7\0307 after\Analysis\2025-07-03_160210_tube8_cropped_8bits\2_1105_0_8bits.tiff;E:\Experiments\PTT\Spheroids\01072025_mcf7\0307 after\Analysis\2025-07-03_160210_tube8_segmentationDebug\2_1105_0_segmented.tiff;1558.0;(79. 74);160.2253955602646;0.94884287454324;44.538828124428505;0.762631276868666;0.9380783395038678;302.6121959488092;0.9663391659725016;0.925075504636384;0.9328981466306732;108.37870072908451;37.0;Alive;;;;;;;;;;;;;;;;;;;;;;
1;Tube 8;312050.0;;;;;;;;;;;;;;;;;;;;;312050.0;0.0;1205.0;False;G:\Experiments\PTT\Spheroids\01072025_mcf7\0307 before laser\Analysis\2025-07-03_111614_tube8_cropped_8bits2\3_1205_0_8bits.tiff;G:\Experiments\PTT\Spheroids\01072025_mcf7\0307 before laser\Analysis\2025-07-03_111614_tube8_segmentationDebug2\3_1205_0_segmented.tiff;1673.0;(71. 61);172.710676789283;0.921255506607929;46.1533287893942;0.704802495228124;0.835824284867052;276.10845327638;0.965279092894307;0.918886977640103;0.933470729944773;;;;;;;;;;;;;;;;;;;;;;;;;;;;;;;;;;;;;;;;;;;;;;
1;Tube 8;313050.0;;;;;;;;;;;;;;;;;;;;;;;;;;;;;;;;;;;;;;;;;;313050.0;0.0;1305.0;False;E:\Experiments\PTT\Spheroids\01072025_mcf7\0307 after\Analysis\2025-07-03_160210_tube8_cropped_8bits\3_1305_0_8bits.tiff;E:\Experiments\PTT\Spheroids\01072025_mcf7\0307 after\Analysis\2025-07-03_160210_tube8_segmentationDebug\3_1305_0_segmented.tiff;1642.5;(75. 69);162.95331752300262;0.950795947901592;45.73068939156182;0.7773002888660162;0.9151710151296496;361.96801148188;0.964366746712864;0.9212671801504968;0.9213262541249672;97.27314699036224;37.0;Alive;;;;;;;;;;;;;;;;;;;;;;
1;Tube 8;414050.0;;;;;;;;;;;;;;;;;;;;;414050.0;0.0;1405.0;False;G:\Experiments\PTT\Spheroids\01072025_mcf7\0307 before laser\Analysis\2025-07-03_111614_tube8_cropped_8bits2\4_1405_0_8bits.tiff;G:\Experiments\PTT\Spheroids\01072025_mcf7\0307 before laser\Analysis\2025-07-03_111614_tube8_segmentationDebug2\4_1405_0_segmented.tiff;1817.0;(71. 70);165.882249712944;0.96392572944297;48.0986096762036;0.829783811832872;0.934926001550696;430.497649225774;0.958997977554753;0.913354367960435;0.92375996409968;;;;;;;;;;;;;;;;;;;;;;;;;;;;;;;;;;;;;;;;;;;;;;
1;Tube 8;415040.0;;;;;;;;;;;;;;;;;;;;;;;;;;;;;;;;;;;;;;;;;;415040.0;0.0;1504.0;False;E:\Experiments\PTT\Spheroids\01072025_mcf7\0307 after\Analysis\2025-07-03_160210_tube8_cropped_8bits\4_1504_0_8bits.tiff;E:\Experiments\PTT\Spheroids\01072025_mcf7\0307 after\Analysis\2025-07-03_160210_tube8_segmentationDebug\4_1504_0_segmented.tiff;1680.5;(72. 78);161.43859827518463;0.9646957520091848;46.25666497843788;0.8102772112710193;0.8629172596455092;304.4327005653761;0.9696817300781844;0.9180220201238348;0.9279402321694388;77.6282630860089;37.0;Alive;;;;;;;;;;;;;;;;;;;;;;
1;Tube 8;513010.0;;;;;;;;;;;;;;;;;;;;;;;;;;;;;;;;;;;;;;;;;;513010.0;0.0;1301.0;False;E:\Experiments\PTT\Spheroids\01072025_mcf7\0307 after\Analysis\2025-07-03_160210_tube8_cropped_8bits\5_1301_0_8bits.tiff;E:\Experiments\PTT\Spheroids\01072025_mcf7\0307 after\Analysis\2025-07-03_160210_tube8_segmentationDebug\5_1301_0_segmented.tiff;1749.5;(67. 79);163.78174448013306;0.9602085620197583;47.196743357080976;0.8195827812856158;0.90346852771489;368.71016159289775;0.9671338505805146;0.9165957173487964;0.9341982115903988;82.05278648789027;37.0;Alive;;;;;;;;;;;;;;;;;;;;;;
1;Tube 8;515020.0;;;;;;;;;;;;;;;;;;;;;515020.0;0.0;1502.0;False;G:\Experiments\PTT\Spheroids\01072025_mcf7\0307 before laser\Analysis\2025-07-03_111614_tube8_cropped_8bits2\5_1502_0_8bits.tiff;G:\Experiments\PTT\Spheroids\01072025_mcf7\0307 before laser\Analysis\2025-07-03_111614_tube8_segmentationDebug2\5_1502_0_segmented.tiff;1825.5;(70. 76);181.296463251113;0.923836032388664;48.2109820363995;0.697931881717713;0.966291866898098;311.328327116616;0.958451789036375;0.912426298542249;0.935061251069267;;;;;;;;;;;;;;;;;;;;;;;;;;;;;;;;;;;;;;;;;;;;;;
1;Tube 8;610010.0;;;;;;;;;;;;;;;;;;;;;;;;;;;;;;;;;;;;;;;;;;610010.0;0.0;1001.0;False;E:\Experiments\PTT\Spheroids\01072025_mcf7\0307 after\Analysis\2025-07-03_160210_tube8_cropped_8bits\6_1001_0_8bits.tiff;E:\Experiments\PTT\Spheroids\01072025_mcf7\0307 after\Analysis\2025-07-03_160210_tube8_segmentationDebug\6_1001_0_segmented.tiff;1456.0;(77. 74);157.39696836471558;0.9439222042139384;43.05620486218447;0.7385476366732181;0.9507284780637828;312.0770098039216;0.9690785609989716;0.929553271290236;0.9232937700928682;82.62797453013486;37.0;Alive;;;;;;;;;;;;;;;;;;;;;;
1;Tube 8;612010.0;;;;;;;;;;;;;;;;;;;;;612010.0;0.0;1201.0;False;G:\Experiments\PTT\Spheroids\01072025_mcf7\0307 before laser\Analysis\2025-07-03_111614_tube8_cropped_8bits2\6_1201_0_8bits.tiff;G:\Experiments\PTT\Spheroids\01072025_mcf7\0307 before laser\Analysis\2025-07-03_111614_tube8_segmentationDebug2\6_1201_0_segmented.tiff;1620.0;(76. 68);159.396968483924;0.950146627565982;45.4163853963628;0.801243950730035;0.894581766173681;484.550076047492;0.964257340326889;0.922200065917535;0.930590478615513;;;;;;;;;;;;;;;;;;;;;;;;;;;;;;;;;;;;;;;;;;;;;;
1;Tube 8;708010.0;;;;;;;;;;;;;;;;;;;;;;;;;;;;;;;;;;;;;;;;;;708010.0;0.0;801.0;False;E:\Experiments\PTT\Spheroids\01072025_mcf7\0307 after\Analysis\2025-07-03_160210_tube8_cropped_8bits\7_0801_0_8bits.tiff;E:\Experiments\PTT\Spheroids\01072025_mcf7\0307 after\Analysis\2025-07-03_160210_tube8_segmentationDebug\7_0801_0_segmented.tiff;1416.5;(70. 85);147.1543276309967;0.9639333106498807;42.46815059685738;0.8220161790576491;0.9394804622871192;347.2197602845731;0.9710127370328384;0.9318422683923336;0.9281207811635374;100.41455860569802;40.0;Alive;;;;;;;;;;;;;;;;;;;;;;
1;Tube 8;709010.0;;;;;;;;;;;;;;;;;;;;;709010.0;0.0;901.0;False;G:\Experiments\PTT\Spheroids\01072025_mcf7\0307 before laser\Analysis\2025-07-03_111614_tube8_cropped_8bits2\7_0901_0_8bits.tiff;G:\Experiments\PTT\Spheroids\01072025_mcf7\0307 before laser\Analysis\2025-07-03_111614_tube8_segmentationDebug2\7_0901_0_segmented.tiff;1703.5;(69. 83);168.468035936355;0.943505954029354;46.5721329171893;0.754252878851327;0.962410015126487;381.761333850373;0.958431602393953;0.91540740452281;0.926461105800488;;;;;;;;;;;;;;;;;;;;;;;;;;;;;;;;;;;;;;;;;;;;;;
1;Tube 8;806010.0;;;;;;;;;;;;;;;;;;;;;806010.0;0.0;601.0;False;G:\Experiments\PTT\Spheroids\01072025_mcf7\0307 before laser\Analysis\2025-07-03_111614_tube8_cropped_8bits2\8_0601_0_8bits.tiff;G:\Experiments\PTT\Spheroids\01072025_mcf7\0307 before laser\Analysis\2025-07-03_111614_tube8_segmentationDebug2\8_0601_0_segmented.tiff;1331.5;(78. 68);148.811181664466;0.93438596491228;41.1742450302961;0.755579043904126;0.923389695807958;238.055622489959;0.970288697347238;0.935520168182251;0.927564597895483;;;;;;;;;;;;;;;;;;;;;;;;;;;;;;;;;;;;;;;;;;;;;;
1;Tube 8;902020.0;;;;;;;;;;;;;;;;;;;;;;;;;;;;;;;;;;;;;;;;;;902020.0;0.0;202.0;False;E:\Experiments\PTT\Spheroids\01072025_mcf7\0307 after\Analysis\2025-07-03_160210_tube8_cropped_8bits\9_0202_0_8bits.tiff;E:\Experiments\PTT\Spheroids\01072025_mcf7\0307 after\Analysis\2025-07-03_160210_tube8_segmentationDebug\9_0202_0_segmented.tiff;1325.0;(75. 74);143.05382251739502;0.9566787003610108;41.07362166615078;0.8136297280745619;0.9577896096349536;304.81762303358164;0.9768037319715172;0.9361512089545984;0.9304686009081538;88.09226093145837;44.0;Alive;;;;;;;;;;;;;;;;;;;;;;
1;Tube 8;904010.0;;;;;;;;;;;;;;;;;;;;;904010.0;0.0;401.0;False;G:\Experiments\PTT\Spheroids\01072025_mcf7\0307 before laser\Analysis\2025-07-03_111614_tube8_cropped_8bits2\9_0401_0_8bits.tiff;G:\Experiments\PTT\Spheroids\01072025_mcf7\0307 before laser\Analysis\2025-07-03_111614_tube8_segmentationDebug2\9_0401_0_segmented.tiff;1504.5;(77. 37);158.468036055564;0.929851668726823;43.7674410384483;0.752867768840854;0.923984216737227;215.370197825278;0.956373257659597;0.909342921307109;0.927059897094791;;;;;;;;;;;;;;;;;;;;;;;;;;;;;;;;;;;;;;;;;;;;;;
2;Tube 1;1002070.0;;;;;;;;;;;;;;;;;;;;;1002070.0;0.0;207.0;False;G:\Experiments\PTT\Spheroids\02062025_mcf7\04062025 before laser\Analysis\2025-06-04_091852_tube1_cropped_8bits2\10_0207_0_8bits.tiff;G:\Experiments\PTT\Spheroids\02062025_mcf7\04062025 before laser\Analysis\2025-06-04_091852_tube1_segmentationDebug2\10_0207_0_segmented.tiff;2382.5;(75. 77);204.610171675682;0.932302876149481;55.0771569285445;0.715135494148573;0.778910142124624;501.342110322389;0.947934905938697;0.886724218823099;0.9343234368145;;;;;1002070.0;0.0;207.0;False;G:\Experiments\PTT\Spheroids\02062025_mcf7\04062025 after laser\Analysis\2025-06-04_153856_tube1_cropped_8bits2\10_0207_0_8bits.tiff;G:\Experiments\PTT\Spheroids\02062025_mcf7\04062025 after laser\Analysis\2025-06-04_153856_tube1_segmentationDebug2\10_0207_0_segmented.tiff;2168.5;(76. 81);192.26702606678;0.948807700721942;52.545408484074;0.737156455081648;0.848126115474081;219.93069987049;0.962056657530395;0.897082248467381;0.951255657234415;84.333023761524;37.0;Alive;;0.0;0.0;0.0;;;;-214.0;;-12.343145608902006;0.01650482457246094;-2.5317484444704945;0.02202096093307493;0.06921597334945706;-281.411410451899;0.01412175159169804;0.010358029644282007;0.016932220419914934;;;;
2;Tube 1;1102100.0;;;;;;;;;;;;;;;;;;;;;1102100.0;0.0;210.0;False;G:\Experiments\PTT\Spheroids\02062025_mcf7\04062025 before laser\Analysis\2025-06-04_091852_tube1_cropped_8bits2\11_0210_0_8bits.tiff;G:\Experiments\PTT\Spheroids\02062025_mcf7\04062025 before laser\Analysis\2025-06-04_091852_tube1_segmentationDebug2\11_0210_0_segmented.tiff;2374.5;(75. 76);214.610171198844;0.91326923076923;54.984609655554;0.647860401676874;0.726636228367611;267.891207029579;0.959575806421143;0.887253619395717;0.952008055203478;;;;;1102100.0;0.0;210.0;False;G:\Experiments\PTT\Spheroids\02062025_mcf7\04062025 after laser\Analysis\2025-06-04_153856_tube1_cropped_8bits2\11_0210_0_8bits.tiff;G:\Experiments\PTT\Spheroids\02062025_mcf7\04062025 after laser\Analysis\2025-06-04_153856_tube1_segmentationDebug2\11_0210_0_segmented.tiff;2327.0;(74. 74);196.710676670074;0.946512100874517;54.4318695306226;0.755701671214956;0.877586564248145;166.027538439978;0.961946620287875;0.889866490865255;0.952950337901909;93.22037737558611;37.0;Alive;;0.0;0.0;0.0;;;;-47.5;;-17.899494528769992;0.03324287010528704;-0.5527401249314039;0.10784126953808204;0.15095033588053397;-101.86366858960099;0.002370813866731991;0.002612871469538036;0.0009422826984309962;;;;
2;Tube 1;1202120.0;;;;;;;;;;;;;;;;;;;;;1202120.0;0.0;212.0;False;G:\Experiments\PTT\Spheroids\02062025_mcf7\04062025 before laser\Analysis\2025-06-04_091852_tube1_cropped_8bits2\12_0212_0_8bits.tiff;G:\Experiments\PTT\Spheroids\02062025_mcf7\04062025 before laser\Analysis\2025-06-04_091852_tube1_segmentationDebug2\12_0212_0_segmented.tiff;1990.5;(78. 71);204.953317403793;0.893602693602693;50.3426589861455;0.595473091836921;0.73600198650269;428.196185146794;0.958071314763065;0.904711715764006;0.939123186256687;;;;;;;;;;;;;;;;;;;;;;;;;;;;;;;;;;;;;;;;;;;;;;
2;Tube 1;1202130.0;;;;;;;;;;;;;;;;;;;;;;;;;;;;;;;;;;;;;;;;;;1202130.0;0.0;213.0;False;G:\Experiments\PTT\Spheroids\02062025_mcf7\04062025 after laser\Analysis\2025-06-04_153856_tube1_cropped_8bits2\12_0213_0_8bits.tiff;G:\Experiments\PTT\Spheroids\02062025_mcf7\04062025 after laser\Analysis\2025-06-04_153856_tube1_segmentationDebug2\12_0213_0_segmented.tiff;2030.5;(76. 72);185.923879384994;0.942883677733921;50.845972265114;0.738146411447971;0.763174712320723;376.630819289243;0.970028039470123;0.903802711697246;0.95008241422383;103.0115296622647;37.0;Alive;;;;;;;;;;;;;;;;;;;;;;
2;Tube 1;1302150.0;;;;;;;;;;;;;;;;;;;;;1302150.0;0.0;215.0;False;G:\Experiments\PTT\Spheroids\02062025_mcf7\04062025 before laser\Analysis\2025-06-04_091852_tube1_cropped_8bits2\13_0215_0_8bits.tiff;G:\Experiments\PTT\Spheroids\02062025_mcf7\04062025 before laser\Analysis\2025-06-04_091852_tube1_segmentationDebug2\13_0215_0_segmented.tiff;2584.0;(70. 78);243.338093876838;0.865806667783548;57.3589660262077;0.548380710284264;0.517590478261251;360.056345800627;0.943447802536254;0.87700170641417;0.936312576145569;;;;;;;;;;;;;;;;;;;;;;;;;;;;;;;;;;;;;;;;;;;;;;
2;Tube 1;1302160.0;;;;;;;;;;;;;;;;;;;;;;;;;;;;;;;;;;;;;;;;;;1302160.0;0.0;216.0;False;G:\Experiments\PTT\Spheroids\02062025_mcf7\04062025 after laser\Analysis\2025-06-04_153856_tube1_cropped_8bits2\13_0216_0_8bits.tiff;G:\Experiments\PTT\Spheroids\02062025_mcf7\04062025 after laser\Analysis\2025-06-04_153856_tube1_segmentationDebug2\13_0216_0_segmented.tiff;2598.0;(70. 70);238.651801466941;0.86183446674407;57.5141403241146;0.573217679615042;0.526562324805023;312.582395170501;0.948652083606713;0.8765722770564;0.939046589900605;101.46216050920788;37.0;Alive;;;;;;;;;;;;;;;;;;;;;;
2;Tube 1;1402180.0;;;;;;;;;;;;;;;;;;;;;1402180.0;0.0;218.0;False;G:\Experiments\PTT\Spheroids\02062025_mcf7\04062025 before laser\Analysis\2025-06-04_091852_tube1_cropped_8bits2\14_0218_0_8bits.tiff;G:\Experiments\PTT\Spheroids\02062025_mcf7\04062025 before laser\Analysis\2025-06-04_091852_tube1_segmentationDebug2\14_0218_0_segmented.tiff;2610.5;(73. 72);245.237587690353;0.852965201764417;57.6523358722883;0.5454557076831;0.572879000238792;177.919254415564;0.944179646638609;0.875765905624893;0.94140327841775;;;;;1402180.0;0.0;218.0;False;G:\Experiments\PTT\Spheroids\02062025_mcf7\04062025 after laser\Analysis\2025-06-04_153856_tube1_cropped_8bits2\14_0218_0_8bits.tiff;G:\Experiments\PTT\Spheroids\02062025_mcf7\04062025 after laser\Analysis\2025-06-04_153856_tube1_segmentationDebug2\14_0218_0_segmented.tiff;2588.0;(73. 76);247.82337462902;0.857379493125724;57.4033443431182;0.529528821375291;0.545876043336152;203.923472727329;0.948808773432948;0.876815916755074;0.938385335039458;102.36595918182435;37.0;Alive;;0.0;0.0;0.0;;;;-22.5;;2.585786938667013;0.004414291361306999;-0.24899152917009815;-0.01592688630780903;-0.027002956902639985;26.004218311764987;0.004629126794339022;0.0010500111301809945;-0.0030179433782919762;;;;
2;Tube 1;1502200.0;;;;;;;;;;;;;;;;;;;;;1502200.0;0.0;220.0;False;G:\Experiments\PTT\Spheroids\02062025_mcf7\04062025 before laser\Analysis\2025-06-04_091852_tube1_cropped_8bits2\15_0220_0_8bits.tiff;G:\Experiments\PTT\Spheroids\02062025_mcf7\04062025 before laser\Analysis\2025-06-04_091852_tube1_segmentationDebug2\15_0220_0_segmented.tiff;2322.0;(68. 80);214.509665966033;0.906500097599063;54.3733594959429;0.63413006798494;0.573551698155389;424.726755759781;0.946763908272277;0.889628267156178;0.935036999165727;;;;;;;;;;;;;;;;;;;;;;;;;;;;;;;;;;;;;;;;;;;;;;
2;Tube 1;1502210.0;;;;;;;;;;;;;;;;;;;;;;;;;;;;;;;;;;;;;;;;;;1502210.0;0.0;221.0;False;G:\Experiments\PTT\Spheroids\02062025_mcf7\04062025 after laser\Analysis\2025-06-04_153856_tube1_cropped_8bits2\15_0221_0_8bits.tiff;G:\Experiments\PTT\Spheroids\02062025_mcf7\04062025 after laser\Analysis\2025-06-04_153856_tube1_segmentationDebug2\15_0221_0_segmented.tiff;2521.5;(71. 75);233.095452666282;0.847848016139878;56.661040513299;0.583178136961024;0.674527634681891;251.417602572362;0.95139830292803;0.880087551988267;0.945423141541156;106.88495254490678;37.0;Alive;;;;;;;;;;;;;;;;;;;;;;
2;Tube 1;1602230.0;;;;;;;;;;;;;;;;;;;;;1602230.0;0.0;223.0;False;G:\Experiments\PTT\Spheroids\02062025_mcf7\04062025 before laser\Analysis\2025-06-04_091852_tube1_cropped_8bits2\16_0223_0_8bits.tiff;G:\Experiments\PTT\Spheroids\02062025_mcf7\04062025 before laser\Analysis\2025-06-04_091852_tube1_segmentationDebug2\16_0223_0_segmented.tiff;2004.0;(72. 80);192.852811813354;0.924994230325409;50.5130878847182;0.677104391646092;0.784102951310031;490.267739995659;0.952516468082917;0.903990827078321;0.922716447296333;;;;;;;;;;;;;;;;;;;;;;;;;;;;;;;;;;;;;;;;;;;;;;
2;Tube 1;1603240.0;;;;;;;;;;;;;;;;;;;;;;;;;;;;;;;;;;;;;;;;;;1603240.0;0.0;324.0;False;G:\Experiments\PTT\Spheroids\02062025_mcf7\04062025 after laser\Analysis\2025-06-04_153856_tube1_cropped_8bits2\16_0324_0_8bits.tiff;G:\Experiments\PTT\Spheroids\02062025_mcf7\04062025 after laser\Analysis\2025-06-04_153856_tube1_segmentationDebug2\16_0324_0_segmented.tiff;1818.5;(77. 71);190.46803677082;0.900024746349913;48.1184591617488;0.629910660979061;0.818387527275284;416.490178492832;0.963608875109261;0.912634127404422;0.930675208829534;106.45457222461322;37.0;Alive;;;;;;;;;;;;;;;;;;;;;;
2;Tube 1;1704240.0;;;;;;;;;;;;;;;;;;;;;1704240.0;0.0;424.0;False;G:\Experiments\PTT\Spheroids\02062025_mcf7\04062025 before laser\Analysis\2025-06-04_091852_tube1_cropped_8bits2\17_0424_0_8bits.tiff;G:\Experiments\PTT\Spheroids\02062025_mcf7\04062025 before laser\Analysis\2025-06-04_091852_tube1_segmentationDebug2\17_0424_0_segmented.tiff;1961.0;(75. 72);186.367530703544;0.914645522388059;49.9682173709014;0.7094911060476;0.907694151420043;317.686516459995;0.953058315927051;0.906068247696804;0.935169653026006;;;;;;;;;;;;;;;;;;;;;;;;;;;;;;;;;;;;;;;;;;;;;;
2;Tube 1;1705240.0;;;;;;;;;;;;;;;;;;;;;;;;;;;;;;;;;;;;;;;;;;1705240.0;0.0;524.0;False;G:\Experiments\PTT\Spheroids\02062025_mcf7\04062025 after laser\Analysis\2025-06-04_153856_tube1_cropped_8bits2\17_0524_0_8bits.tiff;G:\Experiments\PTT\Spheroids\02062025_mcf7\04062025 after laser\Analysis\2025-06-04_153856_tube1_segmentationDebug2\17_0524_0_segmented.tiff;1929.5;(74. 76);180.267026185989;0.937105390966488;49.5652670886226;0.746142981510646;0.794410735180594;360.613010903043;0.957067359806988;0.908065645188304;0.93725137603077;99.35329693976941;37.0;Alive;;;;;;;;;;;;;;;;;;;;;;
2;Tube 1;1808240.0;;;;;;;;;;;;;;;;;;;;;;;;;;;;;;;;;;;;;;;;;;1808240.0;0.0;824.0;False;G:\Experiments\PTT\Spheroids\02062025_mcf7\04062025 after laser\Analysis\2025-06-04_153856_tube1_cropped_8bits2\18_0824_0_8bits.tiff;G:\Experiments\PTT\Spheroids\02062025_mcf7\04062025 after laser\Analysis\2025-06-04_153856_tube1_segmentationDebug2\18_0824_0_segmented.tiff;1600.5;(77. 67);183.78174483776;0.857946931117662;45.1422185027345;0.595471254824614;0.867231468444508;495.078223131653;0.963991183552623;0.922599189652708;0.91676118292828;111.40394590798921;37.0;Alive;;;;;;;;;;;;;;;;;;;;;;
2;Tube 1;1909240.0;;;;;;;;;;;;;;;;;;;;;1909240.0;0.0;924.0;False;G:\Experiments\PTT\Spheroids\02062025_mcf7\04062025 before laser\Analysis\2025-06-04_091852_tube1_cropped_8bits2\19_0924_0_8bits.tiff;G:\Experiments\PTT\Spheroids\02062025_mcf7\04062025 before laser\Analysis\2025-06-04_091852_tube1_segmentationDebug2\19_0924_0_segmented.tiff;1695.5;(82. 72);172.267025589942;0.928024083196497;46.462647880835;0.717965123140361;0.819574967716779;201.613541069817;0.952678494921415;0.899601308033884;0.921009754159276;;;;;;;;;;;;;;;;;;;;;;;;;;;;;;;;;;;;;;;;;;;;;;
2;Tube 1;1910240.0;;;;;;;;;;;;;;;;;;;;;;;;;;;;;;;;;;;;;;;;;;1910240.0;0.0;1024.0;False;G:\Experiments\PTT\Spheroids\02062025_mcf7\04062025 after laser\Analysis\2025-06-04_153856_tube1_cropped_8bits2\19_1024_0_8bits.tiff;G:\Experiments\PTT\Spheroids\02062025_mcf7\04062025 after laser\Analysis\2025-06-04_153856_tube1_segmentationDebug2\19_1024_0_segmented.tiff;1829.5;(74. 80);204.953317523002;0.846011560693641;48.2637726156273;0.547308726575407;0.849949726611424;177.009176149732;0.947938044123169;0.886347487429798;0.925940256937472;136.68878972523615;37.0;Alive;;;;;;;;;;;;;;;;;;;;;;
2;Tube 1;2012240.0;;;;;;;;;;;;;;;;;;;;;2012240.0;0.0;1224.0;False;G:\Experiments\PTT\Spheroids\02062025_mcf7\04062025 before laser\Analysis\2025-06-04_091852_tube1_cropped_8bits2\20_1224_0_8bits.tiff;G:\Experiments\PTT\Spheroids\02062025_mcf7\04062025 before laser\Analysis\2025-06-04_091852_tube1_segmentationDebug2\20_1224_0_segmented.tiff;1730.5;(74. 77);169.438598871231;0.942794878779624;46.9397596091437;0.757454874306274;0.932367684868076;331.083852034469;0.958869240690887;0.91716067645732;0.930910087753629;;;;;;;;;;;;;;;;;;;;;;;;;;;;;;;;;;;;;;;;;;;;;;
2;Tube 1;2013240.0;;;;;;;;;;;;;;;;;;;;;;;;;;;;;;;;;;;;;;;;;;2013240.0;0.0;1324.0;False;G:\Experiments\PTT\Spheroids\02062025_mcf7\04062025 after laser\Analysis\2025-06-04_153856_tube1_cropped_8bits2\20_1324_0_8bits.tiff;G:\Experiments\PTT\Spheroids\02062025_mcf7\04062025 after laser\Analysis\2025-06-04_153856_tube1_segmentationDebug2\20_1324_0_segmented.tiff;1583.0;(76. 70);160.710676431655;0.945074626865671;44.8947457874054;0.77019610996588;0.840651718973076;132.556393364409;0.962726230449572;0.923934581358795;0.931926325218323;145.40399121118082;37.0;Alive;;;;;;;;;;;;;;;;;;;;;;
2;Tube 1;213050.0;;;;;;;;;;;;;;;;;;;;;213050.0;0.0;1305.0;False;G:\Experiments\PTT\Spheroids\02062025_mcf7\04062025 before laser\Analysis\2025-06-04_091852_tube1_cropped_8bits2\2_1305_0_8bits.tiff;G:\Experiments\PTT\Spheroids\02062025_mcf7\04062025 before laser\Analysis\2025-06-04_091852_tube1_segmentationDebug2\2_1305_0_segmented.tiff;2677.5;(75. 78);217.580733776092;0.936352509179926;58.3874890796684;0.710719889630365;0.793111979704566;395.793729840998;0.937538160322971;0.872911358844402;0.92999394802016;;;;;;;;;;;;;;;;;;;;;;;;;;;;;;;;;;;;;;;;;;;;;;
2;Tube 1;214050.0;;;;;;;;;;;;;;;;;;;;;;;;;;;;;;;;;;;;;;;;;;214050.0;0.0;1405.0;False;G:\Experiments\PTT\Spheroids\02062025_mcf7\04062025 after laser\Analysis\2025-06-04_153856_tube1_cropped_8bits2\2_1405_0_8bits.tiff;G:\Experiments\PTT\Spheroids\02062025_mcf7\04062025 after laser\Analysis\2025-06-04_153856_tube1_segmentationDebug2\2_1405_0_segmented.tiff;2790.0;(76. 79);218.852812290191;0.947529291900152;59.601496036686;0.731997847248434;0.747710477643153;335.827678178405;0.948085458070964;0.868245764415578;0.946733673657137;99.89127234013635;37.0;Alive;;;;;;;;;;;;;;;;;;;;;;
2;Tube 1;315020.0;;;;;;;;;;;;;;;;;;;;;;;;;;;;;;;;;;;;;;;;;;315020.0;0.0;1502.0;False;G:\Experiments\PTT\Spheroids\02062025_mcf7\04062025 after laser\Analysis\2025-06-04_153856_tube1_cropped_8bits2\3_1502_0_8bits.tiff;G:\Experiments\PTT\Spheroids\02062025_mcf7\04062025 after laser\Analysis\2025-06-04_153856_tube1_segmentationDebug2\3_1502_0_segmented.tiff;2892.5;(79. 72);241.92388010025;0.905037546933667;60.6864513968847;0.6210488372437;0.667066475924743;372.803429222767;0.936533397003635;0.863159323089468;0.937835572646149;85.47353161030195;37.0;Alive;;;;;;;;;;;;;;;;;;;;;;
2;Tube 1;315030.0;;;;;;;;;;;;;;;;;;;;;315030.0;0.0;1503.0;False;G:\Experiments\PTT\Spheroids\02062025_mcf7\04062025 before laser\Analysis\2025-06-04_091852_tube1_cropped_8bits2\3_1503_0_8bits.tiff;G:\Experiments\PTT\Spheroids\02062025_mcf7\04062025 before laser\Analysis\2025-06-04_091852_tube1_segmentationDebug2\3_1503_0_segmented.tiff;2848.0;(77. 76);231.195958018302;0.916344916344916;60.217823137388;0.66955980595998;0.652489005698821;396.770668986406;0.934607143109916;0.865628881368365;0.940461669510299;;;;;;;;;;;;;;;;;;;;;;;;;;;;;;;;;;;;;;;;;;;;;;
2;Tube 1;413010.0;;;;;;;;;;;;;;;;;;;;;;;;;;;;;;;;;;;;;;;;;;413010.0;0.0;1301.0;False;G:\Experiments\PTT\Spheroids\02062025_mcf7\04062025 after laser\Analysis\2025-06-04_153856_tube1_cropped_8bits2\4_1301_0_8bits.tiff;G:\Experiments\PTT\Spheroids\02062025_mcf7\04062025 after laser\Analysis\2025-06-04_153856_tube1_segmentationDebug2\4_1301_0_segmented.tiff;2416.0;(77. 81);206.852812051773;0.927625263966212;55.4630213753285;0.709551521142604;0.717665511092597;386.14637902405;0.948206616091022;0.88498646090738;0.9359076609555;80.45960087888191;37.0;Alive;;;;;;;;;;;;;;;;;;;;;;
2;Tube 1;414010.0;;;;;;;;;;;;;;;;;;;;;414010.0;0.0;1401.0;False;G:\Experiments\PTT\Spheroids\02062025_mcf7\04062025 before laser\Analysis\2025-06-04_091852_tube1_cropped_8bits2\4_1401_0_8bits.tiff;G:\Experiments\PTT\Spheroids\02062025_mcf7\04062025 before laser\Analysis\2025-06-04_091852_tube1_segmentationDebug2\4_1401_0_segmented.tiff;2038.0;(77. 94);191.539103627204;0.923007246376811;50.9397898716736;0.698070270113241;0.792413737616121;389.590826303342;0.953674747298606;0.902292927248611;0.928878290035726;;;;;;;;;;;;;;;;;;;;;;;;;;;;;;;;;;;;;;;;;;;;;;
2;Tube 1;510010.0;;;;;;;;;;;;;;;;;;;;;;;;;;;;;;;;;;;;;;;;;;510010.0;0.0;1001.0;False;G:\Experiments\PTT\Spheroids\02062025_mcf7\04062025 after laser\Analysis\2025-06-04_153856_tube1_cropped_8bits2\5_1001_0_8bits.tiff;G:\Experiments\PTT\Spheroids\02062025_mcf7\04062025 after laser\Analysis\2025-06-04_153856_tube1_segmentationDebug2\5_1001_0_segmented.tiff;2278.5;(72. 74);205.923879742622;0.913592622293504;53.8616403637975;0.675220272505795;0.874251946477175;461.787430959898;0.952698218218728;0.891239914219727;0.92923548672931;79.55580220626543;37.0;Alive;;;;;;;;;;;;;;;;;;;;;;
2;Tube 1;511010.0;;;;;;;;;;;;;;;;;;;;;511010.0;0.0;1101.0;False;G:\Experiments\PTT\Spheroids\02062025_mcf7\04062025 before laser\Analysis\2025-06-04_091852_tube1_cropped_8bits2\5_1101_0_8bits.tiff;G:\Experiments\PTT\Spheroids\02062025_mcf7\04062025 before laser\Analysis\2025-06-04_091852_tube1_segmentationDebug2\5_1101_0_segmented.tiff;2362.0;(78. 68);214.367530703544;0.909510974201001;54.8396918724426;0.645909610703298;0.755577579951297;470.378772697425;0.944784730386952;0.88692318058301;0.923351129221269;;;;;;;;;;;;;;;;;;;;;;;;;;;;;;;;;;;;;;;;;;;;;;
2;Tube 1;607010.0;;;;;;;;;;;;;;;;;;;;;;;;;;;;;;;;;;;;;;;;;;607010.0;0.0;701.0;False;G:\Experiments\PTT\Spheroids\02062025_mcf7\04062025 after laser\Analysis\2025-06-04_153856_tube1_cropped_8bits2\6_0701_0_8bits.tiff;G:\Experiments\PTT\Spheroids\02062025_mcf7\04062025 after laser\Analysis\2025-06-04_153856_tube1_segmentationDebug2\6_0701_0_segmented.tiff;2106.0;(78. 77);188.852811932563;0.9389210878288;51.7826465257643;0.742029753199763;0.927354302586094;315.742574189942;0.95624778344843;0.899732886973042;0.93782620502128;86.54948241103585;37.0;Alive;;;;;;;;;;;;;;;;;;;;;;
2;Tube 1;608010.0;;;;;;;;;;;;;;;;;;;;;608010.0;0.0;801.0;False;G:\Experiments\PTT\Spheroids\02062025_mcf7\04062025 before laser\Analysis\2025-06-04_091852_tube1_cropped_8bits2\6_0801_0_8bits.tiff;G:\Experiments\PTT\Spheroids\02062025_mcf7\04062025 before laser\Analysis\2025-06-04_091852_tube1_segmentationDebug2\6_0801_0_segmented.tiff;1999.0;(77. 74);182.024384856224;0.939600470035252;50.4500332004409;0.758164619962912;0.950448464164475;241.536095510855;0.954531990851254;0.90471034274406;0.942248147142943;;;;;;;;;;;;;;;;;;;;;;;;;;;;;;;;;;;;;;;;;;;;;;
2;Tube 1;705010.0;;;;;;;;;;;;;;;;;;;;;705010.0;0.0;501.0;False;G:\Experiments\PTT\Spheroids\02062025_mcf7\04062025 before laser\Analysis\2025-06-04_091852_tube1_cropped_8bits2\7_0501_0_8bits.tiff;G:\Experiments\PTT\Spheroids\02062025_mcf7\04062025 before laser\Analysis\2025-06-04_091852_tube1_segmentationDebug2\7_0501_0_segmented.tiff;2098.0;(74. 70);188.024385094642;0.947178329571106;51.6842003406686;0.74573923650025;0.91810221774628;515.025100085478;0.954894230357679;0.900131797892489;0.928874641625903;;;;;705010.0;0.0;501.0;False;G:\Experiments\PTT\Spheroids\02062025_mcf7\04062025 after laser\Analysis\2025-06-04_153856_tube1_cropped_8bits2\7_0501_0_8bits.tiff;G:\Experiments\PTT\Spheroids\02062025_mcf7\04062025 after laser\Analysis\2025-06-04_153856_tube1_segmentationDebug2\7_0501_0_segmented.tiff;2225.5;(75. 52);191.781744122505;0.951271639239153;53.2315189226092;0.760366430328557;0.910379666879947;502.683268490195;0.95537839220514;0.878097883829288;0.934989464425692;97.52418057852175;37.0;Alive;;0.0;0.0;0.0;;;;127.5;;3.757359027862975;0.004093309668046996;1.5473185819405941;0.014627193828307017;-0.007722550866333;-12.341831595282997;0.00048416184746102875;-0.022033914063200988;0.0061148227997889215;;;;
2;Tube 1;802020.0;;;;;;;;;;;;;;;;;;;;;;;;;;;;;;;;;;;;;;;;;;802020.0;0.0;202.0;False;G:\Experiments\PTT\Spheroids\02062025_mcf7\04062025 after laser\Analysis\2025-06-04_153856_tube1_cropped_8bits2\8_0202_0_8bits.tiff;G:\Experiments\PTT\Spheroids\02062025_mcf7\04062025 after laser\Analysis\2025-06-04_153856_tube1_segmentationDebug2\8_0202_0_segmented.tiff;2394.0;(76. 71);198.852811694145;0.947555907381753;55.2099218446827;0.760800059480746;0.963967481835992;422.740790310149;0.951170955791309;0.886599922032349;0.936884728835267;98.60013137925567;37.0;Alive;;;;;;;;;;;;;;;;;;;;;;
2;Tube 1;803010.0;;;;;;;;;;;;;;;;;;;;;803010.0;0.0;301.0;False;G:\Experiments\PTT\Spheroids\02062025_mcf7\04062025 before laser\Analysis\2025-06-04_091852_tube1_cropped_8bits2\8_0301_0_8bits.tiff;G:\Experiments\PTT\Spheroids\02062025_mcf7\04062025 before laser\Analysis\2025-06-04_091852_tube1_segmentationDebug2\8_0301_0_segmented.tiff;2451.0;(80. 65);210.367531061172;0.924731182795698;55.8633164442094;0.695978390466767;0.788374365535928;556.573115540051;0.960322360393738;0.88393377447995;0.943810819885062;;;;;;;;;;;;;;;;;;;;;;;;;;;;;;;;;;;;;;;;;;;;;;
2;Tube 1;902040.0;;;;;;;;;;;;;;;;;;;;;902040.0;0.0;204.0;False;G:\Experiments\PTT\Spheroids\02062025_mcf7\04062025 before laser\Analysis\2025-06-04_091852_tube1_cropped_8bits2\9_0204_0_8bits.tiff;G:\Experiments\PTT\Spheroids\02062025_mcf7\04062025 before laser\Analysis\2025-06-04_091852_tube1_segmentationDebug2\9_0204_0_segmented.tiff;2502.0;(80. 76);204.710676550865;0.933582089552238;56.4415214264053;0.750267583002697;0.906666437117138;485.677017417705;0.95065305342532;0.881525511430085;0.945765319093511;;;;;;;;;;;;;;;;;;;;;;;;;;;;;;;;;;;;;;;;;;;;;;
2;Tube 1;902050.0;;;;;;;;;;;;;;;;;;;;;;;;;;;;;;;;;;;;;;;;;;902050.0;0.0;205.0;False;G:\Experiments\PTT\Spheroids\02062025_mcf7\04062025 after laser\Analysis\2025-06-04_153856_tube1_cropped_8bits2\9_0205_0_8bits.tiff;G:\Experiments\PTT\Spheroids\02062025_mcf7\04062025 after laser\Analysis\2025-06-04_153856_tube1_segmentationDebug2\9_0205_0_segmented.tiff;2436.5;(74. 72);201.923879146575;0.943465634075508;55.6978289590108;0.750932529830615;0.88472012781001;378.07163514506;0.955357614999809;0.884635301428667;0.93890981692356;81.3633995514984;37.0;Alive;;;;;;;;;;;;;;;;;;;;;;
2;Tube 2;1002080.0;;;;;;;;;;;;;;;;;;;;;1002080.0;0.0;208.0;False;G:\Experiments\PTT\Spheroids\02062025_mcf7\04062025 before laser\Analysis\2025-06-04_092721_tube2_cropped_8bits2\10_0208_0_8bits.tiff;G:\Experiments\PTT\Spheroids\02062025_mcf7\04062025 before laser\Analysis\2025-06-04_092721_tube2_segmentationDebug2\10_0208_0_segmented.tiff;1799.0;(78. 73);171.882250189781;0.929956060997673;47.8597737246903;0.765207056269862;0.949953949588761;426.726493919292;0.96609208421321;0.913955749438612;0.932152563025162;;;;;1002080.0;0.0;208.0;False;G:\Experiments\PTT\Spheroids\02062025_mcf7\04062025 after laser\Analysis\2025-06-04_154646_tube2_cropped_8bits2\10_0208_0_8bits.tiff;G:\Experiments\PTT\Spheroids\02062025_mcf7\04062025 after laser\Analysis\2025-06-04_154646_tube2_segmentationDebug2\10_0208_0_segmented.tiff;2360.5;(75. 79);309.722869396209;0.742412328982544;54.8222759956876;0.309219818284647;0.898691160533164;1187.96160040433;0.956152633599817;0.884422701176428;0.851315652342333;90.31379262943477;61.0;Alive;;0.0;0.0;0.0;;;;561.5;;137.840619206428;-0.18754373201512908;6.962502270997298;-0.45598723798521495;-0.051262789055597;761.235106485038;-0.009939450613393075;-0.02953304826218406;-0.08083691068282906;;;;
2;Tube 2;1102100.0;;;;;;;;;;;;;;;;;;;;;1102100.0;0.0;210.0;False;G:\Experiments\PTT\Spheroids\02062025_mcf7\04062025 before laser\Analysis\2025-06-04_092721_tube2_cropped_8bits2\11_0210_0_8bits.tiff;G:\Experiments\PTT\Spheroids\02062025_mcf7\04062025 before laser\Analysis\2025-06-04_092721_tube2_segmentationDebug2\11_0210_0_segmented.tiff;2717.5;(73. 68);286.894443392753;0.801740669715297;58.822006620123;0.414892078600213;0.634739771519497;351.28946343805;0.950099219092523;0.86914477163792;0.933561541702746;;;;;;;;;;;;;;;;;;;;;;;;;;;;;;;;;;;;;;;;;;;;;;
2;Tube 2;1102110.0;;;;;;;;;;;;;;;;;;;;;;;;;;;;;;;;;;;;;;;;;;1102110.0;0.0;211.0;False;G:\Experiments\PTT\Spheroids\02062025_mcf7\04062025 after laser\Analysis\2025-06-04_154646_tube2_cropped_8bits2\11_0211_0_8bits.tiff;G:\Experiments\PTT\Spheroids\02062025_mcf7\04062025 after laser\Analysis\2025-06-04_154646_tube2_segmentationDebug2\11_0211_0_segmented.tiff;2662.5;(80. 76);240.066015601158;0.889130071798296;58.223708984033;0.580547970893833;0.680330752441345;754.523467330194;0.944054311438487;0.873401051679127;0.898586922437012;7.773584434086052;73.0;Dead;;;;;;;;;;;;;;;;;;;;;;
2;Tube 2;1202130.0;;;;;;;;;;;;;;;;;;;;;1202130.0;0.0;213.0;False;G:\Experiments\PTT\Spheroids\02062025_mcf7\04062025 before laser\Analysis\2025-06-04_092721_tube2_cropped_8bits2\12_0213_0_8bits.tiff;G:\Experiments\PTT\Spheroids\02062025_mcf7\04062025 before laser\Analysis\2025-06-04_092721_tube2_segmentationDebug2\12_0213_0_segmented.tiff;1640.5;(74. 76);188.124890089035;0.865014500395465;45.7028387864258;0.582496848913874;0.7779592912322;285.257996584373;0.970911523808183;0.920610170238574;0.943288159498593;;;;;1202130.0;0.0;213.0;False;G:\Experiments\PTT\Spheroids\02062025_mcf7\04062025 after laser\Analysis\2025-06-04_154646_tube2_cropped_8bits2\12_0213_0_8bits.tiff;G:\Experiments\PTT\Spheroids\02062025_mcf7\04062025 after laser\Analysis\2025-06-04_154646_tube2_segmentationDebug2\12_0213_0_segmented.tiff;2198.5;(76. 71);249.095452666282;0.838962030146918;52.9076283639727;0.445250827411347;0.542906070665592;1050.79671593697;0.958157795640552;0.8936907610765;0.871292083267041;72.27852688669223;58.0;Alive;;0.0;0.0;0.0;;;;558.0;;60.970562577246994;-0.026052470248547066;7.204789577546897;-0.13724602150252696;-0.23505322056660793;765.538719352597;-0.012753728167630984;-0.026919409162074026;-0.07199607623155202;;;;
2;Tube 2;1302160.0;;;;;;;;;;;;;;;;;;;;;1302160.0;0.0;216.0;False;G:\Experiments\PTT\Spheroids\02062025_mcf7\04062025 before laser\Analysis\2025-06-04_092721_tube2_cropped_8bits2\13_0216_0_8bits.tiff;G:\Experiments\PTT\Spheroids\02062025_mcf7\04062025 before laser\Analysis\2025-06-04_092721_tube2_segmentationDebug2\13_0216_0_segmented.tiff;1844.5;(77. 78);176.953317284584;0.930625630676084;48.461225121369;0.740237540765967;0.888653512114534;512.965980573543;0.968320197947043;0.9118908780384;0.934762033494117;;;;;1302160.0;0.0;216.0;False;G:\Experiments\PTT\Spheroids\02062025_mcf7\04062025 after laser\Analysis\2025-06-04_154646_tube2_cropped_8bits2\13_0216_0_8bits.tiff;G:\Experiments\PTT\Spheroids\02062025_mcf7\04062025 after laser\Analysis\2025-06-04_154646_tube2_segmentationDebug2\13_0216_0_segmented.tiff;2506.5;(75. 80);207.781744241714;0.929883138564273;56.4922553884927;0.729562995165128;0.894260430683154;864.848970976758;0.945953453006591;0.881246071128362;0.893963596068869;51.191562214918584;53.0;Alive;;0.0;0.0;0.0;;;;662.0;;30.828426957130006;-0.0007424921118109884;8.031030267123704;-0.010674545600839025;0.005606918568619945;351.882990403215;-0.0223667449404521;-0.030644806910038014;-0.040798437425248024;;;;
2;Tube 2;1402180.0;;;;;;;;;;;;;;;;;;;;;1402180.0;0.0;218.0;False;G:\Experiments\PTT\Spheroids\02062025_mcf7\04062025 before laser\Analysis\2025-06-04_092721_tube2_cropped_8bits2\14_0218_0_8bits.tiff;G:\Experiments\PTT\Spheroids\02062025_mcf7\04062025 before laser\Analysis\2025-06-04_092721_tube2_segmentationDebug2\14_0218_0_segmented.tiff;1953.5;(68. 73);190.468036293983;0.91972693032015;49.8725721277752;0.676673347475318;0.816880167512904;543.117369038674;0.972622561180634;0.906546259683146;0.939571504491151;;;;;;;;;;;;;;;;;;;;;;;;;;;;;;;;;;;;;;;;;;;;;;
2;Tube 2;1402190.0;;;;;;;;;;;;;;;;;;;;;;;;;;;;;;;;;;;;;;;;;;1402190.0;0.0;219.0;False;G:\Experiments\PTT\Spheroids\02062025_mcf7\04062025 after laser\Analysis\2025-06-04_154646_tube2_cropped_8bits2\14_0219_0_8bits.tiff;G:\Experiments\PTT\Spheroids\02062025_mcf7\04062025 after laser\Analysis\2025-06-04_154646_tube2_segmentationDebug2\14_0219_0_segmented.tiff;2178.5;(71. 77);200.610170960426;0.908844388819357;52.6664252461238;0.680239007230098;0.901953394255528;921.663657066491;0.952927664242942;0.896086986934408;0.885223143389214;54.24326114394971;64.0;Alive;;;;;;;;;;;;;;;;;;;;;;
2;Tube 2;1502210.0;;;;;;;;;;;;;;;;;;;;;1502210.0;0.0;221.0;False;G:\Experiments\PTT\Spheroids\02062025_mcf7\04062025 before laser\Analysis\2025-06-04_092721_tube2_cropped_8bits2\15_0221_0_8bits.tiff;G:\Experiments\PTT\Spheroids\02062025_mcf7\04062025 before laser\Analysis\2025-06-04_092721_tube2_segmentationDebug2\15_0221_0_segmented.tiff;1980.0;(77. 76);200.024384975433;0.909508497932935;50.209703231304;0.621883689981031;0.642909738014023;310.411281019561;0.959191292196359;0.905126745254968;0.93450792161343;;;;;;;;;;;;;;;;;;;;;;;;;;;;;;;;;;;;;;;;;;;;;;
2;Tube 2;1502220.0;;;;;;;;;;;;;;;;;;;;;;;;;;;;;;;;;;;;;;;;;;1502220.0;0.0;222.0;False;G:\Experiments\PTT\Spheroids\02062025_mcf7\04062025 after laser\Analysis\2025-06-04_154646_tube2_cropped_8bits2\15_0222_0_8bits.tiff;G:\Experiments\PTT\Spheroids\02062025_mcf7\04062025 after laser\Analysis\2025-06-04_154646_tube2_segmentationDebug2\15_0222_0_segmented.tiff;2574.0;(76. 76);233.681238770484;0.877300613496932;57.2478697258536;0.592339526927035;0.619330535591483;623.444773255433;0.941883056923626;0.877342840963476;0.904379939235895;6.233988577998275;60.0;Dead;;;;;;;;;;;;;;;;;;;;;;
2;Tube 2;1603240.0;;;;;;;;;;;;;;;;;;;;;1603240.0;0.0;324.0;False;G:\Experiments\PTT\Spheroids\02062025_mcf7\04062025 before laser\Analysis\2025-06-04_092721_tube2_cropped_8bits2\16_0324_0_8bits.tiff;G:\Experiments\PTT\Spheroids\02062025_mcf7\04062025 before laser\Analysis\2025-06-04_092721_tube2_segmentationDebug2\16_0324_0_segmented.tiff;1877.5;(76. 77);197.296463131904;0.876721923885127;48.8928138404844;0.606109665910764;0.872295013932531;578.985436484273;0.968614787753832;0.909742565298576;0.927708968827768;;;;;1603240.0;0.0;324.0;False;G:\Experiments\PTT\Spheroids\02062025_mcf7\04062025 after laser\Analysis\2025-06-04_154646_tube2_cropped_8bits2\16_0324_0_8bits.tiff;G:\Experiments\PTT\Spheroids\02062025_mcf7\04062025 after laser\Analysis\2025-06-04_154646_tube2_segmentationDebug2\16_0324_0_segmented.tiff;2001.0;(76. 71);184.024384737014;0.933519944016795;50.4752645264495;0.742516662416037;0.835586516396035;1321.78786950043;0.96458629828201;0.904832216424451;0.831081432252372;80.08647729970882;70.0;Alive;;0.0;0.0;0.0;;;;123.5;;-13.272078394890002;0.0567980201316679;1.5824506859650995;0.136406996505273;-0.036708497536495965;742.8024330161569;-0.004028489471821994;-0.004910348874125003;-0.09662753657539602;;;;
2;Tube 2;1705240.0;;;;;;;;;;;;;;;;;;;;;1705240.0;0.0;524.0;False;G:\Experiments\PTT\Spheroids\02062025_mcf7\04062025 before laser\Analysis\2025-06-04_092721_tube2_cropped_8bits2\17_0524_0_8bits.tiff;G:\Experiments\PTT\Spheroids\02062025_mcf7\04062025 before laser\Analysis\2025-06-04_092721_tube2_segmentationDebug2\17_0524_0_segmented.tiff;1829.0;(73. 83);194.225395441055;0.868264894374554;48.2571769514194;0.609272450166623;0.804301075843499;591.979021423515;0.966456908563231;0.91201662346528;0.936585184784247;;;;;;;;;;;;;;;;;;;;;;;;;;;;;;;;;;;;;;;;;;;;;;
2;Tube 2;1706240.0;;;;;;;;;;;;;;;;;;;;;;;;;;;;;;;;;;;;;;;;;;1706240.0;0.0;624.0;False;G:\Experiments\PTT\Spheroids\02062025_mcf7\04062025 after laser\Analysis\2025-06-04_154646_tube2_cropped_8bits2\17_0624_0_8bits.tiff;G:\Experiments\PTT\Spheroids\02062025_mcf7\04062025 after laser\Analysis\2025-06-04_154646_tube2_segmentationDebug2\17_0624_0_segmented.tiff;2095.0;(75. 72);222.367531061172;0.847320525783619;51.6472346425262;0.532416054875856;0.835948622920243;798.39092620205;0.953669642494837;0.898983037564806;0.90138339033202;7.773584434086052;61.0;Dead;;;;;;;;;;;;;;;;;;;;;;
2;Tube 2;1808240.0;;;;;;;;;;;;;;;;;;;;;1808240.0;0.0;824.0;False;G:\Experiments\PTT\Spheroids\02062025_mcf7\04062025 before laser\Analysis\2025-06-04_092721_tube2_cropped_8bits2\18_0824_0_8bits.tiff;G:\Experiments\PTT\Spheroids\02062025_mcf7\04062025 before laser\Analysis\2025-06-04_092721_tube2_segmentationDebug2\18_0824_0_segmented.tiff;1480.0;(79. 74);173.882249593734;0.868544600938967;43.409613292542;0.615121743663214;0.948776133337966;363.670325074679;0.975166273054311;0.928071658191119;0.937535686283861;;;;;;;;;;;;;;;;;;;;;;;;;;;;;;;;;;;;;;;;;;;;;;
2;Tube 2;1809240.0;;;;;;;;;;;;;;;;;;;;;;;;;;;;;;;;;;;;;;;;;;1809240.0;0.0;924.0;False;G:\Experiments\PTT\Spheroids\02062025_mcf7\04062025 after laser\Analysis\2025-06-04_154646_tube2_cropped_8bits2\18_0924_0_8bits.tiff;G:\Experiments\PTT\Spheroids\02062025_mcf7\04062025 after laser\Analysis\2025-06-04_154646_tube2_segmentationDebug2\18_0924_0_segmented.tiff;1793.5;(77. 72);183.781744599342;0.913419913419913;47.7865579790228;0.667277537206438;0.744753007375099;1243.86889956405;0.968745395374632;0.913752923884592;0.815614002682714;38.1324902213169;65.0;Dead;;;;;;;;;;;;;;;;;;;;;;
2;Tube 2;1910240.0;;;;;;;;;;;;;;;;;;;;;1910240.0;0.0;1024.0;False;G:\Experiments\PTT\Spheroids\02062025_mcf7\04062025 before laser\Analysis\2025-06-04_092721_tube2_cropped_8bits2\19_1024_0_8bits.tiff;G:\Experiments\PTT\Spheroids\02062025_mcf7\04062025 before laser\Analysis\2025-06-04_092721_tube2_segmentationDebug2\19_1024_0_segmented.tiff;1310.5;(76. 74);142.811182022094;0.962894930198383;40.8482609590106;0.807462685467427;0.868499448718003;426.392429723647;0.975320464146377;0.936813068270433;0.930241693869097;;;;;;;;;;;;;;;;;;;;;;;;;;;;;;;;;;;;;;;;;;;;;;
2;Tube 2;1911240.0;;;;;;;;;;;;;;;;;;;;;;;;;;;;;;;;;;;;;;;;;;1911240.0;0.0;1124.0;False;G:\Experiments\PTT\Spheroids\02062025_mcf7\04062025 after laser\Analysis\2025-06-04_154646_tube2_cropped_8bits2\19_1124_0_8bits.tiff;G:\Experiments\PTT\Spheroids\02062025_mcf7\04062025 after laser\Analysis\2025-06-04_154646_tube2_segmentationDebug2\19_1124_0_segmented.tiff;1515.0;(75. 73);160.225395560264;0.935762816553428;43.9199033500049;0.741583045222098;0.838464037798117;566.063319739028;0.969242545209643;0.915716921281103;0.912467753143525;8.509016383199409;69.0;Dead;;;;;;;;;;;;;;;;;;;;;;
2;Tube 2;2013240.0;;;;;;;;;;;;;;;;;;;;;2013240.0;0.0;1324.0;True;G:\Experiments\PTT\Spheroids\02062025_mcf7\04062025 before laser\Analysis\2025-06-04_092721_tube2_cropped_8bits2\20_1324_0_8bits.tiff;G:\Experiments\PTT\Spheroids\02062025_mcf7\04062025 before laser\Analysis\2025-06-04_092721_tube2_segmentationDebug2\20_1324_0_segmented.tiff;1077.5;(74. 78);141.840619564056;0.90356394129979;37.0393791720668;0.673016797397202;0.869220301002337;627.225179400944;0.974940042020624;0.939493663818151;0.915145371348805;;;;;;;;;;;;;;;;;;;;;;;;;;;;;;;;;;;;;;;;;;;;;;
2;Tube 2;2013241.0;;;;;;;;;;;;;;;;;;;;;2013241.0;0.0;1324.0;True;G:\Experiments\PTT\Spheroids\02062025_mcf7\04062025 before laser\Analysis\2025-06-04_092721_tube2_cropped_8bits2\20_1324_1_8bits.tiff;G:\Experiments\PTT\Spheroids\02062025_mcf7\04062025 before laser\Analysis\2025-06-04_092721_tube2_segmentationDebug2\20_1324_1_segmented.tiff;464.0;(76. 77);104.769551873207;0.811188811188811;24.3060311189859;0.531199517559514;0.667868696347136;633.658214776403;0.990285194654401;0.975725502097771;0.893597002442295;;;;;;;;;;;;;;;;;;;;;;;;;;;;;;;;;;;;;;;;;;;;;;
2;Tube 2;215040.0;;;;;;;;;;;;;;;;;;;;;;;;;;;;;;;;;;;;;;;;;;215040.0;1.0;1504.0;False;G:\Experiments\PTT\Spheroids\02062025_mcf7\04062025 after laser\Analysis\2025-06-04_154646_tube2_cropped_8bits2\2_1504_0_8bits.tiff;G:\Experiments\PTT\Spheroids\02062025_mcf7\04062025 after laser\Analysis\2025-06-04_154646_tube2_segmentationDebug2\2_1504_0_segmented.tiff;2239.0;(78. 71);185.681239962577;0.963839862247094;53.3927274135909;0.816070919837894;0.966360309660456;377.176469708302;0.955273520998906;0.893955012046581;0.92953230509053;98.20422139188463;37.0;Alive;;;;;;;;;;;;;;;;;;;;;;
2;Tube 2;315020.0;;;;;;;;;;;;;;;;;;;;;315020.0;0.0;1502.0;False;G:\Experiments\PTT\Spheroids\02062025_mcf7\04062025 before laser\Analysis\2025-06-04_092721_tube2_cropped_8bits2\3_1502_0_8bits.tiff;G:\Experiments\PTT\Spheroids\02062025_mcf7\04062025 before laser\Analysis\2025-06-04_092721_tube2_segmentationDebug2\3_1502_0_segmented.tiff;2611.0;(73. 77);212.994947075843;0.941579516768842;57.6578568046325;0.723232834035274;0.954953890638979;504.972085198198;0.954065230264866;0.876676129930623;0.937280140526911;;;;;315020.0;0.0;1502.0;False;G:\Experiments\PTT\Spheroids\02062025_mcf7\04062025 after laser\Analysis\2025-06-04_154646_tube2_cropped_8bits2\3_1502_0_8bits.tiff;G:\Experiments\PTT\Spheroids\02062025_mcf7\04062025 after laser\Analysis\2025-06-04_154646_tube2_segmentationDebug2\3_1502_0_segmented.tiff;2776.0;(75. 73);215.823374867439;0.94614860259032;59.4517701686401;0.748914720419126;0.942790582964186;326.533235349995;0.947045538489991;0.868946761541261;0.931399339595139;103.34537183989202;37.0;Alive;;0.0;0.0;0.0;;;;165.0;;2.828427791595999;0.0045690858214779695;1.7939133640076008;0.025681886383851937;-0.0121633076747929;-178.438849848203;-0.007019691774875048;-0.007729368389362001;-0.005880800931772012;;;;
2;Tube 2;412010.0;;;;;;;;;;;;;;;;;;;;;412010.0;0.0;1201.0;False;G:\Experiments\PTT\Spheroids\02062025_mcf7\04062025 before laser\Analysis\2025-06-04_092721_tube2_cropped_8bits2\4_1201_0_8bits.tiff;G:\Experiments\PTT\Spheroids\02062025_mcf7\04062025 before laser\Analysis\2025-06-04_092721_tube2_segmentationDebug2\4_1201_0_segmented.tiff;2221.5;(77. 74);188.752306938171;0.955895008605852;53.1836596016968;0.783558894809246;0.814507764394495;394.015653783959;0.961585922748542;0.894638368173625;0.935730869605973;;;;;412010.0;0.0;1201.0;False;G:\Experiments\PTT\Spheroids\02062025_mcf7\04062025 after laser\Analysis\2025-06-04_154646_tube2_cropped_8bits2\4_1201_0_8bits.tiff;G:\Experiments\PTT\Spheroids\02062025_mcf7\04062025 after laser\Analysis\2025-06-04_154646_tube2_segmentationDebug2\4_1201_0_segmented.tiff;2398.5;(79. 72);197.923879384994;0.949712928133043;55.2617865079232;0.769401798955599;0.867556870421752;413.545464743691;0.948574026602041;0.88647456222824;0.92882107783105;114.28749953137302;37.0;Alive;;0.0;0.0;0.0;;;;177.0;;9.171572446823006;-0.006182080472808993;2.0781269062263945;-0.014157095853646995;0.05304910602725699;19.529810959732004;-0.013011896146501;-0.008163805945385016;-0.006909791774923013;;;;
2;Tube 2;509010.0;;;;;;;;;;;;;;;;;;;;;;;;;;;;;;;;;;;;;;;;;;509010.0;0.0;901.0;False;G:\Experiments\PTT\Spheroids\02062025_mcf7\04062025 after laser\Analysis\2025-06-04_154646_tube2_cropped_8bits2\5_0901_0_8bits.tiff;G:\Experiments\PTT\Spheroids\02062025_mcf7\04062025 after laser\Analysis\2025-06-04_154646_tube2_segmentationDebug2\5_0901_0_segmented.tiff;3080.0;(76. 75);252.308655858039;0.894568690095846;62.622502327712;0.607989782180778;0.776240365065516;511.300503813018;0.941159245649731;0.854087054570803;0.923489481890649;109.11885630022118;37.0;Alive;;;;;;;;;;;;;;;;;;;;;;
2;Tube 2;510010.0;;;;;;;;;;;;;;;;;;;;;510010.0;0.0;1001.0;False;G:\Experiments\PTT\Spheroids\02062025_mcf7\04062025 before laser\Analysis\2025-06-04_092721_tube2_cropped_8bits2\5_1001_0_8bits.tiff;G:\Experiments\PTT\Spheroids\02062025_mcf7\04062025 before laser\Analysis\2025-06-04_092721_tube2_segmentationDebug2\5_1001_0_segmented.tiff;2688.5;(76. 78);208.752307415008;0.954045422285308;58.5073030998736;0.775277777635909;0.946069221436946;397.824525254227;0.952779947791096;0.873329326444136;0.948085391007204;;;;;;;;;;;;;;;;;;;;;;;;;;;;;;;;;;;;;;;;;;;;;;
2;Tube 2;606010.0;;;;;;;;;;;;;;;;;;;;;;;;;;;;;;;;;;;;;;;;;;606010.0;0.0;601.0;False;G:\Experiments\PTT\Spheroids\02062025_mcf7\04062025 after laser\Analysis\2025-06-04_154646_tube2_cropped_8bits2\6_0601_0_8bits.tiff;G:\Experiments\PTT\Spheroids\02062025_mcf7\04062025 after laser\Analysis\2025-06-04_154646_tube2_segmentationDebug2\6_0601_0_segmented.tiff;2569.5;(77. 73);211.438598752021;0.9144128113879;57.1978059911129;0.722253977312571;0.884685225116635;399.656536862861;0.952146017460616;0.877432133820983;0.926471794803097;87.01465865210382;53.0;Alive;;;;;;;;;;;;;;;;;;;;;;
2;Tube 2;607010.0;;;;;;;;;;;;;;;;;;;;;607010.0;0.0;701.0;False;G:\Experiments\PTT\Spheroids\02062025_mcf7\04062025 before laser\Analysis\2025-06-04_092721_tube2_cropped_8bits2\6_0701_0_8bits.tiff;G:\Experiments\PTT\Spheroids\02062025_mcf7\04062025 before laser\Analysis\2025-06-04_092721_tube2_segmentationDebug2\6_0701_0_segmented.tiff;2212.0;(76. 72);194.710676670074;0.939278131634819;53.0698207360283;0.733188179329426;0.83331448568991;533.22478614424;0.956755876873489;0.894978010503899;0.93536159854873;;;;;;;;;;;;;;;;;;;;;;;;;;;;;;;;;;;;;;;;;;;;;;
2;Tube 2;704010.0;;;;;;;;;;;;;;;;;;;;;704010.0;0.0;401.0;False;G:\Experiments\PTT\Spheroids\02062025_mcf7\04062025 before laser\Analysis\2025-06-04_092721_tube2_cropped_8bits2\7_0401_0_8bits.tiff;G:\Experiments\PTT\Spheroids\02062025_mcf7\04062025 before laser\Analysis\2025-06-04_092721_tube2_segmentationDebug2\7_0401_0_segmented.tiff;3070.0;(77. 71);254.45079088211;0.899238429994141;62.5207597709508;0.595855056720926;0.564825647508263;215.367557880748;0.940704597579449;0.854760699342072;0.943412624016377;;;;;704010.0;0.0;401.0;False;G:\Experiments\PTT\Spheroids\02062025_mcf7\04062025 after laser\Analysis\2025-06-04_154646_tube2_cropped_8bits2\7_0401_0_8bits.tiff;G:\Experiments\PTT\Spheroids\02062025_mcf7\04062025 after laser\Analysis\2025-06-04_154646_tube2_segmentationDebug2\7_0401_0_segmented.tiff;3226.0;(81. 68);246.308655261993;0.932639491182422;64.0895527470401;0.668212938763993;0.636637804088992;336.019915122458;0.930181788199126;0.847844527922466;0.93082697163537;8.11724422339136;81.0;Dead;;0.0;0.0;0.0;;;;156.0;;-8.142135620116989;0.0334010611882809;1.5687929760893056;0.07235788204306703;0.07181215658072893;120.65235724170998;-0.010522809380323017;-0.006916171419605988;-0.012585652381007062;;;;
2;Tube 2;802020.0;;;;;;;;;;;;;;;;;;;;;802020.0;0.0;202.0;False;G:\Experiments\PTT\Spheroids\02062025_mcf7\04062025 before laser\Analysis\2025-06-04_092721_tube2_cropped_8bits2\8_0202_0_8bits.tiff;G:\Experiments\PTT\Spheroids\02062025_mcf7\04062025 before laser\Analysis\2025-06-04_092721_tube2_segmentationDebug2\8_0202_0_segmented.tiff;1974.5;(77. 76);184.267025709152;0.943157391927394;50.1399190374254;0.730754923906524;0.756840308199536;637.085927838337;0.967999472520593;0.90612228976658;0.934851270761143;;;;;;;;;;;;;;;;;;;;;;;;;;;;;;;;;;;;;;;;;;;;;;
2;Tube 2;902050.0;;;;;;;;;;;;;;;;;;;;;902050.0;0.0;205.0;False;G:\Experiments\PTT\Spheroids\02062025_mcf7\04062025 before laser\Analysis\2025-06-04_092721_tube2_cropped_8bits2\9_0205_0_8bits.tiff;G:\Experiments\PTT\Spheroids\02062025_mcf7\04062025 before laser\Analysis\2025-06-04_092721_tube2_segmentationDebug2\9_0205_0_segmented.tiff;1882.5;(71. 63);192.267025351524;0.898353614889048;48.9578741671239;0.6399340728688;0.911458145372107;600.095385373744;0.970249539235247;0.909739074157976;0.940851630696564;;;;;902050.0;0.0;205.0;False;G:\Experiments\PTT\Spheroids\02062025_mcf7\04062025 after laser\Analysis\2025-06-04_154646_tube2_cropped_8bits2\9_0205_0_8bits.tiff;G:\Experiments\PTT\Spheroids\02062025_mcf7\04062025 after laser\Analysis\2025-06-04_154646_tube2_segmentationDebug2\9_0205_0_segmented.tiff;2299.0;(76. 74);218.852812290191;0.868366383380547;54.1033983530252;0.603176720725501;0.809431031512386;1306.40681255434;0.95802082501464;0.890223711678855;0.851842513217676;7.244348358555879;58.0;Dead;;0.0;0.0;0.0;;;;416.5;;26.585786938666985;-0.029987231508501022;5.1455241859013015;-0.036757352143299005;-0.10202711385972096;706.311427180596;-0.012228714220607007;-0.019515362479121;-0.08900911747888796;;;;
2;Tube 3;1002080.0;;;;;;;;;;;;;;;;;;;;;1002080.0;0.0;208.0;False;G:\Experiments\PTT\Spheroids\02062025_mcf7\04062025 before laser\Analysis\2025-06-04_093634_tube3_cropped_8bits2\10_0208_0_8bits.tiff;G:\Experiments\PTT\Spheroids\02062025_mcf7\04062025 before laser\Analysis\2025-06-04_093634_tube3_segmentationDebug2\10_0208_0_segmented.tiff;2331.0;(75. 69);229.338093280792;0.875657400450788;54.4786323137582;0.556928884435584;0.744602154148081;351.023642104155;0.953785807564945;0.888569092448985;0.939634067738819;;;;;1002080.0;0.0;208.0;False;G:\Experiments\PTT\Spheroids\02062025_mcf7\04062025 after laser\Analysis\2025-06-04_155435_tube3_cropped_8bits2\10_0208_0_8bits.tiff;G:\Experiments\PTT\Spheroids\02062025_mcf7\04062025 after laser\Analysis\2025-06-04_155435_tube3_segmentationDebug2\10_0208_0_segmented.tiff;2657.5;(75. 73);212.752306461334;0.940208738722802;58.1690131438869;0.737793089688957;0.838767951338485;669.384999458622;0.959553123167809;0.874967053559331;0.911943782358427;104.3351120330913;50.0;Alive;;0.0;0.0;0.0;;;;326.5;;-16.585786819458008;0.06455133827201398;3.690380830128703;0.180864205253373;0.09416579719040408;318.36135735446703;0.0057673156028640316;-0.013602038889653945;-0.027690285380391977;;;;
2;Tube 3;1102100.0;;;;;;;;;;;;;;;;;;;;;1102100.0;0.0;210.0;False;G:\Experiments\PTT\Spheroids\02062025_mcf7\04062025 before laser\Analysis\2025-06-04_093634_tube3_cropped_8bits2\11_0210_0_8bits.tiff;G:\Experiments\PTT\Spheroids\02062025_mcf7\04062025 before laser\Analysis\2025-06-04_093634_tube3_segmentationDebug2\11_0210_0_segmented.tiff;1895.5;(66. 69);190.953317165374;0.917029511369134;49.1266277801102;0.653249729328936;0.763537449755279;115.51180309626;0.960297422620531;0.909261609562542;0.944837733849809;;;;;1102100.0;0.0;210.0;False;G:\Experiments\PTT\Spheroids\02062025_mcf7\04062025 after laser\Analysis\2025-06-04_155435_tube3_cropped_8bits2\11_0210_0_8bits.tiff;G:\Experiments\PTT\Spheroids\02062025_mcf7\04062025 after laser\Analysis\2025-06-04_155435_tube3_segmentationDebug2\11_0210_0_segmented.tiff;1956.5;(74. 73);180.468036293983;0.940398942561884;49.9108522194757;0.754899487997321;0.860964811384896;633.420535338676;0.968708927944616;0.906834391124059;0.915083471993516;66.3125929443521;59.0;Alive;;0.0;0.0;0.0;;;;61.0;;-10.485280871390984;0.023369431192750034;0.7842244393655022;0.10164975866838499;0.09742736162961696;517.908732242416;0.008411505324085078;-0.0024272184384830364;-0.02975426185629293;;;;
2;Tube 3;112050.0;;;;;;;;;;;;;;;;;;;;;112050.0;0.0;1205.0;False;G:\Experiments\PTT\Spheroids\02062025_mcf7\04062025 before laser\Analysis\2025-06-04_093634_tube3_cropped_8bits2\1_1205_0_8bits.tiff;G:\Experiments\PTT\Spheroids\02062025_mcf7\04062025 before laser\Analysis\2025-06-04_093634_tube3_segmentationDebug2\1_1205_0_segmented.tiff;2482.0;(74. 77);203.338094115257;0.944624167459562;56.2154831877541;0.754352169978708;0.976288708836605;504.85103307888;0.946419445463108;0.882457336111669;0.93088808826672;;;;;;;;;;;;;;;;;;;;;;;;;;;;;;;;;;;;;;;;;;;;;;
2;Tube 3;1202130.0;;;;;;;;;;;;;;;;;;;;;1202130.0;0.0;213.0;False;G:\Experiments\PTT\Spheroids\02062025_mcf7\04062025 before laser\Analysis\2025-06-04_093634_tube3_cropped_8bits2\12_0213_0_8bits.tiff;G:\Experiments\PTT\Spheroids\02062025_mcf7\04062025 before laser\Analysis\2025-06-04_093634_tube3_segmentationDebug2\12_0213_0_segmented.tiff;1444.0;(77. 80);175.539103746414;0.868310282621767;42.8784083496294;0.588883388861377;0.782106697953507;350.048876278944;0.967662831540954;0.929665330715259;0.923364422166897;;;;;1202130.0;0.0;213.0;False;G:\Experiments\PTT\Spheroids\02062025_mcf7\04062025 after laser\Analysis\2025-06-04_155435_tube3_cropped_8bits2\12_0213_0_8bits.tiff;G:\Experiments\PTT\Spheroids\02062025_mcf7\04062025 after laser\Analysis\2025-06-04_155435_tube3_segmentationDebug2\12_0213_0_segmented.tiff;2044.0;(74. 77);241.681239128112;0.792401628222523;51.0147197330209;0.439749017265043;0.747252763773796;1043.65733759129;0.966860000344722;0.901114777089257;0.84931033241321;5.15489683957961;64.0;Dead;;0.0;0.0;0.0;;;;600.0;;66.14213538169798;-0.07590865439924399;8.136311383391494;-0.14913437159633403;-0.034853934179710944;693.6084613123459;-0.0008028311962320345;-0.028550553626002007;-0.07405408975368699;;;;
2;Tube 3;1302150.0;;;;;;;;;;;;;;;;;;;;;;;;;;;;;;;;;;;;;;;;;;1302150.0;0.0;215.0;False;G:\Experiments\PTT\Spheroids\02062025_mcf7\04062025 after laser\Analysis\2025-06-04_155435_tube3_cropped_8bits2\13_0215_0_8bits.tiff;G:\Experiments\PTT\Spheroids\02062025_mcf7\04062025 after laser\Analysis\2025-06-04_155435_tube3_segmentationDebug2\13_0215_0_segmented.tiff;1878.5;(75. 76);165.781744360923;0.973316062176165;48.9058328298885;0.858909988799284;0.911652532495783;354.100349922175;0.975370591217413;0.910975567753173;0.941872515593185;86.35483185663763;46.0;Alive;;;;;;;;;;;;;;;;;;;;;;
2;Tube 3;1302160.0;;;;;;;;;;;;;;;;;;;;;1302160.0;0.0;216.0;False;G:\Experiments\PTT\Spheroids\02062025_mcf7\04062025 before laser\Analysis\2025-06-04_093634_tube3_cropped_8bits2\13_0216_0_8bits.tiff;G:\Experiments\PTT\Spheroids\02062025_mcf7\04062025 before laser\Analysis\2025-06-04_093634_tube3_segmentationDebug2\13_0216_0_segmented.tiff;1931.5;(73. 74);184.6101719141;0.925934803451582;49.5909485758839;0.712185821088739;0.874217786836594;332.638544171877;0.959429897608882;0.907747711449496;0.935705822956526;;;;;;;;;;;;;;;;;;;;;;;;;;;;;;;;;;;;;;;;;;;;;;
2;Tube 3;1402180.0;;;;;;;;;;;;;;;;;;;;;1402180.0;0.0;218.0;False;G:\Experiments\PTT\Spheroids\02062025_mcf7\04062025 before laser\Analysis\2025-06-04_093634_tube3_cropped_8bits2\14_0218_0_8bits.tiff;G:\Experiments\PTT\Spheroids\02062025_mcf7\04062025 before laser\Analysis\2025-06-04_093634_tube3_segmentationDebug2\14_0218_0_segmented.tiff;1647.5;(75. 83);177.639609098434;0.911479944674965;45.8002418110557;0.656078294069826;0.923114767855193;493.465056783858;0.964590807226828;0.920496422888022;0.922545860016515;;;;;1402180.0;0.0;218.0;False;G:\Experiments\PTT\Spheroids\02062025_mcf7\04062025 after laser\Analysis\2025-06-04_155435_tube3_cropped_8bits2\14_0218_0_8bits.tiff;G:\Experiments\PTT\Spheroids\02062025_mcf7\04062025 after laser\Analysis\2025-06-04_155435_tube3_segmentationDebug2\14_0218_0_segmented.tiff;1652.0;(41. 91);166.710676431655;0.944809837003145;45.8627488044762;0.746952662560797;0.964058368026471;295.726595199733;0.96742164531442;0.920721406915925;0.926820842095378;94.27275340223191;44.0;Alive;;0.0;0.0;0.0;;;;4.5;;-10.92893266677899;0.033329892328180066;0.0625069934204987;0.09087436849097097;0.04094360017127807;-197.738461584125;0.0028308380875919914;0.00022498402790294136;0.00427498207886301;;;;
2;Tube 3;1502210.0;;;;;;;;;;;;;;;;;;;;;1502210.0;0.0;221.0;False;G:\Experiments\PTT\Spheroids\02062025_mcf7\04062025 before laser\Analysis\2025-06-04_093634_tube3_cropped_8bits2\15_0221_0_8bits.tiff;G:\Experiments\PTT\Spheroids\02062025_mcf7\04062025 before laser\Analysis\2025-06-04_093634_tube3_segmentationDebug2\15_0221_0_segmented.tiff;2276.5;(76. 72);233.923880219459;0.841900887573964;53.8379960955977;0.522791358457994;0.49253548953795;272.458132556189;0.948153089671846;0.891291008412461;0.940294001400872;;;;;1502210.0;0.0;221.0;False;G:\Experiments\PTT\Spheroids\02062025_mcf7\04062025 after laser\Analysis\2025-06-04_155435_tube3_cropped_8bits2\15_0221_0_8bits.tiff;G:\Experiments\PTT\Spheroids\02062025_mcf7\04062025 after laser\Analysis\2025-06-04_155435_tube3_segmentationDebug2\15_0221_0_segmented.tiff;2042.0;(71. 73);202.024384737014;0.887247447316967;50.9897553470224;0.628721071872486;0.754055729260967;498.879183673469;0.960931063749223;0.902408499932938;0.916552418318;71.50872895864835;52.0;Alive;;0.0;0.0;0.0;;;;-234.5;;-31.89949548244499;0.045346559743003056;-2.8482407485753;0.10592971341449209;0.26152023972301697;226.42105111728;0.012777974077377019;0.01111749152047703;-0.023741583082871998;;;;
2;Tube 3;1602230.0;;;;;;;;;;;;;;;;;;;;;;;;;;;;;;;;;;;;;;;;;;1602230.0;0.0;223.0;False;G:\Experiments\PTT\Spheroids\02062025_mcf7\04062025 after laser\Analysis\2025-06-04_155435_tube3_cropped_8bits2\16_0223_0_8bits.tiff;G:\Experiments\PTT\Spheroids\02062025_mcf7\04062025 after laser\Analysis\2025-06-04_155435_tube3_segmentationDebug2\16_0223_0_segmented.tiff;2268.5;(79. 81);211.438598394393;0.890655673341185;53.7433150003953;0.637646683431044;0.910777912528479;564.176541384362;0.960346059321187;0.89205019906256;0.928015043725323;66.34008572749653;50.0;Alive;;;;;;;;;;;;;;;;;;;;;;
2;Tube 3;1603240.0;;;;;;;;;;;;;;;;;;;;;1603240.0;0.0;324.0;False;G:\Experiments\PTT\Spheroids\02062025_mcf7\04062025 before laser\Analysis\2025-06-04_093634_tube3_cropped_8bits2\16_0324_0_8bits.tiff;G:\Experiments\PTT\Spheroids\02062025_mcf7\04062025 before laser\Analysis\2025-06-04_093634_tube3_segmentationDebug2\16_0324_0_segmented.tiff;1815.5;(78. 71);176.953317284584;0.9445889698231;48.0787519957276;0.728599216731154;0.765261261643972;355.326616486892;0.964242740113249;0.911696771402045;0.926478475938873;;;;;;;;;;;;;;;;;;;;;;;;;;;;;;;;;;;;;;;;;;;;;;
2;Tube 3;1705240.0;;;;;;;;;;;;;;;;;;;;;1705240.0;0.0;524.0;False;G:\Experiments\PTT\Spheroids\02062025_mcf7\04062025 before laser\Analysis\2025-06-04_093634_tube3_cropped_8bits2\17_0524_0_8bits.tiff;G:\Experiments\PTT\Spheroids\02062025_mcf7\04062025 before laser\Analysis\2025-06-04_093634_tube3_segmentationDebug2\17_0524_0_segmented.tiff;1885.0;(74. 80);203.195957899093;0.882697260594708;48.9903719298576;0.573708242791783;0.649230270905319;339.413042286856;0.952630575340322;0.908839487863527;0.922540404242487;;;;;1705240.0;0.0;524.0;False;G:\Experiments\PTT\Spheroids\02062025_mcf7\04062025 after laser\Analysis\2025-06-04_155435_tube3_cropped_8bits2\17_0524_0_8bits.tiff;G:\Experiments\PTT\Spheroids\02062025_mcf7\04062025 after laser\Analysis\2025-06-04_155435_tube3_segmentationDebug2\17_0524_0_segmented.tiff;1986.5;(74. 70);199.92388010025;0.892407906558849;50.2920506205145;0.624552699053824;0.695768599223053;461.334462546292;0.954609710487786;0.904465419515207;0.915682432266061;64.52556203996451;52.0;Alive;;0.0;0.0;0.0;;;;101.5;;-3.2720777988430143;0.009710645964141063;1.3016786906568996;0.05084445626204104;0.04653832831773397;121.92142025943599;0.0019791351474639507;-0.004374068348319993;-0.006857971976425903;;;;
2;Tube 3;1808240.0;;;;;;;;;;;;;;;;;;;;;1808240.0;0.0;824.0;False;G:\Experiments\PTT\Spheroids\02062025_mcf7\04062025 before laser\Analysis\2025-06-04_093634_tube3_cropped_8bits2\18_0824_0_8bits.tiff;G:\Experiments\PTT\Spheroids\02062025_mcf7\04062025 before laser\Analysis\2025-06-04_093634_tube3_segmentationDebug2\18_0824_0_segmented.tiff;1553.0;(76. 77);163.053822517395;0.943786083257368;44.4673027400325;0.734039364663245;0.939688906272596;318.134081430386;0.9622004517138;0.925174740590716;0.925418027516046;;;;;1808240.0;0.0;824.0;False;G:\Experiments\PTT\Spheroids\02062025_mcf7\04062025 after laser\Analysis\2025-06-04_155435_tube3_cropped_8bits2\18_0824_0_8bits.tiff;G:\Experiments\PTT\Spheroids\02062025_mcf7\04062025 after laser\Analysis\2025-06-04_155435_tube3_segmentationDebug2\18_0824_0_segmented.tiff;1958.0;(81. 75);186.710676431655;0.933492252681764;49.9299812596745;0.705804213680491;0.759383072243776;1059.51104793348;0.966734699578931;0.906574505958989;0.858866697287337;5.416078279451644;59.0;Dead;;0.0;0.0;0.0;;;;405.0;;23.65685391426001;-0.010293830575604068;5.462678519641997;-0.028235150982754087;-0.18030583402882006;741.3769665030941;0.004534247865131014;-0.018600234631726997;-0.06655133022870896;;;;
2;Tube 3;1910240.0;;;;;;;;;;;;;;;;;;;;;1910240.0;0.0;1024.0;False;G:\Experiments\PTT\Spheroids\02062025_mcf7\04062025 before laser\Analysis\2025-06-04_093634_tube3_cropped_8bits2\19_1024_0_8bits.tiff;G:\Experiments\PTT\Spheroids\02062025_mcf7\04062025 before laser\Analysis\2025-06-04_093634_tube3_segmentationDebug2\19_1024_0_segmented.tiff;1370.0;(70. 75);156.568541288375;0.923491742500842;41.7652747660921;0.702297981870989;0.784150283065464;358.790875116785;0.96671962182979;0.933353603542907;0.920618291399078;;;;;1910240.0;1.0;1024.0;False;G:\Experiments\PTT\Spheroids\02062025_mcf7\04062025 after laser\Analysis\2025-06-04_155435_tube3_cropped_8bits2\19_1024_0_8bits.tiff;G:\Experiments\PTT\Spheroids\02062025_mcf7\04062025 after laser\Analysis\2025-06-04_155435_tube3_segmentationDebug2\19_1024_0_segmented.tiff;819.0;(76. 24);106.911687374114;0.983193277310924;32.2921536466383;0.900416402480547;0.97420255193611;57.9374710987024;0.986181154922726;0.959854661147641;0.913744195578813;70.02411866884943;60.0;Alive;;0.0;1.0;0.0;;;;-551.0;;-49.656853914261006;0.059701534810082;-9.4731211194538;0.19811842060955798;0.19005226887064608;-300.8534040180826;0.019461533092935968;0.02650105760473398;-0.0068740958202649916;;;;
2;Tube 3;2013240.0;;;;;;;;;;;;;;;;;;;;;2013240.0;0.0;1324.0;False;G:\Experiments\PTT\Spheroids\02062025_mcf7\04062025 before laser\Analysis\2025-06-04_093634_tube3_cropped_8bits2\20_1324_0_8bits.tiff;G:\Experiments\PTT\Spheroids\02062025_mcf7\04062025 before laser\Analysis\2025-06-04_093634_tube3_segmentationDebug2\20_1324_0_segmented.tiff;1358.5;(75. 68);149.639609217643;0.943075321069073;41.5896131446629;0.762388569034665;0.838040558155281;248.523265175396;0.967511740614209;0.93442155914016;0.934288842782659;;;;;2013240.0;0.0;1324.0;False;G:\Experiments\PTT\Spheroids\02062025_mcf7\04062025 after laser\Analysis\2025-06-04_155435_tube3_cropped_8bits2\20_1324_0_8bits.tiff;G:\Experiments\PTT\Spheroids\02062025_mcf7\04062025 after laser\Analysis\2025-06-04_155435_tube3_segmentationDebug2\20_1324_0_segmented.tiff;1617.0;(74. 77);170.225395560264;0.910216718266253;45.374313701;0.70124726405034;0.743823133127378;1199.20899325032;0.97037111053536;0.922103304490047;0.834268108130643;6.983166918683845;67.0;Dead;;0.0;0.0;0.0;;;;258.5;;20.58578634262099;-0.032858602802819936;3.7847005563371;-0.06114130498432502;-0.09421742502790298;950.685728074924;0.0028593699211509893;-0.012318254650113047;-0.100020734652016;;;;
2;Tube 3;215040.0;;;;;;;;;;;;;;;;;;;;;215040.0;0.0;1504.0;False;G:\Experiments\PTT\Spheroids\02062025_mcf7\04062025 before laser\Analysis\2025-06-04_093634_tube3_cropped_8bits2\2_1504_0_8bits.tiff;G:\Experiments\PTT\Spheroids\02062025_mcf7\04062025 before laser\Analysis\2025-06-04_093634_tube3_segmentationDebug2\2_1504_0_segmented.tiff;2754.0;(75. 72);222.852811455726;0.926337033299697;59.2157217823158;0.69684720927945;0.978377280580473;391.63464071567;0.961927907244606;0.870345083883175;0.938042507973013;;;;;215040.0;0.0;1504.0;False;G:\Experiments\PTT\Spheroids\02062025_mcf7\04062025 after laser\Analysis\2025-06-04_155435_tube3_cropped_8bits2\2_1504_0_8bits.tiff;G:\Experiments\PTT\Spheroids\02062025_mcf7\04062025 after laser\Analysis\2025-06-04_155435_tube3_segmentationDebug2\2_1504_0_segmented.tiff;2621.0;(78. 70);202.99494767189;0.962894930198383;57.7681646475882;0.799293768529901;0.909346720458908;446.794940221535;0.958958268444885;0.876704200853562;0.937808792655421;113.18778820559602;37.0;Alive;;0.0;0.0;0.0;;;;-133.0;;-19.857863783835995;0.03655789689868605;-1.447557134727603;0.10244655925045099;-0.06903056012156505;55.160299505865;-0.0029696387997210083;0.0063591169703870465;-0.00023371531759197595;;;;
2;Tube 3;314010.0;;;;;;;;;;;;;;;;;;;;;;;;;;;;;;;;;;;;;;;;;;314010.0;0.0;1401.0;False;G:\Experiments\PTT\Spheroids\02062025_mcf7\04062025 after laser\Analysis\2025-06-04_155435_tube3_cropped_8bits2\3_1401_0_8bits.tiff;G:\Experiments\PTT\Spheroids\02062025_mcf7\04062025 after laser\Analysis\2025-06-04_155435_tube3_segmentationDebug2\3_1401_0_segmented.tiff;2187.5;(63. 70);183.923879504203;0.963020030816641;52.7751030705594;0.812609111977509;0.828816077042106;271.529243059446;0.961856329821272;0.896225103733384;0.930755037724405;110.71343772259782;37.0;Alive;;;;;;;;;;;;;;;;;;;;;;
2;Tube 3;315020.0;;;;;;;;;;;;;;;;;;;;;315020.0;0.0;1502.0;False;G:\Experiments\PTT\Spheroids\02062025_mcf7\04062025 before laser\Analysis\2025-06-04_093634_tube3_cropped_8bits2\3_1502_0_8bits.tiff;G:\Experiments\PTT\Spheroids\02062025_mcf7\04062025 before laser\Analysis\2025-06-04_093634_tube3_segmentationDebug2\3_1502_0_segmented.tiff;2126.5;(77. 75);188.610171318054;0.948695070265447;52.0340647257094;0.751181756569052;0.877403535661002;464.651151513702;0.955214933567204;0.898886564137936;0.937523416840836;;;;;;;;;;;;;;;;;;;;;;;;;;;;;;;;;;;;;;;;;;;;;;
2;Tube 3;412010.0;;;;;;;;;;;;;;;;;;;;;412010.0;0.0;1201.0;False;G:\Experiments\PTT\Spheroids\02062025_mcf7\04062025 before laser\Analysis\2025-06-04_093634_tube3_cropped_8bits2\4_1201_0_8bits.tiff;G:\Experiments\PTT\Spheroids\02062025_mcf7\04062025 before laser\Analysis\2025-06-04_093634_tube3_segmentationDebug2\4_1201_0_segmented.tiff;1772.0;(76. 76);176.367530703544;0.929695697796432;47.4992681340534;0.715873543735974;0.882112960550915;341.145385950988;0.957208266305887;0.91486675698147;0.921521358953811;;;;;412010.0;0.0;1201.0;False;G:\Experiments\PTT\Spheroids\02062025_mcf7\04062025 after laser\Analysis\2025-06-04_155435_tube3_cropped_8bits2\4_1201_0_8bits.tiff;G:\Experiments\PTT\Spheroids\02062025_mcf7\04062025 after laser\Analysis\2025-06-04_155435_tube3_segmentationDebug2\4_1201_0_segmented.tiff;1763.0;(80. 79);169.195957899093;0.955814583898075;47.3784900283672;0.77389530032843;0.877814984544422;185.476003366414;0.962521677898859;0.915538631894962;0.92579332425855;89.43402356881319;37.0;Alive;;0.0;0.0;0.0;;;;-9.0;;-7.171572804450989;0.026118886101643035;-0.12077810568619896;0.05802175659245601;-0.004297976006493065;-155.66938258457398;0.0053134115929720505;0.0006718749134919655;0.004271965304738945;;;;
2;Tube 3;509010.0;;;;;;;;;;;;;;;;;;;;;;;;;;;;;;;;;;;;;;;;;;509010.0;0.0;901.0;False;G:\Experiments\PTT\Spheroids\02062025_mcf7\04062025 after laser\Analysis\2025-06-04_155435_tube3_cropped_8bits2\5_0901_0_8bits.tiff;G:\Experiments\PTT\Spheroids\02062025_mcf7\04062025 after laser\Analysis\2025-06-04_155435_tube3_segmentationDebug2\5_0901_0_segmented.tiff;2120.5;(77. 72);198.124890327453;0.926387068588903;51.9606048329974;0.678844122991245;0.747859807266239;326.57098358598;0.958425506365182;0.898444162888103;0.923384258953977;92.62318641356643;37.0;Alive;;;;;;;;;;;;;;;;;;;;;;
2;Tube 3;510010.0;;;;;;;;;;;;;;;;;;;;;510010.0;0.0;1001.0;False;G:\Experiments\PTT\Spheroids\02062025_mcf7\04062025 before laser\Analysis\2025-06-04_093634_tube3_cropped_8bits2\5_1001_0_8bits.tiff;G:\Experiments\PTT\Spheroids\02062025_mcf7\04062025 before laser\Analysis\2025-06-04_093634_tube3_segmentationDebug2\5_1001_0_segmented.tiff;2226.5;(74. 71);185.639609098434;0.959698275862069;53.2434770310208;0.8118789343075;0.772917763487309;409.466416581946;0.966741286398609;0.894376989999871;0.956779701913729;;;;;;;;;;;;;;;;;;;;;;;;;;;;;;;;;;;;;;;;;;;;;;
2;Tube 3;607010.0;;;;;;;;;;;;;;;;;;;;;607010.0;0.0;701.0;False;G:\Experiments\PTT\Spheroids\02062025_mcf7\04062025 before laser\Analysis\2025-06-04_093634_tube3_cropped_8bits2\6_0701_0_8bits.tiff;G:\Experiments\PTT\Spheroids\02062025_mcf7\04062025 before laser\Analysis\2025-06-04_093634_tube3_segmentationDebug2\6_0701_0_segmented.tiff;1380.0;(71. 70);151.740114212036;0.934959349593495;41.9174256334346;0.753161544198183;0.90261541171918;524.060064729605;0.967559953026665;0.933080223754787;0.92175853426701;;;;;;;;;;;;;;;;;;;;;;;;;;;;;;;;;;;;;;;;;;;;;;
2;Tube 3;704010.0;;;;;;;;;;;;;;;;;;;;;704010.0;0.0;401.0;False;G:\Experiments\PTT\Spheroids\02062025_mcf7\04062025 before laser\Analysis\2025-06-04_093634_tube3_cropped_8bits2\7_0401_0_8bits.tiff;G:\Experiments\PTT\Spheroids\02062025_mcf7\04062025 before laser\Analysis\2025-06-04_093634_tube3_segmentationDebug2\7_0401_0_segmented.tiff;2059.5;(75. 73);179.438598752021;0.963283442469597;51.2077810726267;0.803785045810568;0.867863113444401;369.008709506334;0.960907281645409;0.902194964375675;0.944182895578302;;;;;704010.0;0.0;401.0;False;G:\Experiments\PTT\Spheroids\02062025_mcf7\04062025 after laser\Analysis\2025-06-04_155435_tube3_cropped_8bits2\7_0401_0_8bits.tiff;G:\Experiments\PTT\Spheroids\02062025_mcf7\04062025 after laser\Analysis\2025-06-04_155435_tube3_segmentationDebug2\7_0401_0_segmented.tiff;2118.5;(75. 80);176.610170841217;0.974695192086496;51.9360951123728;0.853506653652346;0.887559234989457;457.02986076986;0.960129993469433;0.899710641079662;0.928715791775323;68.04463828245085;52.0;Alive;;0.0;0.0;0.0;;;;59.0;;-2.828427910803981;0.011411749616899058;0.7283140397460954;0.04972160784177804;0.019696121545055956;88.02115126352601;-0.0007772881759759986;-0.0024843232960130024;-0.015467103802978999;;;;
2;Tube 3;802020.0;;;;;;;;;;;;;;;;;;;;;802020.0;0.0;202.0;False;G:\Experiments\PTT\Spheroids\02062025_mcf7\04062025 before laser\Analysis\2025-06-04_093634_tube3_cropped_8bits2\8_0202_0_8bits.tiff;G:\Experiments\PTT\Spheroids\02062025_mcf7\04062025 before laser\Analysis\2025-06-04_093634_tube3_segmentationDebug2\8_0202_0_segmented.tiff;2467.5;(74. 74);192.267025589942;0.969357690041249;56.051035464423;0.838798045624238;0.857515178772206;478.178721580927;0.952808123065413;0.883691311697316;0.940405435024325;;;;;802020.0;0.0;202.0;False;G:\Experiments\PTT\Spheroids\02062025_mcf7\04062025 after laser\Analysis\2025-06-04_155435_tube3_cropped_8bits2\8_0202_0_8bits.tiff;G:\Experiments\PTT\Spheroids\02062025_mcf7\04062025 after laser\Analysis\2025-06-04_155435_tube3_segmentationDebug2\8_0202_0_segmented.tiff;2785.0;(72. 71);226.852812051773;0.918990265632733;59.5480657291857;0.680059214195017;0.824471352179385;1195.36387546602;0.968853799397502;0.869517250857226;0.840282500557039;5.106784469076867;60.0;Dead;;0.0;0.0;0.0;;;;317.5;;34.58578646183099;-0.05036742440851605;3.4970302647626994;-0.15873883142922096;-0.0330438265928209;717.1851538850931;0.016045676332089087;-0.014174060840089986;-0.10012293446728604;;;;
2;Tube 3;902050.0;;;;;;;;;;;;;;;;;;;;;902050.0;0.0;205.0;False;G:\Experiments\PTT\Spheroids\02062025_mcf7\04062025 before laser\Analysis\2025-06-04_093634_tube3_cropped_8bits2\9_0205_0_8bits.tiff;G:\Experiments\PTT\Spheroids\02062025_mcf7\04062025 before laser\Analysis\2025-06-04_093634_tube3_segmentationDebug2\9_0205_0_segmented.tiff;2311.5;(74. 76);198.267026305198;0.952018121911037;54.2502830191265;0.738929110223227;0.739444341373355;515.087208787624;0.942175989959248;0.890270769963767;0.919406325003992;;;;;902050.0;0.0;205.0;False;G:\Experiments\PTT\Spheroids\02062025_mcf7\04062025 after laser\Analysis\2025-06-04_155435_tube3_cropped_8bits2\9_0205_0_8bits.tiff;G:\Experiments\PTT\Spheroids\02062025_mcf7\04062025 after laser\Analysis\2025-06-04_155435_tube3_segmentationDebug2\9_0205_0_segmented.tiff;3030.5;(79. 75);235.580733895301;0.928888888888888;62.117247526914;0.686190358495844;0.757670061112487;942.670356077299;0.953939240829095;0.857624650788307;0.891799168386776;6.3714524937203985;67.0;Dead;;0.0;0.0;0.0;;;;719.0;;37.31370759010301;-0.023129233022148976;7.8669645077875;-0.05273875172738307;0.018225719739132007;427.5831472896749;0.011763250869846975;-0.03264611917546001;-0.027607156617216022;;;;
2;Tube 4;1002070.0;;;;;;;;;;;;;;;;;;;;;1002070.0;0.0;207.0;False;G:\Experiments\PTT\Spheroids\02062025_mcf7\04062025 before laser\Analysis\2025-06-04_094509_tube4_cropped_8bits2\10_0207_0_8bits.tiff;G:\Experiments\PTT\Spheroids\02062025_mcf7\04062025 before laser\Analysis\2025-06-04_094509_tube4_segmentationDebug2\10_0207_0_segmented.tiff;1747.0;(74. 74);167.053822278976;0.953082378614293;47.1630097073154;0.786665193679585;0.8486749999298;446.511325354609;0.96864567046394;0.916274941040099;0.933412354394285;;;;;;;;;;;;;;;;;;;;;;;;;;;;;;;;;;;;;;;;;;;;;;
2;Tube 4;1002080.0;;;;;;;;;;;;;;;;;;;;;;;;;;;;;;;;;;;;;;;;;;1002080.0;0.0;208.0;False;G:\Experiments\PTT\Spheroids\02062025_mcf7\04062025 after laser\Analysis\2025-06-04_160218_tube4_cropped_8bits2\10_0208_0_8bits.tiff;G:\Experiments\PTT\Spheroids\02062025_mcf7\04062025 after laser\Analysis\2025-06-04_160218_tube4_segmentationDebug2\10_0208_0_segmented.tiff;1897.5;(75. 77);179.781744241714;0.936343449296817;49.1525384505721;0.73773513819223;0.869665730458884;380.211666666666;0.962284950495655;0.909241125362226;0.93066190580314;44.31836642881243;42.0;Dead;;;;;;;;;;;;;;;;;;;;;;
2;Tube 4;1102090.0;;;;;;;;;;;;;;;;;;;;;1102090.0;0.0;209.0;False;G:\Experiments\PTT\Spheroids\02062025_mcf7\04062025 before laser\Analysis\2025-06-04_094509_tube4_cropped_8bits2\11_0209_0_8bits.tiff;G:\Experiments\PTT\Spheroids\02062025_mcf7\04062025 before laser\Analysis\2025-06-04_094509_tube4_segmentationDebug2\11_0209_0_segmented.tiff;1691.0;(75. 76);172.710676312446;0.918023887079261;46.4009490220529;0.712385550515098;0.870598529620639;513.337137231817;0.973621973347516;0.918966198194536;0.939018820883017;;;;;;;;;;;;;;;;;;;;;;;;;;;;;;;;;;;;;;;;;;;;;;
2;Tube 4;1102100.0;;;;;;;;;;;;;;;;;;;;;;;;;;;;;;;;;;;;;;;;;;1102100.0;0.0;210.0;False;G:\Experiments\PTT\Spheroids\02062025_mcf7\04062025 after laser\Analysis\2025-06-04_160218_tube4_cropped_8bits2\11_0210_0_8bits.tiff;G:\Experiments\PTT\Spheroids\02062025_mcf7\04062025 after laser\Analysis\2025-06-04_160218_tube4_segmentationDebug2\11_0210_0_segmented.tiff;2049.5;(78. 78);205.438598871231;0.892639372822299;51.0833088878815;0.610230201332557;0.691186870383833;474.594148596009;0.962210970203706;0.901244477228785;0.92908871416416;59.164469326801715;50.0;Alive;;;;;;;;;;;;;;;;;;;;;;
2;Tube 4;1202120.0;;;;;;;;;;;;;;;;;;;;;1202120.0;0.0;212.0;False;G:\Experiments\PTT\Spheroids\02062025_mcf7\04062025 before laser\Analysis\2025-06-04_094509_tube4_cropped_8bits2\12_0212_0_8bits.tiff;G:\Experiments\PTT\Spheroids\02062025_mcf7\04062025 before laser\Analysis\2025-06-04_094509_tube4_segmentationDebug2\12_0212_0_segmented.tiff;1404.5;(74. 74);174.610171675682;0.896298659859604;42.2878817225518;0.578885309993142;0.736864240027759;401.713766330312;0.971073329431955;0.931599680902162;0.926573543893905;;;;;;;;;;;;;;;;;;;;;;;;;;;;;;;;;;;;;;;;;;;;;;
2;Tube 4;1202130.0;;;;;;;;;;;;;;;;;;;;;;;;;;;;;;;;;;;;;;;;;;1202130.0;0.0;213.0;False;G:\Experiments\PTT\Spheroids\02062025_mcf7\04062025 after laser\Analysis\2025-06-04_160218_tube4_cropped_8bits2\12_0213_0_8bits.tiff;G:\Experiments\PTT\Spheroids\02062025_mcf7\04062025 after laser\Analysis\2025-06-04_160218_tube4_segmentationDebug2\12_0213_0_segmented.tiff;1827.5;(76. 78);191.639609217643;0.898917855386128;48.2373845477085;0.625311904119976;0.833167096390683;641.789390776671;0.956442864673606;0.912086926200405;0.903536871570374;47.17761587583259;50.0;Dead;;;;;;;;;;;;;;;;;;;;;;
2;Tube 4;1302150.0;;;;;;;;;;;;;;;;;;;;;1302150.0;0.0;215.0;False;G:\Experiments\PTT\Spheroids\02062025_mcf7\04062025 before laser\Analysis\2025-06-04_094509_tube4_cropped_8bits2\13_0215_0_8bits.tiff;G:\Experiments\PTT\Spheroids\02062025_mcf7\04062025 before laser\Analysis\2025-06-04_094509_tube4_segmentationDebug2\13_0215_0_segmented.tiff;1508.5;(80. 74);167.154327869415;0.909556828459451;43.8255844596851;0.67845325021622;0.950364813939336;375.870356966356;0.972905380861811;0.927054540880032;0.935040103873031;;;;;;;;;;;;;;;;;;;;;;;;;;;;;;;;;;;;;;;;;;;;;;
2;Tube 4;1302160.0;;;;;;;;;;;;;;;;;;;;;;;;;;;;;;;;;;;;;;;;;;1302160.0;0.0;216.0;False;G:\Experiments\PTT\Spheroids\02062025_mcf7\04062025 after laser\Analysis\2025-06-04_160218_tube4_cropped_8bits2\13_0216_0_8bits.tiff;G:\Experiments\PTT\Spheroids\02062025_mcf7\04062025 after laser\Analysis\2025-06-04_160218_tube4_segmentationDebug2\13_0216_0_segmented.tiff;1500.5;(76. 76);149.296463012695;0.968064516129032;43.7092202730169;0.845954151120497;0.868637801899672;395.084146124868;0.969996516994385;0.927956617427267;0.927566942958358;75.74261756288973;41.0;Alive;;;;;;;;;;;;;;;;;;;;;;
2;Tube 4;1402170.0;;;;;;;;;;;;;;;;;;;;;1402170.0;0.0;217.0;False;G:\Experiments\PTT\Spheroids\02062025_mcf7\04062025 before laser\Analysis\2025-06-04_094509_tube4_cropped_8bits2\14_0217_0_8bits.tiff;G:\Experiments\PTT\Spheroids\02062025_mcf7\04062025 before laser\Analysis\2025-06-04_094509_tube4_segmentationDebug2\14_0217_0_segmented.tiff;1364.0;(72. 79);154.568541407585;0.918518518518518;41.6737176049697;0.717434103080727;0.895343988071269;408.829822306758;0.975515545184712;0.934042364433927;0.92980310301615;;;;;;;;;;;;;;;;;;;;;;;;;;;;;;;;;;;;;;;;;;;;;;
2;Tube 4;1402180.0;;;;;;;;;;;;;;;;;;;;;;;;;;;;;;;;;;;;;;;;;;1402180.0;0.0;218.0;False;G:\Experiments\PTT\Spheroids\02062025_mcf7\04062025 after laser\Analysis\2025-06-04_160218_tube4_cropped_8bits2\14_0218_0_8bits.tiff;G:\Experiments\PTT\Spheroids\02062025_mcf7\04062025 after laser\Analysis\2025-06-04_160218_tube4_segmentationDebug2\14_0218_0_segmented.tiff;1723.5;(80. 73);172.468035936355;0.934399566278124;46.8447260142596;0.728121602861183;0.930255584606814;472.845243635418;0.966119905258965;0.917276483575531;0.927303743355383;75.1377763337124;40.0;Alive;;;;;;;;;;;;;;;;;;;;;;
2;Tube 4;1502200.0;;;;;;;;;;;;;;;;;;;;;1502200.0;0.0;220.0;False;G:\Experiments\PTT\Spheroids\02062025_mcf7\04062025 before laser\Analysis\2025-06-04_094509_tube4_cropped_8bits2\15_0220_0_8bits.tiff;G:\Experiments\PTT\Spheroids\02062025_mcf7\04062025 before laser\Analysis\2025-06-04_094509_tube4_segmentationDebug2\15_0220_0_segmented.tiff;1474.0;(77. 76);159.05382335186;0.936765173180807;43.3215314703858;0.732182123441413;0.736214240077438;360.220653890324;0.969567116679708;0.928891650792739;0.933840803027314;;;;;;;;;;;;;;;;;;;;;;;;;;;;;;;;;;;;;;;;;;;;;;
2;Tube 4;1502210.0;;;;;;;;;;;;;;;;;;;;;;;;;;;;;;;;;;;;;;;;;;1502210.0;0.0;221.0;False;G:\Experiments\PTT\Spheroids\02062025_mcf7\04062025 after laser\Analysis\2025-06-04_160218_tube4_cropped_8bits2\15_0221_0_8bits.tiff;G:\Experiments\PTT\Spheroids\02062025_mcf7\04062025 after laser\Analysis\2025-06-04_160218_tube4_segmentationDebug2\15_0221_0_segmented.tiff;1473.0;(76. 75);167.195958256721;0.920337394564198;43.3068337493621;0.662157132410774;0.763596972104715;500.050632524707;0.966326147192471;0.928475909475482;0.907414710418758;75.66013921345646;43.0;Alive;;;;;;;;;;;;;;;;;;;;;;
2;Tube 4;1602230.0;;;;;;;;;;;;;;;;;;;;;1602230.0;0.0;223.0;False;G:\Experiments\PTT\Spheroids\02062025_mcf7\04062025 before laser\Analysis\2025-06-04_094509_tube4_cropped_8bits2\16_0223_0_8bits.tiff;G:\Experiments\PTT\Spheroids\02062025_mcf7\04062025 before laser\Analysis\2025-06-04_094509_tube4_segmentationDebug2\16_0223_0_segmented.tiff;1053.0;(73. 73);132.568541526794;0.920454545454545;36.6158605061539;0.752934640818248;0.927796073690363;628.939300976801;0.978107562459729;0.948465203822435;0.912004099013838;;;;;;;;;;;;;;;;;;;;;;;;;;;;;;;;;;;;;;;;;;;;;;
2;Tube 4;1603240.0;;;;;;;;;;;;;;;;;;;;;;;;;;;;;;;;;;;;;;;;;;1603240.0;0.0;324.0;False;G:\Experiments\PTT\Spheroids\02062025_mcf7\04062025 after laser\Analysis\2025-06-04_160218_tube4_cropped_8bits2\16_0324_0_8bits.tiff;G:\Experiments\PTT\Spheroids\02062025_mcf7\04062025 after laser\Analysis\2025-06-04_160218_tube4_segmentationDebug2\16_0324_0_segmented.tiff;1267.0;(78. 74);145.053822398185;0.945875326614408;40.1645926554652;0.75670764843845;0.809678652601859;534.754627601314;0.978129755228215;0.938390021216915;0.914895135660711;55.452943602304394;42.0;Alive;;;;;;;;;;;;;;;;;;;;;;
2;Tube 4;1705240.0;;;;;;;;;;;;;;;;;;;;;;;;;;;;;;;;;;;;;;;;;;1705240.0;0.0;524.0;False;G:\Experiments\PTT\Spheroids\02062025_mcf7\04062025 after laser\Analysis\2025-06-04_160218_tube4_cropped_8bits2\17_0524_0_8bits.tiff;G:\Experiments\PTT\Spheroids\02062025_mcf7\04062025 after laser\Analysis\2025-06-04_160218_tube4_segmentationDebug2\17_0524_0_segmented.tiff;1519.5;(76. 76);175.296462893486;0.887040280210157;43.9850825647182;0.621390003492284;0.706037009295758;731.353482413231;0.968148851400046;0.926220119595226;0.905195333787562;33.65116656877569;46.0;Dead;;;;;;;;;;;;;;;;;;;;;;
2;Tube 4;1807240.0;;;;;;;;;;;;;;;;;;;;;1807240.0;0.0;724.0;False;G:\Experiments\PTT\Spheroids\02062025_mcf7\04062025 before laser\Analysis\2025-06-04_094509_tube4_cropped_8bits2\18_0724_0_8bits.tiff;G:\Experiments\PTT\Spheroids\02062025_mcf7\04062025 before laser\Analysis\2025-06-04_094509_tube4_segmentationDebug2\18_0724_0_segmented.tiff;1418.5;(73. 74);165.639608740806;0.899492707672796;42.4981210667816;0.64969692639102;0.813536809470343;323.777906345401;0.972397034818937;0.931045982496866;0.939101801438157;;;;;;;;;;;;;;;;;;;;;;;;;;;;;;;;;;;;;;;;;;;;;;
2;Tube 4;1808240.0;;;;;;;;;;;;;;;;;;;;;;;;;;;;;;;;;;;;;;;;;;1808240.0;0.0;824.0;False;G:\Experiments\PTT\Spheroids\02062025_mcf7\04062025 after laser\Analysis\2025-06-04_160218_tube4_cropped_8bits2\18_0824_0_8bits.tiff;G:\Experiments\PTT\Spheroids\02062025_mcf7\04062025 after laser\Analysis\2025-06-04_160218_tube4_segmentationDebug2\18_0824_0_segmented.tiff;1365.0;(75. 71);170.225395321846;0.87220447284345;41.6889910955338;0.591961977804601;0.716662241307404;310.227295557329;0.968192630445137;0.932964448756127;0.907709172284039;80.33391234800864;46.0;Alive;;;;;;;;;;;;;;;;;;;;;;
2;Tube 4;1910240.0;;;;;;;;;;;;;;;;;;;;;1910240.0;0.0;1024.0;False;G:\Experiments\PTT\Spheroids\02062025_mcf7\04062025 before laser\Analysis\2025-06-04_094509_tube4_cropped_8bits2\19_1024_0_8bits.tiff;G:\Experiments\PTT\Spheroids\02062025_mcf7\04062025 before laser\Analysis\2025-06-04_094509_tube4_segmentationDebug2\19_1024_0_segmented.tiff;1754.5;(78. 68);193.639608979225;0.889254941713127;47.2641384269071;0.587996637574859;0.663191711537024;600.197413016646;0.966531618913158;0.915120658031995;0.912398313134374;;;;;;;;;;;;;;;;;;;;;;;;;;;;;;;;;;;;;;;;;;;;;;
2;Tube 4;1911240.0;;;;;;;;;;;;;;;;;;;;;;;;;;;;;;;;;;;;;;;;;;1911240.0;0.0;1124.0;False;G:\Experiments\PTT\Spheroids\02062025_mcf7\04062025 after laser\Analysis\2025-06-04_160218_tube4_cropped_8bits2\19_1124_0_8bits.tiff;G:\Experiments\PTT\Spheroids\02062025_mcf7\04062025 after laser\Analysis\2025-06-04_160218_tube4_segmentationDebug2\19_1124_0_segmented.tiff;1528.5;(77. 78);177.982754826545;0.867234042553191;44.1151520923105;0.606344521638028;0.887272008749405;692.468326660166;0.96630118964396;0.925771789375077;0.906260000672978;16.6606265855213;53.0;Dead;;;;;;;;;;;;;;;;;;;;;;
2;Tube 4;2012240.0;;;;;;;;;;;;;;;;;;;;;2012240.0;0.0;1224.0;False;G:\Experiments\PTT\Spheroids\02062025_mcf7\04062025 before laser\Analysis\2025-06-04_094509_tube4_cropped_8bits2\20_1224_0_8bits.tiff;G:\Experiments\PTT\Spheroids\02062025_mcf7\04062025 before laser\Analysis\2025-06-04_094509_tube4_segmentationDebug2\20_1224_0_segmented.tiff;1253.5;(74. 74);147.154327988624;0.91563184806428;39.9500409176952;0.727424832644145;0.889237367737956;501.351501439736;0.975558482446125;0.939133934421591;0.930903137063466;;;;;;;;;;;;;;;;;;;;;;;;;;;;;;;;;;;;;;;;;;;;;;
2;Tube 4;2014240.0;;;;;;;;;;;;;;;;;;;;;;;;;;;;;;;;;;;;;;;;;;2014240.0;0.0;1424.0;False;G:\Experiments\PTT\Spheroids\02062025_mcf7\04062025 after laser\Analysis\2025-06-04_160218_tube4_cropped_8bits2\20_1424_0_8bits.tiff;G:\Experiments\PTT\Spheroids\02062025_mcf7\04062025 after laser\Analysis\2025-06-04_160218_tube4_segmentationDebug2\20_1424_0_segmented.tiff;1424.0;(76. 72);163.053822517395;0.907873764743385;42.5804310887392;0.67306635884125;0.898006040436421;745.914754199843;0.964852346062379;0.930909313253861;0.895464679193797;73.32325264618038;51.0;Alive;;;;;;;;;;;;;;;;;;;;;;
2;Tube 4;213050.0;;;;;;;;;;;;;;;;;;;;;213050.0;0.0;1305.0;False;G:\Experiments\PTT\Spheroids\02062025_mcf7\04062025 before laser\Analysis\2025-06-04_094509_tube4_cropped_8bits2\2_1305_0_8bits.tiff;G:\Experiments\PTT\Spheroids\02062025_mcf7\04062025 before laser\Analysis\2025-06-04_094509_tube4_segmentationDebug2\2_1305_0_segmented.tiff;2109.5;(76. 74);198.610171675682;0.919572798605056;51.8256579275056;0.672026532831146;0.84464475846556;416.544216251728;0.955408350951122;0.899242247100923;0.937582295478902;;;;;;;;;;;;;;;;;;;;;;;;;;;;;;;;;;;;;;;;;;;;;;
2;Tube 4;214050.0;;;;;;;;;;;;;;;;;;;;;;;;;;;;;;;;;;;;;;;;;;214050.0;0.0;1405.0;False;G:\Experiments\PTT\Spheroids\02062025_mcf7\04062025 after laser\Analysis\2025-06-04_160218_tube4_cropped_8bits2\2_1405_0_8bits.tiff;G:\Experiments\PTT\Spheroids\02062025_mcf7\04062025 after laser\Analysis\2025-06-04_160218_tube4_segmentationDebug2\2_1405_0_segmented.tiff;2139.5;(74. 70);204.752306938171;0.895001045806316;52.1928731337994;0.641304884236021;0.832154974952446;408.24300710183;0.952963323152353;0.897367031123309;0.917558351484978;102.05321103210407;37.0;Alive;;;;;;;;;;;;;;;;;;;;;;
2;Tube 4;315030.0;;;;;;;;;;;;;;;;;;;;;;;;;;;;;;;;;;;;;;;;;;315030.0;0.0;1503.0;False;G:\Experiments\PTT\Spheroids\02062025_mcf7\04062025 after laser\Analysis\2025-06-04_160218_tube4_cropped_8bits2\3_1503_0_8bits.tiff;G:\Experiments\PTT\Spheroids\02062025_mcf7\04062025 after laser\Analysis\2025-06-04_160218_tube4_segmentationDebug2\3_1503_0_segmented.tiff;2475.5;(75. 75);199.781744122505;0.95671497584541;56.1418248099569;0.779401422628411;0.902751816368855;289.915283360561;0.953128343235883;0.88288014921436;0.932832062291785;85.00768548256083;37.0;Alive;;;;;;;;;;;;;;;;;;;;;;
2;Tube 4;315040.0;;;;;;;;;;;;;;;;;;;;;315040.0;0.0;1504.0;False;G:\Experiments\PTT\Spheroids\02062025_mcf7\04062025 before laser\Analysis\2025-06-04_094509_tube4_cropped_8bits2\3_1504_0_8bits.tiff;G:\Experiments\PTT\Spheroids\02062025_mcf7\04062025 before laser\Analysis\2025-06-04_094509_tube4_segmentationDebug2\3_1504_0_segmented.tiff;2297.5;(74. 73);191.781744122505;0.948400412796697;54.0857453866454;0.784966018278976;0.949797050268152;469.08281593815;0.95832716898964;0.891171722297046;0.934399401894002;;;;;;;;;;;;;;;;;;;;;;;;;;;;;;;;;;;;;;;;;;;;;;
2;Tube 4;414010.0;;;;;;;;;;;;;;;;;;;;;414010.0;0.0;1401.0;False;G:\Experiments\PTT\Spheroids\02062025_mcf7\04062025 before laser\Analysis\2025-06-04_094509_tube4_cropped_8bits2\4_1401_0_8bits.tiff;G:\Experiments\PTT\Spheroids\02062025_mcf7\04062025 before laser\Analysis\2025-06-04_094509_tube4_segmentationDebug2\4_1401_0_segmented.tiff;1979.0;(73. 72);184.367530703544;0.925631431244153;50.1970224120005;0.731622040050579;0.911605085591593;434.537239997009;0.958967548357451;0.90560321328207;0.932162083487839;;;;;;;;;;;;;;;;;;;;;;;;;;;;;;;;;;;;;;;;;;;;;;
2;Tube 4;510010.0;;;;;;;;;;;;;;;;;;;;;;;;;;;;;;;;;;;;;;;;;;510010.0;0.0;1001.0;False;G:\Experiments\PTT\Spheroids\02062025_mcf7\04062025 after laser\Analysis\2025-06-04_160218_tube4_cropped_8bits2\5_1001_0_8bits.tiff;G:\Experiments\PTT\Spheroids\02062025_mcf7\04062025 after laser\Analysis\2025-06-04_160218_tube4_segmentationDebug2\5_1001_0_segmented.tiff;2134.0;(76. 74);185.823374509811;0.950768545333036;52.1257440087413;0.776611100969578;0.908198470510931;504.487476710704;0.952465068182792;0.898488112469095;0.921616794336536;67.32982592069581;37.0;Alive;;;;;;;;;;;;;;;;;;;;;;
2;Tube 4;511010.0;;;;;;;;;;;;;;;;;;;;;511010.0;0.0;1101.0;False;G:\Experiments\PTT\Spheroids\02062025_mcf7\04062025 before laser\Analysis\2025-06-04_094509_tube4_cropped_8bits2\5_1101_0_8bits.tiff;G:\Experiments\PTT\Spheroids\02062025_mcf7\04062025 before laser\Analysis\2025-06-04_094509_tube4_segmentationDebug2\5_1101_0_segmented.tiff;2167.5;(78. 75);192.953317523002;0.93648736228127;52.5332914751537;0.731584457346819;0.888458281598102;373.959888906013;0.952927454898141;0.89682690529759;0.935294436974041;;;;;;;;;;;;;;;;;;;;;;;;;;;;;;;;;;;;;;;;;;;;;;
2;Tube 4;607010.0;;;;;;;;;;;;;;;;;;;;;;;;;;;;;;;;;;;;;;;;;;607010.0;0.0;701.0;False;G:\Experiments\PTT\Spheroids\02062025_mcf7\04062025 after laser\Analysis\2025-06-04_160218_tube4_cropped_8bits2\6_0701_0_8bits.tiff;G:\Experiments\PTT\Spheroids\02062025_mcf7\04062025 after laser\Analysis\2025-06-04_160218_tube4_segmentationDebug2\6_0701_0_segmented.tiff;2303.5;(75. 75);198.953317284584;0.936001625355546;54.156322726875;0.731300231573643;0.876044310097161;457.923766867095;0.948325492871911;0.890599108615945;0.924347893213598;70.57397433173792;37.0;Alive;;;;;;;;;;;;;;;;;;;;;;
2;Tube 4;608010.0;;;;;;;;;;;;;;;;;;;;;608010.0;0.0;801.0;False;G:\Experiments\PTT\Spheroids\02062025_mcf7\04062025 before laser\Analysis\2025-06-04_094509_tube4_cropped_8bits2\6_0801_0_8bits.tiff;G:\Experiments\PTT\Spheroids\02062025_mcf7\04062025 before laser\Analysis\2025-06-04_094509_tube4_segmentationDebug2\6_0801_0_segmented.tiff;2435.5;(73. 80);215.296462893486;0.916807829851308;55.6863979011256;0.66027401836354;0.895675269486727;157.927956320052;0.942830751920764;0.883934720589536;0.934898941540515;;;;;;;;;;;;;;;;;;;;;;;;;;;;;;;;;;;;;;;;;;;;;;
2;Tube 4;704010.0;;;;;;;;;;;;;;;;;;;;;;;;;;;;;;;;;;;;;;;;;;704010.0;1.0;401.0;False;G:\Experiments\PTT\Spheroids\02062025_mcf7\04062025 after laser\Analysis\2025-06-04_160218_tube4_cropped_8bits2\7_0401_0_8bits.tiff;G:\Experiments\PTT\Spheroids\02062025_mcf7\04062025 after laser\Analysis\2025-06-04_160218_tube4_segmentationDebug2\7_0401_0_segmented.tiff;1938.0;(77. 68);187.539103627204;0.927272727272727;49.6743217135045;0.692436519808076;0.908037236727447;461.479373516232;0.957955893065274;0.907013259420936;0.915065812401854;72.49846915184763;43.0;Alive;;;;;;;;;;;;;;;;;;;;;;
2;Tube 4;706010.0;;;;;;;;;;;;;;;;;;;;;706010.0;0.0;601.0;True;G:\Experiments\PTT\Spheroids\02062025_mcf7\04062025 before laser\Analysis\2025-06-04_094509_tube4_cropped_8bits2\7_0601_0_8bits.tiff;G:\Experiments\PTT\Spheroids\02062025_mcf7\04062025 before laser\Analysis\2025-06-04_094509_tube4_segmentationDebug2\7_0601_0_segmented.tiff;1787.5;(75. 73);170.953317642211;0.952317527970165;47.706558104878;0.768600827331317;0.844720875494519;425.397577559289;0.960212245232094;0.91427380321259;0.928838260815789;;;;;;;;;;;;;;;;;;;;;;;;;;;;;;;;;;;;;;;;;;;;;;
2;Tube 4;802020.0;;;;;;;;;;;;;;;;;;;;;;;;;;;;;;;;;;;;;;;;;;802020.0;0.0;202.0;False;G:\Experiments\PTT\Spheroids\02062025_mcf7\04062025 after laser\Analysis\2025-06-04_160218_tube4_cropped_8bits2\8_0202_0_8bits.tiff;G:\Experiments\PTT\Spheroids\02062025_mcf7\04062025 after laser\Analysis\2025-06-04_160218_tube4_segmentationDebug2\8_0202_0_segmented.tiff;2057.5;(76. 74);186.610171794891;0.931838768115942;51.1829108520861;0.742470294295908;0.812107198960977;334.065828757721;0.956112100861899;0.9019838268821;0.930504127515857;63.095937316454425;44.0;Alive;;;;;;;;;;;;;;;;;;;;;;
2;Tube 4;803010.0;;;;;;;;;;;;;;;;;;;;;803010.0;0.0;301.0;False;G:\Experiments\PTT\Spheroids\02062025_mcf7\04062025 before laser\Analysis\2025-06-04_094509_tube4_cropped_8bits2\8_0301_0_8bits.tiff;G:\Experiments\PTT\Spheroids\02062025_mcf7\04062025 before laser\Analysis\2025-06-04_094509_tube4_segmentationDebug2\8_0301_0_segmented.tiff;1884.5;(74. 77);193.781744480133;0.907536720443053;48.9838741021309;0.630638213604535;0.70882981319792;417.501473779817;0.967543036273237;0.909263788131788;0.927208215444939;;;;;;;;;;;;;;;;;;;;;;;;;;;;;;;;;;;;;;;;;;;;;;
2;Tube 4;902040.0;;;;;;;;;;;;;;;;;;;;;902040.0;0.0;204.0;True;G:\Experiments\PTT\Spheroids\02062025_mcf7\04062025 before laser\Analysis\2025-06-04_094509_tube4_cropped_8bits2\9_0204_0_8bits.tiff;G:\Experiments\PTT\Spheroids\02062025_mcf7\04062025 before laser\Analysis\2025-06-04_094509_tube4_segmentationDebug2\9_0204_0_segmented.tiff;1194.5;(73. 72);143.154328346252;0.934663536776212;38.9985209486994;0.73246529260917;0.844522450688545;312.109000121787;0.974658171378376;0.942039377345761;0.931103001057449;;;;;;;;;;;;;;;;;;;;;;;;;;;;;;;;;;;;;;;;;;;;;;
2;Tube 4;902041.0;;;;;;;;;;;;;;;;;;;;;902041.0;0.0;204.0;True;G:\Experiments\PTT\Spheroids\02062025_mcf7\04062025 before laser\Analysis\2025-06-04_094509_tube4_cropped_8bits2\9_0204_1_8bits.tiff;G:\Experiments\PTT\Spheroids\02062025_mcf7\04062025 before laser\Analysis\2025-06-04_094509_tube4_segmentationDebug2\9_0204_1_segmented.tiff;576.5;(78. 69);102.669046163558;0.886923076923076;27.0928514102857;0.68727432681664;0.895469420747415;415.165984093797;0.989654911700549;0.970732186823173;0.915530586730156;;;;;;;;;;;;;;;;;;;;;;;;;;;;;;;;;;;;;;;;;;;;;;
2;Tube 4;902050.0;;;;;;;;;;;;;;;;;;;;;;;;;;;;;;;;;;;;;;;;;;902050.0;0.0;205.0;True;G:\Experiments\PTT\Spheroids\02062025_mcf7\04062025 after laser\Analysis\2025-06-04_160218_tube4_cropped_8bits2\9_0205_0_8bits.tiff;G:\Experiments\PTT\Spheroids\02062025_mcf7\04062025 after laser\Analysis\2025-06-04_160218_tube4_segmentationDebug2\9_0205_0_segmented.tiff;1480.5;(78. 76);176.811181902885;0.873709058719386;43.4169453782783;0.595112155827768;0.811024818811706;343.620817297073;0.964246976121601;0.928141286209186;0.915775438682204;47.94741380387648;50.0;Dead;;;;;;;;;;;;;;;;;;;;;;
2;Tube 4;902051.0;;;;;;;;;;;;;;;;;;;;;;;;;;;;;;;;;;;;;;;;;;902051.0;0.0;205.0;True;G:\Experiments\PTT\Spheroids\02062025_mcf7\04062025 after laser\Analysis\2025-06-04_160218_tube4_cropped_8bits2\9_0205_1_8bits.tiff;G:\Experiments\PTT\Spheroids\02062025_mcf7\04062025 after laser\Analysis\2025-06-04_160218_tube4_segmentationDebug2\9_0205_1_segmented.tiff;593.5;(75. 74);99.4974734783172;0.936119873817034;27.4894101391848;0.753366806992773;0.673426508226305;501.581420972644;0.984213156056265;0.97025823366421;0.90362122038998;47.94741380387648;50.0;Dead;;;;;;;;;;;;;;;;;;;;;;
3;Tube 6;1002040.0;;;;;;;;;;;;;;;;;;;;;1002040.0;0.0;204.0;False;G:\Experiments\PTT\Spheroids\05052025\06052025\Analysis\2025-05-06_110808_tube6_cropped_8bits2\10_0204_0_8bits.tiff;G:\Experiments\PTT\Spheroids\05052025\06052025\Analysis\2025-05-06_110808_tube6_segmentationDebug2\10_0204_0_segmented.tiff;1142.5;(77. 67);159.982755064964;0.848811292719167;38.1402173546497;0.560944287632148;0.860126320627537;909.400005770207;0.974352477497494;0.943637533411909;0.889529381623234;;;;;;;;;;;;;;;;;;;;;;;;;;;;;;;;;;;;;;;;;;;;;;
3;Tube 6;1002050.0;;;;;;;;;;;;;;;;;;;;;;;;;;;;;;;;;;;;;;;;;;1002050.0;0.0;205.0;False;G:\Experiments\PTT\Spheroids\05052025\07052025 after laser\Analysis\2025-05-07_153210_tube6_cropped_8bits2\10_0205_0_8bits.tiff;G:\Experiments\PTT\Spheroids\05052025\07052025 after laser\Analysis\2025-05-07_153210_tube6_segmentationDebug2\10_0205_0_segmented.tiff;1186.5;(73. 81);169.982754826545;0.83556338028169;38.8677079312412;0.516021598627879;0.651424368796065;1136.66995762588;0.973822043003251;0.940910760365358;0.851932562926761;54.94376816553282;45.0;Alive;;;;;;;;;;;;;;;;;;;;;;
3;Tube 6;106050.0;;;;;;;;;;;;;;;;;;;;;106050.0;0.0;605.0;False;G:\Experiments\PTT\Spheroids\05052025\06052025\Analysis\2025-05-06_110808_tube6_cropped_8bits2\1_0605_0_8bits.tiff;G:\Experiments\PTT\Spheroids\05052025\06052025\Analysis\2025-05-06_110808_tube6_segmentationDebug2\1_0605_0_segmented.tiff;1610.5;(71. 76);170.953317165374;0.912206173888416;45.2830242673342;0.692493224795755;0.955928145839868;483.1323834448;0.960513927331995;0.922308168673514;0.911476318522934;;;;;106050.0;0.0;605.0;False;G:\Experiments\PTT\Spheroids\05052025\07052025 after laser\Analysis\2025-05-07_153210_tube6_cropped_8bits2\1_0605_0_8bits.tiff;G:\Experiments\PTT\Spheroids\05052025\07052025 after laser\Analysis\2025-05-07_153210_tube6_segmentationDebug2\1_0605_0_segmented.tiff;2089.5;(73. 75);236.610171437263;0.806445387881127;51.5793953892843;0.469013581557294;0.811783546200799;355.192492149604;0.954181469106382;0.898966917717659;0.911133878400343;113.70497707887371;37.0;Alive;;0.0;0.0;0.0;;;;479.0;;65.65685427188902;-0.105760786007289;6.296371121950102;-0.22347964323846103;-0.144144599639069;-127.93989129519599;-0.0063324582256130135;-0.02334125095585493;-0.0003424401225909923;;;;
3;Tube 6;1102070.0;;;;;;;;;;;;;;;;;;;;;1102070.0;0.0;207.0;False;G:\Experiments\PTT\Spheroids\05052025\06052025\Analysis\2025-05-06_110808_tube6_cropped_8bits2\11_0207_0_8bits.tiff;G:\Experiments\PTT\Spheroids\05052025\06052025\Analysis\2025-05-06_110808_tube6_segmentationDebug2\11_0207_0_segmented.tiff;1147.0;(78. 70);154.568541526794;0.868939393939393;38.2152555638613;0.603296858478221;0.843617596357431;620.535654218221;0.973142861832952;0.943592660308833;0.902120235298154;;;;;;;;;;;;;;;;;;;;;;;;;;;;;;;;;;;;;;;;;;;;;;
3;Tube 6;1102080.0;;;;;;;;;;;;;;;;;;;;;;;;;;;;;;;;;;;;;;;;;;1102080.0;0.0;208.0;False;G:\Experiments\PTT\Spheroids\05052025\07052025 after laser\Analysis\2025-05-07_153210_tube6_cropped_8bits2\11_0208_0_8bits.tiff;G:\Experiments\PTT\Spheroids\05052025\07052025 after laser\Analysis\2025-05-07_153210_tube6_segmentationDebug2\11_0208_0_segmented.tiff;1152.0;(75. 76);146.426406025886;0.894757281553398;38.2984589185375;0.675186168900318;0.872496481253811;1037.02759664985;0.977279207380115;0.943607156986271;0.887150042208015;56.824843450868435;40.0;Alive;;;;;;;;;;;;;;;;;;;;;;
3;Tube 6;1202100.0;;;;;;;;;;;;;;;;;;;;;1202100.0;0.0;210.0;False;G:\Experiments\PTT\Spheroids\05052025\06052025\Analysis\2025-05-06_110808_tube6_cropped_8bits2\12_0210_0_8bits.tiff;G:\Experiments\PTT\Spheroids\05052025\06052025\Analysis\2025-05-06_110808_tube6_segmentationDebug2\12_0210_0_segmented.tiff;896.0;(79. 77);130.911686897277;0.896448224112056;33.776065965158;0.656993443409896;0.873209110909577;615.428602254169;0.980011203441583;0.95552270018414;0.906674962348471;;;;;;;;;;;;;;;;;;;;;;;;;;;;;;;;;;;;;;;;;;;;;;
3;Tube 6;1302130.0;;;;;;;;;;;;;;;;;;;;;1302130.0;0.0;213.0;False;G:\Experiments\PTT\Spheroids\05052025\06052025\Analysis\2025-05-06_110808_tube6_cropped_8bits2\13_0213_0_8bits.tiff;G:\Experiments\PTT\Spheroids\05052025\06052025\Analysis\2025-05-06_110808_tube6_segmentationDebug2\13_0213_0_segmented.tiff;936.5;(76. 72);142.669046759605;0.876052385406922;34.5309836761781;0.578173425911579;0.877186924118257;779.780630040741;0.979769525205609;0.953433129364205;0.902239520416412;;;;;;;;;;;;;;;;;;;;;;;;;;;;;;;;;;;;;;;;;;;;;;
3;Tube 6;1302140.0;;;;;;;;;;;;;;;;;;;;;;;;;;;;;;;;;;;;;;;;;;1302140.0;0.0;214.0;False;G:\Experiments\PTT\Spheroids\05052025\07052025 after laser\Analysis\2025-05-07_153210_tube6_cropped_8bits2\13_0214_0_8bits.tiff;G:\Experiments\PTT\Spheroids\05052025\07052025 after laser\Analysis\2025-05-07_153210_tube6_segmentationDebug2\13_0214_0_segmented.tiff;835.5;(86. 75);152.325900793075;0.794201520912547;32.6158188556753;0.452489814955394;0.760763656954273;1022.48126130198;0.984333935174203;0.957350026225749;0.82292632353227;52.55510113653523;41.0;Alive;;;;;;;;;;;;;;;;;;;;;;
3;Tube 6;1402160.0;;;;;;;;;;;;;;;;;;;;;1402160.0;0.0;216.0;False;G:\Experiments\PTT\Spheroids\05052025\06052025\Analysis\2025-05-06_110808_tube6_cropped_8bits2\14_0216_0_8bits.tiff;G:\Experiments\PTT\Spheroids\05052025\06052025\Analysis\2025-05-06_110808_tube6_segmentationDebug2\14_0216_0_segmented.tiff;925.0;(73. 69);133.597978949546;0.896317829457364;34.3183125878884;0.651256124166497;0.699310625514366;519.855592638947;0.978935538323267;0.954447569280362;0.916509971579205;;;;;;;;;;;;;;;;;;;;;;;;;;;;;;;;;;;;;;;;;;;;;;
3;Tube 6;1402170.0;;;;;;;;;;;;;;;;;;;;;;;;;;;;;;;;;;;;;;;;;;1402170.0;0.0;217.0;False;G:\Experiments\PTT\Spheroids\05052025\07052025 after laser\Analysis\2025-05-07_153210_tube6_cropped_8bits2\14_0217_0_8bits.tiff;G:\Experiments\PTT\Spheroids\05052025\07052025 after laser\Analysis\2025-05-07_153210_tube6_segmentationDebug2\14_0217_0_segmented.tiff;938.5;(74. 74);141.982754707336;0.841704035874439;34.5678363906963;0.585023006010165;0.801293486755234;1018.15666249029;0.97858267124852;0.953373805566604;0.853079470896226;11.410311562051636;53.0;Dead;;;;;;;;;;;;;;;;;;;;;;
3;Tube 6;1502190.0;;;;;;;;;;;;;;;;;;;;;1502190.0;0.0;219.0;False;G:\Experiments\PTT\Spheroids\05052025\06052025\Analysis\2025-05-06_110808_tube6_cropped_8bits2\15_0219_0_8bits.tiff;G:\Experiments\PTT\Spheroids\05052025\06052025\Analysis\2025-05-06_110808_tube6_segmentationDebug2\15_0219_0_segmented.tiff;710.5;(69. 78);109.355338215827;0.919741100323624;30.0771789989409;0.746610288024428;0.83426012146958;988.294218746139;0.982590166164487;0.964536694033773;0.89387213295332;;;;;;;;;;;;;;;;;;;;;;;;;;;;;;;;;;;;;;;;;;;;;;
3;Tube 6;1502200.0;;;;;;;;;;;;;;;;;;;;;;;;;;;;;;;;;;;;;;;;;;1502200.0;0.0;220.0;False;G:\Experiments\PTT\Spheroids\05052025\07052025 after laser\Analysis\2025-05-07_153210_tube6_cropped_8bits2\15_0220_0_8bits.tiff;G:\Experiments\PTT\Spheroids\05052025\07052025 after laser\Analysis\2025-05-07_153210_tube6_segmentationDebug2\15_0220_0_segmented.tiff;693.5;(84. 49);115.012192606925;0.895994832041343;29.7151749830593;0.658822713561455;0.973657968679535;734.962515981735;0.984142457523271;0.965167635636141;0.873882885291679;61.24387745451399;44.0;Alive;;;;;;;;;;;;;;;;;;;;;;
3;Tube 6;1602230.0;;;;;;;;;;;;;;;;;;;;;1602230.0;0.0;223.0;False;G:\Experiments\PTT\Spheroids\05052025\06052025\Analysis\2025-05-06_110808_tube6_cropped_8bits2\16_0223_0_8bits.tiff;G:\Experiments\PTT\Spheroids\05052025\06052025\Analysis\2025-05-06_110808_tube6_segmentationDebug2\16_0223_0_segmented.tiff;993.0;(71. 72);141.254833102226;0.889386475593372;35.5573743114141;0.625392228067813;0.822691129891637;650.649139323725;0.976135331201344;0.950201586995276;0.876838050369219;;;;;;;;;;;;;;;;;;;;;;;;;;;;;;;;;;;;;;;;;;;;;;
3;Tube 6;1603240.0;;;;;;;;;;;;;;;;;;;;;;;;;;;;;;;;;;;;;;;;;;1603240.0;0.0;324.0;False;G:\Experiments\PTT\Spheroids\05052025\07052025 after laser\Analysis\2025-05-07_153210_tube6_cropped_8bits2\16_0324_0_8bits.tiff;G:\Experiments\PTT\Spheroids\05052025\07052025 after laser\Analysis\2025-05-07_153210_tube6_segmentationDebug2\16_0324_0_segmented.tiff;1115.0;(75. 75);154.083260059356;0.874852883483719;37.6784035274811;0.5901654951039;0.874175470819696;880.708021322025;0.976636230120004;0.945119725213008;0.864293919708187;37.59607386743779;50.0;Dead;;;;;;;;;;;;;;;;;;;;;;
3;Tube 6;1704240.0;;;;;;;;;;;;;;;;;;;;;1704240.0;0.0;424.0;False;G:\Experiments\PTT\Spheroids\05052025\06052025\Analysis\2025-05-06_110808_tube6_cropped_8bits2\17_0424_0_8bits.tiff;G:\Experiments\PTT\Spheroids\05052025\06052025\Analysis\2025-05-06_110808_tube6_segmentationDebug2\17_0424_0_segmented.tiff;933.5;(75. 68);133.497473835945;0.893301435406698;34.4756307412971;0.658230634825672;0.803117493107713;519.665395044413;0.981030551618155;0.953920530747675;0.925177225888173;;;;;;;;;;;;;;;;;;;;;;;;;;;;;;;;;;;;;;;;;;;;;;
3;Tube 6;1705240.0;;;;;;;;;;;;;;;;;;;;;;;;;;;;;;;;;;;;;;;;;;1705240.0;0.0;524.0;False;G:\Experiments\PTT\Spheroids\05052025\07052025 after laser\Analysis\2025-05-07_153210_tube6_cropped_8bits2\17_0524_0_8bits.tiff;G:\Experiments\PTT\Spheroids\05052025\07052025 after laser\Analysis\2025-05-07_153210_tube6_segmentationDebug2\17_0524_0_segmented.tiff;851.5;(74. 71);134.325900793075;0.869765066394279;32.9266377321157;0.593027718492698;0.912865181705389;1023.27461497939;0.981960340224216;0.957572092230024;0.874587499002639;79.7261885913829;42.0;Alive;;;;;;;;;;;;;;;;;;;;;;
3;Tube 6;1807240.0;;;;;;;;;;;;;;;;;;;;;1807240.0;0.0;724.0;False;G:\Experiments\PTT\Spheroids\05052025\06052025\Analysis\2025-05-06_110808_tube6_cropped_8bits2\18_0724_0_8bits.tiff;G:\Experiments\PTT\Spheroids\05052025\06052025\Analysis\2025-05-06_110808_tube6_segmentationDebug2\18_0724_0_segmented.tiff;816.5;(71. 72);127.840619564056;0.886055344546934;32.2428300289577;0.627810130976518;0.810686754277188;751.111410736579;0.984476422901689;0.959371838538099;0.919148009827311;;;;;1807240.0;0.0;724.0;False;G:\Experiments\PTT\Spheroids\05052025\07052025 after laser\Analysis\2025-05-07_153210_tube6_cropped_8bits2\18_0724_0_8bits.tiff;G:\Experiments\PTT\Spheroids\05052025\07052025 after laser\Analysis\2025-05-07_153210_tube6_segmentationDebug2\18_0724_0_segmented.tiff;809.5;(76. 74);117.154327511787;0.919363997728563;32.1043207600334;0.741156712420975;0.906739158581806;903.348715665976;0.987787491150266;0.955135888772942;0.892746877312386;58.85521042551639;41.0;Alive;;0.0;0.0;0.0;;;;-7.0;;-10.686292052268996;0.03330865318162901;-0.13850926892429527;0.11334658144445697;0.09605240430461803;152.23730492939694;0.003311068248576965;-0.0042359497651570654;-0.02640113251492504;;;;
3;Tube 6;1910240.0;;;;;;;;;;;;;;;;;;;;;1910240.0;0.0;1024.0;False;G:\Experiments\PTT\Spheroids\05052025\06052025\Analysis\2025-05-06_110808_tube6_cropped_8bits2\19_1024_0_8bits.tiff;G:\Experiments\PTT\Spheroids\05052025\06052025\Analysis\2025-05-06_110808_tube6_segmentationDebug2\19_1024_0_segmented.tiff;987.0;(72. 73);173.396968364715;0.764227642276422;35.4497874556901;0.412519057189971;0.940546165577047;522.706078734718;0.978610386471752;0.949943224347464;0.911089115102715;;;;;1910240.0;0.0;1024.0;False;G:\Experiments\PTT\Spheroids\05052025\07052025 after laser\Analysis\2025-05-07_153210_tube6_cropped_8bits2\19_1024_0_8bits.tiff;G:\Experiments\PTT\Spheroids\05052025\07052025 after laser\Analysis\2025-05-07_153210_tube6_segmentationDebug2\19_1024_0_segmented.tiff;1059.5;(78. 76);226.468036055564;0.714912280701754;36.7286985564;0.259595402845491;0.637281078368877;792.430742731513;0.974309255701454;0.945098726102192;0.875536717801404;53.510567948134266;42.0;Alive;;0.0;0.0;0.0;;;;72.5;;53.07106769084899;-0.04931536157466798;1.278911100709898;-0.15292365434448002;-0.3032650872081699;269.724663996795;-0.004301130770298034;-0.004844498245272;-0.03555239730131099;;;;
3;Tube 6;2013240.0;;;;;;;;;;;;;;;;;;;;;2013240.0;0.0;1324.0;False;G:\Experiments\PTT\Spheroids\05052025\06052025\Analysis\2025-05-06_110808_tube6_cropped_8bits2\20_1324_0_8bits.tiff;G:\Experiments\PTT\Spheroids\05052025\06052025\Analysis\2025-05-06_110808_tube6_segmentationDebug2\20_1324_0_segmented.tiff;822.5;(80. 78);141.639608860015;0.832068791097622;32.3610804137419;0.515200567924285;0.75375309925522;476.675362368645;0.986787404289843;0.958453147512364;0.925128482137698;;;;;2013240.0;0.0;1324.0;False;G:\Experiments\PTT\Spheroids\05052025\07052025 after laser\Analysis\2025-05-07_153210_tube6_cropped_8bits2\20_1324_0_8bits.tiff;G:\Experiments\PTT\Spheroids\05052025\07052025 after laser\Analysis\2025-05-07_153210_tube6_segmentationDebug2\20_1324_0_segmented.tiff;797.0;(75. 71);191.053822517395;0.648494711147274;31.8554848833591;0.274382698423497;0.755515284513122;965.618945083777;0.980197737034073;0.958018530889553;0.828426245341606;44.76207495443057;49.0;Dead;;0.0;0.0;0.0;;;;-25.5;;49.41421365738;-0.18357407995034802;-0.5055955303828021;-0.24081786950078804;0.0017621852579019492;488.94358271513204;-0.0065896672557700375;-0.00043461662281096825;-0.09670223679609202;;;;
3;Tube 6;209050.0;;;;;;;;;;;;;;;;;;;;;209050.0;0.0;905.0;False;G:\Experiments\PTT\Spheroids\05052025\06052025\Analysis\2025-05-06_110808_tube6_cropped_8bits2\2_0905_0_8bits.tiff;G:\Experiments\PTT\Spheroids\05052025\06052025\Analysis\2025-05-06_110808_tube6_segmentationDebug2\2_0905_0_segmented.tiff;1485.0;(79. 79);159.882249593734;0.92841512972804;43.4828785147869;0.730021779531839;0.942739083698134;708.601271334029;0.969334310694325;0.928404920597819;0.912153046320867;;;;;;;;;;;;;;;;;;;;;;;;;;;;;;;;;;;;;;;;;;;;;;
3;Tube 6;210050.0;;;;;;;;;;;;;;;;;;;;;;;;;;;;;;;;;;;;;;;;;;210050.0;0.0;1005.0;False;G:\Experiments\PTT\Spheroids\05052025\07052025 after laser\Analysis\2025-05-07_153210_tube6_cropped_8bits2\2_1005_0_8bits.tiff;G:\Experiments\PTT\Spheroids\05052025\07052025 after laser\Analysis\2025-05-07_153210_tube6_segmentationDebug2\2_1005_0_segmented.tiff;1871.5;(80. 80);191.781744480133;0.905199516324062;48.8146269879414;0.63941845385427;0.770607561016848;484.104107587424;0.964169436015626;0.910248132015141;0.923378634865062;94.47620749544305;37.0;Alive;;;;;;;;;;;;;;;;;;;;;;
3;Tube 6;312050.0;;;;;;;;;;;;;;;;;;;;;312050.0;0.0;1205.0;False;G:\Experiments\PTT\Spheroids\05052025\06052025\Analysis\2025-05-06_110808_tube6_cropped_8bits2\3_1205_0_8bits.tiff;G:\Experiments\PTT\Spheroids\05052025\06052025\Analysis\2025-05-06_110808_tube6_segmentationDebug2\3_1205_0_segmented.tiff;1315.0;(71. 73);160.083260297775;0.891223314130803;40.9183333156024;0.644827833959643;0.83228320037006;824.187678721614;0.96994178999991;0.935732234695573;0.898290501510016;;;;;;;;;;;;;;;;;;;;;;;;;;;;;;;;;;;;;;;;;;;;;;
3;Tube 6;415040.0;;;;;;;;;;;;;;;;;;;;;415040.0;0.0;1504.0;False;G:\Experiments\PTT\Spheroids\05052025\06052025\Analysis\2025-05-06_110808_tube6_cropped_8bits2\4_1504_0_8bits.tiff;G:\Experiments\PTT\Spheroids\05052025\06052025\Analysis\2025-05-06_110808_tube6_segmentationDebug2\4_1504_0_segmented.tiff;1475.0;(74. 70);168.225395798683;0.898294762484774;43.336224206596;0.654966016442359;0.864283011525398;527.294433452672;0.963742830538655;0.928254831102456;0.910444866481298;;;;;415040.0;0.0;1504.0;False;G:\Experiments\PTT\Spheroids\05052025\07052025 after laser\Analysis\2025-05-07_153210_tube6_cropped_8bits2\4_1504_0_8bits.tiff;G:\Experiments\PTT\Spheroids\05052025\07052025 after laser\Analysis\2025-05-07_153210_tube6_segmentationDebug2\4_1504_0_segmented.tiff;1501.0;(76. 72);174.911687493324;0.888165680473372;43.7165021090146;0.616528130102896;0.855874142924989;1023.74137931034;0.969575205072733;0.92698689418481;0.873413359723659;95.13309092841739;37.0;Alive;;0.0;0.0;0.0;;;;26.0;;6.686291694641;-0.010129082011402057;0.38027790241859805;-0.03843788633946299;-0.008408868600409014;496.44694585766797;0.005832374534078033;-0.0012679369176460398;-0.037031506757639;;;;
3;Tube 6;514010.0;;;;;;;;;;;;;;;;;;;;;;;;;;;;;;;;;;;;;;;;;;514010.0;0.0;1401.0;False;G:\Experiments\PTT\Spheroids\05052025\07052025 after laser\Analysis\2025-05-07_153210_tube6_cropped_8bits2\5_1401_0_8bits.tiff;G:\Experiments\PTT\Spheroids\05052025\07052025 after laser\Analysis\2025-05-07_153210_tube6_segmentationDebug2\5_1401_0_segmented.tiff;1842.0;(80. 65);244.367530941963;0.788865096359743;48.4283722770254;0.387625632853251;0.587177072070968;853.560699758883;0.9555490878249;0.909517929914478;0.868737875763887;78.86029679337126;37.0;Alive;;;;;;;;;;;;;;;;;;;;;;
3;Tube 6;611010.0;;;;;;;;;;;;;;;;;;;;;;;;;;;;;;;;;;;;;;;;;;611010.0;0.0;1101.0;False;G:\Experiments\PTT\Spheroids\05052025\07052025 after laser\Analysis\2025-05-07_153210_tube6_cropped_8bits2\6_1101_0_8bits.tiff;G:\Experiments\PTT\Spheroids\05052025\07052025 after laser\Analysis\2025-05-07_153210_tube6_segmentationDebug2\6_1101_0_segmented.tiff;1371.5;(77. 75);169.982754945755;0.885695834678721;41.7881327125809;0.596480085567198;0.895502972044647;1107.76865987005;0.971152247242906;0.933117164561274;0.87555659805284;65.15531971449757;37.0;Alive;;;;;;;;;;;;;;;;;;;;;;
3;Tube 6;612010.0;;;;;;;;;;;;;;;;;;;;;612010.0;0.0;1201.0;False;G:\Experiments\PTT\Spheroids\05052025\06052025\Analysis\2025-05-06_110808_tube6_cropped_8bits2\6_1201_0_8bits.tiff;G:\Experiments\PTT\Spheroids\05052025\06052025\Analysis\2025-05-06_110808_tube6_segmentationDebug2\6_1201_0_segmented.tiff;1532.5;(74. 74);167.296462774276;0.915471923536439;44.1728378339748;0.688076665573667;0.944548541834103;870.986006701631;0.962285427388887;0.925893815070459;0.895429929455112;;;;;;;;;;;;;;;;;;;;;;;;;;;;;;;;;;;;;;;;;;;;;;
3;Tube 6;708010.0;;;;;;;;;;;;;;;;;;;;;;;;;;;;;;;;;;;;;;;;;;708010.0;0.0;801.0;False;G:\Experiments\PTT\Spheroids\05052025\07052025 after laser\Analysis\2025-05-07_153210_tube6_cropped_8bits2\7_0801_0_8bits.tiff;G:\Experiments\PTT\Spheroids\05052025\07052025 after laser\Analysis\2025-05-07_153210_tube6_segmentationDebug2\7_0801_0_segmented.tiff;1335.5;(77. 71);149.982754826545;0.927430555555555;41.2360450576168;0.746055444011747;0.784997633280122;874.318872773387;0.974013812190519;0.935458473070756;0.89989500641356;52.19680108218559;44.0;Alive;;;;;;;;;;;;;;;;;;;;;;
3;Tube 6;709010.0;;;;;;;;;;;;;;;;;;;;;709010.0;0.0;901.0;False;G:\Experiments\PTT\Spheroids\05052025\06052025\Analysis\2025-05-06_110808_tube6_cropped_8bits2\7_0901_0_8bits.tiff;G:\Experiments\PTT\Spheroids\05052025\06052025\Analysis\2025-05-06_110808_tube6_segmentationDebug2\7_0901_0_segmented.tiff;1289.0;(75. 73);144.568540930748;0.939162112932604;40.5117979502715;0.775024060985039;0.81547236952449;959.138860168116;0.972782650176836;0.937581784123301;0.896357962925588;;;;;;;;;;;;;;;;;;;;;;;;;;;;;;;;;;;;;;;;;;;;;;
3;Tube 6;806010.0;;;;;;;;;;;;;;;;;;;;;806010.0;0.0;601.0;False;G:\Experiments\PTT\Spheroids\05052025\06052025\Analysis\2025-05-06_110808_tube6_cropped_8bits2\8_0601_0_8bits.tiff;G:\Experiments\PTT\Spheroids\05052025\06052025\Analysis\2025-05-06_110808_tube6_segmentationDebug2\8_0601_0_segmented.tiff;1264.5;(68. 78);149.497473835945;0.922319474835886;40.1249474057924;0.710985902232051;0.873081408033483;794.691097024091;0.971890029181192;0.938477760623213;0.90022449227601;;;;;;;;;;;;;;;;;;;;;;;;;;;;;;;;;;;;;;;;;;;;;;
3;Tube 6;902020.0;;;;;;;;;;;;;;;;;;;;;;;;;;;;;;;;;;;;;;;;;;902020.0;0.0;202.0;False;G:\Experiments\PTT\Spheroids\05052025\07052025 after laser\Analysis\2025-05-07_153210_tube6_cropped_8bits2\9_0202_0_8bits.tiff;G:\Experiments\PTT\Spheroids\05052025\07052025 after laser\Analysis\2025-05-07_153210_tube6_segmentationDebug2\9_0202_0_segmented.tiff;1120.0;(72. 74);161.882249593734;0.85463563525372;37.7627897553051;0.537068183222807;0.908339362200362;975.595713923655;0.976451077299011;0.944549275863615;0.857289424607854;60.85571906230188;42.0;Alive;;;;;;;;;;;;;;;;;;;;;;
3;Tube 6;903010.0;;;;;;;;;;;;;;;;;;;;;903010.0;0.0;301.0;False;G:\Experiments\PTT\Spheroids\05052025\06052025\Analysis\2025-05-06_110808_tube6_cropped_8bits2\9_0301_0_8bits.tiff;G:\Experiments\PTT\Spheroids\05052025\06052025\Analysis\2025-05-06_110808_tube6_segmentationDebug2\9_0301_0_segmented.tiff;1261.5;(78. 72);152.669046521186;0.913468501086169;40.0773213386749;0.680135012495697;0.898276954122794;596.686794144936;0.97665323137222;0.938623273755655;0.917513456950381;;;;;;;;;;;;;;;;;;;;;;;;;;;;;;;;;;;;;;;;;;;;;;
3;Tube 7;1002040.0;;;;;;;;;;;;;;;;;;;;;1002040.0;0.0;204.0;False;G:\Experiments\PTT\Spheroids\05052025\06052025\Analysis\2025-05-06_112724_tube7_cropped_8bits2\10_0204_0_8bits.tiff;G:\Experiments\PTT\Spheroids\05052025\06052025\Analysis\2025-05-06_112724_tube7_segmentationDebug2\10_0204_0_segmented.tiff;1068.5;(74. 76);132.468036055564;0.938927943760984;36.8843659773286;0.765177507375881;0.903338429861925;421.566717687074;0.980690652424722;0.947936755172873;0.921401991628314;;;;;;;;;;;;;;;;;;;;;;;;;;;;;;;;;;;;;;;;;;;;;;
3;Tube 7;1002050.0;;;;;;;;;;;;;;;;;;;;;;;;;;;;;;;;;;;;;;;;;;1002050.0;0.0;205.0;False;G:\Experiments\PTT\Spheroids\05052025\07052025 after laser\Analysis\2025-05-07_141932_tube7_cropped_8bits2\10_0205_0_8bits.tiff;G:\Experiments\PTT\Spheroids\05052025\07052025 after laser\Analysis\2025-05-07_141932_tube7_segmentationDebug2\10_0205_0_segmented.tiff;1278.5;(74. 74);146.811181783676;0.938348623853211;40.3464590508746;0.745405043916158;0.905979760970077;776.114056224899;0.976373207657534;0.937997657685541;0.876249120936829;11.940297059110478;56.0;Dead;;;;;;;;;;;;;;;;;;;;;;
3;Tube 7;106050.0;;;;;;;;;;;;;;;;;;;;;106050.0;0.0;605.0;False;G:\Experiments\PTT\Spheroids\05052025\06052025\Analysis\2025-05-06_112724_tube7_cropped_8bits2\1_0605_0_8bits.tiff;G:\Experiments\PTT\Spheroids\05052025\06052025\Analysis\2025-05-06_112724_tube7_segmentationDebug2\1_0605_0_segmented.tiff;1639.5;(74. 72);174.811182022094;0.909065705572497;45.6889071175192;0.674190868918915;0.792889869711258;665.239638065617;0.968661451728517;0.921243007945842;0.925178041801458;;;;;106050.0;0.0;605.0;False;G:\Experiments\PTT\Spheroids\05052025\07052025 after laser\Analysis\2025-05-07_141932_tube7_cropped_8bits2\1_0605_0_8bits.tiff;G:\Experiments\PTT\Spheroids\05052025\07052025 after laser\Analysis\2025-05-07_141932_tube7_segmentationDebug2\1_0605_0_segmented.tiff;1959.0;(77. 82);190.710676908493;0.918209514881649;49.9427298826984;0.676852885565625;0.917337259932039;379.989754640328;0.961261355375844;0.906353610026141;0.926545476907803;101.64220858243584;37.0;Alive;;0.0;0.0;0.0;;;;319.5;;15.899494886399026;0.00914380930915204;4.253822765179201;0.0026620166467099526;0.124447390220781;-285.249883425289;-0.007400096352673025;-0.014889397919701008;0.0013674351063449608;;;;
3;Tube 7;1102070.0;;;;;;;;;;;;;;;;;;;;;1102070.0;0.0;207.0;False;G:\Experiments\PTT\Spheroids\05052025\06052025\Analysis\2025-05-06_112724_tube7_cropped_8bits2\11_0207_0_8bits.tiff;G:\Experiments\PTT\Spheroids\05052025\06052025\Analysis\2025-05-06_112724_tube7_segmentationDebug2\11_0207_0_segmented.tiff;690.0;(72. 66);125.941124796867;0.866290018832391;29.6400959152844;0.546668209868788;0.847227676936167;294.594299768518;0.985496061824526;0.964774298435551;0.915185481540821;;;;;;;;;;;;;;;;;;;;;;;;;;;;;;;;;;;;;;;;;;;;;;
3;Tube 7;1102080.0;;;;;;;;;;;;;;;;;;;;;;;;;;;;;;;;;;;;;;;;;;1102080.0;0.0;208.0;False;G:\Experiments\PTT\Spheroids\05052025\07052025 after laser\Analysis\2025-05-07_141932_tube7_cropped_8bits2\11_0208_0_8bits.tiff;G:\Experiments\PTT\Spheroids\05052025\07052025 after laser\Analysis\2025-05-07_141932_tube7_segmentationDebug2\11_0208_0_segmented.tiff;1013.5;(80. 71);187.296463251113;0.765194412986032;35.9225316283399;0.363056706713085;0.512583919931757;289.916963456888;0.978054121685231;0.948654846847691;0.903028761164108;66.31979489113388;44.0;Alive;;;;;;;;;;;;;;;;;;;;;;
3;Tube 7;1202100.0;;;;;;;;;;;;;;;;;;;;;1202100.0;0.0;210.0;False;G:\Experiments\PTT\Spheroids\05052025\06052025\Analysis\2025-05-06_112724_tube7_cropped_8bits2\12_0210_0_8bits.tiff;G:\Experiments\PTT\Spheroids\05052025\06052025\Analysis\2025-05-06_112724_tube7_segmentationDebug2\12_0210_0_segmented.tiff;1124.5;(79. 85);154.811181902885;0.879890453834115;37.838576453861;0.589609769960758;0.76703421505509;491.760217772763;0.982279201744184;0.944652392987556;0.927300795809034;;;;;1202100.0;0.0;210.0;False;G:\Experiments\PTT\Spheroids\05052025\07052025 after laser\Analysis\2025-05-07_141932_tube7_cropped_8bits2\12_0210_0_8bits.tiff;G:\Experiments\PTT\Spheroids\05052025\07052025 after laser\Analysis\2025-05-07_141932_tube7_segmentationDebug2\12_0210_0_segmented.tiff;1219.5;(80. 67);161.154327988624;0.867045858514041;39.404512746696;0.590075688352926;0.757147634875875;384.98845394329;0.981816345834291;0.925114562948192;0.933977467467692;73.39622096453927;45.0;Alive;;0.0;0.0;0.0;;;;95.0;;6.343146085738994;-0.012844595320073982;1.5659362928349978;0.0004659183921680299;-0.009886580179214954;-106.771763829473;-0.00046285590989303405;-0.019537830039363935;0.006676671658657929;;;;
3;Tube 7;1302130.0;;;;;;;;;;;;;;;;;;;;;1302130.0;0.0;213.0;False;G:\Experiments\PTT\Spheroids\05052025\06052025\Analysis\2025-05-06_112724_tube7_cropped_8bits2\13_0213_0_8bits.tiff;G:\Experiments\PTT\Spheroids\05052025\06052025\Analysis\2025-05-06_112724_tube7_segmentationDebug2\13_0213_0_segmented.tiff;953.5;(78. 68);127.154327869415;0.93756145526057;34.8429893365218;0.741085418583385;0.824035252815803;393.279426789873;0.981178119344404;0.953042992132219;0.907733157136904;;;;;;;;;;;;;;;;;;;;;;;;;;;;;;;;;;;;;;;;;;;;;;
3;Tube 7;1302140.0;;;;;;;;;;;;;;;;;;;;;;;;;;;;;;;;;;;;;;;;;;1302140.0;0.0;214.0;False;G:\Experiments\PTT\Spheroids\05052025\07052025 after laser\Analysis\2025-05-07_141932_tube7_cropped_8bits2\13_0214_0_8bits.tiff;G:\Experiments\PTT\Spheroids\05052025\07052025 after laser\Analysis\2025-05-07_141932_tube7_segmentationDebug2\13_0214_0_segmented.tiff;1143.0;(72. 74);134.225395560264;0.952897040433514;38.1485622223471;0.797235647444381;0.854445347432043;262.293472467609;0.981529247064185;0.944410543814436;0.92808655955524;75.48630461491216;44.0;Alive;;;;;;;;;;;;;;;;;;;;;;
3;Tube 7;1402160.0;;;;;;;;;;;;;;;;;;;;;1402160.0;0.0;216.0;False;G:\Experiments\PTT\Spheroids\05052025\06052025\Analysis\2025-05-06_112724_tube7_cropped_8bits2\14_0216_0_8bits.tiff;G:\Experiments\PTT\Spheroids\05052025\06052025\Analysis\2025-05-06_112724_tube7_segmentationDebug2\14_0216_0_segmented.tiff;744.5;(70. 77);116.325900673866;0.900786448880822;30.7884205677285;0.69138781052685;0.956680823975488;468.503206365706;0.984282942142239;0.962815713656582;0.899203756827884;;;;;;;;;;;;;;;;;;;;;;;;;;;;;;;;;;;;;;;;;;;;;;
3;Tube 7;1402170.0;;;;;;;;;;;;;;;;;;;;;;;;;;;;;;;;;;;;;;;;;;1402170.0;0.0;217.0;False;G:\Experiments\PTT\Spheroids\05052025\07052025 after laser\Analysis\2025-05-07_141932_tube7_cropped_8bits2\14_0217_0_8bits.tiff;G:\Experiments\PTT\Spheroids\05052025\07052025 after laser\Analysis\2025-05-07_141932_tube7_segmentationDebug2\14_0217_0_segmented.tiff;1071.0;(76. 75);136.911687374115;0.926871484205971;36.9274904699921;0.717989823728681;0.828451679139389;895.166720493247;0.985482634081133;0.947829067313039;0.864911283532721;3.859137916632982;69.0;Dead;;;;;;;;;;;;;;;;;;;;;;
3;Tube 7;1502190.0;;;;;;;;;;;;;;;;;;;;;1502190.0;0.0;219.0;False;G:\Experiments\PTT\Spheroids\05052025\06052025\Analysis\2025-05-06_112724_tube7_cropped_8bits2\15_0219_0_8bits.tiff;G:\Experiments\PTT\Spheroids\05052025\06052025\Analysis\2025-05-06_112724_tube7_segmentationDebug2\15_0219_0_segmented.tiff;1074.0;(77. 75);138.911687254905;0.912101910828025;36.9791734770473;0.699417625760759;0.665472471207677;462.424652503293;0.983270101356481;0.947470596381287;0.93649078583369;;;;;1502190.0;0.0;219.0;False;G:\Experiments\PTT\Spheroids\05052025\07052025 after laser\Analysis\2025-05-07_141932_tube7_cropped_8bits2\15_0219_0_8bits.tiff;G:\Experiments\PTT\Spheroids\05052025\07052025 after laser\Analysis\2025-05-07_141932_tube7_segmentationDebug2\15_0219_0_segmented.tiff;1208.5;(80. 70);143.296463370323;0.92181540808543;39.2263940454949;0.739580709503625;0.881937053222181;408.657031622995;0.983180635596269;0.941254920618446;0.926810886286829;57.69073524888006;49.0;Alive;;0.0;0.0;0.0;;;;134.5;;4.3847761154180205;0.009713497257405002;2.2472205684476023;0.040163083742865924;0.21646458201450391;-53.767620880297954;-8.946576021195973e-05;-0.006215675762840989;-0.009679899546861104;;;;
3;Tube 7;1602220.0;;;;;;;;;;;;;;;;;;;;;1602220.0;0.0;222.0;False;G:\Experiments\PTT\Spheroids\05052025\06052025\Analysis\2025-05-06_112724_tube7_cropped_8bits2\16_0222_0_8bits.tiff;G:\Experiments\PTT\Spheroids\05052025\06052025\Analysis\2025-05-06_112724_tube7_segmentationDebug2\16_0222_0_segmented.tiff;1034.5;(79. 65);134.811182141304;0.929887640449438;36.29278590889;0.71530049413383;0.834687755309616;388.414653897849;0.977629206381515;0.949407477168052;0.916021011038581;;;;;1602220.0;0.0;222.0;False;G:\Experiments\PTT\Spheroids\05052025\07052025 after laser\Analysis\2025-05-07_141932_tube7_cropped_8bits2\16_0222_0_8bits.tiff;G:\Experiments\PTT\Spheroids\05052025\07052025 after laser\Analysis\2025-05-07_141932_tube7_segmentationDebug2\16_0222_0_segmented.tiff;1283.5;(84. 77);145.982754707336;0.94029304029304;40.4252761977896;0.756837474596589;0.841198002239433;1203.21888586463;0.979057904051824;0.938045295906972;0.831664854239101;3.8680954179917233;60.0;Dead;;0.0;0.0;0.0;;;;249.0;;11.171572566032012;0.010405399843602003;4.132490288899604;0.041536980462759;0.006510246929816943;814.804231966781;0.0014286976703090648;-0.011362181261079907;-0.08435615679948005;;;;
3;Tube 7;1704240.0;;;;;;;;;;;;;;;;;;;;;1704240.0;0.0;424.0;False;G:\Experiments\PTT\Spheroids\05052025\06052025\Analysis\2025-05-06_112724_tube7_cropped_8bits2\17_0424_0_8bits.tiff;G:\Experiments\PTT\Spheroids\05052025\06052025\Analysis\2025-05-06_112724_tube7_segmentationDebug2\17_0424_0_segmented.tiff;946.0;(65. 59);129.396968007087;0.917111003393116;34.7056855474641;0.709990928896212;0.913713713939509;310.322300741427;0.974171021703534;0.953407353774361;0.909096738970301;;;;;1704240.0;1.0;424.0;False;G:\Experiments\PTT\Spheroids\05052025\07052025 after laser\Analysis\2025-05-07_141932_tube7_cropped_8bits2\17_0424_0_8bits.tiff;G:\Experiments\PTT\Spheroids\05052025\07052025 after laser\Analysis\2025-05-07_141932_tube7_segmentationDebug2\17_0424_0_segmented.tiff;1448.0;(78. 72);175.882249832153;0.878374279648165;42.9377556560251;0.588212705608786;0.633207016088253;497.361863541564;0.979305811712286;0.929989129609071;0.936335422078999;70.79854557050439;49.0;Alive;;0.0;1.0;0.0;;;;502.0;;46.48528182506601;-0.038736723744951074;8.232070108560997;-0.12177822328742594;-0.2805066978512559;187.039562800137;0.005134790008752055;-0.023418224165290047;0.027238683108698036;;;;
3;Tube 7;1807240.0;;;;;;;;;;;;;;;;;;;;;1807240.0;0.0;724.0;False;G:\Experiments\PTT\Spheroids\05052025\06052025\Analysis\2025-05-06_112724_tube7_cropped_8bits2\18_0724_0_8bits.tiff;G:\Experiments\PTT\Spheroids\05052025\06052025\Analysis\2025-05-06_112724_tube7_segmentationDebug2\18_0724_0_segmented.tiff;448.0;(61. 105);86.769551873207;0.922760041194644;23.8832852857673;0.747744399630943;0.976506658373805;868.070037515702;0.993863719785867;0.976992879660848;0.883987055816533;;;;;;;;;;;;;;;;;;;;;;;;;;;;;;;;;;;;;;;;;;;;;;
3;Tube 7;1807240.0;;;;;;;;;;;;;;;;;;;;;1807240.0;1.0;724.0;False;G:\Experiments\PTT\Spheroids\05052025\06052025\Analysis\2025-05-06_112724_tube7_cropped_8bits2\18_0724_0_8bits.tiff;G:\Experiments\PTT\Spheroids\05052025\06052025\Analysis\2025-05-06_112724_tube7_segmentationDebug2\18_0724_0_segmented.tiff;552.5;(84. 76);100.183765292167;0.905737704918032;26.5229117644759;0.691747257696475;0.697312300153308;247.336012497235;0.988023761305719;0.97210078018183;0.921531182588743;;;;;;;;;;;;;;;;;;;;;;;;;;;;;;;;;;;;;;;;;;;;;;
3;Tube 7;1910240.0;;;;;;;;;;;;;;;;;;;;;1910240.0;0.0;1024.0;False;G:\Experiments\PTT\Spheroids\05052025\06052025\Analysis\2025-05-06_112724_tube7_cropped_8bits2\19_1024_0_8bits.tiff;G:\Experiments\PTT\Spheroids\05052025\06052025\Analysis\2025-05-06_112724_tube7_segmentationDebug2\19_1024_0_segmented.tiff;829.0;(76. 89);122.083260059356;0.906506287588846;32.4886993058424;0.69895973590759;0.844978046357532;386.821825048538;0.981663183165922;0.95882814445401;0.918412757554833;;;;;1910240.0;0.0;1024.0;False;G:\Experiments\PTT\Spheroids\05052025\07052025 after laser\Analysis\2025-05-07_141932_tube7_cropped_8bits2\19_1024_0_8bits.tiff;G:\Experiments\PTT\Spheroids\05052025\07052025 after laser\Analysis\2025-05-07_141932_tube7_segmentationDebug2\19_1024_0_segmented.tiff;869.5;(72. 74);152.811181902885;0.794426678848789;33.2728385345648;0.467917384575859;0.850441183481209;297.450417248433;0.981041038059292;0.955927981797057;0.894114965457302;65.93163649892178;46.0;Alive;;0.0;0.0;0.0;;;;40.5;;30.727921843529018;-0.11207960874005696;0.7841392287223954;-0.23104235133173096;0.005463137123676964;-89.37140780010503;-0.0006221451066300565;-0.0029001626569530314;-0.024297792097531024;;;;
3;Tube 7;2012240.0;;;;;;;;;;;;;;;;;;;;;2012240.0;0.0;1224.0;False;G:\Experiments\PTT\Spheroids\05052025\06052025\Analysis\2025-05-06_112724_tube7_cropped_8bits2\20_1224_0_8bits.tiff;G:\Experiments\PTT\Spheroids\05052025\06052025\Analysis\2025-05-06_112724_tube7_segmentationDebug2\20_1224_0_segmented.tiff;663.0;(74. 82);116.911686778068;0.861598440545808;29.0543941282452;0.609547479081217;0.701706308212474;322.123879340505;0.984458287041399;0.96397884863904;0.907761145406397;;;;;;;;;;;;;;;;;;;;;;;;;;;;;;;;;;;;;;;;;;;;;;
3;Tube 7;209050.0;;;;;;;;;;;;;;;;;;;;;209050.0;0.0;905.0;False;G:\Experiments\PTT\Spheroids\05052025\06052025\Analysis\2025-05-06_112724_tube7_cropped_8bits2\2_0905_0_8bits.tiff;G:\Experiments\PTT\Spheroids\05052025\06052025\Analysis\2025-05-06_112724_tube7_segmentationDebug2\2_0905_0_segmented.tiff;1562.0;(75. 73);182.568541288375;0.850530901170705;44.5959658363435;0.58889653961323;0.914821776710546;529.845236133262;0.968574699318955;0.924099130525996;0.918597204039851;;;;;209050.0;0.0;905.0;False;G:\Experiments\PTT\Spheroids\05052025\07052025 after laser\Analysis\2025-05-07_141932_tube7_cropped_8bits2\2_0905_0_8bits.tiff;G:\Experiments\PTT\Spheroids\05052025\07052025 after laser\Analysis\2025-05-07_141932_tube7_segmentationDebug2\2_0905_0_segmented.tiff;1722.0;(75. 79);171.053822517395;0.936378466557911;46.8243365786847;0.739566862477095;0.933328302153522;417.173056059666;0.964224735662571;0.917480449223767;0.918757133734393;93.6401740352939;37.0;Alive;;0.0;0.0;0.0;;;;160.0;;-11.51471877098001;0.08584756538720606;2.2283707423411983;0.15067032286386506;0.01850652544297604;-112.672180073596;-0.004349963656383959;-0.006618681302228979;0.0001599296945420381;;;;
3;Tube 7;312050.0;;;;;;;;;;;;;;;;;;;;;312050.0;0.0;1205.0;True;G:\Experiments\PTT\Spheroids\05052025\06052025\Analysis\2025-05-06_112724_tube7_cropped_8bits2\3_1205_0_8bits.tiff;G:\Experiments\PTT\Spheroids\05052025\06052025\Analysis\2025-05-06_112724_tube7_segmentationDebug2\3_1205_0_segmented.tiff;488.5;(75. 120);95.3553384542465;0.885766092475068;24.9394770916137;0.67512533863973;0.823027966088646;332.305407740937;0.986484135031231;0.974907689464927;0.8889224721941;;;;;312050.0;0.0;1205.0;False;G:\Experiments\PTT\Spheroids\05052025\07052025 after laser\Analysis\2025-05-07_141932_tube7_cropped_8bits2\3_1205_0_8bits.tiff;G:\Experiments\PTT\Spheroids\05052025\07052025 after laser\Analysis\2025-05-07_141932_tube7_segmentationDebug2\3_1205_0_segmented.tiff;2067.5;(75. 81);192.953317761421;0.927962298025134;51.3071414009779;0.697832000842743;0.614741144942632;364.242830934614;0.959648168828429;0.900967745509748;0.924667103110588;105.7626592074567;37.0;Alive;;0.0;0.0;0.0;;;;1579.0;;97.5979793071745;0.04219620555006598;26.367664309364198;0.022706662203012984;-0.20828682114601405;31.937423193676977;-0.026835966202802042;-0.073939943955179;0.03574463091648794;;;;
3;Tube 7;312050.0;;;;;;;;;;;;;;;;;;;;;312050.0;0.0;1205.0;True;G:\Experiments\PTT\Spheroids\05052025\06052025\Analysis\2025-05-06_112724_tube7_cropped_8bits2\3_1205_0_8bits.tiff;G:\Experiments\PTT\Spheroids\05052025\06052025\Analysis\2025-05-06_112724_tube7_segmentationDebug2\3_1205_0_segmented.tiff;488.5;(75. 120);95.3553384542465;0.885766092475068;24.9394770916137;0.67512533863973;0.823027966088646;332.305407740937;0.986484135031231;0.974907689464927;0.8889224721941;;;;;312050.0;1.0;1205.0;False;G:\Experiments\PTT\Spheroids\05052025\07052025 after laser\Analysis\2025-05-07_141932_tube7_cropped_8bits2\3_1205_0_8bits.tiff;G:\Experiments\PTT\Spheroids\05052025\07052025 after laser\Analysis\2025-05-07_141932_tube7_segmentationDebug2\3_1205_0_segmented.tiff;479.5;(113. 18);87.3553383350372;0.952333664349553;24.7086697679278;0.789622609816154;0.692992579712687;45.9433723505219;0.994333412400526;0.975755592616603;0.948828720770398;105.7626592074567;37.0;Alive;;0.0;1.0;0.0;;;;-9.0;;-8.000000119209304;0.06656757187448503;-0.23080732368590162;0.11449727117642394;-0.13003538637595902;-286.36203539041514;0.007849277369294971;0.0008479031516760438;0.059906248576298005;;;;
3;Tube 7;312050.0;;;;;;;;;;;;;;;;;;;;;312050.0;1.0;1205.0;True;G:\Experiments\PTT\Spheroids\05052025\06052025\Analysis\2025-05-06_112724_tube7_cropped_8bits2\3_1205_0_8bits.tiff;G:\Experiments\PTT\Spheroids\05052025\06052025\Analysis\2025-05-06_112724_tube7_segmentationDebug2\3_1205_0_segmented.tiff;1134.5;(68. 35);139.840619325637;0.919740575597892;38.0064502881029;0.729033838585664;0.945073481949985;587.442753261028;0.97391520744955;0.944661251221823;0.91083565409396;;;;;312050.0;0.0;1205.0;False;G:\Experiments\PTT\Spheroids\05052025\07052025 after laser\Analysis\2025-05-07_141932_tube7_cropped_8bits2\3_1205_0_8bits.tiff;G:\Experiments\PTT\Spheroids\05052025\07052025 after laser\Analysis\2025-05-07_141932_tube7_segmentationDebug2\3_1205_0_segmented.tiff;2067.5;(75. 81);192.953317761421;0.927962298025134;51.3071414009779;0.697832000842743;0.614741144942632;364.242830934614;0.959648168828429;0.900967745509748;0.924667103110588;105.7626592074567;37.0;Alive;;0.0;-1.0;0.0;;;;933.0;;53.11269843578401;0.008221722427241951;13.300691112875;-0.031201837742920957;-0.330332337007353;-223.19992232641397;-0.014267038621120998;-0.043693505712074976;0.013831449016628028;;;;
3;Tube 7;312050.0;;;;;;;;;;;;;;;;;;;;;312050.0;1.0;1205.0;True;G:\Experiments\PTT\Spheroids\05052025\06052025\Analysis\2025-05-06_112724_tube7_cropped_8bits2\3_1205_0_8bits.tiff;G:\Experiments\PTT\Spheroids\05052025\06052025\Analysis\2025-05-06_112724_tube7_segmentationDebug2\3_1205_0_segmented.tiff;1134.5;(68. 35);139.840619325637;0.919740575597892;38.0064502881029;0.729033838585664;0.945073481949985;587.442753261028;0.97391520744955;0.944661251221823;0.91083565409396;;;;;312050.0;1.0;1205.0;False;G:\Experiments\PTT\Spheroids\05052025\07052025 after laser\Analysis\2025-05-07_141932_tube7_cropped_8bits2\3_1205_0_8bits.tiff;G:\Experiments\PTT\Spheroids\05052025\07052025 after laser\Analysis\2025-05-07_141932_tube7_segmentationDebug2\3_1205_0_segmented.tiff;479.5;(113. 18);87.3553383350372;0.952333664349553;24.7086697679278;0.789622609816154;0.692992579712687;45.9433723505219;0.994333412400526;0.975755592616603;0.948828720770398;105.7626592074567;37.0;Alive;;0.0;0.0;0.0;;;;-655.0;;-52.48528099059979;0.032593088751661003;-13.297780520175099;0.06058877123049;-0.25208090223729795;-541.499380910506;0.020418204950976016;0.031094341394780067;0.03799306667643809;;;;
3;Tube 7;415040.0;;;;;;;;;;;;;;;;;;;;;415040.0;0.0;1504.0;False;G:\Experiments\PTT\Spheroids\05052025\06052025\Analysis\2025-05-06_112724_tube7_cropped_8bits2\4_1504_0_8bits.tiff;G:\Experiments\PTT\Spheroids\05052025\06052025\Analysis\2025-05-06_112724_tube7_segmentationDebug2\4_1504_0_segmented.tiff;1455.5;(74. 75);166.468036055564;0.88777066178713;43.048811335065;0.660024963928982;0.934596479836684;572.612714653872;0.965437863981256;0.929475398767311;0.912092848051541;;;;;415040.0;0.0;1504.0;False;G:\Experiments\PTT\Spheroids\05052025\07052025 after laser\Analysis\2025-05-07_141932_tube7_cropped_8bits2\4_1504_0_8bits.tiff;G:\Experiments\PTT\Spheroids\05052025\07052025 after laser\Analysis\2025-05-07_141932_tube7_segmentationDebug2\4_1504_0_segmented.tiff;1374.5;(104. 41);156.468036174774;0.91725058391725;41.8338111369079;0.705510277384913;0.905072566306972;649.793885361186;0.974594992502296;0.933506786450389;0.89698056637106;102.65739206975982;37.0;Alive;;0.0;0.0;0.0;;;;-81.0;;-9.99999988079;0.029479922130119962;-1.2150001981570995;0.04548531345593099;-0.029523913529712065;77.18117070731398;0.009157128521040003;0.0040313876830779805;-0.015112281680480955;;;;
3;Tube 7;514010.0;;;;;;;;;;;;;;;;;;;;;514010.0;0.0;1401.0;False;G:\Experiments\PTT\Spheroids\05052025\06052025\Analysis\2025-05-06_112724_tube7_cropped_8bits2\5_1401_0_8bits.tiff;G:\Experiments\PTT\Spheroids\05052025\06052025\Analysis\2025-05-06_112724_tube7_segmentationDebug2\5_1401_0_segmented.tiff;1547.0;(76. 73);171.882249712944;0.902567094515752;44.3813201212548;0.658018522855784;0.909455151312153;486.737114490916;0.968019930404454;0.906826725950944;0.912917492619849;;;;;514010.0;0.0;1401.0;False;G:\Experiments\PTT\Spheroids\05052025\07052025 after laser\Analysis\2025-05-07_141932_tube7_cropped_8bits2\5_1401_0_8bits.tiff;G:\Experiments\PTT\Spheroids\05052025\07052025 after laser\Analysis\2025-05-07_141932_tube7_segmentationDebug2\5_1401_0_segmented.tiff;1647.5;(77. 70);181.781744360923;0.900519267559442;45.8002418110557;0.626519732994763;0.887888838163431;557.142170694456;0.968003827837069;0.92056234359883;0.908786183701142;119.13919456984324;37.0;Alive;;0.0;0.0;0.0;;;;100.5;;9.899494647978997;-0.002047826956310006;1.4189216898008965;-0.03149878986102095;-0.02156631314872204;70.40505620354003;-1.6102567385045674e-05;0.013735617647886;-0.004131308918707055;;;;
3;Tube 7;611010.0;;;;;;;;;;;;;;;;;;;;;;;;;;;;;;;;;;;;;;;;;;611010.0;0.0;1101.0;False;G:\Experiments\PTT\Spheroids\05052025\07052025 after laser\Analysis\2025-05-07_141932_tube7_cropped_8bits2\6_1101_0_8bits.tiff;G:\Experiments\PTT\Spheroids\05052025\07052025 after laser\Analysis\2025-05-07_141932_tube7_segmentationDebug2\6_1101_0_segmented.tiff;1536.0;(72. 74);185.053822517395;0.842798353909465;44.2232511323309;0.563644091617334;0.890755540335203;541.308209411197;0.968149209916284;0.925197737386375;0.906969568146966;108.74849299370369;37.0;Alive;;;;;;;;;;;;;;;;;;;;;;
3;Tube 7;708010.0;;;;;;;;;;;;;;;;;;;;;708010.0;0.0;801.0;False;G:\Experiments\PTT\Spheroids\05052025\06052025\Analysis\2025-05-06_112724_tube7_cropped_8bits2\7_0801_0_8bits.tiff;G:\Experiments\PTT\Spheroids\05052025\06052025\Analysis\2025-05-06_112724_tube7_segmentationDebug2\7_0801_0_segmented.tiff;1319.0;(74. 78);145.053822278976;0.94484240687679;40.9805192683753;0.787764317230343;0.883780921653066;476.03895765728;0.975250082309221;0.936271575592475;0.917194933311846;;;;;708010.0;0.0;801.0;False;G:\Experiments\PTT\Spheroids\05052025\07052025 after laser\Analysis\2025-05-07_141932_tube7_cropped_8bits2\7_0801_0_8bits.tiff;G:\Experiments\PTT\Spheroids\05052025\07052025 after laser\Analysis\2025-05-07_141932_tube7_segmentationDebug2\7_0801_0_segmented.tiff;1548.5;(76. 69);180.811182022094;0.861234705228031;44.4028313851988;0.59521038919949;0.740701237192305;516.045518615763;0.966996593653996;0.924820938099915;0.901547025224164;76.68063812941097;49.0;Alive;;0.0;0.0;0.0;;;;229.5;;35.75735974311797;-0.08360770164875897;3.4223121168234982;-0.19255392803085303;-0.14307968446076103;40.006560958482964;-0.008253488655224905;-0.011450637492560034;-0.015647908087682016;;;;
3;Tube 7;804010.0;;;;;;;;;;;;;;;;;;;;;;;;;;;;;;;;;;;;;;;;;;804010.0;0.0;401.0;False;G:\Experiments\PTT\Spheroids\05052025\07052025 after laser\Analysis\2025-05-07_141932_tube7_cropped_8bits2\8_0401_0_8bits.tiff;G:\Experiments\PTT\Spheroids\05052025\07052025 after laser\Analysis\2025-05-07_141932_tube7_segmentationDebug2\8_0401_0_segmented.tiff;1558.0;(76. 75);162.225395441055;0.934893489348934;44.5388281244285;0.743942953251701;0.840480688249382;1033.28375073117;0.975832653765855;0.925334349678024;0.848208749551832;4.020372941090321;63.0;Dead;;;;;;;;;;;;;;;;;;;;;;
3;Tube 7;805010.0;;;;;;;;;;;;;;;;;;;;;805010.0;0.0;501.0;False;G:\Experiments\PTT\Spheroids\05052025\06052025\Analysis\2025-05-06_112724_tube7_cropped_8bits2\8_0501_0_8bits.tiff;G:\Experiments\PTT\Spheroids\05052025\06052025\Analysis\2025-05-06_112724_tube7_segmentationDebug2\8_0501_0_segmented.tiff;1306.5;(81. 69);156.325900793075;0.899174122505161;40.785873353362;0.671826914352513;0.928660482588314;538.408227672116;0.971645429218583;0.936468669394851;0.909710761593635;;;;;;;;;;;;;;;;;;;;;;;;;;;;;;;;;;;;;;;;;;;;;;
3;Tube 7;902020.0;;;;;;;;;;;;;;;;;;;;;;;;;;;;;;;;;;;;;;;;;;902020.0;0.0;202.0;False;G:\Experiments\PTT\Spheroids\05052025\07052025 after laser\Analysis\2025-05-07_141932_tube7_cropped_8bits2\9_0202_0_8bits.tiff;G:\Experiments\PTT\Spheroids\05052025\07052025 after laser\Analysis\2025-05-07_141932_tube7_segmentationDebug2\9_0202_0_segmented.tiff;1312.5;(76. 78);171.154327630996;0.863202893784939;40.8794190573313;0.563032425093438;0.875882392517427;621.398516204325;0.976866072157979;0.935834902935396;0.906129216291344;73.48579597812667;48.0;Alive;;;;;;;;;;;;;;;;;;;;;;
3;Tube 7;903010.0;;;;;;;;;;;;;;;;;;;;;903010.0;0.0;301.0;False;G:\Experiments\PTT\Spheroids\05052025\06052025\Analysis\2025-05-06_112724_tube7_cropped_8bits2\9_0301_0_8bits.tiff;G:\Experiments\PTT\Spheroids\05052025\06052025\Analysis\2025-05-06_112724_tube7_segmentationDebug2\9_0301_0_segmented.tiff;1216.5;(79. 28);154.953316926956;0.88698505286183;39.3560148664765;0.63667855647997;0.903872412053262;293.756083621011;0.974060064544164;0.91611686840128;0.918165058561766;;;;;;;;;;;;;;;;;;;;;;;;;;;;;;;;;;;;;;;;;;;;;;
3;Tube 8;1002040.0;;;;;;;;;;;;;;;;;;;;;1002040.0;0.0;204.0;False;G:\Experiments\PTT\Spheroids\05052025\06052025\Analysis\2025-05-06_113752_tube8_cropped_8bits2\10_0204_0_8bits.tiff;G:\Experiments\PTT\Spheroids\05052025\06052025\Analysis\2025-05-06_113752_tube8_segmentationDebug2\10_0204_0_segmented.tiff;1313.0;(75. 70);161.740113973617;0.871556588118154;40.8872048719066;0.630723627666778;0.931297679128291;189.568912807296;0.974514922879392;0.93593822779592;0.918893995572326;;;;;1002040.0;0.0;204.0;False;G:\Experiments\PTT\Spheroids\05052025\07052025 after laser\Analysis\2025-05-07_151807_tube8_cropped_8bits2\10_0204_0_8bits.tiff;G:\Experiments\PTT\Spheroids\05052025\07052025 after laser\Analysis\2025-05-07_151807_tube8_segmentationDebug2\10_0204_0_segmented.tiff;1996.5;(80. 75);191.781744122505;0.908946050534941;50.4184762866129;0.682126074208476;0.90496971831798;1060.51147776849;0.975407914653394;0.905114791786614;0.831305961067336;3.859137916632982;67.0;Dead;;0.0;0.0;0.0;;;;683.5;;30.041630148887975;0.03738946241678709;9.531271414706303;0.05140244654169801;-0.02632796081031097;870.9425649611941;0.0008929917740020388;-0.030823436009305927;-0.08758803450498998;;;;
3;Tube 8;105050.0;;;;;;;;;;;;;;;;;;;;;105050.0;0.0;505.0;False;G:\Experiments\PTT\Spheroids\05052025\06052025\Analysis\2025-05-06_113752_tube8_cropped_8bits2\1_0505_0_8bits.tiff;G:\Experiments\PTT\Spheroids\05052025\06052025\Analysis\2025-05-06_113752_tube8_segmentationDebug2\1_0505_0_segmented.tiff;1584.0;(79. 75);165.396968364715;0.936446940585279;44.9089238221146;0.727628919083651;0.833315164382946;623.721926115737;0.966865192620195;0.923790357785253;0.920106615421802;;;;;;;;;;;;;;;;;;;;;;;;;;;;;;;;;;;;;;;;;;;;;;
3;Tube 8;106050.0;;;;;;;;;;;;;;;;;;;;;;;;;;;;;;;;;;;;;;;;;;106050.0;0.0;605.0;False;G:\Experiments\PTT\Spheroids\05052025\07052025 after laser\Analysis\2025-05-07_151807_tube8_cropped_8bits2\1_0605_0_8bits.tiff;G:\Experiments\PTT\Spheroids\05052025\07052025 after laser\Analysis\2025-05-07_151807_tube8_segmentationDebug2\1_0605_0_segmented.tiff;2025.5;(73. 72);195.982754945755;0.902830398930243;50.783330905535;0.662683862604581;0.825737270602904;541.946866001645;0.963136742086919;0.903198509746527;0.921510803110202;98.65637479618886;37.0;Alive;;;;;;;;;;;;;;;;;;;;;;
3;Tube 8;1102070.0;;;;;;;;;;;;;;;;;;;;;1102070.0;0.0;207.0;False;G:\Experiments\PTT\Spheroids\05052025\06052025\Analysis\2025-05-06_113752_tube8_cropped_8bits2\11_0207_0_8bits.tiff;G:\Experiments\PTT\Spheroids\05052025\06052025\Analysis\2025-05-06_113752_tube8_segmentationDebug2\11_0207_0_segmented.tiff;1266.5;(71. 73);149.982754945755;0.92142597308112;40.1566667367584;0.707509710474623;0.893693668576018;299.015137055648;0.973608194641609;0.938483435312648;0.922740820769979;;;;;1102070.0;0.0;207.0;False;G:\Experiments\PTT\Spheroids\05052025\07052025 after laser\Analysis\2025-05-07_151807_tube8_cropped_8bits2\11_0207_0_8bits.tiff;G:\Experiments\PTT\Spheroids\05052025\07052025 after laser\Analysis\2025-05-07_151807_tube8_segmentationDebug2\11_0207_0_segmented.tiff;1802.5;(77. 78);174.124889850616;0.944458999214042;47.9063073027459;0.74707366601483;0.879655764153286;379.302937749061;0.975765585744267;0.91403187243222;0.932901611267101;61.632035846726104;50.0;Alive;;0.0;0.0;0.0;;;;536.0;;24.142134904860995;0.02303302613292202;7.749640565987498;0.039563955540207085;-0.014037904422732006;80.28780069341303;0.0021573911026580017;-0.024451562880428046;0.01016079049712204;;;;
3;Tube 8;1202100.0;;;;;;;;;;;;;;;;;;;;;1202100.0;0.0;210.0;False;G:\Experiments\PTT\Spheroids\05052025\06052025\Analysis\2025-05-06_113752_tube8_cropped_8bits2\12_0210_0_8bits.tiff;G:\Experiments\PTT\Spheroids\05052025\06052025\Analysis\2025-05-06_113752_tube8_segmentationDebug2\12_0210_0_segmented.tiff;1241.5;(76. 76);171.639609217643;0.852971487461353;39.7583562888193;0.52956777987618;0.698131549729759;536.016219719923;0.975485061465984;0.93872418844002;0.919226030855143;;;;;1202100.0;0.0;210.0;False;G:\Experiments\PTT\Spheroids\05052025\07052025 after laser\Analysis\2025-05-07_151807_tube8_cropped_8bits2\12_0210_0_8bits.tiff;G:\Experiments\PTT\Spheroids\05052025\07052025 after laser\Analysis\2025-05-07_151807_tube8_segmentationDebug2\12_0210_0_segmented.tiff;1909.0;(78. 75);191.396968722343;0.899199246349505;49.301260540674;0.654855805210427;0.851568573058584;804.038509756634;0.974234291578468;0.909121454612843;0.900559313250969;8.312509008820376;56.0;Dead;;0.0;0.0;0.0;;;;667.5;;19.75735950469999;0.046227758888152004;9.5429042518547;0.125288025334247;0.15343702332882503;268.02229003671096;-0.0012507698875160456;-0.02960273382717704;-0.018666717604173932;;;;
3;Tube 8;1302130.0;;;;;;;;;;;;;;;;;;;;;1302130.0;0.0;213.0;False;G:\Experiments\PTT\Spheroids\05052025\06052025\Analysis\2025-05-06_113752_tube8_cropped_8bits2\13_0213_0_8bits.tiff;G:\Experiments\PTT\Spheroids\05052025\06052025\Analysis\2025-05-06_113752_tube8_segmentationDebug2\13_0213_0_segmented.tiff;1419.5;(75. 72);162.124890327453;0.900412305740564;42.5130983786357;0.678650026322012;0.869075235905863;581.604669450024;0.968539163731831;0.931182302214963;0.916911812245425;;;;;1302130.0;0.0;213.0;False;G:\Experiments\PTT\Spheroids\05052025\07052025 after laser\Analysis\2025-05-07_151807_tube8_cropped_8bits2\13_0213_0_8bits.tiff;G:\Experiments\PTT\Spheroids\05052025\07052025 after laser\Analysis\2025-05-07_151807_tube8_segmentationDebug2\13_0213_0_segmented.tiff;1870.0;(73. 77);210.367530584335;0.836501901140684;48.7950606993654;0.530999427202344;0.906197606709779;480.569615408505;0.971829111993344;0.909952899130552;0.924238659158733;85.63813948815195;45.0;Alive;;0.0;0.0;0.0;;;;450.5;;48.242640256882;-0.06391040459987996;6.281962320729697;-0.14765059911966794;0.037122370803916005;-101.03505404151895;0.003289948261512965;-0.021229403084411014;0.007326846913308094;;;;
3;Tube 8;1402160.0;;;;;;;;;;;;;;;;;;;;;1402160.0;0.0;216.0;False;G:\Experiments\PTT\Spheroids\05052025\06052025\Analysis\2025-05-06_113752_tube8_cropped_8bits2\14_0216_0_8bits.tiff;G:\Experiments\PTT\Spheroids\05052025\06052025\Analysis\2025-05-06_113752_tube8_segmentationDebug2\14_0216_0_segmented.tiff;1215.0;(100. 86);158.568541407585;0.87536023054755;39.3317435013148;0.60722840557339;0.590573986812856;529.675150642471;0.970632191382014;0.940679727018248;0.914500789872382;;;;;1402160.0;0.0;216.0;False;G:\Experiments\PTT\Spheroids\05052025\07052025 after laser\Analysis\2025-05-07_151807_tube8_cropped_8bits2\14_0216_0_8bits.tiff;G:\Experiments\PTT\Spheroids\05052025\07052025 after laser\Analysis\2025-05-07_151807_tube8_segmentationDebug2\14_0216_0_segmented.tiff;2901.5;(75. 78);258.409160971641;0.872762821476913;60.7807908721914;0.546030154187083;0.548720397395344;986.034907024272;0.958532044072983;0.863138665557256;0.882434898480338;7.431688041877513;81.0;Dead;;0.0;0.0;0.0;;;;1686.5;;99.84061956405597;-0.0025974090706369912;21.449047370876606;-0.06119825138630697;-0.04185358941751205;456.35975638180105;-0.012100147309030973;-0.07754106146099193;-0.03206589139204408;;;;
3;Tube 8;1402160.0;;;;;;;;;;;;;;;;;;;;;1402160.0;1.0;216.0;False;G:\Experiments\PTT\Spheroids\05052025\06052025\Analysis\2025-05-06_113752_tube8_cropped_8bits2\14_0216_0_8bits.tiff;G:\Experiments\PTT\Spheroids\05052025\06052025\Analysis\2025-05-06_113752_tube8_segmentationDebug2\14_0216_0_segmented.tiff;851.5;(52. 57);125.497473597526;0.90923651895355;32.9266377321157;0.6793984475614;0.917065664624424;347.70619047619;0.977140594643079;0.957650871094114;0.913687048591884;;;;;1402160.0;0.0;216.0;False;G:\Experiments\PTT\Spheroids\05052025\07052025 after laser\Analysis\2025-05-07_151807_tube8_cropped_8bits2\14_0216_0_8bits.tiff;G:\Experiments\PTT\Spheroids\05052025\07052025 after laser\Analysis\2025-05-07_151807_tube8_segmentationDebug2\14_0216_0_segmented.tiff;2901.5;(75. 78);258.409160971641;0.872762821476913;60.7807908721914;0.546030154187083;0.548720397395344;986.034907024272;0.958532044072983;0.863138665557256;0.882434898480338;7.431688041877513;81.0;Dead;;0.0;-1.0;0.0;;;;2050.0;;132.911687374115;-0.03647369747663698;27.854153140075702;-0.133368293374317;-0.36834526722908;638.328716548082;-0.018608550570096027;-0.09451220553685791;-0.03125215011154603;;;;
3;Tube 8;1502190.0;;;;;;;;;;;;;;;;;;;;;1502190.0;0.0;219.0;True;G:\Experiments\PTT\Spheroids\05052025\06052025\Analysis\2025-05-06_113752_tube8_cropped_8bits2\15_0219_0_8bits.tiff;G:\Experiments\PTT\Spheroids\05052025\06052025\Analysis\2025-05-06_113752_tube8_segmentationDebug2\15_0219_0_segmented.tiff;1182.0;(74. 62);146.568541288375;0.921996879875195;38.7939317661533;0.691426163825827;0.750952800548866;619.009171575651;0.973987047086832;0.942217876965794;0.910959349073336;;;;;;;;;;;;;;;;;;;;;;;;;;;;;;;;;;;;;;;;;;;;;;
3;Tube 8;1602220.0;;;;;;;;;;;;;;;;;;;;;1602220.0;0.0;222.0;False;G:\Experiments\PTT\Spheroids\05052025\06052025\Analysis\2025-05-06_113752_tube8_cropped_8bits2\16_0222_0_8bits.tiff;G:\Experiments\PTT\Spheroids\05052025\06052025\Analysis\2025-05-06_113752_tube8_segmentationDebug2\16_0222_0_segmented.tiff;1247.5;(71. 68);154.811181664466;0.895227843559382;39.854313845017;0.654102436897814;0.93401959226514;490.428861245298;0.968941333945279;0.939070056068526;0.897844150948387;;;;;1602220.0;0.0;222.0;False;G:\Experiments\PTT\Spheroids\05052025\07052025 after laser\Analysis\2025-05-07_151807_tube8_cropped_8bits2\16_0222_0_8bits.tiff;G:\Experiments\PTT\Spheroids\05052025\07052025 after laser\Analysis\2025-05-07_151807_tube8_segmentationDebug2\16_0222_0_segmented.tiff;1836.0;(83. 75);183.053822636604;0.926570779712339;48.3494343724283;0.688533278920926;0.880876966778434;1215.48415912813;0.973478080905163;0.912330513219804;0.84339313273945;5.7745502905104305;69.0;Dead;;0.0;0.0;0.0;;;;588.5;;28.24264097213799;0.031342936152957024;8.495120527411295;0.034430842023111974;-0.05314262548670601;725.055297882832;0.0045367469598839305;-0.026739542848722042;-0.05445101820893694;;;;
3;Tube 8;1704240.0;;;;;;;;;;;;;;;;;;;;;1704240.0;0.0;424.0;False;G:\Experiments\PTT\Spheroids\05052025\06052025\Analysis\2025-05-06_113752_tube8_cropped_8bits2\17_0424_0_8bits.tiff;G:\Experiments\PTT\Spheroids\05052025\06052025\Analysis\2025-05-06_113752_tube8_segmentationDebug2\17_0424_0_segmented.tiff;1292.0;(72. 71);150.225395798683;0.915662650602409;40.5589138389803;0.71942522921605;0.815162094622404;546.857641442022;0.970333532550096;0.937058088571672;0.916455741840785;;;;;1704240.0;0.0;424.0;False;G:\Experiments\PTT\Spheroids\05052025\07052025 after laser\Analysis\2025-05-07_151807_tube8_cropped_8bits2\17_0424_0_8bits.tiff;G:\Experiments\PTT\Spheroids\05052025\07052025 after laser\Analysis\2025-05-07_151807_tube8_segmentationDebug2\17_0424_0_segmented.tiff;1857.0;(74. 76);195.539103746414;0.903649635036496;48.625156396388;0.610315679161575;0.621888960813074;379.941296701435;0.96058535494747;0.911018473302851;0.926065461164302;45.38910004954244;55.0;Dead;;0.0;0.0;0.0;;;;565.0;;45.31370794773102;-0.012013015565913054;8.066242557407698;-0.10910955005447498;-0.19327313380932998;-166.91634474058696;-0.00974817760262603;-0.026039615268821037;0.009609719323516952;;;;
3;Tube 8;1806240.0;;;;;;;;;;;;;;;;;;;;;1806240.0;0.0;624.0;False;G:\Experiments\PTT\Spheroids\05052025\06052025\Analysis\2025-05-06_113752_tube8_cropped_8bits2\18_0624_0_8bits.tiff;G:\Experiments\PTT\Spheroids\05052025\06052025\Analysis\2025-05-06_113752_tube8_segmentationDebug2\18_0624_0_segmented.tiff;1265.5;(76. 78);155.154327511787;0.910104279036317;40.1408102043587;0.660608605753493;0.879361475442444;305.529908981624;0.969310018060271;0.938220522665348;0.917879663525914;;;;;;;;;;;;;;;;;;;;;;;;;;;;;;;;;;;;;;;;;;;;;;
3;Tube 8;1808240.0;;;;;;;;;;;;;;;;;;;;;;;;;;;;;;;;;;;;;;;;;;1808240.0;0.0;824.0;False;G:\Experiments\PTT\Spheroids\05052025\07052025 after laser\Analysis\2025-05-07_151807_tube8_cropped_8bits2\18_0824_0_8bits.tiff;G:\Experiments\PTT\Spheroids\05052025\07052025 after laser\Analysis\2025-05-07_151807_tube8_segmentationDebug2\18_0824_0_segmented.tiff;1751.0;(70. 74);176.710676431655;0.918436926304746;47.2169719786357;0.704645092225301;0.938146110986528;891.897122890587;0.969826963882708;0.915978349417416;0.874809945988151;23.398434213833323;56.0;Dead;;;;;;;;;;;;;;;;;;;;;;
3;Tube 8;1909240.0;;;;;;;;;;;;;;;;;;;;;1909240.0;0.0;924.0;False;G:\Experiments\PTT\Spheroids\05052025\06052025\Analysis\2025-05-06_113752_tube8_cropped_8bits2\19_0924_0_8bits.tiff;G:\Experiments\PTT\Spheroids\05052025\06052025\Analysis\2025-05-06_113752_tube8_segmentationDebug2\19_0924_0_segmented.tiff;1322.5;(72. 75);146.325900793075;0.9487087517934;41.0348546715137;0.77618122255863;0.867659373284836;529.579799756305;0.970180646805406;0.936008935135746;0.926542223812874;;;;;;;;;;;;;;;;;;;;;;;;;;;;;;;;;;;;;;;;;;;;;;
3;Tube 8;1911240.0;;;;;;;;;;;;;;;;;;;;;;;;;;;;;;;;;;;;;;;;;;1911240.0;0.0;1124.0;False;G:\Experiments\PTT\Spheroids\05052025\07052025 after laser\Analysis\2025-05-07_151807_tube8_cropped_8bits2\19_1124_0_8bits.tiff;G:\Experiments\PTT\Spheroids\05052025\07052025 after laser\Analysis\2025-05-07_151807_tube8_segmentationDebug2\19_1124_0_segmented.tiff;1470.5;(73. 71);159.639608860015;0.936624203821656;43.270067604905;0.725092783469669;0.830837513415004;281.053160934996;0.972376468180652;0.928962836292932;0.920509575929881;91.01264030339654;47.0;Alive;;;;;;;;;;;;;;;;;;;;;;
3;Tube 8;2012240.0;;;;;;;;;;;;;;;;;;;;;2012240.0;0.0;1224.0;False;G:\Experiments\PTT\Spheroids\05052025\06052025\Analysis\2025-05-06_113752_tube8_cropped_8bits2\20_1224_0_8bits.tiff;G:\Experiments\PTT\Spheroids\05052025\06052025\Analysis\2025-05-06_113752_tube8_segmentationDebug2\20_1224_0_segmented.tiff;1261.0;(73. 73);149.740114212036;0.914430746918056;40.0693781572791;0.706722031817504;0.831046849861166;512.895005783021;0.968552669554222;0.938795851853395;0.915522954317143;;;;;;;;;;;;;;;;;;;;;;;;;;;;;;;;;;;;;;;;;;;;;;
3;Tube 8;208050.0;;;;;;;;;;;;;;;;;;;;;208050.0;0.0;805.0;True;G:\Experiments\PTT\Spheroids\05052025\06052025\Analysis\2025-05-06_113752_tube8_cropped_8bits2\2_0805_0_8bits.tiff;G:\Experiments\PTT\Spheroids\05052025\06052025\Analysis\2025-05-06_113752_tube8_segmentationDebug2\2_0805_0_segmented.tiff;1689.5;(77. 72);177.438598513603;0.903475935828877;46.38036449652;0.674329040001648;0.799020248616617;584.724698932579;0.951161973188491;0.891068042480762;0.907026213345349;;;;;;;;;;;;;;;;;;;;;;;;;;;;;;;;;;;;;;;;;;;;;;
3;Tube 8;208051.0;;;;;;;;;;;;;;;;;;;;;208051.0;0.0;805.0;True;G:\Experiments\PTT\Spheroids\05052025\06052025\Analysis\2025-05-06_113752_tube8_cropped_8bits2\2_0805_1_8bits.tiff;G:\Experiments\PTT\Spheroids\05052025\06052025\Analysis\2025-05-06_113752_tube8_segmentationDebug2\2_0805_1_segmented.tiff;729.0;(70. 75);128.083260178565;0.870447761194029;30.4662375115788;0.558409303753352;0.56488872689711;461.897340435687;0.979957381943435;0.962972418433739;0.882664373689719;;;;;;;;;;;;;;;;;;;;;;;;;;;;;;;;;;;;;;;;;;;;;;
3;Tube 8;209050.0;;;;;;;;;;;;;;;;;;;;;;;;;;;;;;;;;;;;;;;;;;209050.0;0.0;905.0;False;G:\Experiments\PTT\Spheroids\05052025\07052025 after laser\Analysis\2025-05-07_151807_tube8_cropped_8bits2\2_0905_0_8bits.tiff;G:\Experiments\PTT\Spheroids\05052025\07052025 after laser\Analysis\2025-05-07_151807_tube8_segmentationDebug2\2_0905_0_segmented.tiff;2062.5;(80. 88);216.267026185989;0.871908687381103;51.2450637721944;0.554144726122593;0.762601818333071;488.656744376604;0.961782648277728;0.900894790144153;0.909580661251701;117.37755263595751;37.0;Alive;;;;;;;;;;;;;;;;;;;;;;
3;Tube 8;209050.0;;;;;;;;;;;;;;;;;;;;;;;;;;;;;;;;;;;;;;;;;;209050.0;1.0;905.0;False;G:\Experiments\PTT\Spheroids\05052025\07052025 after laser\Analysis\2025-05-07_151807_tube8_cropped_8bits2\2_0905_0_8bits.tiff;G:\Experiments\PTT\Spheroids\05052025\07052025 after laser\Analysis\2025-05-07_151807_tube8_segmentationDebug2\2_0905_0_segmented.tiff;1032.5;(65. 39);148.811181902885;0.860775323051271;36.2576864945773;0.585907142569444;0.767759456701316;137.014325042746;0.97772835762666;0.948795662729959;0.917534181614959;117.37755263595751;37.0;Alive;;;;;;;;;;;;;;;;;;;;;;
3;Tube 8;311050.0;;;;;;;;;;;;;;;;;;;;;311050.0;0.0;1105.0;False;G:\Experiments\PTT\Spheroids\05052025\06052025\Analysis\2025-05-06_113752_tube8_cropped_8bits2\3_1105_0_8bits.tiff;G:\Experiments\PTT\Spheroids\05052025\06052025\Analysis\2025-05-06_113752_tube8_segmentationDebug2\3_1105_0_segmented.tiff;847.5;(73. 78);125.012192606925;0.914732865623313;32.8492087296338;0.681466993892182;0.898135507621649;406.023018752563;0.979600353468856;0.957925015029553;0.907657364884138;;;;;;;;;;;;;;;;;;;;;;;;;;;;;;;;;;;;;;;;;;;;;;
3;Tube 8;313050.0;;;;;;;;;;;;;;;;;;;;;;;;;;;;;;;;;;;;;;;;;;313050.0;0.0;1305.0;False;G:\Experiments\PTT\Spheroids\05052025\07052025 after laser\Analysis\2025-05-07_151807_tube8_cropped_8bits2\3_1305_0_8bits.tiff;G:\Experiments\PTT\Spheroids\05052025\07052025 after laser\Analysis\2025-05-07_151807_tube8_segmentationDebug2\3_1305_0_segmented.tiff;1041.5;(97. 103);136.325900793075;0.917217084984588;36.4153674407065;0.704226536850831;0.954790833939521;181.22429045477;0.979771477098283;0.948969072149562;0.929492506166443;117.76571102816962;37.0;Alive;;;;;;;;;;;;;;;;;;;;;;
3;Tube 8;313050.0;;;;;;;;;;;;;;;;;;;;;;;;;;;;;;;;;;;;;;;;;;313050.0;1.0;1305.0;False;G:\Experiments\PTT\Spheroids\05052025\07052025 after laser\Analysis\2025-05-07_151807_tube8_cropped_8bits2\3_1305_0_8bits.tiff;G:\Experiments\PTT\Spheroids\05052025\07052025 after laser\Analysis\2025-05-07_151807_tube8_segmentationDebug2\3_1305_0_segmented.tiff;1837.5;(70. 61);208.610171318054;0.858043427504085;48.3691809259869;0.53059878638704;0.596507809693185;391.21534370122;0.964506781858538;0.911336772906447;0.924747435823339;117.76571102816962;37.0;Alive;;;;;;;;;;;;;;;;;;;;;;
3;Tube 8;415040.0;;;;;;;;;;;;;;;;;;;;;415040.0;0.0;1504.0;False;G:\Experiments\PTT\Spheroids\05052025\06052025\Analysis\2025-05-06_113752_tube8_cropped_8bits2\4_1504_0_8bits.tiff;G:\Experiments\PTT\Spheroids\05052025\06052025\Analysis\2025-05-06_113752_tube8_segmentationDebug2\4_1504_0_segmented.tiff;1775.0;(70. 30);179.882250070571;0.917312661498708;47.5394593143939;0.689337014238226;0.775452333642192;447.9568089857;0.947608480465187;0.87968471160753;0.92501039284831;;;;;;;;;;;;;;;;;;;;;;;;;;;;;;;;;;;;;;;;;;;;;;
3;Tube 8;514010.0;;;;;;;;;;;;;;;;;;;;;;;;;;;;;;;;;;;;;;;;;;514010.0;0.0;1401.0;False;G:\Experiments\PTT\Spheroids\05052025\07052025 after laser\Analysis\2025-05-07_151807_tube8_cropped_8bits2\5_1401_0_8bits.tiff;G:\Experiments\PTT\Spheroids\05052025\07052025 after laser\Analysis\2025-05-07_151807_tube8_segmentationDebug2\5_1401_0_segmented.tiff;2400.0;(75. 68);217.539103627204;0.903954802259887;55.2790639154136;0.637303694850291;0.768140868811968;587.211514622938;0.961763612073916;0.886281703507052;0.938094539829483;97.58147463313993;37.0;Alive;;;;;;;;;;;;;;;;;;;;;;
3;Tube 8;515020.0;;;;;;;;;;;;;;;;;;;;;515020.0;0.0;1502.0;False;G:\Experiments\PTT\Spheroids\05052025\06052025\Analysis\2025-05-06_113752_tube8_cropped_8bits2\5_1502_0_8bits.tiff;G:\Experiments\PTT\Spheroids\05052025\06052025\Analysis\2025-05-06_113752_tube8_segmentationDebug2\5_1502_0_segmented.tiff;1648.0;(80. 66);174.367530465126;0.917594654788418;45.8071912446457;0.681139141858776;0.857030678668941;639.867796399751;0.961792696421022;0.920367214973964;0.904985200958075;;;;;;;;;;;;;;;;;;;;;;;;;;;;;;;;;;;;;;;;;;;;;;
3;Tube 8;611010.0;;;;;;;;;;;;;;;;;;;;;;;;;;;;;;;;;;;;;;;;;;611010.0;0.0;1101.0;False;G:\Experiments\PTT\Spheroids\05052025\07052025 after laser\Analysis\2025-05-07_151807_tube8_cropped_8bits2\6_1101_0_8bits.tiff;G:\Experiments\PTT\Spheroids\05052025\07052025 after laser\Analysis\2025-05-07_151807_tube8_segmentationDebug2\6_1101_0_segmented.tiff;1836.0;(79. 78);181.053822636604;0.910037174721189;48.3494343724283;0.703828978050767;0.95001063448865;462.897730530339;0.966902235905315;0.912058330442858;0.923152298193142;94.05819076536848;37.0;Alive;;;;;;;;;;;;;;;;;;;;;;
3;Tube 8;612010.0;;;;;;;;;;;;;;;;;;;;;612010.0;0.0;1201.0;False;G:\Experiments\PTT\Spheroids\05052025\06052025\Analysis\2025-05-06_113752_tube8_cropped_8bits2\6_1201_0_8bits.tiff;G:\Experiments\PTT\Spheroids\05052025\06052025\Analysis\2025-05-06_113752_tube8_segmentationDebug2\6_1201_0_segmented.tiff;1651.5;(74. 73);165.296463131904;0.938885730528709;45.8558077906182;0.75955866063205;0.912232366428074;632.163237491828;0.960879304323093;0.920719309270948;0.917753947586521;;;;;;;;;;;;;;;;;;;;;;;;;;;;;;;;;;;;;;;;;;;;;;
3;Tube 8;708010.0;;;;;;;;;;;;;;;;;;;;;;;;;;;;;;;;;;;;;;;;;;708010.0;0.0;801.0;False;G:\Experiments\PTT\Spheroids\05052025\07052025 after laser\Analysis\2025-05-07_151807_tube8_cropped_8bits2\7_0801_0_8bits.tiff;G:\Experiments\PTT\Spheroids\05052025\07052025 after laser\Analysis\2025-05-07_151807_tube8_segmentationDebug2\7_0801_0_segmented.tiff;1908.0;(79. 80);182.024385213851;0.922184630256162;49.2883459993809;0.723650870037508;0.97992941005662;467.701848427959;0.966173373397692;0.908841443869854;0.924131715776487;69.93265377249276;51.0;Alive;;;;;;;;;;;;;;;;;;;;;;
3;Tube 8;709010.0;;;;;;;;;;;;;;;;;;;;;709010.0;0.0;901.0;False;G:\Experiments\PTT\Spheroids\05052025\06052025\Analysis\2025-05-06_113752_tube8_cropped_8bits2\7_0901_0_8bits.tiff;G:\Experiments\PTT\Spheroids\05052025\06052025\Analysis\2025-05-06_113752_tube8_segmentationDebug2\7_0901_0_segmented.tiff;1671.0;(79. 75);170.911687254905;0.91137169348241;46.1257333736002;0.718857471109826;0.919003752051165;707.354224223757;0.965714363866529;0.919656713066752;0.917583472765897;;;;;;;;;;;;;;;;;;;;;;;;;;;;;;;;;;;;;;;;;;;;;;
3;Tube 8;805010.0;;;;;;;;;;;;;;;;;;;;;;;;;;;;;;;;;;;;;;;;;;805010.0;0.0;501.0;False;G:\Experiments\PTT\Spheroids\05052025\07052025 after laser\Analysis\2025-05-07_151807_tube8_cropped_8bits2\8_0501_0_8bits.tiff;G:\Experiments\PTT\Spheroids\05052025\07052025 after laser\Analysis\2025-05-07_151807_tube8_segmentationDebug2\8_0501_0_segmented.tiff;2146.5;(75. 72);227.78174495697;0.847246891651865;52.2781855344466;0.519879778970471;0.86279419709912;1151.55319892957;0.969178772674706;0.897074044021806;0.858226186622799;7.931815201073885;72.0;Dead;;;;;;;;;;;;;;;;;;;;;;
3;Tube 8;806010.0;;;;;;;;;;;;;;;;;;;;;806010.0;0.0;601.0;False;G:\Experiments\PTT\Spheroids\05052025\06052025\Analysis\2025-05-06_113752_tube8_cropped_8bits2\8_0601_0_8bits.tiff;G:\Experiments\PTT\Spheroids\05052025\06052025\Analysis\2025-05-06_113752_tube8_segmentationDebug2\8_0601_0_segmented.tiff;1511.5;(76. 77);173.982754945755;0.876485937953029;43.8691414535;0.627488265592151;0.983389667596735;834.333930369062;0.971759866422953;0.926704764497905;0.908400945634941;;;;;;;;;;;;;;;;;;;;;;;;;;;;;;;;;;;;;;;;;;;;;;
3;Tube 8;902020.0;;;;;;;;;;;;;;;;;;;;;;;;;;;;;;;;;;;;;;;;;;902020.0;0.0;202.0;False;G:\Experiments\PTT\Spheroids\05052025\07052025 after laser\Analysis\2025-05-07_151807_tube8_cropped_8bits2\9_0202_0_8bits.tiff;G:\Experiments\PTT\Spheroids\05052025\07052025 after laser\Analysis\2025-05-07_151807_tube8_segmentationDebug2\9_0202_0_segmented.tiff;1838.5;(78. 72);180.953317403793;0.919479869967491;48.3823408176536;0.705570475344835;0.8466630719427;360.466352515517;0.968104677959869;0.911776495771425;0.927571142026706;58.70591873620404;51.0;Alive;;;;;;;;;;;;;;;;;;;;;;
3;Tube 8;903010.0;;;;;;;;;;;;;;;;;;;;;903010.0;0.0;301.0;False;G:\Experiments\PTT\Spheroids\05052025\06052025\Analysis\2025-05-06_113752_tube8_cropped_8bits2\9_0301_0_8bits.tiff;G:\Experiments\PTT\Spheroids\05052025\06052025\Analysis\2025-05-06_113752_tube8_segmentationDebug2\9_0301_0_segmented.tiff;1298.0;(73. 79);153.882249474525;0.897959183673469;40.6529817979719;0.688822784372836;0.951090861172306;312.372850678733;0.973901640740014;0.93684032933128;0.916156082160451;;;;;;;;;;;;;;;;;;;;;;;;;;;;;;;;;;;;;;;;;;;;;;
4;Tube 1;1002020.0;1002020.0;0.0;202.0;False;J:\Culture Cellulaire 3D Microfluidique\PTT\20260310 MCF7\20260311\Analysis\2026-03-11_103218_mcf7_ptt_tube1_cropped_8bits2\10_0202_0_8bits.tiff;J:\Culture Cellulaire 3D Microfluidique\PTT\20260310 MCF7\20260311\Analysis\2026-03-11_103218_mcf7_ptt_tube1_segmentationDebug2\10_0202_0_segmented.tiff;1403.5;(78. 75);159.497473835945;0.909886547811993;42.2728246162449;0.693289564280315;0.969355336413676;533.824511737633;0.972803666091309;0.931984048428153;0.910075163558355;5.597449696687227;77.0;Dead;1002020.0;0.0;202.0;False;J:\Culture Cellulaire 3D Microfluidique\PTT\20260310 MCF7\20260312 before laser\Analysis\2026-03-12_135739_mcf7_ptt_tube1_cropped_8bits2\10_0202_0_8bits.tiff;J:\Culture Cellulaire 3D Microfluidique\PTT\20260310 MCF7\20260312 before laser\Analysis\2026-03-12_135739_mcf7_ptt_tube1_segmentationDebug2\10_0202_0_segmented.tiff;;(82. 81);190.267025232315;0.920401493930905;50.1018139636218;0.684352076089013;0.635312911929778;294.838755471484;0.965684184837757;0.905516433208323;0.922426860658387;1971.5;5.597449696687227;77.0;Dead;;;;;;;;;;;;;;;;;;;;;;;;;;;;;;;;;;;;;;;;;;
4;Tube 1;1002030.0;;;;;;;;;;;;;;;;;;;;;;;;;;;;;;;;;;;;;;;;;;1002030.0;0.0;203.0;False;J:\Culture Cellulaire 3D Microfluidique\PTT\20260310 MCF7\20260312 after laser\Analysis\2026-03-12_203000_mcf7_ptt_tube1_cropped_8bits2\10_0203_0_8bits.tiff;J:\Culture Cellulaire 3D Microfluidique\PTT\20260310 MCF7\20260312 after laser\Analysis\2026-03-12_203000_mcf7_ptt_tube1_segmentationDebug2\10_0203_0_segmented.tiff;;(76. 67);221.338093161582;0.880233690360272;53.6425332278544;0.579703569932089;0.689194627160358;727.733299256077;0.973342059725004;0.893035980891209;0.893149091757932;5.597449696687227;77.0;Dead;2260.0;;;;;;;;;;;;;;;;;;;;;
4;Tube 1;103070.0;103070.0;0.0;307.0;False;J:\Culture Cellulaire 3D Microfluidique\PTT\20260310 MCF7\20260311\Analysis\2026-03-11_103218_mcf7_ptt_tube1_cropped_8bits2\1_0307_0_8bits.tiff;J:\Culture Cellulaire 3D Microfluidique\PTT\20260310 MCF7\20260311\Analysis\2026-03-11_103218_mcf7_ptt_tube1_segmentationDebug2\1_0307_0_segmented.tiff;2018.5;(80. 75);194.267025351524;0.913348416289592;50.6955029667122;0.672110124093215;0.859266978413887;546.953390199083;0.974379181635399;0.903948257890107;0.928579704741005;149.90205145757628;47.0;Alive;103070.0;0.0;307.0;False;J:\Culture Cellulaire 3D Microfluidique\PTT\20260310 MCF7\20260312 before laser\Analysis\2026-03-12_135739_mcf7_ptt_tube1_cropped_8bits2\1_0307_0_8bits.tiff;J:\Culture Cellulaire 3D Microfluidique\PTT\20260310 MCF7\20260312 before laser\Analysis\2026-03-12_135739_mcf7_ptt_tube1_segmentationDebug2\1_0307_0_segmented.tiff;;(78. 78);258.166520714759;0.87691346454233;59.7828018921127;0.529239722382737;0.80781197782696;717.178087253374;0.96258791814986;0.866807016847611;0.909776299187347;2807.0;149.90205145757628;47.0;Alive;;;;;;;;;;;;;;;;;;;;;;;;;;;;;;;;;;;;;;;;;;
4;Tube 1;1102050.0;1102050.0;0.0;205.0;False;J:\Culture Cellulaire 3D Microfluidique\PTT\20260310 MCF7\20260311\Analysis\2026-03-11_103218_mcf7_ptt_tube1_cropped_8bits2\11_0205_0_8bits.tiff;J:\Culture Cellulaire 3D Microfluidique\PTT\20260310 MCF7\20260311\Analysis\2026-03-11_103218_mcf7_ptt_tube1_segmentationDebug2\11_0205_0_segmented.tiff;1305.5;(78. 77);152.325900673866;0.923593915811814;40.7702615352385;0.707032261339154;0.835777050018863;375.608426772193;0.972885196022345;0.936424163589619;0.916930869658589;54.079975531070446;51.0;Alive;1102050.0;0.0;205.0;False;J:\Culture Cellulaire 3D Microfluidique\PTT\20260310 MCF7\20260312 before laser\Analysis\2026-03-12_135739_mcf7_ptt_tube1_cropped_8bits2\11_0205_0_8bits.tiff;J:\Culture Cellulaire 3D Microfluidique\PTT\20260310 MCF7\20260312 before laser\Analysis\2026-03-12_135739_mcf7_ptt_tube1_segmentationDebug2\11_0205_0_segmented.tiff;;(71. 74);186.710676908493;0.918588235294117;49.853421059372;0.703641377970989;0.831221296605847;208.70598015624;0.972694838116077;0.906812558973099;0.934242705803859;1952.0;54.079975531070446;51.0;Alive;;;;;;;;;;;;;;;;;;;;;;;;;;;;;;;;;;;;;;;;;;
4;Tube 1;1102060.0;;;;;;;;;;;;;;;;;;;;;;;;;;;;;;;;;;;;;;;;;;1102060.0;0.0;206.0;False;J:\Culture Cellulaire 3D Microfluidique\PTT\20260310 MCF7\20260312 after laser\Analysis\2026-03-12_203000_mcf7_ptt_tube1_cropped_8bits2\11_0206_0_8bits.tiff;J:\Culture Cellulaire 3D Microfluidique\PTT\20260310 MCF7\20260312 after laser\Analysis\2026-03-12_203000_mcf7_ptt_tube1_segmentationDebug2\11_0206_0_segmented.tiff;;(75. 73);197.438598394393;0.933234105889857;52.8594757912081;0.707426510108298;0.848831809627777;591.41628959276;0.960209390501376;0.895825219111491;0.895815534109073;54.079975531070446;51.0;Alive;2194.5;;;;;;;;;;;;;;;;;;;;;
4;Tube 1;1202080.0;1202080.0;0.0;208.0;False;J:\Culture Cellulaire 3D Microfluidique\PTT\20260310 MCF7\20260311\Analysis\2026-03-11_103218_mcf7_ptt_tube1_cropped_8bits2\12_0208_0_8bits.tiff;J:\Culture Cellulaire 3D Microfluidique\PTT\20260310 MCF7\20260311\Analysis\2026-03-11_103218_mcf7_ptt_tube1_segmentationDebug2\12_0208_0_segmented.tiff;1200.0;(78. 75);165.053822517395;0.855005343783398;39.0882009522335;0.553528436244318;0.801898927808622;402.653259856144;0.977263628352455;0.940789049816494;0.922731049399283;6.3411667892540615;73.0;Dead;;;;;;;;;;;;;;;;;;;;;;;;;;;;;;;;;;;;;;;;;;;;;;;;;;;;;;;;;;;;;;;
4;Tube 1;1302110.0;1302110.0;0.0;211.0;True;J:\Culture Cellulaire 3D Microfluidique\PTT\20260310 MCF7\20260311\Analysis\2026-03-11_103218_mcf7_ptt_tube1_cropped_8bits2\13_0211_0_8bits.tiff;J:\Culture Cellulaire 3D Microfluidique\PTT\20260310 MCF7\20260311\Analysis\2026-03-11_103218_mcf7_ptt_tube1_segmentationDebug2\13_0211_0_segmented.tiff;758.5;(76. 73);115.840619564056;0.927261613691931;31.0765537774319;0.710303093076845;0.822641194840687;241.081002449594;0.986639734356118;0.962209535947066;0.932210448159211;7.100541083769672;62.0;Dead;1302110.0;0.0;211.0;True;J:\Culture Cellulaire 3D Microfluidique\PTT\20260310 MCF7\20260312 before laser\Analysis\2026-03-12_135739_mcf7_ptt_tube1_cropped_8bits2\13_0211_0_8bits.tiff;J:\Culture Cellulaire 3D Microfluidique\PTT\20260310 MCF7\20260312 before laser\Analysis\2026-03-12_135739_mcf7_ptt_tube1_segmentationDebug2\13_0211_0_segmented.tiff;;(75. 78);150.225395441055;0.919222139117427;39.5576971078893;0.68434490008999;0.69202329742684;295.084708983813;0.980428886501369;0.939852783529551;0.91911491205454;1229.0;7.100541083769672;62.0;Dead;;;;;;;;;;;;;;;;;;;;;;;;;;;;;;;;;;;;;;;;;;
4;Tube 1;1302111.0;1302111.0;0.0;211.0;True;J:\Culture Cellulaire 3D Microfluidique\PTT\20260310 MCF7\20260311\Analysis\2026-03-11_103218_mcf7_ptt_tube1_cropped_8bits2\13_0211_1_8bits.tiff;J:\Culture Cellulaire 3D Microfluidique\PTT\20260310 MCF7\20260311\Analysis\2026-03-11_103218_mcf7_ptt_tube1_segmentationDebug2\13_0211_1_segmented.tiff;701.0;(77. 69);122.911687135696;0.872976338729763;29.875423358663;0.583097959913985;0.689331751556562;434.417517660301;0.989049913833174;0.964907184038697;0.925494676022792;7.100541083769672;62.0;Dead;;;;;;;;;;;;;;;;;;;;;;;;;;;;;;;;;;;;;;;;;;;;;;;;;;;;;;;;;;;;;;;
4;Tube 1;1302130.0;;;;;;;;;;;;;;;;;;;;;;;;;;;;;;;;;;;;;;;;;;1302130.0;0.0;213.0;False;J:\Culture Cellulaire 3D Microfluidique\PTT\20260310 MCF7\20260312 after laser\Analysis\2026-03-12_203000_mcf7_ptt_tube1_cropped_8bits2\13_0213_0_8bits.tiff;J:\Culture Cellulaire 3D Microfluidique\PTT\20260310 MCF7\20260312 after laser\Analysis\2026-03-12_203000_mcf7_ptt_tube1_segmentationDebug2\13_0213_0_segmented.tiff;;(78. 78);271.237588524818;0.799051842789417;57.6744164306897;0.446237859798273;0.688437713924546;591.037810161191;0.959794251295238;0.87510226705157;0.908902225492047;7.100541083769672;62.0;Dead;2612.5;;;;;;;;;;;;;;;;;;;;;
4;Tube 1;1402140.0;1402140.0;0.0;214.0;True;J:\Culture Cellulaire 3D Microfluidique\PTT\20260310 MCF7\20260311\Analysis\2026-03-11_103218_mcf7_ptt_tube1_cropped_8bits2\14_0214_0_8bits.tiff;J:\Culture Cellulaire 3D Microfluidique\PTT\20260310 MCF7\20260311\Analysis\2026-03-11_103218_mcf7_ptt_tube1_segmentationDebug2\14_0214_0_segmented.tiff;470.5;(74. 76);100.183765530586;0.860146252285191;24.4756860128147;0.589080693569394;0.780370274691699;583.018817355186;0.989345918860644;0.975719705982273;0.898544540976312;45.65640088262925;59.0;Dead;;;;;;;;;;;;;;;;;;;;;;;;;;;;;;;;;;;;;;;;;;;;;;;;;;;;;;;;;;;;;;;
4;Tube 1;1402141.0;1402141.0;0.0;214.0;True;J:\Culture Cellulaire 3D Microfluidique\PTT\20260310 MCF7\20260311\Analysis\2026-03-11_103218_mcf7_ptt_tube1_cropped_8bits2\14_0214_1_8bits.tiff;J:\Culture Cellulaire 3D Microfluidique\PTT\20260310 MCF7\20260311\Analysis\2026-03-11_103218_mcf7_ptt_tube1_segmentationDebug2\14_0214_1_segmented.tiff;676.0;(76. 67);121.597978949546;0.846057571964956;29.3378583444833;0.574518273342646;0.606059547373008;380.467348458858;0.989363286940863;0.965843124714976;0.924982615489567;45.65640088262925;59.0;Dead;;;;;;;;;;;;;;;;;;;;;;;;;;;;;;;;;;;;;;;;;;;;;;;;;;;;;;;;;;;;;;;
4;Tube 1;1402160.0;;;;;;;;;;;;;;;;;;;;;;;;;;;;;;;;;;;;;;;;;;1402160.0;0.0;216.0;False;J:\Culture Cellulaire 3D Microfluidique\PTT\20260310 MCF7\20260312 after laser\Analysis\2026-03-12_203000_mcf7_ptt_tube1_cropped_8bits2\14_0216_0_8bits.tiff;J:\Culture Cellulaire 3D Microfluidique\PTT\20260310 MCF7\20260312 after laser\Analysis\2026-03-12_203000_mcf7_ptt_tube1_segmentationDebug2\14_0216_0_segmented.tiff;;(45. 76);159.982754826545;0.789285714285714;35.5842201999582;0.488279296028797;0.87716837260499;466.223138334396;0.981401750257652;0.950208845197341;0.896341111441142;45.65640088262925;59.0;Dead;994.5;;;;;;;;;;;;;;;;;;;;;
4;Tube 1;1402160.0;;;;;;;;;;;;;;;;;;;;;;;;;;;;;;;;;;;;;;;;;;1402160.0;1.0;216.0;False;J:\Culture Cellulaire 3D Microfluidique\PTT\20260310 MCF7\20260312 after laser\Analysis\2026-03-12_203000_mcf7_ptt_tube1_cropped_8bits2\14_0216_0_8bits.tiff;J:\Culture Cellulaire 3D Microfluidique\PTT\20260310 MCF7\20260312 after laser\Analysis\2026-03-12_203000_mcf7_ptt_tube1_segmentationDebug2\14_0216_0_segmented.tiff;;(104. 68);156.083259940147;0.715129486597001;31.6550078456248;0.405949435804721;0.776316098460789;251.569777868842;0.986381473653799;0.95940541070952;0.895883244963023;45.65640088262925;59.0;Dead;787.0;;;;;;;;;;;;;;;;;;;;;
4;Tube 1;1502170.0;1502170.0;0.0;217.0;True;J:\Culture Cellulaire 3D Microfluidique\PTT\20260310 MCF7\20260311\Analysis\2026-03-11_103218_mcf7_ptt_tube1_cropped_8bits2\15_0217_0_8bits.tiff;J:\Culture Cellulaire 3D Microfluidique\PTT\20260310 MCF7\20260311\Analysis\2026-03-11_103218_mcf7_ptt_tube1_segmentationDebug2\15_0217_0_segmented.tiff;731.5;(72. 75);113.497473716735;0.915519399249061;30.5184325772765;0.713595010385646;0.910064421833221;361.285949391172;0.982199542285764;0.963426934875289;0.900016393715927;90.15416882104911;37.0;Alive;1502170.0;0.0;217.0;True;J:\Culture Cellulaire 3D Microfluidique\PTT\20260310 MCF7\20260312 before laser\Analysis\2026-03-12_135739_mcf7_ptt_tube1_cropped_8bits2\15_0217_0_8bits.tiff;J:\Culture Cellulaire 3D Microfluidique\PTT\20260310 MCF7\20260312 before laser\Analysis\2026-03-12_135739_mcf7_ptt_tube1_segmentationDebug2\15_0217_0_segmented.tiff;;(82. 76);131.497473597526;0.922267946959305;35.833811977871;0.732910508336596;0.891626634593819;449.198513081121;0.982967997704042;0.950666234704255;0.921072987168163;1008.5;90.15416882104911;37.0;Alive;;;;;;;;;;;;;;;;;;;;;;;;;;;;;;;;;;;;;;;;;;
4;Tube 1;1502171.0;1502171.0;0.0;217.0;True;J:\Culture Cellulaire 3D Microfluidique\PTT\20260310 MCF7\20260311\Analysis\2026-03-11_103218_mcf7_ptt_tube1_cropped_8bits2\15_0217_1_8bits.tiff;J:\Culture Cellulaire 3D Microfluidique\PTT\20260310 MCF7\20260311\Analysis\2026-03-11_103218_mcf7_ptt_tube1_segmentationDebug2\15_0217_1_segmented.tiff;527.5;(80. 71);111.012192487716;0.833333333333333;25.9158997499179;0.537886900680187;0.640071092228085;386.63063121727;0.987157010428388;0.972811509971693;0.897686997259853;90.15416882104911;37.0;Alive;1502171.0;0.0;217.0;True;J:\Culture Cellulaire 3D Microfluidique\PTT\20260310 MCF7\20260312 before laser\Analysis\2026-03-12_135739_mcf7_ptt_tube1_cropped_8bits2\15_0217_1_8bits.tiff;J:\Culture Cellulaire 3D Microfluidique\PTT\20260310 MCF7\20260312 before laser\Analysis\2026-03-12_135739_mcf7_ptt_tube1_segmentationDebug2\15_0217_1_segmented.tiff;;(88. 63);108.426406025886;0.883480825958702;27.6164894093431;0.640275024184532;0.89371950645674;653.938989984483;0.99023999492219;0.969633151748002;0.883255690082439;599.0;90.15416882104911;37.0;Alive;;;;;;;;;;;;;;;;;;;;;;;;;;;;;;;;;;;;;;;;;;
4;Tube 1;1502190.0;;;;;;;;;;;;;;;;;;;;;;;;;;;;;;;;;;;;;;;;;;1502190.0;0.0;219.0;True;J:\Culture Cellulaire 3D Microfluidique\PTT\20260310 MCF7\20260312 after laser\Analysis\2026-03-12_203000_mcf7_ptt_tube1_cropped_8bits2\15_0219_0_8bits.tiff;J:\Culture Cellulaire 3D Microfluidique\PTT\20260310 MCF7\20260312 after laser\Analysis\2026-03-12_203000_mcf7_ptt_tube1_segmentationDebug2\15_0219_0_segmented.tiff;;(74. 78);155.982754945755;0.881169324221716;38.4394913034129;0.599379431908613;0.680066546830216;400.492714570858;0.978523154403454;0.942716010455923;0.899237925950309;90.15416882104911;37.0;Alive;1160.5;;;;;;;;;;;;;;;;;;;;;
4;Tube 1;1502191.0;;;;;;;;;;;;;;;;;;;;;;;;;;;;;;;;;;;;;;;;;;1502191.0;0.0;219.0;True;J:\Culture Cellulaire 3D Microfluidique\PTT\20260310 MCF7\20260312 after laser\Analysis\2026-03-12_203000_mcf7_ptt_tube1_cropped_8bits2\15_0219_1_8bits.tiff;J:\Culture Cellulaire 3D Microfluidique\PTT\20260310 MCF7\20260312 after laser\Analysis\2026-03-12_203000_mcf7_ptt_tube1_segmentationDebug2\15_0219_1_segmented.tiff;;(29. 86);107.840619564056;0.875821767713659;27.6280130857926;0.647790094537085;0.880712155618931;480.480920907433;0.987162771991828;0.969649055804887;0.894029694984978;89.15210789632748;37.0;Alive;599.5;;;;;;;;;;;;;;;;;;;;;
4;Tube 1;1602200.0;1602200.0;0.0;220.0;False;J:\Culture Cellulaire 3D Microfluidique\PTT\20260310 MCF7\20260311\Analysis\2026-03-11_103218_mcf7_ptt_tube1_cropped_8bits2\16_0220_0_8bits.tiff;J:\Culture Cellulaire 3D Microfluidique\PTT\20260310 MCF7\20260311\Analysis\2026-03-11_103218_mcf7_ptt_tube1_segmentationDebug2\16_0220_0_segmented.tiff;1388.5;(79. 76);167.982755064964;0.892065531641503;42.0463209789486;0.618338586036356;0.713893052834261;393.47660738714;0.972989426823172;0.932685759569335;0.926500223403998;89.15210789632748;37.0;Alive;1602200.0;0.0;220.0;False;J:\Culture Cellulaire 3D Microfluidique\PTT\20260310 MCF7\20260312 before laser\Analysis\2026-03-12_135739_mcf7_ptt_tube1_cropped_8bits2\16_0220_0_8bits.tiff;J:\Culture Cellulaire 3D Microfluidique\PTT\20260310 MCF7\20260312 before laser\Analysis\2026-03-12_135739_mcf7_ptt_tube1_segmentationDebug2\16_0220_0_segmented.tiff;;(76. 76);177.296463608741;0.935459183673469;48.3165055159406;0.732977480697742;0.664557356136007;446.15003806106;0.966060630036942;0.912511382700236;0.927792486241176;1833.5;89.15210789632748;37.0;Alive;;;;;;;;;;;;;;;;;;;;;;;;;;;;;;;;;;;;;;;;;;
4;Tube 1;1602220.0;;;;;;;;;;;;;;;;;;;;;;;;;;;;;;;;;;;;;;;;;;1602220.0;0.0;222.0;False;J:\Culture Cellulaire 3D Microfluidique\PTT\20260310 MCF7\20260312 after laser\Analysis\2026-03-12_203000_mcf7_ptt_tube1_cropped_8bits2\16_0222_0_8bits.tiff;J:\Culture Cellulaire 3D Microfluidique\PTT\20260310 MCF7\20260312 after laser\Analysis\2026-03-12_203000_mcf7_ptt_tube1_segmentationDebug2\16_0222_0_segmented.tiff;;(73. 75);197.882249712944;0.838217774600905;47.324711929278;0.56449750285828;0.8592393766912;352.074471204212;0.967920994309624;0.914871933701978;0.915291678161793;96.35442079276419;37.0;Alive;1759.0;;;;;;;;;;;;;;;;;;;;;
4;Tube 1;1702230.0;1702230.0;0.0;223.0;False;J:\Culture Cellulaire 3D Microfluidique\PTT\20260310 MCF7\20260311\Analysis\2026-03-11_103218_mcf7_ptt_tube1_cropped_8bits2\17_0223_0_8bits.tiff;J:\Culture Cellulaire 3D Microfluidique\PTT\20260310 MCF7\20260311\Analysis\2026-03-11_103218_mcf7_ptt_tube1_segmentationDebug2\17_0223_0_segmented.tiff;1515.5;(81. 70);220.953317403793;0.750433275563258;43.9271502609279;0.390089941190933;0.39355338573314;367.35687935735;0.966075130686579;0.924948683016108;0.909729091853558;96.35442079276419;37.0;Alive;;;;;;;;;;;;;;;;;;;;;;;;;;;;;;;;;;;;;;;;;;;;;;;;;;;;;;;;;;;;;;;
4;Tube 1;1805240.0;;;;;;;;;;;;;;;;;;;;;1805240.0;0.0;524.0;False;J:\Culture Cellulaire 3D Microfluidique\PTT\20260310 MCF7\20260312 before laser\Analysis\2026-03-12_135739_mcf7_ptt_tube1_cropped_8bits2\18_0524_0_8bits.tiff;J:\Culture Cellulaire 3D Microfluidique\PTT\20260310 MCF7\20260312 before laser\Analysis\2026-03-12_135739_mcf7_ptt_tube1_segmentationDebug2\18_0524_0_segmented.tiff;;(81. 72);160.811181902885;0.837025910627112;37.6699545076356;0.541573554388586;0.793949992756176;433.738980791512;0.977472834564346;0.944683474852087;0.900107220815541;1114.5;95.85339033040337;37.0;Alive;;;;;;;;;;;;;;;;;;;;;;;;;;;;;;;;;;;;;;;;;;
4;Tube 1;1806240.0;;;;;;;;;;;;;;;;;;;;;;;;;;;;;;;;;;;;;;;;;;1806240.0;0.0;624.0;False;J:\Culture Cellulaire 3D Microfluidique\PTT\20260310 MCF7\20260312 after laser\Analysis\2026-03-12_203000_mcf7_ptt_tube1_cropped_8bits2\18_0624_0_8bits.tiff;J:\Culture Cellulaire 3D Microfluidique\PTT\20260310 MCF7\20260312 after laser\Analysis\2026-03-12_203000_mcf7_ptt_tube1_segmentationDebug2\18_0624_0_segmented.tiff;;(66. 78);165.639608979225;0.898408398239078;41.0968643097158;0.607559372842231;0.642194395507656;295.153885793413;0.973135662511688;0.927248639909641;0.916549743164117;95.85339033040337;37.0;Alive;1326.5;;;;;;;;;;;;;;;;;;;;;
4;Tube 1;1908240.0;1908240.0;0.0;824.0;False;J:\Culture Cellulaire 3D Microfluidique\PTT\20260310 MCF7\20260311\Analysis\2026-03-11_103218_mcf7_ptt_tube1_cropped_8bits2\19_0824_0_8bits.tiff;J:\Culture Cellulaire 3D Microfluidique\PTT\20260310 MCF7\20260311\Analysis\2026-03-11_103218_mcf7_ptt_tube1_segmentationDebug2\19_0824_0_segmented.tiff;984.0;(75. 76);131.396968245506;0.909847434119278;35.3958713979384;0.71619992787635;0.873027540019322;379.806662127208;0.976311253559733;0.95154061564064;0.901107060549614;83.4528863869732;37.0;Alive;1908240.0;0.0;824.0;False;J:\Culture Cellulaire 3D Microfluidique\PTT\20260310 MCF7\20260312 before laser\Analysis\2026-03-12_135739_mcf7_ptt_tube1_cropped_8bits2\19_0824_0_8bits.tiff;J:\Culture Cellulaire 3D Microfluidique\PTT\20260310 MCF7\20260312 before laser\Analysis\2026-03-12_135739_mcf7_ptt_tube1_segmentationDebug2\19_0824_0_segmented.tiff;;(76. 70);157.154327869415;0.913118131868131;41.1433102062218;0.676465285497763;0.9589212449816;479.958619671798;0.970589101689893;0.918016612541248;0.913732663739524;1329.5;83.4528863869732;37.0;Alive;;;;;;;;;;;;;;;;;;;;;;;;;;;;;;;;;;;;;;;;;;
4;Tube 1;1910240.0;;;;;;;;;;;;;;;;;;;;;;;;;;;;;;;;;;;;;;;;;;1910240.0;0.0;1024.0;False;J:\Culture Cellulaire 3D Microfluidique\PTT\20260310 MCF7\20260312 after laser\Analysis\2026-03-12_203000_mcf7_ptt_tube1_cropped_8bits2\19_1024_0_8bits.tiff;J:\Culture Cellulaire 3D Microfluidique\PTT\20260310 MCF7\20260312 after laser\Analysis\2026-03-12_203000_mcf7_ptt_tube1_segmentationDebug2\19_1024_0_segmented.tiff;;(77. 75);142.325900673866;0.932416502946954;38.8677079312412;0.736054080973625;0.959703598295767;273.6866801577;0.982662039731127;0.942449742425947;0.932057681521939;83.4528863869732;37.0;Alive;1186.5;;;;;;;;;;;;;;;;;;;;;
4;Tube 1;2011240.0;2011240.0;0.0;1124.0;False;J:\Culture Cellulaire 3D Microfluidique\PTT\20260310 MCF7\20260311\Analysis\2026-03-11_103218_mcf7_ptt_tube1_cropped_8bits2\20_1124_0_8bits.tiff;J:\Culture Cellulaire 3D Microfluidique\PTT\20260310 MCF7\20260311\Analysis\2026-03-11_103218_mcf7_ptt_tube1_segmentationDebug2\20_1124_0_segmented.tiff;1442.0;(79. 75);173.053822278976;0.875797145460066;42.8487038719738;0.605079908027049;0.746184615421804;341.668811790744;0.969811433444437;0.929711011685789;0.923910072040794;96.2917919849691;37.0;Alive;2011240.0;0.0;1124.0;False;J:\Culture Cellulaire 3D Microfluidique\PTT\20260310 MCF7\20260312 before laser\Analysis\2026-03-12_135739_mcf7_ptt_tube1_cropped_8bits2\20_1124_0_8bits.tiff;J:\Culture Cellulaire 3D Microfluidique\PTT\20260310 MCF7\20260312 before laser\Analysis\2026-03-12_135739_mcf7_ptt_tube1_segmentationDebug2\20_1124_0_segmented.tiff;;(80. 69);175.296463131904;0.8828125;44.0718382359244;0.623843664198054;0.840486088733823;593.389593570843;0.978656940252834;0.926001445537028;0.920498452789969;1525.5;96.2917919849691;37.0;Alive;;;;;;;;;;;;;;;;;;;;;;;;;;;;;;;;;;;;;;;;;;
4;Tube 1;205050.0;205050.0;0.0;505.0;False;J:\Culture Cellulaire 3D Microfluidique\PTT\20260310 MCF7\20260311\Analysis\2026-03-11_103218_mcf7_ptt_tube1_cropped_8bits2\2_0505_0_8bits.tiff;J:\Culture Cellulaire 3D Microfluidique\PTT\20260310 MCF7\20260311\Analysis\2026-03-11_103218_mcf7_ptt_tube1_segmentationDebug2\2_0505_0_segmented.tiff;1892.0;(76. 72);190.852812170982;0.90374970145689;49.0812511926797;0.652730443810352;0.872140135500209;493.949251630185;0.964062968784327;0.909095220361595;0.920413949188528;91.09360093797564;52.0;Alive;205050.0;0.0;505.0;False;J:\Culture Cellulaire 3D Microfluidique\PTT\20260310 MCF7\20260312 before laser\Analysis\2026-03-12_135739_mcf7_ptt_tube1_cropped_8bits2\2_0505_0_8bits.tiff;J:\Culture Cellulaire 3D Microfluidique\PTT\20260310 MCF7\20260312 before laser\Analysis\2026-03-12_135739_mcf7_ptt_tube1_segmentationDebug2\2_0505_0_segmented.tiff;;(76. 67);229.438598632812;0.909804576582595;58.8869077137373;0.650136098665015;0.825464666566103;628.158347182954;0.952095349453738;0.87107692779599;0.920649244955198;2723.5;91.09360093797564;52.0;Alive;;;;;;;;;;;;;;;;;;;;;;;;;;;;;;;;;;;;;;;;;;
4;Tube 1;207050.0;;;;;;;;;;;;;;;;;;;;;;;;;;;;;;;;;;;;;;;;;;207050.0;0.0;705.0;False;J:\Culture Cellulaire 3D Microfluidique\PTT\20260310 MCF7\20260312 after laser\Analysis\2026-03-12_203000_mcf7_ptt_tube1_cropped_8bits2\2_0705_0_8bits.tiff;J:\Culture Cellulaire 3D Microfluidique\PTT\20260310 MCF7\20260312 after laser\Analysis\2026-03-12_203000_mcf7_ptt_tube1_segmentationDebug2\2_0705_0_segmented.tiff;;(74. 74);211.539103746414;0.943628783759289;57.5694583520257;0.730975316756548;0.816841166429892;438.104796794233;0.963548879256735;0.877240660465209;0.928086423909942;91.09360093797564;52.0;Alive;2603.0;;;;;;;;;;;;;;;;;;;;;
4;Tube 1;411050.0;411050.0;0.0;1105.0;False;J:\Culture Cellulaire 3D Microfluidique\PTT\20260310 MCF7\20260311\Analysis\2026-03-11_103218_mcf7_ptt_tube1_cropped_8bits2\4_1105_0_8bits.tiff;J:\Culture Cellulaire 3D Microfluidique\PTT\20260310 MCF7\20260311\Analysis\2026-03-11_103218_mcf7_ptt_tube1_segmentationDebug2\4_1105_0_segmented.tiff;1494.0;(77. 73);173.882249474525;0.884285291506362;43.6144457701153;0.620940463711431;0.8183295049639;456.651407550465;0.971996863576808;0.927588679763114;0.923685402068424;52.42031212450024;70.0;Alive;;;;;;;;;;;;;;;;;;;;;;;;;;;;;;;;;;;;;;;;;;;;;;;;;;;;;;;;;;;;;;;
4;Tube 1;412050.0;;;;;;;;;;;;;;;;;;;;;412050.0;0.0;1205.0;False;J:\Culture Cellulaire 3D Microfluidique\PTT\20260310 MCF7\20260312 before laser\Analysis\2026-03-12_135739_mcf7_ptt_tube1_cropped_8bits2\4_1205_0_8bits.tiff;J:\Culture Cellulaire 3D Microfluidique\PTT\20260310 MCF7\20260312 before laser\Analysis\2026-03-12_135739_mcf7_ptt_tube1_segmentationDebug2\4_1205_0_segmented.tiff;;(76. 74);238.994947433471;0.831020718494582;52.757005646559;0.480930790069362;0.700196994246533;427.099361001842;0.956499582413248;0.894562158594968;0.914813452648736;2186.0;52.42031212450024;70.0;Alive;;;;;;;;;;;;;;;;;;;;;;;;;;;;;;;;;;;;;;;;;;
4;Tube 1;413050.0;;;;;;;;;;;;;;;;;;;;;;;;;;;;;;;;;;;;;;;;;;413050.0;0.0;1305.0;False;J:\Culture Cellulaire 3D Microfluidique\PTT\20260310 MCF7\20260312 after laser\Analysis\2026-03-12_203000_mcf7_ptt_tube1_cropped_8bits2\4_1305_0_8bits.tiff;J:\Culture Cellulaire 3D Microfluidique\PTT\20260310 MCF7\20260312 after laser\Analysis\2026-03-12_203000_mcf7_ptt_tube1_segmentationDebug2\4_1305_0_segmented.tiff;;(72. 72);187.882249236106;0.928308823529411;50.7143360438153;0.719100734012564;0.780332696936696;544.329119915848;0.96594601707906;0.903617652130859;0.898187176496773;52.42031212450024;70.0;Alive;2020.0;;;;;;;;;;;;;;;;;;;;;
4;Tube 1;711010.0;;;;;;;;;;;;;;;;;;;;;711010.0;0.0;1101.0;False;J:\Culture Cellulaire 3D Microfluidique\PTT\20260310 MCF7\20260312 before laser\Analysis\2026-03-12_135739_mcf7_ptt_tube1_cropped_8bits2\7_1101_0_8bits.tiff;J:\Culture Cellulaire 3D Microfluidique\PTT\20260310 MCF7\20260312 before laser\Analysis\2026-03-12_135739_mcf7_ptt_tube1_segmentationDebug2\7_1101_0_segmented.tiff;;(80. 68);205.338093757629;0.935914811229428;55.4744984621302;0.720356472146897;0.844964927574176;373.652997989928;0.955094923038073;0.885327870448838;0.927371437695921;2417.0;72.43021621503529;51.0;Alive;711010.0;0.0;1101.0;False;J:\Culture Cellulaire 3D Microfluidique\PTT\20260310 MCF7\20260312 after laser\Analysis\2026-03-12_203000_mcf7_ptt_tube1_cropped_8bits2\7_1101_0_8bits.tiff;J:\Culture Cellulaire 3D Microfluidique\PTT\20260310 MCF7\20260312 after laser\Analysis\2026-03-12_203000_mcf7_ptt_tube1_segmentationDebug2\7_1101_0_segmented.tiff;;(78. 76);215.438598513603;0.932529278098234;58.278353490649;0.72221625963229;0.875654145556977;635.905274380037;0.967159923384163;0.874904204919736;0.919735800912713;72.43021621503529;51.0;Alive;2667.5;0.0;0.0;0.0;;;;;;10.100504755974015;-0.0033855331311939407;2.8038550285188037;0.0018597874853929497;0.030689217982800998;262.252276390109;0.012065000346090038;-0.01042366552910201;-0.007635636783208;250.5;0.0;0.0;
4;Tube 1;712010.0;712010.0;0.0;1201.0;False;J:\Culture Cellulaire 3D Microfluidique\PTT\20260310 MCF7\20260311\Analysis\2026-03-11_103218_mcf7_ptt_tube1_cropped_8bits2\7_1201_0_8bits.tiff;J:\Culture Cellulaire 3D Microfluidique\PTT\20260310 MCF7\20260311\Analysis\2026-03-11_103218_mcf7_ptt_tube1_segmentationDebug2\7_1201_0_segmented.tiff;1779.5;(71. 71);199.639609098434;0.875738188976378;47.5996824554137;0.561066623964996;0.965639322963112;317.295513045512;0.97190549823412;0.913978149648789;0.935986615878268;72.43021621503529;51.0;Alive;;;;;;;;;;;;;;;;;;;;;;;;;;;;;;;;;;;;;;;;;;;;;;;;;;;;;;;;;;;;;;;
4;Tube 1;807010.0;;;;;;;;;;;;;;;;;;;;;;;;;;;;;;;;;;;;;;;;;;807010.0;0.0;701.0;False;J:\Culture Cellulaire 3D Microfluidique\PTT\20260310 MCF7\20260312 after laser\Analysis\2026-03-12_203000_mcf7_ptt_tube1_cropped_8bits2\8_0701_0_8bits.tiff;J:\Culture Cellulaire 3D Microfluidique\PTT\20260310 MCF7\20260312 after laser\Analysis\2026-03-12_203000_mcf7_ptt_tube1_segmentationDebug2\8_0701_0_segmented.tiff;;(76. 70);221.338093042373;0.906056066766531;51.9177052286051;0.543023211888571;0.94451297792342;588.254982756971;0.966031370469743;0.898570334117655;0.879020518498072;37.827799908241516;69.0;Dead;2117.0;;;;;;;;;;;;;;;;;;;;;
4;Tube 1;808010.0;808010.0;0.0;801.0;False;J:\Culture Cellulaire 3D Microfluidique\PTT\20260310 MCF7\20260311\Analysis\2026-03-11_103218_mcf7_ptt_tube1_cropped_8bits2\8_0801_0_8bits.tiff;J:\Culture Cellulaire 3D Microfluidique\PTT\20260310 MCF7\20260311\Analysis\2026-03-11_103218_mcf7_ptt_tube1_segmentationDebug2\8_0801_0_segmented.tiff;1620.5;(74. 73);187.296463370323;0.874527792768483;45.4233935571015;0.580496687202404;0.849512676050466;416.652669436837;0.965035702457108;0.911438825785946;0.912426588029801;37.827799908241516;69.0;Dead;808010.0;0.0;801.0;False;J:\Culture Cellulaire 3D Microfluidique\PTT\20260310 MCF7\20260312 before laser\Analysis\2026-03-12_135739_mcf7_ptt_tube1_cropped_8bits2\8_0801_0_8bits.tiff;J:\Culture Cellulaire 3D Microfluidique\PTT\20260310 MCF7\20260312 before laser\Analysis\2026-03-12_135739_mcf7_ptt_tube1_segmentationDebug2\8_0801_0_segmented.tiff;;(73. 74);196.953317284584;0.925060612739695;51.6903587202365;0.679817339435788;0.970279953681823;385.168601728201;0.959162736534706;0.899719524595252;0.920727747060776;2098.5;37.827799908241516;69.0;Dead;;;;;;;;;;;;;;;;;;;;;;;;;;;;;;;;;;;;;;;;;;
4;Tube 1;905010.0;905010.0;0.0;501.0;False;J:\Culture Cellulaire 3D Microfluidique\PTT\20260310 MCF7\20260311\Analysis\2026-03-11_103218_mcf7_ptt_tube1_cropped_8bits2\9_0501_0_8bits.tiff;J:\Culture Cellulaire 3D Microfluidique\PTT\20260310 MCF7\20260311\Analysis\2026-03-11_103218_mcf7_ptt_tube1_segmentationDebug2\9_0501_0_segmented.tiff;1354.5;(76. 77);155.296463012695;0.925204918032786;41.5283392798674;0.705774144781261;0.864751219932612;513.512953146255;0.973080716660661;0.934218727184304;0.90738900167773;43.9654230721615;53.0;Dead;905010.0;0.0;501.0;False;J:\Culture Cellulaire 3D Microfluidique\PTT\20260310 MCF7\20260312 before laser\Analysis\2026-03-12_135739_mcf7_ptt_tube1_cropped_8bits2\9_0501_0_8bits.tiff;J:\Culture Cellulaire 3D Microfluidique\PTT\20260310 MCF7\20260312 before laser\Analysis\2026-03-12_135739_mcf7_ptt_tube1_segmentationDebug2\9_0501_0_segmented.tiff;;(74. 74);189.882249593734;0.933924819052066;50.4626504404032;0.697061542664521;0.78879868522533;392.347917140922;0.967228066062965;0.90481467525937;0.941197422774421;2000.0;43.9654230721615;53.0;Dead;;;;;;;;;;;;;;;;;;;;;;;;;;;;;;;;;;;;;;;;;;
4;Tube 2;1002020.0;1002020.0;0.0;202.0;False;J:\Culture Cellulaire 3D Microfluidique\PTT\20260310 MCF7\20260311\Analysis\2026-03-11_104141_mcf7_ptt_tube2_cropped_8bits2\10_0202_0_8bits.tiff;J:\Culture Cellulaire 3D Microfluidique\PTT\20260310 MCF7\20260311\Analysis\2026-03-11_104141_mcf7_ptt_tube2_segmentationDebug2\10_0202_0_segmented.tiff;1374.0;(78. 69);152.225395441055;0.938524590163934;41.8262015304535;0.745113402018457;0.926323786164909;389.499328886325;0.976881642649664;0.933632715201638;0.92516759003302;60.59337154176104;61.0;Alive;;;;;;;;;;;;;;;;;;;;;;;;;;;;;;;;;;;;;;;;;;;;;;;;;;;;;;;;;;;;;;;
4;Tube 2;1002030.0;;;;;;;;;;;;;;;;;;;;;1002030.0;0.0;203.0;False;J:\Culture Cellulaire 3D Microfluidique\PTT\20260310 MCF7\20260312 before laser\Analysis\2026-03-12_141700_mcf7_ptt_tube2_cropped_8bits2\10_0203_0_8bits.tiff;J:\Culture Cellulaire 3D Microfluidique\PTT\20260310 MCF7\20260312 before laser\Analysis\2026-03-12_141700_mcf7_ptt_tube2_segmentationDebug2\10_0203_0_segmented.tiff;;(81. 75);186.367531180381;0.916251246261216;48.3757613193139;0.66498962072538;0.782058917606661;445.209442795882;0.971318940039982;0.91176299537245;0.919119743267863;1838.0;60.59337154176104;61.0;Alive;;;;;;;;;;;;;;;;;;;;;;;;;;;;;;;;;;;;;;;;;;
4;Tube 2;103060.0;;;;;;;;;;;;;;;;;;;;;103060.0;0.0;306.0;False;J:\Culture Cellulaire 3D Microfluidique\PTT\20260310 MCF7\20260312 before laser\Analysis\2026-03-12_141700_mcf7_ptt_tube2_cropped_8bits2\1_0306_0_8bits.tiff;J:\Culture Cellulaire 3D Microfluidique\PTT\20260310 MCF7\20260312 before laser\Analysis\2026-03-12_141700_mcf7_ptt_tube2_segmentationDebug2\1_0306_0_segmented.tiff;;(80. 70);207.923879384994;0.958080720595877;59.3392278426766;0.803849577438424;0.827761870463674;538.074167778991;0.960239819278113;0.870115528816133;0.925286949278821;2765.5;28.652679566259096;56.0;Dead;;;;;;;;;;;;;;;;;;;;;;;;;;;;;;;;;;;;;;;;;;
4;Tube 2;103070.0;103070.0;0.0;307.0;False;J:\Culture Cellulaire 3D Microfluidique\PTT\20260310 MCF7\20260311\Analysis\2026-03-11_104141_mcf7_ptt_tube2_cropped_8bits2\1_0307_0_8bits.tiff;J:\Culture Cellulaire 3D Microfluidique\PTT\20260310 MCF7\20260311\Analysis\2026-03-11_104141_mcf7_ptt_tube2_segmentationDebug2\1_0307_0_segmented.tiff;2042.5;(76. 77);190.610171437263;0.9354247767346;50.995997589238;0.706447325501944;0.912274742555418;368.048026188032;0.96325196678959;0.902680152680023;0.91256083992982;28.652679566259096;56.0;Dead;;;;;;;;;;;;;;;;;;;;;;;;;;;;;;;;;;;;;;;;;;;;;;;;;;;;;;;;;;;;;;;
4;Tube 2;1102050.0;1102050.0;0.0;205.0;False;J:\Culture Cellulaire 3D Microfluidique\PTT\20260310 MCF7\20260311\Analysis\2026-03-11_104141_mcf7_ptt_tube2_cropped_8bits2\11_0205_0_8bits.tiff;J:\Culture Cellulaire 3D Microfluidique\PTT\20260310 MCF7\20260311\Analysis\2026-03-11_104141_mcf7_ptt_tube2_segmentationDebug2\11_0205_0_segmented.tiff;1188.0;(79. 75);143.254833221435;0.913494809688581;38.8922688865714;0.727457687826705;0.905756449561601;435.736091045832;0.982121392381479;0.942209895039011;0.920250661792241;4.892875608992331;71.0;Dead;;;;;;;;;;;;;;;;;;;;;;;;;;;;;;;;;;;;;;;;;;;;;;;;;;;;;;;;;;;;;;;
4;Tube 2;1102060.0;;;;;;;;;;;;;;;;;;;;;1102060.0;0.0;206.0;False;J:\Culture Cellulaire 3D Microfluidique\PTT\20260310 MCF7\20260312 before laser\Analysis\2026-03-12_141700_mcf7_ptt_tube2_cropped_8bits2\11_0206_0_8bits.tiff;J:\Culture Cellulaire 3D Microfluidique\PTT\20260310 MCF7\20260312 before laser\Analysis\2026-03-12_141700_mcf7_ptt_tube2_segmentationDebug2\11_0206_0_segmented.tiff;;(73. 76);181.882249593734;0.918024308249288;47.5394593143939;0.674260296523401;0.765539268563808;243.718499169343;0.975747703098038;0.915037500550759;0.939980286089421;1775.0;4.892875608992331;71.0;Dead;1102060.0;0.0;206.0;False;J:\Culture Cellulaire 3D Microfluidique\PTT\20260310 MCF7\20260312 after laser\Analysis\2026-03-12_203858_mcf7_ptt_tube2_cropped_8bits2\11_0206_0_8bits.tiff;J:\Culture Cellulaire 3D Microfluidique\PTT\20260310 MCF7\20260312 after laser\Analysis\2026-03-12_203858_mcf7_ptt_tube2_segmentationDebug2\11_0206_0_segmented.tiff;;(74. 71);204.509665846824;0.883812870634746;50.6138119884992;0.604519288013761;0.747484067996962;682.227856648049;0.978359635349765;0.904354212683065;0.89314682852597;4.892875608992331;71.0;Dead;2012.0;0.0;0.0;0.0;;;;;;22.62741625308999;-0.03421143761454204;3.074352674105299;-0.06974100850964005;-0.018055200566846064;438.5093574787061;0.002611932251726956;-0.010683287867694014;-0.04683345756345092;237.0;0.0;0.0;
4;Tube 2;1202080.0;1202080.0;0.0;208.0;False;J:\Culture Cellulaire 3D Microfluidique\PTT\20260310 MCF7\20260311\Analysis\2026-03-11_104141_mcf7_ptt_tube2_cropped_8bits2\12_0208_0_8bits.tiff;J:\Culture Cellulaire 3D Microfluidique\PTT\20260310 MCF7\20260311\Analysis\2026-03-11_104141_mcf7_ptt_tube2_segmentationDebug2\12_0208_0_segmented.tiff;1449.5;(73. 75);161.154327988624;0.924131335671023;42.9599897590027;0.701365076070165;0.858268140993336;304.156431207169;0.980383617605883;0.930044685957386;0.942422343027434;58.15084803775206;61.0;Alive;;;;;;;;;;;;;;;;;;;;;;;;;;;;;;;;;;;;;;;;;;;;;;;;;;;;;;;;;;;;;;;
4;Tube 2;1202090.0;;;;;;;;;;;;;;;;;;;;;1202090.0;0.0;209.0;False;J:\Culture Cellulaire 3D Microfluidique\PTT\20260310 MCF7\20260312 before laser\Analysis\2026-03-12_141700_mcf7_ptt_tube2_cropped_8bits2\12_0209_0_8bits.tiff;J:\Culture Cellulaire 3D Microfluidique\PTT\20260310 MCF7\20260312 before laser\Analysis\2026-03-12_141700_mcf7_ptt_tube2_segmentationDebug2\12_0209_0_segmented.tiff;;(77. 73);182.953317999839;0.929574056147144;49.4495353432555;0.721013830100238;0.807929931416798;169.722136006974;0.972104470032302;0.908661566745259;0.94707605701791;1920.5;58.15084803775206;61.0;Alive;1202090.0;0.0;209.0;False;J:\Culture Cellulaire 3D Microfluidique\PTT\20260310 MCF7\20260312 after laser\Analysis\2026-03-12_203858_mcf7_ptt_tube2_cropped_8bits2\12_0209_0_8bits.tiff;J:\Culture Cellulaire 3D Microfluidique\PTT\20260310 MCF7\20260312 after laser\Analysis\2026-03-12_203858_mcf7_ptt_tube2_segmentationDebug2\12_0209_0_segmented.tiff;;(75. 76);246.367530822753;0.823879412931376;51.4248824443472;0.430010854929638;0.708107932063418;392.170846334794;0.97570035996092;0.900073102402317;0.921973436976981;58.15084803775206;61.0;Alive;2077.0;0.0;0.0;0.0;;;;;;63.41421282291401;-0.10569464321576794;1.9753471010916996;-0.29100297517060003;-0.09982199935337999;222.44871032782;0.0035958899286179236;-0.008588464342942026;-0.025102620040929002;156.5;0.0;0.0;
4;Tube 2;1302110.0;1302110.0;0.0;211.0;True;J:\Culture Cellulaire 3D Microfluidique\PTT\20260310 MCF7\20260311\Analysis\2026-03-11_104141_mcf7_ptt_tube2_cropped_8bits2\13_0211_0_8bits.tiff;J:\Culture Cellulaire 3D Microfluidique\PTT\20260310 MCF7\20260311\Analysis\2026-03-11_104141_mcf7_ptt_tube2_segmentationDebug2\13_0211_0_segmented.tiff;918.5;(73. 67);132.325900673866;0.912115193644488;34.1975221593501;0.659172843835035;0.868060018287877;206.781403094676;0.986874241850949;0.954715097437973;0.935938606325783;5.1120764362751885;79.0;Dead;;;;;;;;;;;;;;;;;;;;;;;;;;;;;;;;;;;;;;;;;;;;;;;;;;;;;;;;;;;;;;;
4;Tube 2;1302120.0;;;;;;;;;;;;;;;;;;;;;1302120.0;0.0;212.0;True;J:\Culture Cellulaire 3D Microfluidique\PTT\20260310 MCF7\20260312 before laser\Analysis\2026-03-12_141700_mcf7_ptt_tube2_cropped_8bits2\13_0212_0_8bits.tiff;J:\Culture Cellulaire 3D Microfluidique\PTT\20260310 MCF7\20260312 before laser\Analysis\2026-03-12_141700_mcf7_ptt_tube2_segmentationDebug2\13_0212_0_segmented.tiff;;(80. 81);165.882249593734;0.884944532488114;42.159724909566;0.63752240120176;0.942484313896208;294.782311300901;0.976147375557403;0.9321362402899;0.926316563932029;1396.0;5.1120764362751885;79.0;Dead;1302120.0;0.0;212.0;False;J:\Culture Cellulaire 3D Microfluidique\PTT\20260310 MCF7\20260312 after laser\Analysis\2026-03-12_203858_mcf7_ptt_tube2_cropped_8bits2\13_0212_0_8bits.tiff;J:\Culture Cellulaire 3D Microfluidique\PTT\20260310 MCF7\20260312 after laser\Analysis\2026-03-12_203858_mcf7_ptt_tube2_segmentationDebug2\13_0212_0_segmented.tiff;;(68. 79);168.953317046165;0.928892636312535;45.8696887680182;0.727474687874425;0.702470023910576;646.047420241033;0.983881117960865;0.921350428835382;0.899554344963952;5.1120764362751885;79.0;Dead;1652.5;0.0;0.0;0.0;;;;;;3.0710674524310093;0.04394810382442105;3.7099638584521983;0.08995228667266508;-0.240014289985632;351.26510894013205;0.0077337424034619184;-0.010785811454518068;-0.026762218968076956;256.5;0.0;0.0;
4;Tube 2;1302121.0;;;;;;;;;;;;;;;;;;;;;1302121.0;0.0;212.0;True;J:\Culture Cellulaire 3D Microfluidique\PTT\20260310 MCF7\20260312 before laser\Analysis\2026-03-12_141700_mcf7_ptt_tube2_cropped_8bits2\13_0212_1_8bits.tiff;J:\Culture Cellulaire 3D Microfluidique\PTT\20260310 MCF7\20260312 before laser\Analysis\2026-03-12_141700_mcf7_ptt_tube2_segmentationDebug2\13_0212_1_segmented.tiff;;(81. 68);177.882249712944;0.828685258964143;39.862299881335;0.495631867745028;0.485035784942336;169.363590367541;0.977853585177391;0.938776239201899;0.939068264247922;1248.0;5.1120764362751885;79.0;Dead;;;;;;;;;;;;;;;;;;;;;;;;;;;;;;;;;;;;;;;;;;
4;Tube 2;1402150.0;1402150.0;0.0;215.0;False;J:\Culture Cellulaire 3D Microfluidique\PTT\20260310 MCF7\20260311\Analysis\2026-03-11_104141_mcf7_ptt_tube2_cropped_8bits2\14_0215_0_8bits.tiff;J:\Culture Cellulaire 3D Microfluidique\PTT\20260310 MCF7\20260311\Analysis\2026-03-11_104141_mcf7_ptt_tube2_segmentationDebug2\14_0215_0_segmented.tiff;1420.5;(84. 69);180.953317165374;0.850853548966756;42.5280704158594;0.545152495441088;0.43725754366747;186.434773317324;0.983816020435996;0.931435304784655;0.951481806085298;66.35522185891041;54.0;Alive;1402150.0;0.0;215.0;False;J:\Culture Cellulaire 3D Microfluidique\PTT\20260310 MCF7\20260312 before laser\Analysis\2026-03-12_141700_mcf7_ptt_tube2_cropped_8bits2\14_0215_0_8bits.tiff;J:\Culture Cellulaire 3D Microfluidique\PTT\20260310 MCF7\20260312 before laser\Analysis\2026-03-12_141700_mcf7_ptt_tube2_segmentationDebug2\14_0215_0_segmented.tiff;;(79. 70);167.296463251113;0.91978148361127;45.1281137629736;0.718158969207978;0.657908208820362;277.507026328645;0.981641223719391;0.923367499536309;0.946578712934137;1599.5;66.35522185891041;54.0;Alive;;;;;;;;;;;;;;;;;;;;;;;;;;;;;;;;;;;;;;;;;;
4;Tube 2;1502180.0;1502180.0;0.0;218.0;True;J:\Culture Cellulaire 3D Microfluidique\PTT\20260310 MCF7\20260311\Analysis\2026-03-11_104141_mcf7_ptt_tube2_cropped_8bits2\15_0218_0_8bits.tiff;J:\Culture Cellulaire 3D Microfluidique\PTT\20260310 MCF7\20260311\Analysis\2026-03-11_104141_mcf7_ptt_tube2_segmentationDebug2\15_0218_0_segmented.tiff;732.0;(78. 72);113.597978949546;0.909316770186335;30.5288608818956;0.712819768622209;0.913904980555611;315.283043188736;0.984577344814218;0.963479743441085;0.913475357663224;91.59463140033645;37.0;Alive;1502180.0;0.0;218.0;True;J:\Culture Cellulaire 3D Microfluidique\PTT\20260310 MCF7\20260312 before laser\Analysis\2026-03-12_141700_mcf7_ptt_tube2_cropped_8bits2\15_0218_0_8bits.tiff;J:\Culture Cellulaire 3D Microfluidique\PTT\20260310 MCF7\20260312 before laser\Analysis\2026-03-12_141700_mcf7_ptt_tube2_segmentationDebug2\15_0218_0_segmented.tiff;;(116. 79);111.254833102226;0.927409261576971;30.7159649473812;0.752298678394298;0.783298034618807;335.911286397176;0.985956253900351;0.963126981748376;0.914752480097953;741.0;91.59463140033645;37.0;Alive;1502180.0;0.0;218.0;False;J:\Culture Cellulaire 3D Microfluidique\PTT\20260310 MCF7\20260312 after laser\Analysis\2026-03-12_203858_mcf7_ptt_tube2_cropped_8bits2\15_0218_0_8bits.tiff;J:\Culture Cellulaire 3D Microfluidique\PTT\20260310 MCF7\20260312 after laser\Analysis\2026-03-12_203858_mcf7_ptt_tube2_segmentationDebug2\15_0218_0_segmented.tiff;;(99. 63);129.396969318389;0.865990389749065;32.1340515774188;0.608670857996321;0.78003260389809;146.196362563004;0.989455333191614;0.959628796719469;0.916351095886288;91.59463140033645;37.0;Alive;811.0;0.0;0.0;0.0;;;;;;18.14213621616301;-0.06141887182790606;1.4180866300376032;-0.14362782039797695;-0.003265430720716944;-189.71492383417203;0.0034990792912630297;-0.003498185028906975;0.0015986157883350893;70.0;0.0;0.0;
4;Tube 2;1502180.0;1502180.0;0.0;218.0;True;J:\Culture Cellulaire 3D Microfluidique\PTT\20260310 MCF7\20260311\Analysis\2026-03-11_104141_mcf7_ptt_tube2_cropped_8bits2\15_0218_0_8bits.tiff;J:\Culture Cellulaire 3D Microfluidique\PTT\20260310 MCF7\20260311\Analysis\2026-03-11_104141_mcf7_ptt_tube2_segmentationDebug2\15_0218_0_segmented.tiff;732.0;(78. 72);113.597978949546;0.909316770186335;30.5288608818956;0.712819768622209;0.913904980555611;315.283043188736;0.984577344814218;0.963479743441085;0.913475357663224;91.59463140033645;37.0;Alive;1502180.0;1.0;218.0;True;J:\Culture Cellulaire 3D Microfluidique\PTT\20260310 MCF7\20260312 before laser\Analysis\2026-03-12_141700_mcf7_ptt_tube2_cropped_8bits2\15_0218_0_8bits.tiff;J:\Culture Cellulaire 3D Microfluidique\PTT\20260310 MCF7\20260312 before laser\Analysis\2026-03-12_141700_mcf7_ptt_tube2_segmentationDebug2\15_0218_0_segmented.tiff;;(43. 68);123.355338335037;0.846710923355461;29.8860760326898;0.579324161609426;0.724280280845532;392.032290208319;0.984706733542738;0.964641951742087;0.906806912690562;701.5;91.59463140033645;37.0;Alive;1502180.0;0.0;218.0;False;J:\Culture Cellulaire 3D Microfluidique\PTT\20260310 MCF7\20260312 after laser\Analysis\2026-03-12_203858_mcf7_ptt_tube2_cropped_8bits2\15_0218_0_8bits.tiff;J:\Culture Cellulaire 3D Microfluidique\PTT\20260310 MCF7\20260312 after laser\Analysis\2026-03-12_203858_mcf7_ptt_tube2_segmentationDebug2\15_0218_0_segmented.tiff;;(99. 63);129.396969318389;0.865990389749065;32.1340515774188;0.608670857996321;0.78003260389809;146.196362563004;0.989455333191614;0.959628796719469;0.916351095886288;91.59463140033645;37.0;Alive;811.0;0.0;-1.0;0.0;;;;;;6.041630983352007;0.019279466393603895;2.2479755447290017;0.02934669638689502;0.05575232305255806;-245.83592764531502;0.004748599648876084;-0.00501315502261801;0.00954418319572603;109.5;0.0;0.0;
4;Tube 2;1502181.0;1502181.0;0.0;218.0;True;J:\Culture Cellulaire 3D Microfluidique\PTT\20260310 MCF7\20260311\Analysis\2026-03-11_104141_mcf7_ptt_tube2_cropped_8bits2\15_0218_1_8bits.tiff;J:\Culture Cellulaire 3D Microfluidique\PTT\20260310 MCF7\20260311\Analysis\2026-03-11_104141_mcf7_ptt_tube2_segmentationDebug2\15_0218_1_segmented.tiff;502.5;(76. 73);99.3553384542465;0.880035026269702;25.2943248818666;0.639681095030557;0.902216879885578;339.745584795321;0.990157327299056;0.974078307562871;0.892506745968577;91.59463140033645;37.0;Alive;1502181.0;0.0;218.0;True;J:\Culture Cellulaire 3D Microfluidique\PTT\20260310 MCF7\20260312 before laser\Analysis\2026-03-12_141700_mcf7_ptt_tube2_cropped_8bits2\15_0218_1_8bits.tiff;J:\Culture Cellulaire 3D Microfluidique\PTT\20260310 MCF7\20260312 before laser\Analysis\2026-03-12_141700_mcf7_ptt_tube2_segmentationDebug2\15_0218_1_segmented.tiff;;(82. 71);99.9411247968673;0.888146911519198;26.0262067501029;0.669318810296963;0.91823520315465;231.66194360956;0.989176800645888;0.972780091056455;0.909868367535755;532.0;91.59463140033645;37.0;Alive;;;;;;;;;;;;;;;;;;;;;;;;;;;;;;;;;;;;;;;;;;
4;Tube 2;1502182.0;1502182.0;0.0;218.0;True;J:\Culture Cellulaire 3D Microfluidique\PTT\20260310 MCF7\20260311\Analysis\2026-03-11_104141_mcf7_ptt_tube2_cropped_8bits2\15_0218_2_8bits.tiff;J:\Culture Cellulaire 3D Microfluidique\PTT\20260310 MCF7\20260311\Analysis\2026-03-11_104141_mcf7_ptt_tube2_segmentationDebug2\15_0218_2_segmented.tiff;450.0;(72. 69);93.1126977205276;0.884086444007858;23.9365368240859;0.652235688997375;0.931895838972788;244.229829027984;0.991650881954869;0.976759655570722;0.902802996307785;91.59463140033645;37.0;Alive;;;;;;;;;;;;;;;;;;;;;;;;;;;;;;;;;;;;;;;;;;;;;;;;;;;;;;;;;;;;;;;
4;Tube 2;1602210.0;1602210.0;0.0;221.0;True;J:\Culture Cellulaire 3D Microfluidique\PTT\20260310 MCF7\20260311\Analysis\2026-03-11_104141_mcf7_ptt_tube2_cropped_8bits2\16_0221_0_8bits.tiff;J:\Culture Cellulaire 3D Microfluidique\PTT\20260310 MCF7\20260311\Analysis\2026-03-11_104141_mcf7_ptt_tube2_segmentationDebug2\16_0221_0_segmented.tiff;1064.5;(80. 71);186.468036293983;0.719743069641649;36.815261718078;0.384721746191098;0.589080989688275;205.640266001706;0.97949337200786;0.946264332233899;0.908211308831511;97.45042492917847;37.0;Alive;1602210.0;0.0;221.0;True;J:\Culture Cellulaire 3D Microfluidique\PTT\20260310 MCF7\20260312 before laser\Analysis\2026-03-12_141700_mcf7_ptt_tube2_cropped_8bits2\16_0221_0_8bits.tiff;J:\Culture Cellulaire 3D Microfluidique\PTT\20260310 MCF7\20260312 before laser\Analysis\2026-03-12_141700_mcf7_ptt_tube2_segmentationDebug2\16_0221_0_segmented.tiff;;(85. 75);167.296463012695;0.879435067171891;40.3148890467831;0.573135309038384;0.675119536190137;242.834063617334;0.974351481962693;0.937250558213475;0.91880270511135;1276.5;97.45042492917847;37.0;Alive;1602210.0;0.0;221.0;False;J:\Culture Cellulaire 3D Microfluidique\PTT\20260310 MCF7\20260312 after laser\Analysis\2026-03-12_203858_mcf7_ptt_tube2_cropped_8bits2\16_0221_0_8bits.tiff;J:\Culture Cellulaire 3D Microfluidique\PTT\20260310 MCF7\20260312 after laser\Analysis\2026-03-12_203858_mcf7_ptt_tube2_segmentationDebug2\16_0221_0_segmented.tiff;;(26. 68);196.852812051773;0.816140579238529;39.9580078219359;0.406653162713531;0.647469836628937;196.613930658902;0.981772216992114;0.937568189827065;0.909189432607627;97.45042492917847;37.0;Alive;1254.0;0.0;0.0;0.0;;;;;;29.556349039077986;-0.06329448793336201;-0.3568812248472;-0.16648214632485303;-0.027649699561200003;-46.220132958432;0.007420735029421088;0.00031763161358999703;-0.009613272503723014;-22.5;0.0;0.0;
4;Tube 2;1602211.0;1602211.0;0.0;221.0;True;J:\Culture Cellulaire 3D Microfluidique\PTT\20260310 MCF7\20260311\Analysis\2026-03-11_104141_mcf7_ptt_tube2_cropped_8bits2\16_0221_1_8bits.tiff;J:\Culture Cellulaire 3D Microfluidique\PTT\20260310 MCF7\20260311\Analysis\2026-03-11_104141_mcf7_ptt_tube2_segmentationDebug2\16_0221_1_segmented.tiff;680.5;(73. 64);115.497473478317;0.868538608806636;29.4353445740368;0.641051654483116;0.776089463606956;262.0463604007;0.986086753399821;0.965714495223304;0.903401143354957;97.45042492917847;37.0;Alive;1602211.0;0.0;221.0;True;J:\Culture Cellulaire 3D Microfluidique\PTT\20260310 MCF7\20260312 before laser\Analysis\2026-03-12_141700_mcf7_ptt_tube2_cropped_8bits2\16_0221_1_8bits.tiff;J:\Culture Cellulaire 3D Microfluidique\PTT\20260310 MCF7\20260312 before laser\Analysis\2026-03-12_141700_mcf7_ptt_tube2_segmentationDebug2\16_0221_1_segmented.tiff;;(79. 70);125.597979068756;0.905405405405405;33.3015261431713;0.693845404377061;0.914933019748054;271.244873223092;0.983122582438492;0.956838494004053;0.919956615844027;871.0;97.45042492917847;37.0;Alive;;;;;;;;;;;;;;;;;;;;;;;;;;;;;;;;;;;;;;;;;;
4;Tube 2;1703240.0;1703240.0;0.0;324.0;True;J:\Culture Cellulaire 3D Microfluidique\PTT\20260310 MCF7\20260311\Analysis\2026-03-11_104141_mcf7_ptt_tube2_cropped_8bits2\17_0324_0_8bits.tiff;J:\Culture Cellulaire 3D Microfluidique\PTT\20260310 MCF7\20260311\Analysis\2026-03-11_104141_mcf7_ptt_tube2_segmentationDebug2\17_0324_0_segmented.tiff;481.5;(60. 53);101.355338335037;0.863677130044843;24.7601462190751;0.588996752243485;0.948479998166644;463.788091766306;0.991401332760985;0.975195516813265;0.892263531265082;91.59463140033645;37.0;Alive;1703240.0;0.0;324.0;True;J:\Culture Cellulaire 3D Microfluidique\PTT\20260310 MCF7\20260312 before laser\Analysis\2026-03-12_141700_mcf7_ptt_tube2_cropped_8bits2\17_0324_0_8bits.tiff;J:\Culture Cellulaire 3D Microfluidique\PTT\20260310 MCF7\20260312 before laser\Analysis\2026-03-12_141700_mcf7_ptt_tube2_segmentationDebug2\17_0324_0_segmented.tiff;;(77. 77);108.426406145095;0.920027341079972;29.2726871606753;0.719374107393446;0.848733539391563;179.363192488262;0.98616683177757;0.966119752382708;0.902971726204495;673.0;91.59463140033645;37.0;Alive;1703240.0;0.0;324.0;True;J:\Culture Cellulaire 3D Microfluidique\PTT\20260310 MCF7\20260312 after laser\Analysis\2026-03-12_203858_mcf7_ptt_tube2_cropped_8bits2\17_0324_0_8bits.tiff;J:\Culture Cellulaire 3D Microfluidique\PTT\20260310 MCF7\20260312 after laser\Analysis\2026-03-12_203858_mcf7_ptt_tube2_segmentationDebug2\17_0324_0_segmented.tiff;;(67. 69);147.740114927291;0.796747967479674;31.5946166786743;0.451366228378971;0.535087058009444;509.85442130097;0.982516356266376;0.960085265145296;0.872113353077758;91.59463140033645;37.0;Alive;784.0;0.0;0.0;0.0;;;;;;39.31370878219599;-0.12327937360029795;2.321929517998999;-0.268007879014475;-0.31364648138211904;330.49122881270796;-0.003650475511194018;-0.006034487237411956;-0.030858373126737004;111.0;0.0;0.0;
4;Tube 2;1703241.0;1703241.0;0.0;324.0;True;J:\Culture Cellulaire 3D Microfluidique\PTT\20260310 MCF7\20260311\Analysis\2026-03-11_104141_mcf7_ptt_tube2_cropped_8bits2\17_0324_1_8bits.tiff;J:\Culture Cellulaire 3D Microfluidique\PTT\20260310 MCF7\20260311\Analysis\2026-03-11_104141_mcf7_ptt_tube2_segmentationDebug2\17_0324_1_segmented.tiff;462.0;(78. 71);97.5979788303375;0.862745098039215;24.2535908613063;0.609495062529811;0.771416561736585;388.027556626098;0.990636916171539;0.975993394324985;0.887633623205496;91.59463140033645;37.0;Alive;1703241.0;0.0;324.0;True;J:\Culture Cellulaire 3D Microfluidique\PTT\20260310 MCF7\20260312 before laser\Analysis\2026-03-12_141700_mcf7_ptt_tube2_cropped_8bits2\17_0324_1_8bits.tiff;J:\Culture Cellulaire 3D Microfluidique\PTT\20260310 MCF7\20260312 before laser\Analysis\2026-03-12_141700_mcf7_ptt_tube2_segmentationDebug2\17_0324_1_segmented.tiff;;(70. 77);146.669046640396;0.801039697542533;32.8492087296338;0.495076865718798;0.650746441168225;347.088084620444;0.98467726758007;0.957541455909871;0.922603340331942;847.5;91.59463140033645;37.0;Alive;1703241.0;0.0;324.0;True;J:\Culture Cellulaire 3D Microfluidique\PTT\20260310 MCF7\20260312 after laser\Analysis\2026-03-12_203858_mcf7_ptt_tube2_cropped_8bits2\17_0324_1_8bits.tiff;J:\Culture Cellulaire 3D Microfluidique\PTT\20260310 MCF7\20260312 after laser\Analysis\2026-03-12_203858_mcf7_ptt_tube2_segmentationDebug2\17_0324_1_segmented.tiff;;(86. 85);111.012192368507;0.892833221701272;29.130982760044;0.679623924309557;0.865614038115282;442.967778906955;0.988915945007536;0.966630210129392;0.901670841614533;91.59463140033645;37.0;Alive;666.5;0.0;0.0;0.0;;;;;;-35.656854271889;0.09179352415873898;-3.7182259695898026;0.18454705859075898;0.21486759694705704;95.87969428651098;0.0042386774274659755;0.009088754219520934;-0.020932498717408987;-181.0;0.0;0.0;
4;Tube 2;1806240.0;;;;;;;;;;;;;;;;;;;;;1806240.0;0.0;624.0;False;J:\Culture Cellulaire 3D Microfluidique\PTT\20260310 MCF7\20260312 before laser\Analysis\2026-03-12_141700_mcf7_ptt_tube2_cropped_8bits2\18_0624_0_8bits.tiff;J:\Culture Cellulaire 3D Microfluidique\PTT\20260310 MCF7\20260312 before laser\Analysis\2026-03-12_141700_mcf7_ptt_tube2_segmentationDebug2\18_0624_0_segmented.tiff;;(79. 94);114.325900673866;0.890515595162317;29.8434425216369;0.672524824570642;0.841795271999696;493.972492586778;0.98676898125615;0.964968064764085;0.904257083280796;699.5;93.06640838352135;37.0;Alive;1806240.0;0.0;624.0;False;J:\Culture Cellulaire 3D Microfluidique\PTT\20260310 MCF7\20260312 after laser\Analysis\2026-03-12_203858_mcf7_ptt_tube2_cropped_8bits2\18_0624_0_8bits.tiff;J:\Culture Cellulaire 3D Microfluidique\PTT\20260310 MCF7\20260312 after laser\Analysis\2026-03-12_203858_mcf7_ptt_tube2_segmentationDebug2\18_0624_0_segmented.tiff;;(74. 75);185.296463370323;0.776443867618429;39.0311556999741;0.437913472291849;0.452898820090874;527.649756622337;0.977372549566785;0.940134843048897;0.873913100755657;93.06640838352135;37.0;Alive;1196.5;0.0;0.0;0.0;;;;;;70.97056269645701;-0.11407172754388806;9.187713178337201;-0.23461135227879298;-0.38889645190882194;33.677264035559006;-0.009396431689364992;-0.02483322171518798;-0.030343982525139035;497.0;0.0;0.0;
4;Tube 2;1806240.0;;;;;;;;;;;;;;;;;;;;;1806240.0;1.0;624.0;False;J:\Culture Cellulaire 3D Microfluidique\PTT\20260310 MCF7\20260312 before laser\Analysis\2026-03-12_141700_mcf7_ptt_tube2_cropped_8bits2\18_0624_0_8bits.tiff;J:\Culture Cellulaire 3D Microfluidique\PTT\20260310 MCF7\20260312 before laser\Analysis\2026-03-12_141700_mcf7_ptt_tube2_segmentationDebug2\18_0624_0_segmented.tiff;;(86. 54);88.6274166107177;0.933333333333333;24.4366394269095;0.750320005696518;0.763321475251904;453.890432224026;0.99078167381144;0.975953484224129;0.895156386198115;469.0;93.06640838352135;37.0;Alive;1806240.0;0.0;624.0;False;J:\Culture Cellulaire 3D Microfluidique\PTT\20260310 MCF7\20260312 after laser\Analysis\2026-03-12_203858_mcf7_ptt_tube2_cropped_8bits2\18_0624_0_8bits.tiff;J:\Culture Cellulaire 3D Microfluidique\PTT\20260310 MCF7\20260312 after laser\Analysis\2026-03-12_203858_mcf7_ptt_tube2_segmentationDebug2\18_0624_0_segmented.tiff;;(74. 75);185.296463370323;0.776443867618429;39.0311556999741;0.437913472291849;0.452898820090874;527.649756622337;0.977372549566785;0.940134843048897;0.873913100755657;93.06640838352135;37.0;Alive;1196.5;0.0;-1.0;0.0;;;;;;96.66904675960531;-0.15688946571490403;14.594516273064599;-0.312406533404669;-0.31042265516102996;73.75932439831104;-0.013409124244655013;-0.035818641175231924;-0.021243285442458015;727.5;0.0;0.0;
4;Tube 2;2012240.0;;;;;;;;;;;;;;;;;;;;;2012240.0;0.0;1224.0;False;J:\Culture Cellulaire 3D Microfluidique\PTT\20260310 MCF7\20260312 before laser\Analysis\2026-03-12_141700_mcf7_ptt_tube2_cropped_8bits2\20_1224_0_8bits.tiff;J:\Culture Cellulaire 3D Microfluidique\PTT\20260310 MCF7\20260312 before laser\Analysis\2026-03-12_141700_mcf7_ptt_tube2_segmentationDebug2\20_1224_0_segmented.tiff;;(71. 66);132.46803677082;0.916512915129151;35.5663251924398;0.711468268945774;0.861257573976915;304.75207058314;0.979402438279027;0.951256484813325;0.914344355093443;993.5;111.51059227917884;37.0;Alive;2012240.0;0.0;1224.0;False;J:\Culture Cellulaire 3D Microfluidique\PTT\20260310 MCF7\20260312 after laser\Analysis\2026-03-12_203858_mcf7_ptt_tube2_cropped_8bits2\20_1224_0_8bits.tiff;J:\Culture Cellulaire 3D Microfluidique\PTT\20260310 MCF7\20260312 after laser\Analysis\2026-03-12_203858_mcf7_ptt_tube2_segmentationDebug2\20_1224_0_segmented.tiff;;(68. 69);141.497473835945;0.907178217821782;37.4155967403476;0.69009316319304;0.861583149617819;372.47625106022;0.986084160871369;0.946161527257401;0.928536069835438;111.51059227917884;37.0;Alive;1099.5;0.0;0.0;0.0;;;;;;9.029437065124995;-0.009334697307369022;1.8492715479078043;-0.021375105752733936;0.0003255756409039634;67.72418047708004;0.00668172259234201;-0.00509495755592404;0.014191714741994987;106.0;0.0;0.0;
4;Tube 2;205050.0;;;;;;;;;;;;;;;;;;;;;;;;;;;;;;;;;;;;;;;;;;205050.0;0.0;505.0;False;J:\Culture Cellulaire 3D Microfluidique\PTT\20260310 MCF7\20260312 after laser\Analysis\2026-03-12_203858_mcf7_ptt_tube2_cropped_8bits2\2_0505_0_8bits.tiff;J:\Culture Cellulaire 3D Microfluidique\PTT\20260310 MCF7\20260312 after laser\Analysis\2026-03-12_203858_mcf7_ptt_tube2_segmentationDebug2\2_0505_0_segmented.tiff;;(75. 73);215.195958018302;0.932066678616239;57.5362739175159;0.705529199366483;0.828225832420657;696.209325867716;0.96271921696667;0.877359018703035;0.89256454557161;51.48088000757372;64.0;Alive;2600.0;;;;;;;;;;;;;;;;;;;;;
4;Tube 2;206050.0;;;;;;;;;;;;;;;;;;;;;206050.0;0.0;605.0;False;J:\Culture Cellulaire 3D Microfluidique\PTT\20260310 MCF7\20260312 before laser\Analysis\2026-03-12_141700_mcf7_ptt_tube2_cropped_8bits2\2_0605_0_8bits.tiff;J:\Culture Cellulaire 3D Microfluidique\PTT\20260310 MCF7\20260312 before laser\Analysis\2026-03-12_141700_mcf7_ptt_tube2_segmentationDebug2\2_0605_0_segmented.tiff;;(76. 74);218.367530941963;0.92266380236305;57.2812212403202;0.679122556370867;0.759920819646768;344.615989862732;0.961664594340157;0.878076852049403;0.942006394754943;2577.0;51.48088000757372;64.0;Alive;;;;;;;;;;;;;;;;;;;;;;;;;;;;;;;;;;;;;;;;;;
4;Tube 2;412050.0;412050.0;0.0;1205.0;False;J:\Culture Cellulaire 3D Microfluidique\PTT\20260310 MCF7\20260311\Analysis\2026-03-11_104141_mcf7_ptt_tube2_cropped_8bits2\4_1205_0_8bits.tiff;J:\Culture Cellulaire 3D Microfluidique\PTT\20260310 MCF7\20260311\Analysis\2026-03-11_104141_mcf7_ptt_tube2_segmentationDebug2\4_1205_0_segmented.tiff;1652.5;(76. 66);170.811181902885;0.916782246879334;45.8696887680182;0.71173567792985;0.839830202453881;369.001238978667;0.968540365881384;0.920643156467032;0.925623802372743;72.55547383062549;68.0;Alive;412050.0;0.0;1205.0;False;J:\Culture Cellulaire 3D Microfluidique\PTT\20260310 MCF7\20260312 before laser\Analysis\2026-03-12_141700_mcf7_ptt_tube2_cropped_8bits2\4_1205_0_8bits.tiff;J:\Culture Cellulaire 3D Microfluidique\PTT\20260310 MCF7\20260312 before laser\Analysis\2026-03-12_141700_mcf7_ptt_tube2_segmentationDebug2\4_1205_0_segmented.tiff;;(78. 75);182.953316926956;0.936575052854122;50.3805818984809;0.748420248457523;0.835161710815522;409.432840275392;0.97245102443997;0.905182618354885;0.930214772015207;1993.5;72.55547383062549;68.0;Alive;412050.0;0.0;1205.0;False;J:\Culture Cellulaire 3D Microfluidique\PTT\20260310 MCF7\20260312 after laser\Analysis\2026-03-12_203858_mcf7_ptt_tube2_cropped_8bits2\4_1205_0_8bits.tiff;J:\Culture Cellulaire 3D Microfluidique\PTT\20260310 MCF7\20260312 after laser\Analysis\2026-03-12_203858_mcf7_ptt_tube2_segmentationDebug2\4_1205_0_segmented.tiff;;(72. 84);210.509665846824;0.902249806051202;54.420172556268;0.659592168736861;0.863406323285479;661.141438467347;0.969015077429763;0.889958220637873;0.890294828203391;72.55547383062549;68.0;Alive;2326.0;0.0;0.0;0.0;;;;;;27.556348919867986;-0.03432524680292004;4.039590657787102;-0.08882807972066198;0.02824461246995691;251.70859819195505;-0.0034359470102069967;-0.015224397717012006;-0.03991994381181596;332.5;0.0;0.0;
4;Tube 2;710010.0;;;;;;;;;;;;;;;;;;;;;;;;;;;;;;;;;;;;;;;;;;710010.0;0.0;1001.0;False;J:\Culture Cellulaire 3D Microfluidique\PTT\20260310 MCF7\20260312 after laser\Analysis\2026-03-12_203858_mcf7_ptt_tube2_cropped_8bits2\7_1001_0_8bits.tiff;J:\Culture Cellulaire 3D Microfluidique\PTT\20260310 MCF7\20260312 after laser\Analysis\2026-03-12_203858_mcf7_ptt_tube2_segmentationDebug2\7_1001_0_segmented.tiff;;(74. 79);257.580733418464;0.880265095729013;61.6853011619545;0.566025990414929;0.854077357980221;804.127141986133;0.968052419633943;0.859692601548684;0.856955104672545;5.245162652839779;73.0;Dead;2988.5;;;;;;;;;;;;;;;;;;;;;
4;Tube 2;711010.0;711010.0;0.0;1101.0;False;J:\Culture Cellulaire 3D Microfluidique\PTT\20260310 MCF7\20260311\Analysis\2026-03-11_104141_mcf7_ptt_tube2_cropped_8bits2\7_1101_0_8bits.tiff;J:\Culture Cellulaire 3D Microfluidique\PTT\20260310 MCF7\20260311\Analysis\2026-03-11_104141_mcf7_ptt_tube2_segmentationDebug2\7_1101_0_segmented.tiff;1940.0;(75. 67);199.882249832153;0.866651775742684;49.6999468489274;0.610187259811311;0.850400613362148;336.140725966555;0.962616225189932;0.906805179368661;0.928541128645993;5.245162652839779;73.0;Dead;711010.0;0.0;1101.0;False;J:\Culture Cellulaire 3D Microfluidique\PTT\20260310 MCF7\20260312 before laser\Analysis\2026-03-12_141700_mcf7_ptt_tube2_cropped_8bits2\7_1101_0_8bits.tiff;J:\Culture Cellulaire 3D Microfluidique\PTT\20260310 MCF7\20260312 before laser\Analysis\2026-03-12_141700_mcf7_ptt_tube2_segmentationDebug2\7_1101_0_segmented.tiff;;(75. 64);211.539104580879;0.907181054239877;54.9903984232339;0.666948276450315;0.862575166567167;364.094321836871;0.96024252211761;0.887120475761484;0.93419122902198;2375.0;5.245162652839779;73.0;Dead;;;;;;;;;;;;;;;;;;;;;;;;;;;;;;;;;;;;;;;;;;
4;Tube 2;807010.0;;;;;;;;;;;;;;;;;;;;;807010.0;0.0;701.0;False;J:\Culture Cellulaire 3D Microfluidique\PTT\20260310 MCF7\20260312 before laser\Analysis\2026-03-12_141700_mcf7_ptt_tube2_cropped_8bits2\8_0701_0_8bits.tiff;J:\Culture Cellulaire 3D Microfluidique\PTT\20260310 MCF7\20260312 before laser\Analysis\2026-03-12_141700_mcf7_ptt_tube2_segmentationDebug2\8_0701_0_segmented.tiff;;(79. 73);204.610171675682;0.935369458128078;54.9730302914884;0.712434037927235;0.691495385431636;238.334244728773;0.975678073408827;0.888168906247992;0.9496702247039;2373.5;79.7577867270622;61.0;Alive;;;;;;;;;;;;;;;;;;;;;;;;;;;;;;;;;;;;;;;;;;
4;Tube 2;808010.0;808010.0;0.0;801.0;False;J:\Culture Cellulaire 3D Microfluidique\PTT\20260310 MCF7\20260311\Analysis\2026-03-11_104141_mcf7_ptt_tube2_cropped_8bits2\8_0801_0_8bits.tiff;J:\Culture Cellulaire 3D Microfluidique\PTT\20260310 MCF7\20260311\Analysis\2026-03-11_104141_mcf7_ptt_tube2_segmentationDebug2\8_0801_0_segmented.tiff;1623.5;(78. 68);196.468035936355;0.845793175306069;45.4654198361517;0.528540595649308;0.709673226344463;300.319520754497;0.972161300357115;0.920843402923067;0.926686997277881;79.7577867270622;61.0;Alive;;;;;;;;;;;;;;;;;;;;;;;;;;;;;;;;;;;;;;;;;;;;;;;;;;;;;;;;;;;;;;;
4;Tube 2;904010.0;;;;;;;;;;;;;;;;;;;;;904010.0;0.0;401.0;False;J:\Culture Cellulaire 3D Microfluidique\PTT\20260310 MCF7\20260312 before laser\Analysis\2026-03-12_141700_mcf7_ptt_tube2_cropped_8bits2\9_0401_0_8bits.tiff;J:\Culture Cellulaire 3D Microfluidique\PTT\20260310 MCF7\20260312 before laser\Analysis\2026-03-12_141700_mcf7_ptt_tube2_segmentationDebug2\9_0401_0_segmented.tiff;;(78. 71);191.681238770484;0.942528735632183;53.0938070969077;0.757230791914861;0.89241220666434;283.003931851288;0.968279798277429;0.895025844909642;0.939706791320549;2214.0;6.466424404844266;72.0;Dead;;;;;;;;;;;;;;;;;;;;;;;;;;;;;;;;;;;;;;;;;;
4;Tube 2;905010.0;905010.0;0.0;501.0;False;J:\Culture Cellulaire 3D Microfluidique\PTT\20260310 MCF7\20260311\Analysis\2026-03-11_104141_mcf7_ptt_tube2_cropped_8bits2\9_0501_0_8bits.tiff;J:\Culture Cellulaire 3D Microfluidique\PTT\20260310 MCF7\20260311\Analysis\2026-03-11_104141_mcf7_ptt_tube2_segmentationDebug2\9_0501_0_segmented.tiff;1760.0;(77. 76);183.539103984832;0.909560723514211;47.3381621816255;0.656546238389794;0.856560462456612;442.383525200489;0.967269414757768;0.915179355840676;0.91989527153915;6.466424404844266;72.0;Dead;;;;;;;;;;;;;;;;;;;;;;;;;;;;;;;;;;;;;;;;;;;;;;;;;;;;;;;;;;;;;;;
4;Tube 3;1003010.0;1003010.0;0.0;301.0;False;J:\Culture Cellulaire 3D Microfluidique\PTT\20260310 MCF7\20260311\Analysis\2026-03-11_105101_mcf7_ptt_tube3_cropped_8bits2\10_0301_0_8bits.tiff;J:\Culture Cellulaire 3D Microfluidique\PTT\20260310 MCF7\20260311\Analysis\2026-03-11_105101_mcf7_ptt_tube3_segmentationDebug2\10_0301_0_segmented.tiff;1596.0;(81. 68);192.225395560264;0.842438638163103;45.0787124194704;0.542776735315331;0.809425086309575;410.007239043929;0.972262814534903;0.922346296772566;0.923746445226713;101.36472541637234;48.0;Alive;;;;;;;;;;;;;;;;;;;;;;1003010.0;0.0;301.0;False;J:\Culture Cellulaire 3D Microfluidique\PTT\20260310 MCF7\20260312 after laser\Analysis\2026-03-12_204752_mcf7_ptt_tube3_cropped_8bits2\10_0301_0_8bits.tiff;J:\Culture Cellulaire 3D Microfluidique\PTT\20260310 MCF7\20260312 after laser\Analysis\2026-03-12_204752_mcf7_ptt_tube3_segmentationDebug2\10_0301_0_segmented.tiff;;(92. 69);204.610171318054;0.887690355329949;51.6903587202365;0.629889544477154;0.851137685062762;373.481113133697;0.962961397645329;0.899536953786959;0.917452058543818;101.36472541637234;48.0;Alive;2098.5;;;;;;;;;;;;;;;;;;;;;
4;Tube 3;103080.0;103080.0;0.0;308.0;False;J:\Culture Cellulaire 3D Microfluidique\PTT\20260310 MCF7\20260311\Analysis\2026-03-11_105101_mcf7_ptt_tube3_cropped_8bits2\1_0308_0_8bits.tiff;J:\Culture Cellulaire 3D Microfluidique\PTT\20260310 MCF7\20260311\Analysis\2026-03-11_105101_mcf7_ptt_tube3_segmentationDebug2\1_0308_0_segmented.tiff;2448.0;(78. 65);268.166520476341;0.751381215469613;55.8291179001753;0.427771812203397;0.570466626375608;382.58469061118;0.962250688746385;0.882494953788976;0.92842349966225;130.1739770021192;40.0;Alive;;;;;;;;;;;;;;;;;;;;;;;;;;;;;;;;;;;;;;;;;;;;;;;;;;;;;;;;;;;;;;;
4;Tube 3;103090.0;;;;;;;;;;;;;;;;;;;;;103090.0;0.0;309.0;False;J:\Culture Cellulaire 3D Microfluidique\PTT\20260310 MCF7\20260312 before laser\Analysis\2026-03-12_152917_mcf7_ptt_tube3_cropped_8bits2\1_0309_0_8bits.tiff;J:\Culture Cellulaire 3D Microfluidique\PTT\20260310 MCF7\20260312 before laser\Analysis\2026-03-12_152917_mcf7_ptt_tube3_segmentationDebug2\1_0309_0_segmented.tiff;;(78. 75);223.095452547073;0.923468549843981;59.830702653595;0.709849884410194;0.824126726008755;312.102854394065;0.966224247582636;0.86779921934066;0.945921930756908;2811.5;130.1739770021192;40.0;Alive;;;;;;;;;;;;;;;;;;;;;;;;;;;;;;;;;;;;;;;;;;
4;Tube 3;1202070.0;;;;;;;;;;;;;;;;;;;;;1202070.0;1.0;207.0;False;J:\Culture Cellulaire 3D Microfluidique\PTT\20260310 MCF7\20260312 before laser\Analysis\2026-03-12_152917_mcf7_ptt_tube3_cropped_8bits2\12_0207_0_8bits.tiff;J:\Culture Cellulaire 3D Microfluidique\PTT\20260310 MCF7\20260312 before laser\Analysis\2026-03-12_152917_mcf7_ptt_tube3_segmentationDebug2\12_0207_0_segmented.tiff;;(70. 65);167.195958018302;0.926500732064421;44.8805632737717;0.711155863178121;0.823950909731005;474.589959421423;0.974499058662659;0.923861092344861;0.923417954572214;1582.0;124.38081228107227;43.0;Alive;;;;;;;;;;;;;;;;;;;;;;;;;;;;;;;;;;;;;;;;;;
4;Tube 3;1202080.0;1202080.0;0.0;208.0;False;J:\Culture Cellulaire 3D Microfluidique\PTT\20260310 MCF7\20260311\Analysis\2026-03-11_105101_mcf7_ptt_tube3_cropped_8bits2\12_0208_0_8bits.tiff;J:\Culture Cellulaire 3D Microfluidique\PTT\20260310 MCF7\20260311\Analysis\2026-03-11_105101_mcf7_ptt_tube3_segmentationDebug2\12_0208_0_segmented.tiff;1330.0;(75. 75);167.740114331245;0.882548108825481;41.151046092387;0.594001628451184;0.873248367978154;383.104385964912;0.970737539314308;0.935163087996473;0.917354381547803;124.38081228107227;43.0;Alive;;;;;;;;;;;;;;;;;;;;;;1202080.0;0.0;208.0;False;J:\Culture Cellulaire 3D Microfluidique\PTT\20260310 MCF7\20260312 after laser\Analysis\2026-03-12_204752_mcf7_ptt_tube3_cropped_8bits2\12_0208_0_8bits.tiff;J:\Culture Cellulaire 3D Microfluidique\PTT\20260310 MCF7\20260312 after laser\Analysis\2026-03-12_204752_mcf7_ptt_tube3_segmentationDebug2\12_0208_0_segmented.tiff;;(84. 73);181.438598275184;0.923666007905138;48.7885368594138;0.71363471691001;0.828395438484773;253.666865167687;0.978725407955254;0.911167730681311;0.941366430965898;124.38081228107227;43.0;Alive;1869.5;;;;;;;;;;;;;;;;;;;;;
4;Tube 3;1502170.0;;;;;;;;;;;;;;;;;;;;;1502170.0;0.0;217.0;True;J:\Culture Cellulaire 3D Microfluidique\PTT\20260310 MCF7\20260312 before laser\Analysis\2026-03-12_152917_mcf7_ptt_tube3_cropped_8bits2\15_0217_0_8bits.tiff;J:\Culture Cellulaire 3D Microfluidique\PTT\20260310 MCF7\20260312 before laser\Analysis\2026-03-12_152917_mcf7_ptt_tube3_segmentationDebug2\15_0217_0_segmented.tiff;;(55. 68);161.639609575271;0.888179986568166;41.0348546715137;0.636077391103775;0.633747343721976;434.759298780269;0.979428970930905;0.93589598660286;0.935576695716164;1322.5;123.03429291347757;37.0;Alive;;;;;;;;;;;;;;;;;;;;;;;;;;;;;;;;;;;;;;;;;;
4;Tube 3;1502171.0;1502171.0;0.0;217.0;True;J:\Culture Cellulaire 3D Microfluidique\PTT\20260310 MCF7\20260311\Analysis\2026-03-11_105101_mcf7_ptt_tube3_cropped_8bits2\15_0217_1_8bits.tiff;J:\Culture Cellulaire 3D Microfluidique\PTT\20260310 MCF7\20260311\Analysis\2026-03-11_105101_mcf7_ptt_tube3_segmentationDebug2\15_0217_1_segmented.tiff;431.5;(75. 72);94.8700572252273;0.851084812623274;23.4393443499007;0.602465717465201;0.641471593340769;97.0275311526479;0.990523941682883;0.977640451144175;0.914354818045128;123.03429291347757;37.0;Alive;;;;;;;;;;;;;;;;;;;;;;;;;;;;;;;;;;;;;;;;;;;;;;;;;;;;;;;;;;;;;;;
4;Tube 3;1502180.0;;;;;;;;;;;;;;;;;;;;;;;;;;;;;;;;;;;;;;;;;;1502180.0;0.0;218.0;False;J:\Culture Cellulaire 3D Microfluidique\PTT\20260310 MCF7\20260312 after laser\Analysis\2026-03-12_204752_mcf7_ptt_tube3_cropped_8bits2\15_0218_0_8bits.tiff;J:\Culture Cellulaire 3D Microfluidique\PTT\20260310 MCF7\20260312 after laser\Analysis\2026-03-12_204752_mcf7_ptt_tube3_segmentationDebug2\15_0218_0_segmented.tiff;;(28. 77);93.1126977205276;0.897506925207756;24.8755787619361;0.704414544117165;0.852068136417704;352.143631066432;0.990080818709322;0.975186431453066;0.892311296523043;123.03429291347757;37.0;Alive;486.0;;;;;;;;;;;;;;;;;;;;;
4;Tube 3;1502180.0;;;;;;;;;;;;;;;;;;;;;;;;;;;;;;;;;;;;;;;;;;1502180.0;1.0;218.0;False;J:\Culture Cellulaire 3D Microfluidique\PTT\20260310 MCF7\20260312 after laser\Analysis\2026-03-12_204752_mcf7_ptt_tube3_cropped_8bits2\15_0218_0_8bits.tiff;J:\Culture Cellulaire 3D Microfluidique\PTT\20260310 MCF7\20260312 after laser\Analysis\2026-03-12_204752_mcf7_ptt_tube3_segmentationDebug2\15_0218_0_segmented.tiff;;(104. 71);181.396968603134;0.85875;41.8262015304535;0.524730787778003;0.558103875079589;328.045651005638;0.979032787714982;0.933089105493813;0.925277145148698;123.03429291347757;37.0;Alive;1374.0;;;;;;;;;;;;;;;;;;;;;
4;Tube 3;1602200.0;1602200.0;0.0;220.0;True;J:\Culture Cellulaire 3D Microfluidique\PTT\20260310 MCF7\20260311\Analysis\2026-03-11_105101_mcf7_ptt_tube3_cropped_8bits2\16_0220_0_8bits.tiff;J:\Culture Cellulaire 3D Microfluidique\PTT\20260310 MCF7\20260311\Analysis\2026-03-11_105101_mcf7_ptt_tube3_segmentationDebug2\16_0220_0_segmented.tiff;709.5;(77. 77);113.012192368507;0.904974489795918;30.0560053398584;0.698090396764089;0.894305112586027;359.88177497325;0.987385087051885;0.964564384139726;0.921718450567315;108.37915188942374;37.0;Alive;1602200.0;0.0;220.0;False;J:\Culture Cellulaire 3D Microfluidique\PTT\20260310 MCF7\20260312 before laser\Analysis\2026-03-12_152917_mcf7_ptt_tube3_cropped_8bits2\16_0220_0_8bits.tiff;J:\Culture Cellulaire 3D Microfluidique\PTT\20260310 MCF7\20260312 before laser\Analysis\2026-03-12_152917_mcf7_ptt_tube3_segmentationDebug2\16_0220_0_segmented.tiff;;(117. 93);118.325900673866;0.956454121306376;34.2719051121788;0.827973812616574;0.896849078776755;177.056370039777;0.983488500374406;0.954788053610374;0.922155135932457;922.5;108.37915188942374;37.0;Alive;;;;;;;;;;;;;;;;;;;;;;;;;;;;;;;;;;;;;;;;;;
4;Tube 3;1602201.0;1602201.0;0.0;220.0;True;J:\Culture Cellulaire 3D Microfluidique\PTT\20260310 MCF7\20260311\Analysis\2026-03-11_105101_mcf7_ptt_tube3_cropped_8bits2\16_0220_1_8bits.tiff;J:\Culture Cellulaire 3D Microfluidique\PTT\20260310 MCF7\20260311\Analysis\2026-03-11_105101_mcf7_ptt_tube3_segmentationDebug2\16_0220_1_segmented.tiff;642.0;(79. 72);122.426406025886;0.839215686274509;28.590554169515;0.538263202769341;0.660849801066523;419.671334433443;0.985956660344027;0.967408754928676;0.909853897284271;108.37915188942374;37.0;Alive;;;;;;;;;;;;;;;;;;;;;;;;;;;;;;;;;;;;;;;;;;;;;;;;;;;;;;;;;;;;;;;
4;Tube 3;1602210.0;;;;;;;;;;;;;;;;;;;;;;;;;;;;;;;;;;;;;;;;;;1602210.0;0.0;221.0;False;J:\Culture Cellulaire 3D Microfluidique\PTT\20260310 MCF7\20260312 after laser\Analysis\2026-03-12_204752_mcf7_ptt_tube3_cropped_8bits2\16_0221_0_8bits.tiff;J:\Culture Cellulaire 3D Microfluidique\PTT\20260310 MCF7\20260312 after laser\Analysis\2026-03-12_204752_mcf7_ptt_tube3_segmentationDebug2\16_0221_0_segmented.tiff;;(119. 93);163.396968603134;0.828864353312302;36.581071082141;0.494680270811504;0.650459627442125;331.230818552432;0.981283914641356;0.947659502088151;0.89021004872571;108.37915188942374;37.0;Alive;1051.0;;;;;;;;;;;;;;;;;;;;;
4;Tube 3;1602210.0;;;;;;;;;;;;;;;;;;;;;;;;;;;;;;;;;;;;;;;;;;1602210.0;1.0;221.0;False;J:\Culture Cellulaire 3D Microfluidique\PTT\20260310 MCF7\20260312 after laser\Analysis\2026-03-12_204752_mcf7_ptt_tube3_cropped_8bits2\16_0221_0_8bits.tiff;J:\Culture Cellulaire 3D Microfluidique\PTT\20260310 MCF7\20260312 after laser\Analysis\2026-03-12_204752_mcf7_ptt_tube3_segmentationDebug2\16_0221_0_segmented.tiff;;(43. 57);157.497473716735;0.745069033530572;31.0150362896356;0.382734091954487;0.660695866592779;326.219536248617;0.984501533547881;0.960807140687101;0.882671103166395;108.37915188942374;37.0;Alive;755.5;;;;;;;;;;;;;;;;;;;;;
4;Tube 3;1702230.0;1702230.0;0.0;223.0;False;J:\Culture Cellulaire 3D Microfluidique\PTT\20260310 MCF7\20260311\Analysis\2026-03-11_105101_mcf7_ptt_tube3_cropped_8bits2\17_0223_0_8bits.tiff;J:\Culture Cellulaire 3D Microfluidique\PTT\20260310 MCF7\20260311\Analysis\2026-03-11_105101_mcf7_ptt_tube3_segmentationDebug2\17_0223_0_segmented.tiff;711.0;(80. 75);122.426406025886;0.848448687350835;30.0877602407806;0.59611392082399;0.700122234144203;299.062044633223;0.983103336881781;0.963922093969267;0.892902038853245;106.9386893101364;37.0;Alive;1702230.0;0.0;223.0;False;J:\Culture Cellulaire 3D Microfluidique\PTT\20260310 MCF7\20260312 before laser\Analysis\2026-03-12_152917_mcf7_ptt_tube3_cropped_8bits2\17_0223_0_8bits.tiff;J:\Culture Cellulaire 3D Microfluidique\PTT\20260310 MCF7\20260312 before laser\Analysis\2026-03-12_152917_mcf7_ptt_tube3_segmentationDebug2\17_0223_0_segmented.tiff;;(122. 107);144.911687254905;0.875279392042914;35.305828333233;0.585849049431177;0.85136898253459;400.18835828377;0.980989715519522;0.951436246176623;0.89710779117629;979.0;106.9386893101364;37.0;Alive;;;;;;;;;;;;;;;;;;;;;;;;;;;;;;;;;;;;;;;;;;
4;Tube 3;1702230.0;1702230.0;0.0;223.0;False;J:\Culture Cellulaire 3D Microfluidique\PTT\20260310 MCF7\20260311\Analysis\2026-03-11_105101_mcf7_ptt_tube3_cropped_8bits2\17_0223_0_8bits.tiff;J:\Culture Cellulaire 3D Microfluidique\PTT\20260310 MCF7\20260311\Analysis\2026-03-11_105101_mcf7_ptt_tube3_segmentationDebug2\17_0223_0_segmented.tiff;711.0;(80. 75);122.426406025886;0.848448687350835;30.0877602407806;0.59611392082399;0.700122234144203;299.062044633223;0.983103336881781;0.963922093969267;0.892902038853245;106.9386893101364;37.0;Alive;1702230.0;1.0;223.0;False;J:\Culture Cellulaire 3D Microfluidique\PTT\20260310 MCF7\20260312 before laser\Analysis\2026-03-12_152917_mcf7_ptt_tube3_cropped_8bits2\17_0223_0_8bits.tiff;J:\Culture Cellulaire 3D Microfluidique\PTT\20260310 MCF7\20260312 before laser\Analysis\2026-03-12_152917_mcf7_ptt_tube3_segmentationDebug2\17_0223_0_segmented.tiff;;(48. 51);132.669046401977;0.896798853320592;34.5678363906963;0.670046473666225;0.837158551354777;658.940278490211;0.982397358882159;0.95361714975835;0.89710779117629;938.5;106.9386893101364;37.0;Alive;;;;;;;;;;;;;;;;;;;;;;;;;;;;;;;;;;;;;;;;;;
4;Tube 3;1703240.0;;;;;;;;;;;;;;;;;;;;;;;;;;;;;;;;;;;;;;;;;;1703240.0;0.0;324.0;False;J:\Culture Cellulaire 3D Microfluidique\PTT\20260310 MCF7\20260312 after laser\Analysis\2026-03-12_204752_mcf7_ptt_tube3_cropped_8bits2\17_0324_0_8bits.tiff;J:\Culture Cellulaire 3D Microfluidique\PTT\20260310 MCF7\20260312 after laser\Analysis\2026-03-12_204752_mcf7_ptt_tube3_segmentationDebug2\17_0324_0_segmented.tiff;;(76. 68);109.840619444847;0.964221824686941;32.0844849096627;0.842100531369946;0.914602493125853;477.437738805566;0.981795425032545;0.944135480090281;0.892512080709294;106.9386893101364;37.0;Alive;808.5;;;;;;;;;;;;;;;;;;;;;
4;Tube 3;1805240.0;1805240.0;0.0;524.0;False;J:\Culture Cellulaire 3D Microfluidique\PTT\20260310 MCF7\20260311\Analysis\2026-03-11_105101_mcf7_ptt_tube3_cropped_8bits2\18_0524_0_8bits.tiff;J:\Culture Cellulaire 3D Microfluidique\PTT\20260310 MCF7\20260311\Analysis\2026-03-11_105101_mcf7_ptt_tube3_segmentationDebug2\18_0524_0_segmented.tiff;785.5;(76. 76);131.497473716735;0.841907824222936;31.6248266776194;0.570848986866227;0.645239074146667;375.066790369631;0.986123768227518;0.96070244585717;0.913349461677043;117.77347305868902;37.0;Alive;1805240.0;0.0;524.0;True;J:\Culture Cellulaire 3D Microfluidique\PTT\20260310 MCF7\20260312 before laser\Analysis\2026-03-12_152917_mcf7_ptt_tube3_cropped_8bits2\18_0524_0_8bits.tiff;J:\Culture Cellulaire 3D Microfluidique\PTT\20260310 MCF7\20260312 before laser\Analysis\2026-03-12_152917_mcf7_ptt_tube3_segmentationDebug2\18_0524_0_segmented.tiff;;(83. 64);122.669046282768;0.823120656980416;28.8013118346188;0.544069407374233;0.686845626192027;447.418986464448;0.986366200389098;0.966611415427707;0.897470319866062;651.5;117.77347305868902;37.0;Alive;;;;;;;;;;;;;;;;;;;;;;;;;;;;;;;;;;;;;;;;;;
4;Tube 3;1807240.0;;;;;;;;;;;;;;;;;;;;;;;;;;;;;;;;;;;;;;;;;;1807240.0;0.0;724.0;True;J:\Culture Cellulaire 3D Microfluidique\PTT\20260310 MCF7\20260312 after laser\Analysis\2026-03-12_204752_mcf7_ptt_tube3_cropped_8bits2\18_0724_0_8bits.tiff;J:\Culture Cellulaire 3D Microfluidique\PTT\20260310 MCF7\20260312 after laser\Analysis\2026-03-12_204752_mcf7_ptt_tube3_segmentationDebug2\18_0724_0_segmented.tiff;;(82. 41);127.396968007087;0.88683351468988;32.2131996076011;0.631028956589475;0.809761866801557;271.458678575995;0.981650478286877;0.944493600428832;0.904123303547548;117.77347305868902;37.0;Alive;815.0;;;;;;;;;;;;;;;;;;;;;
4;Tube 3;1807241.0;;;;;;;;;;;;;;;;;;;;;;;;;;;;;;;;;;;;;;;;;;1807241.0;0.0;724.0;True;J:\Culture Cellulaire 3D Microfluidique\PTT\20260310 MCF7\20260312 after laser\Analysis\2026-03-12_204752_mcf7_ptt_tube3_cropped_8bits2\18_0724_1_8bits.tiff;J:\Culture Cellulaire 3D Microfluidique\PTT\20260310 MCF7\20260312 after laser\Analysis\2026-03-12_204752_mcf7_ptt_tube3_segmentationDebug2\18_0724_1_segmented.tiff;;(63. 61);112.769551873207;0.828341855368882;26.8686959464883;0.560285281257773;0.663510399744414;282.932833391466;0.988396437981909;0.970678668926945;0.890280845979514;117.77347305868902;37.0;Alive;567.0;;;;;;;;;;;;;;;;;;;;;
4;Tube 3;1908240.0;1908240.0;0.0;824.0;True;J:\Culture Cellulaire 3D Microfluidique\PTT\20260310 MCF7\20260311\Analysis\2026-03-11_105101_mcf7_ptt_tube3_cropped_8bits2\19_0824_0_8bits.tiff;J:\Culture Cellulaire 3D Microfluidique\PTT\20260310 MCF7\20260311\Analysis\2026-03-11_105101_mcf7_ptt_tube3_segmentationDebug2\19_0824_0_segmented.tiff;626.5;(71. 80);105.840619444847;0.900790797987059;28.2433102659121;0.702791003576943;0.857361835967538;217.827833668678;0.986148383568359;0.968526444924538;0.911459402688061;117.77347305868902;37.0;Alive;1908240.0;0.0;824.0;False;J:\Culture Cellulaire 3D Microfluidique\PTT\20260310 MCF7\20260312 before laser\Analysis\2026-03-12_152917_mcf7_ptt_tube3_cropped_8bits2\19_0824_0_8bits.tiff;J:\Culture Cellulaire 3D Microfluidique\PTT\20260310 MCF7\20260312 before laser\Analysis\2026-03-12_152917_mcf7_ptt_tube3_segmentationDebug2\19_0824_0_segmented.tiff;;(68. 102);103.012192606925;0.865587044534412;26.0872868781125;0.632965896255833;0.947746169607863;329.289806625363;0.988496908363311;0.972642228377796;0.908446812898472;534.5;117.77347305868902;37.0;Alive;;;;;;;;;;;;;;;;;;;;;;;;;;;;;;;;;;;;;;;;;;
4;Tube 3;1908240.0;1908240.0;0.0;824.0;True;J:\Culture Cellulaire 3D Microfluidique\PTT\20260310 MCF7\20260311\Analysis\2026-03-11_105101_mcf7_ptt_tube3_cropped_8bits2\19_0824_0_8bits.tiff;J:\Culture Cellulaire 3D Microfluidique\PTT\20260310 MCF7\20260311\Analysis\2026-03-11_105101_mcf7_ptt_tube3_segmentationDebug2\19_0824_0_segmented.tiff;626.5;(71. 80);105.840619444847;0.900790797987059;28.2433102659121;0.702791003576943;0.857361835967538;217.827833668678;0.986148383568359;0.968526444924538;0.911459402688061;117.77347305868902;37.0;Alive;1908240.0;1.0;824.0;False;J:\Culture Cellulaire 3D Microfluidique\PTT\20260310 MCF7\20260312 before laser\Analysis\2026-03-12_152917_mcf7_ptt_tube3_cropped_8bits2\19_0824_0_8bits.tiff;J:\Culture Cellulaire 3D Microfluidique\PTT\20260310 MCF7\20260312 before laser\Analysis\2026-03-12_152917_mcf7_ptt_tube3_segmentationDebug2\19_0824_0_segmented.tiff;;(80. 46);115.497473239898;0.924776119402985;31.4026117926102;0.729602510576012;0.673196712958317;330.940567265157;0.982460740457424;0.961778932433386;0.917253766795631;774.5;117.33507140412331;37.0;Alive;;;;;;;;;;;;;;;;;;;;;;;;;;;;;;;;;;;;;;;;;;
4;Tube 3;2011240.0;2011240.0;0.0;1124.0;False;J:\Culture Cellulaire 3D Microfluidique\PTT\20260310 MCF7\20260311\Analysis\2026-03-11_105101_mcf7_ptt_tube3_cropped_8bits2\20_1124_0_8bits.tiff;J:\Culture Cellulaire 3D Microfluidique\PTT\20260310 MCF7\20260311\Analysis\2026-03-11_105101_mcf7_ptt_tube3_segmentationDebug2\20_1124_0_segmented.tiff;555.5;(63. 101);101.355338454246;0.890224358974358;26.5948221859139;0.67951753915184;0.861015838585658;360.353892944039;0.990001906914658;0.971804033198251;0.9130318548053;107.2518333491119;37.0;Alive;2011240.0;0.0;1124.0;False;J:\Culture Cellulaire 3D Microfluidique\PTT\20260310 MCF7\20260312 before laser\Analysis\2026-03-12_152917_mcf7_ptt_tube3_cropped_8bits2\20_1124_0_8bits.tiff;J:\Culture Cellulaire 3D Microfluidique\PTT\20260310 MCF7\20260312 before laser\Analysis\2026-03-12_152917_mcf7_ptt_tube3_segmentationDebug2\20_1124_0_segmented.tiff;;(70. 81);185.639609217643;0.818154937906564;41.970548127718;0.504484394418076;0.550464110085008;297.450206504453;0.974786490945985;0.931978390550463;0.929568695519931;1383.5;107.2518333491119;37.0;Alive;;;;;;;;;;;;;;;;;;;;;;;;;;;;;;;;;;;;;;;;;;
4;Tube 3;2011240.0;2011240.0;1.0;1124.0;False;J:\Culture Cellulaire 3D Microfluidique\PTT\20260310 MCF7\20260311\Analysis\2026-03-11_105101_mcf7_ptt_tube3_cropped_8bits2\20_1124_0_8bits.tiff;J:\Culture Cellulaire 3D Microfluidique\PTT\20260310 MCF7\20260311\Analysis\2026-03-11_105101_mcf7_ptt_tube3_segmentationDebug2\20_1124_0_segmented.tiff;453.0;(81. 54);95.5979788303375;0.865329512893982;24.0161927408369;0.622888976879659;0.946805026839169;375.5122872734;0.991183096802046;0.976533879386064;0.897686596204149;107.2518333491119;37.0;Alive;2011240.0;0.0;1124.0;False;J:\Culture Cellulaire 3D Microfluidique\PTT\20260310 MCF7\20260312 before laser\Analysis\2026-03-12_152917_mcf7_ptt_tube3_cropped_8bits2\20_1124_0_8bits.tiff;J:\Culture Cellulaire 3D Microfluidique\PTT\20260310 MCF7\20260312 before laser\Analysis\2026-03-12_152917_mcf7_ptt_tube3_segmentationDebug2\20_1124_0_segmented.tiff;;(70. 81);185.639609217643;0.818154937906564;41.970548127718;0.504484394418076;0.550464110085008;297.450206504453;0.974786490945985;0.931978390550463;0.929568695519931;1383.5;107.2518333491119;37.0;Alive;;;;;;;;;;;;;;;;;;;;;;;;;;;;;;;;;;;;;;;;;;
4;Tube 3;2012240.0;;;;;;;;;;;;;;;;;;;;;;;;;;;;;;;;;;;;;;;;;;2012240.0;0.0;1224.0;False;J:\Culture Cellulaire 3D Microfluidique\PTT\20260310 MCF7\20260312 after laser\Analysis\2026-03-12_204752_mcf7_ptt_tube3_cropped_8bits2\20_1224_0_8bits.tiff;J:\Culture Cellulaire 3D Microfluidique\PTT\20260310 MCF7\20260312 after laser\Analysis\2026-03-12_204752_mcf7_ptt_tube3_segmentationDebug2\20_1224_0_segmented.tiff;;(80. 69);163.396968364715;0.838387715930902;37.2877672011988;0.513977980306934;0.53950089160209;369.017058117804;0.981977258743149;0.94570283489508;0.906004911889654;107.2518333491119;37.0;Alive;1092.0;;;;;;;;;;;;;;;;;;;;;
4;Tube 3;203060.0;;;;;;;;;;;;;;;;;;;;;203060.0;0.0;306.0;False;J:\Culture Cellulaire 3D Microfluidique\PTT\20260310 MCF7\20260312 before laser\Analysis\2026-03-12_152917_mcf7_ptt_tube3_cropped_8bits2\2_0306_0_8bits.tiff;J:\Culture Cellulaire 3D Microfluidique\PTT\20260310 MCF7\20260312 before laser\Analysis\2026-03-12_152917_mcf7_ptt_tube3_segmentationDebug2\2_0306_0_segmented.tiff;;(42. 83);99.941124677658;0.953010279001468;28.7459991047992;0.816518625787595;0.792372213762813;61.2247170268492;0.986547153403213;0.967498454191123;0.919660292303741;649.0;132.835701333411;40.0;Alive;;;;;;;;;;;;;;;;;;;;;;;;;;;;;;;;;;;;;;;;;;
4;Tube 3;203060.0;;;;;;;;;;;;;;;;;;;;;203060.0;1.0;306.0;False;J:\Culture Cellulaire 3D Microfluidique\PTT\20260310 MCF7\20260312 before laser\Analysis\2026-03-12_152917_mcf7_ptt_tube3_cropped_8bits2\2_0306_0_8bits.tiff;J:\Culture Cellulaire 3D Microfluidique\PTT\20260310 MCF7\20260312 before laser\Analysis\2026-03-12_152917_mcf7_ptt_tube3_segmentationDebug2\2_0306_0_segmented.tiff;;(90. 67);274.166520476341;0.836126100539619;61.2243188586064;0.49217418298303;0.606089201080986;375.164741650202;0.944462628986908;0.859559631343656;0.927559217971944;2944.0;135.65399768419059;41.0;Alive;;;;;;;;;;;;;;;;;;;;;;;;;;;;;;;;;;;;;;;;;;
4;Tube 3;205050.0;205050.0;0.0;505.0;False;J:\Culture Cellulaire 3D Microfluidique\PTT\20260310 MCF7\20260311\Analysis\2026-03-11_105101_mcf7_ptt_tube3_cropped_8bits2\2_0505_0_8bits.tiff;J:\Culture Cellulaire 3D Microfluidique\PTT\20260310 MCF7\20260311\Analysis\2026-03-11_105101_mcf7_ptt_tube3_segmentationDebug2\2_0505_0_segmented.tiff;1475.0;(75. 49);169.396968364715;0.892857142857142;43.336224206596;0.645937676572212;0.916976506382863;505.14585008975;0.971346767043569;0.915116162134747;0.921852191631982;132.835701333411;40.0;Alive;;;;;;;;;;;;;;;;;;;;;;;;;;;;;;;;;;;;;;;;;;;;;;;;;;;;;;;;;;;;;;;
4;Tube 3;306050.0;;;;;;;;;;;;;;;;;;;;;306050.0;0.0;605.0;False;J:\Culture Cellulaire 3D Microfluidique\PTT\20260310 MCF7\20260312 before laser\Analysis\2026-03-12_152917_mcf7_ptt_tube3_cropped_8bits2\3_0605_0_8bits.tiff;J:\Culture Cellulaire 3D Microfluidique\PTT\20260310 MCF7\20260312 before laser\Analysis\2026-03-12_152917_mcf7_ptt_tube3_segmentationDebug2\3_0605_0_segmented.tiff;;(75. 72);195.539104104042;0.950908711092542;53.8320834058763;0.74802287597775;0.743385275827621;349.823371528476;0.960428796545338;0.892357281558032;0.938234599964789;2276.0;115.51883597806535;43.0;Alive;;;;;;;;;;;;;;;;;;;;;;;;;;;;;;;;;;;;;;;;;;
4;Tube 3;307050.0;;;;;;;;;;;;;;;;;;;;;;;;;;;;;;;;;;;;;;;;;;307050.0;0.0;705.0;False;J:\Culture Cellulaire 3D Microfluidique\PTT\20260310 MCF7\20260312 after laser\Analysis\2026-03-12_204752_mcf7_ptt_tube3_cropped_8bits2\3_0705_0_8bits.tiff;J:\Culture Cellulaire 3D Microfluidique\PTT\20260310 MCF7\20260312 after laser\Analysis\2026-03-12_204752_mcf7_ptt_tube3_segmentationDebug2\3_0705_0_segmented.tiff;;(79. 74);232.509665966033;0.847412982126058;53.5475065221863;0.523475337699717;0.622892338995279;320.555095870546;0.961441831469782;0.892268883404032;0.923894700921268;135.65399768419059;41.0;Alive;2252.0;;;;;;;;;;;;;;;;;;;;;
4;Tube 3;308050.0;308050.0;0.0;805.0;True;J:\Culture Cellulaire 3D Microfluidique\PTT\20260310 MCF7\20260311\Analysis\2026-03-11_105101_mcf7_ptt_tube3_cropped_8bits2\3_0805_0_8bits.tiff;J:\Culture Cellulaire 3D Microfluidique\PTT\20260310 MCF7\20260311\Analysis\2026-03-11_105101_mcf7_ptt_tube3_segmentationDebug2\3_0805_0_segmented.tiff;1603.0;(81. 74);173.882249832153;0.915738360468437;45.1774610863698;0.666243346208186;0.892175092198136;370.014435759648;0.966145898831267;0.9223863429823;0.917873285341623;135.65399768419059;41.0;Alive;;;;;;;;;;;;;;;;;;;;;;;;;;;;;;;;;;;;;;;;;;;;;;;;;;;;;;;;;;;;;;;
4;Tube 3;308051.0;308051.0;0.0;805.0;True;J:\Culture Cellulaire 3D Microfluidique\PTT\20260310 MCF7\20260311\Analysis\2026-03-11_105101_mcf7_ptt_tube3_cropped_8bits2\3_0805_1_8bits.tiff;J:\Culture Cellulaire 3D Microfluidique\PTT\20260310 MCF7\20260311\Analysis\2026-03-11_105101_mcf7_ptt_tube3_segmentationDebug2\3_0805_1_segmented.tiff;454.5;(71. 71);92.0416300296783;0.892927308447937;24.0559217882443;0.674178888917514;0.885878504480571;344.848690078037;0.988258183109836;0.976476916955401;0.890857298920326;135.65399768419059;41.0;Alive;;;;;;;;;;;;;;;;;;;;;;;;;;;;;;;;;;;;;;;;;;;;;;;;;;;;;;;;;;;;;;;
4;Tube 3;410050.0;;;;;;;;;;;;;;;;;;;;;;;;;;;;;;;;;;;;;;;;;;410050.0;0.0;1005.0;False;J:\Culture Cellulaire 3D Microfluidique\PTT\20260310 MCF7\20260312 after laser\Analysis\2026-03-12_204752_mcf7_ptt_tube3_cropped_8bits2\4_1005_0_8bits.tiff;J:\Culture Cellulaire 3D Microfluidique\PTT\20260310 MCF7\20260312 after laser\Analysis\2026-03-12_204752_mcf7_ptt_tube3_segmentationDebug2\4_1005_0_segmented.tiff;;(85. 63);275.58073413372;0.821185185185185;59.4035638512834;0.458592598872904;0.405847205463932;303.222188442097;0.9524053044511;0.866994184158217;0.926992095699194;115.51883597806535;43.0;Alive;2771.5;;;;;;;;;;;;;;;;;;;;;
4;Tube 3;411050.0;411050.0;0.0;1105.0;True;J:\Culture Cellulaire 3D Microfluidique\PTT\20260310 MCF7\20260311\Analysis\2026-03-11_105101_mcf7_ptt_tube3_cropped_8bits2\4_1105_0_8bits.tiff;J:\Culture Cellulaire 3D Microfluidique\PTT\20260310 MCF7\20260311\Analysis\2026-03-11_105101_mcf7_ptt_tube3_segmentationDebug2\4_1105_0_segmented.tiff;909.0;(75. 70);158.568541407585;0.792502179598953;34.0202108483216;0.454296807132684;0.589204778386946;497.659457616397;0.979887806005768;0.953740214355375;0.897079207102121;115.51883597806535;43.0;Alive;;;;;;;;;;;;;;;;;;;;;;;;;;;;;;;;;;;;;;;;;;;;;;;;;;;;;;;;;;;;;;;
4;Tube 3;411051.0;411051.0;0.0;1105.0;True;J:\Culture Cellulaire 3D Microfluidique\PTT\20260310 MCF7\20260311\Analysis\2026-03-11_105101_mcf7_ptt_tube3_cropped_8bits2\4_1105_1_8bits.tiff;J:\Culture Cellulaire 3D Microfluidique\PTT\20260310 MCF7\20260311\Analysis\2026-03-11_105101_mcf7_ptt_tube3_segmentationDebug2\4_1105_1_segmented.tiff;1167.5;(75. 71);147.982754707336;0.909976617303195;38.5552482611421;0.669953311775756;0.919244773266033;431.720151748971;0.980628047623073;0.942923936380904;0.934529811920702;115.51883597806535;43.0;Alive;;;;;;;;;;;;;;;;;;;;;;;;;;;;;;;;;;;;;;;;;;;;;;;;;;;;;;;;;;;;;;;
4;Tube 3;712010.0;712010.0;0.0;1201.0;False;J:\Culture Cellulaire 3D Microfluidique\PTT\20260310 MCF7\20260311\Analysis\2026-03-11_105101_mcf7_ptt_tube3_cropped_8bits2\7_1201_0_8bits.tiff;J:\Culture Cellulaire 3D Microfluidique\PTT\20260310 MCF7\20260311\Analysis\2026-03-11_105101_mcf7_ptt_tube3_segmentationDebug2\7_1201_0_segmented.tiff;1659.5;(76. 82);169.982755064964;0.934403153153153;45.9667382406888;0.72173437886284;0.828229747489333;261.894034570151;0.969328757832508;0.92009122988816;0.93102158247613;111.51059227917884;43.0;Alive;;;;;;;;;;;;;;;;;;;;;;;;;;;;;;;;;;;;;;;;;;;;;;;;;;;;;;;;;;;;;;;
4;Tube 3;713010.0;;;;;;;;;;;;;;;;;;;;;;;;;;;;;;;;;;;;;;;;;;713010.0;0.0;1301.0;False;J:\Culture Cellulaire 3D Microfluidique\PTT\20260310 MCF7\20260312 after laser\Analysis\2026-03-12_204752_mcf7_ptt_tube3_cropped_8bits2\7_1301_0_8bits.tiff;J:\Culture Cellulaire 3D Microfluidique\PTT\20260310 MCF7\20260312 after laser\Analysis\2026-03-12_204752_mcf7_ptt_tube3_segmentationDebug2\7_1301_0_segmented.tiff;;(73. 81);200.50966656208;0.922953451043338;54.1151637980601;0.718897660811428;0.882104147100498;396.529891487727;0.962891440087176;0.891006690064817;0.921563135015333;111.51059227917884;43.0;Alive;2300.0;;;;;;;;;;;;;;;;;;;;;
4;Tube 3;809010.0;809010.0;0.0;901.0;False;J:\Culture Cellulaire 3D Microfluidique\PTT\20260310 MCF7\20260311\Analysis\2026-03-11_105101_mcf7_ptt_tube3_cropped_8bits2\8_0901_0_8bits.tiff;J:\Culture Cellulaire 3D Microfluidique\PTT\20260310 MCF7\20260311\Analysis\2026-03-11_105101_mcf7_ptt_tube3_segmentationDebug2\8_0901_0_segmented.tiff;1618.0;(79. 73);184.710676550865;0.887061403508771;45.3883419324995;0.595942533940715;0.866879980289072;484.9313791423;0.96621170779939;0.921575611132759;0.911327066868315;126.88596459287633;44.0;Alive;;;;;;;;;;;;;;;;;;;;;;809010.0;0.0;901.0;False;J:\Culture Cellulaire 3D Microfluidique\PTT\20260310 MCF7\20260312 after laser\Analysis\2026-03-12_204752_mcf7_ptt_tube3_cropped_8bits2\8_0901_0_8bits.tiff;J:\Culture Cellulaire 3D Microfluidique\PTT\20260310 MCF7\20260312 after laser\Analysis\2026-03-12_204752_mcf7_ptt_tube3_segmentationDebug2\8_0901_0_segmented.tiff;;(78. 89);223.781744003295;0.912428366762177;56.9524164563087;0.639255905043001;0.671545880432275;277.357009863804;0.95889258697186;0.878749831413485;0.922774965642044;126.88596459287633;44.0;Alive;2547.5;;;;;;;;;;;;;;;;;;;;;
4;Tube 3;810010.0;;;;;;;;;;;;;;;;;;;;;810010.0;0.0;1001.0;False;J:\Culture Cellulaire 3D Microfluidique\PTT\20260310 MCF7\20260312 before laser\Analysis\2026-03-12_152917_mcf7_ptt_tube3_cropped_8bits2\8_1001_0_8bits.tiff;J:\Culture Cellulaire 3D Microfluidique\PTT\20260310 MCF7\20260312 before laser\Analysis\2026-03-12_152917_mcf7_ptt_tube3_segmentationDebug2\8_1001_0_segmented.tiff;;(77. 71);256.994948387146;0.831972789115646;55.8063072279667;0.465390102950055;0.695351929787274;211.481688009891;0.951321347947972;0.882033281394506;0.927134417392749;2446.0;134.08827748931304;43.0;Alive;;;;;;;;;;;;;;;;;;;;;;;;;;;;;;;;;;;;;;;;;;
4;Tube 3;906010.0;906010.0;0.0;601.0;False;J:\Culture Cellulaire 3D Microfluidique\PTT\20260310 MCF7\20260311\Analysis\2026-03-11_105101_mcf7_ptt_tube3_cropped_8bits2\9_0601_0_8bits.tiff;J:\Culture Cellulaire 3D Microfluidique\PTT\20260310 MCF7\20260311\Analysis\2026-03-11_105101_mcf7_ptt_tube3_segmentationDebug2\9_0601_0_segmented.tiff;1510.5;(76. 69);176.953316807746;0.908571428571428;43.854627262382;0.606196156873434;0.75885436210236;251.393439334343;0.976322704459143;0.926642372284063;0.933441799224694;134.08827748931304;43.0;Alive;;;;;;;;;;;;;;;;;;;;;;;;;;;;;;;;;;;;;;;;;;;;;;;;;;;;;;;;;;;;;;;
4;Tube 3;907010.0;;;;;;;;;;;;;;;;;;;;;907010.0;0.0;701.0;False;J:\Culture Cellulaire 3D Microfluidique\PTT\20260310 MCF7\20260312 before laser\Analysis\2026-03-12_152917_mcf7_ptt_tube3_cropped_8bits2\9_0701_0_8bits.tiff;J:\Culture Cellulaire 3D Microfluidique\PTT\20260310 MCF7\20260312 before laser\Analysis\2026-03-12_152917_mcf7_ptt_tube3_segmentationDebug2\9_0701_0_segmented.tiff;;(80. 72);194.124890446662;0.927564519626979;52.1806742618006;0.713110237576223;0.83003510680945;306.548089178779;0.959793020145171;0.898143983890159;0.931726552153159;2138.5;101.36472541637234;48.0;Alive;907010.0;0.0;701.0;False;J:\Culture Cellulaire 3D Microfluidique\PTT\20260310 MCF7\20260312 after laser\Analysis\2026-03-12_204752_mcf7_ptt_tube3_cropped_8bits2\9_0701_0_8bits.tiff;J:\Culture Cellulaire 3D Microfluidique\PTT\20260310 MCF7\20260312 after laser\Analysis\2026-03-12_204752_mcf7_ptt_tube3_segmentationDebug2\9_0701_0_segmented.tiff;;(79. 74);208.267025351524;0.90703363914373;53.219558127284;0.644467833569034;0.814424166399556;285.589672396129;0.961476370646208;0.893686462410563;0.91910414790992;134.08827748931304;43.0;Alive;2224.5;0.0;0.0;0.0;;;;;;14.142134904862019;-0.020530880483248914;1.038883865483406;-0.06864240400718902;-0.01561094040989408;-20.958416782649977;0.001683350501036962;-0.004457521479595994;-0.012622404243239016;86.0;32.723552072940706;-5.0;
4;Tube 4;1002020.0;;;;;;;;;;;;;;;;;;;;;1002020.0;0.0;202.0;False;J:\Culture Cellulaire 3D Microfluidique\PTT\20260310 MCF7\20260312 before laser\Analysis\2026-03-12_153847_mcf7_ptt_tube4_cropped_8bits2\10_0202_0_8bits.tiff;J:\Culture Cellulaire 3D Microfluidique\PTT\20260310 MCF7\20260312 before laser\Analysis\2026-03-12_153847_mcf7_ptt_tube4_segmentationDebug2\10_0202_0_segmented.tiff;;(74. 70);191.539103865623;0.888836552048987;49.0163546269533;0.646348673417256;0.891386165260097;287.187500538398;0.978326454487528;0.909751351404833;0.942619091612429;1887.0;49.69595898541331;66.0;Dead;1002020.0;0.0;202.0;False;J:\Culture Cellulaire 3D Microfluidique\PTT\20260310 MCF7\20260312 after laser\Analysis\2026-03-12_205643_mcf7_ptt_tube4_cropped_8bits2\10_0202_0_8bits.tiff;J:\Culture Cellulaire 3D Microfluidique\PTT\20260310 MCF7\20260312 after laser\Analysis\2026-03-12_205643_mcf7_ptt_tube4_segmentationDebug2\10_0202_0_segmented.tiff;;(80. 72);187.053822875022;0.922469823584029;50.2983794509203;0.713632391490273;0.902082065141567;543.90706316912;0.975399551150044;0.90572576528418;0.894174474728721;49.69595898541331;66.0;Dead;1987.0;0.0;0.0;0.0;;;;;;-4.485280990600984;0.03363327153504192;1.2820248239669993;0.06728371807301703;0.010695899881470017;256.71956263072195;-0.0029269033374840214;-0.0040255861206529575;-0.048444616883707936;100.0;0.0;0.0;
4;Tube 4;103080.0;103080.0;0.0;308.0;False;J:\Culture Cellulaire 3D Microfluidique\PTT\20260310 MCF7\20260311\Analysis\2026-03-11_105955_mcf7_ptt_tube4_cropped_8bits2\1_0308_0_8bits.tiff;J:\Culture Cellulaire 3D Microfluidique\PTT\20260310 MCF7\20260311\Analysis\2026-03-11_105955_mcf7_ptt_tube4_segmentationDebug2\1_0308_0_segmented.tiff;2046.0;(75. 73);221.539103984832;0.850020772746157;51.039671908508;0.523859354720469;0.938488001465903;417.019872004425;0.967176540079816;0.901528564069381;0.928887945098025;91.03097213018053;42.0;Alive;103080.0;0.0;308.0;False;J:\Culture Cellulaire 3D Microfluidique\PTT\20260310 MCF7\20260312 before laser\Analysis\2026-03-12_153847_mcf7_ptt_tube4_cropped_8bits2\1_0308_0_8bits.tiff;J:\Culture Cellulaire 3D Microfluidique\PTT\20260310 MCF7\20260312 before laser\Analysis\2026-03-12_153847_mcf7_ptt_tube4_segmentationDebug2\1_0308_0_segmented.tiff;;(85. 63);284.066015124321;0.814422518862449;59.7774772159149;0.437055261137558;0.933068991460168;309.188501500072;0.970682717580467;0.866359459272304;0.928157241623644;2806.5;91.03097213018053;42.0;Alive;;;;;;;;;;;;;;;;;;;;;;;;;;;;;;;;;;;;;;;;;;
4;Tube 4;1102050.0;1102050.0;0.0;205.0;False;J:\Culture Cellulaire 3D Microfluidique\PTT\20260310 MCF7\20260311\Analysis\2026-03-11_105955_mcf7_ptt_tube4_cropped_8bits2\11_0205_0_8bits.tiff;J:\Culture Cellulaire 3D Microfluidique\PTT\20260310 MCF7\20260311\Analysis\2026-03-11_105955_mcf7_ptt_tube4_segmentationDebug2\11_0205_0_segmented.tiff;1209.0;(78. 77);153.740114450454;0.894892672094744;39.2345078927315;0.642779126037722;0.780689786978164;419.349855699855;0.98099495047904;0.940981649328761;0.926499340145319;81.44876453752995;49.0;Alive;1102050.0;0.0;205.0;False;J:\Culture Cellulaire 3D Microfluidique\PTT\20260310 MCF7\20260312 before laser\Analysis\2026-03-12_153847_mcf7_ptt_tube4_cropped_8bits2\11_0205_0_8bits.tiff;J:\Culture Cellulaire 3D Microfluidique\PTT\20260310 MCF7\20260312 before laser\Analysis\2026-03-12_153847_mcf7_ptt_tube4_segmentationDebug2\11_0205_0_segmented.tiff;;(76. 78);176.267025232315;0.942032821598729;47.5996824554137;0.719723537603378;0.660579356968995;347.521743970346;0.975825870730884;0.914872853287541;0.930516642755335;1779.5;81.44876453752995;49.0;Alive;;;;;;;;;;;;;;;;;;;;;;;;;;;;;;;;;;;;;;;;;;
4;Tube 4;1102060.0;;;;;;;;;;;;;;;;;;;;;;;;;;;;;;;;;;;;;;;;;;1102060.0;0.0;206.0;False;J:\Culture Cellulaire 3D Microfluidique\PTT\20260310 MCF7\20260312 after laser\Analysis\2026-03-12_205643_mcf7_ptt_tube4_cropped_8bits2\11_0206_0_8bits.tiff;J:\Culture Cellulaire 3D Microfluidique\PTT\20260310 MCF7\20260312 after laser\Analysis\2026-03-12_205643_mcf7_ptt_tube4_segmentationDebug2\11_0206_0_segmented.tiff;;(79. 66);184.024384975433;0.937546653396367;48.9773754123375;0.69910114361171;0.665209006305032;429.939126559714;0.969345781847321;0.910453402297369;0.906503634428998;81.44876453752995;49.0;Alive;1884.0;;;;;;;;;;;;;;;;;;;;;
4;Tube 4;1202080.0;1202080.0;0.0;208.0;False;J:\Culture Cellulaire 3D Microfluidique\PTT\20260310 MCF7\20260311\Analysis\2026-03-11_105955_mcf7_ptt_tube4_cropped_8bits2\12_0208_0_8bits.tiff;J:\Culture Cellulaire 3D Microfluidique\PTT\20260310 MCF7\20260311\Analysis\2026-03-11_105955_mcf7_ptt_tube4_segmentationDebug2\12_0208_0_segmented.tiff;989.0;(71. 78);130.911687254905;0.92386735170481;35.4856859838312;0.725185839265948;0.939347997383749;339.050299145299;0.982301873728324;0.951427962846322;0.920254283540644;56.27198380389901;56.0;Alive;1202080.0;0.0;208.0;False;J:\Culture Cellulaire 3D Microfluidique\PTT\20260310 MCF7\20260312 before laser\Analysis\2026-03-12_153847_mcf7_ptt_tube4_cropped_8bits2\12_0208_0_8bits.tiff;J:\Culture Cellulaire 3D Microfluidique\PTT\20260310 MCF7\20260312 before laser\Analysis\2026-03-12_153847_mcf7_ptt_tube4_segmentationDebug2\12_0208_0_segmented.tiff;;(78. 72);161.639609098434;0.915109280962939;42.8858312542725;0.694755233928475;0.651500950839611;276.749192670651;0.979931598396659;0.930151476152676;0.933853539548091;1444.5;56.27198380389901;56.0;Alive;;;;;;;;;;;;;;;;;;;;;;;;;;;;;;;;;;;;;;;;;;
4;Tube 4;1302110.0;1302110.0;0.0;211.0;False;J:\Culture Cellulaire 3D Microfluidique\PTT\20260310 MCF7\20260311\Analysis\2026-03-11_105955_mcf7_ptt_tube4_cropped_8bits2\13_0211_0_8bits.tiff;J:\Culture Cellulaire 3D Microfluidique\PTT\20260310 MCF7\20260311\Analysis\2026-03-11_105955_mcf7_ptt_tube4_segmentationDebug2\13_0211_0_segmented.tiff;994.0;(69. 70);126.911687254905;0.936410739519547;35.5752738213882;0.775520018036261;0.990953617799024;364.089556100217;0.989112327122591;0.951536879697219;0.937074434385023;56.804328670157375;51.0;Alive;1302110.0;0.0;211.0;False;J:\Culture Cellulaire 3D Microfluidique\PTT\20260310 MCF7\20260312 before laser\Analysis\2026-03-12_153847_mcf7_ptt_tube4_cropped_8bits2\13_0211_0_8bits.tiff;J:\Culture Cellulaire 3D Microfluidique\PTT\20260310 MCF7\20260312 before laser\Analysis\2026-03-12_153847_mcf7_ptt_tube4_segmentationDebug2\13_0211_0_segmented.tiff;;(74. 78);142.468035936355;0.957524716221164;40.8014791979558;0.809499690863885;0.906766578894411;208.185979445106;0.983933329667242;0.937150388444825;0.943714419697695;1307.5;56.804328670157375;51.0;Alive;;;;;;;;;;;;;;;;;;;;;;;;;;;;;;;;;;;;;;;;;;
4;Tube 4;1302120.0;;;;;;;;;;;;;;;;;;;;;;;;;;;;;;;;;;;;;;;;;;1302120.0;0.0;212.0;False;J:\Culture Cellulaire 3D Microfluidique\PTT\20260310 MCF7\20260312 after laser\Analysis\2026-03-12_205643_mcf7_ptt_tube4_cropped_8bits2\13_0212_0_8bits.tiff;J:\Culture Cellulaire 3D Microfluidique\PTT\20260310 MCF7\20260312 after laser\Analysis\2026-03-12_205643_mcf7_ptt_tube4_segmentationDebug2\13_0212_0_segmented.tiff;;(79. 72);148.083260178565;0.940645609163484;41.5360034562323;0.776492427581783;0.837254132868665;444.481562915495;0.984006802514501;0.934731008668232;0.911833480466554;56.804328670157375;51.0;Alive;1355.0;;;;;;;;;;;;;;;;;;;;;
4;Tube 4;1402140.0;1402140.0;0.0;214.0;True;J:\Culture Cellulaire 3D Microfluidique\PTT\20260310 MCF7\20260311\Analysis\2026-03-11_105955_mcf7_ptt_tube4_cropped_8bits2\14_0214_0_8bits.tiff;J:\Culture Cellulaire 3D Microfluidique\PTT\20260310 MCF7\20260311\Analysis\2026-03-11_105955_mcf7_ptt_tube4_segmentationDebug2\14_0214_0_segmented.tiff;851.5;(74. 78);125.497473716735;0.882840850181441;32.9266377321157;0.679398446270687;0.869144831402278;283.47016685583;0.987249903491514;0.957868844702178;0.929252036126934;108.12863665824334;45.0;Alive;;;;;;;;;;;;;;;;;;;;;;;;;;;;;;;;;;;;;;;;;;;;;;;;;;;;;;;;;;;;;;;
4;Tube 4;1502170.0;1502170.0;0.0;217.0;False;J:\Culture Cellulaire 3D Microfluidique\PTT\20260310 MCF7\20260311\Analysis\2026-03-11_105955_mcf7_ptt_tube4_cropped_8bits2\15_0217_0_8bits.tiff;J:\Culture Cellulaire 3D Microfluidique\PTT\20260310 MCF7\20260311\Analysis\2026-03-11_105955_mcf7_ptt_tube4_segmentationDebug2\15_0217_0_segmented.tiff;854.5;(72. 72);119.840619325637;0.937465715852989;32.9845902047637;0.747676690901788;0.942667261934951;337.628117326377;0.983700783038801;0.957776038470149;0.903995960132912;104.43353699833233;37.0;Alive;1502170.0;0.0;217.0;False;J:\Culture Cellulaire 3D Microfluidique\PTT\20260310 MCF7\20260312 before laser\Analysis\2026-03-12_153847_mcf7_ptt_tube4_cropped_8bits2\15_0217_0_8bits.tiff;J:\Culture Cellulaire 3D Microfluidique\PTT\20260310 MCF7\20260312 before laser\Analysis\2026-03-12_153847_mcf7_ptt_tube4_segmentationDebug2\15_0217_0_segmented.tiff;;(78. 73);161.639608979225;0.893658920834974;38.0064502881029;0.545655807583558;0.820678492374964;341.283605483981;0.984104088977677;0.94422809330746;0.926328960500242;1134.5;104.43353699833233;37.0;Alive;;;;;;;;;;;;;;;;;;;;;;;;;;;;;;;;;;;;;;;;;;
4;Tube 4;1502180.0;;;;;;;;;;;;;;;;;;;;;;;;;;;;;;;;;;;;;;;;;;1502180.0;0.0;218.0;False;J:\Culture Cellulaire 3D Microfluidique\PTT\20260310 MCF7\20260312 after laser\Analysis\2026-03-12_205643_mcf7_ptt_tube4_cropped_8bits2\15_0218_0_8bits.tiff;J:\Culture Cellulaire 3D Microfluidique\PTT\20260310 MCF7\20260312 after laser\Analysis\2026-03-12_205643_mcf7_ptt_tube4_segmentationDebug2\15_0218_0_segmented.tiff;;(102. 47);135.396968483924;0.961994278708622;38.7117933471608;0.806804748312984;0.737374561893447;263.55051274241;0.981916718990544;0.943249402364232;0.927537947796572;104.43353699833233;37.0;Alive;1177.0;;;;;;;;;;;;;;;;;;;;;
4;Tube 4;1602200.0;1602200.0;0.0;220.0;False;J:\Culture Cellulaire 3D Microfluidique\PTT\20260310 MCF7\20260311\Analysis\2026-03-11_105955_mcf7_ptt_tube4_cropped_8bits2\16_0220_0_8bits.tiff;J:\Culture Cellulaire 3D Microfluidique\PTT\20260310 MCF7\20260311\Analysis\2026-03-11_105955_mcf7_ptt_tube4_segmentationDebug2\16_0220_0_segmented.tiff;1627.0;(77. 78);204.225395560264;0.833077316948284;45.5144014492568;0.49020521274347;0.523292699254329;302.191531931275;0.971535269850311;0.920962942777058;0.929649918133272;104.87193865289804;37.0;Alive;1602200.0;0.0;220.0;False;J:\Culture Cellulaire 3D Microfluidique\PTT\20260310 MCF7\20260312 before laser\Analysis\2026-03-12_153847_mcf7_ptt_tube4_cropped_8bits2\16_0220_0_8bits.tiff;J:\Culture Cellulaire 3D Microfluidique\PTT\20260310 MCF7\20260312 before laser\Analysis\2026-03-12_153847_mcf7_ptt_tube4_segmentationDebug2\16_0220_0_segmented.tiff;;(78. 72);190.710676908493;0.884833538840937;47.7932185906628;0.619843837011093;0.530819123138555;337.746872642695;0.975340637828754;0.914031727879064;0.936115902803939;1794.0;104.87193865289804;37.0;Alive;;;;;;;;;;;;;;;;;;;;;;;;;;;;;;;;;;;;;;;;;;
4;Tube 4;1602210.0;;;;;;;;;;;;;;;;;;;;;;;;;;;;;;;;;;;;;;;;;;1602210.0;0.0;221.0;False;J:\Culture Cellulaire 3D Microfluidique\PTT\20260310 MCF7\20260312 after laser\Analysis\2026-03-12_205643_mcf7_ptt_tube4_cropped_8bits2\16_0221_0_8bits.tiff;J:\Culture Cellulaire 3D Microfluidique\PTT\20260310 MCF7\20260312 after laser\Analysis\2026-03-12_205643_mcf7_ptt_tube4_segmentationDebug2\16_0221_0_segmented.tiff;;(79. 80);198.367531299591;0.872639225181598;47.8996624164801;0.575471040699084;0.404854865067242;192.812309821327;0.972374132825771;0.912737717027065;0.925219525988035;104.87193865289804;37.0;Alive;1802.0;;;;;;;;;;;;;;;;;;;;;
4;Tube 4;1703240.0;1703240.0;0.0;324.0;False;J:\Culture Cellulaire 3D Microfluidique\PTT\20260310 MCF7\20260311\Analysis\2026-03-11_105955_mcf7_ptt_tube4_cropped_8bits2\17_0324_0_8bits.tiff;J:\Culture Cellulaire 3D Microfluidique\PTT\20260310 MCF7\20260311\Analysis\2026-03-11_105955_mcf7_ptt_tube4_segmentationDebug2\17_0324_0_segmented.tiff;787.0;(77. 60);122.568541288375;0.907204610951008;31.6550078456248;0.658304102162673;0.681671443337718;360.021387270766;0.983696640085251;0.956834246424148;0.902392337683742;89.46525193530299;37.0;Alive;1703240.0;0.0;324.0;False;J:\Culture Cellulaire 3D Microfluidique\PTT\20260310 MCF7\20260312 before laser\Analysis\2026-03-12_153847_mcf7_ptt_tube4_cropped_8bits2\17_0324_0_8bits.tiff;J:\Culture Cellulaire 3D Microfluidique\PTT\20260310 MCF7\20260312 before laser\Analysis\2026-03-12_153847_mcf7_ptt_tube4_segmentationDebug2\17_0324_0_segmented.tiff;;(71. 78);133.396968722343;0.926009986382206;36.0375406434715;0.720307793925404;0.685487185586743;220.051503094606;0.980792751207279;0.950051789891118;0.912348041114575;1020.0;89.46525193530299;37.0;Alive;1703240.0;0.0;324.0;False;J:\Culture Cellulaire 3D Microfluidique\PTT\20260310 MCF7\20260312 after laser\Analysis\2026-03-12_205643_mcf7_ptt_tube4_cropped_8bits2\17_0324_0_8bits.tiff;J:\Culture Cellulaire 3D Microfluidique\PTT\20260310 MCF7\20260312 after laser\Analysis\2026-03-12_205643_mcf7_ptt_tube4_segmentationDebug2\17_0324_0_segmented.tiff;;(79. 76);128.468036055564;0.942672214516874;36.0287068302138;0.776259492998966;0.76843996912667;331.456618170858;0.978366755227394;0.95017571446727;0.89064767262508;89.46525193530299;37.0;Alive;1019.5;0.0;0.0;0.0;;;;;;-4.928932666778991;0.016662228134668;-0.008833813257702161;0.05595169907356201;0.08295278353992697;111.405115076252;-0.0024259959798850206;0.00012392457615195696;-0.02170036848949497;-0.5;0.0;0.0;
4;Tube 4;1805240.0;1805240.0;0.0;524.0;False;J:\Culture Cellulaire 3D Microfluidique\PTT\20260310 MCF7\20260311\Analysis\2026-03-11_105955_mcf7_ptt_tube4_cropped_8bits2\18_0524_0_8bits.tiff;J:\Culture Cellulaire 3D Microfluidique\PTT\20260310 MCF7\20260311\Analysis\2026-03-11_105955_mcf7_ptt_tube4_segmentationDebug2\18_0524_0_segmented.tiff;851.0;(78. 76);127.740114331245;0.897679324894514;32.916969067179;0.655367382820037;0.805000728300087;335.535102698813;0.984594022793786;0.949566384798212;0.910247027742675;80.00830195824261;37.0;Alive;;;;;;;;;;;;;;;;;;;;;;;;;;;;;;;;;;;;;;;;;;;;;;;;;;;;;;;;;;;;;;;
4;Tube 4;1806240.0;;;;;;;;;;;;;;;;;;;;;1806240.0;0.0;624.0;False;J:\Culture Cellulaire 3D Microfluidique\PTT\20260310 MCF7\20260312 before laser\Analysis\2026-03-12_153847_mcf7_ptt_tube4_cropped_8bits2\18_0624_0_8bits.tiff;J:\Culture Cellulaire 3D Microfluidique\PTT\20260310 MCF7\20260312 before laser\Analysis\2026-03-12_153847_mcf7_ptt_tube4_segmentationDebug2\18_0624_0_segmented.tiff;;(81. 66);166.325900912284;0.783474576271186;34.3090361145232;0.419949443913085;0.871517689740817;284.87173669117;0.987098619465226;0.950783596120565;0.925644476365899;924.5;80.00830195824261;37.0;Alive;1806240.0;0.0;624.0;False;J:\Culture Cellulaire 3D Microfluidique\PTT\20260310 MCF7\20260312 after laser\Analysis\2026-03-12_205643_mcf7_ptt_tube4_cropped_8bits2\18_0624_0_8bits.tiff;J:\Culture Cellulaire 3D Microfluidique\PTT\20260310 MCF7\20260312 after laser\Analysis\2026-03-12_205643_mcf7_ptt_tube4_segmentationDebug2\18_0624_0_segmented.tiff;;(79. 72);169.396968483924;0.806247675715879;37.1509308967206;0.474709451131378;0.875610692926219;324.208852904557;0.978183696673076;0.945673790726557;0.898371283258369;80.00830195824261;37.0;Alive;1084.0;0.0;0.0;0.0;;;;;;3.0710675716400146;0.022773099444692968;2.8418947821974;0.05476000721829305;0.0040930031854019555;39.33711621338699;-0.008914922792150004;-0.00510980539400796;-0.02727319310752996;159.5;0.0;0.0;
4;Tube 4;1909240.0;1909240.0;0.0;924.0;False;J:\Culture Cellulaire 3D Microfluidique\PTT\20260310 MCF7\20260311\Analysis\2026-03-11_105955_mcf7_ptt_tube4_cropped_8bits2\19_0924_0_8bits.tiff;J:\Culture Cellulaire 3D Microfluidique\PTT\20260310 MCF7\20260311\Analysis\2026-03-11_105955_mcf7_ptt_tube4_segmentationDebug2\19_0924_0_segmented.tiff;730.5;(71. 75);129.840619683265;0.840621403912543;30.4975652705103;0.544513843022586;0.771596917737623;412.392724600086;0.985217701968116;0.962766804331736;0.899031180532012;84.45494731169484;37.0;Alive;1909240.0;0.0;924.0;False;J:\Culture Cellulaire 3D Microfluidique\PTT\20260310 MCF7\20260312 before laser\Analysis\2026-03-12_153847_mcf7_ptt_tube4_cropped_8bits2\19_0924_0_8bits.tiff;J:\Culture Cellulaire 3D Microfluidique\PTT\20260310 MCF7\20260312 before laser\Analysis\2026-03-12_153847_mcf7_ptt_tube4_segmentationDebug2\19_0924_0_segmented.tiff;;(82. 75);114.083260059356;0.935541099940863;31.7353506343559;0.763734661611657;0.919330483717435;300.478143918117;0.985219549678136;0.960818639857729;0.908005965078289;791.0;84.45494731169484;37.0;Alive;1909240.0;0.0;924.0;False;J:\Culture Cellulaire 3D Microfluidique\PTT\20260310 MCF7\20260312 after laser\Analysis\2026-03-12_205643_mcf7_ptt_tube4_cropped_8bits2\19_0924_0_8bits.tiff;J:\Culture Cellulaire 3D Microfluidique\PTT\20260310 MCF7\20260312 after laser\Analysis\2026-03-12_205643_mcf7_ptt_tube4_segmentationDebug2\19_0924_0_segmented.tiff;;(73. 70);191.053822636604;0.77730192719486;37.2365125141519;0.374909357854841;0.708805360693535;564.488703594867;0.984181683824794;0.944718946916845;0.881921799727501;84.45494731169484;37.0;Alive;1089.0;0.0;0.0;0.0;;;;;;76.970562577248;-0.15823917274600297;5.501161879795998;-0.38882530375681607;-0.21052512302390003;264.01055967675006;-0.0010378658533419793;-0.01609969294088398;-0.026084165350788058;298.0;0.0;0.0;
4;Tube 4;2012240.0;2012240.0;0.0;1224.0;False;J:\Culture Cellulaire 3D Microfluidique\PTT\20260310 MCF7\20260311\Analysis\2026-03-11_105955_mcf7_ptt_tube4_cropped_8bits2\20_1224_0_8bits.tiff;J:\Culture Cellulaire 3D Microfluidique\PTT\20260310 MCF7\20260311\Analysis\2026-03-11_105955_mcf7_ptt_tube4_segmentationDebug2\20_1224_0_segmented.tiff;1202.0;(79. 58);194.568541526794;0.782042940793754;39.1207608920336;0.398996498792208;0.474980300203954;289.172231996957;0.972643389063459;0.93954401627885;0.906487328090255;95.16447344465726;37.0;Alive;2012240.0;0.0;1224.0;False;J:\Culture Cellulaire 3D Microfluidique\PTT\20260310 MCF7\20260312 before laser\Analysis\2026-03-12_153847_mcf7_ptt_tube4_cropped_8bits2\20_1224_0_8bits.tiff;J:\Culture Cellulaire 3D Microfluidique\PTT\20260310 MCF7\20260312 before laser\Analysis\2026-03-12_153847_mcf7_ptt_tube4_segmentationDebug2\20_1224_0_segmented.tiff;;(72. 48);179.982754826545;0.836842105263157;41.4823244853705;0.524281006279891;0.568852855237516;323.688662215198;0.97105726013298;0.93309201313335;0.900041643058862;1351.5;95.16447344465726;37.0;Alive;2012240.0;0.0;1224.0;False;J:\Culture Cellulaire 3D Microfluidique\PTT\20260310 MCF7\20260312 after laser\Analysis\2026-03-12_205643_mcf7_ptt_tube4_cropped_8bits2\20_1224_0_8bits.tiff;J:\Culture Cellulaire 3D Microfluidique\PTT\20260310 MCF7\20260312 after laser\Analysis\2026-03-12_205643_mcf7_ptt_tube4_segmentationDebug2\20_1224_0_segmented.tiff;;(73. 92);168.325900793075;0.841085271317829;38.9821933277415;0.529334734340486;0.578157892008664;273.072165313785;0.976577248729794;0.9408800235598;0.906633934142546;95.16447344465726;37.0;Alive;1193.5;0.0;0.0;0.0;;;;;;-11.656854033470012;0.0042431660546718986;-2.5001311576289993;0.0050537280605948975;0.009305036771147912;-50.61649690141303;0.005519988596814018;0.007788010426450054;0.0065922910836839765;-158.0;0.0;0.0;
4;Tube 4;204050.0;204050.0;0.0;405.0;False;J:\Culture Cellulaire 3D Microfluidique\PTT\20260310 MCF7\20260311\Analysis\2026-03-11_105955_mcf7_ptt_tube4_cropped_8bits2\2_0405_0_8bits.tiff;J:\Culture Cellulaire 3D Microfluidique\PTT\20260310 MCF7\20260311\Analysis\2026-03-11_105955_mcf7_ptt_tube4_segmentationDebug2\2_0405_0_segmented.tiff;2013.0;(77. 72);239.19595837593;0.770821367030442;50.6263884111031;0.442125907701905;0.72807252907504;436.015774634837;0.964325286044038;0.90210624699934;0.913294747275214;110.75904658563762;44.0;Alive;;;;;;;;;;;;;;;;;;;;;;;;;;;;;;;;;;;;;;;;;;;;;;;;;;;;;;;;;;;;;;;
4;Tube 4;205050.0;;;;;;;;;;;;;;;;;;;;;205050.0;0.0;505.0;False;J:\Culture Cellulaire 3D Microfluidique\PTT\20260310 MCF7\20260312 before laser\Analysis\2026-03-12_153847_mcf7_ptt_tube4_cropped_8bits2\2_0505_0_8bits.tiff;J:\Culture Cellulaire 3D Microfluidique\PTT\20260310 MCF7\20260312 before laser\Analysis\2026-03-12_153847_mcf7_ptt_tube4_segmentationDebug2\2_0505_0_segmented.tiff;;(80. 72);192.710676789283;0.944070647603027;53.4642196046144;0.75965194844106;0.852590353629009;419.466905561776;0.96451041927773;0.893414242948967;0.934081455116728;2245.0;110.75904658563762;44.0;Alive;;;;;;;;;;;;;;;;;;;;;;;;;;;;;;;;;;;;;;;;;;
4;Tube 4;206050.0;;;;;;;;;;;;;;;;;;;;;;;;;;;;;;;;;;;;;;;;;;206050.0;0.0;605.0;False;J:\Culture Cellulaire 3D Microfluidique\PTT\20260310 MCF7\20260312 after laser\Analysis\2026-03-12_205643_mcf7_ptt_tube4_cropped_8bits2\2_0605_0_8bits.tiff;J:\Culture Cellulaire 3D Microfluidique\PTT\20260310 MCF7\20260312 after laser\Analysis\2026-03-12_205643_mcf7_ptt_tube4_segmentationDebug2\2_0605_0_segmented.tiff;;(73. 77);224.509665966033;0.875145405195812;53.6069179534438;0.562692770906096;0.780823276024367;381.991206666143;0.96781176426814;0.892084456773856;0.916985862359828;91.03097213018053;42.0;Alive;2257.0;;;;;;;;;;;;;;;;;;;;;
4;Tube 4;308050.0;308050.0;0.0;805.0;False;J:\Culture Cellulaire 3D Microfluidique\PTT\20260310 MCF7\20260311\Analysis\2026-03-11_105955_mcf7_ptt_tube4_cropped_8bits2\3_0805_0_8bits.tiff;J:\Culture Cellulaire 3D Microfluidique\PTT\20260310 MCF7\20260311\Analysis\2026-03-11_105955_mcf7_ptt_tube4_segmentationDebug2\3_0805_0_segmented.tiff;2161.5;(74. 76);242.610171437263;0.810461192350956;52.4605306487177;0.46147384813158;0.881968168435173;376.818042121428;0.957956914234529;0.89531899749891;0.914254116264773;131.42655315802122;44.0;Alive;308050.0;0.0;805.0;False;J:\Culture Cellulaire 3D Microfluidique\PTT\20260310 MCF7\20260312 before laser\Analysis\2026-03-12_153847_mcf7_ptt_tube4_cropped_8bits2\3_0805_0_8bits.tiff;J:\Culture Cellulaire 3D Microfluidique\PTT\20260310 MCF7\20260312 before laser\Analysis\2026-03-12_153847_mcf7_ptt_tube4_segmentationDebug2\3_0805_0_segmented.tiff;;(86. 71);199.338093280792;0.952682637101564;55.3481196124385;0.76089527531157;0.856199789494353;489.845129861406;0.968065106498584;0.886258980494067;0.933940387592107;2406.0;131.42655315802122;44.0;Alive;;;;;;;;;;;;;;;;;;;;;;;;;;;;;;;;;;;;;;;;;;
4;Tube 4;309050.0;;;;;;;;;;;;;;;;;;;;;;;;;;;;;;;;;;;;;;;;;;309050.0;0.0;905.0;False;J:\Culture Cellulaire 3D Microfluidique\PTT\20260310 MCF7\20260312 after laser\Analysis\2026-03-12_205643_mcf7_ptt_tube4_cropped_8bits2\3_0905_0_8bits.tiff;J:\Culture Cellulaire 3D Microfluidique\PTT\20260310 MCF7\20260312 after laser\Analysis\2026-03-12_205643_mcf7_ptt_tube4_segmentationDebug2\3_0905_0_segmented.tiff;;(77. 73);259.33809351921;0.84586522587423;59.8998250169705;0.526524064341576;0.764277558830299;409.13082621536;0.952831317612367;0.865925082248403;0.906113800458541;110.75904658563762;44.0;Alive;2818.0;;;;;;;;;;;;;;;;;;;;;
4;Tube 4;411050.0;411050.0;0.0;1105.0;True;J:\Culture Cellulaire 3D Microfluidique\PTT\20260310 MCF7\20260311\Analysis\2026-03-11_105955_mcf7_ptt_tube4_cropped_8bits2\4_1105_0_8bits.tiff;J:\Culture Cellulaire 3D Microfluidique\PTT\20260310 MCF7\20260311\Analysis\2026-03-11_105955_mcf7_ptt_tube4_segmentationDebug2\4_1105_0_segmented.tiff;946.0;(76. 80);132.911687016487;0.892032060348892;34.7056855474641;0.672937390226826;0.96684102507269;351.105684198947;0.980308200964182;0.95329998936882;0.909548415261035;80.85379086347649;55.0;Alive;411050.0;0.0;1105.0;False;J:\Culture Cellulaire 3D Microfluidique\PTT\20260310 MCF7\20260312 before laser\Analysis\2026-03-12_153847_mcf7_ptt_tube4_cropped_8bits2\4_1105_0_8bits.tiff;J:\Culture Cellulaire 3D Microfluidique\PTT\20260310 MCF7\20260312 before laser\Analysis\2026-03-12_153847_mcf7_ptt_tube4_segmentationDebug2\4_1105_0_segmented.tiff;;(47. 102);141.154327750206;0.951320754716981;40.061433400949;0.794994854914822;0.937960360458791;275.865766507803;0.981208755173224;0.938978244442904;0.934455593019719;1260.5;80.85379086347649;55.0;Alive;;;;;;;;;;;;;;;;;;;;;;;;;;;;;;;;;;;;;;;;;;
4;Tube 4;411050.0;411050.0;0.0;1105.0;True;J:\Culture Cellulaire 3D Microfluidique\PTT\20260310 MCF7\20260311\Analysis\2026-03-11_105955_mcf7_ptt_tube4_cropped_8bits2\4_1105_0_8bits.tiff;J:\Culture Cellulaire 3D Microfluidique\PTT\20260310 MCF7\20260311\Analysis\2026-03-11_105955_mcf7_ptt_tube4_segmentationDebug2\4_1105_0_segmented.tiff;946.0;(76. 80);132.911687016487;0.892032060348892;34.7056855474641;0.672937390226826;0.96684102507269;351.105684198947;0.980308200964182;0.95329998936882;0.909548415261035;80.85379086347649;55.0;Alive;411050.0;1.0;1105.0;False;J:\Culture Cellulaire 3D Microfluidique\PTT\20260310 MCF7\20260312 before laser\Analysis\2026-03-12_153847_mcf7_ptt_tube4_cropped_8bits2\4_1105_0_8bits.tiff;J:\Culture Cellulaire 3D Microfluidique\PTT\20260310 MCF7\20260312 before laser\Analysis\2026-03-12_153847_mcf7_ptt_tube4_segmentationDebug2\4_1105_0_segmented.tiff;;(105. 58);187.882249832153;0.891454965357967;47.0278331332092;0.618355429234929;0.674113528817706;257.419235499035;0.973567540974726;0.916376148046585;0.943572929407108;1737.0;80.85379086347649;55.0;Alive;;;;;;;;;;;;;;;;;;;;;;;;;;;;;;;;;;;;;;;;;;
4;Tube 4;411051.0;411051.0;0.0;1105.0;True;J:\Culture Cellulaire 3D Microfluidique\PTT\20260310 MCF7\20260311\Analysis\2026-03-11_105955_mcf7_ptt_tube4_cropped_8bits2\4_1105_1_8bits.tiff;J:\Culture Cellulaire 3D Microfluidique\PTT\20260310 MCF7\20260311\Analysis\2026-03-11_105955_mcf7_ptt_tube4_segmentationDebug2\4_1105_1_segmented.tiff;1306.0;(70. 88);238.852812290191;0.692103868574456;40.7780681914202;0.287668509249655;0.439092328661271;354.197424299954;0.971480464739998;0.933447419784132;0.889268585082067;80.85379086347649;55.0;Alive;;;;;;;;;;;;;;;;;;;;;;;;;;;;;;;;;;;;;;;;;;;;;;;;;;;;;;;;;;;;;;;
4;Tube 4;412050.0;;;;;;;;;;;;;;;;;;;;;;;;;;;;;;;;;;;;;;;;;;412050.0;0.0;1205.0;False;J:\Culture Cellulaire 3D Microfluidique\PTT\20260310 MCF7\20260312 after laser\Analysis\2026-03-12_205643_mcf7_ptt_tube4_cropped_8bits2\4_1205_0_8bits.tiff;J:\Culture Cellulaire 3D Microfluidique\PTT\20260310 MCF7\20260312 after laser\Analysis\2026-03-12_205643_mcf7_ptt_tube4_segmentationDebug2\4_1205_0_segmented.tiff;;(85. 113);140.325901031494;0.955809523809523;39.9659731380365;0.800580210627563;0.893662209149158;372.188018307422;0.983219227609278;0.939553876166417;0.92342459777993;131.42655315802122;44.0;Alive;1254.5;;;;;;;;;;;;;;;;;;;;;
4;Tube 4;412050.0;;;;;;;;;;;;;;;;;;;;;;;;;;;;;;;;;;;;;;;;;;412050.0;1.0;1205.0;False;J:\Culture Cellulaire 3D Microfluidique\PTT\20260310 MCF7\20260312 after laser\Analysis\2026-03-12_205643_mcf7_ptt_tube4_cropped_8bits2\4_1205_0_8bits.tiff;J:\Culture Cellulaire 3D Microfluidique\PTT\20260310 MCF7\20260312 after laser\Analysis\2026-03-12_205643_mcf7_ptt_tube4_segmentationDebug2\4_1205_0_segmented.tiff;;(72. 58);196.710676670074;0.885144755576649;48.7297829969627;0.605665499276275;0.696361593627492;229.725782581158;0.972686870112847;0.910299885101706;0.928259787110732;80.85379086347649;55.0;Alive;1865.0;;;;;;;;;;;;;;;;;;;;;
4;Tube 4;711010.0;;;;;;;;;;;;;;;;;;;;;;;;;;;;;;;;;;;;;;;;;;711010.0;0.0;1101.0;False;J:\Culture Cellulaire 3D Microfluidique\PTT\20260310 MCF7\20260312 after laser\Analysis\2026-03-12_205643_mcf7_ptt_tube4_cropped_8bits2\7_1101_0_8bits.tiff;J:\Culture Cellulaire 3D Microfluidique\PTT\20260310 MCF7\20260312 after laser\Analysis\2026-03-12_205643_mcf7_ptt_tube4_segmentationDebug2\7_1101_0_segmented.tiff;;(76. 71);212.024385213851;0.875243243243243;50.7645234247694;0.565781505539178;0.748116485933785;532.332346582984;0.964399154610287;0.902637745127288;0.896165581936744;89.93496799376625;47.0;Alive;2024.0;;;;;;;;;;;;;;;;;;;;;
4;Tube 4;808010.0;;;;;;;;;;;;;;;;;;;;;;;;;;;;;;;;;;;;;;;;;;808010.0;0.0;801.0;False;J:\Culture Cellulaire 3D Microfluidique\PTT\20260310 MCF7\20260312 after laser\Analysis\2026-03-12_205643_mcf7_ptt_tube4_cropped_8bits2\8_0801_0_8bits.tiff;J:\Culture Cellulaire 3D Microfluidique\PTT\20260310 MCF7\20260312 after laser\Analysis\2026-03-12_205643_mcf7_ptt_tube4_segmentationDebug2\8_0801_0_segmented.tiff;;(81. 45);179.296463251113;0.938543247344461;48.6055138359434;0.725316198943033;0.894305894214503;290.262364985151;0.980221131505489;0.892240552317666;0.936635366472181;69.29877582528019;54.0;Alive;1855.5;;;;;;;;;;;;;;;;;;;;;
4;Tube 4;809010.0;809010.0;0.0;901.0;False;J:\Culture Cellulaire 3D Microfluidique\PTT\20260310 MCF7\20260311\Analysis\2026-03-11_105955_mcf7_ptt_tube4_cropped_8bits2\8_0901_0_8bits.tiff;J:\Culture Cellulaire 3D Microfluidique\PTT\20260310 MCF7\20260311\Analysis\2026-03-11_105955_mcf7_ptt_tube4_segmentationDebug2\8_0901_0_segmented.tiff;1440.0;(75. 70);158.710677742958;0.919833918875758;42.8189787876665;0.718389644961376;0.874343018689461;438.435231548254;0.97468274734694;0.930398432601557;0.920190988917562;69.29877582528019;54.0;Alive;;;;;;;;;;;;;;;;;;;;;;;;;;;;;;;;;;;;;;;;;;;;;;;;;;;;;;;;;;;;;;;
4;Tube 4;905010.0;;;;;;;;;;;;;;;;;;;;;;;;;;;;;;;;;;;;;;;;;;905010.0;0.0;501.0;False;J:\Culture Cellulaire 3D Microfluidique\PTT\20260310 MCF7\20260312 after laser\Analysis\2026-03-12_205643_mcf7_ptt_tube4_cropped_8bits2\9_0501_0_8bits.tiff;J:\Culture Cellulaire 3D Microfluidique\PTT\20260310 MCF7\20260312 after laser\Analysis\2026-03-12_205643_mcf7_ptt_tube4_segmentationDebug2\9_0501_0_segmented.tiff;;(72. 85);198.124890327453;0.930071398572028;53.0998019941319;0.708936717926957;0.798248147350286;454.915874169278;0.972894895077287;0.895457569216233;0.92333456844086;92.97246517182869;48.0;Alive;2214.5;;;;;;;;;;;;;;;;;;;;;
4;Tube 5;1002020.0;1002020.0;0.0;202.0;False;J:\Culture Cellulaire 3D Microfluidique\PTT\20260310 MCF7\20260311\Analysis\2026-03-11_110849_mcf7_ptt_tube5_cropped_8bits2\10_0202_0_8bits.tiff;J:\Culture Cellulaire 3D Microfluidique\PTT\20260310 MCF7\20260311\Analysis\2026-03-11_110849_mcf7_ptt_tube5_segmentationDebug2\10_0202_0_segmented.tiff;1078.0;(76. 73);140.911687254905;0.915498938428874;37.0479719988085;0.682235940733679;0.939169652022037;109.836967689279;0.981916320863971;0.947119645039119;0.924780595932811;52.639512951783104;60.0;Alive;1002020.0;0.0;202.0;False;J:\Culture Cellulaire 3D Microfluidique\PTT\20260310 MCF7\20260312 before laser\Analysis\2026-03-12_154737_mcf7_ptt_tube5_cropped_8bits2\10_0202_0_8bits.tiff;J:\Culture Cellulaire 3D Microfluidique\PTT\20260310 MCF7\20260312 before laser\Analysis\2026-03-12_154737_mcf7_ptt_tube5_segmentationDebug2\10_0202_0_segmented.tiff;;(75. 72);179.781744241714;0.920093321668124;44.8166864216858;0.613321307245451;0.755916906525385;331.489632272772;0.977909274089297;0.923727757343066;0.922761516944441;1577.5;52.639512951783104;60.0;Alive;1002020.0;0.0;202.0;False;J:\Culture Cellulaire 3D Microfluidique\PTT\20260310 MCF7\20260312 after laser\Analysis\2026-03-12_210551_mcf7_ptt_tube5_cropped_8bits2\10_0202_0_8bits.tiff;J:\Culture Cellulaire 3D Microfluidique\PTT\20260310 MCF7\20260312 after laser\Analysis\2026-03-12_210551_mcf7_ptt_tube5_segmentationDebug2\10_0202_0_segmented.tiff;;(62. 74);193.053822755813;0.920237010027347;50.7017814363587;0.680752698424951;0.758355119685968;556.815462122535;0.969542714860993;0.904045613916023;0.913131153072199;52.639512951783104;60.0;Alive;2019.0;0.0;0.0;0.0;;;;;;13.272078514099007;0.00014368835922307088;5.885095014672899;0.06743139117950003;0.0024382131605830137;225.325829849763;-0.008366559228303982;-0.019682143427042997;-0.00963036387224192;441.5;0.0;0.0;
4;Tube 5;103070.0;;;;;;;;;;;;;;;;;;;;;103070.0;0.0;307.0;False;J:\Culture Cellulaire 3D Microfluidique\PTT\20260310 MCF7\20260312 before laser\Analysis\2026-03-12_154737_mcf7_ptt_tube5_cropped_8bits2\1_0307_0_8bits.tiff;J:\Culture Cellulaire 3D Microfluidique\PTT\20260310 MCF7\20260312 before laser\Analysis\2026-03-12_154737_mcf7_ptt_tube5_segmentationDebug2\1_0307_0_segmented.tiff;;(75. 74);301.521858572959;0.860683987274655;64.29286260529;0.448732648157227;0.79934792526187;545.693535710727;0.950036847281853;0.845651773610575;0.909609182415361;3246.5;15.344057909799952;64.0;Dead;;;;;;;;;;;;;;;;;;;;;;;;;;;;;;;;;;;;;;;;;;
4;Tube 5;1102050.0;1102050.0;0.0;205.0;False;J:\Culture Cellulaire 3D Microfluidique\PTT\20260310 MCF7\20260311\Analysis\2026-03-11_110849_mcf7_ptt_tube5_cropped_8bits2\11_0205_0_8bits.tiff;J:\Culture Cellulaire 3D Microfluidique\PTT\20260310 MCF7\20260311\Analysis\2026-03-11_110849_mcf7_ptt_tube5_segmentationDebug2\11_0205_0_segmented.tiff;1181.5;(72. 75);132.811181545257;0.967649467649467;38.7857257519386;0.84173291330127;0.859310605170592;246.505511234927;0.980039707599123;0.942903970105908;0.932228256178374;4.07087250668162;56.0;Dead;1102050.0;0.0;205.0;False;J:\Culture Cellulaire 3D Microfluidique\PTT\20260310 MCF7\20260312 before laser\Analysis\2026-03-12_154737_mcf7_ptt_tube5_cropped_8bits2\11_0205_0_8bits.tiff;J:\Culture Cellulaire 3D Microfluidique\PTT\20260310 MCF7\20260312 before laser\Analysis\2026-03-12_154737_mcf7_ptt_tube5_segmentationDebug2\11_0205_0_segmented.tiff;;(74. 67);174.710676908493;0.92098238120662;46.865106579076;0.710166318151874;0.793049158896575;381.416904626896;0.97718293275814;0.917653257807105;0.940797943349083;1725.0;4.07087250668162;56.0;Dead;;;;;;;;;;;;;;;;;;;;;;;;;;;;;;;;;;;;;;;;;;
4;Tube 5;1102060.0;;;;;;;;;;;;;;;;;;;;;;;;;;;;;;;;;;;;;;;;;;1102060.0;0.0;206.0;False;J:\Culture Cellulaire 3D Microfluidique\PTT\20260310 MCF7\20260312 after laser\Analysis\2026-03-12_210551_mcf7_ptt_tube5_cropped_8bits2\11_0206_0_8bits.tiff;J:\Culture Cellulaire 3D Microfluidique\PTT\20260310 MCF7\20260312 after laser\Analysis\2026-03-12_210551_mcf7_ptt_tube5_segmentationDebug2\11_0206_0_segmented.tiff;;(69. 76);177.781744241714;0.945818901533894;49.3335321030358;0.759993434998417;0.760760430557635;863.537513146815;0.971168007170218;0.909243878082491;0.891241035631472;4.07087250668162;56.0;Dead;1911.5;;;;;;;;;;;;;;;;;;;;;
4;Tube 5;1202080.0;1202080.0;0.0;208.0;False;J:\Culture Cellulaire 3D Microfluidique\PTT\20260310 MCF7\20260311\Analysis\2026-03-11_110849_mcf7_ptt_tube5_cropped_8bits2\12_0208_0_8bits.tiff;J:\Culture Cellulaire 3D Microfluidique\PTT\20260310 MCF7\20260311\Analysis\2026-03-11_110849_mcf7_ptt_tube5_segmentationDebug2\12_0208_0_segmented.tiff;981.5;(81. 61);134.669046640396;0.892678490222828;35.3508785344517;0.680087193203801;0.779824763422857;444.982477793361;0.983903910542994;0.95160743937105;0.920836689399748;50.35356146726188;59.0;Alive;;;;;;;;;;;;;;;;;;;;;;;;;;;;;;;;;;;;;;;;;;;;;;;;;;;;;;;;;;;;;;;
4;Tube 5;1202090.0;;;;;;;;;;;;;;;;;;;;;1202090.0;0.0;209.0;True;J:\Culture Cellulaire 3D Microfluidique\PTT\20260310 MCF7\20260312 before laser\Analysis\2026-03-12_154737_mcf7_ptt_tube5_cropped_8bits2\12_0209_0_8bits.tiff;J:\Culture Cellulaire 3D Microfluidique\PTT\20260310 MCF7\20260312 before laser\Analysis\2026-03-12_154737_mcf7_ptt_tube5_segmentationDebug2\12_0209_0_segmented.tiff;;(80. 64);179.639608860015;0.8744880046811;43.6217434269505;0.581971318710132;0.59103675374476;276.031403173589;0.975047097290129;0.927723531424084;0.945537825901042;1494.5;50.35356146726188;59.0;Alive;;;;;;;;;;;;;;;;;;;;;;;;;;;;;;;;;;;;;;;;;;
4;Tube 5;1302120.0;;;;;;;;;;;;;;;;;;;;;1302120.0;1.0;212.0;False;J:\Culture Cellulaire 3D Microfluidique\PTT\20260310 MCF7\20260312 before laser\Analysis\2026-03-12_154737_mcf7_ptt_tube5_cropped_8bits2\13_0212_0_8bits.tiff;J:\Culture Cellulaire 3D Microfluidique\PTT\20260310 MCF7\20260312 before laser\Analysis\2026-03-12_154737_mcf7_ptt_tube5_segmentationDebug2\13_0212_0_segmented.tiff;;(124. 59);99.698484301567;0.827927927927927;24.1878806596569;0.580922594096681;0.77179635129348;231.188605744318;0.989691901576939;0.976172578913765;0.913098933447834;459.5;78.12943772438955;74.0;Alive;;;;;;;;;;;;;;;;;;;;;;;;;;;;;;;;;;;;;;;;;;
4;Tube 5;1402150.0;;;;;;;;;;;;;;;;;;;;;1402150.0;0.0;215.0;True;J:\Culture Cellulaire 3D Microfluidique\PTT\20260310 MCF7\20260312 before laser\Analysis\2026-03-12_154737_mcf7_ptt_tube5_cropped_8bits2\14_0215_0_8bits.tiff;J:\Culture Cellulaire 3D Microfluidique\PTT\20260310 MCF7\20260312 before laser\Analysis\2026-03-12_154737_mcf7_ptt_tube5_segmentationDebug2\14_0215_0_segmented.tiff;;(64. 72);150.083260416984;0.912994350282485;39.2831557823326;0.676157659851804;0.856798419137518;421.415368529789;0.980958765829511;0.940990542650294;0.936978398777928;1212.0;98.48380025779765;50.0;Alive;1402150.0;0.0;215.0;False;J:\Culture Cellulaire 3D Microfluidique\PTT\20260310 MCF7\20260312 after laser\Analysis\2026-03-12_210551_mcf7_ptt_tube5_cropped_8bits2\14_0215_0_8bits.tiff;J:\Culture Cellulaire 3D Microfluidique\PTT\20260310 MCF7\20260312 after laser\Analysis\2026-03-12_210551_mcf7_ptt_tube5_segmentationDebug2\14_0215_0_segmented.tiff;;(59. 86);275.095452785491;0.602578350744609;41.543666218673;0.225082931318505;0.453857348244136;56.0805547884253;0.975398697990407;0.93070658054825;0.923429214110973;78.12943772438955;50.0;Alive;1355.5;0.0;0.0;0.0;;;;;;125.01219236850699;-0.310415999537876;2.260510436340404;-0.451074728533299;-0.402941070893382;-365.33481374136375;-0.00556006783910401;-0.010283962102044075;-0.013549184666954983;143.5;-20.354362533408093;0.0;
4;Tube 5;1402151.0;;;;;;;;;;;;;;;;;;;;;1402151.0;0.0;215.0;True;J:\Culture Cellulaire 3D Microfluidique\PTT\20260310 MCF7\20260312 before laser\Analysis\2026-03-12_154737_mcf7_ptt_tube5_cropped_8bits2\14_0215_1_8bits.tiff;J:\Culture Cellulaire 3D Microfluidique\PTT\20260310 MCF7\20260312 before laser\Analysis\2026-03-12_154737_mcf7_ptt_tube5_segmentationDebug2\14_0215_1_segmented.tiff;;(74. 77);126.911687254905;0.858923512747875;31.0663093223069;0.591392528844553;0.690534655135202;216.54332577334;0.985286849484243;0.96175684936819;0.915865621923426;758.0;98.48380025779765;50.0;Alive;;;;;;;;;;;;;;;;;;;;;;;;;;;;;;;;;;;;;;;;;;
4;Tube 5;1502180.0;1502180.0;0.0;218.0;True;J:\Culture Cellulaire 3D Microfluidique\PTT\20260310 MCF7\20260311\Analysis\2026-03-11_110849_mcf7_ptt_tube5_cropped_8bits2\15_0218_0_8bits.tiff;J:\Culture Cellulaire 3D Microfluidique\PTT\20260310 MCF7\20260311\Analysis\2026-03-11_110849_mcf7_ptt_tube5_segmentationDebug2\15_0218_0_segmented.tiff;937.0;(74. 71);126.083259940147;0.934663341645885;34.5402005410629;0.740686785564321;0.948983043052617;486.108676961623;0.980591854875313;0.953785052388368;0.904846440553829;98.48380025779765;37.0;Alive;1502180.0;0.0;218.0;True;J:\Culture Cellulaire 3D Microfluidique\PTT\20260310 MCF7\20260312 before laser\Analysis\2026-03-12_154737_mcf7_ptt_tube5_cropped_8bits2\15_0218_0_8bits.tiff;J:\Culture Cellulaire 3D Microfluidique\PTT\20260310 MCF7\20260312 before laser\Analysis\2026-03-12_154737_mcf7_ptt_tube5_segmentationDebug2\15_0218_0_segmented.tiff;;(76. 77);146.468036055564;0.947728911319394;40.9105534251783;0.769989384708918;0.850434657472868;358.054805182534;0.970771475287258;0.936237457727085;0.908423067860608;1314.5;92.47143470946787;37.0;Alive;1502180.0;0.0;218.0;True;J:\Culture Cellulaire 3D Microfluidique\PTT\20260310 MCF7\20260312 after laser\Analysis\2026-03-12_210551_mcf7_ptt_tube5_cropped_8bits2\15_0218_0_8bits.tiff;J:\Culture Cellulaire 3D Microfluidique\PTT\20260310 MCF7\20260312 after laser\Analysis\2026-03-12_210551_mcf7_ptt_tube5_segmentationDebug2\15_0218_0_segmented.tiff;;(80. 79);174.811181783676;0.896440129449838;44.0429386667604;0.626489656358461;0.820561178980735;276.908082010581;0.972397423120834;0.925985136647448;0.913209637121159;98.48380025779765;37.0;Alive;1523.5;0.0;0.0;0.0;;;;;;28.343145728112006;-0.05128878186955599;3.1323852415820994;-0.143499728350457;-0.029873478492132954;-81.146723171953;0.001625947833575947;-0.010252321079637028;0.004786569260550988;209.0;6.012365548329754;0.0;
4;Tube 5;1502181.0;1502181.0;0.0;218.0;True;J:\Culture Cellulaire 3D Microfluidique\PTT\20260310 MCF7\20260311\Analysis\2026-03-11_110849_mcf7_ptt_tube5_cropped_8bits2\15_0218_1_8bits.tiff;J:\Culture Cellulaire 3D Microfluidique\PTT\20260310 MCF7\20260311\Analysis\2026-03-11_110849_mcf7_ptt_tube5_segmentationDebug2\15_0218_1_segmented.tiff;459.5;(82. 71);86.5269113779068;0.940634595701125;24.1878806596569;0.771246092111576;0.789830043457078;624.277630121816;0.990313526208038;0.976437335688446;0.878005679422396;98.48380025779765;37.0;Alive;1502181.0;0.0;218.0;True;J:\Culture Cellulaire 3D Microfluidique\PTT\20260310 MCF7\20260312 before laser\Analysis\2026-03-12_154737_mcf7_ptt_tube5_cropped_8bits2\15_0218_1_8bits.tiff;J:\Culture Cellulaire 3D Microfluidique\PTT\20260310 MCF7\20260312 before laser\Analysis\2026-03-12_154737_mcf7_ptt_tube5_segmentationDebug2\15_0218_1_segmented.tiff;;(81. 80);110.183765649795;0.906639004149377;28.8895919246689;0.678496073160104;0.799293364561389;409.117342262257;0.982910476616626;0.966817917565592;0.890150428308817;655.5;92.47143470946787;37.0;Alive;1502181.0;0.0;218.0;True;J:\Culture Cellulaire 3D Microfluidique\PTT\20260310 MCF7\20260312 after laser\Analysis\2026-03-12_210551_mcf7_ptt_tube5_cropped_8bits2\15_0218_1_8bits.tiff;J:\Culture Cellulaire 3D Microfluidique\PTT\20260310 MCF7\20260312 after laser\Analysis\2026-03-12_210551_mcf7_ptt_tube5_segmentationDebug2\15_0218_1_segmented.tiff;;(81. 81);131.497473597526;0.854696132596685;31.3823324157502;0.562128188595297;0.672810940150305;330.243332095783;0.985599834095688;0.961302222703673;0.910730907454032;98.48380025779765;37.0;Alive;773.5;0.0;0.0;0.0;;;;;;21.313707947731004;-0.05194287155269206;2.4927404910812996;-0.11636788456480696;-0.12648242441108404;-78.87401016647402;0.00268935747906196;-0.0055156948619189405;0.02058047914521499;118.0;6.012365548329754;0.0;
4;Tube 5;1602210.0;1602210.0;0.0;221.0;True;J:\Culture Cellulaire 3D Microfluidique\PTT\20260310 MCF7\20260311\Analysis\2026-03-11_110849_mcf7_ptt_tube5_cropped_8bits2\16_0221_0_8bits.tiff;J:\Culture Cellulaire 3D Microfluidique\PTT\20260310 MCF7\20260311\Analysis\2026-03-11_110849_mcf7_ptt_tube5_segmentationDebug2\16_0221_0_segmented.tiff;650.0;(72. 77);112.083260178565;0.886766712141882;28.7681369587579;0.650192133823776;0.917505104995275;315.706797063653;0.985256358110365;0.967184718757274;0.9024380565338;92.47143470946787;37.0;Alive;1602210.0;0.0;221.0;True;J:\Culture Cellulaire 3D Microfluidique\PTT\20260310 MCF7\20260312 before laser\Analysis\2026-03-12_154737_mcf7_ptt_tube5_cropped_8bits2\16_0221_0_8bits.tiff;J:\Culture Cellulaire 3D Microfluidique\PTT\20260310 MCF7\20260312 before laser\Analysis\2026-03-12_154737_mcf7_ptt_tube5_segmentationDebug2\16_0221_0_segmented.tiff;;(76. 69);116.183765411376;0.937951807228915;31.4835986757601;0.724732247497162;0.819726353202832;614.830465568402;0.985598535095574;0.961171406254343;0.890085474699018;778.5;100.67580853062621;37.0;Alive;1602210.0;0.0;221.0;False;J:\Culture Cellulaire 3D Microfluidique\PTT\20260310 MCF7\20260312 after laser\Analysis\2026-03-12_210551_mcf7_ptt_tube5_cropped_8bits2\16_0221_0_8bits.tiff;J:\Culture Cellulaire 3D Microfluidique\PTT\20260310 MCF7\20260312 after laser\Analysis\2026-03-12_210551_mcf7_ptt_tube5_segmentationDebug2\16_0221_0_segmented.tiff;;(121. 96);132.083260416984;0.895265423242467;34.5217643505095;0.674202178127122;0.836550464229639;315.123009933666;0.982741531315396;0.953551164926165;0.890825510457469;92.47143470946787;37.0;Alive;936.0;0.0;0.0;0.0;;;;;;15.899495005607989;-0.04268638398644797;3.0381656747494006;-0.05053006937004001;0.01682411102680692;-299.707455634736;-0.002857003780178058;-0.007620241328178068;0.000740035758451052;157.5;-8.204373821158313;0.0;
4;Tube 5;1602210.0;1602210.0;0.0;221.0;True;J:\Culture Cellulaire 3D Microfluidique\PTT\20260310 MCF7\20260311\Analysis\2026-03-11_110849_mcf7_ptt_tube5_cropped_8bits2\16_0221_0_8bits.tiff;J:\Culture Cellulaire 3D Microfluidique\PTT\20260310 MCF7\20260311\Analysis\2026-03-11_110849_mcf7_ptt_tube5_segmentationDebug2\16_0221_0_segmented.tiff;650.0;(72. 77);112.083260178565;0.886766712141882;28.7681369587579;0.650192133823776;0.917505104995275;315.706797063653;0.985256358110365;0.967184718757274;0.9024380565338;92.47143470946787;37.0;Alive;1602210.0;0.0;221.0;True;J:\Culture Cellulaire 3D Microfluidique\PTT\20260310 MCF7\20260312 before laser\Analysis\2026-03-12_154737_mcf7_ptt_tube5_cropped_8bits2\16_0221_0_8bits.tiff;J:\Culture Cellulaire 3D Microfluidique\PTT\20260310 MCF7\20260312 before laser\Analysis\2026-03-12_154737_mcf7_ptt_tube5_segmentationDebug2\16_0221_0_segmented.tiff;;(76. 69);116.183765411376;0.937951807228915;31.4835986757601;0.724732247497162;0.819726353202832;614.830465568402;0.985598535095574;0.961171406254343;0.890085474699018;778.5;100.67580853062621;37.0;Alive;1602210.0;1.0;221.0;False;J:\Culture Cellulaire 3D Microfluidique\PTT\20260310 MCF7\20260312 after laser\Analysis\2026-03-12_210551_mcf7_ptt_tube5_cropped_8bits2\16_0221_0_8bits.tiff;J:\Culture Cellulaire 3D Microfluidique\PTT\20260310 MCF7\20260312 after laser\Analysis\2026-03-12_210551_mcf7_ptt_tube5_segmentationDebug2\16_0221_0_segmented.tiff;;(32. 65);130.911687254905;0.871275997751545;31.412746571571;0.568269995380293;0.640941491864495;88.5142668766711;0.987860372480348;0.961128989955689;0.935034552591639;92.47143470946787;37.0;Alive;775.0;0.0;1.0;0.0;;;;;;14.72792184352899;-0.06667580947737006;-0.07085210418910037;-0.15646225211686904;-0.17878486133833704;-526.316198691731;0.0022618373847739237;-4.241629865409102e-05;0.04494907789262104;-3.5;-8.204373821158313;0.0;
4;Tube 5;1602211.0;1602211.0;0.0;221.0;True;J:\Culture Cellulaire 3D Microfluidique\PTT\20260310 MCF7\20260311\Analysis\2026-03-11_110849_mcf7_ptt_tube5_cropped_8bits2\16_0221_1_8bits.tiff;J:\Culture Cellulaire 3D Microfluidique\PTT\20260310 MCF7\20260311\Analysis\2026-03-11_110849_mcf7_ptt_tube5_segmentationDebug2\16_0221_1_segmented.tiff;556.5;(76. 74);99.3553383350372;0.906351791530944;26.618749156283;0.708422945748737;0.908559638534635;555.522563120518;0.987761333078348;0.97183307972912;0.899411081670195;92.47143470946787;37.0;Alive;1602211.0;0.0;221.0;True;J:\Culture Cellulaire 3D Microfluidique\PTT\20260310 MCF7\20260312 before laser\Analysis\2026-03-12_154737_mcf7_ptt_tube5_cropped_8bits2\16_0221_1_8bits.tiff;J:\Culture Cellulaire 3D Microfluidique\PTT\20260310 MCF7\20260312 before laser\Analysis\2026-03-12_154737_mcf7_ptt_tube5_segmentationDebug2\16_0221_1_segmented.tiff;;(80. 82);141.597979068756;0.829765545361875;32.1934308425557;0.510176157970961;0.825317605300506;385.922443879145;0.982332749221024;0.958800762124689;0.914664003003543;814.0;100.67580853062621;37.0;Alive;;;;;;;;;;;;;;;;;;;;;;;;;;;;;;;;;;;;;;;;;;
4;Tube 5;1703240.0;1703240.0;0.0;324.0;False;J:\Culture Cellulaire 3D Microfluidique\PTT\20260310 MCF7\20260311\Analysis\2026-03-11_110849_mcf7_ptt_tube5_cropped_8bits2\17_0324_0_8bits.tiff;J:\Culture Cellulaire 3D Microfluidique\PTT\20260310 MCF7\20260311\Analysis\2026-03-11_110849_mcf7_ptt_tube5_segmentationDebug2\17_0324_0_segmented.tiff;1286.0;(78. 71);159.254833221435;0.903089887640449;40.4646272011669;0.637185067349264;0.731746013372997;377.231794486386;0.977094566387578;0.937317114973471;0.919291104185835;100.67580853062621;37.0;Alive;1703240.0;0.0;324.0;False;J:\Culture Cellulaire 3D Microfluidique\PTT\20260310 MCF7\20260312 before laser\Analysis\2026-03-12_154737_mcf7_ptt_tube5_cropped_8bits2\17_0324_0_8bits.tiff;J:\Culture Cellulaire 3D Microfluidique\PTT\20260310 MCF7\20260312 before laser\Analysis\2026-03-12_154737_mcf7_ptt_tube5_segmentationDebug2\17_0324_0_segmented.tiff;;(81. 68);153.882249355316;0.946822308690012;43.1153074361454;0.774792963592065;0.853362394592913;532.660030350136;0.974889183307027;0.929891497314564;0.927883373687015;1460.0;95.60287509922297;37.0;Alive;;;;;;;;;;;;;;;;;;;;;;;;;;;;;;;;;;;;;;;;;;
4;Tube 5;1806240.0;1806240.0;0.0;624.0;True;J:\Culture Cellulaire 3D Microfluidique\PTT\20260310 MCF7\20260311\Analysis\2026-03-11_110849_mcf7_ptt_tube5_cropped_8bits2\18_0624_0_8bits.tiff;J:\Culture Cellulaire 3D Microfluidique\PTT\20260310 MCF7\20260311\Analysis\2026-03-11_110849_mcf7_ptt_tube5_segmentationDebug2\18_0624_0_segmented.tiff;652.5;(76. 44);105.15432870388;0.920959774170783;28.8234072055975;0.741542538913603;0.857506475297885;152.822465095953;0.982004870429663;0.959147462355809;0.907094792511086;95.60287509922297;37.0;Alive;1806240.0;0.0;624.0;True;J:\Culture Cellulaire 3D Microfluidique\PTT\20260310 MCF7\20260312 before laser\Analysis\2026-03-12_154737_mcf7_ptt_tube5_cropped_8bits2\18_0624_0_8bits.tiff;J:\Culture Cellulaire 3D Microfluidique\PTT\20260310 MCF7\20260312 before laser\Analysis\2026-03-12_154737_mcf7_ptt_tube5_segmentationDebug2\18_0624_0_segmented.tiff;;(77. 74);133.497473597526;0.912644787644787;34.6965126424414;0.666692091537931;0.91766420409173;313.579912817267;0.981692148901308;0.953391951499272;0.921720276319715;945.5;93.91189728875521;37.0;Alive;1806240.0;0.0;624.0;False;J:\Culture Cellulaire 3D Microfluidique\PTT\20260310 MCF7\20260312 after laser\Analysis\2026-03-12_210551_mcf7_ptt_tube5_cropped_8bits2\18_0624_0_8bits.tiff;J:\Culture Cellulaire 3D Microfluidique\PTT\20260310 MCF7\20260312 after laser\Analysis\2026-03-12_210551_mcf7_ptt_tube5_segmentationDebug2\18_0624_0_segmented.tiff;;(77. 74);161.154327869415;0.772768670309653;32.8685830803182;0.41056106790339;0.613668684176176;223.900424369653;0.984122447449727;0.956978307562137;0.915206820269657;95.60287509922297;37.0;Alive;848.5;0.0;0.0;0.0;;;;;;27.65685427188899;-0.13987611733513394;-1.8279295621231952;-0.256131023634541;-0.30399551991555396;-89.67948844761398;0.00243029854841903;0.0035863560628649482;-0.006513456050057931;-97.0;1.690977810467757;0.0;
4;Tube 5;1806241.0;1806241.0;0.0;624.0;True;J:\Culture Cellulaire 3D Microfluidique\PTT\20260310 MCF7\20260311\Analysis\2026-03-11_110849_mcf7_ptt_tube5_cropped_8bits2\18_0624_1_8bits.tiff;J:\Culture Cellulaire 3D Microfluidique\PTT\20260310 MCF7\20260311\Analysis\2026-03-11_110849_mcf7_ptt_tube5_segmentationDebug2\18_0624_1_segmented.tiff;733.5;(82. 71);147.497473716735;0.714912280701754;30.5601244444986;0.423682785132255;0.748599983068701;600.835366820931;0.986856406043141;0.962255206274984;0.897614463571995;95.60287509922297;37.0;Alive;1806241.0;0.0;624.0;True;J:\Culture Cellulaire 3D Microfluidique\PTT\20260310 MCF7\20260312 before laser\Analysis\2026-03-12_154737_mcf7_ptt_tube5_cropped_8bits2\18_0624_1_8bits.tiff;J:\Culture Cellulaire 3D Microfluidique\PTT\20260310 MCF7\20260312 before laser\Analysis\2026-03-12_154737_mcf7_ptt_tube5_segmentationDebug2\18_0624_1_segmented.tiff;;(76. 61);132.426405906677;0.884256719692814;32.0348415487971;0.577558156058829;0.521239625115592;615.361812591834;0.98427506682826;0.959874030817618;0.911203758954845;806.0;93.91189728875521;37.0;Alive;;;;;;;;;;;;;;;;;;;;;;;;;;;;;;;;;;;;;;;;;;
4;Tube 5;1909240.0;1909240.0;0.0;924.0;False;J:\Culture Cellulaire 3D Microfluidique\PTT\20260310 MCF7\20260311\Analysis\2026-03-11_110849_mcf7_ptt_tube5_cropped_8bits2\19_0924_0_8bits.tiff;J:\Culture Cellulaire 3D Microfluidique\PTT\20260310 MCF7\20260311\Analysis\2026-03-11_110849_mcf7_ptt_tube5_segmentationDebug2\19_0924_0_segmented.tiff;1001.5;(80. 73);131.497473716735;0.920073495636196;35.7092341566192;0.727823374088513;0.881404438039558;515.240702291339;0.981108042063746;0.950903714405268;0.91452687790184;93.91189728875521;37.0;Alive;1909240.0;0.0;924.0;False;J:\Culture Cellulaire 3D Microfluidique\PTT\20260310 MCF7\20260312 before laser\Analysis\2026-03-12_154737_mcf7_ptt_tube5_cropped_8bits2\19_0924_0_8bits.tiff;J:\Culture Cellulaire 3D Microfluidique\PTT\20260310 MCF7\20260312 before laser\Analysis\2026-03-12_154737_mcf7_ptt_tube5_segmentationDebug2\19_0924_0_segmented.tiff;;(78. 71);193.296463370323;0.810153846153846;40.9416641166897;0.442774816064443;0.656135601813897;453.472032690257;0.975235015221118;0.935024001156128;0.917038719429149;1316.5;104.12039295935682;37.0;Alive;1909240.0;0.0;924.0;False;J:\Culture Cellulaire 3D Microfluidique\PTT\20260310 MCF7\20260312 after laser\Analysis\2026-03-12_210551_mcf7_ptt_tube5_cropped_8bits2\19_0924_0_8bits.tiff;J:\Culture Cellulaire 3D Microfluidique\PTT\20260310 MCF7\20260312 after laser\Analysis\2026-03-12_210551_mcf7_ptt_tube5_segmentationDebug2\19_0924_0_segmented.tiff;;(75. 71);170.124890565872;0.853602115003304;40.5510649924938;0.560749063356797;0.683234819268221;277.035686674789;0.981745899928292;0.936917749431659;0.928263394224717;93.91189728875521;37.0;Alive;1291.5;0.0;0.0;0.0;;;;;;-23.171572804451017;0.04344826884945796;-0.3905991241959015;0.11797424729235395;0.027099217454324087;-176.43634601546796;0.006510884707173981;0.0018937482755309043;0.01122467479556799;-25.0;-10.208495670601621;0.0;
4;Tube 5;2012240.0;;;;;;;;;;;;;;;;;;;;;;;;;;;;;;;;;;;;;;;;;;2012240.0;0.0;1224.0;False;J:\Culture Cellulaire 3D Microfluidique\PTT\20260310 MCF7\20260312 after laser\Analysis\2026-03-12_210551_mcf7_ptt_tube5_cropped_8bits2\20_1224_0_8bits.tiff;J:\Culture Cellulaire 3D Microfluidique\PTT\20260310 MCF7\20260312 after laser\Analysis\2026-03-12_210551_mcf7_ptt_tube5_segmentationDebug2\20_1224_0_segmented.tiff;;(75. 72);154.811181902885;0.902695134756737;40.5196544029683;0.676124320466338;0.630791255874085;405.518304796096;0.980905967767397;0.937174824300137;0.913312534200406;104.12039295935682;37.0;Alive;1289.5;;;;;;;;;;;;;;;;;;;;;
4;Tube 5;205050.0;;;;;;;;;;;;;;;;;;;;;205050.0;0.0;505.0;True;J:\Culture Cellulaire 3D Microfluidique\PTT\20260310 MCF7\20260312 before laser\Analysis\2026-03-12_154737_mcf7_ptt_tube5_cropped_8bits2\2_0505_0_8bits.tiff;J:\Culture Cellulaire 3D Microfluidique\PTT\20260310 MCF7\20260312 before laser\Analysis\2026-03-12_154737_mcf7_ptt_tube5_segmentationDebug2\2_0505_0_segmented.tiff;;(71. 98);196.367530941963;0.889514426460239;49.1331067287411;0.617886687074955;0.694971745626015;331.467916497136;0.962163329182989;0.908564060847276;0.917881754577677;1896.0;75.53034220089283;68.0;Alive;;;;;;;;;;;;;;;;;;;;;;;;;;;;;;;;;;;;;;;;;;
4;Tube 5;205051.0;205051.0;0.0;505.0;True;J:\Culture Cellulaire 3D Microfluidique\PTT\20260310 MCF7\20260311\Analysis\2026-03-11_110849_mcf7_ptt_tube5_cropped_8bits2\2_0505_1_8bits.tiff;J:\Culture Cellulaire 3D Microfluidique\PTT\20260310 MCF7\20260311\Analysis\2026-03-11_110849_mcf7_ptt_tube5_segmentationDebug2\2_0505_1_segmented.tiff;493.5;(76. 57);98.1837652921676;0.878895814781834;25.0667851015403;0.64330607844339;0.99295922015063;242.857511425622;0.98982936752538;0.974559587147651;0.900218621150242;75.53034220089283;68.0;Alive;205051.0;0.0;505.0;True;J:\Culture Cellulaire 3D Microfluidique\PTT\20260310 MCF7\20260312 before laser\Analysis\2026-03-12_154737_mcf7_ptt_tube5_cropped_8bits2\2_0505_1_8bits.tiff;J:\Culture Cellulaire 3D Microfluidique\PTT\20260310 MCF7\20260312 before laser\Analysis\2026-03-12_154737_mcf7_ptt_tube5_segmentationDebug2\2_0505_1_segmented.tiff;;(76. 57);184.468036055564;0.908139831589691;47.5996824554137;0.657151658420562;0.714175862935203;371.197705009493;0.965802957879073;0.914045486061176;0.919732650536631;1779.5;75.53034220089283;68.0;Alive;;;;;;;;;;;;;;;;;;;;;;;;;;;;;;;;;;;;;;;;;;
4;Tube 5;205052.0;205052.0;0.0;505.0;True;J:\Culture Cellulaire 3D Microfluidique\PTT\20260310 MCF7\20260311\Analysis\2026-03-11_110849_mcf7_ptt_tube5_cropped_8bits2\2_0505_2_8bits.tiff;J:\Culture Cellulaire 3D Microfluidique\PTT\20260310 MCF7\20260311\Analysis\2026-03-11_110849_mcf7_ptt_tube5_segmentationDebug2\2_0505_2_segmented.tiff;1147.5;(69. 65);172.953317403793;0.777966101694915;38.2235840494268;0.482064072113022;0.678926289565624;249.188490845449;0.981466579884266;0.94298947387348;0.920994123514847;75.53034220089283;68.0;Alive;;;;;;;;;;;;;;;;;;;;;;;;;;;;;;;;;;;;;;;;;;;;;;;;;;;;;;;;;;;;;;;
4;Tube 5;309050.0;309050.0;0.0;905.0;True;J:\Culture Cellulaire 3D Microfluidique\PTT\20260310 MCF7\20260311\Analysis\2026-03-11_110849_mcf7_ptt_tube5_cropped_8bits2\3_0905_0_8bits.tiff;J:\Culture Cellulaire 3D Microfluidique\PTT\20260310 MCF7\20260311\Analysis\2026-03-11_110849_mcf7_ptt_tube5_segmentationDebug2\3_0905_0_segmented.tiff;1267.5;(78. 74);150.811182022094;0.915823699421965;40.1725170104117;0.700310671550637;0.805187588897347;313.437533629271;0.978654625034096;0.93852129182855;0.938453719476342;11.703758456709657;54.0;Dead;309050.0;0.0;905.0;True;J:\Culture Cellulaire 3D Microfluidique\PTT\20260310 MCF7\20260312 before laser\Analysis\2026-03-12_154737_mcf7_ptt_tube5_cropped_8bits2\3_0905_0_8bits.tiff;J:\Culture Cellulaire 3D Microfluidique\PTT\20260310 MCF7\20260312 before laser\Analysis\2026-03-12_154737_mcf7_ptt_tube5_segmentationDebug2\3_0905_0_segmented.tiff;;(83. 71);166.710676312446;0.951678951678951;47.1089856234815;0.788098361201826;0.906644942701657;491.543267190642;0.969476437839643;0.91664155279377;0.927302391377264;1743.0;11.703758456709657;54.0;Dead;;;;;;;;;;;;;;;;;;;;;;;;;;;;;;;;;;;;;;;;;;
4;Tube 5;309051.0;309051.0;0.0;905.0;True;J:\Culture Cellulaire 3D Microfluidique\PTT\20260310 MCF7\20260311\Analysis\2026-03-11_110849_mcf7_ptt_tube5_cropped_8bits2\3_0905_1_8bits.tiff;J:\Culture Cellulaire 3D Microfluidique\PTT\20260310 MCF7\20260311\Analysis\2026-03-11_110849_mcf7_ptt_tube5_segmentationDebug2\3_0905_1_segmented.tiff;946.5;(76. 98);123.639609217643;0.940854870775347;34.7148560286778;0.778063844675486;0.97410354197895;371.350674034201;0.983035815359226;0.953579621720539;0.918011451320216;11.703758456709657;54.0;Dead;309051.0;0.0;905.0;True;J:\Culture Cellulaire 3D Microfluidique\PTT\20260310 MCF7\20260312 before laser\Analysis\2026-03-12_154737_mcf7_ptt_tube5_cropped_8bits2\3_0905_1_8bits.tiff;J:\Culture Cellulaire 3D Microfluidique\PTT\20260310 MCF7\20260312 before laser\Analysis\2026-03-12_154737_mcf7_ptt_tube5_segmentationDebug2\3_0905_1_segmented.tiff;;(75. 63);181.438598275184;0.892707240293809;46.5447858021377;0.649504932239841;0.702684888752012;459.449138149091;0.968236040249305;0.918031826368064;0.924770301324812;1701.5;11.703758456709657;54.0;Dead;;;;;;;;;;;;;;;;;;;;;;;;;;;;;;;;;;;;;;;;;;
4;Tube 5;711010.0;711010.0;0.0;1101.0;False;J:\Culture Cellulaire 3D Microfluidique\PTT\20260310 MCF7\20260311\Analysis\2026-03-11_110849_mcf7_ptt_tube5_cropped_8bits2\7_1101_0_8bits.tiff;J:\Culture Cellulaire 3D Microfluidique\PTT\20260310 MCF7\20260311\Analysis\2026-03-11_110849_mcf7_ptt_tube5_segmentationDebug2\7_1101_0_segmented.tiff;1721.5;(81. 76);188.124890208244;0.893821391484942;46.817538126877;0.611257741014559;0.916139766475219;374.246322472011;0.963926640967892;0.916881335381481;0.914253983409035;3.05628582040097;66.0;Dead;711010.0;0.0;1101.0;False;J:\Culture Cellulaire 3D Microfluidique\PTT\20260310 MCF7\20260312 before laser\Analysis\2026-03-12_154737_mcf7_ptt_tube5_cropped_8bits2\7_1101_0_8bits.tiff;J:\Culture Cellulaire 3D Microfluidique\PTT\20260310 MCF7\20260312 before laser\Analysis\2026-03-12_154737_mcf7_ptt_tube5_segmentationDebug2\7_1101_0_segmented.tiff;;(78. 73);227.580733537673;0.890262489415749;57.8507575001086;0.637744702185368;0.85218227530973;443.022877364246;0.956105012832687;0.875319729767929;0.927903548393276;2628.5;3.05628582040097;66.0;Dead;711010.0;0.0;1101.0;False;J:\Culture Cellulaire 3D Microfluidique\PTT\20260310 MCF7\20260312 after laser\Analysis\2026-03-12_210551_mcf7_ptt_tube5_cropped_8bits2\7_1101_0_8bits.tiff;J:\Culture Cellulaire 3D Microfluidique\PTT\20260310 MCF7\20260312 after laser\Analysis\2026-03-12_210551_mcf7_ptt_tube5_segmentationDebug2\7_1101_0_segmented.tiff;;(82. 72);218.610171198844;0.949413126136551;60.4657535527923;0.755053901417617;0.897306794930148;898.550955783728;0.970200674724954;0.866052947319458;0.870208834141373;3.05628582040097;66.0;Dead;2871.5;0.0;0.0;0.0;;;;;;-8.970562338829012;0.05915063672080201;2.6149960526837006;0.11730919923224892;0.04512451962041797;455.528078419482;0.014095661892266964;-0.009266782448471012;-0.05769471425190309;243.0;0.0;0.0;
4;Tube 5;808010.0;808010.0;0.0;801.0;False;J:\Culture Cellulaire 3D Microfluidique\PTT\20260310 MCF7\20260311\Analysis\2026-03-11_110849_mcf7_ptt_tube5_cropped_8bits2\8_0801_0_8bits.tiff;J:\Culture Cellulaire 3D Microfluidique\PTT\20260310 MCF7\20260311\Analysis\2026-03-11_110849_mcf7_ptt_tube5_segmentationDebug2\8_0801_0_segmented.tiff;1527.5;(77. 73);160.124890089035;0.948168839230291;44.1007188669636;0.748640630550164;0.851566354793574;319.228250606869;0.967832806537899;0.926394441024256;0.921597897373991;61.282288427507154;65.0;Alive;808010.0;0.0;801.0;False;J:\Culture Cellulaire 3D Microfluidique\PTT\20260310 MCF7\20260312 before laser\Analysis\2026-03-12_154737_mcf7_ptt_tube5_cropped_8bits2\8_0801_0_8bits.tiff;J:\Culture Cellulaire 3D Microfluidique\PTT\20260310 MCF7\20260312 before laser\Analysis\2026-03-12_154737_mcf7_ptt_tube5_segmentationDebug2\8_0801_0_segmented.tiff;;(86. 66);184.610171198844;0.956652758460825;51.2574853124985;0.760857081648588;0.775046614674693;393.002266909876;0.963905704629589;0.901507963004226;0.928405225387694;2063.5;61.282288427507154;65.0;Alive;;;;;;;;;;;;;;;;;;;;;;;;;;;;;;;;;;;;;;;;;;
4;Tube 5;905010.0;905010.0;0.0;501.0;False;J:\Culture Cellulaire 3D Microfluidique\PTT\20260310 MCF7\20260311\Analysis\2026-03-11_110849_mcf7_ptt_tube5_cropped_8bits2\9_0501_0_8bits.tiff;J:\Culture Cellulaire 3D Microfluidique\PTT\20260310 MCF7\20260311\Analysis\2026-03-11_110849_mcf7_ptt_tube5_segmentationDebug2\9_0501_0_segmented.tiff;1379.5;(77. 75);159.154327869415;0.90518372703412;41.9098312089437;0.684375829864701;0.942663712619884;455.94025210084;0.974414426014583;0.932982730934121;0.922372664931008;6.255052178535797;55.0;Dead;;;;;;;;;;;;;;;;;;;;;;;;;;;;;;;;;;;;;;;;;;;;;;;;;;;;;;;;;;;;;;;
4;Tube 6;1002030.0;;;;;;;;;;;;;;;;;;;;;;;;;;;;;;;;;;;;;;;;;;1002030.0;0.0;203.0;False;J:\Culture Cellulaire 3D Microfluidique\PTT\20260310 MCF7\20260312 after laser\Analysis\2026-03-12_211453_mcf7_ptt_tube6_cropped_8bits2\10_0203_0_8bits.tiff;J:\Culture Cellulaire 3D Microfluidique\PTT\20260310 MCF7\20260312 after laser\Analysis\2026-03-12_211453_mcf7_ptt_tube6_segmentationDebug2\10_0203_0_segmented.tiff;;(85. 74);178.468036055564;0.881220786362386;45.170414769383;0.632247343455484;0.895756712628278;236.266770398313;0.976733869403431;0.922438025438451;0.911979844448854;95.79076152260828;40.0;Alive;1602.5;;;;;;;;;;;;;;;;;;;;;
4;Tube 6;1003010.0;1003010.0;0.0;301.0;False;J:\Culture Cellulaire 3D Microfluidique\PTT\20260310 MCF7\20260311\Analysis\2026-03-11_111803_mcf7_ptt_tube6_cropped_8bits2\10_0301_0_8bits.tiff;J:\Culture Cellulaire 3D Microfluidique\PTT\20260310 MCF7\20260311\Analysis\2026-03-11_111803_mcf7_ptt_tube6_segmentationDebug2\10_0301_0_segmented.tiff;1205.0;(71. 66);159.053822875022;0.875726744186046;39.1695500536561;0.598561373159418;0.863072329061537;322.873185744406;0.982198901868858;0.941019455868787;0.920168824562552;97.45042492917847;41.0;Alive;;;;;;;;;;;;;;;;;;;;;;;;;;;;;;;;;;;;;;;;;;;;;;;;;;;;;;;;;;;;;;;
4;Tube 6;103070.0;;;;;;;;;;;;;;;;;;;;;;;;;;;;;;;;;;;;;;;;;;103070.0;0.0;307.0;False;J:\Culture Cellulaire 3D Microfluidique\PTT\20260310 MCF7\20260312 after laser\Analysis\2026-03-12_211453_mcf7_ptt_tube6_cropped_8bits2\1_0307_0_8bits.tiff;J:\Culture Cellulaire 3D Microfluidique\PTT\20260310 MCF7\20260312 after laser\Analysis\2026-03-12_211453_mcf7_ptt_tube6_segmentationDebug2\1_0307_0_segmented.tiff;;(74. 69);373.865004181861;0.79906618610747;78.8049863869397;0.438507991689477;0.472100591395094;612.590424861104;0.935268043530183;0.773893533502602;0.897465068249868;111.13481943240822;44.0;Alive;4877.5;;;;;;;;;;;;;;;;;;;;;
4;Tube 6;103080.0;103080.0;0.0;308.0;False;J:\Culture Cellulaire 3D Microfluidique\PTT\20260310 MCF7\20260311\Analysis\2026-03-11_111803_mcf7_ptt_tube6_cropped_8bits2\1_0308_0_8bits.tiff;J:\Culture Cellulaire 3D Microfluidique\PTT\20260310 MCF7\20260311\Analysis\2026-03-11_111803_mcf7_ptt_tube6_segmentationDebug2\1_0308_0_segmented.tiff;1872.0;(44. 78);186.367530465126;0.914509037616023;48.8211473415386;0.677290848505526;0.758328202616969;544.215012750944;0.972760346024301;0.910690293543458;0.932505988419195;111.13481943240822;44.0;Alive;103080.0;0.0;308.0;False;J:\Culture Cellulaire 3D Microfluidique\PTT\20260310 MCF7\20260312 before laser\Analysis\2026-03-12_155639_mcf7_ptt_tube6_cropped_8bits2\1_0308_0_8bits.tiff;J:\Culture Cellulaire 3D Microfluidique\PTT\20260310 MCF7\20260312 before laser\Analysis\2026-03-12_155639_mcf7_ptt_tube6_segmentationDebug2\1_0308_0_segmented.tiff;;(77. 80);343.03657746315;0.829613653413353;75.0478189299062;0.472383842270127;0.427814177208029;331.424126806698;0.940264623942476;0.79349726540439;0.942265309447461;4423.5;111.13481943240822;44.0;Alive;;;;;;;;;;;;;;;;;;;;;;;;;;;;;;;;;;;;;;;;;;
4;Tube 6;103080.0;103080.0;1.0;308.0;False;J:\Culture Cellulaire 3D Microfluidique\PTT\20260310 MCF7\20260311\Analysis\2026-03-11_111803_mcf7_ptt_tube6_cropped_8bits2\1_0308_0_8bits.tiff;J:\Culture Cellulaire 3D Microfluidique\PTT\20260310 MCF7\20260311\Analysis\2026-03-11_111803_mcf7_ptt_tube6_segmentationDebug2\1_0308_0_segmented.tiff;1362.0;(125. 71);154.710676312446;0.909515859766277;41.6431538182363;0.715066450578809;0.848180958600094;486.941570240331;0.982287758072992;0.934575590905324;0.936554501630481;111.13481943240822;44.0;Alive;103080.0;0.0;308.0;False;J:\Culture Cellulaire 3D Microfluidique\PTT\20260310 MCF7\20260312 before laser\Analysis\2026-03-12_155639_mcf7_ptt_tube6_cropped_8bits2\1_0308_0_8bits.tiff;J:\Culture Cellulaire 3D Microfluidique\PTT\20260310 MCF7\20260312 before laser\Analysis\2026-03-12_155639_mcf7_ptt_tube6_segmentationDebug2\1_0308_0_segmented.tiff;;(77. 80);343.03657746315;0.829613653413353;75.0478189299062;0.472383842270127;0.427814177208029;331.424126806698;0.940264623942476;0.79349726540439;0.942265309447461;4423.5;111.13481943240822;44.0;Alive;;;;;;;;;;;;;;;;;;;;;;;;;;;;;;;;;;;;;;;;;;
4;Tube 6;1102040.0;1102040.0;0.0;204.0;False;J:\Culture Cellulaire 3D Microfluidique\PTT\20260310 MCF7\20260311\Analysis\2026-03-11_111803_mcf7_ptt_tube6_cropped_8bits2\11_0204_0_8bits.tiff;J:\Culture Cellulaire 3D Microfluidique\PTT\20260310 MCF7\20260311\Analysis\2026-03-11_111803_mcf7_ptt_tube6_segmentationDebug2\11_0204_0_segmented.tiff;1108.0;(70. 71);155.053822517395;0.872097599370326;37.5599442966381;0.579141477578288;0.876995480853854;225.8635970247;0.980664580496558;0.945175875353767;0.914889036785633;95.79076152260828;40.0;Alive;;;;;;;;;;;;;;;;;;;;;;;;;;;;;;;;;;;;;;;;;;;;;;;;;;;;;;;;;;;;;;;
4;Tube 6;1102050.0;;;;;;;;;;;;;;;;;;;;;1102050.0;0.0;205.0;False;J:\Culture Cellulaire 3D Microfluidique\PTT\20260310 MCF7\20260312 before laser\Analysis\2026-03-12_155639_mcf7_ptt_tube6_cropped_8bits2\11_0205_0_8bits.tiff;J:\Culture Cellulaire 3D Microfluidique\PTT\20260310 MCF7\20260312 before laser\Analysis\2026-03-12_155639_mcf7_ptt_tube6_segmentationDebug2\11_0205_0_segmented.tiff;;(79. 75);186.468036174774;0.83251096491228;43.9706066444431;0.54880222859384;0.735416457025558;226.716848972665;0.975998708003761;0.926157371584591;0.935872688159146;1518.5;95.79076152260828;40.0;Alive;;;;;;;;;;;;;;;;;;;;;;;;;;;;;;;;;;;;;;;;;;
4;Tube 6;1102060.0;;;;;;;;;;;;;;;;;;;;;;;;;;;;;;;;;;;;;;;;;;1102060.0;0.0;206.0;False;J:\Culture Cellulaire 3D Microfluidique\PTT\20260310 MCF7\20260312 after laser\Analysis\2026-03-12_211453_mcf7_ptt_tube6_cropped_8bits2\11_0206_0_8bits.tiff;J:\Culture Cellulaire 3D Microfluidique\PTT\20260310 MCF7\20260312 after laser\Analysis\2026-03-12_211453_mcf7_ptt_tube6_segmentationDebug2\11_0206_0_segmented.tiff;;(79. 82);160.325900793075;0.928130783466995;43.7674410384483;0.7355203257157;0.801088692103268;329.231388187737;0.979568040329193;0.927413292508491;0.917188423860496;97.60699694866622;40.0;Alive;1504.5;;;;;;;;;;;;;;;;;;;;;
4;Tube 6;1202080.0;1202080.0;0.0;208.0;False;J:\Culture Cellulaire 3D Microfluidique\PTT\20260310 MCF7\20260311\Analysis\2026-03-11_111803_mcf7_ptt_tube6_cropped_8bits2\12_0208_0_8bits.tiff;J:\Culture Cellulaire 3D Microfluidique\PTT\20260310 MCF7\20260311\Analysis\2026-03-11_111803_mcf7_ptt_tube6_segmentationDebug2\12_0208_0_segmented.tiff;826.5;(74. 77);130.325900793075;0.8609375;32.4396745317152;0.611492663896358;0.900909187841628;300.737817318633;0.986136888238112;0.958653593828802;0.914604919558357;97.60699694866622;40.0;Alive;1202080.0;0.0;208.0;False;J:\Culture Cellulaire 3D Microfluidique\PTT\20260310 MCF7\20260312 before laser\Analysis\2026-03-12_155639_mcf7_ptt_tube6_cropped_8bits2\12_0208_0_8bits.tiff;J:\Culture Cellulaire 3D Microfluidique\PTT\20260310 MCF7\20260312 before laser\Analysis\2026-03-12_155639_mcf7_ptt_tube6_segmentationDebug2\12_0208_0_segmented.tiff;;(76. 75);149.396968364715;0.910647803425167;39.461018273875;0.688577379785016;0.856627035111163;231.403874603733;0.978971169146613;0.940376843462435;0.930245318607727;1223.0;97.60699694866622;40.0;Alive;;;;;;;;;;;;;;;;;;;;;;;;;;;;;;;;;;;;;;;;;;
4;Tube 6;1202090.0;;;;;;;;;;;;;;;;;;;;;;;;;;;;;;;;;;;;;;;;;;1202090.0;0.0;209.0;False;J:\Culture Cellulaire 3D Microfluidique\PTT\20260310 MCF7\20260312 after laser\Analysis\2026-03-12_211453_mcf7_ptt_tube6_cropped_8bits2\12_0209_0_8bits.tiff;J:\Culture Cellulaire 3D Microfluidique\PTT\20260310 MCF7\20260312 after laser\Analysis\2026-03-12_211453_mcf7_ptt_tube6_segmentationDebug2\12_0209_0_segmented.tiff;;(84. 71);159.882249474525;0.915354330708661;42.1446220164038;0.685778036340429;0.680914939546576;189.19316091954;0.981286647028455;0.93265066320831;0.93653776624496;80.00830195824261;42.0;Alive;1395.0;;;;;;;;;;;;;;;;;;;;;
4;Tube 6;1302110.0;1302110.0;0.0;211.0;False;J:\Culture Cellulaire 3D Microfluidique\PTT\20260310 MCF7\20260311\Analysis\2026-03-11_111803_mcf7_ptt_tube6_cropped_8bits2\13_0211_0_8bits.tiff;J:\Culture Cellulaire 3D Microfluidique\PTT\20260310 MCF7\20260311\Analysis\2026-03-11_111803_mcf7_ptt_tube6_segmentationDebug2\13_0211_0_segmented.tiff;555.0;(77. 74);95.5979788303375;0.921161825726141;26.5828506245664;0.763142123991636;0.944024586354635;378.0263507326;0.991485345347169;0.972000137847684;0.916317196515894;80.00830195824261;42.0;Alive;;;;;;;;;;;;;;;;;;;;;;;;;;;;;;;;;;;;;;;;;;;;;;;;;;;;;;;;;;;;;;;
4;Tube 6;1502170.0;;;;;;;;;;;;;;;;;;;;;1502170.0;1.0;217.0;False;J:\Culture Cellulaire 3D Microfluidique\PTT\20260310 MCF7\20260312 before laser\Analysis\2026-03-12_155639_mcf7_ptt_tube6_cropped_8bits2\15_0217_0_8bits.tiff;J:\Culture Cellulaire 3D Microfluidique\PTT\20260310 MCF7\20260312 before laser\Analysis\2026-03-12_155639_mcf7_ptt_tube6_segmentationDebug2\15_0217_0_segmented.tiff;;(41. 58);127.597979068756;0.911530815109344;34.1695868064298;0.707769115654;0.755800303493255;262.227262153857;0.984061355266408;0.954608358777729;0.919896044836947;917.0;108.62966712060415;37.0;Alive;;;;;;;;;;;;;;;;;;;;;;;;;;;;;;;;;;;;;;;;;;
4;Tube 6;1602200.0;1602200.0;0.0;220.0;False;J:\Culture Cellulaire 3D Microfluidique\PTT\20260310 MCF7\20260311\Analysis\2026-03-11_111803_mcf7_ptt_tube6_cropped_8bits2\16_0220_0_8bits.tiff;J:\Culture Cellulaire 3D Microfluidique\PTT\20260310 MCF7\20260311\Analysis\2026-03-11_111803_mcf7_ptt_tube6_segmentationDebug2\16_0220_0_segmented.tiff;1225.5;(76. 70);207.781744480133;0.809177946517002;39.5013298772704;0.356704348104147;0.538561644739011;449.133943840005;0.978487672767972;0.93867043395716;0.910564063494227;108.62966712060415;37.0;Alive;;;;;;;;;;;;;;;;;;;;;;;;;;;;;;;;;;;;;;;;;;;;;;;;;;;;;;;;;;;;;;;
4;Tube 6;1805240.0;;;;;;;;;;;;;;;;;;;;;1805240.0;0.0;524.0;False;J:\Culture Cellulaire 3D Microfluidique\PTT\20260310 MCF7\20260312 before laser\Analysis\2026-03-12_155639_mcf7_ptt_tube6_cropped_8bits2\18_0524_0_8bits.tiff;J:\Culture Cellulaire 3D Microfluidique\PTT\20260310 MCF7\20260312 before laser\Analysis\2026-03-12_155639_mcf7_ptt_tube6_segmentationDebug2\18_0524_0_segmented.tiff;;(77. 76);158.953317284584;0.955925277291301;45.6610310276041;0.814426658525911;0.835061655139502;253.609499523628;0.967652347953651;0.921449566272914;0.925915536536892;1637.5;97.04333767851031;37.0;Alive;;;;;;;;;;;;;;;;;;;;;;;;;;;;;;;;;;;;;;;;;;
4;Tube 6;1908240.0;1908240.0;0.0;824.0;False;J:\Culture Cellulaire 3D Microfluidique\PTT\20260310 MCF7\20260311\Analysis\2026-03-11_111803_mcf7_ptt_tube6_cropped_8bits2\19_0824_0_8bits.tiff;J:\Culture Cellulaire 3D Microfluidique\PTT\20260310 MCF7\20260311\Analysis\2026-03-11_111803_mcf7_ptt_tube6_segmentationDebug2\19_0824_0_segmented.tiff;1119.5;(79. 64);155.497473835945;0.881496062992126;37.754359620195;0.581818177932913;0.558374804655123;378.950021869656;0.979549278039921;0.944712317958401;0.910721709134269;97.04333767851031;37.0;Alive;;;;;;;;;;;;;;;;;;;;;;;;;;;;;;;;;;;;;;;;;;;;;;;;;;;;;;;;;;;;;;;
4;Tube 6;308050.0;308050.0;0.0;805.0;True;J:\Culture Cellulaire 3D Microfluidique\PTT\20260310 MCF7\20260311\Analysis\2026-03-11_111803_mcf7_ptt_tube6_cropped_8bits2\3_0805_0_8bits.tiff;J:\Culture Cellulaire 3D Microfluidique\PTT\20260310 MCF7\20260311\Analysis\2026-03-11_111803_mcf7_ptt_tube6_segmentationDebug2\3_0805_0_segmented.tiff;713.0;(70. 118);136.911687016487;0.82237600922722;30.1300480483548;0.477989492990629;0.455709418634763;224.600393190678;0.98484596556227;0.963087588699412;0.887731095560233;116.64615451837719;40.0;Alive;308050.0;0.0;805.0;True;J:\Culture Cellulaire 3D Microfluidique\PTT\20260310 MCF7\20260312 before laser\Analysis\2026-03-12_155639_mcf7_ptt_tube6_cropped_8bits2\3_0805_0_8bits.tiff;J:\Culture Cellulaire 3D Microfluidique\PTT\20260310 MCF7\20260312 before laser\Analysis\2026-03-12_155639_mcf7_ptt_tube6_segmentationDebug2\3_0805_0_segmented.tiff;;(70. 72);219.681239128112;0.876587301587301;53.033820853489;0.575201011057046;0.624885048510495;348.602493971416;0.965714865097415;0.894373006880821;0.933414976497214;2209.0;116.64615451837719;40.0;Alive;;;;;;;;;;;;;;;;;;;;;;;;;;;;;;;;;;;;;;;;;;
4;Tube 6;308050.0;308050.0;1.0;805.0;True;J:\Culture Cellulaire 3D Microfluidique\PTT\20260310 MCF7\20260311\Analysis\2026-03-11_111803_mcf7_ptt_tube6_cropped_8bits2\3_0805_0_8bits.tiff;J:\Culture Cellulaire 3D Microfluidique\PTT\20260310 MCF7\20260311\Analysis\2026-03-11_111803_mcf7_ptt_tube6_segmentationDebug2\3_0805_0_segmented.tiff;987.5;(75. 60);141.296463131904;0.873893805309734;35.4587654949516;0.621561901280993;0.776242608282328;340.614561556329;0.98129374283026;0.95105002593186;0.902808127200089;116.64615451837719;40.0;Alive;308050.0;0.0;805.0;True;J:\Culture Cellulaire 3D Microfluidique\PTT\20260310 MCF7\20260312 before laser\Analysis\2026-03-12_155639_mcf7_ptt_tube6_cropped_8bits2\3_0805_0_8bits.tiff;J:\Culture Cellulaire 3D Microfluidique\PTT\20260310 MCF7\20260312 before laser\Analysis\2026-03-12_155639_mcf7_ptt_tube6_segmentationDebug2\3_0805_0_segmented.tiff;;(70. 72);219.681239128112;0.876587301587301;53.033820853489;0.575201011057046;0.624885048510495;348.602493971416;0.965714865097415;0.894373006880821;0.933414976497214;2209.0;116.64615451837719;40.0;Alive;;;;;;;;;;;;;;;;;;;;;;;;;;;;;;;;;;;;;;;;;;
4;Tube 6;308051.0;308051.0;0.0;805.0;True;J:\Culture Cellulaire 3D Microfluidique\PTT\20260310 MCF7\20260311\Analysis\2026-03-11_111803_mcf7_ptt_tube6_cropped_8bits2\3_0805_1_8bits.tiff;J:\Culture Cellulaire 3D Microfluidique\PTT\20260310 MCF7\20260311\Analysis\2026-03-11_111803_mcf7_ptt_tube6_segmentationDebug2\3_0805_1_segmented.tiff;711.0;(65. 81);114.769551992416;0.895465994962216;30.0877602407806;0.678306676867418;0.895785469863165;444.008681181361;0.987071244684509;0.964309805611321;0.900824910951938;116.64615451837719;40.0;Alive;308051.0;0.0;805.0;True;J:\Culture Cellulaire 3D Microfluidique\PTT\20260310 MCF7\20260312 before laser\Analysis\2026-03-12_155639_mcf7_ptt_tube6_cropped_8bits2\3_0805_1_8bits.tiff;J:\Culture Cellulaire 3D Microfluidique\PTT\20260310 MCF7\20260312 before laser\Analysis\2026-03-12_155639_mcf7_ptt_tube6_segmentationDebug2\3_0805_1_segmented.tiff;;(72. 76);125.941124916076;0.915094339622641;33.3397378896984;0.691654125089838;0.752657675766548;237.063213487209;0.981472294390415;0.956692993450328;0.918036241424139;873.0;116.64615451837719;40.0;Alive;;;;;;;;;;;;;;;;;;;;;;;;;;;;;;;;;;;;;;;;;;
4;Tube 6;309050.0;;;;;;;;;;;;;;;;;;;;;;;;;;;;;;;;;;;;;;;;;;309050.0;0.0;905.0;True;J:\Culture Cellulaire 3D Microfluidique\PTT\20260310 MCF7\20260312 after laser\Analysis\2026-03-12_211453_mcf7_ptt_tube6_cropped_8bits2\3_0905_0_8bits.tiff;J:\Culture Cellulaire 3D Microfluidique\PTT\20260310 MCF7\20260312 after laser\Analysis\2026-03-12_211453_mcf7_ptt_tube6_segmentationDebug2\3_0905_0_segmented.tiff;;(84. 70);221.539103627204;0.866009645628014;51.276111980903;0.528724130493814;0.601370216759968;285.288426094426;0.96661826550654;0.900666412156363;0.927360836850672;116.64615451837719;40.0;Alive;2065.0;;;;;;;;;;;;;;;;;;;;;
4;Tube 6;614010.0;;;;;;;;;;;;;;;;;;;;;;;;;;;;;;;;;;;;;;;;;;614010.0;0.0;1401.0;False;J:\Culture Cellulaire 3D Microfluidique\PTT\20260310 MCF7\20260312 after laser\Analysis\2026-03-12_211453_mcf7_ptt_tube6_cropped_8bits2\6_1401_0_8bits.tiff;J:\Culture Cellulaire 3D Microfluidique\PTT\20260310 MCF7\20260312 after laser\Analysis\2026-03-12_211453_mcf7_ptt_tube6_segmentationDebug2\6_1401_0_segmented.tiff;;(80. 86);215.923879742622;0.928805535324107;56.9859408876174;0.687438485131427;0.692965632788075;323.574687001092;0.960515084734587;0.879382225206194;0.933701404875905;116.7087833261723;43.0;Alive;2550.5;;;;;;;;;;;;;;;;;;;;;
4;Tube 6;711010.0;;;;;;;;;;;;;;;;;;;;;;;;;;;;;;;;;;;;;;;;;;711010.0;0.0;1101.0;False;J:\Culture Cellulaire 3D Microfluidique\PTT\20260310 MCF7\20260312 after laser\Analysis\2026-03-12_211453_mcf7_ptt_tube6_cropped_8bits2\7_1101_0_8bits.tiff;J:\Culture Cellulaire 3D Microfluidique\PTT\20260310 MCF7\20260312 after laser\Analysis\2026-03-12_211453_mcf7_ptt_tube6_segmentationDebug2\7_1101_0_segmented.tiff;;(80. 76);212.267025113105;0.924009408358965;57.0194456083294;0.712165054736146;0.757450436463073;254.520768705492;0.961537529147477;0.879645791080401;0.941387089782051;99.36060356692909;41.0;Alive;2553.5;;;;;;;;;;;;;;;;;;;;;
4;Tube 6;807010.0;;;;;;;;;;;;;;;;;;;;;;;;;;;;;;;;;;;;;;;;;;807010.0;0.0;701.0;False;J:\Culture Cellulaire 3D Microfluidique\PTT\20260310 MCF7\20260312 after laser\Analysis\2026-03-12_211453_mcf7_ptt_tube6_cropped_8bits2\8_0701_0_8bits.tiff;J:\Culture Cellulaire 3D Microfluidique\PTT\20260310 MCF7\20260312 after laser\Analysis\2026-03-12_211453_mcf7_ptt_tube6_segmentationDebug2\8_0701_0_segmented.tiff;;(78. 77);172.710676789283;0.964630225080385;49.8278748516687;0.821497229943122;0.94855800079761;241.746759259259;0.977038471250867;0.907609700464246;0.939133875543341;99.17271714354378;41.0;Alive;1950.0;;;;;;;;;;;;;;;;;;;;;
4;Tube 6;808010.0;;;;;;;;;;;;;;;;;;;;;808010.0;0.0;801.0;False;J:\Culture Cellulaire 3D Microfluidique\PTT\20260310 MCF7\20260312 before laser\Analysis\2026-03-12_155639_mcf7_ptt_tube6_cropped_8bits2\8_0801_0_8bits.tiff;J:\Culture Cellulaire 3D Microfluidique\PTT\20260310 MCF7\20260312 before laser\Analysis\2026-03-12_155639_mcf7_ptt_tube6_segmentationDebug2\8_0801_0_segmented.tiff;;(77. 73);180.953317403793;0.958265708323672;51.2947318854013;0.793071192439544;0.822151132322922;480.445497858204;0.967876703330315;0.90169722206274;0.920258182196574;2066.5;99.36060356692909;41.0;Alive;;;;;;;;;;;;;;;;;;;;;;;;;;;;;;;;;;;;;;;;;;
4;Tube 6;809010.0;809010.0;0.0;901.0;False;J:\Culture Cellulaire 3D Microfluidique\PTT\20260310 MCF7\20260311\Analysis\2026-03-11_111803_mcf7_ptt_tube6_cropped_8bits2\8_0901_0_8bits.tiff;J:\Culture Cellulaire 3D Microfluidique\PTT\20260310 MCF7\20260311\Analysis\2026-03-11_111803_mcf7_ptt_tube6_segmentationDebug2\8_0901_0_segmented.tiff;1520.5;(81. 31);156.124890208244;0.952694235588972;43.9995537223937;0.783884354643158;0.891077614119132;614.423863823934;0.973044202495446;0.913353324358481;0.921726045667732;99.36060356692909;41.0;Alive;;;;;;;;;;;;;;;;;;;;;;;;;;;;;;;;;;;;;;;;;;;;;;;;;;;;;;;;;;;;;;;
4;Tube 6;904010.0;;;;;;;;;;;;;;;;;;;;;;;;;;;;;;;;;;;;;;;;;;904010.0;0.0;401.0;False;J:\Culture Cellulaire 3D Microfluidique\PTT\20260310 MCF7\20260312 after laser\Analysis\2026-03-12_211453_mcf7_ptt_tube6_cropped_8bits2\9_0401_0_8bits.tiff;J:\Culture Cellulaire 3D Microfluidique\PTT\20260310 MCF7\20260312 after laser\Analysis\2026-03-12_211453_mcf7_ptt_tube6_segmentationDebug2\9_0401_0_segmented.tiff;;(76. 73);189.195958256721;0.936589737844499;51.5855662806612;0.733723520575961;0.82728155372731;270.489278774151;0.970096763689499;0.90051923123049;0.923902983991058;97.45042492917847;41.0;Alive;2090.0;;;;;;;;;;;;;;;;;;;;;
4;Tube 6;905010.0;905010.0;0.0;501.0;False;J:\Culture Cellulaire 3D Microfluidique\PTT\20260310 MCF7\20260311\Analysis\2026-03-11_111803_mcf7_ptt_tube6_cropped_8bits2\9_0501_0_8bits.tiff;J:\Culture Cellulaire 3D Microfluidique\PTT\20260310 MCF7\20260311\Analysis\2026-03-11_111803_mcf7_ptt_tube6_segmentationDebug2\9_0501_0_segmented.tiff;1165.5;(79. 71);167.982755064964;0.845791001451378;38.522210338827;0.519030336352447;0.910966042958745;333.010766379722;0.983395887247446;0.942298979961292;0.925215848527763;99.17271714354378;41.0;Alive;905010.0;0.0;501.0;False;J:\Culture Cellulaire 3D Microfluidique\PTT\20260310 MCF7\20260312 before laser\Analysis\2026-03-12_155639_mcf7_ptt_tube6_cropped_8bits2\9_0501_0_8bits.tiff;J:\Culture Cellulaire 3D Microfluidique\PTT\20260310 MCF7\20260312 before laser\Analysis\2026-03-12_155639_mcf7_ptt_tube6_segmentationDebug2\9_0501_0_segmented.tiff;;(79. 74);162.953317165374;0.967231324632046;47.0887106125904;0.824151268798699;0.902123750711263;289.414691093924;0.97749212542738;0.917179653439517;0.942873968685722;1741.5;99.17271714354378;41.0;Alive;;;;;;;;;;;;;;;;;;;;;;;;;;;;;;;;;;;;;;;;;;
4;Tube 7;1002020.0;1002020.0;0.0;202.0;False;J:\Culture Cellulaire 3D Microfluidique\PTT\20260310 MCF7\20260311\Analysis\2026-03-11_112701_mcf7_ptt_tube7_cropped_8bits2\10_0202_0_8bits.tiff;J:\Culture Cellulaire 3D Microfluidique\PTT\20260310 MCF7\20260311\Analysis\2026-03-11_112701_mcf7_ptt_tube7_segmentationDebug2\10_0202_0_segmented.tiff;1512.5;(73. 77);220.610171556472;0.757196495619524;43.8836508441575;0.390529803265499;0.661355757537345;492.349761281468;0.973007830606883;0.925000972211735;0.910701166609613;90.87440011069278;46.0;Alive;1002020.0;0.0;202.0;False;J:\Culture Cellulaire 3D Microfluidique\PTT\20260310 MCF7\20260312 before laser\Analysis\2026-03-12_160537_mcf7_ptt_tube7_cropped_8bits2\10_0202_0_8bits.tiff;J:\Culture Cellulaire 3D Microfluidique\PTT\20260310 MCF7\20260312 before laser\Analysis\2026-03-12_160537_mcf7_ptt_tube7_segmentationDebug2\10_0202_0_segmented.tiff;;(68. 71);196.752307295799;0.891563604240282;50.6955029667122;0.655237809512481;0.633110526161507;378.633305612773;0.965950877112345;0.903661627569728;0.933540872724082;2018.5;90.87440011069278;46.0;Alive;1002020.0;0.0;202.0;False;J:\Culture Cellulaire 3D Microfluidique\PTT\20260310 MCF7\20260312 after laser\Analysis\2026-03-12_212334_mcf7_ptt_tube7_cropped_8bits2\10_0202_0_8bits.tiff;J:\Culture Cellulaire 3D Microfluidique\PTT\20260310 MCF7\20260312 after laser\Analysis\2026-03-12_212334_mcf7_ptt_tube7_segmentationDebug2\10_0202_0_segmented.tiff;;(73. 74);227.781744360923;0.892787177203918;56.4922553884927;0.607071359333395;0.58787397701822;327.580844478786;0.962913069807029;0.880726388509907;0.9343389283437;90.87440011069278;46.0;Alive;2506.5;0.0;0.0;0.0;;;;;;31.029437065124;0.001223572963635955;5.7967524217805035;-0.04816645017908605;-0.04523654914328701;-51.05246113398698;-0.003037807305315998;-0.022935239059820978;0.0007980556196179878;488.0;0.0;0.0;
4;Tube 7;103060.0;;;;;;;;;;;;;;;;;;;;;;;;;;;;;;;;;;;;;;;;;;103060.0;0.0;306.0;False;J:\Culture Cellulaire 3D Microfluidique\PTT\20260310 MCF7\20260312 after laser\Analysis\2026-03-12_212334_mcf7_ptt_tube7_cropped_8bits2\1_0306_0_8bits.tiff;J:\Culture Cellulaire 3D Microfluidique\PTT\20260310 MCF7\20260312 after laser\Analysis\2026-03-12_212334_mcf7_ptt_tube7_segmentationDebug2\1_0306_0_segmented.tiff;;(77. 73);313.137082457542;0.843978392119478;71.2220917007138;0.510575759471596;0.616643378094454;829.797271337486;0.963226537904785;0.816821524888002;0.826232771059398;17.20726494170423;57.0;Dead;3984.0;;;;;;;;;;;;;;;;;;;;;
4;Tube 7;103070.0;;;;;;;;;;;;;;;;;;;;;103070.0;0.0;307.0;False;J:\Culture Cellulaire 3D Microfluidique\PTT\20260310 MCF7\20260312 before laser\Analysis\2026-03-12_160537_mcf7_ptt_tube7_cropped_8bits2\1_0307_0_8bits.tiff;J:\Culture Cellulaire 3D Microfluidique\PTT\20260310 MCF7\20260312 before laser\Analysis\2026-03-12_160537_mcf7_ptt_tube7_segmentationDebug2\1_0307_0_segmented.tiff;;(74. 78);279.237587809562;0.890357502517623;67.1029928539398;0.56994870475638;0.578865707095593;478.220719196604;0.947782022527857;0.833705959360656;0.92530332439171;3536.5;17.20726494170423;57.0;Dead;;;;;;;;;;;;;;;;;;;;;;;;;;;;;;;;;;;;;;;;;;
4;Tube 7;103080.0;103080.0;0.0;308.0;False;J:\Culture Cellulaire 3D Microfluidique\PTT\20260310 MCF7\20260311\Analysis\2026-03-11_112701_mcf7_ptt_tube7_cropped_8bits2\1_0308_0_8bits.tiff;J:\Culture Cellulaire 3D Microfluidique\PTT\20260310 MCF7\20260311\Analysis\2026-03-11_112701_mcf7_ptt_tube7_segmentationDebug2\1_0308_0_segmented.tiff;2682.5;(82. 67);316.208150863647;0.738777196364637;58.4419804485788;0.33713471439526;0.522566966541234;363.473680574134;0.957281758760795;0.870271093422115;0.918664674089556;17.20726494170423;57.0;Dead;;;;;;;;;;;;;;;;;;;;;;;;;;;;;;;;;;;;;;;;;;;;;;;;;;;;;;;;;;;;;;;
4;Tube 7;1102050.0;1102050.0;0.0;205.0;False;J:\Culture Cellulaire 3D Microfluidique\PTT\20260310 MCF7\20260311\Analysis\2026-03-11_112701_mcf7_ptt_tube7_cropped_8bits2\11_0205_0_8bits.tiff;J:\Culture Cellulaire 3D Microfluidique\PTT\20260310 MCF7\20260311\Analysis\2026-03-11_112701_mcf7_ptt_tube7_segmentationDebug2\11_0205_0_segmented.tiff;1142.5;(72. 70);148.811181902885;0.904592240696753;38.1402173546497;0.648328242504203;0.961237048810441;261.960798153253;0.975312738983327;0.944003548869794;0.921127906892304;38.67328881347539;47.0;Dead;1102050.0;0.0;205.0;False;J:\Culture Cellulaire 3D Microfluidique\PTT\20260310 MCF7\20260312 before laser\Analysis\2026-03-12_160537_mcf7_ptt_tube7_cropped_8bits2\11_0205_0_8bits.tiff;J:\Culture Cellulaire 3D Microfluidique\PTT\20260310 MCF7\20260312 before laser\Analysis\2026-03-12_160537_mcf7_ptt_tube7_segmentationDebug2\11_0205_0_segmented.tiff;;(77. 74);153.639609098434;0.948617886178861;43.0931534700842;0.776443592632197;0.951706446707332;652.547214036739;0.975467562943915;0.929789582528072;0.919184235801386;1458.5;38.67328881347539;47.0;Dead;1102050.0;0.0;205.0;False;J:\Culture Cellulaire 3D Microfluidique\PTT\20260310 MCF7\20260312 after laser\Analysis\2026-03-12_212334_mcf7_ptt_tube7_cropped_8bits2\11_0205_0_8bits.tiff;J:\Culture Cellulaire 3D Microfluidique\PTT\20260310 MCF7\20260312 after laser\Analysis\2026-03-12_212334_mcf7_ptt_tube7_segmentationDebug2\11_0205_0_segmented.tiff;;(76. 79);195.539103746414;0.90134529147982;50.5886497637333;0.660600169690234;0.807153943375573;557.328863232333;0.975206310929958;0.904380907642865;0.916765286232375;38.67328881347539;47.0;Dead;2010.0;0.0;0.0;0.0;;;;;;41.89949464798002;-0.04727259469904099;7.495496293649104;-0.11584342294196293;-0.14455250333175895;-95.21835080440599;-0.0002612520139569918;-0.025408674885206928;-0.0024189495690110085;551.5;0.0;0.0;
4;Tube 7;1202080.0;1202080.0;0.0;208.0;False;J:\Culture Cellulaire 3D Microfluidique\PTT\20260310 MCF7\20260311\Analysis\2026-03-11_112701_mcf7_ptt_tube7_cropped_8bits2\12_0208_0_8bits.tiff;J:\Culture Cellulaire 3D Microfluidique\PTT\20260310 MCF7\20260311\Analysis\2026-03-11_112701_mcf7_ptt_tube7_segmentationDebug2\12_0208_0_segmented.tiff;746.5;(73. 74);108.183765411376;0.950350095480585;30.8297473253479;0.801522077933123;0.861344032182505;297.291813654512;0.983558737847372;0.962941830748764;0.913932924989878;59.466053001449204;50.0;Alive;1202080.0;0.0;208.0;False;J:\Culture Cellulaire 3D Microfluidique\PTT\20260310 MCF7\20260312 before laser\Analysis\2026-03-12_160537_mcf7_ptt_tube7_cropped_8bits2\12_0208_0_8bits.tiff;J:\Culture Cellulaire 3D Microfluidique\PTT\20260310 MCF7\20260312 before laser\Analysis\2026-03-12_160537_mcf7_ptt_tube7_segmentationDebug2\12_0208_0_segmented.tiff;;(81. 72);132.568541526794;0.93238434163701;36.5288248220833;0.749359452590241;0.92549694775542;383.495960461949;0.977695205206992;0.948829424501234;0.911416174226254;1048.0;59.466053001449204;50.0;Alive;;;;;;;;;;;;;;;;;;;;;;;;;;;;;;;;;;;;;;;;;;
4;Tube 7;1302110.0;1302110.0;0.0;211.0;False;J:\Culture Cellulaire 3D Microfluidique\PTT\20260310 MCF7\20260311\Analysis\2026-03-11_112701_mcf7_ptt_tube7_cropped_8bits2\13_0211_0_8bits.tiff;J:\Culture Cellulaire 3D Microfluidique\PTT\20260310 MCF7\20260311\Analysis\2026-03-11_112701_mcf7_ptt_tube7_segmentationDebug2\13_0211_0_segmented.tiff;625.5;(77. 66);167.154327988624;0.698882681564245;28.2207607132026;0.281320853433839;0.762320748634409;497.082209217996;0.989110023504022;0.966460937979974;0.898602730148103;3.131440389755092;58.0;Dead;1302110.0;0.0;211.0;False;J:\Culture Cellulaire 3D Microfluidique\PTT\20260310 MCF7\20260312 before laser\Analysis\2026-03-12_160537_mcf7_ptt_tube7_cropped_8bits2\13_0211_0_8bits.tiff;J:\Culture Cellulaire 3D Microfluidique\PTT\20260310 MCF7\20260312 before laser\Analysis\2026-03-12_160537_mcf7_ptt_tube7_segmentationDebug2\13_0211_0_segmented.tiff;;(76. 72);145.882249474525;0.936312849162011;40.0057759296342;0.742232964954605;0.801589871705139;396.164568764568;0.984504074641619;0.939322400923717;0.941933150339345;1257.0;3.131440389755092;58.0;Dead;;;;;;;;;;;;;;;;;;;;;;;;;;;;;;;;;;;;;;;;;;
4;Tube 7;1402140.0;1402140.0;0.0;214.0;False;J:\Culture Cellulaire 3D Microfluidique\PTT\20260310 MCF7\20260311\Analysis\2026-03-11_112701_mcf7_ptt_tube7_cropped_8bits2\14_0214_0_8bits.tiff;J:\Culture Cellulaire 3D Microfluidique\PTT\20260310 MCF7\20260311\Analysis\2026-03-11_112701_mcf7_ptt_tube7_segmentationDebug2\14_0214_0_segmented.tiff;935.5;(50. 75);141.497473597526;0.896502156205079;34.5125425620852;0.587159760202508;0.626727108761566;216.954245469236;0.984576764586871;0.953343034331692;0.930811748772095;88.90159266514708;47.0;Alive;1402140.0;0.0;214.0;False;J:\Culture Cellulaire 3D Microfluidique\PTT\20260310 MCF7\20260312 before laser\Analysis\2026-03-12_160537_mcf7_ptt_tube7_cropped_8bits2\14_0214_0_8bits.tiff;J:\Culture Cellulaire 3D Microfluidique\PTT\20260310 MCF7\20260312 before laser\Analysis\2026-03-12_160537_mcf7_ptt_tube7_segmentationDebug2\14_0214_0_segmented.tiff;;(75. 73);193.539103865623;0.839359504132231;45.4864184146723;0.545162253002821;0.646839175584683;393.831965423025;0.973567415561572;0.92131234372233;0.933887822384295;1625.0;88.90159266514708;47.0;Alive;;;;;;;;;;;;;;;;;;;;;;;;;;;;;;;;;;;;;;;;;;
4;Tube 7;1402160.0;;;;;;;;;;;;;;;;;;;;;;;;;;;;;;;;;;;;;;;;;;1402160.0;0.0;216.0;False;J:\Culture Cellulaire 3D Microfluidique\PTT\20260310 MCF7\20260312 after laser\Analysis\2026-03-12_212334_mcf7_ptt_tube7_cropped_8bits2\14_0216_0_8bits.tiff;J:\Culture Cellulaire 3D Microfluidique\PTT\20260310 MCF7\20260312 after laser\Analysis\2026-03-12_212334_mcf7_ptt_tube7_segmentationDebug2\14_0216_0_segmented.tiff;;(73. 72);231.438598513603;0.810669975186104;45.6052277302162;0.383228166468681;0.451477762252134;271.572201153672;0.977169022403921;0.920043880534354;0.936656296411313;88.90159266514708;47.0;Alive;1633.5;;;;;;;;;;;;;;;;;;;;;
4;Tube 7;1502170.0;1502170.0;0.0;217.0;False;J:\Culture Cellulaire 3D Microfluidique\PTT\20260310 MCF7\20260311\Analysis\2026-03-11_112701_mcf7_ptt_tube7_cropped_8bits2\15_0217_0_8bits.tiff;J:\Culture Cellulaire 3D Microfluidique\PTT\20260310 MCF7\20260311\Analysis\2026-03-11_112701_mcf7_ptt_tube7_segmentationDebug2\15_0217_0_segmented.tiff;993.0;(71. 75);148.083260297775;0.857512953367875;35.5573743114141;0.569045741215708;0.921939599174636;402.321232408249;0.981591330733691;0.95068662598834;0.923071544926286;93.91189728875521;37.0;Alive;1502170.0;0.0;217.0;False;J:\Culture Cellulaire 3D Microfluidique\PTT\20260310 MCF7\20260312 before laser\Analysis\2026-03-12_160537_mcf7_ptt_tube7_cropped_8bits2\15_0217_0_8bits.tiff;J:\Culture Cellulaire 3D Microfluidique\PTT\20260310 MCF7\20260312 before laser\Analysis\2026-03-12_160537_mcf7_ptt_tube7_segmentationDebug2\15_0217_0_segmented.tiff;;(70. 83);145.882250189781;0.961595273264401;40.7155730310305;0.768804543273323;0.693378831819464;427.235623156108;0.97944335623546;0.937380241438752;0.935156146460886;1302.0;93.91189728875521;37.0;Alive;;;;;;;;;;;;;;;;;;;;;;;;;;;;;;;;;;;;;;;;;;
4;Tube 7;1502190.0;;;;;;;;;;;;;;;;;;;;;;;;;;;;;;;;;;;;;;;;;;1502190.0;0.0;219.0;False;J:\Culture Cellulaire 3D Microfluidique\PTT\20260310 MCF7\20260312 after laser\Analysis\2026-03-12_212334_mcf7_ptt_tube7_cropped_8bits2\15_0219_0_8bits.tiff;J:\Culture Cellulaire 3D Microfluidique\PTT\20260310 MCF7\20260312 after laser\Analysis\2026-03-12_212334_mcf7_ptt_tube7_segmentationDebug2\15_0219_0_segmented.tiff;;(57. 78);152.124891042709;0.919243986254295;41.2669103651252;0.72627834348416;0.864264302993312;435.655879096162;0.979197167807669;0.935206494140883;0.903474807385178;93.91189728875521;37.0;Alive;1337.5;;;;;;;;;;;;;;;;;;;;;
4;Tube 7;1502190.0;;;;;;;;;;;;;;;;;;;;;;;;;;;;;;;;;;;;;;;;;;1502190.0;1.0;219.0;False;J:\Culture Cellulaire 3D Microfluidique\PTT\20260310 MCF7\20260312 after laser\Analysis\2026-03-12_212334_mcf7_ptt_tube7_cropped_8bits2\15_0219_0_8bits.tiff;J:\Culture Cellulaire 3D Microfluidique\PTT\20260310 MCF7\20260312 after laser\Analysis\2026-03-12_212334_mcf7_ptt_tube7_segmentationDebug2\15_0219_0_segmented.tiff;;(113. 46);94.0416302680969;0.841733870967741;23.0559647364175;0.593234015735964;0.775366944014377;493.652271704903;0.99117954627469;0.978005428594613;0.86198992337901;93.91189728875521;37.0;Alive;417.5;;;;;;;;;;;;;;;;;;;;;
4;Tube 7;1602200.0;1602200.0;0.0;220.0;False;J:\Culture Cellulaire 3D Microfluidique\PTT\20260310 MCF7\20260311\Analysis\2026-03-11_112701_mcf7_ptt_tube7_cropped_8bits2\16_0220_0_8bits.tiff;J:\Culture Cellulaire 3D Microfluidique\PTT\20260310 MCF7\20260311\Analysis\2026-03-11_112701_mcf7_ptt_tube7_segmentationDebug2\16_0220_0_segmented.tiff;894.5;(80. 80);126.325900554656;0.903535353535353;33.7477817458511;0.704377383650306;0.866508189202141;489.897960811118;0.988166645189937;0.955727870815597;0.92306125523016;94.60081417450134;37.0;Alive;;;;;;;;;;;;;;;;;;;;;;;;;;;;;;;;;;;;;;;;;;;;;;;;;;;;;;;;;;;;;;;
4;Tube 7;1602210.0;;;;;;;;;;;;;;;;;;;;;1602210.0;0.0;221.0;False;J:\Culture Cellulaire 3D Microfluidique\PTT\20260310 MCF7\20260312 before laser\Analysis\2026-03-12_160537_mcf7_ptt_tube7_cropped_8bits2\16_0221_0_8bits.tiff;J:\Culture Cellulaire 3D Microfluidique\PTT\20260310 MCF7\20260312 before laser\Analysis\2026-03-12_160537_mcf7_ptt_tube7_segmentationDebug2\16_0221_0_segmented.tiff;;(74. 74);162.225395441055;0.925984251968504;43.2627106265972;0.70192306885751;0.717001406827709;384.730375787183;0.974995450271249;0.928794947419453;0.930883737056783;1470.0;94.60081417450134;37.0;Alive;;;;;;;;;;;;;;;;;;;;;;;;;;;;;;;;;;;;;;;;;;
4;Tube 7;1602220.0;;;;;;;;;;;;;;;;;;;;;;;;;;;;;;;;;;;;;;;;;;1602220.0;0.0;222.0;False;J:\Culture Cellulaire 3D Microfluidique\PTT\20260310 MCF7\20260312 after laser\Analysis\2026-03-12_212334_mcf7_ptt_tube7_cropped_8bits2\16_0222_0_8bits.tiff;J:\Culture Cellulaire 3D Microfluidique\PTT\20260310 MCF7\20260312 after laser\Analysis\2026-03-12_212334_mcf7_ptt_tube7_segmentationDebug2\16_0222_0_segmented.tiff;;(82. 73);166.124890089035;0.917031934877896;43.1817011390779;0.666852566254806;0.724022991634523;400.070945054477;0.975080170030031;0.929057811838929;0.90824471341249;94.60081417450134;37.0;Alive;1464.5;;;;;;;;;;;;;;;;;;;;;
4;Tube 7;1703240.0;1703240.0;0.0;324.0;False;J:\Culture Cellulaire 3D Microfluidique\PTT\20260310 MCF7\20260311\Analysis\2026-03-11_112701_mcf7_ptt_tube7_cropped_8bits2\17_0324_0_8bits.tiff;J:\Culture Cellulaire 3D Microfluidique\PTT\20260310 MCF7\20260311\Analysis\2026-03-11_112701_mcf7_ptt_tube7_segmentationDebug2\17_0324_0_segmented.tiff;1381.5;(80. 78);160.468036055564;0.912182238362495;41.9402006558341;0.674192129870167;0.659418290305903;435.317531013188;0.97681887894758;0.932963985809672;0.918326855002914;114.26625982216332;37.0;Alive;1703240.0;0.0;324.0;False;J:\Culture Cellulaire 3D Microfluidique\PTT\20260310 MCF7\20260312 before laser\Analysis\2026-03-12_160537_mcf7_ptt_tube7_cropped_8bits2\17_0324_0_8bits.tiff;J:\Culture Cellulaire 3D Microfluidique\PTT\20260310 MCF7\20260312 before laser\Analysis\2026-03-12_160537_mcf7_ptt_tube7_segmentationDebug2\17_0324_0_segmented.tiff;;(79. 68);181.53910434246;0.911705348133198;47.9660698550177;0.689013354800992;0.802907383329897;433.42386851875;0.970280365263073;0.913501398460212;0.929676328783017;1807.0;114.26625982216332;37.0;Alive;;;;;;;;;;;;;;;;;;;;;;;;;;;;;;;;;;;;;;;;;;
4;Tube 7;1806240.0;1806240.0;0.0;624.0;False;J:\Culture Cellulaire 3D Microfluidique\PTT\20260310 MCF7\20260311\Analysis\2026-03-11_112701_mcf7_ptt_tube7_cropped_8bits2\18_0624_0_8bits.tiff;J:\Culture Cellulaire 3D Microfluidique\PTT\20260310 MCF7\20260311\Analysis\2026-03-11_112701_mcf7_ptt_tube7_segmentationDebug2\18_0624_0_segmented.tiff;972.5;(76. 45);145.154327988624;0.87219730941704;35.188427888369;0.580015360429;0.910484077364981;486.230044345897;0.975962105560037;0.943226323826555;0.888544869945777;105.74874196202947;37.0;Alive;;;;;;;;;;;;;;;;;;;;;;;;;;;;;;;;;;;;;;;;;;;;;;;;;;;;;;;;;;;;;;;
4;Tube 7;1807240.0;;;;;;;;;;;;;;;;;;;;;;;;;;;;;;;;;;;;;;;;;;1807240.0;0.0;724.0;False;J:\Culture Cellulaire 3D Microfluidique\PTT\20260310 MCF7\20260312 after laser\Analysis\2026-03-12_212334_mcf7_ptt_tube7_cropped_8bits2\18_0724_0_8bits.tiff;J:\Culture Cellulaire 3D Microfluidique\PTT\20260310 MCF7\20260312 after laser\Analysis\2026-03-12_212334_mcf7_ptt_tube7_segmentationDebug2\18_0724_0_segmented.tiff;;(69. 75);176.468036890029;0.877532777115613;43.299483017959;0.594200562538885;0.839681373193949;369.794170078817;0.973908959571494;0.928415986081814;0.909893856321543;105.74874196202947;37.0;Alive;1472.5;;;;;;;;;;;;;;;;;;;;;
4;Tube 7;1909240.0;1909240.0;0.0;924.0;False;J:\Culture Cellulaire 3D Microfluidique\PTT\20260310 MCF7\20260311\Analysis\2026-03-11_112701_mcf7_ptt_tube7_cropped_8bits2\19_0924_0_8bits.tiff;J:\Culture Cellulaire 3D Microfluidique\PTT\20260310 MCF7\20260311\Analysis\2026-03-11_112701_mcf7_ptt_tube7_segmentationDebug2\19_0924_0_segmented.tiff;758.5;(68. 77);115.840619683265;0.916062801932367;31.0765537774319;0.710303091614927;0.948635744691492;576.211921296296;0.986021042160323;0.962277758473431;0.907307647360024;98.92220191236336;37.0;Alive;1909240.0;0.0;924.0;False;J:\Culture Cellulaire 3D Microfluidique\PTT\20260310 MCF7\20260312 before laser\Analysis\2026-03-12_160537_mcf7_ptt_tube7_cropped_8bits2\19_0924_0_8bits.tiff;J:\Culture Cellulaire 3D Microfluidique\PTT\20260310 MCF7\20260312 before laser\Analysis\2026-03-12_160537_mcf7_ptt_tube7_segmentationDebug2\19_0924_0_segmented.tiff;;(88. 101);139.781744003295;0.938386704499392;38.3897743289922;0.744440435161221;0.792356199114842;227.603880946232;0.981760456608936;0.943911479579321;0.94433490322138;1157.5;98.92220191236336;37.0;Alive;;;;;;;;;;;;;;;;;;;;;;;;;;;;;;;;;;;;;;;;;;
4;Tube 7;1909240.0;1909240.0;0.0;924.0;False;J:\Culture Cellulaire 3D Microfluidique\PTT\20260310 MCF7\20260311\Analysis\2026-03-11_112701_mcf7_ptt_tube7_cropped_8bits2\19_0924_0_8bits.tiff;J:\Culture Cellulaire 3D Microfluidique\PTT\20260310 MCF7\20260311\Analysis\2026-03-11_112701_mcf7_ptt_tube7_segmentationDebug2\19_0924_0_segmented.tiff;758.5;(68. 77);115.840619683265;0.916062801932367;31.0765537774319;0.710303091614927;0.948635744691492;576.211921296296;0.986021042160323;0.962277758473431;0.907307647360024;98.92220191236336;37.0;Alive;1909240.0;1.0;924.0;False;J:\Culture Cellulaire 3D Microfluidique\PTT\20260310 MCF7\20260312 before laser\Analysis\2026-03-12_160537_mcf7_ptt_tube7_cropped_8bits2\19_0924_0_8bits.tiff;J:\Culture Cellulaire 3D Microfluidique\PTT\20260310 MCF7\20260312 before laser\Analysis\2026-03-12_160537_mcf7_ptt_tube7_segmentationDebug2\19_0924_0_segmented.tiff;;(60. 43);98.5269112586975;0.929477020602218;27.326818200939;0.759220880965057;0.883456513356696;466.117453574687;0.991351366672329;0.970560333998172;0.923394651953519;586.5;98.92220191236336;37.0;Alive;;;;;;;;;;;;;;;;;;;;;;;;;;;;;;;;;;;;;;;;;;
4;Tube 7;1910240.0;;;;;;;;;;;;;;;;;;;;;;;;;;;;;;;;;;;;;;;;;;1910240.0;0.0;1024.0;False;J:\Culture Cellulaire 3D Microfluidique\PTT\20260310 MCF7\20260312 after laser\Analysis\2026-03-12_212334_mcf7_ptt_tube7_cropped_8bits2\19_1024_0_8bits.tiff;J:\Culture Cellulaire 3D Microfluidique\PTT\20260310 MCF7\20260312 after laser\Analysis\2026-03-12_212334_mcf7_ptt_tube7_segmentationDebug2\19_1024_0_segmented.tiff;;(65. 53);142.325900673866;0.893248945147679;36.711361430791;0.65664833098237;0.877494184891671;204.344565903483;0.974413134213766;0.930450169611054;0.921917239061172;98.92220191236336;37.0;Alive;1058.5;;;;;;;;;;;;;;;;;;;;;
4;Tube 7;2012240.0;2012240.0;0.0;1224.0;False;J:\Culture Cellulaire 3D Microfluidique\PTT\20260310 MCF7\20260311\Analysis\2026-03-11_112701_mcf7_ptt_tube7_cropped_8bits2\20_1224_0_8bits.tiff;J:\Culture Cellulaire 3D Microfluidique\PTT\20260310 MCF7\20260311\Analysis\2026-03-11_112701_mcf7_ptt_tube7_segmentationDebug2\20_1224_0_segmented.tiff;1356.5;(73. 71);253.095452785491;0.651067914566834;41.5589875049097;0.266109866490948;0.461605281501142;353.482110526287;0.970487918560243;0.930860495297189;0.900595375776995;104.99719626848825;37.0;Alive;2012240.0;0.0;1224.0;False;J:\Culture Cellulaire 3D Microfluidique\PTT\20260310 MCF7\20260312 before laser\Analysis\2026-03-12_160537_mcf7_ptt_tube7_cropped_8bits2\20_1224_0_8bits.tiff;J:\Culture Cellulaire 3D Microfluidique\PTT\20260310 MCF7\20260312 before laser\Analysis\2026-03-12_160537_mcf7_ptt_tube7_segmentationDebug2\20_1224_0_segmented.tiff;;(76. 82);172.024385094642;0.897104128157732;43.0562048621844;0.618288559702435;0.57752458559417;373.906769451178;0.970088960496224;0.928982310793778;0.91463615018425;1456.0;104.99719626848825;37.0;Alive;2012240.0;0.0;1224.0;False;J:\Culture Cellulaire 3D Microfluidique\PTT\20260310 MCF7\20260312 after laser\Analysis\2026-03-12_212334_mcf7_ptt_tube7_cropped_8bits2\20_1224_0_8bits.tiff;J:\Culture Cellulaire 3D Microfluidique\PTT\20260310 MCF7\20260312 after laser\Analysis\2026-03-12_212334_mcf7_ptt_tube7_segmentationDebug2\20_1224_0_segmented.tiff;;(70. 72);200.710676908493;0.81412429378531;42.8338439083322;0.449503309486571;0.498492126423373;267.701487860467;0.96938539157738;0.917758647842684;0.900992153702369;104.99719626848825;37.0;Alive;1441.0;0.0;0.0;0.0;;;;;;28.686291813851;-0.08297983437242196;-0.22236095385220267;-0.168785250215864;-0.07903245917079699;-106.20528159071097;-0.0007035689188439331;-0.011223662951094004;-0.013643996481881082;-15.0;0.0;0.0;
4;Tube 7;205050.0;205050.0;0.0;505.0;False;J:\Culture Cellulaire 3D Microfluidique\PTT\20260310 MCF7\20260311\Analysis\2026-03-11_112701_mcf7_ptt_tube7_cropped_8bits2\2_0505_0_8bits.tiff;J:\Culture Cellulaire 3D Microfluidique\PTT\20260310 MCF7\20260311\Analysis\2026-03-11_112701_mcf7_ptt_tube7_segmentationDebug2\2_0505_0_segmented.tiff;2285.5;(75. 77);213.296463370323;0.892250634393909;53.9443136900657;0.631282544010116;0.641072400920147;375.717163769943;0.953270579918191;0.890688941260938;0.925407279964352;81.69927976871035;65.0;Alive;205050.0;0.0;505.0;False;J:\Culture Cellulaire 3D Microfluidique\PTT\20260310 MCF7\20260312 before laser\Analysis\2026-03-12_160537_mcf7_ptt_tube7_cropped_8bits2\2_0505_0_8bits.tiff;J:\Culture Cellulaire 3D Microfluidique\PTT\20260310 MCF7\20260312 before laser\Analysis\2026-03-12_160537_mcf7_ptt_tube7_segmentationDebug2\2_0505_0_segmented.tiff;;(71. 74);238.124890208244;0.900293255131964;60.9376987768663;0.646341823587789;0.89815723652673;385.135639246065;0.946226184592074;0.862279049685975;0.935625446095416;2916.5;81.69927976871035;65.0;Alive;;;;;;;;;;;;;;;;;;;;;;;;;;;;;;;;;;;;;;;;;;
4;Tube 7;206050.0;;;;;;;;;;;;;;;;;;;;;;;;;;;;;;;;;;;;;;;;;;206050.0;0.0;605.0;False;J:\Culture Cellulaire 3D Microfluidique\PTT\20260310 MCF7\20260312 after laser\Analysis\2026-03-12_212334_mcf7_ptt_tube7_cropped_8bits2\2_0605_0_8bits.tiff;J:\Culture Cellulaire 3D Microfluidique\PTT\20260310 MCF7\20260312 after laser\Analysis\2026-03-12_212334_mcf7_ptt_tube7_segmentationDebug2\2_0605_0_segmented.tiff;;(78. 77);273.9655097723;0.856925418569254;65.5820339888553;0.565558749634488;0.829486348362777;565.749031942778;0.95227163766761;0.841809205708496;0.911554378235323;81.69927976871035;65.0;Alive;3378.0;;;;;;;;;;;;;;;;;;;;;
4;Tube 7;308050.0;308050.0;0.0;805.0;False;J:\Culture Cellulaire 3D Microfluidique\PTT\20260310 MCF7\20260311\Analysis\2026-03-11_112701_mcf7_ptt_tube7_cropped_8bits2\3_0805_0_8bits.tiff;J:\Culture Cellulaire 3D Microfluidique\PTT\20260310 MCF7\20260311\Analysis\2026-03-11_112701_mcf7_ptt_tube7_segmentationDebug2\3_0805_0_segmented.tiff;2058.0;(80. 72);216.852812290191;0.856429463171036;51.1891295400201;0.549952419396624;0.568500171237004;586.86873944791;0.960911736334713;0.900792156557991;0.907207747313726;103.40016166971314;45.0;Alive;308050.0;0.0;805.0;False;J:\Culture Cellulaire 3D Microfluidique\PTT\20260310 MCF7\20260312 before laser\Analysis\2026-03-12_160537_mcf7_ptt_tube7_cropped_8bits2\3_0805_0_8bits.tiff;J:\Culture Cellulaire 3D Microfluidique\PTT\20260310 MCF7\20260312 before laser\Analysis\2026-03-12_160537_mcf7_ptt_tube7_segmentationDebug2\3_0805_0_segmented.tiff;;(82. 83);223.923879504203;0.880169867060561;55.0887144057316;0.597343580560848;0.714833746971723;612.024592302678;0.96124402143952;0.886050404593386;0.91676370268324;2383.5;103.40016166971314;45.0;Alive;;;;;;;;;;;;;;;;;;;;;;;;;;;;;;;;;;;;;;;;;;
4;Tube 7;310050.0;;;;;;;;;;;;;;;;;;;;;;;;;;;;;;;;;;;;;;;;;;310050.0;0.0;1005.0;False;J:\Culture Cellulaire 3D Microfluidique\PTT\20260310 MCF7\20260312 after laser\Analysis\2026-03-12_212334_mcf7_ptt_tube7_cropped_8bits2\3_1005_0_8bits.tiff;J:\Culture Cellulaire 3D Microfluidique\PTT\20260310 MCF7\20260312 after laser\Analysis\2026-03-12_212334_mcf7_ptt_tube7_segmentationDebug2\3_1005_0_segmented.tiff;;(72. 77);281.37972331047;0.91089001838434;73.2273742711845;0.668437909881927;0.838265443450744;574.216467389336;0.929410180297823;0.804247694250838;0.905294760384365;103.40016166971314;45.0;Alive;4211.5;;;;;;;;;;;;;;;;;;;;;
4;Tube 7;411050.0;411050.0;0.0;1105.0;False;J:\Culture Cellulaire 3D Microfluidique\PTT\20260310 MCF7\20260311\Analysis\2026-03-11_112701_mcf7_ptt_tube7_cropped_8bits2\4_1105_0_8bits.tiff;J:\Culture Cellulaire 3D Microfluidique\PTT\20260310 MCF7\20260311\Analysis\2026-03-11_112701_mcf7_ptt_tube7_segmentationDebug2\4_1105_0_segmented.tiff;1665.5;(78. 76);189.982754707336;0.884492830589484;46.0497607133458;0.579863990497718;0.526949455572896;411.226177006237;0.964770053391008;0.918804837941858;0.907720680398413;97.48173933307602;48.0;Alive;411050.0;0.0;1105.0;False;J:\Culture Cellulaire 3D Microfluidique\PTT\20260310 MCF7\20260312 before laser\Analysis\2026-03-12_160537_mcf7_ptt_tube7_cropped_8bits2\4_1105_0_8bits.tiff;J:\Culture Cellulaire 3D Microfluidique\PTT\20260310 MCF7\20260312 before laser\Analysis\2026-03-12_160537_mcf7_ptt_tube7_segmentationDebug2\4_1105_0_segmented.tiff;;(78. 83);259.823374032974;0.79313427498659;53.1417473388163;0.412871561221292;0.579736388838926;274.952716216887;0.954677702586427;0.891877348726235;0.905337403081344;2218.0;97.48173933307602;48.0;Alive;;;;;;;;;;;;;;;;;;;;;;;;;;;;;;;;;;;;;;;;;;
4;Tube 7;413050.0;;;;;;;;;;;;;;;;;;;;;;;;;;;;;;;;;;;;;;;;;;413050.0;0.0;1305.0;False;J:\Culture Cellulaire 3D Microfluidique\PTT\20260310 MCF7\20260312 after laser\Analysis\2026-03-12_212334_mcf7_ptt_tube7_cropped_8bits2\4_1305_0_8bits.tiff;J:\Culture Cellulaire 3D Microfluidique\PTT\20260310 MCF7\20260312 after laser\Analysis\2026-03-12_212334_mcf7_ptt_tube7_segmentationDebug2\4_1305_0_segmented.tiff;;(79. 76);218.267025709152;0.913982796559311;53.932510973878;0.602593947913802;0.547267085235663;546.12818955649;0.963837977587049;0.89085224921537;0.905907971764758;97.48173933307602;48.0;Alive;2284.5;;;;;;;;;;;;;;;;;;;;;
4;Tube 7;711010.0;;;;;;;;;;;;;;;;;;;;;;;;;;;;;;;;;;;;;;;;;;711010.0;0.0;1101.0;False;J:\Culture Cellulaire 3D Microfluidique\PTT\20260310 MCF7\20260312 after laser\Analysis\2026-03-12_212334_mcf7_ptt_tube7_cropped_8bits2\7_1101_0_8bits.tiff;J:\Culture Cellulaire 3D Microfluidique\PTT\20260310 MCF7\20260312 after laser\Analysis\2026-03-12_212334_mcf7_ptt_tube7_segmentationDebug2\7_1101_0_segmented.tiff;;(74. 72);208.367530822753;0.885043263288009;52.2964486565878;0.621704556587469;0.848672284320754;707.448672728382;0.966811504851141;0.8976549638556;0.893696647311312;38.015686331626824;52.0;Dead;2148.0;;;;;;;;;;;;;;;;;;;;;
4;Tube 7;712010.0;712010.0;0.0;1201.0;False;J:\Culture Cellulaire 3D Microfluidique\PTT\20260310 MCF7\20260311\Analysis\2026-03-11_112701_mcf7_ptt_tube7_cropped_8bits2\7_1201_0_8bits.tiff;J:\Culture Cellulaire 3D Microfluidique\PTT\20260310 MCF7\20260311\Analysis\2026-03-11_112701_mcf7_ptt_tube7_segmentationDebug2\7_1201_0_segmented.tiff;1502.0;(75. 71);159.740114331245;0.922038060159607;43.7310621434263;0.73969352117139;0.869260365482089;388.743763126103;0.9753470398091;0.927606123702456;0.938092622516664;38.015686331626824;52.0;Dead;;;;;;;;;;;;;;;;;;;;;;;;;;;;;;;;;;;;;;;;;;;;;;;;;;;;;;;;;;;;;;;
4;Tube 7;807010.0;;;;;;;;;;;;;;;;;;;;;;;;;;;;;;;;;;;;;;;;;;807010.0;0.0;701.0;False;J:\Culture Cellulaire 3D Microfluidique\PTT\20260310 MCF7\20260312 after laser\Analysis\2026-03-12_212334_mcf7_ptt_tube7_cropped_8bits2\8_0701_0_8bits.tiff;J:\Culture Cellulaire 3D Microfluidique\PTT\20260310 MCF7\20260312 after laser\Analysis\2026-03-12_212334_mcf7_ptt_tube7_segmentationDebug2\8_0701_0_segmented.tiff;;(77. 75);197.539103746414;0.93338884263114;53.4284854669888;0.722003518963802;0.868635182436828;619.516786214705;0.960815102982967;0.893442987299601;0.891204128965655;66.91888112906632;58.0;Alive;2242.0;;;;;;;;;;;;;;;;;;;;;
4;Tube 7;808010.0;808010.0;0.0;801.0;False;J:\Culture Cellulaire 3D Microfluidique\PTT\20260310 MCF7\20260311\Analysis\2026-03-11_112701_mcf7_ptt_tube7_cropped_8bits2\8_0801_0_8bits.tiff;J:\Culture Cellulaire 3D Microfluidique\PTT\20260310 MCF7\20260311\Analysis\2026-03-11_112701_mcf7_ptt_tube7_segmentationDebug2\8_0801_0_segmented.tiff;1640.0;(77. 80);183.539103388786;0.873501997336884;45.695873482905;0.611781726109488;0.76266697807456;492.697181224828;0.965665022670944;0.920472504476956;0.906987826984139;66.91888112906632;58.0;Alive;808010.0;0.0;801.0;False;J:\Culture Cellulaire 3D Microfluidique\PTT\20260310 MCF7\20260312 before laser\Analysis\2026-03-12_160537_mcf7_ptt_tube7_cropped_8bits2\8_0801_0_8bits.tiff;J:\Culture Cellulaire 3D Microfluidique\PTT\20260310 MCF7\20260312 before laser\Analysis\2026-03-12_160537_mcf7_ptt_tube7_segmentationDebug2\8_0801_0_segmented.tiff;;(79. 76);178.953317284584;0.941502166586422;49.8980954519269;0.76734060037082;0.965588881044377;539.402014591021;0.968137706050062;0.906924614951888;0.931636884304765;1955.5;66.91888112906632;58.0;Alive;;;;;;;;;;;;;;;;;;;;;;;;;;;;;;;;;;;;;;;;;;
4;Tube 7;905010.0;905010.0;0.0;501.0;False;J:\Culture Cellulaire 3D Microfluidique\PTT\20260310 MCF7\20260311\Analysis\2026-03-11_112701_mcf7_ptt_tube7_cropped_8bits2\9_0501_0_8bits.tiff;J:\Culture Cellulaire 3D Microfluidique\PTT\20260310 MCF7\20260311\Analysis\2026-03-11_112701_mcf7_ptt_tube7_segmentationDebug2\9_0501_0_segmented.tiff;1182.5;(76. 76);154.811181545257;0.888763622698233;38.8021360449309;0.620020948154602;0.964556958975719;372.569257920833;0.975319174450955;0.942093109598478;0.912116272168973;55.80226774543574;46.0;Alive;905010.0;0.0;501.0;False;J:\Culture Cellulaire 3D Microfluidique\PTT\20260310 MCF7\20260312 before laser\Analysis\2026-03-12_160537_mcf7_ptt_tube7_cropped_8bits2\9_0501_0_8bits.tiff;J:\Culture Cellulaire 3D Microfluidique\PTT\20260310 MCF7\20260312 before laser\Analysis\2026-03-12_160537_mcf7_ptt_tube7_segmentationDebug2\9_0501_0_segmented.tiff;;(79. 77);157.639608621597;0.967482100238663;45.4374066358112;0.819966521939726;0.895029240843812;463.743996678329;0.972849756628991;0.922469339298742;0.930444230872464;1621.5;55.80226774543574;46.0;Alive;905010.0;0.0;501.0;False;J:\Culture Cellulaire 3D Microfluidique\PTT\20260310 MCF7\20260312 after laser\Analysis\2026-03-12_212334_mcf7_ptt_tube7_cropped_8bits2\9_0501_0_8bits.tiff;J:\Culture Cellulaire 3D Microfluidique\PTT\20260310 MCF7\20260312 after laser\Analysis\2026-03-12_212334_mcf7_ptt_tube7_segmentationDebug2\9_0501_0_segmented.tiff;;(77. 71);172.610172152519;0.955321944809461;48.1052270814322;0.766569458434327;0.921068515329807;625.441914442375;0.978198461937901;0.91354643865338;0.908000296459631;55.80226774543574;46.0;Alive;1817.5;0.0;0.0;0.0;;;;;;14.970563530921993;-0.012160155429202013;2.667820445620997;-0.05339706350539897;0.02603927448599508;161.69791776404605;0.005348705308910073;-0.008922900645361942;-0.02244393441283299;196.0;0.0;0.0;
4;Tube 8;1002020.0;1002020.0;0.0;202.0;False;J:\Culture Cellulaire 3D Microfluidique\PTT\20260310 MCF7\20260311\Analysis\2026-03-11_113608_mcf7_ptt_tube8_cropped_8bits2\10_0202_0_8bits.tiff;J:\Culture Cellulaire 3D Microfluidique\PTT\20260310 MCF7\20260311\Analysis\2026-03-11_113608_mcf7_ptt_tube8_segmentationDebug2\10_0202_0_segmented.tiff;1341.0;(79. 74);145.396968245506;0.945364821995065;41.3208691763599;0.797127771685163;0.956860695061553;325.731237190453;0.97932423343809;0.935320688146124;0.930373467675446;101.52129743586009;43.0;Alive;1002020.0;0.0;202.0;False;J:\Culture Cellulaire 3D Microfluidique\PTT\20260310 MCF7\20260312 before laser\Analysis\2026-03-12_161439_mcf7_ptt_tube8_cropped_8bits2\10_0202_0_8bits.tiff;J:\Culture Cellulaire 3D Microfluidique\PTT\20260310 MCF7\20260312 before laser\Analysis\2026-03-12_161439_mcf7_ptt_tube8_segmentationDebug2\10_0202_0_segmented.tiff;;(73. 73);201.438598275184;0.936006648659879;53.5534506312707;0.697572389078661;0.703203750944508;221.225758518729;0.964558563045416;0.893225983325445;0.942754001912445;2252.5;101.52129743586009;43.0;Alive;1002020.0;0.0;202.0;False;J:\Culture Cellulaire 3D Microfluidique\PTT\20260310 MCF7\20260312 after laser\Analysis\2026-03-12_213515_mcf7_ptt_tube8_cropped_8bits2\10_0202_0_8bits.tiff;J:\Culture Cellulaire 3D Microfluidique\PTT\20260310 MCF7\20260312 after laser\Analysis\2026-03-12_213515_mcf7_ptt_tube8_segmentationDebug2\10_0202_0_segmented.tiff;;(81. 65);202.267024755477;0.921908893709327;54.5545363450047;0.71797828779084;0.76072873316599;207.981739562359;0.970518073178706;0.884812122675628;0.929803351814847;101.52129743586009;43.0;Alive;2337.5;0.0;0.0;0.0;;;;;;0.8284264802929897;-0.014097754950551988;1.0010857137339997;0.020405898712179016;0.057524982221481946;-13.244018956370013;0.005959510133289991;-0.008413860649816973;-0.012950650097597993;85.0;0.0;0.0;
4;Tube 8;103070.0;103070.0;0.0;307.0;True;J:\Culture Cellulaire 3D Microfluidique\PTT\20260310 MCF7\20260311\Analysis\2026-03-11_113608_mcf7_ptt_tube8_cropped_8bits2\1_0307_0_8bits.tiff;J:\Culture Cellulaire 3D Microfluidique\PTT\20260310 MCF7\20260311\Analysis\2026-03-11_113608_mcf7_ptt_tube8_segmentationDebug2\1_0307_0_segmented.tiff;784.0;(67. 74);160.568541288375;0.760426770126091;31.5946166786743;0.382124604966189;0.827957246719984;323.958875967028;0.988903155273467;0.959758802927384;0.909633166598192;88.58844862617156;48.0;Alive;;;;;;;;;;;;;;;;;;;;;;;;;;;;;;;;;;;;;;;;;;;;;;;;;;;;;;;;;;;;;;;
4;Tube 8;1102050.0;1102050.0;0.0;205.0;False;J:\Culture Cellulaire 3D Microfluidique\PTT\20260310 MCF7\20260311\Analysis\2026-03-11_113608_mcf7_ptt_tube8_cropped_8bits2\11_0205_0_8bits.tiff;J:\Culture Cellulaire 3D Microfluidique\PTT\20260310 MCF7\20260311\Analysis\2026-03-11_113608_mcf7_ptt_tube8_segmentationDebug2\11_0205_0_segmented.tiff;1281.0;(72. 76);163.740114212036;0.876496749914471;40.3858868517919;0.600411242686147;0.838141044703133;508.40734420494;0.978772522372048;0.937641126013325;0.919558384064371;96.6049360239446;43.0;Alive;1102050.0;0.0;205.0;False;J:\Culture Cellulaire 3D Microfluidique\PTT\20260310 MCF7\20260312 before laser\Analysis\2026-03-12_161439_mcf7_ptt_tube8_cropped_8bits2\11_0205_0_8bits.tiff;J:\Culture Cellulaire 3D Microfluidique\PTT\20260310 MCF7\20260312 before laser\Analysis\2026-03-12_161439_mcf7_ptt_tube8_segmentationDebug2\11_0205_0_segmented.tiff;;(81. 65);192.367530584335;0.922907002429865;51.5732237595416;0.709389513089489;0.647488600333266;295.408034603751;0.973613201649522;0.901204289025458;0.951035458888204;2089.0;96.6049360239446;43.0;Alive;;;;;;;;;;;;;;;;;;;;;;;;;;;;;;;;;;;;;;;;;;
4;Tube 8;1102060.0;;;;;;;;;;;;;;;;;;;;;;;;;;;;;;;;;;;;;;;;;;1102060.0;0.0;206.0;False;J:\Culture Cellulaire 3D Microfluidique\PTT\20260310 MCF7\20260312 after laser\Analysis\2026-03-12_213515_mcf7_ptt_tube8_cropped_8bits2\11_0206_0_8bits.tiff;J:\Culture Cellulaire 3D Microfluidique\PTT\20260310 MCF7\20260312 after laser\Analysis\2026-03-12_213515_mcf7_ptt_tube8_segmentationDebug2\11_0206_0_segmented.tiff;;(70. 99);208.852812290191;0.897022332506203;52.5514659408333;0.624868685134545;0.631321126433342;264.369465640761;0.972188718342685;0.896519943084353;0.929960340921486;96.6049360239446;43.0;Alive;2169.0;;;;;;;;;;;;;;;;;;;;;
4;Tube 8;1202080.0;1202080.0;0.0;208.0;True;J:\Culture Cellulaire 3D Microfluidique\PTT\20260310 MCF7\20260311\Analysis\2026-03-11_113608_mcf7_ptt_tube8_cropped_8bits2\12_0208_0_8bits.tiff;J:\Culture Cellulaire 3D Microfluidique\PTT\20260310 MCF7\20260311\Analysis\2026-03-11_113608_mcf7_ptt_tube8_segmentationDebug2\12_0208_0_segmented.tiff;1053.5;(77. 75);145.154327750206;0.892040643522438;36.6245526986814;0.628325125161193;0.776427582000256;311.239111708401;0.984388214993821;0.948277618143138;0.936442089771084;101.20815339688458;44.0;Alive;1202080.0;0.0;208.0;False;J:\Culture Cellulaire 3D Microfluidique\PTT\20260310 MCF7\20260312 before laser\Analysis\2026-03-12_161439_mcf7_ptt_tube8_cropped_8bits2\12_0208_0_8bits.tiff;J:\Culture Cellulaire 3D Microfluidique\PTT\20260310 MCF7\20260312 before laser\Analysis\2026-03-12_161439_mcf7_ptt_tube8_segmentationDebug2\12_0208_0_segmented.tiff;;(42. 75);159.396968603134;0.931881804043545;43.672792880846;0.740903355801416;0.828323235961222;309.830015091075;0.978542608982087;0.927979305286191;0.930945250690109;1498.0;101.20815339688458;44.0;Alive;;;;;;;;;;;;;;;;;;;;;;;;;;;;;;;;;;;;;;;;;;
4;Tube 8;1202080.0;1202080.0;0.0;208.0;True;J:\Culture Cellulaire 3D Microfluidique\PTT\20260310 MCF7\20260311\Analysis\2026-03-11_113608_mcf7_ptt_tube8_cropped_8bits2\12_0208_0_8bits.tiff;J:\Culture Cellulaire 3D Microfluidique\PTT\20260310 MCF7\20260311\Analysis\2026-03-11_113608_mcf7_ptt_tube8_segmentationDebug2\12_0208_0_segmented.tiff;1053.5;(77. 75);145.154327750206;0.892040643522438;36.6245526986814;0.628325125161193;0.776427582000256;311.239111708401;0.984388214993821;0.948277618143138;0.936442089771084;101.20815339688458;44.0;Alive;1202080.0;1.0;208.0;False;J:\Culture Cellulaire 3D Microfluidique\PTT\20260310 MCF7\20260312 before laser\Analysis\2026-03-12_161439_mcf7_ptt_tube8_cropped_8bits2\12_0208_0_8bits.tiff;J:\Culture Cellulaire 3D Microfluidique\PTT\20260310 MCF7\20260312 before laser\Analysis\2026-03-12_161439_mcf7_ptt_tube8_segmentationDebug2\12_0208_0_segmented.tiff;;(127. 71);132.568541407585;0.926873857404022;35.9313915450188;0.725048173943761;0.623892512612087;179.606221898165;0.983887130788354;0.95002879785536;0.92344320730463;1014.0;93.2229804030091;46.0;Alive;;;;;;;;;;;;;;;;;;;;;;;;;;;;;;;;;;;;;;;;;;
4;Tube 8;1302110.0;;;;;;;;;;;;;;;;;;;;;1302110.0;0.0;211.0;False;J:\Culture Cellulaire 3D Microfluidique\PTT\20260310 MCF7\20260312 before laser\Analysis\2026-03-12_161439_mcf7_ptt_tube8_cropped_8bits2\13_0211_0_8bits.tiff;J:\Culture Cellulaire 3D Microfluidique\PTT\20260310 MCF7\20260312 before laser\Analysis\2026-03-12_161439_mcf7_ptt_tube8_segmentationDebug2\13_0211_0_segmented.tiff;;(74. 74);186.953317165374;0.700702769739561;32.8492087296338;0.304707553451182;0.782894845417296;294.981330835762;0.988216870640873;0.956140873579031;0.911125929806745;847.5;93.2229804030091;46.0;Alive;;;;;;;;;;;;;;;;;;;;;;;;;;;;;;;;;;;;;;;;;;
4;Tube 8;1402140.0;1402140.0;0.0;214.0;False;J:\Culture Cellulaire 3D Microfluidique\PTT\20260310 MCF7\20260311\Analysis\2026-03-11_113608_mcf7_ptt_tube8_cropped_8bits2\14_0214_0_8bits.tiff;J:\Culture Cellulaire 3D Microfluidique\PTT\20260310 MCF7\20260311\Analysis\2026-03-11_113608_mcf7_ptt_tube8_segmentationDebug2\14_0214_0_segmented.tiff;1113.0;(78. 78);153.053822040557;0.901579586877278;37.6445960702228;0.597058203580533;0.949484000316996;323.339062679323;0.985857029552252;0.945422257088444;0.929206013464455;66.2299642433202;42.0;Alive;;;;;;;;;;;;;;;;;;;;;;;;;;;;;;;;;;;;;;;;;;;;;;;;;;;;;;;;;;;;;;;
4;Tube 8;1502170.0;;;;;;;;;;;;;;;;;;;;;1502170.0;0.0;217.0;False;J:\Culture Cellulaire 3D Microfluidique\PTT\20260310 MCF7\20260312 before laser\Analysis\2026-03-12_161439_mcf7_ptt_tube8_cropped_8bits2\15_0217_0_8bits.tiff;J:\Culture Cellulaire 3D Microfluidique\PTT\20260310 MCF7\20260312 before laser\Analysis\2026-03-12_161439_mcf7_ptt_tube8_segmentationDebug2\15_0217_0_segmented.tiff;;(80. 76);198.852812170982;0.873286847799951;48.0853721337274;0.577114829319542;0.665873079477664;327.684164024519;0.97021652208861;0.912235920981316;0.922254156101976;1816.0;95.60287509922297;37.0;Alive;;;;;;;;;;;;;;;;;;;;;;;;;;;;;;;;;;;;;;;;;;
4;Tube 8;1502180.0;;;;;;;;;;;;;;;;;;;;;;;;;;;;;;;;;;;;;;;;;;1502180.0;0.0;218.0;False;J:\Culture Cellulaire 3D Microfluidique\PTT\20260310 MCF7\20260312 after laser\Analysis\2026-03-12_213515_mcf7_ptt_tube8_cropped_8bits2\15_0218_0_8bits.tiff;J:\Culture Cellulaire 3D Microfluidique\PTT\20260310 MCF7\20260312 after laser\Analysis\2026-03-12_213515_mcf7_ptt_tube8_segmentationDebug2\15_0218_0_segmented.tiff;;(88. 92);198.610171318054;0.886211832061068;48.6317021534879;0.591746522507382;0.594147385778948;197.255131739019;0.974581716217721;0.910321337834009;0.915853053965052;95.60287509922297;37.0;Alive;1857.5;;;;;;;;;;;;;;;;;;;;;
4;Tube 8;1602210.0;1602210.0;0.0;221.0;False;J:\Culture Cellulaire 3D Microfluidique\PTT\20260310 MCF7\20260311\Analysis\2026-03-11_113608_mcf7_ptt_tube8_cropped_8bits2\16_0221_0_8bits.tiff;J:\Culture Cellulaire 3D Microfluidique\PTT\20260310 MCF7\20260311\Analysis\2026-03-11_113608_mcf7_ptt_tube8_segmentationDebug2\16_0221_0_segmented.tiff;1114.5;(78. 75);138.325900793075;0.934591194968553;37.6699545076356;0.731952540848099;0.850713772096137;484.973153235653;0.981317433440607;0.945405022769346;0.914184318555008;96.19784877327643;37.0;Alive;1602210.0;0.0;221.0;False;J:\Culture Cellulaire 3D Microfluidique\PTT\20260310 MCF7\20260312 before laser\Analysis\2026-03-12_161439_mcf7_ptt_tube8_cropped_8bits2\16_0221_0_8bits.tiff;J:\Culture Cellulaire 3D Microfluidique\PTT\20260310 MCF7\20260312 before laser\Analysis\2026-03-12_161439_mcf7_ptt_tube8_segmentationDebug2\16_0221_0_segmented.tiff;;(74. 76);147.639608979225;0.949170490645958;41.3747576173737;0.775112780733375;0.845038426623371;457.133061554774;0.980069622904206;0.935082746420997;0.921218386626266;1344.5;96.19784877327643;37.0;Alive;;;;;;;;;;;;;;;;;;;;;;;;;;;;;;;;;;;;;;;;;;
4;Tube 8;1703240.0;1703240.0;0.0;324.0;False;J:\Culture Cellulaire 3D Microfluidique\PTT\20260310 MCF7\20260311\Analysis\2026-03-11_113608_mcf7_ptt_tube8_cropped_8bits2\17_0324_0_8bits.tiff;J:\Culture Cellulaire 3D Microfluidique\PTT\20260310 MCF7\20260311\Analysis\2026-03-11_113608_mcf7_ptt_tube8_segmentationDebug2\17_0324_0_segmented.tiff;1298.5;(75. 72);151.497473835945;0.920921985815602;40.6608109712362;0.710953236458959;0.8301660207567;471.443154972832;0.979054434069041;0.936839545631597;0.909734003812409;107.75286381147272;37.0;Alive;;;;;;;;;;;;;;;;;;;;;;1703240.0;0.0;324.0;False;J:\Culture Cellulaire 3D Microfluidique\PTT\20260310 MCF7\20260312 after laser\Analysis\2026-03-12_213515_mcf7_ptt_tube8_cropped_8bits2\17_0324_0_8bits.tiff;J:\Culture Cellulaire 3D Microfluidique\PTT\20260310 MCF7\20260312 after laser\Analysis\2026-03-12_213515_mcf7_ptt_tube8_segmentationDebug2\17_0324_0_segmented.tiff;;(72. 77);184.953317523002;0.896752917300862;47.4389175184194;0.649299450149033;0.886664268969041;387.244352188202;0.970916480694609;0.91502696463024;0.914976356280218;107.75286381147272;37.0;Alive;1767.5;;;;;;;;;;;;;;;;;;;;;
4;Tube 8;1806240.0;1806240.0;0.0;624.0;False;J:\Culture Cellulaire 3D Microfluidique\PTT\20260310 MCF7\20260311\Analysis\2026-03-11_113608_mcf7_ptt_tube8_cropped_8bits2\18_0624_0_8bits.tiff;J:\Culture Cellulaire 3D Microfluidique\PTT\20260310 MCF7\20260311\Analysis\2026-03-11_113608_mcf7_ptt_tube8_segmentationDebug2\18_0624_0_segmented.tiff;1335.5;(75. 74);159.154327869415;0.902364864864864;41.2360450576168;0.662547242322804;0.715005880904422;403.435012650221;0.975908335895058;0.935259104559261;0.925293126913628;106.21845802049273;37.0;Alive;1806240.0;0.0;624.0;False;J:\Culture Cellulaire 3D Microfluidique\PTT\20260310 MCF7\20260312 before laser\Analysis\2026-03-12_161439_mcf7_ptt_tube8_cropped_8bits2\18_0624_0_8bits.tiff;J:\Culture Cellulaire 3D Microfluidique\PTT\20260310 MCF7\20260312 before laser\Analysis\2026-03-12_161439_mcf7_ptt_tube8_segmentationDebug2\18_0624_0_segmented.tiff;;(81. 71);179.781744003295;0.923819462561961;47.4791597856744;0.688358400860968;0.685613735380495;355.630566395591;0.970821303711315;0.915416501894193;0.931197378093654;1770.5;106.21845802049273;37.0;Alive;;;;;;;;;;;;;;;;;;;;;;;;;;;;;;;;;;;;;;;;;;
4;Tube 8;1909240.0;1909240.0;0.0;924.0;False;J:\Culture Cellulaire 3D Microfluidique\PTT\20260310 MCF7\20260311\Analysis\2026-03-11_113608_mcf7_ptt_tube8_cropped_8bits2\19_0924_0_8bits.tiff;J:\Culture Cellulaire 3D Microfluidique\PTT\20260310 MCF7\20260311\Analysis\2026-03-11_113608_mcf7_ptt_tube8_segmentationDebug2\19_0924_0_segmented.tiff;1175.5;(77. 80);143.982754826545;0.923046721633294;38.687117815058;0.712543758304146;0.878293555280946;483.284264910739;0.980373729446291;0.942692818797212;0.918174092998014;102.86781680345479;37.0;Alive;1909240.0;0.0;924.0;False;J:\Culture Cellulaire 3D Microfluidique\PTT\20260310 MCF7\20260312 before laser\Analysis\2026-03-12_161439_mcf7_ptt_tube8_cropped_8bits2\19_0924_0_8bits.tiff;J:\Culture Cellulaire 3D Microfluidique\PTT\20260310 MCF7\20260312 before laser\Analysis\2026-03-12_161439_mcf7_ptt_tube8_segmentationDebug2\19_0924_0_segmented.tiff;;(76. 73);221.539103746414;0.843186487103401;48.4940557091881;0.472907248412162;0.720545348294248;288.065987403106;0.967314550579611;0.909881883661454;0.918406872083099;1847.0;102.86781680345479;37.0;Alive;1909240.0;0.0;924.0;False;J:\Culture Cellulaire 3D Microfluidique\PTT\20260310 MCF7\20260312 after laser\Analysis\2026-03-12_213515_mcf7_ptt_tube8_cropped_8bits2\19_0924_0_8bits.tiff;J:\Culture Cellulaire 3D Microfluidique\PTT\20260310 MCF7\20260312 after laser\Analysis\2026-03-12_213515_mcf7_ptt_tube8_segmentationDebug2\19_0924_0_segmented.tiff;;(70. 65);188.124889969825;0.929754020813623;50.025516740729;0.697895494051324;0.830584335164714;308.627087046877;0.971704624664751;0.906065937714651;0.9323252678817;102.86781680345479;37.0;Alive;1965.5;0.0;0.0;0.0;;;;;;-33.41421377658901;0.08656753371022197;1.5314610315408999;0.22498824563916203;0.11003898687046598;20.561099643771;0.004390074085140028;-0.003815945946802901;0.013918395798600991;118.5;0.0;0.0;
4;Tube 8;2012240.0;2012240.0;0.0;1224.0;False;J:\Culture Cellulaire 3D Microfluidique\PTT\20260310 MCF7\20260311\Analysis\2026-03-11_113608_mcf7_ptt_tube8_cropped_8bits2\20_1224_0_8bits.tiff;J:\Culture Cellulaire 3D Microfluidique\PTT\20260310 MCF7\20260311\Analysis\2026-03-11_113608_mcf7_ptt_tube8_segmentationDebug2\20_1224_0_segmented.tiff;1445.5;(73. 75);176.124890208244;0.868428957644938;42.9006732105065;0.585580342365438;0.710856728960849;331.647808330504;0.968882877082798;0.929277714142468;0.908059540508481;112.38739558831027;37.0;Alive;2012240.0;0.0;1224.0;False;J:\Culture Cellulaire 3D Microfluidique\PTT\20260310 MCF7\20260312 before laser\Analysis\2026-03-12_161439_mcf7_ptt_tube8_cropped_8bits2\20_1224_0_8bits.tiff;J:\Culture Cellulaire 3D Microfluidique\PTT\20260310 MCF7\20260312 before laser\Analysis\2026-03-12_161439_mcf7_ptt_tube8_segmentationDebug2\20_1224_0_segmented.tiff;;(75. 72);180.953317046165;0.929893853369538;48.9708758601342;0.722840356575968;0.77196006658454;284.791731349878;0.967416195530226;0.909685572100208;0.930200067822716;1883.5;112.38739558831027;37.0;Alive;;;;;;;;;;;;;;;;;;;;;;;;;;;;;;;;;;;;;;;;;;
4;Tube 8;308050.0;308050.0;0.0;805.0;False;J:\Culture Cellulaire 3D Microfluidique\PTT\20260310 MCF7\20260311\Analysis\2026-03-11_113608_mcf7_ptt_tube8_cropped_8bits2\3_0805_0_8bits.tiff;J:\Culture Cellulaire 3D Microfluidique\PTT\20260310 MCF7\20260311\Analysis\2026-03-11_113608_mcf7_ptt_tube8_segmentationDebug2\3_0805_0_segmented.tiff;1728.5;(77. 79);186.811182022094;0.892589723728376;46.9126267978539;0.622405628126404;0.933186163201983;395.754927654927;0.970438794468798;0.916637295146758;0.92887400598869;130.64369306058245;41.0;Alive;308050.0;0.0;805.0;False;J:\Culture Cellulaire 3D Microfluidique\PTT\20260310 MCF7\20260312 before laser\Analysis\2026-03-12_161439_mcf7_ptt_tube8_cropped_8bits2\3_0805_0_8bits.tiff;J:\Culture Cellulaire 3D Microfluidique\PTT\20260310 MCF7\20260312 before laser\Analysis\2026-03-12_161439_mcf7_ptt_tube8_segmentationDebug2\3_0805_0_segmented.tiff;;(69. 108);103.254832983016;0.886792452830188;26.797520467958;0.664765069209466;0.84181825619767;250.549644569748;0.987881753562606;0.971301908865234;0.900925693243394;564.0;130.64369306058245;41.0;Alive;;;;;;;;;;;;;;;;;;;;;;;;;;;;;;;;;;;;;;;;;;
4;Tube 8;308050.0;308050.0;0.0;805.0;False;J:\Culture Cellulaire 3D Microfluidique\PTT\20260310 MCF7\20260311\Analysis\2026-03-11_113608_mcf7_ptt_tube8_cropped_8bits2\3_0805_0_8bits.tiff;J:\Culture Cellulaire 3D Microfluidique\PTT\20260310 MCF7\20260311\Analysis\2026-03-11_113608_mcf7_ptt_tube8_segmentationDebug2\3_0805_0_segmented.tiff;1728.5;(77. 79);186.811182022094;0.892589723728376;46.9126267978539;0.622405628126404;0.933186163201983;395.754927654927;0.970438794468798;0.916637295146758;0.92887400598869;130.64369306058245;41.0;Alive;308050.0;1.0;805.0;False;J:\Culture Cellulaire 3D Microfluidique\PTT\20260310 MCF7\20260312 before laser\Analysis\2026-03-12_161439_mcf7_ptt_tube8_cropped_8bits2\3_0805_0_8bits.tiff;J:\Culture Cellulaire 3D Microfluidique\PTT\20260310 MCF7\20260312 before laser\Analysis\2026-03-12_161439_mcf7_ptt_tube8_segmentationDebug2\3_0805_0_segmented.tiff;;(81. 57);217.195958018302;0.932408395588758;57.7681646475882;0.698189651227111;0.725618829637929;391.839942953042;0.95809415999862;0.876446140235714;0.931103296788625;2621.0;130.64369306058245;41.0;Alive;;;;;;;;;;;;;;;;;;;;;;;;;;;;;;;;;;;;;;;;;;
4;Tube 8;411050.0;411050.0;0.0;1105.0;False;J:\Culture Cellulaire 3D Microfluidique\PTT\20260310 MCF7\20260311\Analysis\2026-03-11_113608_mcf7_ptt_tube8_cropped_8bits2\4_1105_0_8bits.tiff;J:\Culture Cellulaire 3D Microfluidique\PTT\20260310 MCF7\20260311\Analysis\2026-03-11_113608_mcf7_ptt_tube8_segmentationDebug2\4_1105_0_segmented.tiff;1799.0;(80. 65);183.539103746414;0.903339191564147;47.8597737246903;0.671094707915809;0.958795555829154;535.799134209577;0.966111709938484;0.890582974908125;0.913845396393729;113.2015700896466;42.0;Alive;;;;;;;;;;;;;;;;;;;;;;;;;;;;;;;;;;;;;;;;;;;;;;;;;;;;;;;;;;;;;;;
4;Tube 8;412050.0;;;;;;;;;;;;;;;;;;;;;412050.0;0.0;1205.0;False;J:\Culture Cellulaire 3D Microfluidique\PTT\20260310 MCF7\20260312 before laser\Analysis\2026-03-12_161439_mcf7_ptt_tube8_cropped_8bits2\4_1205_0_8bits.tiff;J:\Culture Cellulaire 3D Microfluidique\PTT\20260310 MCF7\20260312 before laser\Analysis\2026-03-12_161439_mcf7_ptt_tube8_segmentationDebug2\4_1205_0_segmented.tiff;;(83. 74);238.509666919708;0.858450584844889;56.7788915642902;0.559321602852697;0.886707440974783;426.724024732489;0.961074921172197;0.879622588831902;0.930629152329855;2532.0;113.2015700896466;42.0;Alive;412050.0;0.0;1205.0;False;J:\Culture Cellulaire 3D Microfluidique\PTT\20260310 MCF7\20260312 after laser\Analysis\2026-03-12_213515_mcf7_ptt_tube8_cropped_8bits2\4_1205_0_8bits.tiff;J:\Culture Cellulaire 3D Microfluidique\PTT\20260310 MCF7\20260312 after laser\Analysis\2026-03-12_213515_mcf7_ptt_tube8_segmentationDebug2\4_1205_0_segmented.tiff;;(82. 50);218.752306342124;0.872321104249909;55.2963359245573;0.63064821942672;0.865061424897551;276.478198416749;0.96054952219683;0.871598670678144;0.929459601236413;113.2015700896466;42.0;Alive;2401.5;0.0;0.0;0.0;;;;;;-19.757360577583995;0.013870519405020043;-1.482555639732901;0.07132661657402295;-0.021646016077232044;-150.24582631573998;-0.0005253989753669641;-0.008023918153758025;-0.0011695510934419673;-130.5;0.0;0.0;
4;Tube 8;808010.0;808010.0;0.0;801.0;False;J:\Culture Cellulaire 3D Microfluidique\PTT\20260310 MCF7\20260311\Analysis\2026-03-11_113608_mcf7_ptt_tube8_cropped_8bits2\8_0801_0_8bits.tiff;J:\Culture Cellulaire 3D Microfluidique\PTT\20260310 MCF7\20260311\Analysis\2026-03-11_113608_mcf7_ptt_tube8_segmentationDebug2\8_0801_0_segmented.tiff;1623.5;(80. 88);158.610171794891;0.953037863222776;45.4654198361517;0.810961218334453;0.856129696002711;423.203041187739;0.979991539536742;0.922499032663084;0.935655597962977;116.14512405601637;46.0;Alive;808010.0;0.0;801.0;False;J:\Culture Cellulaire 3D Microfluidique\PTT\20260310 MCF7\20260312 before laser\Analysis\2026-03-12_161439_mcf7_ptt_tube8_cropped_8bits2\8_0801_0_8bits.tiff;J:\Culture Cellulaire 3D Microfluidique\PTT\20260310 MCF7\20260312 before laser\Analysis\2026-03-12_161439_mcf7_ptt_tube8_segmentationDebug2\8_0801_0_segmented.tiff;;(69. 64);200.50966656208;0.936119402985074;54.723481333127;0.735150999229773;0.69144659911432;328.269986232401;0.960107181626644;0.888111347402983;0.927635190107227;2352.0;116.14512405601637;46.0;Alive;;;;;;;;;;;;;;;;;;;;;;;;;;;;;;;;;;;;;;;;;;
4;Tube 8;905010.0;905010.0;0.0;501.0;False;J:\Culture Cellulaire 3D Microfluidique\PTT\20260310 MCF7\20260311\Analysis\2026-03-11_113608_mcf7_ptt_tube8_cropped_8bits2\9_0501_0_8bits.tiff;J:\Culture Cellulaire 3D Microfluidique\PTT\20260310 MCF7\20260311\Analysis\2026-03-11_113608_mcf7_ptt_tube8_segmentationDebug2\9_0501_0_segmented.tiff;1531.5;(74. 73);149.639609336853;0.973307912297426;44.1584234632748;0.859475959967812;0.976598811305808;287.599099983636;0.984557314823402;0.927082271899112;0.949837290469827;81.44876453752995;42.0;Alive;905010.0;0.0;501.0;False;J:\Culture Cellulaire 3D Microfluidique\PTT\20260310 MCF7\20260312 before laser\Analysis\2026-03-12_161439_mcf7_ptt_tube8_cropped_8bits2\9_0501_0_8bits.tiff;J:\Culture Cellulaire 3D Microfluidique\PTT\20260310 MCF7\20260312 before laser\Analysis\2026-03-12_161439_mcf7_ptt_tube8_segmentationDebug2\9_0501_0_segmented.tiff;;(77. 76);209.923879265785;0.943747549980399;55.3653700786864;0.686518861007345;0.636521879436449;430.388211089751;0.972454725988401;0.886381295814899;0.940261652274915;2407.5;81.44876453752995;42.0;Alive;;;;;;;;;;;;;;;;;;;;;;;;;;;;;;;;;;;;;;;;;;
