Experiment ID;Sheet;merge_number;Name_day0;Index_day0;Wells_day0;multiple_day0;Path 8bcrop_day0;Path segmented_day0;Area (pix2)_day0;Centroid_day0;Perimeter (pix)_day0;Solidity_day0;Equivalent Diameter (pix)_day0;Circularity_day0;Aspect ratio_day0;Mean grey value_day0;Homogeneity_day0;Energy_day0;Correlation_day0;Name_day1;Index_day1;Wells_day1;multiple_day1;Path 8bcrop_day1;Path segmented_day1;Area (pix2)_day1;Centroid_day1;Perimeter (pix)_day1;Solidity_day1;Equivalent Diameter (pix)_day1;Circularity_day1;Aspect ratio_day1;Mean grey value_day1;Homogeneity_day1;Energy_day1;Correlation_day1;Name_day2;Index_day2;Wells_day2;multiple_day2;Path 8bcrop_day2;Path segmented_day2;Area (pix2)_day2;Centroid_day2;Perimeter (pix)_day2;Solidity_day2;Equivalent Diameter (pix)_day2;Circularity_day2;Aspect ratio_day2;Mean grey value_day2;Homogeneity_day2;Energy_day2;Correlation_day2;Normalised alb_day2;Max temp (°C)_day2;Label_day2;Name_delta;Index_delta;Wells_delta;multiple_delta;Path 8bcrop_delta;Path segmented_delta;Area (pix2)_delta;Centroid_delta;Perimeter (pix)_delta;Solidity_delta;Equivalent Diameter (pix)_delta;Circularity_delta;Aspect ratio_delta;Mean grey value_delta;Homogeneity_delta;Energy_delta;Correlation_delta
1;Tube 1;1003010.0;1003010.0;0.0;301.0;False;J:\Culture Cellulaire 3D Microfluidique\PDX\PTT\20260330\before merge\Analysis\2026-03-31_151812_KSBRU_tube1_before merge_cropped_8bits2\10_0301_0_8bits.tiff;J:\Culture Cellulaire 3D Microfluidique\PDX\PTT\20260330\before merge\Analysis\2026-03-31_151812_KSBRU_tube1_before merge_segmentationDebug2\10_0301_0_segmented.tiff;1278.5;(72. 83);159.639609456062;0.900352112676056;40.3464590508746;0.630418984524624;0.916247946333163;801.604690782613;0.979160964772966;0.937844195432714;0.883577597695085;1003010.0;0.0;301.0;False;J:\Culture Cellulaire 3D Microfluidique\PDX\PTT\20260330\before laser\Analysis\2026-04-01_102119_KSBRU_tube1_before laser_cropped_8bits2\10_0301_0_8bits.tiff;J:\Culture Cellulaire 3D Microfluidique\PDX\PTT\20260330\before laser\Analysis\2026-04-01_102119_KSBRU_tube1_before laser_segmentationDebug2\10_0301_0_segmented.tiff;1434.0;(86. 75);154.710676670074;0.93359375;42.7296794646323;0.752867316732288;0.914810218872451;854.385100621181;0.974627200920134;0.930949576558236;0.880719811426912;;;;;;;;;;;;;;;;;;;;;;;;;;;;;;;;;;;;;
1;Tube 1;103070.0;;;;;;;;;;;;;;;;;;103070.0;0.0;307.0;False;J:\Culture Cellulaire 3D Microfluidique\PDX\PTT\20260330\before laser\Analysis\2026-04-01_102119_KSBRU_tube1_before laser_cropped_8bits2\1_0307_0_8bits.tiff;J:\Culture Cellulaire 3D Microfluidique\PDX\PTT\20260330\before laser\Analysis\2026-04-01_102119_KSBRU_tube1_before laser_segmentationDebug2\1_0307_0_segmented.tiff;1863.0;(67. 76);262.509666323661;0.710255432710636;48.703647418254;0.339728607510958;0.552897342433508;748.32832681396;0.967192296174214;0.907868172429608;0.882133749316747;;;;;;;;;;;;;;;;;;;;;;;;;;;;;;;;;;;;;
1;Tube 1;103080.0;103080.0;0.0;308.0;False;J:\Culture Cellulaire 3D Microfluidique\PDX\PTT\20260330\before merge\Analysis\2026-03-31_151812_KSBRU_tube1_before merge_cropped_8bits2\1_0308_0_8bits.tiff;J:\Culture Cellulaire 3D Microfluidique\PDX\PTT\20260330\before merge\Analysis\2026-03-31_151812_KSBRU_tube1_before merge_segmentationDebug2\1_0308_0_segmented.tiff;1459.5;(80. 68);156.468035936355;0.937982005141388;43.107924045829;0.749139507443633;0.874891827744402;658.509022993144;0.981608723765218;0.929775347865607;0.904686497131406;;;;;;;;;;;;;;;;;;;;;;;;;;;;;;;;;;;;;;;;;;;;;;;;;;;;;;
1;Tube 1;1102050.0;1102050.0;0.0;205.0;False;J:\Culture Cellulaire 3D Microfluidique\PDX\PTT\20260330\before merge\Analysis\2026-03-31_151812_KSBRU_tube1_before merge_cropped_8bits2\11_0205_0_8bits.tiff;J:\Culture Cellulaire 3D Microfluidique\PDX\PTT\20260330\before merge\Analysis\2026-03-31_151812_KSBRU_tube1_before merge_segmentationDebug2\11_0205_0_segmented.tiff;1068.5;(77. 79);134.811181783676;0.93115468409586;36.8843659773286;0.738809649141681;0.789212982662622;959.978043369217;0.986244548535902;0.948102674946938;0.896679584470045;;;;;;;;;;;;;;;;;;;;;;;;;;;;;;;;;;;;;;;;;;;;;;;;;;;;;;
1;Tube 1;1202080.0;1202080.0;0.0;208.0;False;J:\Culture Cellulaire 3D Microfluidique\PDX\PTT\20260330\before merge\Analysis\2026-03-31_151812_KSBRU_tube1_before merge_cropped_8bits2\12_0208_0_8bits.tiff;J:\Culture Cellulaire 3D Microfluidique\PDX\PTT\20260330\before merge\Analysis\2026-03-31_151812_KSBRU_tube1_before merge_segmentationDebug2\12_0208_0_segmented.tiff;1885.0;(87. 72);230.166520118713;0.792016806722689;48.9903719298576;0.447133197351706;0.803577378905752;738.996538567248;0.965861390666143;0.908340137902564;0.902255038841215;1202080.0;0.0;208.0;False;J:\Culture Cellulaire 3D Microfluidique\PDX\PTT\20260330\before laser\Analysis\2026-04-01_102119_KSBRU_tube1_before laser_cropped_8bits2\12_0208_0_8bits.tiff;J:\Culture Cellulaire 3D Microfluidique\PDX\PTT\20260330\before laser\Analysis\2026-04-01_102119_KSBRU_tube1_before laser_segmentationDebug2\12_0208_0_segmented.tiff;1534.5;(80. 78);161.781745195388;0.929436705027256;44.2016524735909;0.736745895141626;0.671218216709969;773.327251483799;0.975238122753322;0.926098849162383;0.90383424752513;;;;;;;;;;;;;;;;;;;;;;;;;;;;;;;;;;;;;
1;Tube 1;1202090.0;;;;;;;;;;;;;;;;;;;;;;;;;;;;;;;;;;;1202090.0;0.0;209.0;False;J:\Culture Cellulaire 3D Microfluidique\PDX\PTT\20260330\after laser\Analysis\2026-04-01_154722_KSBRU_tube1_after laser_cropped_8bits2\12_0209_0_8bits.tiff;J:\Culture Cellulaire 3D Microfluidique\PDX\PTT\20260330\after laser\Analysis\2026-04-01_154722_KSBRU_tube1_after laser_segmentationDebug2\12_0209_0_segmented.tiff;2553.5;(94. 81);347.379722714424;0.665407166123778;57.0194456083294;0.26591130284582;0.484716295576492;602.754753636508;0.957482781162528;0.874940071503717;0.913214388616854;81.86483019377489;43.0;Alive;;;;;;;;;;;;;;;;;
1;Tube 1;1302110.0;1302110.0;0.0;211.0;False;J:\Culture Cellulaire 3D Microfluidique\PDX\PTT\20260330\before merge\Analysis\2026-03-31_151812_KSBRU_tube1_before merge_cropped_8bits2\13_0211_0_8bits.tiff;J:\Culture Cellulaire 3D Microfluidique\PDX\PTT\20260330\before merge\Analysis\2026-03-31_151812_KSBRU_tube1_before merge_segmentationDebug2\13_0211_0_segmented.tiff;1343.5;(82. 67);197.438598155975;0.839163023110555;41.3593680845306;0.433095246582771;0.648098600962862;540.189934833236;0.980067025779461;0.93393826286768;0.925976865176248;1302110.0;0.0;211.0;False;J:\Culture Cellulaire 3D Microfluidique\PDX\PTT\20260330\before laser\Analysis\2026-04-01_102119_KSBRU_tube1_before laser_cropped_8bits2\13_0211_0_8bits.tiff;J:\Culture Cellulaire 3D Microfluidique\PDX\PTT\20260330\before laser\Analysis\2026-04-01_102119_KSBRU_tube1_before laser_segmentationDebug2\13_0211_0_segmented.tiff;1412.5;(72. 84);153.296463131904;0.933267261314833;42.408146115321;0.75532533282625;0.796685511348557;643.212150638033;0.976227438833044;0.931844414579171;0.910745695886616;;;;;;;;;;;;;;;;;;;;;;;;;;;;;;;;;;;;;
1;Tube 1;1402140.0;1402140.0;0.0;214.0;False;J:\Culture Cellulaire 3D Microfluidique\PDX\PTT\20260330\before merge\Analysis\2026-03-31_151812_KSBRU_tube1_before merge_cropped_8bits2\14_0214_0_8bits.tiff;J:\Culture Cellulaire 3D Microfluidique\PDX\PTT\20260330\before merge\Analysis\2026-03-31_151812_KSBRU_tube1_before merge_segmentationDebug2\14_0214_0_segmented.tiff;1096.0;(79. 71);165.882249474525;0.815172926738564;37.3559973903754;0.500519020574061;0.789577976388826;593.891250691144;0.983012948798657;0.94576068242518;0.912951363495534;1402140.0;0.0;214.0;False;J:\Culture Cellulaire 3D Microfluidique\PDX\PTT\20260330\before laser\Analysis\2026-04-01_102119_KSBRU_tube1_before laser_cropped_8bits2\14_0214_0_8bits.tiff;J:\Culture Cellulaire 3D Microfluidique\PDX\PTT\20260330\before laser\Analysis\2026-04-01_102119_KSBRU_tube1_before laser_segmentationDebug2\14_0214_0_segmented.tiff;1374.5;(75. 77);157.639608860015;0.921555481059336;41.8338111369079;0.695062584642003;0.943650706424174;575.880133076426;0.97966863853133;0.933523177309518;0.925149861456161;;;;;;;;;;;;;;;;;;;;;;;;;;;;;;;;;;;;;
1;Tube 1;1402150.0;;;;;;;;;;;;;;;;;;;;;;;;;;;;;;;;;;;1402150.0;0.0;215.0;False;J:\Culture Cellulaire 3D Microfluidique\PDX\PTT\20260330\after laser\Analysis\2026-04-01_154722_KSBRU_tube1_after laser_cropped_8bits2\14_0215_0_8bits.tiff;J:\Culture Cellulaire 3D Microfluidique\PDX\PTT\20260330\after laser\Analysis\2026-04-01_154722_KSBRU_tube1_after laser_segmentationDebug2\14_0215_0_segmented.tiff;1555.0;(73. 73);202.3675314188;0.802787816210635;44.495926690689;0.477154022579518;0.589643085017543;664.06739125517;0.97504074346143;0.924212474546135;0.901261184669286;66.92660860171493;42.0;Alive;;;;;;;;;;;;;;;;;
1;Tube 1;1502170.0;1502170.0;0.0;217.0;False;J:\Culture Cellulaire 3D Microfluidique\PDX\PTT\20260330\before merge\Analysis\2026-03-31_151812_KSBRU_tube1_before merge_cropped_8bits2\15_0217_0_8bits.tiff;J:\Culture Cellulaire 3D Microfluidique\PDX\PTT\20260330\before merge\Analysis\2026-03-31_151812_KSBRU_tube1_before merge_segmentationDebug2\15_0217_0_segmented.tiff;742.5;(79. 80);113.154328107833;0.933375235700817;30.7470382633166;0.728725524715987;0.8587557338425;791.245578231292;0.983536315178794;0.962984973796096;0.862546081546965;1502170.0;0.0;217.0;False;J:\Culture Cellulaire 3D Microfluidique\PDX\PTT\20260330\before laser\Analysis\2026-04-01_102119_KSBRU_tube1_before laser_cropped_8bits2\15_0217_0_8bits.tiff;J:\Culture Cellulaire 3D Microfluidique\PDX\PTT\20260330\before laser\Analysis\2026-04-01_102119_KSBRU_tube1_before laser_segmentationDebug2\15_0217_0_segmented.tiff;1163.5;(70. 81);140.669046521186;0.924880763116057;38.4891440577646;0.738888937017447;0.943366735734199;665.629859943977;0.976159080128444;0.943382788366707;0.913846518101133;;;;;;;;;;;;;;;;;;;;;;;;;;;;;;;;;;;;;
1;Tube 1;1602200.0;1602200.0;0.0;220.0;False;J:\Culture Cellulaire 3D Microfluidique\PDX\PTT\20260330\before merge\Analysis\2026-03-31_151812_KSBRU_tube1_before merge_cropped_8bits2\16_0220_0_8bits.tiff;J:\Culture Cellulaire 3D Microfluidique\PDX\PTT\20260330\before merge\Analysis\2026-03-31_151812_KSBRU_tube1_before merge_segmentationDebug2\16_0220_0_segmented.tiff;803.5;(78. 69);114.811181545257;0.941969519343493;31.9851211377212;0.765997535524306;0.823807817508185;756.312584541062;0.990042050067316;0.960432389607999;0.907319031513588;1602200.0;0.0;220.0;False;J:\Culture Cellulaire 3D Microfluidique\PDX\PTT\20260330\before laser\Analysis\2026-04-01_102119_KSBRU_tube1_before laser_cropped_8bits2\16_0220_0_8bits.tiff;J:\Culture Cellulaire 3D Microfluidique\PDX\PTT\20260330\before laser\Analysis\2026-04-01_102119_KSBRU_tube1_before laser_segmentationDebug2\16_0220_0_segmented.tiff;1030.0;(84. 71);127.254832983016;0.943223443223443;36.2137643870009;0.799279212622623;0.958614410399676;951.013077708963;0.980125458897507;0.949724121516968;0.893618563917814;;;;;;;;;;;;;;;;;;;;;;;;;;;;;;;;;;;;;
1;Tube 1;1702230.0;1702230.0;0.0;223.0;False;J:\Culture Cellulaire 3D Microfluidique\PDX\PTT\20260330\before merge\Analysis\2026-03-31_151812_KSBRU_tube1_before merge_cropped_8bits2\17_0223_0_8bits.tiff;J:\Culture Cellulaire 3D Microfluidique\PDX\PTT\20260330\before merge\Analysis\2026-03-31_151812_KSBRU_tube1_before merge_segmentationDebug2\17_0223_0_segmented.tiff;967.0;(76. 62);125.254833221435;0.940661478599221;35.0887822495865;0.774546243614218;0.942786248999197;644.595561002178;0.982660899193706;0.952553941178853;0.903679809683259;1702230.0;0.0;223.0;False;J:\Culture Cellulaire 3D Microfluidique\PDX\PTT\20260330\before laser\Analysis\2026-04-01_102119_KSBRU_tube1_before laser_cropped_8bits2\17_0223_0_8bits.tiff;J:\Culture Cellulaire 3D Microfluidique\PDX\PTT\20260330\before laser\Analysis\2026-04-01_102119_KSBRU_tube1_before laser_segmentationDebug2\17_0223_0_segmented.tiff;1164.0;(73. 75);134.568541407585;0.954881050041017;38.4974132906579;0.80774774474349;0.913653464853407;799.554983477241;0.979319735636514;0.943411921103661;0.894146242752879;;;;;;;;;;;;;;;;;;;;;;;;;;;;;;;;;;;;;
1;Tube 1;1805240.0;1805240.0;0.0;524.0;False;J:\Culture Cellulaire 3D Microfluidique\PDX\PTT\20260330\before merge\Analysis\2026-03-31_151812_KSBRU_tube1_before merge_cropped_8bits2\18_0524_0_8bits.tiff;J:\Culture Cellulaire 3D Microfluidique\PDX\PTT\20260330\before merge\Analysis\2026-03-31_151812_KSBRU_tube1_before merge_segmentationDebug2\18_0524_0_segmented.tiff;939.5;(81. 87);147.154327750206;0.830680813439434;34.5862480225693;0.545205929384688;0.890431880040028;745.491570693457;0.979039423230816;0.953105378443858;0.8954342188085;1805240.0;0.0;524.0;False;J:\Culture Cellulaire 3D Microfluidique\PDX\PTT\20260330\before laser\Analysis\2026-04-01_102119_KSBRU_tube1_before laser_cropped_8bits2\18_0524_0_8bits.tiff;J:\Culture Cellulaire 3D Microfluidique\PDX\PTT\20260330\before laser\Analysis\2026-04-01_102119_KSBRU_tube1_before laser_segmentationDebug2\18_0524_0_segmented.tiff;1096.5;(75. 77);173.982755064964;0.809523809523809;37.3645174035756;0.45520402400194;0.871708315386108;788.876141160302;0.977421961799395;0.94524890330123;0.891934136463318;;;;;;;;;;;;;;;;;;;;;;;;;;;;;;;;;;;;;
1;Tube 1;1806240.0;;;;;;;;;;;;;;;;;;;;;;;;;;;;;;;;;;;1806240.0;0.0;624.0;False;J:\Culture Cellulaire 3D Microfluidique\PDX\PTT\20260330\after laser\Analysis\2026-04-01_154722_KSBRU_tube1_after laser_cropped_8bits2\18_0624_0_8bits.tiff;J:\Culture Cellulaire 3D Microfluidique\PDX\PTT\20260330\after laser\Analysis\2026-04-01_154722_KSBRU_tube1_after laser_segmentationDebug2\18_0624_0_segmented.tiff;1026.0;(80. 84);142.083260178565;0.884101680310211;36.1433779951221;0.638662471729372;0.774281512374902;790.046765010351;0.981936593801733;0.949306920529943;0.863947557976315;23.31037742218621;37.0;Dead;;;;;;;;;;;;;;;;;
1;Tube 1;1908240.0;1908240.0;0.0;824.0;False;J:\Culture Cellulaire 3D Microfluidique\PDX\PTT\20260330\before merge\Analysis\2026-03-31_151812_KSBRU_tube1_before merge_cropped_8bits2\19_0824_0_8bits.tiff;J:\Culture Cellulaire 3D Microfluidique\PDX\PTT\20260330\before merge\Analysis\2026-03-31_151812_KSBRU_tube1_before merge_segmentationDebug2\19_0824_0_segmented.tiff;715.0;(76. 72);117.597978949546;0.890965732087227;30.1722765877161;0.649704971349039;0.76532127126547;795.299279696443;0.982580723637178;0.963960977338486;0.852668107448152;;;;;;;;;;;;;;;;;;;;;;;;;;;;;;;;;;;;;;;;;;;;;;;;;;;;;;
1;Tube 1;2011240.0;2011240.0;0.0;1124.0;False;J:\Culture Cellulaire 3D Microfluidique\PDX\PTT\20260330\before merge\Analysis\2026-03-31_151812_KSBRU_tube1_before merge_cropped_8bits2\20_1124_0_8bits.tiff;J:\Culture Cellulaire 3D Microfluidique\PDX\PTT\20260330\before merge\Analysis\2026-03-31_151812_KSBRU_tube1_before merge_segmentationDebug2\20_1124_0_segmented.tiff;990.5;(77. 83);230.610171079635;0.657920956492859;35.5125860655089;0.234049343858658;0.542103966179544;529.744062484991;0.979190856439968;0.948097806888145;0.874179173266081;2011240.0;0.0;1124.0;False;J:\Culture Cellulaire 3D Microfluidique\PDX\PTT\20260330\before laser\Analysis\2026-04-01_102119_KSBRU_tube1_before laser_cropped_8bits2\20_1124_0_8bits.tiff;J:\Culture Cellulaire 3D Microfluidique\PDX\PTT\20260330\before laser\Analysis\2026-04-01_102119_KSBRU_tube1_before laser_segmentationDebug2\20_1124_0_segmented.tiff;1065.5;(91. 66);155.154327869415;0.845970623263199;36.8325499377292;0.556205820770836;0.915003458669322;606.936743715039;0.98240950579174;0.947265684602134;0.914912453091417;;;;;;;;;;;;;;;;;;;;;;;;;;;;;;;;;;;;;
1;Tube 1;205050.0;205050.0;0.0;505.0;False;J:\Culture Cellulaire 3D Microfluidique\PDX\PTT\20260330\before merge\Analysis\2026-03-31_151812_KSBRU_tube1_before merge_cropped_8bits2\2_0505_0_8bits.tiff;J:\Culture Cellulaire 3D Microfluidique\PDX\PTT\20260330\before merge\Analysis\2026-03-31_151812_KSBRU_tube1_before merge_segmentationDebug2\2_0505_0_segmented.tiff;1354.0;(75. 76);164.225395441055;0.892551087673038;41.5206736887952;0.630881650320056;0.72153166933373;902.505170433518;0.973609571890819;0.933813973526302;0.868012859293442;205050.0;0.0;505.0;False;J:\Culture Cellulaire 3D Microfluidique\PDX\PTT\20260330\before laser\Analysis\2026-04-01_102119_KSBRU_tube1_before laser_cropped_8bits2\2_0505_0_8bits.tiff;J:\Culture Cellulaire 3D Microfluidique\PDX\PTT\20260330\before laser\Analysis\2026-04-01_102119_KSBRU_tube1_before laser_segmentationDebug2\2_0505_0_segmented.tiff;1459.5;(77. 77);162.468035817146;0.909629167965098;43.107924045829;0.694829267234562;0.785360171096638;963.756097412258;0.969693423056881;0.929434163731245;0.861872908718747;;;;;;;;;;;;;;;;;;;;;;;;;;;;;;;;;;;;;
1;Tube 1;206050.0;;;;;;;;;;;;;;;;;;;;;;;;;;;;;;;;;;;206050.0;0.0;605.0;False;J:\Culture Cellulaire 3D Microfluidique\PDX\PTT\20260330\after laser\Analysis\2026-04-01_154722_KSBRU_tube1_after laser_cropped_8bits2\2_0605_0_8bits.tiff;J:\Culture Cellulaire 3D Microfluidique\PDX\PTT\20260330\after laser\Analysis\2026-04-01_154722_KSBRU_tube1_after laser_segmentationDebug2\2_0605_0_segmented.tiff;1678.5;(86. 68);228.124890327453;0.802534066459478;46.2291312468444;0.405308641727167;0.823961815691198;813.925114474577;0.970065515240406;0.917413432031619;0.855099128874215;140.09857538316115;41.0;Alive;;;;;;;;;;;;;;;;;
1;Tube 1;308050.0;308050.0;0.0;805.0;False;J:\Culture Cellulaire 3D Microfluidique\PDX\PTT\20260330\before merge\Analysis\2026-03-31_151812_KSBRU_tube1_before merge_cropped_8bits2\3_0805_0_8bits.tiff;J:\Culture Cellulaire 3D Microfluidique\PDX\PTT\20260330\before merge\Analysis\2026-03-31_151812_KSBRU_tube1_before merge_segmentationDebug2\3_0805_0_segmented.tiff;1436.0;(74. 79);174.710677027702;0.870830806549423;42.7594666271656;0.591187728390971;0.856738760152423;950.301073413363;0.971965156037527;0.930026774916167;0.868491125719832;308050.0;0.0;805.0;False;J:\Culture Cellulaire 3D Microfluidique\PDX\PTT\20260330\before laser\Analysis\2026-04-01_102119_KSBRU_tube1_before laser_cropped_8bits2\3_0805_0_8bits.tiff;J:\Culture Cellulaire 3D Microfluidique\PDX\PTT\20260330\before laser\Analysis\2026-04-01_102119_KSBRU_tube1_before laser_segmentationDebug2\3_0805_0_segmented.tiff;1560.0;(88. 77);167.053822517395;0.915224405984159;44.5674061370734;0.702460045012736;0.787338795627275;925.248553921568;0.968441750101773;0.924767560127111;0.856582222988682;;;;;;;;;;;;;;;;;;;;;;;;;;;;;;;;;;;;;
1;Tube 1;309050.0;;;;;;;;;;;;;;;;;;;;;;;;;;;;;;;;;;;309050.0;0.0;905.0;False;J:\Culture Cellulaire 3D Microfluidique\PDX\PTT\20260330\after laser\Analysis\2026-04-01_154722_KSBRU_tube1_after laser_cropped_8bits2\3_0905_0_8bits.tiff;J:\Culture Cellulaire 3D Microfluidique\PDX\PTT\20260330\after laser\Analysis\2026-04-01_154722_KSBRU_tube1_after laser_segmentationDebug2\3_0905_0_segmented.tiff;2105.5;(82. 73);224.468036174774;0.861497545008183;51.7764991230566;0.525117021129631;0.71288583113519;808.751534161417;0.960543183847092;0.898516023868309;0.871371742050997;165.4175950307204;43.0;Alive;;;;;;;;;;;;;;;;;
1;Tube 1;411050.0;411050.0;0.0;1105.0;False;J:\Culture Cellulaire 3D Microfluidique\PDX\PTT\20260330\before merge\Analysis\2026-03-31_151812_KSBRU_tube1_before merge_cropped_8bits2\4_1105_0_8bits.tiff;J:\Culture Cellulaire 3D Microfluidique\PDX\PTT\20260330\before merge\Analysis\2026-03-31_151812_KSBRU_tube1_before merge_segmentationDebug2\4_1105_0_segmented.tiff;1572.0;(77. 75);156.568541526794;0.955042527339003;44.7384908588083;0.805848484772898;0.921181660542795;805.046564466918;0.972246191929729;0.924587860015963;0.894199753546726;411050.0;0.0;1105.0;False;J:\Culture Cellulaire 3D Microfluidique\PDX\PTT\20260330\before laser\Analysis\2026-04-01_102119_KSBRU_tube1_before laser_cropped_8bits2\4_1105_0_8bits.tiff;J:\Culture Cellulaire 3D Microfluidique\PDX\PTT\20260330\before laser\Analysis\2026-04-01_102119_KSBRU_tube1_before laser_segmentationDebug2\4_1105_0_segmented.tiff;1548.0;(79. 75);163.740114331245;0.924731182795698;44.3956621219915;0.72555550532773;0.896085959136682;762.289521920219;0.969822663502884;0.925402844579398;0.882515628728002;;;;;;;;;;;;;;;;;;;;;;;;;;;;;;;;;;;;;
1;Tube 1;514050.0;514050.0;0.0;1405.0;False;J:\Culture Cellulaire 3D Microfluidique\PDX\PTT\20260330\before merge\Analysis\2026-03-31_151812_KSBRU_tube1_before merge_cropped_8bits2\5_1405_0_8bits.tiff;J:\Culture Cellulaire 3D Microfluidique\PDX\PTT\20260330\before merge\Analysis\2026-03-31_151812_KSBRU_tube1_before merge_segmentationDebug2\5_1405_0_segmented.tiff;1215.0;(79. 71);144.568541646003;0.915599095704596;39.3317435013148;0.730530818292565;0.964481345245521;734.745634286046;0.980485642191129;0.941046973739078;0.867837889924683;514050.0;0.0;1405.0;False;J:\Culture Cellulaire 3D Microfluidique\PDX\PTT\20260330\before laser\Analysis\2026-04-01_102119_KSBRU_tube1_before laser_cropped_8bits2\5_1405_0_8bits.tiff;J:\Culture Cellulaire 3D Microfluidique\PDX\PTT\20260330\before laser\Analysis\2026-04-01_102119_KSBRU_tube1_before laser_segmentationDebug2\5_1405_0_segmented.tiff;1311.5;(75. 78);142.325900673866;0.960454046136946;40.8638429778718;0.81359875869946;0.851848510315804;775.699118351825;0.97534111846974;0.936631566919994;0.859807947851627;;;;;;;;;;;;;;;;;;;;;;;;;;;;;;;;;;;;;
1;Tube 1;515040.0;;;;;;;;;;;;;;;;;;;;;;;;;;;;;;;;;;;515040.0;0.0;1504.0;False;J:\Culture Cellulaire 3D Microfluidique\PDX\PTT\20260330\after laser\Analysis\2026-04-01_154722_KSBRU_tube1_after laser_cropped_8bits2\5_1504_0_8bits.tiff;J:\Culture Cellulaire 3D Microfluidique\PDX\PTT\20260330\after laser\Analysis\2026-04-01_154722_KSBRU_tube1_after laser_segmentationDebug2\5_1504_0_segmented.tiff;2171.5;(75. 77);323.923879861831;0.698568441370435;52.5817427572765;0.260066112865208;0.531257502775683;588.60414807376;0.971679577053442;0.893244402003972;0.902408922137256;109.20937141313887;42.0;Alive;;;;;;;;;;;;;;;;;
1;Tube 1;614010.0;;;;;;;;;;;;;;;;;;614010.0;0.0;1401.0;False;J:\Culture Cellulaire 3D Microfluidique\PDX\PTT\20260330\before laser\Analysis\2026-04-01_102119_KSBRU_tube1_before laser_cropped_8bits2\6_1401_0_8bits.tiff;J:\Culture Cellulaire 3D Microfluidique\PDX\PTT\20260330\before laser\Analysis\2026-04-01_102119_KSBRU_tube1_before laser_segmentationDebug2\6_1401_0_segmented.tiff;1460.0;(77. 74);157.195957899093;0.931716656030631;43.1153074361454;0.742471812909603;0.93682355121924;719.847430032882;0.972644754274758;0.929509284554016;0.861820140254979;614010.0;0.0;1401.0;False;J:\Culture Cellulaire 3D Microfluidique\PDX\PTT\20260330\after laser\Analysis\2026-04-01_154722_KSBRU_tube1_after laser_cropped_8bits2\6_1401_0_8bits.tiff;J:\Culture Cellulaire 3D Microfluidique\PDX\PTT\20260330\after laser\Analysis\2026-04-01_154722_KSBRU_tube1_after laser_segmentationDebug2\6_1401_0_segmented.tiff;1841.5;(82. 75);208.811182141304;0.874821852731591;48.4217990333878;0.530730544903812;0.479668618431109;775.646834516659;0.96666690326635;0.910365362733254;0.874520480347312;117.56464789683342;42.0;Alive;0.0;0.0;0.0;;;;381.5;;51.615224242210985;-0.056894803299040064;5.306491597242399;-0.21174126800579096;-0.457154932788131;55.79940448377704;-0.005977851008408086;-0.019143921820762078;0.012700340092333007
1;Tube 1;615020.0;615020.0;0.0;1502.0;False;J:\Culture Cellulaire 3D Microfluidique\PDX\PTT\20260330\before merge\Analysis\2026-03-31_151812_KSBRU_tube1_before merge_cropped_8bits2\6_1502_0_8bits.tiff;J:\Culture Cellulaire 3D Microfluidique\PDX\PTT\20260330\before merge\Analysis\2026-03-31_151812_KSBRU_tube1_before merge_segmentationDebug2\6_1502_0_segmented.tiff;1333.5;(77. 64);154.811181902885;0.907760381211708;41.2051566300182;0.699194867267827;0.920630495428371;618.358073215271;0.977283599771455;0.92984817309172;0.877817145592589;;;;;;;;;;;;;;;;;;;;;;;;;;;;;;;;;;;;;;;;;;;;;;;;;;;;;;
1;Tube 1;711010.0;;;;;;;;;;;;;;;;;;711010.0;0.0;1101.0;False;J:\Culture Cellulaire 3D Microfluidique\PDX\PTT\20260330\before laser\Analysis\2026-04-01_102119_KSBRU_tube1_before laser_cropped_8bits2\7_1101_0_8bits.tiff;J:\Culture Cellulaire 3D Microfluidique\PDX\PTT\20260330\before laser\Analysis\2026-04-01_102119_KSBRU_tube1_before laser_segmentationDebug2\7_1101_0_segmented.tiff;1390.5;(80. 85);147.154328107833;0.962283737024221;42.0765919123001;0.80692798416664;0.801353993985572;965.261273072877;0.973887622701203;0.932902499329355;0.860718754548191;711010.0;0.0;1101.0;False;J:\Culture Cellulaire 3D Microfluidique\PDX\PTT\20260330\after laser\Analysis\2026-04-01_154722_KSBRU_tube1_after laser_cropped_8bits2\7_1101_0_8bits.tiff;J:\Culture Cellulaire 3D Microfluidique\PDX\PTT\20260330\after laser\Analysis\2026-04-01_154722_KSBRU_tube1_after laser_segmentationDebug2\7_1101_0_segmented.tiff;1558.0;(76. 81);173.396968245506;0.900317827217567;44.5388281244285;0.651169900694718;0.855064767867895;750.187338327186;0.976129958231182;0.924851067886268;0.904919935970919;131.7432988994666;43.0;Alive;0.0;0.0;0.0;;;;167.5;;26.242640137672993;-0.06196590980665395;2.4622362121283956;-0.155758083471922;0.053710773882322926;-215.07393474569096;0.0022423355299789893;-0.008051431443086954;0.044201181422728
1;Tube 1;712010.0;712010.0;0.0;1201.0;False;J:\Culture Cellulaire 3D Microfluidique\PDX\PTT\20260330\before merge\Analysis\2026-03-31_151812_KSBRU_tube1_before merge_cropped_8bits2\7_1201_0_8bits.tiff;J:\Culture Cellulaire 3D Microfluidique\PDX\PTT\20260330\before merge\Analysis\2026-03-31_151812_KSBRU_tube1_before merge_segmentationDebug2\7_1201_0_segmented.tiff;1284.5;(76. 69);162.124890089035;0.866734143049932;40.4410211939846;0.614107757220514;0.837967974494647;665.749755280943;0.978942351917953;0.937232332586328;0.888265765080357;;;;;;;;;;;;;;;;;;;;;;;;;;;;;;;;;;;;;;;;;;;;;;;;;;;;;;
1;Tube 1;807010.0;;;;;;;;;;;;;;;;;;;;;;;;;;;;;;;;;;;807010.0;0.0;701.0;False;J:\Culture Cellulaire 3D Microfluidique\PDX\PTT\20260330\after laser\Analysis\2026-04-01_154722_KSBRU_tube1_after laser_cropped_8bits2\8_0701_0_8bits.tiff;J:\Culture Cellulaire 3D Microfluidique\PDX\PTT\20260330\after laser\Analysis\2026-04-01_154722_KSBRU_tube1_after laser_segmentationDebug2\8_0701_0_segmented.tiff;1830.0;(72. 85);206.367530822753;0.844875346260387;48.2703673786034;0.53998067567569;0.645675603809453;764.389495655859;0.97115391756055;0.912111014575681;0.868343439111608;192.42454932145026;40.0;Alive;;;;;;;;;;;;;;;;;
1;Tube 1;808010.0;808010.0;0.0;801.0;False;J:\Culture Cellulaire 3D Microfluidique\PDX\PTT\20260330\before merge\Analysis\2026-03-31_151812_KSBRU_tube1_before merge_cropped_8bits2\8_0801_0_8bits.tiff;J:\Culture Cellulaire 3D Microfluidique\PDX\PTT\20260330\before merge\Analysis\2026-03-31_151812_KSBRU_tube1_before merge_segmentationDebug2\8_0801_0_segmented.tiff;2122.0;(76. 71);276.994947433471;0.784038426011453;51.9789795391176;0.347545403390278;0.90063065910269;759.098997551233;0.954620930262462;0.896207494064939;0.882417111618186;808010.0;0.0;801.0;False;J:\Culture Cellulaire 3D Microfluidique\PDX\PTT\20260330\before laser\Analysis\2026-04-01_102119_KSBRU_tube1_before laser_cropped_8bits2\8_0801_0_8bits.tiff;J:\Culture Cellulaire 3D Microfluidique\PDX\PTT\20260330\before laser\Analysis\2026-04-01_102119_KSBRU_tube1_before laser_segmentationDebug2\8_0801_0_segmented.tiff;1598.0;(76. 76);168.911687254905;0.920506912442396;45.1069483836669;0.70382913225909;0.846235906471632;854.765861160611;0.966659760626124;0.923012938156461;0.876157063104407;;;;;;;;;;;;;;;;;;;;;;;;;;;;;;;;;;;;;
1;Tube 1;906010.0;906010.0;0.0;601.0;False;J:\Culture Cellulaire 3D Microfluidique\PDX\PTT\20260330\before merge\Analysis\2026-03-31_151812_KSBRU_tube1_before merge_cropped_8bits2\9_0601_0_8bits.tiff;J:\Culture Cellulaire 3D Microfluidique\PDX\PTT\20260330\before merge\Analysis\2026-03-31_151812_KSBRU_tube1_before merge_segmentationDebug2\9_0601_0_segmented.tiff;843.5;(83. 74);298.89444220066;0.54018571886007;32.7715967872197;0.118647685775027;0.925688410252653;547.930239966022;0.982349301568567;0.952575739516411;0.863345561972309;906010.0;0.0;601.0;False;J:\Culture Cellulaire 3D Microfluidique\PDX\PTT\20260330\before laser\Analysis\2026-04-01_102119_KSBRU_tube1_before laser_cropped_8bits2\9_0601_0_8bits.tiff;J:\Culture Cellulaire 3D Microfluidique\PDX\PTT\20260330\before laser\Analysis\2026-04-01_102119_KSBRU_tube1_before laser_segmentationDebug2\9_0601_0_segmented.tiff;1370.0;(75. 64);157.053822398185;0.92473844076949;41.7652747660921;0.697964621486584;0.789181846011345;637.701901067299;0.980013176917085;0.93373599163333;0.896548717037396;;;;;;;;;;;;;;;;;;;;;;;;;;;;;;;;;;;;;
1;Tube 2;1002020.0;1002020.0;0.0;202.0;False;J:\Culture Cellulaire 3D Microfluidique\PDX\PTT\20260330\before merge\Analysis\2026-03-31_152726_KSBRU_tube2_before merge_cropped_8bits2\10_0202_0_8bits.tiff;J:\Culture Cellulaire 3D Microfluidique\PDX\PTT\20260330\before merge\Analysis\2026-03-31_152726_KSBRU_tube2_before merge_segmentationDebug2\10_0202_0_segmented.tiff;1479.5;(78. 80);176.468036055564;0.871832645845609;43.402279968173;0.597025290723582;0.843768713731552;693.620476190476;0.975303795471501;0.928001047724123;0.887190232238811;1002020.0;0.0;202.0;False;J:\Culture Cellulaire 3D Microfluidique\PDX\PTT\20260330\before laser\Analysis\2026-04-01_103013_KSBRU_tube2_before laser_cropped_8bits2\10_0202_0_8bits.tiff;J:\Culture Cellulaire 3D Microfluidique\PDX\PTT\20260330\before laser\Analysis\2026-04-01_103013_KSBRU_tube2_before laser_segmentationDebug2\10_0202_0_segmented.tiff;1507.0;(72. 73);159.053822517395;0.931684698608964;43.8037897209349;0.748574268388073;0.886633243575311;703.922597691558;0.976659553464606;0.927452269480816;0.900714242147099;;;;;;;;;;;;;;;;;;;;;;;;;;;;;;;;;;;;;
1;Tube 2;1002030.0;;;;;;;;;;;;;;;;;;;;;;;;;;;;;;;;;;;1002030.0;0.0;203.0;False;J:\Culture Cellulaire 3D Microfluidique\PDX\PTT\20260330\after laser\Analysis\2026-04-01_155606_KSBRU_tube2_after laser_cropped_8bits2\10_0203_0_8bits.tiff;J:\Culture Cellulaire 3D Microfluidique\PDX\PTT\20260330\after laser\Analysis\2026-04-01_155606_KSBRU_tube2_after laser_segmentationDebug2\10_0203_0_segmented.tiff;3101.5;(88. 66);380.894442439079;0.720608736059479;62.8406910209945;0.268641050783758;0.715091862832429;377.211612417899;0.944958804788571;0.849258106562216;0.906600827883065;98.82426201313628;49.0;Alive;;;;;;;;;;;;;;;;;
1;Tube 2;103070.0;103070.0;0.0;307.0;False;J:\Culture Cellulaire 3D Microfluidique\PDX\PTT\20260330\before merge\Analysis\2026-03-31_152726_KSBRU_tube2_before merge_cropped_8bits2\1_0307_0_8bits.tiff;J:\Culture Cellulaire 3D Microfluidique\PDX\PTT\20260330\before merge\Analysis\2026-03-31_152726_KSBRU_tube2_before merge_segmentationDebug2\1_0307_0_segmented.tiff;446.5;(104. 120);118.669046521186;0.740464344941956;23.8432685830665;0.398434027476071;0.72342166224679;583.888491535851;0.989397671594276;0.976166771610018;0.86472686422733;103070.0;0.0;307.0;False;J:\Culture Cellulaire 3D Microfluidique\PDX\PTT\20260330\before laser\Analysis\2026-04-01_103013_KSBRU_tube2_before laser_cropped_8bits2\1_0307_0_8bits.tiff;J:\Culture Cellulaire 3D Microfluidique\PDX\PTT\20260330\before laser\Analysis\2026-04-01_103013_KSBRU_tube2_before laser_segmentationDebug2\1_0307_0_segmented.tiff;1792.0;(89. 74);195.338093280792;0.855574122702315;47.7665705715347;0.590165721642423;0.636483981660161;810.941690976064;0.966887587079928;0.91383445120055;0.884993042289709;;;;;;;;;;;;;;;;;;;;;;;;;;;;;;;;;;;;;
1;Tube 2;103070.0;103070.0;1.0;307.0;False;J:\Culture Cellulaire 3D Microfluidique\PDX\PTT\20260330\before merge\Analysis\2026-03-31_152726_KSBRU_tube2_before merge_cropped_8bits2\1_0307_0_8bits.tiff;J:\Culture Cellulaire 3D Microfluidique\PDX\PTT\20260330\before merge\Analysis\2026-03-31_152726_KSBRU_tube2_before merge_segmentationDebug2\1_0307_0_segmented.tiff;1522.5;(77. 73);152.468036413192;0.964217859404686;44.0284817687288;0.823018411770802;0.850560113066334;807.926575983265;0.980380146309874;0.927084180778492;0.884522672788942;103070.0;0.0;307.0;False;J:\Culture Cellulaire 3D Microfluidique\PDX\PTT\20260330\before laser\Analysis\2026-04-01_103013_KSBRU_tube2_before laser_cropped_8bits2\1_0307_0_8bits.tiff;J:\Culture Cellulaire 3D Microfluidique\PDX\PTT\20260330\before laser\Analysis\2026-04-01_103013_KSBRU_tube2_before laser_segmentationDebug2\1_0307_0_segmented.tiff;1792.0;(89. 74);195.338093280792;0.855574122702315;47.7665705715347;0.590165721642423;0.636483981660161;810.941690976064;0.966887587079928;0.91383445120055;0.884993042289709;;;;;;;;;;;;;;;;;;;;;;;;;;;;;;;;;;;;;
1;Tube 2;1102050.0;1102050.0;0.0;205.0;False;J:\Culture Cellulaire 3D Microfluidique\PDX\PTT\20260330\before merge\Analysis\2026-03-31_152726_KSBRU_tube2_before merge_cropped_8bits2\11_0205_0_8bits.tiff;J:\Culture Cellulaire 3D Microfluidique\PDX\PTT\20260330\before merge\Analysis\2026-03-31_152726_KSBRU_tube2_before merge_segmentationDebug2\11_0205_0_segmented.tiff;1925.5;(79. 76);241.095452189445;0.735063943500668;49.5138641532607;0.416270227496697;0.743686178962448;528.18611254709;0.965142126425979;0.906127805310916;0.903051683102678;1102050.0;0.0;205.0;False;J:\Culture Cellulaire 3D Microfluidique\PDX\PTT\20260330\before laser\Analysis\2026-04-01_103013_KSBRU_tube2_before laser_cropped_8bits2\11_0205_0_8bits.tiff;J:\Culture Cellulaire 3D Microfluidique\PDX\PTT\20260330\before laser\Analysis\2026-04-01_103013_KSBRU_tube2_before laser_segmentationDebug2\11_0205_0_segmented.tiff;1774.5;(81. 72);181.781744718551;0.910934291581108;47.5327631443044;0.674815940409574;0.661979505708706;611.167199974037;0.969478827912305;0.915156089247971;0.908015833894215;;;;;;;;;;;;;;;;;;;;;;;;;;;;;;;;;;;;;
1;Tube 2;1102060.0;;;;;;;;;;;;;;;;;;;;;;;;;;;;;;;;;;;1102060.0;0.0;206.0;False;J:\Culture Cellulaire 3D Microfluidique\PDX\PTT\20260330\after laser\Analysis\2026-04-01_155606_KSBRU_tube2_after laser_cropped_8bits2\11_0206_0_8bits.tiff;J:\Culture Cellulaire 3D Microfluidique\PDX\PTT\20260330\after laser\Analysis\2026-04-01_155606_KSBRU_tube2_after laser_segmentationDebug2\11_0206_0_segmented.tiff;2108.0;(97. 64);464.592926502227;0.607930785868781;51.8072288421386;0.122725633884544;0.869050879681764;505.730040897502;0.962423635454823;0.890455622819847;0.870508526712073;55.379779678858974;62.0;Alive;;;;;;;;;;;;;;;;;
1;Tube 2;1202080.0;1202080.0;0.0;208.0;False;J:\Culture Cellulaire 3D Microfluidique\PDX\PTT\20260330\before merge\Analysis\2026-03-31_152726_KSBRU_tube2_before merge_cropped_8bits2\12_0208_0_8bits.tiff;J:\Culture Cellulaire 3D Microfluidique\PDX\PTT\20260330\before merge\Analysis\2026-03-31_152726_KSBRU_tube2_before merge_segmentationDebug2\12_0208_0_segmented.tiff;2025.0;(81. 74);260.16652059555;0.78140073316612;50.777062519298;0.37595171809458;0.635569463055137;536.264723998266;0.970802439646971;0.901591098289924;0.924894130562922;1202080.0;0.0;208.0;False;J:\Culture Cellulaire 3D Microfluidique\PDX\PTT\20260330\before laser\Analysis\2026-04-01_103013_KSBRU_tube2_before laser_cropped_8bits2\12_0208_0_8bits.tiff;J:\Culture Cellulaire 3D Microfluidique\PDX\PTT\20260330\before laser\Analysis\2026-04-01_103013_KSBRU_tube2_before laser_segmentationDebug2\12_0208_0_segmented.tiff;1410.0;(82. 69);151.740114212036;0.947899159663865;42.3706001618643;0.769534621245969;0.852575267712811;610.117373354421;0.980038752664413;0.932295546010373;0.925207891447508;;;;;;;;;;;;;;;;;;;;;;;;;;;;;;;;;;;;;
1;Tube 2;1202090.0;;;;;;;;;;;;;;;;;;;;;;;;;;;;;;;;;;;1202090.0;0.0;209.0;False;J:\Culture Cellulaire 3D Microfluidique\PDX\PTT\20260330\after laser\Analysis\2026-04-01_155606_KSBRU_tube2_after laser_cropped_8bits2\12_0209_0_8bits.tiff;J:\Culture Cellulaire 3D Microfluidique\PDX\PTT\20260330\after laser\Analysis\2026-04-01_155606_KSBRU_tube2_after laser_segmentationDebug2\12_0209_0_segmented.tiff;1621.5;(79. 78);185.78174483776;0.843213728549142;45.4374066358112;0.590365190255876;0.831782792759;608.452469520442;0.978031716067247;0.921679129230168;0.893940069732813;153.11281450620493;43.0;Alive;;;;;;;;;;;;;;;;;
1;Tube 2;1302120.0;;;;;;;;;;;;;;;;;;;;;;;;;;;;;;;;;;;1302120.0;0.0;212.0;False;J:\Culture Cellulaire 3D Microfluidique\PDX\PTT\20260330\after laser\Analysis\2026-04-01_155606_KSBRU_tube2_after laser_cropped_8bits2\13_0212_0_8bits.tiff;J:\Culture Cellulaire 3D Microfluidique\PDX\PTT\20260330\after laser\Analysis\2026-04-01_155606_KSBRU_tube2_after laser_segmentationDebug2\13_0212_0_segmented.tiff;1104.5;(66. 73);200.124890089035;0.739537997991295;37.5005743577346;0.34655595940727;0.615883097893057;545.620882181652;0.980960559916106;0.944077913292425;0.877509751238209;86.78666211988676;52.0;Alive;;;;;;;;;;;;;;;;;
1;Tube 2;1402140.0;1402140.0;0.0;214.0;False;J:\Culture Cellulaire 3D Microfluidique\PDX\PTT\20260330\before merge\Analysis\2026-03-31_152726_KSBRU_tube2_before merge_cropped_8bits2\14_0214_0_8bits.tiff;J:\Culture Cellulaire 3D Microfluidique\PDX\PTT\20260330\before merge\Analysis\2026-03-31_152726_KSBRU_tube2_before merge_segmentationDebug2\14_0214_0_segmented.tiff;1330.5;(80. 65);149.639609217643;0.942614240170031;41.1587805245749;0.746675002650439;0.705457713836851;673.54214479868;0.980865542489861;0.935473555365416;0.903241198799268;;;;;;;;;;;;;;;;;;;;;;;;;;;;;;;;;;;;;;;;;;;;;;;;;;;;;;
1;Tube 2;1402150.0;;;;;;;;;;;;;;;;;;;;;;;;;;;;;;;;;;;1402150.0;0.0;215.0;False;J:\Culture Cellulaire 3D Microfluidique\PDX\PTT\20260330\after laser\Analysis\2026-04-01_155606_KSBRU_tube2_after laser_cropped_8bits2\14_0215_0_8bits.tiff;J:\Culture Cellulaire 3D Microfluidique\PDX\PTT\20260330\after laser\Analysis\2026-04-01_155606_KSBRU_tube2_after laser_segmentationDebug2\14_0215_0_segmented.tiff;1331.5;(77. 68);172.124890208244;0.866016260162601;41.1742450302961;0.564759678475479;0.775418090187047;603.796697845049;0.982564355360249;0.93516665173461;0.908640299956266;139.81348317938534;42.0;Alive;;;;;;;;;;;;;;;;;
1;Tube 2;1502170.0;;;;;;;;;;;;;;;;;;1502170.0;0.0;217.0;False;J:\Culture Cellulaire 3D Microfluidique\PDX\PTT\20260330\before laser\Analysis\2026-04-01_103013_KSBRU_tube2_before laser_cropped_8bits2\15_0217_0_8bits.tiff;J:\Culture Cellulaire 3D Microfluidique\PDX\PTT\20260330\before laser\Analysis\2026-04-01_103013_KSBRU_tube2_before laser_segmentationDebug2\15_0217_0_segmented.tiff;1092.5;(74. 77);149.982754945755;0.871907422186751;37.2963028009904;0.610307428893427;0.735948109625649;713.967041755973;0.98073543039228;0.946189778383472;0.888586527788034;;;;;;;;;;;;;;;;;;;;;;;;;;;;;;;;;;;;;
1;Tube 2;1502180.0;1502180.0;0.0;218.0;False;J:\Culture Cellulaire 3D Microfluidique\PDX\PTT\20260330\before merge\Analysis\2026-03-31_152726_KSBRU_tube2_before merge_cropped_8bits2\15_0218_0_8bits.tiff;J:\Culture Cellulaire 3D Microfluidique\PDX\PTT\20260330\before merge\Analysis\2026-03-31_152726_KSBRU_tube2_before merge_segmentationDebug2\15_0218_0_segmented.tiff;1204.0;(85. 70);175.053822636604;0.853900709219858;39.1532937549465;0.493734134331096;0.705186768681996;713.710507314036;0.978995040106765;0.940731910048174;0.897564258740688;;;;;;;;;;;;;;;;;;1502180.0;0.0;218.0;False;J:\Culture Cellulaire 3D Microfluidique\PDX\PTT\20260330\after laser\Analysis\2026-04-01_155606_KSBRU_tube2_after laser_cropped_8bits2\15_0218_0_8bits.tiff;J:\Culture Cellulaire 3D Microfluidique\PDX\PTT\20260330\after laser\Analysis\2026-04-01_155606_KSBRU_tube2_after laser_segmentationDebug2\15_0218_0_segmented.tiff;1858.0;(79. 73);220.024384975433;0.862581244196843;48.6382470296569;0.482296313426465;0.553141370405949;590.410697260906;0.969583063640402;0.910460012438607;0.918738042876829;79.18217266891043;37.0;Alive;;;;;;;;;;;;;;;;;
1;Tube 2;1602200.0;;;;;;;;;;;;;;;;;;1602200.0;0.0;220.0;False;J:\Culture Cellulaire 3D Microfluidique\PDX\PTT\20260330\before laser\Analysis\2026-04-01_103013_KSBRU_tube2_before laser_cropped_8bits2\16_0220_0_8bits.tiff;J:\Culture Cellulaire 3D Microfluidique\PDX\PTT\20260330\before laser\Analysis\2026-04-01_103013_KSBRU_tube2_before laser_segmentationDebug2\16_0220_0_segmented.tiff;954.5;(75. 73);138.325900793075;0.879318286503915;34.8612556493553;0.626871871008982;0.84987494431009;924.235715601965;0.983365760293987;0.952729003646599;0.882574518942593;;;;;;;;;;;;;;;;;;;;;;;;;;;;;;;;;;;;;
1;Tube 2;1602210.0;1602210.0;0.0;221.0;False;J:\Culture Cellulaire 3D Microfluidique\PDX\PTT\20260330\before merge\Analysis\2026-03-31_152726_KSBRU_tube2_before merge_cropped_8bits2\16_0221_0_8bits.tiff;J:\Culture Cellulaire 3D Microfluidique\PDX\PTT\20260330\before merge\Analysis\2026-03-31_152726_KSBRU_tube2_before merge_segmentationDebug2\16_0221_0_segmented.tiff;761.5;(73. 76);140.325900673866;0.818377216550241;31.1379497288409;0.48596399641315;0.906231612219598;727.937936022186;0.985421780905081;0.961213138078885;0.87179726784978;;;;;;;;;;;;;;;;;;1602210.0;0.0;221.0;False;J:\Culture Cellulaire 3D Microfluidique\PDX\PTT\20260330\after laser\Analysis\2026-04-01_155606_KSBRU_tube2_after laser_cropped_8bits2\16_0221_0_8bits.tiff;J:\Culture Cellulaire 3D Microfluidique\PDX\PTT\20260330\after laser\Analysis\2026-04-01_155606_KSBRU_tube2_after laser_segmentationDebug2\16_0221_0_segmented.tiff;1019.0;(59. 73);164.568541407585;0.821774193548387;36.0198708504782;0.472814087782127;0.672563913411366;623.438758228098;0.984025136254113;0.949242214635893;0.894660458975448;56.91431790887662;37.0;Alive;;;;;;;;;;;;;;;;;
1;Tube 2;1702230.0;;;;;;;;;;;;;;;;;;1702230.0;0.0;223.0;False;J:\Culture Cellulaire 3D Microfluidique\PDX\PTT\20260330\before laser\Analysis\2026-04-01_103013_KSBRU_tube2_before laser_cropped_8bits2\17_0223_0_8bits.tiff;J:\Culture Cellulaire 3D Microfluidique\PDX\PTT\20260330\before laser\Analysis\2026-04-01_103013_KSBRU_tube2_before laser_segmentationDebug2\17_0223_0_segmented.tiff;1826.0;(83. 71);238.509666323661;0.799474605954465;48.2175840195919;0.403365423346635;0.469590497842229;647.022608612237;0.964080618984084;0.910653661958209;0.907233088722321;;;;;;;;;;;;;;;;;;;;;;;;;;;;;;;;;;;;;
1;Tube 2;1703240.0;1703240.0;0.0;324.0;False;J:\Culture Cellulaire 3D Microfluidique\PDX\PTT\20260330\before merge\Analysis\2026-03-31_152726_KSBRU_tube2_before merge_cropped_8bits2\17_0324_0_8bits.tiff;J:\Culture Cellulaire 3D Microfluidique\PDX\PTT\20260330\before merge\Analysis\2026-03-31_152726_KSBRU_tube2_before merge_segmentationDebug2\17_0324_0_segmented.tiff;938.0;(95. 71);141.597978711128;0.852339845524761;34.5586268963566;0.587893413506195;0.816018745849441;542.165867675052;0.985361436604389;0.953251734260038;0.888175126219758;;;;;;;;;;;;;;;;;;1703240.0;0.0;324.0;False;J:\Culture Cellulaire 3D Microfluidique\PDX\PTT\20260330\after laser\Analysis\2026-04-01_155606_KSBRU_tube2_after laser_cropped_8bits2\17_0324_0_8bits.tiff;J:\Culture Cellulaire 3D Microfluidique\PDX\PTT\20260330\after laser\Analysis\2026-04-01_155606_KSBRU_tube2_after laser_segmentationDebug2\17_0324_0_segmented.tiff;2256.5;(66. 80);272.752306818962;0.783642993575273;53.6009797736468;0.381160894248484;0.44976007143751;502.482770965421;0.956592031285438;0.889739993244699;0.89805922614518;55.58438477619466;37.0;Alive;;;;;;;;;;;;;;;;;
1;Tube 2;1805240.0;1805240.0;0.0;524.0;False;J:\Culture Cellulaire 3D Microfluidique\PDX\PTT\20260330\before merge\Analysis\2026-03-31_152726_KSBRU_tube2_before merge_cropped_8bits2\18_0524_0_8bits.tiff;J:\Culture Cellulaire 3D Microfluidique\PDX\PTT\20260330\before merge\Analysis\2026-03-31_152726_KSBRU_tube2_before merge_segmentationDebug2\18_0524_0_segmented.tiff;888.0;(81. 88);121.740114331245;0.931794333683105;33.6249418694638;0.752931417419153;0.915282824257483;731.422783510447;0.982525125337916;0.956249628366423;0.87978626722146;1805240.0;0.0;524.0;False;J:\Culture Cellulaire 3D Microfluidique\PDX\PTT\20260330\before laser\Analysis\2026-04-01_103013_KSBRU_tube2_before laser_cropped_8bits2\18_0524_0_8bits.tiff;J:\Culture Cellulaire 3D Microfluidique\PDX\PTT\20260330\before laser\Analysis\2026-04-01_103013_KSBRU_tube2_before laser_segmentationDebug2\18_0524_0_segmented.tiff;1498.0;(71. 69);183.740114212036;0.878334799179126;43.672792880846;0.557588378456952;0.675196003978536;637.791536996026;0.972321615137564;0.927214078452032;0.916279321443544;;;;;;;;;;;;;;;;;;;;;;;;;;;;;;;;;;;;;
1;Tube 2;1908240.0;;;;;;;;;;;;;;;;;;1908240.0;0.0;824.0;False;J:\Culture Cellulaire 3D Microfluidique\PDX\PTT\20260330\before laser\Analysis\2026-04-01_103013_KSBRU_tube2_before laser_cropped_8bits2\19_0824_0_8bits.tiff;J:\Culture Cellulaire 3D Microfluidique\PDX\PTT\20260330\before laser\Analysis\2026-04-01_103013_KSBRU_tube2_before laser_segmentationDebug2\19_0824_0_segmented.tiff;1629.0;(69. 78);186.367530465126;0.86995994659546;45.5423672899595;0.589373286439905;0.649860324332563;716.103770670785;0.966291025156906;0.92089431709497;0.886851451544367;;;;;;;;;;;;;;;;;;;;;;;;;;;;;;;;;;;;;
1;Tube 2;1909240.0;1909240.0;0.0;924.0;True;J:\Culture Cellulaire 3D Microfluidique\PDX\PTT\20260330\before merge\Analysis\2026-03-31_152726_KSBRU_tube2_before merge_cropped_8bits2\19_0924_0_8bits.tiff;J:\Culture Cellulaire 3D Microfluidique\PDX\PTT\20260330\before merge\Analysis\2026-03-31_152726_KSBRU_tube2_before merge_segmentationDebug2\19_0924_0_segmented.tiff;778.5;(89. 89);135.012192368507;0.804235537190082;31.4835986757601;0.536688762500021;0.811629853800178;687.651857648371;0.984898312968743;0.960850320725653;0.885650614855965;;;;;;;;;;;;;;;;;;1909240.0;0.0;924.0;False;J:\Culture Cellulaire 3D Microfluidique\PDX\PTT\20260330\after laser\Analysis\2026-04-01_155606_KSBRU_tube2_after laser_cropped_8bits2\19_0924_0_8bits.tiff;J:\Culture Cellulaire 3D Microfluidique\PDX\PTT\20260330\after laser\Analysis\2026-04-01_155606_KSBRU_tube2_after laser_segmentationDebug2\19_0924_0_segmented.tiff;1584.0;(69. 76);171.053822517395;0.908256880733945;44.9089238221146;0.680298437958024;0.668846199974392;685.437951689308;0.969384893679248;0.923249935756239;0.889340766913194;100.87031298649313;37.0;Alive;;;;;;;;;;;;;;;;;
1;Tube 2;1909241.0;1909241.0;0.0;924.0;True;J:\Culture Cellulaire 3D Microfluidique\PDX\PTT\20260330\before merge\Analysis\2026-03-31_152726_KSBRU_tube2_before merge_cropped_8bits2\19_0924_1_8bits.tiff;J:\Culture Cellulaire 3D Microfluidique\PDX\PTT\20260330\before merge\Analysis\2026-03-31_152726_KSBRU_tube2_before merge_segmentationDebug2\19_0924_1_segmented.tiff;867.5;(75. 52);149.639609217643;0.830540928674006;33.2345498699433;0.486839958511278;0.64943752959315;886.583056205453;0.984548893319205;0.956391545326763;0.879881725295308;;;;;;;;;;;;;;;;;;;;;;;;;;;;;;;;;;;;;;;;;;;;;;;;;;;;;;
1;Tube 2;2011240.0;;;;;;;;;;;;;;;;;;2011240.0;0.0;1124.0;False;J:\Culture Cellulaire 3D Microfluidique\PDX\PTT\20260330\before laser\Analysis\2026-04-01_103013_KSBRU_tube2_before laser_cropped_8bits2\20_1124_0_8bits.tiff;J:\Culture Cellulaire 3D Microfluidique\PDX\PTT\20260330\before laser\Analysis\2026-04-01_103013_KSBRU_tube2_before laser_segmentationDebug2\20_1124_0_segmented.tiff;1309.5;(76. 69);151.982754826545;0.920238931834153;40.832672993948;0.712404644750009;0.925722189824007;755.380998241894;0.972230319614765;0.936281544242561;0.88727805805349;;;;;;;;;;;;;;;;;;;;;;;;;;;;;;;;;;;;;
1;Tube 2;2012240.0;2012240.0;0.0;1224.0;False;J:\Culture Cellulaire 3D Microfluidique\PDX\PTT\20260330\before merge\Analysis\2026-03-31_152726_KSBRU_tube2_before merge_cropped_8bits2\20_1224_0_8bits.tiff;J:\Culture Cellulaire 3D Microfluidique\PDX\PTT\20260330\before merge\Analysis\2026-03-31_152726_KSBRU_tube2_before merge_segmentationDebug2\20_1224_0_segmented.tiff;848.0;(74. 83);126.911687254905;0.890756302521008;32.8588973329206;0.661610639129526;0.872351700238368;929.258080637915;0.982675707795012;0.957847971477375;0.85838180520765;;;;;;;;;;;;;;;;;;2012240.0;0.0;1224.0;False;J:\Culture Cellulaire 3D Microfluidique\PDX\PTT\20260330\after laser\Analysis\2026-04-01_155606_KSBRU_tube2_after laser_cropped_8bits2\20_1224_0_8bits.tiff;J:\Culture Cellulaire 3D Microfluidique\PDX\PTT\20260330\after laser\Analysis\2026-04-01_155606_KSBRU_tube2_after laser_segmentationDebug2\20_1224_0_segmented.tiff;1236.0;(76. 78);150.225395560264;0.904831625183016;39.6701912938753;0.688242713725633;0.904010348874966;758.773304130654;0.976598667895628;0.939696942092259;0.87837453979593;128.21919433036314;37.0;Alive;;;;;;;;;;;;;;;;;
1;Tube 2;205050.0;205050.0;0.0;505.0;False;J:\Culture Cellulaire 3D Microfluidique\PDX\PTT\20260330\before merge\Analysis\2026-03-31_152726_KSBRU_tube2_before merge_cropped_8bits2\2_0505_0_8bits.tiff;J:\Culture Cellulaire 3D Microfluidique\PDX\PTT\20260330\before merge\Analysis\2026-03-31_152726_KSBRU_tube2_before merge_segmentationDebug2\2_0505_0_segmented.tiff;1823.0;(81. 69);201.053822636604;0.883664566165778;48.1779585500693;0.566724337116156;0.723742822658469;841.633302067048;0.966908733532341;0.911827718073437;0.886537284365534;205050.0;0.0;505.0;False;J:\Culture Cellulaire 3D Microfluidique\PDX\PTT\20260330\before laser\Analysis\2026-04-01_103013_KSBRU_tube2_before laser_cropped_8bits2\2_0505_0_8bits.tiff;J:\Culture Cellulaire 3D Microfluidique\PDX\PTT\20260330\before laser\Analysis\2026-04-01_103013_KSBRU_tube2_before laser_segmentationDebug2\2_0505_0_segmented.tiff;1624.5;(70. 80);186.124890327453;0.887704918032786;45.4794199657633;0.589278600366511;0.755591839374726;844.704382961396;0.968322125214047;0.921565320485273;0.882189721203769;;;;;;;;;;;;;;;;;;;;;;;;;;;;;;;;;;;;;
1;Tube 2;308050.0;308050.0;0.0;805.0;False;J:\Culture Cellulaire 3D Microfluidique\PDX\PTT\20260330\before merge\Analysis\2026-03-31_152726_KSBRU_tube2_before merge_cropped_8bits2\3_0805_0_8bits.tiff;J:\Culture Cellulaire 3D Microfluidique\PDX\PTT\20260330\before merge\Analysis\2026-03-31_152726_KSBRU_tube2_before merge_segmentationDebug2\3_0805_0_segmented.tiff;1799.5;(80. 83);194.468036413192;0.898178188170701;47.8664241483623;0.597950532392698;0.917498096964188;774.156724993244;0.970118077578322;0.913333879657829;0.876046757429859;308050.0;0.0;805.0;False;J:\Culture Cellulaire 3D Microfluidique\PDX\PTT\20260330\before laser\Analysis\2026-04-01_103013_KSBRU_tube2_before laser_cropped_8bits2\3_0805_0_8bits.tiff;J:\Culture Cellulaire 3D Microfluidique\PDX\PTT\20260330\before laser\Analysis\2026-04-01_103013_KSBRU_tube2_before laser_segmentationDebug2\3_0805_0_segmented.tiff;1775.5;(83. 77);210.124890208244;0.821040462427745;47.5461545414272;0.505330534985391;0.845731931275404;752.49258387809;0.967775120864737;0.913732959931714;0.865758912916898;;;;;;;;;;;;;;;;;;;;;;;;;;;;;;;;;;;;;
1;Tube 2;309050.0;;;;;;;;;;;;;;;;;;;;;;;;;;;;;;;;;;;309050.0;0.0;905.0;False;J:\Culture Cellulaire 3D Microfluidique\PDX\PTT\20260330\after laser\Analysis\2026-04-01_155606_KSBRU_tube2_after laser_cropped_8bits2\3_0905_0_8bits.tiff;J:\Culture Cellulaire 3D Microfluidique\PDX\PTT\20260330\after laser\Analysis\2026-04-01_155606_KSBRU_tube2_after laser_segmentationDebug2\3_0905_0_segmented.tiff;1773.0;(69. 68);191.539103746414;0.871895746250307;47.5126689717115;0.607300582615395;0.893975291398865;868.937291853787;0.972545400792696;0.914845132929321;0.872965263830554;92.00409210194674;56.0;Alive;;;;;;;;;;;;;;;;;
1;Tube 2;412050.0;412050.0;0.0;1205.0;True;J:\Culture Cellulaire 3D Microfluidique\PDX\PTT\20260330\before merge\Analysis\2026-03-31_152726_KSBRU_tube2_before merge_cropped_8bits2\4_1205_0_8bits.tiff;J:\Culture Cellulaire 3D Microfluidique\PDX\PTT\20260330\before merge\Analysis\2026-03-31_152726_KSBRU_tube2_before merge_segmentationDebug2\4_1205_0_segmented.tiff;1601.0;(77. 74);186.367531299591;0.873669849931787;45.149269220232;0.579242862578529;0.780861103910633;716.21391797903;0.970748225707562;0.922264362226965;0.886203896357065;412050.0;0.0;1205.0;False;J:\Culture Cellulaire 3D Microfluidique\PDX\PTT\20260330\before laser\Analysis\2026-04-01_103013_KSBRU_tube2_before laser_cropped_8bits2\4_1205_0_8bits.tiff;J:\Culture Cellulaire 3D Microfluidique\PDX\PTT\20260330\before laser\Analysis\2026-04-01_103013_KSBRU_tube2_before laser_segmentationDebug2\4_1205_0_segmented.tiff;1743.0;(86. 66);189.539103746414;0.851906158357771;47.1089856234815;0.609690749482562;0.922431792916827;825.465133589089;0.969480478638315;0.915994572573669;0.871315726020029;;;;;;;;;;;;;;;;;;;;;;;;;;;;;;;;;;;;;
1;Tube 2;412051.0;412051.0;0.0;1205.0;True;J:\Culture Cellulaire 3D Microfluidique\PDX\PTT\20260330\before merge\Analysis\2026-03-31_152726_KSBRU_tube2_before merge_cropped_8bits2\4_1205_1_8bits.tiff;J:\Culture Cellulaire 3D Microfluidique\PDX\PTT\20260330\before merge\Analysis\2026-03-31_152726_KSBRU_tube2_before merge_segmentationDebug2\4_1205_1_segmented.tiff;1083.0;(85. 61);250.367530822753;0.603006681514476;37.1337909046219;0.217111240189348;0.644972154727611;531.845854901128;0.975022577814839;0.943382018590302;0.881752632708205;;;;;;;;;;;;;;;;;;;;;;;;;;;;;;;;;;;;;;;;;;;;;;;;;;;;;;
1;Tube 2;515040.0;515040.0;0.0;1504.0;False;J:\Culture Cellulaire 3D Microfluidique\PDX\PTT\20260330\before merge\Analysis\2026-03-31_152726_KSBRU_tube2_before merge_cropped_8bits2\5_1504_0_8bits.tiff;J:\Culture Cellulaire 3D Microfluidique\PDX\PTT\20260330\before merge\Analysis\2026-03-31_152726_KSBRU_tube2_before merge_segmentationDebug2\5_1504_0_segmented.tiff;1361.0;(67. 42);176.024385690689;0.860303413400758;41.6278635097281;0.551978693941911;0.898744502615052;735.683469568457;0.976171425724779;0.915650425107229;0.862248373212277;515040.0;0.0;1504.0;False;J:\Culture Cellulaire 3D Microfluidique\PDX\PTT\20260330\before laser\Analysis\2026-04-01_103013_KSBRU_tube2_before laser_cropped_8bits2\5_1504_0_8bits.tiff;J:\Culture Cellulaire 3D Microfluidique\PDX\PTT\20260330\before laser\Analysis\2026-04-01_103013_KSBRU_tube2_before laser_segmentationDebug2\5_1504_0_segmented.tiff;1764.5;(83. 44);200.610171556472;0.882691345672836;47.3986410847947;0.550967051239399;0.684975917251999;685.386636303043;0.97076764877202;0.904674721690601;0.868923487869476;;;;;;;;;;;;;;;;;;;;;;;;;;;;;;;;;;;;;
1;Tube 2;614010.0;;;;;;;;;;;;;;;;;;614010.0;0.0;1401.0;False;J:\Culture Cellulaire 3D Microfluidique\PDX\PTT\20260330\before laser\Analysis\2026-04-01_103013_KSBRU_tube2_before laser_cropped_8bits2\6_1401_0_8bits.tiff;J:\Culture Cellulaire 3D Microfluidique\PDX\PTT\20260330\before laser\Analysis\2026-04-01_103013_KSBRU_tube2_before laser_segmentationDebug2\6_1401_0_segmented.tiff;1745.5;(75. 78);224.610171318054;0.78999773704458;47.1427579309402;0.434781322244234;0.682985612741912;588.703905743232;0.969027026479849;0.914494336995718;0.871913606739504;;;;;;;;;;;;;;;;;;;;;;;;;;;;;;;;;;;;;
1;Tube 2;615020.0;615020.0;0.0;1502.0;False;J:\Culture Cellulaire 3D Microfluidique\PDX\PTT\20260330\before merge\Analysis\2026-03-31_152726_KSBRU_tube2_before merge_cropped_8bits2\6_1502_0_8bits.tiff;J:\Culture Cellulaire 3D Microfluidique\PDX\PTT\20260330\before merge\Analysis\2026-03-31_152726_KSBRU_tube2_before merge_segmentationDebug2\6_1502_0_segmented.tiff;1700.5;(71. 76);184.124890327453;0.887063119457485;46.5311062174771;0.630320595765893;0.7300628563759;694.427263261873;0.975484009357834;0.918348374729975;0.909320445150179;;;;;;;;;;;;;;;;;;;;;;;;;;;;;;;;;;;;;;;;;;;;;;;;;;;;;;
1;Tube 2;710010.0;;;;;;;;;;;;;;;;;;;;;;;;;;;;;;;;;;;710010.0;0.0;1001.0;False;J:\Culture Cellulaire 3D Microfluidique\PDX\PTT\20260330\after laser\Analysis\2026-04-01_155606_KSBRU_tube2_after laser_cropped_8bits2\7_1001_0_8bits.tiff;J:\Culture Cellulaire 3D Microfluidique\PDX\PTT\20260330\after laser\Analysis\2026-04-01_155606_KSBRU_tube2_after laser_segmentationDebug2\7_1001_0_segmented.tiff;1779.5;(85. 70);209.438598513603;0.839981118716072;47.5996824554137;0.509793636644347;0.756838458220435;651.452774288333;0.968346909854371;0.913512508602767;0.866635484150538;400.68498228238485;53.0;Alive;;;;;;;;;;;;;;;;;
1;Tube 2;807010.0;;;;;;;;;;;;;;;;;;;;;;;;;;;;;;;;;;;807010.0;0.0;701.0;False;J:\Culture Cellulaire 3D Microfluidique\PDX\PTT\20260330\after laser\Analysis\2026-04-01_155606_KSBRU_tube2_after laser_cropped_8bits2\8_0701_0_8bits.tiff;J:\Culture Cellulaire 3D Microfluidique\PDX\PTT\20260330\after laser\Analysis\2026-04-01_155606_KSBRU_tube2_after laser_segmentationDebug2\8_0701_0_segmented.tiff;1569.0;(77. 66);169.740114331245;0.912474556557138;44.6957810725964;0.68432723876803;0.756079417466304;492.898785832708;0.979744136374219;0.924251440297645;0.910533200122502;210.57274600797672;42.0;Alive;;;;;;;;;;;;;;;;;
1;Tube 2;808010.0;808010.0;0.0;801.0;False;J:\Culture Cellulaire 3D Microfluidique\PDX\PTT\20260330\before merge\Analysis\2026-03-31_152726_KSBRU_tube2_before merge_cropped_8bits2\8_0801_0_8bits.tiff;J:\Culture Cellulaire 3D Microfluidique\PDX\PTT\20260330\before merge\Analysis\2026-03-31_152726_KSBRU_tube2_before merge_segmentationDebug2\8_0801_0_segmented.tiff;1308.5;(77. 69);155.982755064964;0.906163434903047;40.8170790758716;0.675819030981164;0.820558774564209;868.490943645678;0.978022101934301;0.93660096273816;0.893549521204749;808010.0;0.0;801.0;False;J:\Culture Cellulaire 3D Microfluidique\PDX\PTT\20260330\before laser\Analysis\2026-04-01_103013_KSBRU_tube2_before laser_cropped_8bits2\8_0801_0_8bits.tiff;J:\Culture Cellulaire 3D Microfluidique\PDX\PTT\20260330\before laser\Analysis\2026-04-01_103013_KSBRU_tube2_before laser_segmentationDebug2\8_0801_0_segmented.tiff;1468.0;(80. 71);168.568541407585;0.887277122997884;43.233270194044;0.649206503365191;0.743386433473428;710.524807137501;0.971810266095303;0.928597363702913;0.882779259820584;;;;;;;;;;;;;;;;;;;;;;;;;;;;;;;;;;;;;
1;Tube 2;905010.0;905010.0;0.0;501.0;False;J:\Culture Cellulaire 3D Microfluidique\PDX\PTT\20260330\before merge\Analysis\2026-03-31_152726_KSBRU_tube2_before merge_cropped_8bits2\9_0501_0_8bits.tiff;J:\Culture Cellulaire 3D Microfluidique\PDX\PTT\20260330\before merge\Analysis\2026-03-31_152726_KSBRU_tube2_before merge_segmentationDebug2\9_0501_0_segmented.tiff;1223.0;(75. 77);154.225395441055;0.91507669285447;39.461018273875;0.646136888700701;0.869978114838146;634.208066048942;0.980668718036266;0.940259202260685;0.897877589896173;905010.0;0.0;501.0;False;J:\Culture Cellulaire 3D Microfluidique\PDX\PTT\20260330\before laser\Analysis\2026-04-01_103013_KSBRU_tube2_before laser_cropped_8bits2\9_0501_0_8bits.tiff;J:\Culture Cellulaire 3D Microfluidique\PDX\PTT\20260330\before laser\Analysis\2026-04-01_103013_KSBRU_tube2_before laser_segmentationDebug2\9_0501_0_segmented.tiff;1622.0;(76. 65);220.710676431655;0.80756783669405;45.4444115547823;0.418421536884295;0.673820037676949;598.215820901525;0.975844409990481;0.920223160535123;0.89623038193873;;;;;;;;;;;;;;;;;;;;;;;;;;;;;;;;;;;;;
1;Tube 3;1002030.0;;;;;;;;;;;;;;;;;;;;;;;;;;;;;;;;;;;1002030.0;0.0;203.0;False;J:\Culture Cellulaire 3D Microfluidique\PDX\PTT\20260330\after laser\Analysis\2026-04-01_160454_KSBRU_tube3_after laser_cropped_8bits2\10_0203_0_8bits.tiff;J:\Culture Cellulaire 3D Microfluidique\PDX\PTT\20260330\after laser\Analysis\2026-04-01_160454_KSBRU_tube3_after laser_segmentationDebug2\10_0203_0_segmented.tiff;2109.0;(75. 69);349.480228543281;0.65968095089146;51.8195156272852;0.216990750382393;0.524440976839367;477.760328290913;0.961837141827667;0.893866761820481;0.885716535598957;82.48995507583736;73.0;Alive;;;;;;;;;;;;;;;;;
1;Tube 3;1006010.0;;;;;;;;;;;;;;;;;;1006010.0;0.0;601.0;False;J:\Culture Cellulaire 3D Microfluidique\PDX\PTT\20260330\before laser\Analysis\2026-04-01_104049_KSBRU_tube3_before laser_cropped_8bits2\10_0601_0_8bits.tiff;J:\Culture Cellulaire 3D Microfluidique\PDX\PTT\20260330\before laser\Analysis\2026-04-01_104049_KSBRU_tube3_before laser_segmentationDebug2\10_0601_0_segmented.tiff;2187.0;(74. 89);265.338092684745;0.816806722689075;52.7690712855153;0.390354725419487;0.739105725568499;616.739892590049;0.955356773440341;0.893040289973715;0.89145967849219;;;;;;;;;;;;;;;;;;;;;;;;;;;;;;;;;;;;;
1;Tube 3;103090.0;103090.0;0.0;309.0;True;J:\Culture Cellulaire 3D Microfluidique\PDX\PTT\20260330\before merge\Analysis\2026-03-31_154221_KSBRU_tube3_before merge_cropped_8bits2\1_0309_0_8bits.tiff;J:\Culture Cellulaire 3D Microfluidique\PDX\PTT\20260330\before merge\Analysis\2026-03-31_154221_KSBRU_tube3_before merge_segmentationDebug2\1_0309_0_segmented.tiff;838.0;(71. 75);165.396968603134;0.763553530751708;32.664579263907;0.384945096233706;0.600987779265102;466.776939185062;0.984917445806826;0.956903675787549;0.901430170725831;;;;;;;;;;;;;;;;;;;;;;;;;;;;;;;;;;;;;;;;;;;;;;;;;;;;;;
1;Tube 3;103091.0;103091.0;0.0;309.0;True;J:\Culture Cellulaire 3D Microfluidique\PDX\PTT\20260330\before merge\Analysis\2026-03-31_154221_KSBRU_tube3_before merge_cropped_8bits2\1_0309_1_8bits.tiff;J:\Culture Cellulaire 3D Microfluidique\PDX\PTT\20260330\before merge\Analysis\2026-03-31_154221_KSBRU_tube3_before merge_segmentationDebug2\1_0309_1_segmented.tiff;417.0;(84. 66);85.1126977205276;0.916483516483516;23.0421546335094;0.723364525710716;0.729196986332912;659.302121844563;0.992383417557677;0.978319962487373;0.888324197594017;;;;;;;;;;;;;;;;;;;;;;;;;;;;;;;;;;;;;;;;;;;;;;;;;;;;;;
1;Tube 3;1102030.0;1102030.0;0.0;203.0;False;J:\Culture Cellulaire 3D Microfluidique\PDX\PTT\20260330\before merge\Analysis\2026-03-31_154221_KSBRU_tube3_before merge_cropped_8bits2\11_0203_0_8bits.tiff;J:\Culture Cellulaire 3D Microfluidique\PDX\PTT\20260330\before merge\Analysis\2026-03-31_154221_KSBRU_tube3_before merge_segmentationDebug2\11_0203_0_segmented.tiff;785.0;(43. 88);114.911687254905;0.930646117368109;31.6147598854886;0.747052490345499;0.856350915774608;728.726872739863;0.985352334848742;0.961162997500379;0.89856730438751;;;;;;;;;;;;;;;;;;;;;;;;;;;;;;;;;;;;;;;;;;;;;;;;;;;;;;
1;Tube 3;1102030.0;1102030.0;1.0;203.0;False;J:\Culture Cellulaire 3D Microfluidique\PDX\PTT\20260330\before merge\Analysis\2026-03-31_154221_KSBRU_tube3_before merge_cropped_8bits2\11_0203_0_8bits.tiff;J:\Culture Cellulaire 3D Microfluidique\PDX\PTT\20260330\before merge\Analysis\2026-03-31_154221_KSBRU_tube3_before merge_segmentationDebug2\11_0203_0_segmented.tiff;490.0;(111. 72);88.769551873207;0.935114503816793;24.9777376261387;0.781408064602898;0.749011682213003;779.807254257055;0.990236074283764;0.974962849390989;0.879996666080441;;;;;;;;;;;;;;;;;;;;;;;;;;;;;;;;;;;;;;;;;;;;;;;;;;;;;;
1;Tube 3;1102060.0;;;;;;;;;;;;;;;;;;;;;;;;;;;;;;;;;;;1102060.0;0.0;206.0;False;J:\Culture Cellulaire 3D Microfluidique\PDX\PTT\20260330\after laser\Analysis\2026-04-01_160454_KSBRU_tube3_after laser_cropped_8bits2\11_0206_0_8bits.tiff;J:\Culture Cellulaire 3D Microfluidique\PDX\PTT\20260330\after laser\Analysis\2026-04-01_160454_KSBRU_tube3_after laser_segmentationDebug2\11_0206_0_segmented.tiff;1502.5;(96. 78);197.781744480133;0.814363143631436;43.7383403430512;0.48267181378639;0.75484646617727;659.403888532266;0.973116049901521;0.92624513126453;0.898951209358053;43.308078936053505;56.0;Dead;;;;;;;;;;;;;;;;;
1;Tube 3;1103010.0;;;;;;;;;;;;;;;;;;1103010.0;0.0;301.0;False;J:\Culture Cellulaire 3D Microfluidique\PDX\PTT\20260330\before laser\Analysis\2026-04-01_104049_KSBRU_tube3_before laser_cropped_8bits2\11_0301_0_8bits.tiff;J:\Culture Cellulaire 3D Microfluidique\PDX\PTT\20260330\before laser\Analysis\2026-04-01_104049_KSBRU_tube3_before laser_segmentationDebug2\11_0301_0_segmented.tiff;1364.0;(87. 82);164.568541407585;0.900924702774108;41.6737176049697;0.632893440367832;0.863756389253306;830.074626963058;0.971773079234903;0.933584107200514;0.880659909939351;;;;;;;;;;;;;;;;;;;;;;;;;;;;;;;;;;;;;
1;Tube 3;1202060.0;1202060.0;0.0;206.0;True;J:\Culture Cellulaire 3D Microfluidique\PDX\PTT\20260330\before merge\Analysis\2026-03-31_154221_KSBRU_tube3_before merge_cropped_8bits2\12_0206_0_8bits.tiff;J:\Culture Cellulaire 3D Microfluidique\PDX\PTT\20260330\before merge\Analysis\2026-03-31_154221_KSBRU_tube3_before merge_segmentationDebug2\12_0206_0_segmented.tiff;880.5;(79. 77);135.840619564056;0.87655550024888;33.4826435506414;0.599625256035335;0.76068581147449;717.341626449919;0.978846577854236;0.956225903445096;0.896184669881439;;;;;;;;;;;;;;;;;;;;;;;;;;;;;;;;;;;;;;;;;;;;;;;;;;;;;;
1;Tube 3;1202061.0;1202061.0;0.0;206.0;True;J:\Culture Cellulaire 3D Microfluidique\PDX\PTT\20260330\before merge\Analysis\2026-03-31_154221_KSBRU_tube3_before merge_cropped_8bits2\12_0206_1_8bits.tiff;J:\Culture Cellulaire 3D Microfluidique\PDX\PTT\20260330\before merge\Analysis\2026-03-31_154221_KSBRU_tube3_before merge_segmentationDebug2\12_0206_1_segmented.tiff;577.5;(77. 75);116.669046521186;0.848017621145374;27.1163389321743;0.533151401739846;0.722752281282145;793.305275779376;0.98650064941798;0.970397848691675;0.885156387068105;;;;;;;;;;;;;;;;;;;;;;;;;;;;;;;;;;;;;;;;;;;;;;;;;;;;;;
1;Tube 3;1202090.0;;;;;;;;;;;;;;;;;;;;;;;;;;;;;;;;;;;1202090.0;0.0;209.0;False;J:\Culture Cellulaire 3D Microfluidique\PDX\PTT\20260330\after laser\Analysis\2026-04-01_160454_KSBRU_tube3_after laser_cropped_8bits2\12_0209_0_8bits.tiff;J:\Culture Cellulaire 3D Microfluidique\PDX\PTT\20260330\after laser\Analysis\2026-04-01_160454_KSBRU_tube3_after laser_segmentationDebug2\12_0209_0_segmented.tiff;1776.5;(62. 70);254.267025709152;0.729119638826185;47.5595421679184;0.345298737157696;0.730641152427115;517.661939206892;0.965495623751304;0.911976171296623;0.898084423494393;80.81901344759592;73.0;Alive;;;;;;;;;;;;;;;;;
1;Tube 3;1302070.0;;;;;;;;;;;;;;;;;;1302070.0;0.0;207.0;False;J:\Culture Cellulaire 3D Microfluidique\PDX\PTT\20260330\before laser\Analysis\2026-04-01_104049_KSBRU_tube3_before laser_cropped_8bits2\13_0207_0_8bits.tiff;J:\Culture Cellulaire 3D Microfluidique\PDX\PTT\20260330\before laser\Analysis\2026-04-01_104049_KSBRU_tube3_before laser_segmentationDebug2\13_0207_0_segmented.tiff;1423.0;(82. 82);172.568541169166;0.929154423767548;42.5654774689317;0.600470268295781;0.633298169875054;589.582978303747;0.974351231574129;0.930605961844588;0.915419673623349;;;;;;;;;;;;;;;;;;;;;;;;;;;;;;;;;;;;;
1;Tube 3;1402100.0;;;;;;;;;;;;;;;;;;1402100.0;0.0;210.0;False;J:\Culture Cellulaire 3D Microfluidique\PDX\PTT\20260330\before laser\Analysis\2026-04-01_104049_KSBRU_tube3_before laser_cropped_8bits2\14_0210_0_8bits.tiff;J:\Culture Cellulaire 3D Microfluidique\PDX\PTT\20260330\before laser\Analysis\2026-04-01_104049_KSBRU_tube3_before laser_segmentationDebug2\14_0210_0_segmented.tiff;1292.0;(91. 74);203.195957660675;0.828205128205128;40.5589138389803;0.393226021976881;0.50317184093243;487.351203703703;0.97836439207588;0.93537853782499;0.907964703236528;;;;;;;;;;;;;;;;;;;;;;;;;;;;;;;;;;;;;
1;Tube 3;1402120.0;1402120.0;0.0;212.0;False;J:\Culture Cellulaire 3D Microfluidique\PDX\PTT\20260330\before merge\Analysis\2026-03-31_154221_KSBRU_tube3_before merge_cropped_8bits2\14_0212_0_8bits.tiff;J:\Culture Cellulaire 3D Microfluidique\PDX\PTT\20260330\before merge\Analysis\2026-03-31_154221_KSBRU_tube3_before merge_segmentationDebug2\14_0212_0_segmented.tiff;582.5;(98. 75);120.669046640396;0.850986121256391;27.233472690941;0.502705955868067;0.868163816448518;595.611713920461;0.991424943483372;0.97004800212966;0.909091868982568;;;;;;;;;;;;;;;;;;;;;;;;;;;;;;;;;;;;;;;;;;;;;;;;;;;;;;
1;Tube 3;1402150.0;;;;;;;;;;;;;;;;;;;;;;;;;;;;;;;;;;;1402150.0;0.0;215.0;False;J:\Culture Cellulaire 3D Microfluidique\PDX\PTT\20260330\after laser\Analysis\2026-04-01_160454_KSBRU_tube3_after laser_cropped_8bits2\14_0215_0_8bits.tiff;J:\Culture Cellulaire 3D Microfluidique\PDX\PTT\20260330\after laser\Analysis\2026-04-01_160454_KSBRU_tube3_after laser_segmentationDebug2\14_0215_0_segmented.tiff;1288.0;(67. 59);251.539103746414;0.660005124263387;40.4960804722986;0.255808345451864;0.856682671685956;495.674904464312;0.97418924636927;0.934048002307931;0.894703245026729;72.46430530638874;64.0;Alive;;;;;;;;;;;;;;;;;
1;Tube 3;1502130.0;;;;;;;;;;;;;;;;;;1502130.0;0.0;213.0;False;J:\Culture Cellulaire 3D Microfluidique\PDX\PTT\20260330\before laser\Analysis\2026-04-01_104049_KSBRU_tube3_before laser_cropped_8bits2\15_0213_0_8bits.tiff;J:\Culture Cellulaire 3D Microfluidique\PDX\PTT\20260330\before laser\Analysis\2026-04-01_104049_KSBRU_tube3_before laser_segmentationDebug2\15_0213_0_segmented.tiff;1548.5;(87. 77);167.154327750206;0.929750825577904;44.4028313851988;0.696443393741005;0.580210514244565;518.940467095993;0.972863323793288;0.92581488333483;0.936808126941159;;;;;;;;;;;;;;;;;;;;;;;;;;;;;;;;;;;;;
1;Tube 3;1502161.0;1502161.0;0.0;216.0;True;J:\Culture Cellulaire 3D Microfluidique\PDX\PTT\20260330\before merge\Analysis\2026-03-31_154221_KSBRU_tube3_before merge_cropped_8bits2\15_0216_1_8bits.tiff;J:\Culture Cellulaire 3D Microfluidique\PDX\PTT\20260330\before merge\Analysis\2026-03-31_154221_KSBRU_tube3_before merge_segmentationDebug2\15_0216_1_segmented.tiff;614.5;(75. 79);111.355338335037;0.873489694385216;27.971515873112;0.622744165997281;0.861975811759329;432.681182208881;0.990611011460912;0.968786110518816;0.915191574286575;;;;;;;;;;;;;;;;;;;;;;;;;;;;;;;;;;;;;;;;;;;;;;;;;;;;;;
1;Tube 3;1502180.0;;;;;;;;;;;;;;;;;;;;;;;;;;;;;;;;;;;1502180.0;0.0;218.0;False;J:\Culture Cellulaire 3D Microfluidique\PDX\PTT\20260330\after laser\Analysis\2026-04-01_160454_KSBRU_tube3_after laser_cropped_8bits2\15_0218_0_8bits.tiff;J:\Culture Cellulaire 3D Microfluidique\PDX\PTT\20260330\after laser\Analysis\2026-04-01_160454_KSBRU_tube3_after laser_segmentationDebug2\15_0218_0_segmented.tiff;1531.0;(82. 77);213.882249712944;0.83138745587836;44.1512145131879;0.420567363185344;0.526560988294568;390.344562646055;0.974481718379073;0.925012697376768;0.899466394021551;57.01662045754446;37.0;Alive;;;;;;;;;;;;;;;;;
1;Tube 3;1602160.0;;;;;;;;;;;;;;;;;;1602160.0;0.0;216.0;False;J:\Culture Cellulaire 3D Microfluidique\PDX\PTT\20260330\before laser\Analysis\2026-04-01_104049_KSBRU_tube3_before laser_cropped_8bits2\16_0216_0_8bits.tiff;J:\Culture Cellulaire 3D Microfluidique\PDX\PTT\20260330\before laser\Analysis\2026-04-01_104049_KSBRU_tube3_before laser_segmentationDebug2\16_0216_0_segmented.tiff;1488.0;(77. 80);224.568541407585;0.836660106831599;43.5267784537969;0.37077885484504;0.687196585776117;649.046767028924;0.969866921651524;0.926293952028033;0.914575084510327;;;;;;;;;;;;;;;;;;;;;;;;;;;;;;;;;;;;;
1;Tube 3;1602190.0;1602190.0;0.0;219.0;False;J:\Culture Cellulaire 3D Microfluidique\PDX\PTT\20260330\before merge\Analysis\2026-03-31_154221_KSBRU_tube3_before merge_cropped_8bits2\16_0219_0_8bits.tiff;J:\Culture Cellulaire 3D Microfluidique\PDX\PTT\20260330\before merge\Analysis\2026-03-31_154221_KSBRU_tube3_before merge_segmentationDebug2\16_0219_0_segmented.tiff;1060.0;(90. 88);143.740114212036;0.906757912745936;36.7373640510485;0.644703099411359;0.854495081890449;857.348000104768;0.981385938132246;0.948103035484239;0.90028762707167;;;;;;;;;;;;;;;;;;;;;;;;;;;;;;;;;;;;;;;;;;;;;;;;;;;;;;
1;Tube 3;1602210.0;;;;;;;;;;;;;;;;;;;;;;;;;;;;;;;;;;;1602210.0;0.0;221.0;False;J:\Culture Cellulaire 3D Microfluidique\PDX\PTT\20260330\after laser\Analysis\2026-04-01_160454_KSBRU_tube3_after laser_cropped_8bits2\16_0221_0_8bits.tiff;J:\Culture Cellulaire 3D Microfluidique\PDX\PTT\20260330\after laser\Analysis\2026-04-01_160454_KSBRU_tube3_after laser_segmentationDebug2\16_0221_0_segmented.tiff;2201.5;(79. 63);261.923879742622;0.807445442875481;52.9437140530815;0.403253702543112;0.758537351084276;546.946872238764;0.961153320589562;0.893239481503481;0.908135062949552;57.118923006212306;37.0;Alive;;;;;;;;;;;;;;;;;
1;Tube 3;1702190.0;;;;;;;;;;;;;;;;;;1702190.0;0.0;219.0;False;J:\Culture Cellulaire 3D Microfluidique\PDX\PTT\20260330\before laser\Analysis\2026-04-01_104049_KSBRU_tube3_before laser_cropped_8bits2\17_0219_0_8bits.tiff;J:\Culture Cellulaire 3D Microfluidique\PDX\PTT\20260330\before laser\Analysis\2026-04-01_104049_KSBRU_tube3_before laser_segmentationDebug2\17_0219_0_segmented.tiff;1162.0;(75. 86);134.426405906677;0.949346405228758;38.464325692546;0.808065969607198;0.929308167573707;752.490927851554;0.97758149389137;0.943570177607085;0.895512289875977;;;;;;;;;;;;;;;;;;;;;;;;;;;;;;;;;;;;;
1;Tube 3;1702220.0;1702220.0;0.0;222.0;False;J:\Culture Cellulaire 3D Microfluidique\PDX\PTT\20260330\before merge\Analysis\2026-03-31_154221_KSBRU_tube3_before merge_cropped_8bits2\17_0222_0_8bits.tiff;J:\Culture Cellulaire 3D Microfluidique\PDX\PTT\20260330\before merge\Analysis\2026-03-31_154221_KSBRU_tube3_before merge_segmentationDebug2\17_0222_0_segmented.tiff;563.5;(81. 80);93.3553384542465;0.955084745762711;26.7856395006403;0.812503927226747;0.963899967310699;954.286695330454;0.986854630560591;0.971652746691144;0.816403326993974;;;;;;;;;;;;;;;;;;;;;;;;;;;;;;;;;;;;;;;;;;;;;;;;;;;;;;
1;Tube 3;1703240.0;;;;;;;;;;;;;;;;;;;;;;;;;;;;;;;;;;;1703240.0;0.0;324.0;False;J:\Culture Cellulaire 3D Microfluidique\PDX\PTT\20260330\after laser\Analysis\2026-04-01_160454_KSBRU_tube3_after laser_cropped_8bits2\17_0324_0_8bits.tiff;J:\Culture Cellulaire 3D Microfluidique\PDX\PTT\20260330\after laser\Analysis\2026-04-01_160454_KSBRU_tube3_after laser_segmentationDebug2\17_0324_0_segmented.tiff;1527.5;(87. 84);260.953317523002;0.666157871783689;44.1007188669636;0.281880762773373;0.722291920777065;694.792073322114;0.972281651240356;0.92318229651718;0.883571249666741;89.17372158880309;37.0;Alive;;;;;;;;;;;;;;;;;
1;Tube 3;1802220.0;;;;;;;;;;;;;;;;;;1802220.0;0.0;222.0;False;J:\Culture Cellulaire 3D Microfluidique\PDX\PTT\20260330\before laser\Analysis\2026-04-01_104049_KSBRU_tube3_before laser_cropped_8bits2\18_0222_0_8bits.tiff;J:\Culture Cellulaire 3D Microfluidique\PDX\PTT\20260330\before laser\Analysis\2026-04-01_104049_KSBRU_tube3_before laser_segmentationDebug2\18_0222_0_segmented.tiff;899.0;(82. 75);116.911687135696;0.964592274678111;33.8325634665319;0.826520633999246;0.909595206574948;855.088488102116;0.983502925294634;0.956032134165315;0.89359864063464;;;;;;;;;;;;;;;;;;;;;;;;;;;;;;;;;;;;;
1;Tube 3;1806240.0;;;;;;;;;;;;;;;;;;;;;;;;;;;;;;;;;;;1806240.0;0.0;624.0;False;J:\Culture Cellulaire 3D Microfluidique\PDX\PTT\20260330\after laser\Analysis\2026-04-01_160454_KSBRU_tube3_after laser_cropped_8bits2\18_0624_0_8bits.tiff;J:\Culture Cellulaire 3D Microfluidique\PDX\PTT\20260330\after laser\Analysis\2026-04-01_160454_KSBRU_tube3_after laser_segmentationDebug2\18_0624_0_segmented.tiff;849.0;(81. 79);112.083259940147;0.959864330130016;32.8782659743507;0.84925095994588;0.899748208980008;751.392739905799;0.985099854751651;0.958359236960676;0.88524166979397;65.40542944830759;37.0;Alive;;;;;;;;;;;;;;;;;
1;Tube 3;1907240.0;1907240.0;0.0;724.0;False;J:\Culture Cellulaire 3D Microfluidique\PDX\PTT\20260330\before merge\Analysis\2026-03-31_154221_KSBRU_tube3_before merge_cropped_8bits2\19_0724_0_8bits.tiff;J:\Culture Cellulaire 3D Microfluidique\PDX\PTT\20260330\before merge\Analysis\2026-03-31_154221_KSBRU_tube3_before merge_segmentationDebug2\19_0724_0_segmented.tiff;839.5;(76. 77);141.497473835945;0.848408287013643;32.693800602028;0.526906057754031;0.795544590501315;710.783577262068;0.98042320777798;0.957530187083683;0.871239789659634;;;;;;;;;;;;;;;;;;;;;;;;;;;;;;;;;;;;;;;;;;;;;;;;;;;;;;
1;Tube 3;2007240.0;;;;;;;;;;;;;;;;;;2007240.0;0.0;724.0;False;J:\Culture Cellulaire 3D Microfluidique\PDX\PTT\20260330\before laser\Analysis\2026-04-01_104049_KSBRU_tube3_before laser_cropped_8bits2\20_0724_0_8bits.tiff;J:\Culture Cellulaire 3D Microfluidique\PDX\PTT\20260330\before laser\Analysis\2026-04-01_104049_KSBRU_tube3_before laser_segmentationDebug2\20_0724_0_segmented.tiff;1012.5;(72. 68);203.296463131904;0.647585545251039;35.9048052361289;0.307854318297498;0.717723214446076;755.583166896813;0.978109853602644;0.947984153151659;0.873137577153683;;;;;;;;;;;;;;;;;;;;;;;;;;;;;;;;;;;;;
1;Tube 3;2013240.0;;;;;;;;;;;;;;;;;;;;;;;;;;;;;;;;;;;2013240.0;0.0;1324.0;False;J:\Culture Cellulaire 3D Microfluidique\PDX\PTT\20260330\after laser\Analysis\2026-04-01_160454_KSBRU_tube3_after laser_cropped_8bits2\20_1324_0_8bits.tiff;J:\Culture Cellulaire 3D Microfluidique\PDX\PTT\20260330\after laser\Analysis\2026-04-01_160454_KSBRU_tube3_after laser_segmentationDebug2\20_1324_0_segmented.tiff;1053.0;(78. 75);199.053822398185;0.68891069676153;36.6158605061539;0.333962106567344;0.665182497951061;744.833694169032;0.979692704286782;0.946530050645842;0.87734160299229;69.3611279967975;37.0;Alive;;;;;;;;;;;;;;;;;
1;Tube 3;203060.0;203060.0;0.0;306.0;False;J:\Culture Cellulaire 3D Microfluidique\PDX\PTT\20260330\before merge\Analysis\2026-03-31_154221_KSBRU_tube3_before merge_cropped_8bits2\2_0306_0_8bits.tiff;J:\Culture Cellulaire 3D Microfluidique\PDX\PTT\20260330\before merge\Analysis\2026-03-31_154221_KSBRU_tube3_before merge_segmentationDebug2\2_0306_0_segmented.tiff;831.5;(77. 63);112.811182022094;0.959607616849394;32.5376502139796;0.821046621010108;0.854227216245748;754.395428094813;0.985394463162485;0.958998988269447;0.871243319165839;;;;;;;;;;;;;;;;;;;;;;;;;;;;;;;;;;;;;;;;;;;;;;;;;;;;;;
1;Tube 3;203080.0;;;;;;;;;;;;;;;;;;203080.0;0.0;308.0;False;J:\Culture Cellulaire 3D Microfluidique\PDX\PTT\20260330\before laser\Analysis\2026-04-01_104049_KSBRU_tube3_before laser_cropped_8bits2\2_0308_0_8bits.tiff;J:\Culture Cellulaire 3D Microfluidique\PDX\PTT\20260330\before laser\Analysis\2026-04-01_104049_KSBRU_tube3_before laser_segmentationDebug2\2_0308_0_segmented.tiff;2402.0;(82. 87);306.994947433471;0.74492169328578;55.3020920621802;0.320273061601699;0.488572980181977;499.932544429596;0.958687571047618;0.883300545658459;0.922529780173133;;;;;;;;;;;;;;;;;;;;;;;;;;;;;;;;;;;;;
1;Tube 3;304050.0;;;;;;;;;;;;;;;;;;304050.0;0.0;405.0;False;J:\Culture Cellulaire 3D Microfluidique\PDX\PTT\20260330\before laser\Analysis\2026-04-01_104049_KSBRU_tube3_before laser_cropped_8bits2\3_0405_0_8bits.tiff;J:\Culture Cellulaire 3D Microfluidique\PDX\PTT\20260330\before laser\Analysis\2026-04-01_104049_KSBRU_tube3_before laser_segmentationDebug2\3_0405_0_segmented.tiff;2474.0;(86. 76);344.450791358947;0.728075338434373;56.1248129945641;0.262032515210416;0.471926997772165;606.275748434831;0.945725027603952;0.87781162577975;0.891999676554904;;;;;;;;;;;;;;;;;;;;;;;;;;;;;;;;;;;;;
1;Tube 3;307050.0;307050.0;0.0;705.0;False;J:\Culture Cellulaire 3D Microfluidique\PDX\PTT\20260330\before merge\Analysis\2026-03-31_154221_KSBRU_tube3_before merge_cropped_8bits2\3_0705_0_8bits.tiff;J:\Culture Cellulaire 3D Microfluidique\PDX\PTT\20260330\before merge\Analysis\2026-03-31_154221_KSBRU_tube3_before merge_segmentationDebug2\3_0705_0_segmented.tiff;851.5;(76. 77);125.154327750206;0.892090099528549;32.9266377321157;0.683129079329665;0.87021776712837;945.075613275613;0.981675975857421;0.957712520893094;0.85292926677235;;;;;;;;;;;;;;;;;;;;;;;;;;;;;;;;;;;;;;;;;;;;;;;;;;;;;;
1;Tube 3;310050.0;;;;;;;;;;;;;;;;;;;;;;;;;;;;;;;;;;;310050.0;0.0;1005.0;False;J:\Culture Cellulaire 3D Microfluidique\PDX\PTT\20260330\after laser\Analysis\2026-04-01_160454_KSBRU_tube3_after laser_cropped_8bits2\3_1005_0_8bits.tiff;J:\Culture Cellulaire 3D Microfluidique\PDX\PTT\20260330\after laser\Analysis\2026-04-01_160454_KSBRU_tube3_after laser_segmentationDebug2\3_1005_0_segmented.tiff;1739.0;(84. 79);314.308655858039;0.665900823281638;47.0548995142317;0.221205929031266;0.424221650785313;778.32846021408;0.966964722297687;0.911324294052522;0.854012985957688;74.74906222663724;74.0;Alive;;;;;;;;;;;;;;;;;
1;Tube 3;408050.0;;;;;;;;;;;;;;;;;;408050.0;0.0;805.0;False;J:\Culture Cellulaire 3D Microfluidique\PDX\PTT\20260330\before laser\Analysis\2026-04-01_104049_KSBRU_tube3_before laser_cropped_8bits2\4_0805_0_8bits.tiff;J:\Culture Cellulaire 3D Microfluidique\PDX\PTT\20260330\before laser\Analysis\2026-04-01_104049_KSBRU_tube3_before laser_segmentationDebug2\4_0805_0_segmented.tiff;1036.0;(78. 74);153.740114450454;0.873524451939291;36.3190882091721;0.550801633230008;0.872408040669794;930.531823374027;0.979043800872146;0.948605281790857;0.883829403074902;;;;;;;;;;;;;;;;;;;;;;;;;;;;;;;;;;;;;
1;Tube 3;410050.0;410050.0;0.0;1005.0;True;J:\Culture Cellulaire 3D Microfluidique\PDX\PTT\20260330\before merge\Analysis\2026-03-31_154221_KSBRU_tube3_before merge_cropped_8bits2\4_1005_0_8bits.tiff;J:\Culture Cellulaire 3D Microfluidique\PDX\PTT\20260330\before merge\Analysis\2026-03-31_154221_KSBRU_tube3_before merge_segmentationDebug2\4_1005_0_segmented.tiff;801.0;(83. 80);109.254832983016;0.966224366706875;31.9353233165544;0.843259155570735;0.979375007226359;995.076290724822;0.984311933592312;0.9605738006188;0.876718596733421;;;;;;;;;;;;;;;;;;;;;;;;;;;;;;;;;;;;;;;;;;;;;;;;;;;;;;
1;Tube 3;410051.0;410051.0;0.0;1005.0;True;J:\Culture Cellulaire 3D Microfluidique\PDX\PTT\20260330\before merge\Analysis\2026-03-31_154221_KSBRU_tube3_before merge_cropped_8bits2\4_1005_1_8bits.tiff;J:\Culture Cellulaire 3D Microfluidique\PDX\PTT\20260330\before merge\Analysis\2026-03-31_154221_KSBRU_tube3_before merge_segmentationDebug2\4_1005_1_segmented.tiff;969.0;(78. 71);189.882249593734;0.711976487876561;35.1250497344612;0.33772631742096;0.58877806067117;621.002858791348;0.980252068945017;0.950362022871106;0.901350520553395;;;;;;;;;;;;;;;;;;;;;;;;;;;;;;;;;;;;;;;;;;;;;;;;;;;;;;
1;Tube 3;513050.0;513050.0;0.0;1305.0;False;J:\Culture Cellulaire 3D Microfluidique\PDX\PTT\20260330\before merge\Analysis\2026-03-31_154221_KSBRU_tube3_before merge_cropped_8bits2\5_1305_0_8bits.tiff;J:\Culture Cellulaire 3D Microfluidique\PDX\PTT\20260330\before merge\Analysis\2026-03-31_154221_KSBRU_tube3_before merge_segmentationDebug2\5_1305_0_segmented.tiff;1058.0;(72. 80);128.568541049957;0.956168097605061;36.7026897969318;0.804314874400642;0.86006586960947;835.588214476495;0.977738483699162;0.948388331649206;0.874194812218655;;;;;;;;;;;;;;;;;;;;;;;;;;;;;;;;;;;;;;;;;;;;;;;;;;;;;;
1;Tube 3;613010.0;;;;;;;;;;;;;;;;;;;;;;;;;;;;;;;;;;;613010.0;0.0;1301.0;False;J:\Culture Cellulaire 3D Microfluidique\PDX\PTT\20260330\after laser\Analysis\2026-04-01_160454_KSBRU_tube3_after laser_cropped_8bits2\6_1301_0_8bits.tiff;J:\Culture Cellulaire 3D Microfluidique\PDX\PTT\20260330\after laser\Analysis\2026-04-01_160454_KSBRU_tube3_after laser_segmentationDebug2\6_1301_0_segmented.tiff;1385.5;(66. 83);199.781744360923;0.777061132922041;42.0008736722293;0.4362192157036;0.696835079983165;772.11891611247;0.970546054670176;0.931315937076561;0.838363682723558;155.15886547956177;62.0;Alive;;;;;;;;;;;;;;;;;
1;Tube 3;614050.0;;;;;;;;;;;;;;;;;;614050.0;0.0;1405.0;False;J:\Culture Cellulaire 3D Microfluidique\PDX\PTT\20260330\before laser\Analysis\2026-04-01_104049_KSBRU_tube3_before laser_cropped_8bits2\6_1405_0_8bits.tiff;J:\Culture Cellulaire 3D Microfluidique\PDX\PTT\20260330\before laser\Analysis\2026-04-01_104049_KSBRU_tube3_before laser_segmentationDebug2\6_1405_0_segmented.tiff;1526.5;(76. 73);200.468036174774;0.810459251393682;44.0862809163828;0.47732743942366;0.799317466487919;752.243461275614;0.972445393104848;0.92506829993702;0.891049202227064;;;;;;;;;;;;;;;;;;;;;;;;;;;;;;;;;;;;;
1;Tube 3;615030.0;615030.0;0.0;1503.0;True;J:\Culture Cellulaire 3D Microfluidique\PDX\PTT\20260330\before merge\Analysis\2026-03-31_154221_KSBRU_tube3_before merge_cropped_8bits2\6_1503_0_8bits.tiff;J:\Culture Cellulaire 3D Microfluidique\PDX\PTT\20260330\before merge\Analysis\2026-03-31_154221_KSBRU_tube3_before merge_segmentationDebug2\6_1503_0_segmented.tiff;969.0;(73. 67);200.710676789283;0.704471101417666;35.1250497344612;0.302268360450997;0.539310304833045;720.797570507735;0.976398786682591;0.949979299742785;0.865399124612626;;;;;;;;;;;;;;;;;;;;;;;;;;;;;;;;;;;;;;;;;;;;;;;;;;;;;;
1;Tube 3;615031.0;615031.0;0.0;1503.0;True;J:\Culture Cellulaire 3D Microfluidique\PDX\PTT\20260330\before merge\Analysis\2026-03-31_154221_KSBRU_tube3_before merge_cropped_8bits2\6_1503_1_8bits.tiff;J:\Culture Cellulaire 3D Microfluidique\PDX\PTT\20260330\before merge\Analysis\2026-03-31_154221_KSBRU_tube3_before merge_segmentationDebug2\6_1503_1_segmented.tiff;572.5;(89. 87);130.325900912284;0.777325186693822;26.9986969937602;0.42356872285569;0.540109434601712;731.947465206433;0.985850068137316;0.969820091674097;0.844058730108731;;;;;;;;;;;;;;;;;;;;;;;;;;;;;;;;;;;;;;;;;;;;;;;;;;;;;;
1;Tube 3;713010.0;713010.0;0.0;1301.0;False;J:\Culture Cellulaire 3D Microfluidique\PDX\PTT\20260330\before merge\Analysis\2026-03-31_154221_KSBRU_tube3_before merge_cropped_8bits2\7_1301_0_8bits.tiff;J:\Culture Cellulaire 3D Microfluidique\PDX\PTT\20260330\before merge\Analysis\2026-03-31_154221_KSBRU_tube3_before merge_segmentationDebug2\7_1301_0_segmented.tiff;1108.0;(76. 73);150.568541526794;0.869701726844584;37.5599442966381;0.614159447782036;0.873384590569578;796.290539419893;0.979526112939141;0.945411399122879;0.891593097935891;;;;;;;;;;;;;;;;;;;;;;;;;;;;;;;;;;;;;;;;;;;;;;;;;;;;;;
1;Tube 3;715030.0;;;;;;;;;;;;;;;;;;715030.0;0.0;1503.0;False;J:\Culture Cellulaire 3D Microfluidique\PDX\PTT\20260330\before laser\Analysis\2026-04-01_104049_KSBRU_tube3_before laser_cropped_8bits2\7_1503_0_8bits.tiff;J:\Culture Cellulaire 3D Microfluidique\PDX\PTT\20260330\before laser\Analysis\2026-04-01_104049_KSBRU_tube3_before laser_segmentationDebug2\7_1503_0_segmented.tiff;2040.0;(81. 73);225.539103984832;0.86661002548853;50.9647787325691;0.503960304827757;0.827853946864753;485.691426851275;0.969766120336985;0.901512651843372;0.916187087037576;;;;;;;;;;;;;;;;;;;;;;;;;;;;;;;;;;;;;
1;Tube 3;807010.0;;;;;;;;;;;;;;;;;;;;;;;;;;;;;;;;;;;807010.0;0.0;701.0;False;J:\Culture Cellulaire 3D Microfluidique\PDX\PTT\20260330\after laser\Analysis\2026-04-01_160454_KSBRU_tube3_after laser_cropped_8bits2\8_0701_0_8bits.tiff;J:\Culture Cellulaire 3D Microfluidique\PDX\PTT\20260330\after laser\Analysis\2026-04-01_160454_KSBRU_tube3_after laser_segmentationDebug2\8_0701_0_segmented.tiff;1155.0;(71. 109);145.740114331245;0.904463586530931;38.3482942797865;0.683334954190859;0.832917386546216;794.577991776581;0.980182424484674;0.943692635225706;0.883860271858878;51.21947603303336;49.0;Alive;;;;;;;;;;;;;;;;;
1;Tube 3;810010.0;810010.0;0.0;1001.0;False;J:\Culture Cellulaire 3D Microfluidique\PDX\PTT\20260330\before merge\Analysis\2026-03-31_154221_KSBRU_tube3_before merge_cropped_8bits2\8_1001_0_8bits.tiff;J:\Culture Cellulaire 3D Microfluidique\PDX\PTT\20260330\before merge\Analysis\2026-03-31_154221_KSBRU_tube3_before merge_segmentationDebug2\8_1001_0_segmented.tiff;876.0;(80. 64);118.911687731742;0.946515397082658;33.3969735333608;0.778511233997924;0.863534010203773;921.147240310077;0.98227068546879;0.956912616740449;0.88397139813547;;;;;;;;;;;;;;;;;;;;;;;;;;;;;;;;;;;;;;;;;;;;;;;;;;;;;;
1;Tube 3;907010.0;907010.0;0.0;701.0;False;J:\Culture Cellulaire 3D Microfluidique\PDX\PTT\20260330\before merge\Analysis\2026-03-31_154221_KSBRU_tube3_before merge_cropped_8bits2\9_0701_0_8bits.tiff;J:\Culture Cellulaire 3D Microfluidique\PDX\PTT\20260330\before merge\Analysis\2026-03-31_154221_KSBRU_tube3_before merge_segmentationDebug2\9_0701_0_segmented.tiff;767.0;(58. 110);110.426406025886;0.937080024434942;31.2501956923771;0.790422606051932;0.91652201871973;853.636732700222;0.982285292270922;0.961997408134586;0.870100790162743;;;;;;;;;;;;;;;;;;;;;;;;;;;;;;;;;;;;;;;;;;;;;;;;;;;;;;
1;Tube 3;907010.0;907010.0;1.0;701.0;False;J:\Culture Cellulaire 3D Microfluidique\PDX\PTT\20260330\before merge\Analysis\2026-03-31_154221_KSBRU_tube3_before merge_cropped_8bits2\9_0701_0_8bits.tiff;J:\Culture Cellulaire 3D Microfluidique\PDX\PTT\20260330\before merge\Analysis\2026-03-31_154221_KSBRU_tube3_before merge_segmentationDebug2\9_0701_0_segmented.tiff;445.0;(96. 64);101.597978830337;0.800359712230215;23.8031846064165;0.541751020989821;0.614004864781111;893.744535799931;0.989379737513334;0.976788398976686;0.849042182878558;;;;;;;;;;;;;;;;;;;;;;;;;;;;;;;;;;;;;;;;;;;;;;;;;;;;;;
1;Tube 3;910010.0;;;;;;;;;;;;;;;;;;910010.0;0.0;1001.0;False;J:\Culture Cellulaire 3D Microfluidique\PDX\PTT\20260330\before laser\Analysis\2026-04-01_104049_KSBRU_tube3_before laser_cropped_8bits2\9_1001_0_8bits.tiff;J:\Culture Cellulaire 3D Microfluidique\PDX\PTT\20260330\before laser\Analysis\2026-04-01_104049_KSBRU_tube3_before laser_segmentationDebug2\9_1001_0_segmented.tiff;1466.5;(81. 49);178.953317523002;0.8708432304038;43.2111767064276;0.575456398591322;0.729460349224827;829.997967755137;0.967344437056241;0.915324135281868;0.873715808531761;;;;;;;;;;;;;;;;;;;;;;;;;;;;;;;;;;;;;
1;Tube 4;1002020.0;;;;;;;;;;;;;;;;;;1002020.0;0.0;202.0;False;J:\Culture Cellulaire 3D Microfluidique\PDX\PTT\20260330\before laser\Analysis\2026-04-01_104928_KSBRU_tube4_before laser_cropped_8bits2\10_0202_0_8bits.tiff;J:\Culture Cellulaire 3D Microfluidique\PDX\PTT\20260330\before laser\Analysis\2026-04-01_104928_KSBRU_tube4_before laser_segmentationDebug2\10_0202_0_segmented.tiff;1505.5;(80. 75);178.811181664466;0.888724911452184;43.7819841327318;0.591699602422631;0.846526030767824;622.289178570756;0.974256566311521;0.926828840818878;0.899771033555286;;;;;;;;;;;;;;;;;;;;;;;;;;;;;;;;;;;;;
1;Tube 4;1005010.0;;;;;;;;;;;;;;;;;;;;;;;;;;;;;;;;;;;1005010.0;0.0;501.0;False;J:\Culture Cellulaire 3D Microfluidique\PDX\PTT\20260330\after laser\Analysis\2026-04-01_161850_KSBRU_tube4_after laser_cropped_8bits2\10_0501_0_8bits.tiff;J:\Culture Cellulaire 3D Microfluidique\PDX\PTT\20260330\after laser\Analysis\2026-04-01_161850_KSBRU_tube4_after laser_segmentationDebug2\10_0501_0_segmented.tiff;1265.5;(69. 84);154.811181783676;0.893083980239943;40.1408102043587;0.663540386869237;0.770493939956431;459.568006535947;0.984426169435249;0.938361302189322;0.911537395665512;301.9630228179164;68.0;Alive;;;;;;;;;;;;;;;;;
1;Tube 4;103070.0;;;;;;;;;;;;;;;;;;103070.0;0.0;307.0;False;J:\Culture Cellulaire 3D Microfluidique\PDX\PTT\20260330\before laser\Analysis\2026-04-01_104928_KSBRU_tube4_before laser_cropped_8bits2\1_0307_0_8bits.tiff;J:\Culture Cellulaire 3D Microfluidique\PDX\PTT\20260330\before laser\Analysis\2026-04-01_104928_KSBRU_tube4_before laser_segmentationDebug2\1_0307_0_segmented.tiff;1726.0;(79. 69);187.882249593734;0.885582349923037;46.8786886998014;0.614439535732989;0.661655747336063;821.087517308913;0.973627040214012;0.917266998044814;0.912782776543645;;;;;;;;;;;;;;;;;;;;;;;;;;;;;;;;;;;;;
1;Tube 4;1102020.0;;;;;;;;;;;;;;;;;;;;;;;;;;;;;;;;;;;1102020.0;0.0;202.0;False;J:\Culture Cellulaire 3D Microfluidique\PDX\PTT\20260330\after laser\Analysis\2026-04-01_161850_KSBRU_tube4_after laser_cropped_8bits2\11_0202_0_8bits.tiff;J:\Culture Cellulaire 3D Microfluidique\PDX\PTT\20260330\after laser\Analysis\2026-04-01_161850_KSBRU_tube4_after laser_segmentationDebug2\11_0202_0_segmented.tiff;1798.0;(84. 70);232.024385213851;0.824014665444546;47.8464701042179;0.419693545482113;0.62912482188696;572.775275600375;0.972476606753432;0.912416398372057;0.904723426171271;66.36025323587411;75.0;Alive;;;;;;;;;;;;;;;;;
1;Tube 4;1102050.0;;;;;;;;;;;;;;;;;;1102050.0;0.0;205.0;False;J:\Culture Cellulaire 3D Microfluidique\PDX\PTT\20260330\before laser\Analysis\2026-04-01_104928_KSBRU_tube4_before laser_cropped_8bits2\11_0205_0_8bits.tiff;J:\Culture Cellulaire 3D Microfluidique\PDX\PTT\20260330\before laser\Analysis\2026-04-01_104928_KSBRU_tube4_before laser_segmentationDebug2\11_0205_0_segmented.tiff;1604.0;(90. 69);216.166520237922;0.760369755866319;45.1915504243348;0.431357511359356;0.552866633196364;581.120240354206;0.975280837422803;0.921758585063967;0.916114443097187;;;;;;;;;;;;;;;;;;;;;;;;;;;;;;;;;;;;;
1;Tube 4;1102060.0;1102060.0;0.0;206.0;False;J:\Culture Cellulaire 3D Microfluidique\PDX\PTT\20260330\before merge\Analysis\2026-03-31_155105_KSBRU_tube4_before merge_cropped_8bits2\11_0206_0_8bits.tiff;J:\Culture Cellulaire 3D Microfluidique\PDX\PTT\20260330\before merge\Analysis\2026-03-31_155105_KSBRU_tube4_before merge_segmentationDebug2\11_0206_0_segmented.tiff;1096.5;(76. 78);132.325900912284;0.95264986967854;37.3645174035756;0.786916734524292;0.900892037186357;555.510657824768;0.987757395586846;0.946860384682777;0.918489104643777;;;;;;;;;;;;;;;;;;;;;;;;;;;;;;;;;;;;;;;;;;;;;;;;;;;;;;
1;Tube 4;1202050.0;;;;;;;;;;;;;;;;;;;;;;;;;;;;;;;;;;;1202050.0;0.0;205.0;False;J:\Culture Cellulaire 3D Microfluidique\PDX\PTT\20260330\after laser\Analysis\2026-04-01_161850_KSBRU_tube4_after laser_cropped_8bits2\12_0205_0_8bits.tiff;J:\Culture Cellulaire 3D Microfluidique\PDX\PTT\20260330\after laser\Analysis\2026-04-01_161850_KSBRU_tube4_after laser_segmentationDebug2\12_0205_0_segmented.tiff;1557.5;(92. 80);221.923879504203;0.728143992519869;44.5316807556711;0.397401816352739;0.720843005202938;505.694664127611;0.975262987607243;0.923523765161623;0.894004231388862;109.05451687992057;62.0;Alive;;;;;;;;;;;;;;;;;
1;Tube 4;1202080.0;;;;;;;;;;;;;;;;;;1202080.0;0.0;208.0;False;J:\Culture Cellulaire 3D Microfluidique\PDX\PTT\20260330\before laser\Analysis\2026-04-01_104928_KSBRU_tube4_before laser_cropped_8bits2\12_0208_0_8bits.tiff;J:\Culture Cellulaire 3D Microfluidique\PDX\PTT\20260330\before laser\Analysis\2026-04-01_104928_KSBRU_tube4_before laser_segmentationDebug2\12_0208_0_segmented.tiff;1277.5;(75. 76);196.468036055564;0.823131443298969;40.3306771378707;0.41589812757783;0.77686033341936;530.982539682539;0.979795336896008;0.936687451143111;0.90875769522917;;;;;;;;;;;;;;;;;;;;;;;;;;;;;;;;;;;;;
1;Tube 4;1302130.0;1302130.0;0.0;213.0;False;J:\Culture Cellulaire 3D Microfluidique\PDX\PTT\20260330\before merge\Analysis\2026-03-31_155105_KSBRU_tube4_before merge_cropped_8bits2\13_0213_0_8bits.tiff;J:\Culture Cellulaire 3D Microfluidique\PDX\PTT\20260330\before merge\Analysis\2026-03-31_155105_KSBRU_tube4_before merge_segmentationDebug2\13_0213_0_segmented.tiff;920.0;(79. 71);183.539103984832;0.785988893635198;34.2254347109916;0.343194624612847;0.915639654181841;554.191978902953;0.987132506492948;0.952893923016217;0.893135682415646;;;;;;;;;;;;;;;;;;;;;;;;;;;;;;;;;;;;;;;;;;;;;;;;;;;;;;
1;Tube 4;1402140.0;;;;;;;;;;;;;;;;;;1402140.0;0.0;214.0;False;J:\Culture Cellulaire 3D Microfluidique\PDX\PTT\20260330\before laser\Analysis\2026-04-01_104928_KSBRU_tube4_before laser_cropped_8bits2\14_0214_0_8bits.tiff;J:\Culture Cellulaire 3D Microfluidique\PDX\PTT\20260330\before laser\Analysis\2026-04-01_104928_KSBRU_tube4_before laser_segmentationDebug2\14_0214_0_segmented.tiff;1291.5;(86. 78);161.497473716735;0.895941727367325;40.5510649924938;0.622261323435523;0.781599116752237;538.095721562996;0.981504148018163;0.936949499716282;0.909897519521055;;;;;;;;;;;;;;;;;;;;;;;;;;;;;;;;;;;;;
1;Tube 4;1502170.0;;;;;;;;;;;;;;;;;;1502170.0;0.0;217.0;False;J:\Culture Cellulaire 3D Microfluidique\PDX\PTT\20260330\before laser\Analysis\2026-04-01_104928_KSBRU_tube4_before laser_cropped_8bits2\15_0217_0_8bits.tiff;J:\Culture Cellulaire 3D Microfluidique\PDX\PTT\20260330\before laser\Analysis\2026-04-01_104928_KSBRU_tube4_before laser_segmentationDebug2\15_0217_0_segmented.tiff;1212.0;(86. 67);148.225395798683;0.91230711328566;39.2831557823326;0.693213874569895;0.840658842535236;813.313069919274;0.97800110037457;0.940798113593701;0.869986327332904;;;;;;;;;;;;;;;;;;;;;;;;;;;;;;;;;;;;;
1;Tube 4;1502190.0;1502190.0;0.0;219.0;False;J:\Culture Cellulaire 3D Microfluidique\PDX\PTT\20260330\before merge\Analysis\2026-03-31_155105_KSBRU_tube4_before merge_cropped_8bits2\15_0219_0_8bits.tiff;J:\Culture Cellulaire 3D Microfluidique\PDX\PTT\20260330\before merge\Analysis\2026-03-31_155105_KSBRU_tube4_before merge_segmentationDebug2\15_0219_0_segmented.tiff;1029.0;(82. 74);128.083260059356;0.950138504155124;36.1961806207848;0.78820737260876;0.952552953594237;695.275160730358;0.986892544948604;0.949904593310957;0.906041814716654;;;;;;;;;;;;;;;;;;;;;;;;;;;;;;;;;;;;;;;;;;;;;;;;;;;;;;
1;Tube 4;1602210.0;;;;;;;;;;;;;;;;;;1602210.0;0.0;221.0;False;J:\Culture Cellulaire 3D Microfluidique\PDX\PTT\20260330\before laser\Analysis\2026-04-01_104928_KSBRU_tube4_before laser_cropped_8bits2\16_0221_0_8bits.tiff;J:\Culture Cellulaire 3D Microfluidique\PDX\PTT\20260330\before laser\Analysis\2026-04-01_104928_KSBRU_tube4_before laser_segmentationDebug2\16_0221_0_segmented.tiff;1190.5;(75. 67);139.982754945755;0.942223981005144;38.9331693804551;0.763466861072811;0.867490686589948;687.602660101573;0.978410177726087;0.942216767350818;0.870887657927395;;;;;;;;;;;;;;;;;;;;;;;;;;;;;;;;;;;;;
1;Tube 4;1602220.0;1602220.0;0.0;222.0;False;J:\Culture Cellulaire 3D Microfluidique\PDX\PTT\20260330\before merge\Analysis\2026-03-31_155105_KSBRU_tube4_before merge_cropped_8bits2\16_0222_0_8bits.tiff;J:\Culture Cellulaire 3D Microfluidique\PDX\PTT\20260330\before merge\Analysis\2026-03-31_155105_KSBRU_tube4_before merge_segmentationDebug2\16_0222_0_segmented.tiff;993.0;(69. 74);128.769551992416;0.937677053824362;35.5573743114141;0.752545465221984;0.84507342754408;770.860851102114;0.982571714464016;0.951266687336662;0.880710462241199;;;;;;;;;;;;;;;;;;;;;;;;;;;;;;;;;;;;;;;;;;;;;;;;;;;;;;
1;Tube 4;1702190.0;;;;;;;;;;;;;;;;;;;;;;;;;;;;;;;;;;;1702190.0;0.0;219.0;False;J:\Culture Cellulaire 3D Microfluidique\PDX\PTT\20260330\after laser\Analysis\2026-04-01_161850_KSBRU_tube4_after laser_cropped_8bits2\17_0219_0_8bits.tiff;J:\Culture Cellulaire 3D Microfluidique\PDX\PTT\20260330\after laser\Analysis\2026-04-01_161850_KSBRU_tube4_after laser_segmentationDebug2\17_0219_0_segmented.tiff;1144.5;(74. 74);167.154328107833;0.847150259067357;38.1735858801527;0.514742951711893;0.662930171572341;729.346020602473;0.982530373429702;0.943220000366023;0.874413265006194;63.7003869705102;37.0;Alive;;;;;;;;;;;;;;;;;
1;Tube 4;1703240.0;;;;;;;;;;;;;;;;;;1703240.0;0.0;324.0;False;J:\Culture Cellulaire 3D Microfluidique\PDX\PTT\20260330\before laser\Analysis\2026-04-01_104928_KSBRU_tube4_before laser_cropped_8bits2\17_0324_0_8bits.tiff;J:\Culture Cellulaire 3D Microfluidique\PDX\PTT\20260330\before laser\Analysis\2026-04-01_104928_KSBRU_tube4_before laser_segmentationDebug2\17_0324_0_segmented.tiff;1101.0;(79. 71);162.568541407585;0.86015625;37.4411102767187;0.523509014814937;0.576101093562025;728.274079464187;0.981636487348291;0.945254943439722;0.873794880928784;;;;;;;;;;;;;;;;;;;;;;;;;;;;;;;;;;;;;
1;Tube 4;1704240.0;1704240.0;0.0;424.0;False;J:\Culture Cellulaire 3D Microfluidique\PDX\PTT\20260330\before merge\Analysis\2026-03-31_155105_KSBRU_tube4_before merge_cropped_8bits2\17_0424_0_8bits.tiff;J:\Culture Cellulaire 3D Microfluidique\PDX\PTT\20260330\before merge\Analysis\2026-03-31_155105_KSBRU_tube4_before merge_segmentationDebug2\17_0424_0_segmented.tiff;1121.5;(74. 76);178.811181902885;0.788677918424753;37.7880688765711;0.440777882661824;0.669837068856474;724.763888547403;0.97836161657117;0.944107547265176;0.904301876892216;;;;;;;;;;;;;;;;;;;;;;;;;;;;;;;;;;;;;;;;;;;;;;;;;;;;;;
1;Tube 4;1802220.0;;;;;;;;;;;;;;;;;;;;;;;;;;;;;;;;;;;1802220.0;0.0;222.0;False;J:\Culture Cellulaire 3D Microfluidique\PDX\PTT\20260330\after laser\Analysis\2026-04-01_161850_KSBRU_tube4_after laser_cropped_8bits2\18_0222_0_8bits.tiff;J:\Culture Cellulaire 3D Microfluidique\PDX\PTT\20260330\after laser\Analysis\2026-04-01_161850_KSBRU_tube4_after laser_segmentationDebug2\18_0222_0_segmented.tiff;994.5;(78. 78);134.325900673866;0.910714285714285;35.5842201999582;0.692620160995631;0.81710182198671;808.333400460299;0.986339498112099;0.951045565008175;0.868650081631083;97.46022803089836;37.0;Alive;;;;;;;;;;;;;;;;;
1;Tube 4;1806240.0;;;;;;;;;;;;;;;;;;1806240.0;0.0;624.0;False;J:\Culture Cellulaire 3D Microfluidique\PDX\PTT\20260330\before laser\Analysis\2026-04-01_104928_KSBRU_tube4_before laser_cropped_8bits2\18_0624_0_8bits.tiff;J:\Culture Cellulaire 3D Microfluidique\PDX\PTT\20260330\before laser\Analysis\2026-04-01_104928_KSBRU_tube4_before laser_segmentationDebug2\18_0624_0_segmented.tiff;1434.0;(77. 73);222.225395679473;0.779771615008156;42.7296794646323;0.36489813111307;0.886235501847836;793.051549573324;0.972473469454756;0.928751342932775;0.895704976678852;;;;;;;;;;;;;;;;;;;;;;;;;;;;;;;;;;;;;
1;Tube 4;1807240.0;1807240.0;0.0;724.0;False;J:\Culture Cellulaire 3D Microfluidique\PDX\PTT\20260330\before merge\Analysis\2026-03-31_155105_KSBRU_tube4_before merge_cropped_8bits2\18_0724_0_8bits.tiff;J:\Culture Cellulaire 3D Microfluidique\PDX\PTT\20260330\before merge\Analysis\2026-03-31_155105_KSBRU_tube4_before merge_segmentationDebug2\18_0724_0_segmented.tiff;854.0;(90. 82);130.083260178565;0.874551971326164;32.9749385322221;0.634198059933275;0.826915897581957;661.069972800061;0.987999856639414;0.95742627347542;0.912196091794927;;;;;;;;;;;;;;;;;;;;;;;;;;;;;;;;;;;;;;;;;;;;;;;;;;;;;;
1;Tube 4;1905240.0;;;;;;;;;;;;;;;;;;;;;;;;;;;;;;;;;;;1905240.0;1.0;524.0;False;J:\Culture Cellulaire 3D Microfluidique\PDX\PTT\20260330\after laser\Analysis\2026-04-01_161850_KSBRU_tube4_after laser_cropped_8bits2\19_0524_0_8bits.tiff;J:\Culture Cellulaire 3D Microfluidique\PDX\PTT\20260330\after laser\Analysis\2026-04-01_161850_KSBRU_tube4_after laser_segmentationDebug2\19_0524_0_segmented.tiff;1114.5;(88. 73);189.982754826545;0.781556802244039;37.6699545076356;0.38802666862725;0.759792791646297;708.398181196727;0.980292344407938;0.944117357373113;0.891785747435085;54.39085504173649;37.0;Alive;;;;;;;;;;;;;;;;;
1;Tube 4;1909240.0;;;;;;;;;;;;;;;;;;1909240.0;1.0;924.0;False;J:\Culture Cellulaire 3D Microfluidique\PDX\PTT\20260330\before laser\Analysis\2026-04-01_104928_KSBRU_tube4_before laser_cropped_8bits2\19_0924_0_8bits.tiff;J:\Culture Cellulaire 3D Microfluidique\PDX\PTT\20260330\before laser\Analysis\2026-04-01_104928_KSBRU_tube4_before laser_segmentationDebug2\19_0924_0_segmented.tiff;1003.5;(64. 62);167.982755064964;0.796428571428571;35.7448721237289;0.446887123577589;0.778902082924839;864.256609804749;0.982609022141276;0.949608287603046;0.877078430610865;;;;;;;;;;;;;;;;;;;;;;;;;;;;;;;;;;;;;
1;Tube 4;1910240.0;1910240.0;0.0;1024.0;False;J:\Culture Cellulaire 3D Microfluidique\PDX\PTT\20260330\before merge\Analysis\2026-03-31_155105_KSBRU_tube4_before merge_cropped_8bits2\19_1024_0_8bits.tiff;J:\Culture Cellulaire 3D Microfluidique\PDX\PTT\20260330\before merge\Analysis\2026-03-31_155105_KSBRU_tube4_before merge_segmentationDebug2\19_1024_0_segmented.tiff;857.0;(72. 79);166.568541526794;0.753737906772207;33.0328062664684;0.388154584323682;0.646798571474797;617.545246177936;0.985527602247697;0.956066859569543;0.893026128409857;;;;;;;;;;;;;;;;;;;;;;;;;;;;;;;;;;;;;;;;;;;;;;;;;;;;;;
1;Tube 4;2008240.0;;;;;;;;;;;;;;;;;;;;;;;;;;;;;;;;;;;2008240.0;0.0;824.0;False;J:\Culture Cellulaire 3D Microfluidique\PDX\PTT\20260330\after laser\Analysis\2026-04-01_161850_KSBRU_tube4_after laser_cropped_8bits2\20_0824_0_8bits.tiff;J:\Culture Cellulaire 3D Microfluidique\PDX\PTT\20260330\after laser\Analysis\2026-04-01_161850_KSBRU_tube4_after laser_segmentationDebug2\20_0824_0_segmented.tiff;1013.5;(62. 67);133.982754707336;0.903700401248328;35.9225316283399;0.709472900692169;0.903479246943157;660.366903502254;0.983581021575494;0.950295986865057;0.862783111990141;87.98019185434492;37.0;Alive;;;;;;;;;;;;;;;;;
1;Tube 4;2013240.0;2013240.0;0.0;1324.0;False;J:\Culture Cellulaire 3D Microfluidique\PDX\PTT\20260330\before merge\Analysis\2026-03-31_155105_KSBRU_tube4_before merge_cropped_8bits2\20_1324_0_8bits.tiff;J:\Culture Cellulaire 3D Microfluidique\PDX\PTT\20260330\before merge\Analysis\2026-03-31_155105_KSBRU_tube4_before merge_segmentationDebug2\20_1324_0_segmented.tiff;775.0;(81. 72);190.367530703544;0.685234305923961;31.412746571571;0.2687359781387;0.654388954328777;476.212247574088;0.985343205953075;0.959394474686479;0.903194206825059;;;;;;;;;;;;;;;;;;;;;;;;;;;;;;;;;;;;;;;;;;;;;;;;;;;;;;
1;Tube 4;203070.0;;;;;;;;;;;;;;;;;;;;;;;;;;;;;;;;;;;203070.0;0.0;307.0;False;J:\Culture Cellulaire 3D Microfluidique\PDX\PTT\20260330\after laser\Analysis\2026-04-01_161850_KSBRU_tube4_after laser_cropped_8bits2\2_0307_0_8bits.tiff;J:\Culture Cellulaire 3D Microfluidique\PDX\PTT\20260330\after laser\Analysis\2026-04-01_161850_KSBRU_tube4_after laser_segmentationDebug2\2_0307_0_segmented.tiff;2147.0;(77. 69);197.338093161582;0.906289573659772;52.2842739506478;0.692819421693597;0.964488503347726;710.93218532852;0.974150555426512;0.898152029781436;0.905268444265794;248.4246890150786;50.0;Alive;;;;;;;;;;;;;;;;;
1;Tube 4;205050.0;;;;;;;;;;;;;;;;;;205050.0;0.0;505.0;False;J:\Culture Cellulaire 3D Microfluidique\PDX\PTT\20260330\before laser\Analysis\2026-04-01_104928_KSBRU_tube4_before laser_cropped_8bits2\2_0505_0_8bits.tiff;J:\Culture Cellulaire 3D Microfluidique\PDX\PTT\20260330\before laser\Analysis\2026-04-01_104928_KSBRU_tube4_before laser_segmentationDebug2\2_0505_0_segmented.tiff;1696.5;(75. 82);187.296463131904;0.86755305548453;46.4763476151386;0.607721463959338;0.778991217243845;868.107531354779;0.968190662137128;0.917743869163921;0.834654634895034;;;;;;;;;;;;;;;;;;;;;;;;;;;;;;;;;;;;;
1;Tube 4;207050.0;207050.0;0.0;705.0;False;J:\Culture Cellulaire 3D Microfluidique\PDX\PTT\20260330\before merge\Analysis\2026-03-31_155105_KSBRU_tube4_before merge_cropped_8bits2\2_0705_0_8bits.tiff;J:\Culture Cellulaire 3D Microfluidique\PDX\PTT\20260330\before merge\Analysis\2026-03-31_155105_KSBRU_tube4_before merge_segmentationDebug2\2_0705_0_segmented.tiff;1444.5;(79. 72);148.953316926956;0.963;42.8858312542725;0.81813891962838;0.95477139897938;951.514015517711;0.977109491209451;0.930668991240468;0.855874288293558;;;;;;;;;;;;;;;;;;;;;;;;;;;;;;;;;;;;;;;;;;;;;;;;;;;;;;
1;Tube 4;305050.0;;;;;;;;;;;;;;;;;;;;;;;;;;;;;;;;;;;305050.0;0.0;505.0;False;J:\Culture Cellulaire 3D Microfluidique\PDX\PTT\20260330\after laser\Analysis\2026-04-01_161850_KSBRU_tube4_after laser_cropped_8bits2\3_0505_0_8bits.tiff;J:\Culture Cellulaire 3D Microfluidique\PDX\PTT\20260330\after laser\Analysis\2026-04-01_161850_KSBRU_tube4_after laser_segmentationDebug2\3_0505_0_segmented.tiff;1878.0;(78. 65);204.710676550865;0.87880205896116;48.8993237684595;0.563150487961257;0.716367021406539;888.69132817537;0.969215329405143;0.909032057197857;0.837035114269611;147.5884768781414;88.0;Alive;;;;;;;;;;;;;;;;;
1;Tube 4;309050.0;;;;;;;;;;;;;;;;;;309050.0;0.0;905.0;False;J:\Culture Cellulaire 3D Microfluidique\PDX\PTT\20260330\before laser\Analysis\2026-04-01_104928_KSBRU_tube4_before laser_cropped_8bits2\3_0905_0_8bits.tiff;J:\Culture Cellulaire 3D Microfluidique\PDX\PTT\20260330\before laser\Analysis\2026-04-01_104928_KSBRU_tube4_before laser_segmentationDebug2\3_0905_0_segmented.tiff;1577.0;(87. 83);167.396968245506;0.91261574074074;44.8095833728383;0.707206723726647;0.848805351244014;785.952492161816;0.977802270842618;0.924264654316832;0.897555099123289;;;;;;;;;;;;;;;;;;;;;;;;;;;;;;;;;;;;;
1;Tube 4;310050.0;310050.0;0.0;1005.0;False;J:\Culture Cellulaire 3D Microfluidique\PDX\PTT\20260330\before merge\Analysis\2026-03-31_155105_KSBRU_tube4_before merge_cropped_8bits2\3_1005_0_8bits.tiff;J:\Culture Cellulaire 3D Microfluidique\PDX\PTT\20260330\before merge\Analysis\2026-03-31_155105_KSBRU_tube4_before merge_segmentationDebug2\3_1005_0_segmented.tiff;1913.5;(80. 91);262.752306818962;0.735395849346656;49.359334161339;0.348293408473574;0.652446523300664;812.797974220134;0.966449886638437;0.90583958392807;0.878928885260687;;;;;;;;;;;;;;;;;;;;;;;;;;;;;;;;;;;;;;;;;;;;;;;;;;;;;;
1;Tube 4;407050.0;;;;;;;;;;;;;;;;;;;;;;;;;;;;;;;;;;;407050.0;0.0;705.0;False;J:\Culture Cellulaire 3D Microfluidique\PDX\PTT\20260330\after laser\Analysis\2026-04-01_161850_KSBRU_tube4_after laser_cropped_8bits2\4_0705_0_8bits.tiff;J:\Culture Cellulaire 3D Microfluidique\PDX\PTT\20260330\after laser\Analysis\2026-04-01_161850_KSBRU_tube4_after laser_segmentationDebug2\4_0705_0_segmented.tiff;1848.0;(76. 82);232.852812051773;0.830188679245283;48.5071817226127;0.428300771578;0.833910598258638;705.411128150928;0.968368605673303;0.9097148795143;0.886538191086298;339.64446157723853;46.0;Alive;;;;;;;;;;;;;;;;;
1;Tube 4;412050.0;412050.0;0.0;1205.0;False;J:\Culture Cellulaire 3D Microfluidique\PDX\PTT\20260330\before merge\Analysis\2026-03-31_155105_KSBRU_tube4_before merge_cropped_8bits2\4_1205_0_8bits.tiff;J:\Culture Cellulaire 3D Microfluidique\PDX\PTT\20260330\before merge\Analysis\2026-03-31_155105_KSBRU_tube4_before merge_segmentationDebug2\4_1205_0_segmented.tiff;1484.0;(79. 70);165.882249832153;0.901032179720704;43.4682353493557;0.677710057782125;0.779197623844317;794.61811404676;0.974548019476246;0.928446401332753;0.873740253575755;412050.0;0.0;1205.0;False;J:\Culture Cellulaire 3D Microfluidique\PDX\PTT\20260330\before laser\Analysis\2026-04-01_104928_KSBRU_tube4_before laser_cropped_8bits2\4_1205_0_8bits.tiff;J:\Culture Cellulaire 3D Microfluidique\PDX\PTT\20260330\before laser\Analysis\2026-04-01_104928_KSBRU_tube4_before laser_segmentationDebug2\4_1205_0_segmented.tiff;1517.0;(79. 79);161.882249593734;0.924436319317489;43.9488838238611;0.727439673168748;0.885089865871526;775.894339936263;0.972138717891264;0.927074702203554;0.863494166249988;;;;;;;;;;;;;;;;;;;;;;;;;;;;;;;;;;;;;
1;Tube 4;511050.0;;;;;;;;;;;;;;;;;;;;;;;;;;;;;;;;;;;511050.0;0.0;1105.0;False;J:\Culture Cellulaire 3D Microfluidique\PDX\PTT\20260330\after laser\Analysis\2026-04-01_161850_KSBRU_tube4_after laser_cropped_8bits2\5_1105_0_8bits.tiff;J:\Culture Cellulaire 3D Microfluidique\PDX\PTT\20260330\after laser\Analysis\2026-04-01_161850_KSBRU_tube4_after laser_segmentationDebug2\5_1105_0_segmented.tiff;1425.0;(84. 67);159.882249712944;0.909671241621449;42.5953794588991;0.700525949011171;0.844031333560411;922.854545595943;0.977555051094095;0.930998884946809;0.814596646914437;59.16497397956916;68.0;Alive;;;;;;;;;;;;;;;;;
1;Tube 4;515030.0;515030.0;0.0;1503.0;False;J:\Culture Cellulaire 3D Microfluidique\PDX\PTT\20260330\before merge\Analysis\2026-03-31_155105_KSBRU_tube4_before merge_cropped_8bits2\5_1503_0_8bits.tiff;J:\Culture Cellulaire 3D Microfluidique\PDX\PTT\20260330\before merge\Analysis\2026-03-31_155105_KSBRU_tube4_before merge_segmentationDebug2\5_1503_0_segmented.tiff;2105.0;(73. 59);307.823374271392;0.697135287299221;51.7703509903836;0.279163590375157;0.532477007457411;699.436682786594;0.960498620810977;0.895901847478227;0.887879312668928;;;;;;;;;;;;;;;;;;;;;;;;;;;;;;;;;;;;;;;;;;;;;;;;;;;;;;
1;Tube 4;613010.0;613010.0;0.0;1301.0;False;J:\Culture Cellulaire 3D Microfluidique\PDX\PTT\20260330\before merge\Analysis\2026-03-31_155105_KSBRU_tube4_before merge_cropped_8bits2\6_1301_0_8bits.tiff;J:\Culture Cellulaire 3D Microfluidique\PDX\PTT\20260330\before merge\Analysis\2026-03-31_155105_KSBRU_tube4_before merge_segmentationDebug2\6_1301_0_segmented.tiff;1141.0;(83. 78);177.882249474525;0.811233558478492;38.1151717894963;0.453137790555303;0.694871699873576;950.318282123435;0.982441344536251;0.943043318102793;0.859773758833748;;;;;;;;;;;;;;;;;;;;;;;;;;;;;;;;;;;;;;;;;;;;;;;;;;;;;;
1;Tube 4;614010.0;;;;;;;;;;;;;;;;;;614010.0;0.0;1401.0;False;J:\Culture Cellulaire 3D Microfluidique\PDX\PTT\20260330\before laser\Analysis\2026-04-01_104928_KSBRU_tube4_before laser_cropped_8bits2\6_1401_0_8bits.tiff;J:\Culture Cellulaire 3D Microfluidique\PDX\PTT\20260330\before laser\Analysis\2026-04-01_104928_KSBRU_tube4_before laser_segmentationDebug2\6_1401_0_segmented.tiff;1423.5;(76. 77);155.781744718551;0.926456231695411;42.5729549353871;0.737113233894352;0.859681102279998;721.961478586229;0.981239627862442;0.926448385174187;0.848004826833605;;;;;;;;;;;;;;;;;;;;;;;;;;;;;;;;;;;;;
1;Tube 4;614050.0;;;;;;;;;;;;;;;;;;;;;;;;;;;;;;;;;;;614050.0;0.0;1405.0;False;J:\Culture Cellulaire 3D Microfluidique\PDX\PTT\20260330\after laser\Analysis\2026-04-01_161850_KSBRU_tube4_after laser_cropped_8bits2\6_1405_0_8bits.tiff;J:\Culture Cellulaire 3D Microfluidique\PDX\PTT\20260330\after laser\Analysis\2026-04-01_161850_KSBRU_tube4_after laser_segmentationDebug2\6_1405_0_segmented.tiff;1451.5;(77. 77);167.982754945755;0.908891671884783;42.9896173416685;0.646394280810675;0.689152849299407;1062.15076190476;0.975994005776556;0.93087016812376;0.830829218272484;210.40224176019697;62.0;Alive;;;;;;;;;;;;;;;;;
1;Tube 4;710010.0;710010.0;0.0;1001.0;False;J:\Culture Cellulaire 3D Microfluidique\PDX\PTT\20260330\before merge\Analysis\2026-03-31_155105_KSBRU_tube4_before merge_cropped_8bits2\7_1001_0_8bits.tiff;J:\Culture Cellulaire 3D Microfluidique\PDX\PTT\20260330\before merge\Analysis\2026-03-31_155105_KSBRU_tube4_before merge_segmentationDebug2\7_1001_0_segmented.tiff;1976.5;(76. 88);215.92387998104;0.838565973695375;50.1653063398306;0.532727764305713;0.72998395677485;877.7284504101;0.962291262199671;0.904424572054099;0.857646804282526;;;;;;;;;;;;;;;;;;;;;;;;;;;;;;;;;;;;;;;;;;;;;;;;;;;;;;
1;Tube 4;715020.0;;;;;;;;;;;;;;;;;;;;;;;;;;;;;;;;;;;715020.0;0.0;1502.0;False;J:\Culture Cellulaire 3D Microfluidique\PDX\PTT\20260330\after laser\Analysis\2026-04-01_161850_KSBRU_tube4_after laser_cropped_8bits2\7_1502_0_8bits.tiff;J:\Culture Cellulaire 3D Microfluidique\PDX\PTT\20260330\after laser\Analysis\2026-04-01_161850_KSBRU_tube4_after laser_segmentationDebug2\7_1502_0_segmented.tiff;1763.0;(75. 80);192.367530822753;0.887267237040764;47.3784900283672;0.598685355900752;0.707656686108106;878.054019416922;0.976981402794272;0.91483958897571;0.848404657531136;112.8056103310748;82.0;Alive;;;;;;;;;;;;;;;;;
1;Tube 4;807010.0;807010.0;0.0;701.0;False;J:\Culture Cellulaire 3D Microfluidique\PDX\PTT\20260330\before merge\Analysis\2026-03-31_155105_KSBRU_tube4_before merge_cropped_8bits2\8_0701_0_8bits.tiff;J:\Culture Cellulaire 3D Microfluidique\PDX\PTT\20260330\before merge\Analysis\2026-03-31_155105_KSBRU_tube4_before merge_segmentationDebug2\8_0701_0_segmented.tiff;1119.0;(78. 76);138.225394964218;0.9325;37.7459276023076;0.73597704914961;0.727787785928642;788.800500151208;0.98168944015229;0.945668338064865;0.890703153737777;;;;;;;;;;;;;;;;;;;;;;;;;;;;;;;;;;;;;;;;;;;;;;;;;;;;;;
1;Tube 4;808010.0;;;;;;;;;;;;;;;;;;808010.0;0.0;801.0;False;J:\Culture Cellulaire 3D Microfluidique\PDX\PTT\20260330\before laser\Analysis\2026-04-01_104928_KSBRU_tube4_before laser_cropped_8bits2\8_0801_0_8bits.tiff;J:\Culture Cellulaire 3D Microfluidique\PDX\PTT\20260330\before laser\Analysis\2026-04-01_104928_KSBRU_tube4_before laser_segmentationDebug2\8_0801_0_segmented.tiff;1551.0;(70. 84);211.882249474525;0.810556571727201;44.4386603520429;0.434142708904722;0.818730095584908;584.240920855716;0.976221779920161;0.923789703873787;0.902363887313272;;;;;;;;;;;;;;;;;;;;;;;;;;;;;;;;;;;;;
1;Tube 4;904010.0;904010.0;0.0;401.0;False;J:\Culture Cellulaire 3D Microfluidique\PDX\PTT\20260330\before merge\Analysis\2026-03-31_155105_KSBRU_tube4_before merge_cropped_8bits2\9_0401_0_8bits.tiff;J:\Culture Cellulaire 3D Microfluidique\PDX\PTT\20260330\before merge\Analysis\2026-03-31_155105_KSBRU_tube4_before merge_segmentationDebug2\9_0401_0_segmented.tiff;1194.5;(73. 72);163.982754945755;0.86307803468208;38.9985209486994;0.55821263364026;0.747353348113312;839.698986474908;0.976760245124714;0.94115393376659;0.874005231295428;;;;;;;;;;;;;;;;;;;;;;;;;;;;;;;;;;;;;;;;;;;;;;;;;;;;;;
1;Tube 4;905010.0;;;;;;;;;;;;;;;;;;905010.0;0.0;501.0;False;J:\Culture Cellulaire 3D Microfluidique\PDX\PTT\20260330\before laser\Analysis\2026-04-01_104928_KSBRU_tube4_before laser_cropped_8bits2\9_0501_0_8bits.tiff;J:\Culture Cellulaire 3D Microfluidique\PDX\PTT\20260330\before laser\Analysis\2026-04-01_104928_KSBRU_tube4_before laser_segmentationDebug2\9_0501_0_segmented.tiff;1221.0;(79. 78);138.568541049957;0.954279015240328;39.42873931692;0.799090999627032;0.963668267840096;786.501036826918;0.983362592572225;0.940970993294565;0.889458987810915;;;;;;;;;;;;;;;;;;;;;;;;;;;;;;;;;;;;;
1;Tube 4;908010.0;;;;;;;;;;;;;;;;;;;;;;;;;;;;;;;;;;;908010.0;1.0;801.0;False;J:\Culture Cellulaire 3D Microfluidique\PDX\PTT\20260330\after laser\Analysis\2026-04-01_161850_KSBRU_tube4_after laser_cropped_8bits2\9_0801_0_8bits.tiff;J:\Culture Cellulaire 3D Microfluidique\PDX\PTT\20260330\after laser\Analysis\2026-04-01_161850_KSBRU_tube4_after laser_segmentationDebug2\9_0801_0_segmented.tiff;1414.5;(88. 77);194.468036174774;0.845487148834429;42.4381589613391;0.470020022308075;0.70129757136426;792.20594138695;0.9772727119418;0.931711641381852;0.881301638482626;60.32440286447138;72.0;Alive;;;;;;;;;;;;;;;;;
1;Tube 5;1005010.0;1005010.0;0.0;501.0;False;J:\Culture Cellulaire 3D Microfluidique\PDX\PTT\20260330\before merge\Analysis\2026-03-31_160012_KSBRU_tube5_before merge_cropped_8bits2\10_0501_0_8bits.tiff;J:\Culture Cellulaire 3D Microfluidique\PDX\PTT\20260330\before merge\Analysis\2026-03-31_160012_KSBRU_tube5_before merge_segmentationDebug2\10_0501_0_segmented.tiff;936.0;(74. 68);134.911687374115;0.90566037735849;34.5217643505095;0.646229180131301;0.877620330226405;1156.01239243447;0.983483595691412;0.954030159762351;0.841621789781103;;;;;;;;;;;;;;;;;;1005010.0;0.0;501.0;False;J:\Culture Cellulaire 3D Microfluidique\PDX\PTT\20260330\after laser\Analysis\2026-04-01_163008_KSBRU_tube5_after laser_cropped_8bits2\10_0501_0_8bits.tiff;J:\Culture Cellulaire 3D Microfluidique\PDX\PTT\20260330\after laser\Analysis\2026-04-01_163008_KSBRU_tube5_after laser_segmentationDebug2\10_0501_0_segmented.tiff;1408.0;(80. 75);278.852812170982;0.642482318046999;42.3405394272098;0.227542466595363;0.596222244106467;819.343576863805;0.970067377833662;0.92787601541072;0.828928005232363;176.98340919536827;65.0;Alive;;;;;;;;;;;;;;;;;
1;Tube 5;103100.0;103100.0;0.0;310.0;False;J:\Culture Cellulaire 3D Microfluidique\PDX\PTT\20260330\before merge\Analysis\2026-03-31_160012_KSBRU_tube5_before merge_cropped_8bits2\1_0310_0_8bits.tiff;J:\Culture Cellulaire 3D Microfluidique\PDX\PTT\20260330\before merge\Analysis\2026-03-31_160012_KSBRU_tube5_before merge_segmentationDebug2\1_0310_0_segmented.tiff;452.5;(95. 81);95.3553383350372;0.880350194552529;24.002935112037;0.625371988737585;0.590813337417525;551.320934799685;0.99357298955246;0.976817016522028;0.904177134504884;103100.0;0.0;310.0;False;J:\Culture Cellulaire 3D Microfluidique\PDX\PTT\20260330\before laser\Analysis\2026-04-01_110311_KSBRU_tube5_before laser_cropped_8bits2\1_0310_0_8bits.tiff;J:\Culture Cellulaire 3D Microfluidique\PDX\PTT\20260330\before laser\Analysis\2026-04-01_110311_KSBRU_tube5_before laser_segmentationDebug2\1_0310_0_segmented.tiff;1555.0;(80. 77);178.225395441055;0.895221646516983;44.495926690689;0.615178407364763;0.843285950020155;568.414720218471;0.981135454358667;0.92462162776055;0.906919218329737;103100.0;0.0;310.0;False;J:\Culture Cellulaire 3D Microfluidique\PDX\PTT\20260330\after laser\Analysis\2026-04-01_163008_KSBRU_tube5_after laser_cropped_8bits2\1_0310_0_8bits.tiff;J:\Culture Cellulaire 3D Microfluidique\PDX\PTT\20260330\after laser\Analysis\2026-04-01_163008_KSBRU_tube5_after laser_segmentationDebug2\1_0310_0_segmented.tiff;1568.0;(78. 68);191.053822755813;0.860120680197476;44.6815354049604;0.539814391536084;0.792420059750183;639.632590014523;0.983220018828388;0.924178766584115;0.909785371907297;75.97669281065136;82.0;Alive;0.0;0.0;0.0;;;;13.0;;12.828427314757988;-0.03510096631950699;0.18560871427140313;-0.07536401582867902;-0.050865890269972014;71.21786979605201;0.002084564469721051;-0.00044286117643499434;0.0028661535775600377
1;Tube 5;1102020.0;;;;;;;;;;;;;;;;;;;;;;;;;;;;;;;;;;;1102020.0;0.0;202.0;False;J:\Culture Cellulaire 3D Microfluidique\PDX\PTT\20260330\after laser\Analysis\2026-04-01_163008_KSBRU_tube5_after laser_cropped_8bits2\11_0202_0_8bits.tiff;J:\Culture Cellulaire 3D Microfluidique\PDX\PTT\20260330\after laser\Analysis\2026-04-01_163008_KSBRU_tube5_after laser_segmentationDebug2\11_0202_0_segmented.tiff;1782.0;(79. 77);199.681238651275;0.849988075363701;47.633106855611;0.561620613672678;0.830828715810844;665.984013473361;0.972976411438314;0.913974210883185;0.865359328374516;39.5365249751657;62.0;Dead;;;;;;;;;;;;;;;;;
1;Tube 5;1102030.0;;;;;;;;;;;;;;;;;;1102030.0;0.0;203.0;False;J:\Culture Cellulaire 3D Microfluidique\PDX\PTT\20260330\before laser\Analysis\2026-04-01_110311_KSBRU_tube5_before laser_cropped_8bits2\11_0203_0_8bits.tiff;J:\Culture Cellulaire 3D Microfluidique\PDX\PTT\20260330\before laser\Analysis\2026-04-01_110311_KSBRU_tube5_before laser_segmentationDebug2\11_0203_0_segmented.tiff;1783.0;(74. 78);187.882249474525;0.896430367018602;47.6464700503908;0.634730992817001;0.937689874027158;785.089590250514;0.969553592755803;0.914192471102163;0.893592090092814;;;;;;;;;;;;;;;;;;;;;;;;;;;;;;;;;;;;;
1;Tube 5;1103010.0;1103010.0;0.0;301.0;False;J:\Culture Cellulaire 3D Microfluidique\PDX\PTT\20260330\before merge\Analysis\2026-03-31_160012_KSBRU_tube5_before merge_cropped_8bits2\11_0301_0_8bits.tiff;J:\Culture Cellulaire 3D Microfluidique\PDX\PTT\20260330\before merge\Analysis\2026-03-31_160012_KSBRU_tube5_before merge_segmentationDebug2\11_0301_0_segmented.tiff;1942.0;(81. 77);206.509665727615;0.873397796267146;49.7255587789185;0.572240145117766;0.485882033628161;654.549269340974;0.970406927927654;0.906828229740082;0.899675787227157;;;;;;;;;;;;;;;;;;;;;;;;;;;;;;;;;;;;;;;;;;;;;;;;;;;;;;
1;Tube 5;1202050.0;1202050.0;0.0;205.0;True;J:\Culture Cellulaire 3D Microfluidique\PDX\PTT\20260330\before merge\Analysis\2026-03-31_160012_KSBRU_tube5_before merge_cropped_8bits2\12_0205_0_8bits.tiff;J:\Culture Cellulaire 3D Microfluidique\PDX\PTT\20260330\before merge\Analysis\2026-03-31_160012_KSBRU_tube5_before merge_segmentationDebug2\12_0205_0_segmented.tiff;724.0;(81. 76);116.769551992416;0.894932014833127;30.3615781933063;0.667250952316966;0.691015109486109;689.368399531062;0.982817500168941;0.963780943674732;0.897909428664314;;;;;;;;;;;;;;;;;;1202050.0;0.0;205.0;False;J:\Culture Cellulaire 3D Microfluidique\PDX\PTT\20260330\after laser\Analysis\2026-04-01_163008_KSBRU_tube5_after laser_cropped_8bits2\12_0205_0_8bits.tiff;J:\Culture Cellulaire 3D Microfluidique\PDX\PTT\20260330\after laser\Analysis\2026-04-01_163008_KSBRU_tube5_after laser_segmentationDebug2\12_0205_0_segmented.tiff;1593.5;(84. 80);245.580734014511;0.779408168256297;45.043392573556;0.332026957380482;0.767058970793188;584.051902358043;0.973004428036405;0.920899281131829;0.899937098417521;47.87759277655049;55.0;Dead;;;;;;;;;;;;;;;;;
1;Tube 5;1202051.0;1202051.0;0.0;205.0;True;J:\Culture Cellulaire 3D Microfluidique\PDX\PTT\20260330\before merge\Analysis\2026-03-31_160012_KSBRU_tube5_before merge_cropped_8bits2\12_0205_1_8bits.tiff;J:\Culture Cellulaire 3D Microfluidique\PDX\PTT\20260330\before merge\Analysis\2026-03-31_160012_KSBRU_tube5_before merge_segmentationDebug2\12_0205_1_segmented.tiff;698.5;(78. 76);119.012192487716;0.857581338244321;29.8221029103836;0.619716932414818;0.916410030542743;836.255329716232;0.985727701232162;0.964730047931772;0.88087662113722;;;;;;;;;;;;;;;;;;;;;;;;;;;;;;;;;;;;;;;;;;;;;;;;;;;;;;
1;Tube 5;1202060.0;;;;;;;;;;;;;;;;;;1202060.0;0.0;206.0;False;J:\Culture Cellulaire 3D Microfluidique\PDX\PTT\20260330\before laser\Analysis\2026-04-01_110311_KSBRU_tube5_before laser_cropped_8bits2\12_0206_0_8bits.tiff;J:\Culture Cellulaire 3D Microfluidique\PDX\PTT\20260330\before laser\Analysis\2026-04-01_110311_KSBRU_tube5_before laser_segmentationDebug2\12_0206_0_segmented.tiff;2495.5;(72. 69);380.693431735038;0.652588912133891;56.3681584219903;0.216379777858752;0.79402335561246;696.131576223884;0.942679698979337;0.875830615301667;0.89457950109342;;;;;;;;;;;;;;;;;;;;;;;;;;;;;;;;;;;;;
1;Tube 5;1302090.0;;;;;;;;;;;;;;;;;;1302090.0;0.0;209.0;False;J:\Culture Cellulaire 3D Microfluidique\PDX\PTT\20260330\before laser\Analysis\2026-04-01_110311_KSBRU_tube5_before laser_cropped_8bits2\13_0209_0_8bits.tiff;J:\Culture Cellulaire 3D Microfluidique\PDX\PTT\20260330\before laser\Analysis\2026-04-01_110311_KSBRU_tube5_before laser_segmentationDebug2\13_0209_0_segmented.tiff;805.5;(80. 81);137.012192726135;0.849683544303797;32.0249036420747;0.539208804793949;0.845650965924167;655.980420509354;0.986273940739001;0.959500068037224;0.911787673138984;;;;;;;;;;;;;;;;;;;;;;;;;;;;;;;;;;;;;
1;Tube 5;1402110.0;1402110.0;0.0;211.0;True;J:\Culture Cellulaire 3D Microfluidique\PDX\PTT\20260330\before merge\Analysis\2026-03-31_160012_KSBRU_tube5_before merge_cropped_8bits2\14_0211_0_8bits.tiff;J:\Culture Cellulaire 3D Microfluidique\PDX\PTT\20260330\before merge\Analysis\2026-03-31_160012_KSBRU_tube5_before merge_segmentationDebug2\14_0211_0_segmented.tiff;1029.5;(83. 76);176.468036413192;0.778449905482041;36.2049735713872;0.415435981283335;0.743768345902275;420.865736080352;0.976727528925871;0.948033798722261;0.903745198250976;;;;;;;;;;;;;;;;;;1402110.0;0.0;211.0;False;J:\Culture Cellulaire 3D Microfluidique\PDX\PTT\20260330\after laser\Analysis\2026-04-01_163008_KSBRU_tube5_after laser_cropped_8bits2\14_0211_0_8bits.tiff;J:\Culture Cellulaire 3D Microfluidique\PDX\PTT\20260330\after laser\Analysis\2026-04-01_163008_KSBRU_tube5_after laser_segmentationDebug2\14_0211_0_segmented.tiff;401.0;(51. 76);101.941124677658;0.772639691714836;22.5957752121674;0.484903585345343;0.916733554250245;459.257337965166;0.991970832358672;0.978544581391349;0.884905609554455;77.78403783711657;77.0;Alive;;;;;;;;;;;;;;;;;
1;Tube 5;1402110.0;1402110.0;0.0;211.0;True;J:\Culture Cellulaire 3D Microfluidique\PDX\PTT\20260330\before merge\Analysis\2026-03-31_160012_KSBRU_tube5_before merge_cropped_8bits2\14_0211_0_8bits.tiff;J:\Culture Cellulaire 3D Microfluidique\PDX\PTT\20260330\before merge\Analysis\2026-03-31_160012_KSBRU_tube5_before merge_segmentationDebug2\14_0211_0_segmented.tiff;1029.5;(83. 76);176.468036413192;0.778449905482041;36.2049735713872;0.415435981283335;0.743768345902275;420.865736080352;0.976727528925871;0.948033798722261;0.903745198250976;;;;;;;;;;;;;;;;;;1402110.0;1.0;211.0;False;J:\Culture Cellulaire 3D Microfluidique\PDX\PTT\20260330\after laser\Analysis\2026-04-01_163008_KSBRU_tube5_after laser_cropped_8bits2\14_0211_0_8bits.tiff;J:\Culture Cellulaire 3D Microfluidique\PDX\PTT\20260330\after laser\Analysis\2026-04-01_163008_KSBRU_tube5_after laser_segmentationDebug2\14_0211_0_segmented.tiff;571.0;(95. 69);194.911687254905;0.525782688766114;26.963304323539;0.188873144274307;0.625694842569289;314.69752750245;0.986548297661444;0.967999642178876;0.872311839345218;44.36520527228789;59.0;Dead;;;;;;;;;;;;;;;;;
1;Tube 5;1402111.0;1402111.0;0.0;211.0;True;J:\Culture Cellulaire 3D Microfluidique\PDX\PTT\20260330\before merge\Analysis\2026-03-31_160012_KSBRU_tube5_before merge_cropped_8bits2\14_0211_1_8bits.tiff;J:\Culture Cellulaire 3D Microfluidique\PDX\PTT\20260330\before merge\Analysis\2026-03-31_160012_KSBRU_tube5_before merge_segmentationDebug2\14_0211_1_segmented.tiff;466.5;(68. 76);100.183765411376;0.847411444141689;24.3714227655866;0.584072570040615;0.826300909534004;712.232752795774;0.990985916245134;0.975645491117928;0.877407640663062;;;;;;;;;;;;;;;;;;;;;;;;;;;;;;;;;;;;;;;;;;;;;;;;;;;;;;
1;Tube 5;1402120.0;;;;;;;;;;;;;;;;;;1402120.0;0.0;212.0;False;J:\Culture Cellulaire 3D Microfluidique\PDX\PTT\20260330\before laser\Analysis\2026-04-01_110311_KSBRU_tube5_before laser_cropped_8bits2\14_0212_0_8bits.tiff;J:\Culture Cellulaire 3D Microfluidique\PDX\PTT\20260330\before laser\Analysis\2026-04-01_110311_KSBRU_tube5_before laser_segmentationDebug2\14_0212_0_segmented.tiff;750.0;(82. 68);124.083260297775;0.874125874125874;30.9019361618551;0.612131509291899;0.78978771190794;666.130283094099;0.985171225122903;0.962231969587868;0.90590712022456;;;;;;;;;;;;;;;;;;;;;;;;;;;;;;;;;;;;;
1;Tube 5;1502130.0;;;;;;;;;;;;;;;;;;;;;;;;;;;;;;;;;;;1502130.0;0.0;213.0;False;J:\Culture Cellulaire 3D Microfluidique\PDX\PTT\20260330\after laser\Analysis\2026-04-01_163008_KSBRU_tube5_after laser_cropped_8bits2\15_0213_0_8bits.tiff;J:\Culture Cellulaire 3D Microfluidique\PDX\PTT\20260330\after laser\Analysis\2026-04-01_163008_KSBRU_tube5_after laser_segmentationDebug2\15_0213_0_segmented.tiff;912.5;(88. 86);127.497473597526;0.907960199004975;34.0856433791535;0.705406697554038;0.820186154729843;651.077723396007;0.987715707204061;0.955069343747382;0.909184902882652;56.30050261686956;37.0;Alive;;;;;;;;;;;;;;;;;
1;Tube 5;1502140.0;1502140.0;0.0;214.0;False;J:\Culture Cellulaire 3D Microfluidique\PDX\PTT\20260330\before merge\Analysis\2026-03-31_160012_KSBRU_tube5_before merge_cropped_8bits2\15_0214_0_8bits.tiff;J:\Culture Cellulaire 3D Microfluidique\PDX\PTT\20260330\before merge\Analysis\2026-03-31_160012_KSBRU_tube5_before merge_segmentationDebug2\15_0214_0_segmented.tiff;844.5;(79. 76);126.669046640396;0.881984334203655;32.7910169944276;0.661406584512779;0.938742607181816;647.373710145337;0.983802378198904;0.958041912607443;0.900270515087875;;;;;;;;;;;;;;;;;;;;;;;;;;;;;;;;;;;;;;;;;;;;;;;;;;;;;;
1;Tube 5;1502150.0;;;;;;;;;;;;;;;;;;1502150.0;0.0;215.0;False;J:\Culture Cellulaire 3D Microfluidique\PDX\PTT\20260330\before laser\Analysis\2026-04-01_110311_KSBRU_tube5_before laser_cropped_8bits2\15_0215_0_8bits.tiff;J:\Culture Cellulaire 3D Microfluidique\PDX\PTT\20260330\before laser\Analysis\2026-04-01_110311_KSBRU_tube5_before laser_segmentationDebug2\15_0215_0_segmented.tiff;999.0;(84. 79);141.740114212036;0.882898806893504;35.664636619352;0.624870173816374;0.851464095568907;732.314548611111;0.980558842762711;0.950589206201182;0.891856456627141;;;;;;;;;;;;;;;;;;;;;;;;;;;;;;;;;;;;;
1;Tube 5;1602160.0;;;;;;;;;;;;;;;;;;;;;;;;;;;;;;;;;;;1602160.0;0.0;216.0;False;J:\Culture Cellulaire 3D Microfluidique\PDX\PTT\20260330\after laser\Analysis\2026-04-01_163008_KSBRU_tube5_after laser_cropped_8bits2\16_0216_0_8bits.tiff;J:\Culture Cellulaire 3D Microfluidique\PDX\PTT\20260330\after laser\Analysis\2026-04-01_163008_KSBRU_tube5_after laser_segmentationDebug2\16_0216_0_segmented.tiff;1464.5;(75. 68);185.781744360923;0.841666666666666;43.1817011390779;0.533203716045596;0.672989667007492;626.759950476889;0.975978535527844;0.928799496889764;0.903410610446707;108.71350838436109;37.0;Alive;;;;;;;;;;;;;;;;;
1;Tube 5;1602170.0;1602170.0;0.0;217.0;False;J:\Culture Cellulaire 3D Microfluidique\PDX\PTT\20260330\before merge\Analysis\2026-03-31_160012_KSBRU_tube5_before merge_cropped_8bits2\16_0217_0_8bits.tiff;J:\Culture Cellulaire 3D Microfluidique\PDX\PTT\20260330\before merge\Analysis\2026-03-31_160012_KSBRU_tube5_before merge_segmentationDebug2\16_0217_0_segmented.tiff;449.0;(105. 90);150.083260059356;0.638237384506041;23.9099258799789;0.250490751419397;0.901802875480885;806.125890736342;0.989918620323989;0.97509518824983;0.850429662027932;;;;;;;;;;;;;;;;;;;;;;;;;;;;;;;;;;;;;;;;;;;;;;;;;;;;;;
1;Tube 5;1602170.0;1602170.0;1.0;217.0;False;J:\Culture Cellulaire 3D Microfluidique\PDX\PTT\20260330\before merge\Analysis\2026-03-31_160012_KSBRU_tube5_before merge_cropped_8bits2\16_0217_0_8bits.tiff;J:\Culture Cellulaire 3D Microfluidique\PDX\PTT\20260330\before merge\Analysis\2026-03-31_160012_KSBRU_tube5_before merge_segmentationDebug2\16_0217_0_segmented.tiff;991.0;(42. 43);130.911686897277;0.920148560817084;35.521548232482;0.726652346450008;0.87986704244383;625.448028625377;0.978944064798023;0.951244069280734;0.890969436985692;;;;;;;;;;;;;;;;;;;;;;;;;;;;;;;;;;;;;;;;;;;;;;;;;;;;;;
1;Tube 5;1602180.0;;;;;;;;;;;;;;;;;;1602180.0;0.0;218.0;False;J:\Culture Cellulaire 3D Microfluidique\PDX\PTT\20260330\before laser\Analysis\2026-04-01_110311_KSBRU_tube5_before laser_cropped_8bits2\16_0218_0_8bits.tiff;J:\Culture Cellulaire 3D Microfluidique\PDX\PTT\20260330\before laser\Analysis\2026-04-01_110311_KSBRU_tube5_before laser_segmentationDebug2\16_0218_0_segmented.tiff;1254.0;(85. 80);143.053822875022;0.942148760330578;39.9580078219359;0.770031452003122;0.772397656805045;729.815252525252;0.973311824649211;0.939322296493455;0.886068558540263;;;;;;;;;;;;;;;;;;;;;;;;;;;;;;;;;;;;;
1;Tube 5;1702190.0;;;;;;;;;;;;;;;;;;;;;;;;;;;;;;;;;;;1702190.0;0.0;219.0;False;J:\Culture Cellulaire 3D Microfluidique\PDX\PTT\20260330\after laser\Analysis\2026-04-01_163008_KSBRU_tube5_after laser_cropped_8bits2\17_0219_0_8bits.tiff;J:\Culture Cellulaire 3D Microfluidique\PDX\PTT\20260330\after laser\Analysis\2026-04-01_163008_KSBRU_tube5_after laser_segmentationDebug2\17_0219_0_segmented.tiff;1180.0;(77. 71);149.740114331245;0.886884629838406;38.7610972856483;0.661325928800043;0.793155766985772;674.234218145078;0.977403241207741;0.942375981351481;0.891648615542768;56.43690601509335;37.0;Alive;;;;;;;;;;;;;;;;;
1;Tube 5;1702200.0;1702200.0;0.0;220.0;False;J:\Culture Cellulaire 3D Microfluidique\PDX\PTT\20260330\before merge\Analysis\2026-03-31_160012_KSBRU_tube5_before merge_cropped_8bits2\17_0220_0_8bits.tiff;J:\Culture Cellulaire 3D Microfluidique\PDX\PTT\20260330\before merge\Analysis\2026-03-31_160012_KSBRU_tube5_before merge_segmentationDebug2\17_0220_0_segmented.tiff;694.0;(83. 76);115.941124916076;0.880710659898477;29.72588508432;0.64877531154455;0.818415491671446;685.075641025641;0.985147029139133;0.965131611476504;0.893258073872368;;;;;;;;;;;;;;;;;;;;;;;;;;;;;;;;;;;;;;;;;;;;;;;;;;;;;;
1;Tube 5;1702210.0;;;;;;;;;;;;;;;;;;1702210.0;0.0;221.0;False;J:\Culture Cellulaire 3D Microfluidique\PDX\PTT\20260330\before laser\Analysis\2026-04-01_110311_KSBRU_tube5_before laser_cropped_8bits2\17_0221_0_8bits.tiff;J:\Culture Cellulaire 3D Microfluidique\PDX\PTT\20260330\before laser\Analysis\2026-04-01_110311_KSBRU_tube5_before laser_segmentationDebug2\17_0221_0_segmented.tiff;1284.5;(75. 79);220.610171556472;0.722644163150492;40.4410211939846;0.331659856062502;0.62435604723823;795.007748986592;0.972683670323796;0.935475478686918;0.88060096742774;;;;;;;;;;;;;;;;;;;;;;;;;;;;;;;;;;;;;
1;Tube 5;1802220.0;;;;;;;;;;;;;;;;;;;;;;;;;;;;;;;;;;;1802220.0;0.0;222.0;False;J:\Culture Cellulaire 3D Microfluidique\PDX\PTT\20260330\after laser\Analysis\2026-04-01_163008_KSBRU_tube5_after laser_cropped_8bits2\18_0222_0_8bits.tiff;J:\Culture Cellulaire 3D Microfluidique\PDX\PTT\20260330\after laser\Analysis\2026-04-01_163008_KSBRU_tube5_after laser_segmentationDebug2\18_0222_0_segmented.tiff;1091.5;(75. 82);188.325900912284;0.792665214233841;37.2792296470625;0.386735016610648;0.659109465457769;692.720674530605;0.981211983522287;0.945176472108819;0.869496442366701;55.41388052841492;37.0;Alive;;;;;;;;;;;;;;;;;
1;Tube 5;1802230.0;1802230.0;0.0;223.0;False;J:\Culture Cellulaire 3D Microfluidique\PDX\PTT\20260330\before merge\Analysis\2026-03-31_160012_KSBRU_tube5_before merge_cropped_8bits2\18_0223_0_8bits.tiff;J:\Culture Cellulaire 3D Microfluidique\PDX\PTT\20260330\before merge\Analysis\2026-03-31_160012_KSBRU_tube5_before merge_segmentationDebug2\18_0223_0_segmented.tiff;731.0;(82. 72);113.254833221435;0.918341708542713;30.508000708034;0.716166086103066;0.852558025476745;893.196398305084;0.985321721344777;0.963613367455771;0.877510087539638;;;;;;;;;;;;;;;;;;;;;;;;;;;;;;;;;;;;;;;;;;;;;;;;;;;;;;
1;Tube 5;1803240.0;;;;;;;;;;;;;;;;;;1803240.0;0.0;324.0;False;J:\Culture Cellulaire 3D Microfluidique\PDX\PTT\20260330\before laser\Analysis\2026-04-01_110311_KSBRU_tube5_before laser_cropped_8bits2\18_0324_0_8bits.tiff;J:\Culture Cellulaire 3D Microfluidique\PDX\PTT\20260330\before laser\Analysis\2026-04-01_110311_KSBRU_tube5_before laser_segmentationDebug2\18_0324_0_segmented.tiff;916.5;(80. 70);137.840619683265;0.88125;34.160269945505;0.606160872778464;0.859119408389691;711.625974055121;0.98343142578942;0.954299743288259;0.898296203618787;;;;;;;;;;;;;;;;;;;;;;;;;;;;;;;;;;;;;
1;Tube 5;1905240.0;1905240.0;0.0;524.0;False;J:\Culture Cellulaire 3D Microfluidique\PDX\PTT\20260330\before merge\Analysis\2026-03-31_160012_KSBRU_tube5_before merge_cropped_8bits2\19_0524_0_8bits.tiff;J:\Culture Cellulaire 3D Microfluidique\PDX\PTT\20260330\before merge\Analysis\2026-03-31_160012_KSBRU_tube5_before merge_segmentationDebug2\19_0524_0_segmented.tiff;676.0;(78. 78);127.740114569664;0.877352368591823;29.3378583444833;0.520597355032406;0.8714182525489;744.481775188282;0.986255684260895;0.96540024847001;0.861863083397534;;;;;;;;;;;;;;;;;;;;;;;;;;;;;;;;;;;;;;;;;;;;;;;;;;;;;;
1;Tube 5;1906240.0;;;;;;;;;;;;;;;;;;1906240.0;0.0;624.0;False;J:\Culture Cellulaire 3D Microfluidique\PDX\PTT\20260330\before laser\Analysis\2026-04-01_110311_KSBRU_tube5_before laser_cropped_8bits2\19_0624_0_8bits.tiff;J:\Culture Cellulaire 3D Microfluidique\PDX\PTT\20260330\before laser\Analysis\2026-04-01_110311_KSBRU_tube5_before laser_segmentationDebug2\19_0624_0_segmented.tiff;1753.0;(87. 67);231.681239247322;0.814023682377525;47.2439300008026;0.410402544786532;0.865725347453819;554.091550854794;0.964292712330296;0.914342715607508;0.907650884853688;;;;;;;;;;;;;;;;;;;;;;;;;;;;;;;;;;;;;
1;Tube 5;2007240.0;;;;;;;;;;;;;;;;;;;;;;;;;;;;;;;;;;;2007240.0;0.0;724.0;False;J:\Culture Cellulaire 3D Microfluidique\PDX\PTT\20260330\after laser\Analysis\2026-04-01_163008_KSBRU_tube5_after laser_cropped_8bits2\20_0724_0_8bits.tiff;J:\Culture Cellulaire 3D Microfluidique\PDX\PTT\20260330\after laser\Analysis\2026-04-01_163008_KSBRU_tube5_after laser_segmentationDebug2\20_0724_0_segmented.tiff;1131.0;(71. 80);170.225395441055;0.780538302277432;37.9477789217691;0.490482780922554;0.719848300440017;832.530919436462;0.979457645674463;0.943779331227315;0.87626933221864;88.93501564191146;37.0;Alive;;;;;;;;;;;;;;;;;
1;Tube 5;2008240.0;2008240.0;0.0;824.0;False;J:\Culture Cellulaire 3D Microfluidique\PDX\PTT\20260330\before merge\Analysis\2026-03-31_160012_KSBRU_tube5_before merge_cropped_8bits2\20_0824_0_8bits.tiff;J:\Culture Cellulaire 3D Microfluidique\PDX\PTT\20260330\before merge\Analysis\2026-03-31_160012_KSBRU_tube5_before merge_segmentationDebug2\20_0824_0_segmented.tiff;767.5;(80. 81);110.183765292167;0.944615384615384;31.2603798854754;0.79442523193103;0.856888314411783;844.037371303846;0.983135032046836;0.962046139641927;0.882073482728957;;;;;;;;;;;;;;;;;;;;;;;;;;;;;;;;;;;;;;;;;;;;;;;;;;;;;;
1;Tube 5;2009240.0;;;;;;;;;;;;;;;;;;2009240.0;0.0;924.0;False;J:\Culture Cellulaire 3D Microfluidique\PDX\PTT\20260330\before laser\Analysis\2026-04-01_110311_KSBRU_tube5_before laser_cropped_8bits2\20_0924_0_8bits.tiff;J:\Culture Cellulaire 3D Microfluidique\PDX\PTT\20260330\before laser\Analysis\2026-04-01_110311_KSBRU_tube5_before laser_segmentationDebug2\20_0924_0_segmented.tiff;1330.5;(73. 65);162.468036174774;0.875041104899704;41.1587805245749;0.63341578347767;0.754156053805281;826.262909393099;0.970794300806822;0.934938522625546;0.882421658240536;;;;;;;;;;;;;;;;;;;;;;;;;;;;;;;;;;;;;
1;Tube 5;203060.0;;;;;;;;;;;;;;;;;;203060.0;0.0;306.0;False;J:\Culture Cellulaire 3D Microfluidique\PDX\PTT\20260330\before laser\Analysis\2026-04-01_110311_KSBRU_tube5_before laser_cropped_8bits2\2_0306_0_8bits.tiff;J:\Culture Cellulaire 3D Microfluidique\PDX\PTT\20260330\before laser\Analysis\2026-04-01_110311_KSBRU_tube5_before laser_segmentationDebug2\2_0306_0_segmented.tiff;1624.5;(80. 96);168.124890565872;0.918575063613231;45.4794199657633;0.722213413779207;0.897418378327408;694.781809264548;0.973761397535894;0.922092016162372;0.897927544138238;;;;;;;;;;;;;;;;;;;;;;;;;;;;;;;;;;;;;
1;Tube 5;203070.0;203070.0;0.0;307.0;False;J:\Culture Cellulaire 3D Microfluidique\PDX\PTT\20260330\before merge\Analysis\2026-03-31_160012_KSBRU_tube5_before merge_cropped_8bits2\2_0307_0_8bits.tiff;J:\Culture Cellulaire 3D Microfluidique\PDX\PTT\20260330\before merge\Analysis\2026-03-31_160012_KSBRU_tube5_before merge_segmentationDebug2\2_0307_0_segmented.tiff;1224.5;(81. 76);140.953317642211;0.944101773323053;39.4852101745477;0.77449398407316;0.811638684736544;669.858571092989;0.980556240603931;0.940876725616714;0.903727152496691;;;;;;;;;;;;;;;;;;203070.0;0.0;307.0;False;J:\Culture Cellulaire 3D Microfluidique\PDX\PTT\20260330\after laser\Analysis\2026-04-01_163008_KSBRU_tube5_after laser_cropped_8bits2\2_0307_0_8bits.tiff;J:\Culture Cellulaire 3D Microfluidique\PDX\PTT\20260330\after laser\Analysis\2026-04-01_163008_KSBRU_tube5_after laser_segmentationDebug2\2_0307_0_segmented.tiff;2730.5;(71. 74);348.551296710968;0.716196721311475;58.9625353669545;0.282435081192687;0.510294773876843;471.898067181679;0.959348176406841;0.867614466161732;0.919405217819075;198.1259359200558;49.0;Alive;;;;;;;;;;;;;;;;;
1;Tube 5;305050.0;305050.0;0.0;505.0;False;J:\Culture Cellulaire 3D Microfluidique\PDX\PTT\20260330\before merge\Analysis\2026-03-31_160012_KSBRU_tube5_before merge_cropped_8bits2\3_0505_0_8bits.tiff;J:\Culture Cellulaire 3D Microfluidique\PDX\PTT\20260330\before merge\Analysis\2026-03-31_160012_KSBRU_tube5_before merge_segmentationDebug2\3_0505_0_segmented.tiff;1194.5;(79. 71);145.639609217643;0.920261941448382;38.9985209486994;0.707680140407426;0.89748298942102;910.610632336022;0.976492189501901;0.941659117413623;0.863203545905473;;;;;;;;;;;;;;;;;;;;;;;;;;;;;;;;;;;;;;;;;;;;;;;;;;;;;;
1;Tube 5;306050.0;;;;;;;;;;;;;;;;;;;;;;;;;;;;;;;;;;;306050.0;0.0;605.0;False;J:\Culture Cellulaire 3D Microfluidique\PDX\PTT\20260330\after laser\Analysis\2026-04-01_163008_KSBRU_tube5_after laser_cropped_8bits2\3_0605_0_8bits.tiff;J:\Culture Cellulaire 3D Microfluidique\PDX\PTT\20260330\after laser\Analysis\2026-04-01_163008_KSBRU_tube5_after laser_segmentationDebug2\3_0605_0_segmented.tiff;2006.5;(77. 71);330.551296591758;0.655826115378329;50.5445857289492;0.230765721458019;0.562228379770581;936.736480126872;0.967185893332555;0.892320555360507;0.84858514267751;128.38969857814288;87.0;Alive;;;;;;;;;;;;;;;;;
1;Tube 5;408050.0;408050.0;0.0;805.0;False;J:\Culture Cellulaire 3D Microfluidique\PDX\PTT\20260330\before merge\Analysis\2026-03-31_160012_KSBRU_tube5_before merge_cropped_8bits2\4_0805_0_8bits.tiff;J:\Culture Cellulaire 3D Microfluidique\PDX\PTT\20260330\before merge\Analysis\2026-03-31_160012_KSBRU_tube5_before merge_segmentationDebug2\4_0805_0_segmented.tiff;1263.0;(70. 76);162.225395679473;0.879832810867293;40.1011414426137;0.603080839021236;0.773864330687036;1048.1581941107;0.977783562283538;0.938193097931337;0.840516384937999;;;;;;;;;;;;;;;;;;408050.0;0.0;805.0;False;J:\Culture Cellulaire 3D Microfluidique\PDX\PTT\20260330\after laser\Analysis\2026-04-01_163008_KSBRU_tube5_after laser_cropped_8bits2\4_0805_0_8bits.tiff;J:\Culture Cellulaire 3D Microfluidique\PDX\PTT\20260330\after laser\Analysis\2026-04-01_163008_KSBRU_tube5_after laser_segmentationDebug2\4_0805_0_segmented.tiff;1897.5;(82. 78);204.124890208244;0.857627118644067;49.1525384505721;0.572268340642126;0.933973897701371;845.28865636542;0.965683342840547;0.908383589962368;0.871712541772541;253.19880795291127;45.0;Alive;;;;;;;;;;;;;;;;;
1;Tube 5;409050.0;;;;;;;;;;;;;;;;;;409050.0;0.0;905.0;False;J:\Culture Cellulaire 3D Microfluidique\PDX\PTT\20260330\before laser\Analysis\2026-04-01_110311_KSBRU_tube5_before laser_cropped_8bits2\4_0905_0_8bits.tiff;J:\Culture Cellulaire 3D Microfluidique\PDX\PTT\20260330\before laser\Analysis\2026-04-01_110311_KSBRU_tube5_before laser_segmentationDebug2\4_0905_0_segmented.tiff;2192.5;(87. 74);237.781744360923;0.827514625401019;52.835383048028;0.487295553643522;0.756434892928114;830.05951445635;0.955583771472283;0.893962910891821;0.892151428668485;;;;;;;;;;;;;;;;;;;;;;;;;;;;;;;;;;;;;
1;Tube 5;511050.0;511050.0;0.0;1105.0;False;J:\Culture Cellulaire 3D Microfluidique\PDX\PTT\20260330\before merge\Analysis\2026-03-31_160012_KSBRU_tube5_before merge_cropped_8bits2\5_1105_0_8bits.tiff;J:\Culture Cellulaire 3D Microfluidique\PDX\PTT\20260330\before merge\Analysis\2026-03-31_160012_KSBRU_tube5_before merge_segmentationDebug2\5_1105_0_segmented.tiff;1286.5;(73. 80);152.953317642211;0.897140864714086;40.4724928105718;0.691037875530917;0.970592920868602;766.051860795066;0.980588693938556;0.937678027512393;0.891481088115078;;;;;;;;;;;;;;;;;;;;;;;;;;;;;;;;;;;;;;;;;;;;;;;;;;;;;;
1;Tube 5;512050.0;;;;;;;;;;;;;;;;;;;;;;;;;;;;;;;;;;;512050.0;0.0;1205.0;False;J:\Culture Cellulaire 3D Microfluidique\PDX\PTT\20260330\after laser\Analysis\2026-04-01_163008_KSBRU_tube5_after laser_cropped_8bits2\5_1205_0_8bits.tiff;J:\Culture Cellulaire 3D Microfluidique\PDX\PTT\20260330\after laser\Analysis\2026-04-01_163008_KSBRU_tube5_after laser_segmentationDebug2\5_1205_0_segmented.tiff;1562.0;(87. 66);192.710676789283;0.861080485115766;44.5959658363435;0.528541801097967;0.700107280264189;902.860591671542;0.97106798022171;0.923936685787707;0.855084705474605;51.52638367903689;69.0;Alive;;;;;;;;;;;;;;;;;
1;Tube 5;615040.0;;;;;;;;;;;;;;;;;;615040.0;0.0;1504.0;False;J:\Culture Cellulaire 3D Microfluidique\PDX\PTT\20260330\before laser\Analysis\2026-04-01_110311_KSBRU_tube5_before laser_cropped_8bits2\6_1504_0_8bits.tiff;J:\Culture Cellulaire 3D Microfluidique\PDX\PTT\20260330\before laser\Analysis\2026-04-01_110311_KSBRU_tube5_before laser_segmentationDebug2\6_1504_0_segmented.tiff;1585.0;(79. 59);205.195957660675;0.788557213930348;44.9230973821399;0.473043989429862;0.717131004995441;869.251072323536;0.969417281790278;0.923102771301059;0.874731493574864;615040.0;0.0;1504.0;False;J:\Culture Cellulaire 3D Microfluidique\PDX\PTT\20260330\after laser\Analysis\2026-04-01_163008_KSBRU_tube5_after laser_cropped_8bits2\6_1504_0_8bits.tiff;J:\Culture Cellulaire 3D Microfluidique\PDX\PTT\20260330\after laser\Analysis\2026-04-01_163008_KSBRU_tube5_after laser_segmentationDebug2\6_1504_0_segmented.tiff;1933.5;(79. 82);254.267025709152;0.761970443349753;49.6166167704473;0.375814865350073;0.801061531541058;795.745344227796;0.965323931943118;0.905319916363365;0.851613923802883;239.89947662609168;65.0;Alive;0.0;0.0;0.0;;;;348.5;;49.071068048477;-0.02658677058059511;4.693519388307401;-0.09722912407978895;0.08393052654561695;-73.5057280957401;-0.004093349847159922;-0.017782854937694048;-0.023117569771980984
1;Tube 5;713010.0;;;;;;;;;;;;;;;;;;713010.0;0.0;1301.0;False;J:\Culture Cellulaire 3D Microfluidique\PDX\PTT\20260330\before laser\Analysis\2026-04-01_110311_KSBRU_tube5_before laser_cropped_8bits2\7_1301_0_8bits.tiff;J:\Culture Cellulaire 3D Microfluidique\PDX\PTT\20260330\before laser\Analysis\2026-04-01_110311_KSBRU_tube5_before laser_segmentationDebug2\7_1301_0_segmented.tiff;2066.5;(79. 67);252.752306938171;0.752275209319257;51.2947318854013;0.406494821423742;0.776255987557549;737.681876485207;0.957532875509661;0.899265835270958;0.877590208159357;;;;;;;;;;;;;;;;;;;;;;;;;;;;;;;;;;;;;
1;Tube 5;714010.0;714010.0;0.0;1401.0;False;J:\Culture Cellulaire 3D Microfluidique\PDX\PTT\20260330\before merge\Analysis\2026-03-31_160012_KSBRU_tube5_before merge_cropped_8bits2\7_1401_0_8bits.tiff;J:\Culture Cellulaire 3D Microfluidique\PDX\PTT\20260330\before merge\Analysis\2026-03-31_160012_KSBRU_tube5_before merge_segmentationDebug2\7_1401_0_segmented.tiff;1279.5;(74. 78);153.497473716735;0.899472759226713;40.3622347930418;0.682413625844087;0.975117232662211;696.295599224151;0.974640618886086;0.923630509584186;0.872265256556089;;;;;;;;;;;;;;;;;;714010.0;0.0;1401.0;False;J:\Culture Cellulaire 3D Microfluidique\PDX\PTT\20260330\after laser\Analysis\2026-04-01_163008_KSBRU_tube5_after laser_cropped_8bits2\7_1401_0_8bits.tiff;J:\Culture Cellulaire 3D Microfluidique\PDX\PTT\20260330\after laser\Analysis\2026-04-01_163008_KSBRU_tube5_after laser_segmentationDebug2\7_1401_0_segmented.tiff;1839.0;(78. 69);229.681239008903;0.772526780088216;48.3889194213713;0.438067010182177;0.773503194851647;818.654444920765;0.967391318750497;0.910420640574651;0.84423860823671;102.30254866784293;84.0;Alive;;;;;;;;;;;;;;;;;
1;Tube 5;714010.0;714010.0;0.0;1401.0;False;J:\Culture Cellulaire 3D Microfluidique\PDX\PTT\20260330\before merge\Analysis\2026-03-31_160012_KSBRU_tube5_before merge_cropped_8bits2\7_1401_0_8bits.tiff;J:\Culture Cellulaire 3D Microfluidique\PDX\PTT\20260330\before merge\Analysis\2026-03-31_160012_KSBRU_tube5_before merge_segmentationDebug2\7_1401_0_segmented.tiff;1279.5;(74. 78);153.497473716735;0.899472759226713;40.3622347930418;0.682413625844087;0.975117232662211;696.295599224151;0.974640618886086;0.923630509584186;0.872265256556089;;;;;;;;;;;;;;;;;;714010.0;1.0;1401.0;False;J:\Culture Cellulaire 3D Microfluidique\PDX\PTT\20260330\after laser\Analysis\2026-04-01_163008_KSBRU_tube5_after laser_cropped_8bits2\7_1401_0_8bits.tiff;J:\Culture Cellulaire 3D Microfluidique\PDX\PTT\20260330\after laser\Analysis\2026-04-01_163008_KSBRU_tube5_after laser_segmentationDebug2\7_1401_0_segmented.tiff;709.0;(30. 21);150.083260178565;0.749867794817556;30.04541291474;0.39554107455284;0.476544730568006;823.297909042049;0.986326502201433;0.963480904407433;0.870766156979105;102.30254866784293;84.0;Alive;;;;;;;;;;;;;;;;;
1;Tube 5;810010.0;;;;;;;;;;;;;;;;;;810010.0;0.0;1001.0;False;J:\Culture Cellulaire 3D Microfluidique\PDX\PTT\20260330\before laser\Analysis\2026-04-01_110311_KSBRU_tube5_before laser_cropped_8bits2\8_1001_0_8bits.tiff;J:\Culture Cellulaire 3D Microfluidique\PDX\PTT\20260330\before laser\Analysis\2026-04-01_110311_KSBRU_tube5_before laser_segmentationDebug2\8_1001_0_segmented.tiff;1357.0;(75. 76);217.681239008903;0.78461983232148;41.5666460302682;0.359871712258952;0.695896732562168;634.492994310967;0.979075974489476;0.932144447536901;0.879437882249013;;;;;;;;;;;;;;;;;;;;;;;;;;;;;;;;;;;;;
1;Tube 5;811010.0;811010.0;0.0;1101.0;False;J:\Culture Cellulaire 3D Microfluidique\PDX\PTT\20260330\before merge\Analysis\2026-03-31_160012_KSBRU_tube5_before merge_cropped_8bits2\8_1101_0_8bits.tiff;J:\Culture Cellulaire 3D Microfluidique\PDX\PTT\20260330\before merge\Analysis\2026-03-31_160012_KSBRU_tube5_before merge_segmentationDebug2\8_1101_0_segmented.tiff;1183.5;(81. 77);133.154328346252;0.962195121951219;38.8185394005759;0.838817629937446;0.952913159827577;900.322231780754;0.977774009984353;0.942791906006845;0.868620094317555;;;;;;;;;;;;;;;;;;811010.0;0.0;1101.0;False;J:\Culture Cellulaire 3D Microfluidique\PDX\PTT\20260330\after laser\Analysis\2026-04-01_163008_KSBRU_tube5_after laser_cropped_8bits2\8_1101_0_8bits.tiff;J:\Culture Cellulaire 3D Microfluidique\PDX\PTT\20260330\after laser\Analysis\2026-04-01_163008_KSBRU_tube5_after laser_segmentationDebug2\8_1101_0_segmented.tiff;1560.0;(79. 56);197.539103746414;0.81228846654517;44.5674061370734;0.502375329876686;0.83412222517923;767.677498606975;0.973743870774111;0.923702595694878;0.8839843741693;123.9565881358697;47.0;Alive;;;;;;;;;;;;;;;;;
1;Tube 5;907010.0;;;;;;;;;;;;;;;;;;907010.0;0.0;701.0;False;J:\Culture Cellulaire 3D Microfluidique\PDX\PTT\20260330\before laser\Analysis\2026-04-01_110311_KSBRU_tube5_before laser_cropped_8bits2\9_0701_0_8bits.tiff;J:\Culture Cellulaire 3D Microfluidique\PDX\PTT\20260330\before laser\Analysis\2026-04-01_110311_KSBRU_tube5_before laser_segmentationDebug2\9_0701_0_segmented.tiff;1956.5;(80. 79);243.438598155975;0.784797432811873;49.9108522194757;0.414868861295469;0.613493103486927;828.872978721117;0.959930756837192;0.904834864190997;0.876684575345026;;;;;;;;;;;;;;;;;;;;;;;;;;;;;;;;;;;;;
1;Tube 5;908010.0;908010.0;0.0;801.0;False;J:\Culture Cellulaire 3D Microfluidique\PDX\PTT\20260330\before merge\Analysis\2026-03-31_160012_KSBRU_tube5_before merge_cropped_8bits2\9_0801_0_8bits.tiff;J:\Culture Cellulaire 3D Microfluidique\PDX\PTT\20260330\before merge\Analysis\2026-03-31_160012_KSBRU_tube5_before merge_segmentationDebug2\9_0801_0_segmented.tiff;1537.5;(78. 70);161.296463370323;0.927881713940857;44.2448392474231;0.742634803272798;0.787578643027359;964.167011209531;0.969586397597451;0.926150294186039;0.867863365452798;;;;;;;;;;;;;;;;;;908010.0;0.0;801.0;False;J:\Culture Cellulaire 3D Microfluidique\PDX\PTT\20260330\after laser\Analysis\2026-04-01_163008_KSBRU_tube5_after laser_cropped_8bits2\9_0801_0_8bits.tiff;J:\Culture Cellulaire 3D Microfluidique\PDX\PTT\20260330\after laser\Analysis\2026-04-01_163008_KSBRU_tube5_after laser_segmentationDebug2\9_0801_0_segmented.tiff;2455.5;(80. 79);415.521858692169;0.593976777939042;55.9145750417294;0.17871543089542;0.611695163017112;862.7989075463;0.949366610279993;0.876676526122114;0.842791848591329;57.49403235132773;68.0;Alive;;;;;;;;;;;;;;;;;
1;Tube 6;1002020.0;1002020.0;0.0;202.0;False;J:\Culture Cellulaire 3D Microfluidique\PDX\PTT\20260330\before merge\Analysis\2026-03-31_160943_KSBRU_tube6_before merge_cropped_8bits2\10_0202_0_8bits.tiff;J:\Culture Cellulaire 3D Microfluidique\PDX\PTT\20260330\before merge\Analysis\2026-03-31_160943_KSBRU_tube6_before merge_segmentationDebug2\10_0202_0_segmented.tiff;1377.5;(81. 73);157.497473835945;0.920788770053475;41.8794397392406;0.697837473023442;0.84894921400524;693.097913931456;0.972032003228015;0.915784553762485;0.886991812856698;1002020.0;0.0;202.0;False;J:\Culture Cellulaire 3D Microfluidique\PDX\PTT\20260330\before laser\Analysis\2026-04-01_111122_KSBRU_tube6_before laser_cropped_8bits2\10_0202_0_8bits.tiff;J:\Culture Cellulaire 3D Microfluidique\PDX\PTT\20260330\before laser\Analysis\2026-04-01_111122_KSBRU_tube6_before laser_segmentationDebug2\10_0202_0_segmented.tiff;1340.5;(78. 70);147.982754707336;0.953075008887308;41.3131650895629;0.769226907439315;0.788104200817648;725.96423762276;0.982486882643218;0.935507869073964;0.907481715467714;;;;;;;;;;;;;;;;;;;;;;;;;;;;;;;;;;;;;
1;Tube 6;103060.0;;;;;;;;;;;;;;;;;;;;;;;;;;;;;;;;;;;103060.0;0.0;306.0;False;J:\Culture Cellulaire 3D Microfluidique\PDX\PTT\20260330\after laser\Analysis\2026-04-01_163830_KSBRU_tube6_after laser_cropped_8bits2\1_0306_0_8bits.tiff;J:\Culture Cellulaire 3D Microfluidique\PDX\PTT\20260330\after laser\Analysis\2026-04-01_163830_KSBRU_tube6_after laser_segmentationDebug2\1_0306_0_segmented.tiff;2593.5;(73. 70);496.007140159606;0.533751800782054;57.4643085686293;0.132470830700504;0.918016822506858;787.740826693197;0.951180384769962;0.86772056949938;0.858168664975953;44.36520527228789;64.0;Dead;;;;;;;;;;;;;;;;;
1;Tube 6;103070.0;103070.0;0.0;307.0;False;J:\Culture Cellulaire 3D Microfluidique\PDX\PTT\20260330\before merge\Analysis\2026-03-31_160943_KSBRU_tube6_before merge_cropped_8bits2\1_0307_0_8bits.tiff;J:\Culture Cellulaire 3D Microfluidique\PDX\PTT\20260330\before merge\Analysis\2026-03-31_160943_KSBRU_tube6_before merge_segmentationDebug2\1_0307_0_segmented.tiff;1628.0;(80. 64);192.710676670074;0.885986394557823;45.5283865168626;0.550874553938569;0.872007546101744;739.190974433373;0.973421006757919;0.921078149580447;0.892288441428439;;;;;;;;;;;;;;;;;;;;;;;;;;;;;;;;;;;;;;;;;;;;;;;;;;;;;;
1;Tube 6;103080.0;;;;;;;;;;;;;;;;;;103080.0;0.0;308.0;False;J:\Culture Cellulaire 3D Microfluidique\PDX\PTT\20260330\before laser\Analysis\2026-04-01_111122_KSBRU_tube6_before laser_cropped_8bits2\1_0308_0_8bits.tiff;J:\Culture Cellulaire 3D Microfluidique\PDX\PTT\20260330\before laser\Analysis\2026-04-01_111122_KSBRU_tube6_before laser_segmentationDebug2\1_0308_0_segmented.tiff;2263.5;(83. 78);314.267025589942;0.739826769079915;53.6840545181531;0.288000162348358;0.780611320969792;641.986521451343;0.962062116609609;0.888924111329136;0.907228419414269;;;;;;;;;;;;;;;;;;;;;;;;;;;;;;;;;;;;;
1;Tube 6;1102050.0;1102050.0;0.0;205.0;False;J:\Culture Cellulaire 3D Microfluidique\PDX\PTT\20260330\before merge\Analysis\2026-03-31_160943_KSBRU_tube6_before merge_cropped_8bits2\11_0205_0_8bits.tiff;J:\Culture Cellulaire 3D Microfluidique\PDX\PTT\20260330\before merge\Analysis\2026-03-31_160943_KSBRU_tube6_before merge_segmentationDebug2\11_0205_0_segmented.tiff;1535.0;(75. 81);169.396968007087;0.901350557839107;44.2088531989744;0.672213110321953;0.782259285429678;691.843675399783;0.974691636359856;0.925678413868572;0.893359945923423;1102050.0;0.0;205.0;False;J:\Culture Cellulaire 3D Microfluidique\PDX\PTT\20260330\before laser\Analysis\2026-04-01_111122_KSBRU_tube6_before laser_cropped_8bits2\11_0205_0_8bits.tiff;J:\Culture Cellulaire 3D Microfluidique\PDX\PTT\20260330\before laser\Analysis\2026-04-01_111122_KSBRU_tube6_before laser_segmentationDebug2\11_0205_0_segmented.tiff;1492.0;(82. 73);187.539104104042;0.866937826844857;43.5852429240088;0.533083221001057;0.887728400370814;657.339526267734;0.974301077256308;0.927132689072662;0.88214863197924;1102050.0;0.0;205.0;False;J:\Culture Cellulaire 3D Microfluidique\PDX\PTT\20260330\after laser\Analysis\2026-04-01_163830_KSBRU_tube6_after laser_cropped_8bits2\11_0205_0_8bits.tiff;J:\Culture Cellulaire 3D Microfluidique\PDX\PTT\20260330\after laser\Analysis\2026-04-01_163830_KSBRU_tube6_after laser_segmentationDebug2\11_0205_0_segmented.tiff;1532.0;(83. 64);177.882249593734;0.890697674418604;44.1656312366784;0.608419889746071;0.825970560781866;724.123887575674;0.976211757811442;0.925742203147554;0.879452543696273;232.22678547600347;51.0;Alive;0.0;0.0;0.0;;;;40.0;;-9.656854510307994;0.02375984757374705;0.5803883126695979;0.07533666874501399;-0.06175783958894798;66.78436130794;0.0019106805551339923;-0.0013904859251080426;-0.0026960882829669686
1;Tube 6;1202080.0;1202080.0;0.0;208.0;False;J:\Culture Cellulaire 3D Microfluidique\PDX\PTT\20260330\before merge\Analysis\2026-03-31_160943_KSBRU_tube6_before merge_cropped_8bits2\12_0208_0_8bits.tiff;J:\Culture Cellulaire 3D Microfluidique\PDX\PTT\20260330\before merge\Analysis\2026-03-31_160943_KSBRU_tube6_before merge_segmentationDebug2\12_0208_0_segmented.tiff;1776.0;(84. 75);192.024384856224;0.877253642874783;47.5528488258027;0.605257333761586;0.723247012893403;670.960627335765;0.974543977364348;0.914280899742125;0.888087033417143;1202080.0;0.0;208.0;False;J:\Culture Cellulaire 3D Microfluidique\PDX\PTT\20260330\before laser\Analysis\2026-04-01_111122_KSBRU_tube6_before laser_cropped_8bits2\12_0208_0_8bits.tiff;J:\Culture Cellulaire 3D Microfluidique\PDX\PTT\20260330\before laser\Analysis\2026-04-01_111122_KSBRU_tube6_before laser_segmentationDebug2\12_0208_0_segmented.tiff;1624.5;(87. 69);184.610171318054;0.886977886977886;45.4794199657633;0.598988285699955;0.616036614765187;748.598628286653;0.97615845765897;0.921992133571171;0.910777984149096;1202080.0;0.0;208.0;False;J:\Culture Cellulaire 3D Microfluidique\PDX\PTT\20260330\after laser\Analysis\2026-04-01_163830_KSBRU_tube6_after laser_cropped_8bits2\12_0208_0_8bits.tiff;J:\Culture Cellulaire 3D Microfluidique\PDX\PTT\20260330\after laser\Analysis\2026-04-01_163830_KSBRU_tube6_after laser_segmentationDebug2\12_0208_0_segmented.tiff;2040.5;(71. 64);220.610171437263;0.880664652567975;50.971024033583;0.526860207883937;0.692391813492739;601.28290257036;0.97457492158258;0.902202639638588;0.909566633145239;204.09358459234664;48.0;Alive;0.0;0.0;0.0;;;;416.0;;36.000000119209005;-0.0063132344099110504;5.491604067819701;-0.07212807781601804;0.07635519872755203;-147.31572571629306;-0.0015835360763900574;-0.019789493932583002;-0.001211351003857053
1;Tube 6;1302110.0;1302110.0;0.0;211.0;False;J:\Culture Cellulaire 3D Microfluidique\PDX\PTT\20260330\before merge\Analysis\2026-03-31_160943_KSBRU_tube6_before merge_cropped_8bits2\13_0211_0_8bits.tiff;J:\Culture Cellulaire 3D Microfluidique\PDX\PTT\20260330\before merge\Analysis\2026-03-31_160943_KSBRU_tube6_before merge_segmentationDebug2\13_0211_0_segmented.tiff;1501.5;(68. 78);221.639609575271;0.795075456711675;43.7237827322825;0.384096586549469;0.876707160788853;615.199637056202;0.980052314575804;0.92587438209495;0.903162127051667;1302110.0;0.0;211.0;False;J:\Culture Cellulaire 3D Microfluidique\PDX\PTT\20260330\before laser\Analysis\2026-04-01_111122_KSBRU_tube6_before laser_cropped_8bits2\13_0211_0_8bits.tiff;J:\Culture Cellulaire 3D Microfluidique\PDX\PTT\20260330\before laser\Analysis\2026-04-01_111122_KSBRU_tube6_before laser_segmentationDebug2\13_0211_0_segmented.tiff;1490.0;(82. 64);153.053822636604;0.953905249679897;43.556020498381;0.799296241155455;0.865005171319246;482.10890757996;0.985400578202789;0.928973738357152;0.932267532037535;;;;;;;;;;;;;;;;;;;;;;;;;;;;;;;;;;;;;
1;Tube 6;1302120.0;;;;;;;;;;;;;;;;;;;;;;;;;;;;;;;;;;;1302120.0;0.0;212.0;False;J:\Culture Cellulaire 3D Microfluidique\PDX\PTT\20260330\after laser\Analysis\2026-04-01_163830_KSBRU_tube6_after laser_cropped_8bits2\13_0212_0_8bits.tiff;J:\Culture Cellulaire 3D Microfluidique\PDX\PTT\20260330\after laser\Analysis\2026-04-01_163830_KSBRU_tube6_after laser_segmentationDebug2\13_0212_0_segmented.tiff;1658.0;(79. 76);177.053822398185;0.900108577633007;45.9459591821838;0.664635869651834;0.96827077203678;721.150545610147;0.980175315769473;0.920572950450985;0.895761729198974;45.695138404969846;64.0;Dead;;;;;;;;;;;;;;;;;
1;Tube 6;1402140.0;;;;;;;;;;;;;;;;;;1402140.0;0.0;214.0;False;J:\Culture Cellulaire 3D Microfluidique\PDX\PTT\20260330\before laser\Analysis\2026-04-01_111122_KSBRU_tube6_before laser_cropped_8bits2\14_0214_0_8bits.tiff;J:\Culture Cellulaire 3D Microfluidique\PDX\PTT\20260330\before laser\Analysis\2026-04-01_111122_KSBRU_tube6_before laser_segmentationDebug2\14_0214_0_segmented.tiff;1468.5;(78. 80);163.982754707336;0.912962387317376;43.240632181359;0.686258061853821;0.931503318107657;709.96426537831;0.978888097487386;0.929085204568487;0.905204942861923;;;;;;;;;;;;;;;;;;;;;;;;;;;;;;;;;;;;;
1;Tube 6;1402150.0;1402150.0;0.0;215.0;False;J:\Culture Cellulaire 3D Microfluidique\PDX\PTT\20260330\before merge\Analysis\2026-03-31_160943_KSBRU_tube6_before merge_cropped_8bits2\14_0215_0_8bits.tiff;J:\Culture Cellulaire 3D Microfluidique\PDX\PTT\20260330\before merge\Analysis\2026-03-31_160943_KSBRU_tube6_before merge_segmentationDebug2\14_0215_0_segmented.tiff;1411.0;(82. 76);157.740114331245;0.925853018372703;42.3856225343136;0.712611087484484;0.842985271529607;639.609719595762;0.980226957316574;0.931883885059908;0.916013191385509;;;;;;;;;;;;;;;;;;;;;;;;;;;;;;;;;;;;;;;;;;;;;;;;;;;;;;
1;Tube 6;1502170.0;;;;;;;;;;;;;;;;;;1502170.0;0.0;217.0;False;J:\Culture Cellulaire 3D Microfluidique\PDX\PTT\20260330\before laser\Analysis\2026-04-01_111122_KSBRU_tube6_before laser_cropped_8bits2\15_0217_0_8bits.tiff;J:\Culture Cellulaire 3D Microfluidique\PDX\PTT\20260330\before laser\Analysis\2026-04-01_111122_KSBRU_tube6_before laser_segmentationDebug2\15_0217_0_segmented.tiff;1464.0;(72. 82);163.539103984832;0.910730948678071;43.1743291029782;0.687872128406116;0.809886263409667;695.012103803847;0.974007324631564;0.929400841164347;0.894896246869516;;;;;;;;;;;;;;;;;;;;;;;;;;;;;;;;;;;;;
1;Tube 6;1502180.0;1502180.0;0.0;218.0;False;J:\Culture Cellulaire 3D Microfluidique\PDX\PTT\20260330\before merge\Analysis\2026-03-31_160943_KSBRU_tube6_before merge_cropped_8bits2\15_0218_0_8bits.tiff;J:\Culture Cellulaire 3D Microfluidique\PDX\PTT\20260330\before merge\Analysis\2026-03-31_160943_KSBRU_tube6_before merge_segmentationDebug2\15_0218_0_segmented.tiff;1222.5;(89. 75);163.781744718551;0.86212976022567;39.4529510105231;0.57270074147162;0.730012818575009;818.519071622016;0.977228592119709;0.939748975189775;0.852604289588905;;;;;;;;;;;;;;;;;;1502180.0;0.0;218.0;False;J:\Culture Cellulaire 3D Microfluidique\PDX\PTT\20260330\after laser\Analysis\2026-04-01_163830_KSBRU_tube6_after laser_cropped_8bits2\15_0218_0_8bits.tiff;J:\Culture Cellulaire 3D Microfluidique\PDX\PTT\20260330\after laser\Analysis\2026-04-01_163830_KSBRU_tube6_after laser_segmentationDebug2\15_0218_0_segmented.tiff;1489.0;(84. 68);160.911687374115;0.929173166926677;43.5414019309284;0.722652290815205;0.774792998913377;842.429229860619;0.976347639570695;0.928187677362724;0.861736561509983;179.02946016872514;37.0;Alive;;;;;;;;;;;;;;;;;
1;Tube 6;1602200.0;;;;;;;;;;;;;;;;;;1602200.0;0.0;220.0;False;J:\Culture Cellulaire 3D Microfluidique\PDX\PTT\20260330\before laser\Analysis\2026-04-01_111122_KSBRU_tube6_before laser_cropped_8bits2\16_0220_0_8bits.tiff;J:\Culture Cellulaire 3D Microfluidique\PDX\PTT\20260330\before laser\Analysis\2026-04-01_111122_KSBRU_tube6_before laser_segmentationDebug2\16_0220_0_segmented.tiff;1557.0;(69. 74);167.539103627204;0.915613054983828;44.5245322395715;0.697053482865766;0.883719845807043;733.562957738982;0.97197552714426;0.924900226299746;0.886673032043899;;;;;;;;;;;;;;;;;;;;;;;;;;;;;;;;;;;;;
1;Tube 6;1602210.0;1602210.0;0.0;221.0;False;J:\Culture Cellulaire 3D Microfluidique\PDX\PTT\20260330\before merge\Analysis\2026-03-31_160943_KSBRU_tube6_before merge_cropped_8bits2\16_0221_0_8bits.tiff;J:\Culture Cellulaire 3D Microfluidique\PDX\PTT\20260330\before merge\Analysis\2026-03-31_160943_KSBRU_tube6_before merge_segmentationDebug2\16_0221_0_segmented.tiff;1374.5;(81. 69);160.468036174774;0.900130975769482;41.8338111369079;0.670776026876377;0.883825999387816;869.879932950191;0.977713167314114;0.933237852805952;0.870216070222822;;;;;;;;;;;;;;;;;;1602210.0;0.0;221.0;False;J:\Culture Cellulaire 3D Microfluidique\PDX\PTT\20260330\after laser\Analysis\2026-04-01_163830_KSBRU_tube6_after laser_cropped_8bits2\16_0221_0_8bits.tiff;J:\Culture Cellulaire 3D Microfluidique\PDX\PTT\20260330\after laser\Analysis\2026-04-01_163830_KSBRU_tube6_after laser_segmentationDebug2\16_0221_0_segmented.tiff;1627.5;(74. 89);188.811182022094;0.872420262664165;45.5213945201207;0.573687568564744;0.940272463916432;734.442633323306;0.972769999772921;0.921071967741457;0.863258694654982;153.5220247008763;37.0;Alive;;;;;;;;;;;;;;;;;
1;Tube 6;1702230.0;;;;;;;;;;;;;;;;;;1702230.0;0.0;223.0;False;J:\Culture Cellulaire 3D Microfluidique\PDX\PTT\20260330\before laser\Analysis\2026-04-01_111122_KSBRU_tube6_before laser_cropped_8bits2\17_0223_0_8bits.tiff;J:\Culture Cellulaire 3D Microfluidique\PDX\PTT\20260330\before laser\Analysis\2026-04-01_111122_KSBRU_tube6_before laser_segmentationDebug2\17_0223_0_segmented.tiff;1547.5;(80. 78);163.296463489532;0.935327893623451;44.3884917008639;0.729267673826908;0.844480625504108;664.688892851124;0.970123749957161;0.908570970571641;0.901806314035253;;;;;;;;;;;;;;;;;;;;;;;;;;;;;;;;;;;;;
1;Tube 6;1805240.0;;;;;;;;;;;;;;;;;;1805240.0;0.0;524.0;False;J:\Culture Cellulaire 3D Microfluidique\PDX\PTT\20260330\before laser\Analysis\2026-04-01_111122_KSBRU_tube6_before laser_cropped_8bits2\18_0524_0_8bits.tiff;J:\Culture Cellulaire 3D Microfluidique\PDX\PTT\20260330\before laser\Analysis\2026-04-01_111122_KSBRU_tube6_before laser_segmentationDebug2\18_0524_0_segmented.tiff;1408.0;(76. 81);152.568541407585;0.943383584589614;42.3405394272098;0.760120648581599;0.968316797115279;736.260791279552;0.974689705478809;0.932064831077276;0.90474735684856;;;;;;;;;;;;;;;;;;;;;;;;;;;;;;;;;;;;;
1;Tube 6;1806240.0;1806240.0;0.0;624.0;False;J:\Culture Cellulaire 3D Microfluidique\PDX\PTT\20260330\before merge\Analysis\2026-03-31_160943_KSBRU_tube6_before merge_cropped_8bits2\18_0624_0_8bits.tiff;J:\Culture Cellulaire 3D Microfluidique\PDX\PTT\20260330\before merge\Analysis\2026-03-31_160943_KSBRU_tube6_before merge_segmentationDebug2\18_0624_0_segmented.tiff;951.0;(83. 67);121.254832983016;0.958669354838709;34.7972816042164;0.812816040212484;0.849029580379039;816.027714596949;0.981354808311302;0.953430701072274;0.893918714059789;;;;;;;;;;;;;;;;;;1806240.0;0.0;624.0;False;J:\Culture Cellulaire 3D Microfluidique\PDX\PTT\20260330\after laser\Analysis\2026-04-01_163830_KSBRU_tube6_after laser_cropped_8bits2\18_0624_0_8bits.tiff;J:\Culture Cellulaire 3D Microfluidique\PDX\PTT\20260330\after laser\Analysis\2026-04-01_163830_KSBRU_tube6_after laser_segmentationDebug2\18_0624_0_segmented.tiff;1290.0;(89. 65);182.710676908493;0.831453432162423;40.527509332654;0.485592221274431;0.739270666317238;804.649471549493;0.975829935167637;0.936312235301283;0.876587590105832;106.05364211899717;37.0;Alive;;;;;;;;;;;;;;;;;
1;Tube 6;1908240.0;;;;;;;;;;;;;;;;;;1908240.0;0.0;824.0;False;J:\Culture Cellulaire 3D Microfluidique\PDX\PTT\20260330\before laser\Analysis\2026-04-01_111122_KSBRU_tube6_before laser_cropped_8bits2\19_0824_0_8bits.tiff;J:\Culture Cellulaire 3D Microfluidique\PDX\PTT\20260330\before laser\Analysis\2026-04-01_111122_KSBRU_tube6_before laser_segmentationDebug2\19_0824_0_segmented.tiff;1652.0;(75. 80);267.195957899093;0.762520193861066;45.8627488044762;0.290777058681906;0.614699314450511;687.742600444928;0.966369506218539;0.917245756865877;0.894082467149843;;;;;;;;;;;;;;;;;;;;;;;;;;;;;;;;;;;;;
1;Tube 6;1909240.0;1909240.0;0.0;924.0;False;J:\Culture Cellulaire 3D Microfluidique\PDX\PTT\20260330\before merge\Analysis\2026-03-31_160943_KSBRU_tube6_before merge_cropped_8bits2\19_0924_0_8bits.tiff;J:\Culture Cellulaire 3D Microfluidique\PDX\PTT\20260330\before merge\Analysis\2026-03-31_160943_KSBRU_tube6_before merge_segmentationDebug2\19_0924_0_segmented.tiff;835.5;(85. 87);115.154327630996;0.938236945536215;32.6158188556753;0.791764071375889;0.947072757686436;832.125964442095;0.98478459825795;0.958863770742724;0.866586711502177;;;;;;;;;;;;;;;;;;;;;;;;;;;;;;;;;;;;;;;;;;;;;;;;;;;;;;
1;Tube 6;2012240.0;2012240.0;0.0;1224.0;False;J:\Culture Cellulaire 3D Microfluidique\PDX\PTT\20260330\before merge\Analysis\2026-03-31_160943_KSBRU_tube6_before merge_cropped_8bits2\20_1224_0_8bits.tiff;J:\Culture Cellulaire 3D Microfluidique\PDX\PTT\20260330\before merge\Analysis\2026-03-31_160943_KSBRU_tube6_before merge_segmentationDebug2\20_1224_0_segmented.tiff;865.5;(78. 76);118.183765172958;0.939739413680781;33.1962170430349;0.778684074091416;0.765517472073779;907.427509791795;0.983608057193213;0.957322504901751;0.863686871304033;;;;;;;;;;;;;;;;;;;;;;;;;;;;;;;;;;;;;;;;;;;;;;;;;;;;;;
1;Tube 6;204050.0;;;;;;;;;;;;;;;;;;204050.0;0.0;405.0;False;J:\Culture Cellulaire 3D Microfluidique\PDX\PTT\20260330\before laser\Analysis\2026-04-01_111122_KSBRU_tube6_before laser_cropped_8bits2\2_0405_0_8bits.tiff;J:\Culture Cellulaire 3D Microfluidique\PDX\PTT\20260330\before laser\Analysis\2026-04-01_111122_KSBRU_tube6_before laser_segmentationDebug2\2_0405_0_segmented.tiff;1341.5;(80. 65);150.124889850616;0.931597222222222;41.3285718270329;0.747988873192644;0.89713824454391;865.236321207921;0.977853154001278;0.935202612672808;0.874295544101755;;;;;;;;;;;;;;;;;;;;;;;;;;;;;;;;;;;;;
1;Tube 6;205050.0;205050.0;0.0;505.0;False;J:\Culture Cellulaire 3D Microfluidique\PDX\PTT\20260330\before merge\Analysis\2026-03-31_160943_KSBRU_tube6_before merge_cropped_8bits2\2_0505_0_8bits.tiff;J:\Culture Cellulaire 3D Microfluidique\PDX\PTT\20260330\before merge\Analysis\2026-03-31_160943_KSBRU_tube6_before merge_segmentationDebug2\2_0505_0_segmented.tiff;1266.0;(68. 67);148.710676550865;0.917059036580948;40.1487392533653;0.719381509560253;0.790250708326287;878.932449671699;0.974801897284329;0.938536172926348;0.860427364838567;;;;;;;;;;;;;;;;;;205050.0;0.0;505.0;False;J:\Culture Cellulaire 3D Microfluidique\PDX\PTT\20260330\after laser\Analysis\2026-04-01_163830_KSBRU_tube6_after laser_cropped_8bits2\2_0505_0_8bits.tiff;J:\Culture Cellulaire 3D Microfluidique\PDX\PTT\20260330\after laser\Analysis\2026-04-01_163830_KSBRU_tube6_after laser_segmentationDebug2\2_0505_0_segmented.tiff;1863.5;(84. 70);197.438598752021;0.889074427480916;48.7101826275982;0.600724218186867;0.73847558231631;748.75870856494;0.967161689892996;0.910165146865013;0.876740828337708;192.32879149554472;46.0;Alive;;;;;;;;;;;;;;;;;
1;Tube 6;308050.0;308050.0;0.0;805.0;False;J:\Culture Cellulaire 3D Microfluidique\PDX\PTT\20260330\before merge\Analysis\2026-03-31_160943_KSBRU_tube6_before merge_cropped_8bits2\3_0805_0_8bits.tiff;J:\Culture Cellulaire 3D Microfluidique\PDX\PTT\20260330\before merge\Analysis\2026-03-31_160943_KSBRU_tube6_before merge_segmentationDebug2\3_0805_0_segmented.tiff;1763.5;(77. 77);187.095452189445;0.898827726809378;47.3852079993373;0.633080396866357;0.946992044094765;861.806903039284;0.969564842950393;0.915284946308501;0.872715026946901;308050.0;0.0;805.0;False;J:\Culture Cellulaire 3D Microfluidique\PDX\PTT\20260330\before laser\Analysis\2026-04-01_111122_KSBRU_tube6_before laser_cropped_8bits2\3_0805_0_8bits.tiff;J:\Culture Cellulaire 3D Microfluidique\PDX\PTT\20260330\before laser\Analysis\2026-04-01_111122_KSBRU_tube6_before laser_segmentationDebug2\3_0805_0_segmented.tiff;2486.5;(69. 63);292.75230705738;0.771965228190003;56.2664209629862;0.364584058464352;0.850064098591021;834.181284006238;0.957922029905995;0.873680591449103;0.895481975750527;308050.0;0.0;805.0;False;J:\Culture Cellulaire 3D Microfluidique\PDX\PTT\20260330\after laser\Analysis\2026-04-01_163830_KSBRU_tube6_after laser_cropped_8bits2\3_0805_0_8bits.tiff;J:\Culture Cellulaire 3D Microfluidique\PDX\PTT\20260330\after laser\Analysis\2026-04-01_163830_KSBRU_tube6_after laser_segmentationDebug2\3_0805_0_segmented.tiff;2113.5;(77. 72);201.781744480133;0.898215044623884;51.8747701469391;0.652301491393215;0.801629894716115;733.403284990568;0.972418081052901;0.899355460556855;0.884768523870775;58.85806633356563;67.0;Alive;0.0;0.0;0.0;;;;-373.0;;-90.970562577247;0.126249816433881;-4.391650816047104;0.28771743292886304;-0.048434203874905934;-100.77799901567005;0.014496051146905997;0.025674869107751963;-0.010713451879752034
1;Tube 6;411050.0;;;;;;;;;;;;;;;;;;411050.0;0.0;1105.0;False;J:\Culture Cellulaire 3D Microfluidique\PDX\PTT\20260330\before laser\Analysis\2026-04-01_111122_KSBRU_tube6_before laser_cropped_8bits2\4_1105_0_8bits.tiff;J:\Culture Cellulaire 3D Microfluidique\PDX\PTT\20260330\before laser\Analysis\2026-04-01_111122_KSBRU_tube6_before laser_segmentationDebug2\4_1105_0_segmented.tiff;2254.0;(83. 78);295.82337462902;0.689718482252141;53.5712790012806;0.32366728265345;0.528619606230428;720.349773086361;0.954602637232878;0.889562357417559;0.890562942825554;;;;;;;;;;;;;;;;;;;;;;;;;;;;;;;;;;;;;
1;Tube 6;412050.0;412050.0;0.0;1205.0;False;J:\Culture Cellulaire 3D Microfluidique\PDX\PTT\20260330\before merge\Analysis\2026-03-31_160943_KSBRU_tube6_before merge_cropped_8bits2\4_1205_0_8bits.tiff;J:\Culture Cellulaire 3D Microfluidique\PDX\PTT\20260330\before merge\Analysis\2026-03-31_160943_KSBRU_tube6_before merge_segmentationDebug2\4_1205_0_segmented.tiff;1561.5;(87. 67);160.811181783676;0.94436044753553;44.5888276264801;0.75878609818893;0.675009932486785;543.900395322569;0.974275801581289;0.924793113836682;0.913081926371552;;;;;;;;;;;;;;;;;;;;;;;;;;;;;;;;;;;;;;;;;;;;;;;;;;;;;;
1;Tube 6;514050.0;;;;;;;;;;;;;;;;;;514050.0;0.0;1405.0;False;J:\Culture Cellulaire 3D Microfluidique\PDX\PTT\20260330\before laser\Analysis\2026-04-01_111122_KSBRU_tube6_before laser_cropped_8bits2\5_1405_0_8bits.tiff;J:\Culture Cellulaire 3D Microfluidique\PDX\PTT\20260330\before laser\Analysis\2026-04-01_111122_KSBRU_tube6_before laser_segmentationDebug2\5_1405_0_segmented.tiff;3020.0;(81. 52);361.965510010719;0.754434174369223;62.0095430163792;0.28965593111697;0.439427043747978;663.672854641527;0.934244768060467;0.852322157210515;0.882811706302042;;;;;;;;;;;;;;;;;;;;;;;;;;;;;;;;;;;;;
1;Tube 6;515040.0;515040.0;0.0;1504.0;False;J:\Culture Cellulaire 3D Microfluidique\PDX\PTT\20260330\before merge\Analysis\2026-03-31_160943_KSBRU_tube6_before merge_cropped_8bits2\5_1504_0_8bits.tiff;J:\Culture Cellulaire 3D Microfluidique\PDX\PTT\20260330\before merge\Analysis\2026-03-31_160943_KSBRU_tube6_before merge_segmentationDebug2\5_1504_0_segmented.tiff;1234.0;(75. 76);152.911687254905;0.911037283130306;39.6380826756692;0.663198694874152;0.845458032956173;812.069098862976;0.973083068649748;0.93972637975834;0.873787715596476;;;;;;;;;;;;;;;;;;;;;;;;;;;;;;;;;;;;;;;;;;;;;;;;;;;;;;
1;Tube 6;614010.0;614010.0;0.0;1401.0;False;J:\Culture Cellulaire 3D Microfluidique\PDX\PTT\20260330\before merge\Analysis\2026-03-31_160943_KSBRU_tube6_before merge_cropped_8bits2\6_1401_0_8bits.tiff;J:\Culture Cellulaire 3D Microfluidique\PDX\PTT\20260330\before merge\Analysis\2026-03-31_160943_KSBRU_tube6_before merge_segmentationDebug2\6_1401_0_segmented.tiff;978.0;(85. 82);129.396968126297;0.933206106870229;35.2877921489994;0.734007534018067;0.87052260637969;813.57282790962;0.982574627857533;0.951854372024414;0.880952295988934;;;;;;;;;;;;;;;;;;614010.0;0.0;1401.0;False;J:\Culture Cellulaire 3D Microfluidique\PDX\PTT\20260330\after laser\Analysis\2026-04-01_163830_KSBRU_tube6_after laser_cropped_8bits2\6_1401_0_8bits.tiff;J:\Culture Cellulaire 3D Microfluidique\PDX\PTT\20260330\after laser\Analysis\2026-04-01_163830_KSBRU_tube6_after laser_segmentationDebug2\6_1401_0_segmented.tiff;1141.5;(80. 91);150.183765530586;0.895645351118085;38.1235221394244;0.635974645073154;0.738072148107589;769.399727226127;0.982818910355586;0.9439709553329;0.889717845985155;55.51618307708277;58.0;Alive;;;;;;;;;;;;;;;;;
1;Tube 6;615020.0;;;;;;;;;;;;;;;;;;615020.0;0.0;1502.0;False;J:\Culture Cellulaire 3D Microfluidique\PDX\PTT\20260330\before laser\Analysis\2026-04-01_111122_KSBRU_tube6_before laser_cropped_8bits2\6_1502_0_8bits.tiff;J:\Culture Cellulaire 3D Microfluidique\PDX\PTT\20260330\before laser\Analysis\2026-04-01_111122_KSBRU_tube6_before laser_segmentationDebug2\6_1502_0_segmented.tiff;1306.5;(78. 82);148.468036174774;0.94434405493314;40.785873353362;0.744823464570599;0.768885100269106;763.761877726734;0.978940102360552;0.936611236736665;0.871346343290113;;;;;;;;;;;;;;;;;;;;;;;;;;;;;;;;;;;;;
1;Tube 6;710010.0;;;;;;;;;;;;;;;;;;;;;;;;;;;;;;;;;;;710010.0;0.0;1001.0;False;J:\Culture Cellulaire 3D Microfluidique\PDX\PTT\20260330\after laser\Analysis\2026-04-01_163830_KSBRU_tube6_after laser_cropped_8bits2\7_1001_0_8bits.tiff;J:\Culture Cellulaire 3D Microfluidique\PDX\PTT\20260330\after laser\Analysis\2026-04-01_163830_KSBRU_tube6_after laser_segmentationDebug2\7_1001_0_segmented.tiff;1693.5;(77. 81);188.811182141304;0.879055281598754;46.435236286779;0.596952317135235;0.701128248263144;622.922592502155;0.980488967937842;0.918464878879817;0.877815922359354;75.70388601420377;72.0;Alive;;;;;;;;;;;;;;;;;
1;Tube 6;711010.0;711010.0;0.0;1101.0;False;J:\Culture Cellulaire 3D Microfluidique\PDX\PTT\20260330\before merge\Analysis\2026-03-31_160943_KSBRU_tube6_before merge_cropped_8bits2\7_1101_0_8bits.tiff;J:\Culture Cellulaire 3D Microfluidique\PDX\PTT\20260330\before merge\Analysis\2026-03-31_160943_KSBRU_tube6_before merge_segmentationDebug2\7_1101_0_segmented.tiff;1608.5;(77. 66);173.781744599342;0.909270774448841;45.2548981625912;0.669302771945339;0.726732799547499;827.45045784735;0.9666171584564;0.922136386559614;0.866524648896762;;;;;;;;;;;;;;;;;;;;;;;;;;;;;;;;;;;;;;;;;;;;;;;;;;;;;;
1;Tube 6;808010.0;808010.0;0.0;801.0;False;J:\Culture Cellulaire 3D Microfluidique\PDX\PTT\20260330\before merge\Analysis\2026-03-31_160943_KSBRU_tube6_before merge_cropped_8bits2\8_0801_0_8bits.tiff;J:\Culture Cellulaire 3D Microfluidique\PDX\PTT\20260330\before merge\Analysis\2026-03-31_160943_KSBRU_tube6_before merge_segmentationDebug2\8_0801_0_segmented.tiff;1005.0;(72. 70);125.396968364715;0.949456778460085;35.771577299007;0.803159594541506;0.924334850050149;742.349696765195;0.98248783407599;0.951059288714942;0.895821707339576;808010.0;0.0;801.0;False;J:\Culture Cellulaire 3D Microfluidique\PDX\PTT\20260330\before laser\Analysis\2026-04-01_111122_KSBRU_tube6_before laser_cropped_8bits2\8_0801_0_8bits.tiff;J:\Culture Cellulaire 3D Microfluidique\PDX\PTT\20260330\before laser\Analysis\2026-04-01_111122_KSBRU_tube6_before laser_segmentationDebug2\8_0801_0_segmented.tiff;1473.0;(81. 73);167.882249832153;0.913488372093023;43.3068337493621;0.65675448839997;0.715811442207114;606.354511803428;0.978374532812748;0.928685527642612;0.903984278552535;808010.0;0.0;801.0;False;J:\Culture Cellulaire 3D Microfluidique\PDX\PTT\20260330\after laser\Analysis\2026-04-01_163830_KSBRU_tube6_after laser_cropped_8bits2\8_0801_0_8bits.tiff;J:\Culture Cellulaire 3D Microfluidique\PDX\PTT\20260330\after laser\Analysis\2026-04-01_163830_KSBRU_tube6_after laser_segmentationDebug2\8_0801_0_segmented.tiff;1560.5;(76. 81);173.639609098434;0.917401528512639;44.5745477773944;0.650393269050285;0.590040623069464;560.076812652068;0.981382165669571;0.924963722955548;0.92137898479388;90.43545302237315;46.0;Alive;0.0;0.0;0.0;;;;87.5;;5.757359266280986;0.003913156419615982;1.2677140280323016;-0.006361219349684921;-0.12577081913764998;-46.27769915135991;0.0030076328568230393;-0.0037218046870640675;0.01739470624134498
1;Tube 6;905010.0;905010.0;0.0;501.0;False;J:\Culture Cellulaire 3D Microfluidique\PDX\PTT\20260330\before merge\Analysis\2026-03-31_160943_KSBRU_tube6_before merge_cropped_8bits2\9_0501_0_8bits.tiff;J:\Culture Cellulaire 3D Microfluidique\PDX\PTT\20260330\before merge\Analysis\2026-03-31_160943_KSBRU_tube6_before merge_segmentationDebug2\9_0501_0_segmented.tiff;1153.5;(81. 73);214.610171675682;0.746360401164671;38.323384699841;0.314721823547453;0.869544194813885;646.249822448527;0.981878685974382;0.941435131382829;0.894159631077424;;;;;;;;;;;;;;;;;;;;;;;;;;;;;;;;;;;;;;;;;;;;;;;;;;;;;;
1;Tube 7;1002020.0;;;;;;;;;;;;;;;;;;1002020.0;0.0;202.0;False;J:\Culture Cellulaire 3D Microfluidique\PDX\PTT\20260330\before laser\Analysis\2026-04-01_112316_KSBRU_tube7_before laser_cropped_8bits2\10_0202_0_8bits.tiff;J:\Culture Cellulaire 3D Microfluidique\PDX\PTT\20260330\before laser\Analysis\2026-04-01_112316_KSBRU_tube7_before laser_segmentationDebug2\10_0202_0_segmented.tiff;2356.5;(85. 70);276.409160494804;0.770979878946507;54.7758065861965;0.387589893569153;0.754523973860268;675.881921533795;0.952720142351109;0.885533617739993;0.895465426671809;1002020.0;0.0;202.0;False;J:\Culture Cellulaire 3D Microfluidique\PDX\PTT\20260330\after laser\Analysis\2026-04-01_165732_KSBRU_tube7_after laser_cropped_8bits2\10_0202_0_8bits.tiff;J:\Culture Cellulaire 3D Microfluidique\PDX\PTT\20260330\after laser\Analysis\2026-04-01_165732_KSBRU_tube7_after laser_segmentationDebug2\10_0202_0_segmented.tiff;2033.5;(82. 76);209.781744718551;0.872185288440917;50.8835200651345;0.58065564790327;0.762189842113931;752.345011723973;0.964716523429196;0.90257021694252;0.879614309928508;189.9417320266284;43.0;Alive;0.0;0.0;0.0;;;;-323.0;;-66.62741577625297;0.10120540949441004;-3.8922865210620046;0.19306575433411693;0.007665868253663;76.46309019017804;0.011996381078086982;0.017036599202527092;-0.015851116743300975
1;Tube 7;1003010.0;1003010.0;0.0;301.0;False;J:\Culture Cellulaire 3D Microfluidique\PDX\PTT\20260330\before merge\Analysis\2026-03-31_163704_KSBRU_tube7_before merge_cropped_8bits2\10_0301_0_8bits.tiff;J:\Culture Cellulaire 3D Microfluidique\PDX\PTT\20260330\before merge\Analysis\2026-03-31_163704_KSBRU_tube7_before merge_segmentationDebug2\10_0301_0_segmented.tiff;1544.5;(76. 69);153.982754588127;0.9653125;44.3454448263117;0.818565822815767;0.80105586729344;763.923557830818;0.973290271971992;0.925958235945473;0.902013323498436;;;;;;;;;;;;;;;;;;;;;;;;;;;;;;;;;;;;;;;;;;;;;;;;;;;;;;
1;Tube 7;103070.0;;;;;;;;;;;;;;;;;;103070.0;0.0;307.0;False;J:\Culture Cellulaire 3D Microfluidique\PDX\PTT\20260330\before laser\Analysis\2026-04-01_112316_KSBRU_tube7_before laser_cropped_8bits2\1_0307_0_8bits.tiff;J:\Culture Cellulaire 3D Microfluidique\PDX\PTT\20260330\before laser\Analysis\2026-04-01_112316_KSBRU_tube7_before laser_segmentationDebug2\1_0307_0_segmented.tiff;2589.5;(92. 81);277.923879742622;0.799598579589316;57.4199773693067;0.421283113870924;0.74608315654091;673.550625270531;0.956153353584384;0.87533850292755;0.902749322809177;;;;;;;;;;;;;;;;;;;;;;;;;;;;;;;;;;;;;
1;Tube 7;103080.0;103080.0;0.0;308.0;False;J:\Culture Cellulaire 3D Microfluidique\PDX\PTT\20260330\before merge\Analysis\2026-03-31_163704_KSBRU_tube7_before merge_cropped_8bits2\1_0308_0_8bits.tiff;J:\Culture Cellulaire 3D Microfluidique\PDX\PTT\20260330\before merge\Analysis\2026-03-31_163704_KSBRU_tube7_before merge_segmentationDebug2\1_0308_0_segmented.tiff;1778.5;(77. 70);180.953317642211;0.927026322647902;47.5863061217351;0.682543969047629;0.953491214869658;751.356728644833;0.973556048270931;0.914793844879047;0.89339924123284;;;;;;;;;;;;;;;;;;;;;;;;;;;;;;;;;;;;;;;;;;;;;;;;;;;;;;
1;Tube 7;1102050.0;1102050.0;0.0;205.0;False;J:\Culture Cellulaire 3D Microfluidique\PDX\PTT\20260330\before merge\Analysis\2026-03-31_163704_KSBRU_tube7_before merge_cropped_8bits2\11_0205_0_8bits.tiff;J:\Culture Cellulaire 3D Microfluidique\PDX\PTT\20260330\before merge\Analysis\2026-03-31_163704_KSBRU_tube7_before merge_segmentationDebug2\11_0205_0_segmented.tiff;1164.5;(70. 75);132.811181902885;0.955291222313371;38.5056807477039;0.829621643893749;0.906113921675364;714.984411500449;0.979209543437573;0.943546339672212;0.894524483124107;1102050.0;0.0;205.0;False;J:\Culture Cellulaire 3D Microfluidique\PDX\PTT\20260330\before laser\Analysis\2026-04-01_112316_KSBRU_tube7_before laser_cropped_8bits2\11_0205_0_8bits.tiff;J:\Culture Cellulaire 3D Microfluidique\PDX\PTT\20260330\before laser\Analysis\2026-04-01_112316_KSBRU_tube7_before laser_segmentationDebug2\11_0205_0_segmented.tiff;1728.0;(78. 64);245.195957899093;0.783495805939696;46.9058411426803;0.361182740740609;0.726190565462999;862.304161972071;0.963116787168899;0.914498018493022;0.870745714493876;1102050.0;0.0;205.0;False;J:\Culture Cellulaire 3D Microfluidique\PDX\PTT\20260330\after laser\Analysis\2026-04-01_165732_KSBRU_tube7_after laser_cropped_8bits2\11_0205_0_8bits.tiff;J:\Culture Cellulaire 3D Microfluidique\PDX\PTT\20260330\after laser\Analysis\2026-04-01_165732_KSBRU_tube7_after laser_segmentationDebug2\11_0205_0_segmented.tiff;1705.0;(78. 71);221.195957660675;0.808440018966334;46.5926327199209;0.437904971103807;0.738140751543487;815.524593305916;0.973206618115579;0.916786047181551;0.89218578082906;128.15099263125126;44.0;Alive;0.0;0.0;0.0;;;;-23.0;;-24.00000023841801;0.024944213026637962;-0.3132084227594021;0.07672223036319797;0.011950186080488034;-46.779568666155;0.010089830946679923;0.0022880286885289536;0.021440066335183916
1;Tube 7;1202070.0;1202070.0;0.0;207.0;False;J:\Culture Cellulaire 3D Microfluidique\PDX\PTT\20260330\before merge\Analysis\2026-03-31_163704_KSBRU_tube7_before merge_cropped_8bits2\12_0207_0_8bits.tiff;J:\Culture Cellulaire 3D Microfluidique\PDX\PTT\20260330\before merge\Analysis\2026-03-31_163704_KSBRU_tube7_before merge_segmentationDebug2\12_0207_0_segmented.tiff;1866.0;(71. 74);196.024385094642;0.895393474088291;48.7428455311732;0.610240887574448;0.704132277041882;489.112091464616;0.97271752016829;0.910756936662457;0.935701918333675;;;;;;;;;;;;;;;;;;;;;;;;;;;;;;;;;;;;;;;;;;;;;;;;;;;;;;
1;Tube 7;1202080.0;;;;;;;;;;;;;;;;;;1202080.0;0.0;208.0;False;J:\Culture Cellulaire 3D Microfluidique\PDX\PTT\20260330\before laser\Analysis\2026-04-01_112316_KSBRU_tube7_before laser_cropped_8bits2\12_0208_0_8bits.tiff;J:\Culture Cellulaire 3D Microfluidique\PDX\PTT\20260330\before laser\Analysis\2026-04-01_112316_KSBRU_tube7_before laser_segmentationDebug2\12_0208_0_segmented.tiff;1489.0;(93. 81);153.539103984832;0.954793202949663;43.5414019309284;0.793718600733388;0.765389446018339;698.701972440575;0.973401125268491;0.928343873972714;0.902976816206398;1202080.0;0.0;208.0;False;J:\Culture Cellulaire 3D Microfluidique\PDX\PTT\20260330\after laser\Analysis\2026-04-01_165732_KSBRU_tube7_after laser_cropped_8bits2\12_0208_0_8bits.tiff;J:\Culture Cellulaire 3D Microfluidique\PDX\PTT\20260330\after laser\Analysis\2026-04-01_165732_KSBRU_tube7_after laser_segmentationDebug2\12_0208_0_segmented.tiff;1695.0;(84. 79);177.195957899093;0.910556003223207;46.4557964986728;0.678378296549063;0.686040296939529;705.516762008462;0.971149246631915;0.918798346664681;0.902302749056828;147.99768707281277;43.0;Alive;0.0;0.0;0.0;;;;206.0;;23.656853914261006;-0.04423719972645601;2.914394567744395;-0.11534030418432495;-0.07934914907881008;6.814789567887033;-0.0022518786365759436;-0.009545527308033042;-0.000674067149570079
1;Tube 7;1302110.0;1302110.0;0.0;211.0;False;J:\Culture Cellulaire 3D Microfluidique\PDX\PTT\20260330\before merge\Analysis\2026-03-31_163704_KSBRU_tube7_before merge_cropped_8bits2\13_0211_0_8bits.tiff;J:\Culture Cellulaire 3D Microfluidique\PDX\PTT\20260330\before merge\Analysis\2026-03-31_163704_KSBRU_tube7_before merge_segmentationDebug2\13_0211_0_segmented.tiff;1286.0;(77. 73);205.882249832153;0.761397276494967;40.4646272011669;0.381252782226082;0.825059215743663;760.927970519454;0.972595874331381;0.935723922528717;0.887267313869359;;;;;;;;;;;;;;;;;;;;;;;;;;;;;;;;;;;;;;;;;;;;;;;;;;;;;;
1;Tube 7;1302120.0;;;;;;;;;;;;;;;;;;1302120.0;0.0;212.0;False;J:\Culture Cellulaire 3D Microfluidique\PDX\PTT\20260330\before laser\Analysis\2026-04-01_112316_KSBRU_tube7_before laser_cropped_8bits2\13_0212_0_8bits.tiff;J:\Culture Cellulaire 3D Microfluidique\PDX\PTT\20260330\before laser\Analysis\2026-04-01_112316_KSBRU_tube7_before laser_segmentationDebug2\13_0212_0_segmented.tiff;1708.5;(88. 64);240.752306818962;0.778182646322022;46.6404305531158;0.370411049146794;0.902603962177447;551.048995953887;0.971978565075446;0.915826762231149;0.914227923177345;1302120.0;0.0;212.0;False;J:\Culture Cellulaire 3D Microfluidique\PDX\PTT\20260330\after laser\Analysis\2026-04-01_165732_KSBRU_tube7_after laser_cropped_8bits2\13_0212_0_8bits.tiff;J:\Culture Cellulaire 3D Microfluidique\PDX\PTT\20260330\after laser\Analysis\2026-04-01_165732_KSBRU_tube7_after laser_segmentationDebug2\13_0212_0_segmented.tiff;1247.0;(86. 84);175.053822398185;0.836351441985244;39.8463262081305;0.51136749766443;0.663456842550736;539.822371515275;0.982513290538557;0.938740298403767;0.918592624939251;146.2926445950154;49.0;Alive;0.0;0.0;0.0;;;;-461.5;;-65.69848442077702;0.05816879566322197;-6.7941043449853;0.140956448517636;-0.23914711962671098;-11.22662443861202;0.010534725463110961;0.022913536172618043;0.004364701761905954
1;Tube 7;1402140.0;1402140.0;0.0;214.0;False;J:\Culture Cellulaire 3D Microfluidique\PDX\PTT\20260330\before merge\Analysis\2026-03-31_163704_KSBRU_tube7_before merge_cropped_8bits2\14_0214_0_8bits.tiff;J:\Culture Cellulaire 3D Microfluidique\PDX\PTT\20260330\before merge\Analysis\2026-03-31_163704_KSBRU_tube7_before merge_segmentationDebug2\14_0214_0_segmented.tiff;1247.5;(77. 80);146.811182022094;0.91930729550479;39.854313845017;0.727331082725968;0.89250482815774;474.467057661743;0.982830611862431;0.939510638912514;0.923868462335697;;;;;;;;;;;;;;;;;;;;;;;;;;;;;;;;;;;;;;;;;;;;;;;;;;;;;;
1;Tube 7;1402150.0;;;;;;;;;;;;;;;;;;1402150.0;0.0;215.0;False;J:\Culture Cellulaire 3D Microfluidique\PDX\PTT\20260330\before laser\Analysis\2026-04-01_112316_KSBRU_tube7_before laser_cropped_8bits2\14_0215_0_8bits.tiff;J:\Culture Cellulaire 3D Microfluidique\PDX\PTT\20260330\before laser\Analysis\2026-04-01_112316_KSBRU_tube7_before laser_segmentationDebug2\14_0215_0_segmented.tiff;1301.5;(76. 74);142.811181902885;0.955930958501652;40.7077543899539;0.80191734978277;0.958834503642176;620.188398224279;0.977437298429955;0.93709147104537;0.906149101630412;1402150.0;0.0;215.0;False;J:\Culture Cellulaire 3D Microfluidique\PDX\PTT\20260330\after laser\Analysis\2026-04-01_165732_KSBRU_tube7_after laser_cropped_8bits2\14_0215_0_8bits.tiff;J:\Culture Cellulaire 3D Microfluidique\PDX\PTT\20260330\after laser\Analysis\2026-04-01_165732_KSBRU_tube7_after laser_segmentationDebug2\14_0215_0_segmented.tiff;1639.0;(87. 68);169.053822875022;0.925988700564971;45.6819396897825;0.720673952372712;0.828471012313755;606.893902744601;0.973883636620312;0.921447528945035;0.908213536808773;99.0629679600279;44.0;Alive;0.0;0.0;0.0;;;;337.5;;26.242640972136996;-0.029942257936681038;4.974185299828605;-0.08124339741005793;-0.13036349132842107;-13.294495479678062;-0.003553661809643005;-0.01564394210033504;0.0020644351783610793
1;Tube 7;1502170.0;1502170.0;0.0;217.0;False;J:\Culture Cellulaire 3D Microfluidique\PDX\PTT\20260330\before merge\Analysis\2026-03-31_163704_KSBRU_tube7_before merge_cropped_8bits2\15_0217_0_8bits.tiff;J:\Culture Cellulaire 3D Microfluidique\PDX\PTT\20260330\before merge\Analysis\2026-03-31_163704_KSBRU_tube7_before merge_segmentationDebug2\15_0217_0_segmented.tiff;1314.0;(78. 74);179.053822875022;0.846649484536082;40.9027720549842;0.515036530317468;0.836858945810909;812.460468391902;0.973882920692869;0.935472312560573;0.889513123674563;;;;;;;;;;;;;;;;;;;;;;;;;;;;;;;;;;;;;;;;;;;;;;;;;;;;;;
1;Tube 7;1502180.0;;;;;;;;;;;;;;;;;;1502180.0;0.0;218.0;False;J:\Culture Cellulaire 3D Microfluidique\PDX\PTT\20260330\before laser\Analysis\2026-04-01_112316_KSBRU_tube7_before laser_cropped_8bits2\15_0218_0_8bits.tiff;J:\Culture Cellulaire 3D Microfluidique\PDX\PTT\20260330\before laser\Analysis\2026-04-01_112316_KSBRU_tube7_before laser_segmentationDebug2\15_0218_0_segmented.tiff;1538.0;(78. 76);192.710676550865;0.841817186644772;44.2520329454216;0.520420801600563;0.737589152669878;960.339849855831;0.971519284160105;0.925146158247703;0.878782432254338;1502180.0;0.0;218.0;False;J:\Culture Cellulaire 3D Microfluidique\PDX\PTT\20260330\after laser\Analysis\2026-04-01_165732_KSBRU_tube7_after laser_cropped_8bits2\15_0218_0_8bits.tiff;J:\Culture Cellulaire 3D Microfluidique\PDX\PTT\20260330\after laser\Analysis\2026-04-01_165732_KSBRU_tube7_after laser_segmentationDebug2\15_0218_0_segmented.tiff;1377.5;(71. 79);156.124889969825;0.917415917415917;41.8794397392406;0.710161592777955;0.793702662598956;872.484691927292;0.977239073201173;0.933279183086214;0.864510563719501;69.3611279967975;37.0;Alive;0.0;0.0;0.0;;;;-160.5;;-36.58578658104;0.07559873077114498;-2.3725932061809942;0.18974079117739195;0.05611350992907804;-87.85515792853892;0.0057197890410679575;0.008133024838511083;-0.014271868534837084
1;Tube 7;1602200.0;1602200.0;0.0;220.0;False;J:\Culture Cellulaire 3D Microfluidique\PDX\PTT\20260330\before merge\Analysis\2026-03-31_163704_KSBRU_tube7_before merge_cropped_8bits2\16_0220_0_8bits.tiff;J:\Culture Cellulaire 3D Microfluidique\PDX\PTT\20260330\before merge\Analysis\2026-03-31_163704_KSBRU_tube7_before merge_segmentationDebug2\16_0220_0_segmented.tiff;1078.5;(85. 74);148.669046759605;0.878257328990228;37.0565628330107;0.613181297162694;0.803344576158013;924.023678124364;0.976368139904877;0.946717123016171;0.8597595196031;;;;;;;;;;;;;;;;;;;;;;;;;;;;;;;;;;;;;;;;;;;;;;;;;;;;;;
1;Tube 7;1602210.0;;;;;;;;;;;;;;;;;;1602210.0;0.0;221.0;False;J:\Culture Cellulaire 3D Microfluidique\PDX\PTT\20260330\before laser\Analysis\2026-04-01_112316_KSBRU_tube7_before laser_cropped_8bits2\16_0221_0_8bits.tiff;J:\Culture Cellulaire 3D Microfluidique\PDX\PTT\20260330\before laser\Analysis\2026-04-01_112316_KSBRU_tube7_before laser_segmentationDebug2\16_0221_0_segmented.tiff;1525.5;(80. 74);188.468036055564;0.834975369458128;44.0718382359244;0.539692851968378;0.571221665572992;908.02398625053;0.972696113040368;0.926155912554421;0.908285007821189;1602210.0;0.0;221.0;False;J:\Culture Cellulaire 3D Microfluidique\PDX\PTT\20260330\after laser\Analysis\2026-04-01_165732_KSBRU_tube7_after laser_cropped_8bits2\16_0221_0_8bits.tiff;J:\Culture Cellulaire 3D Microfluidique\PDX\PTT\20260330\after laser\Analysis\2026-04-01_165732_KSBRU_tube7_after laser_segmentationDebug2\16_0221_0_segmented.tiff;1356.0;(80. 71);173.740114331245;0.876818622696411;41.5513275679716;0.564507020775361;0.970250891249592;761.069382616124;0.973486359267646;0.933568542992084;0.884107759808583;99.98369089803849;37.0;Alive;0.0;0.0;0.0;;;;-169.5;;-14.727921724319003;0.041843253238282974;-2.5205106679528058;0.02481416880698295;0.39902922567659993;-146.954603634406;0.0007902462272780797;0.007412630437663048;-0.024177248012606012
1;Tube 7;1702230.0;1702230.0;0.0;223.0;False;J:\Culture Cellulaire 3D Microfluidique\PDX\PTT\20260330\before merge\Analysis\2026-03-31_163704_KSBRU_tube7_before merge_cropped_8bits2\17_0223_0_8bits.tiff;J:\Culture Cellulaire 3D Microfluidique\PDX\PTT\20260330\before merge\Analysis\2026-03-31_163704_KSBRU_tube7_before merge_segmentationDebug2\17_0223_0_segmented.tiff;1439.5;(76. 77);247.639609098434;0.778318464449851;42.8115442917709;0.294972353712342;0.717118854894378;716.570971095548;0.96662055062783;0.927204698903512;0.870432906143086;;;;;;;;;;;;;;;;;;;;;;;;;;;;;;;;;;;;;;;;;;;;;;;;;;;;;;
1;Tube 7;1703240.0;;;;;;;;;;;;;;;;;;1703240.0;0.0;324.0;False;J:\Culture Cellulaire 3D Microfluidique\PDX\PTT\20260330\before laser\Analysis\2026-04-01_112316_KSBRU_tube7_before laser_cropped_8bits2\17_0324_0_8bits.tiff;J:\Culture Cellulaire 3D Microfluidique\PDX\PTT\20260330\before laser\Analysis\2026-04-01_112316_KSBRU_tube7_before laser_segmentationDebug2\17_0324_0_segmented.tiff;1343.0;(79. 76);160.225395321846;0.893249085467243;41.3516711703326;0.657390120592246;0.878389074965086;931.522161504499;0.974928262089415;0.934901507642215;0.877682511252772;1703240.0;0.0;324.0;False;J:\Culture Cellulaire 3D Microfluidique\PDX\PTT\20260330\after laser\Analysis\2026-04-01_165732_KSBRU_tube7_after laser_cropped_8bits2\17_0324_0_8bits.tiff;J:\Culture Cellulaire 3D Microfluidique\PDX\PTT\20260330\after laser\Analysis\2026-04-01_165732_KSBRU_tube7_after laser_segmentationDebug2\17_0324_0_segmented.tiff;1663.5;(77. 80);213.296463370323;0.811067771818625;46.022103196909;0.459478675108653;0.728004091402987;817.743173880849;0.967915302784943;0.918767249776893;0.861866834110896;178.00643468204672;37.0;Alive;0.0;0.0;0.0;;;;320.5;;53.071068048477;-0.08218131364861803;4.6704320265764;-0.19791144548359302;-0.15038498356209895;-113.77898762364998;-0.0070129593044719885;-0.016134257865322077;-0.015815677141875928
1;Tube 7;1805240.0;1805240.0;0.0;524.0;False;J:\Culture Cellulaire 3D Microfluidique\PDX\PTT\20260330\before merge\Analysis\2026-03-31_163704_KSBRU_tube7_before merge_cropped_8bits2\18_0524_0_8bits.tiff;J:\Culture Cellulaire 3D Microfluidique\PDX\PTT\20260330\before merge\Analysis\2026-03-31_163704_KSBRU_tube7_before merge_segmentationDebug2\18_0524_0_segmented.tiff;1003.0;(76. 77);150.225395560264;0.860944206008583;35.7359659638489;0.558501166558907;0.796747459178354;847.529003549003;0.979539191583092;0.950358517167153;0.880428308811227;;;;;;;;;;;;;;;;;;;;;;;;;;;;;;;;;;;;;;;;;;;;;;;;;;;;;;
1;Tube 7;1806240.0;;;;;;;;;;;;;;;;;;1806240.0;0.0;624.0;False;J:\Culture Cellulaire 3D Microfluidique\PDX\PTT\20260330\before laser\Analysis\2026-04-01_112316_KSBRU_tube7_before laser_cropped_8bits2\18_0624_0_8bits.tiff;J:\Culture Cellulaire 3D Microfluidique\PDX\PTT\20260330\before laser\Analysis\2026-04-01_112316_KSBRU_tube7_before laser_segmentationDebug2\18_0624_0_segmented.tiff;1883.0;(82. 79);231.480228424072;0.806423982869379;48.9643754451776;0.441603370586147;0.719146605916972;566.384160805344;0.961028332483839;0.908123097724307;0.892105754399238;1806240.0;0.0;624.0;False;J:\Culture Cellulaire 3D Microfluidique\PDX\PTT\20260330\after laser\Analysis\2026-04-01_165732_KSBRU_tube7_after laser_cropped_8bits2\18_0624_0_8bits.tiff;J:\Culture Cellulaire 3D Microfluidique\PDX\PTT\20260330\after laser\Analysis\2026-04-01_165732_KSBRU_tube7_after laser_segmentationDebug2\18_0624_0_segmented.tiff;1421.5;(87. 83);209.438598752021;0.809279817819527;42.5430371840214;0.407233297465609;0.771984748231105;672.801204314363;0.973302191474477;0.929795700486205;0.869748399601885;114.16964431331272;37.0;Alive;0.0;0.0;0.0;;;;-461.5;;-22.041629672051016;0.002855834950147962;-6.421338261156201;-0.034370073120538025;0.052838142314132974;106.41704350901898;0.012273858990638042;0.021672602761897974;-0.022357354797353013
1;Tube 7;1908240.0;1908240.0;0.0;824.0;False;J:\Culture Cellulaire 3D Microfluidique\PDX\PTT\20260330\before merge\Analysis\2026-03-31_163704_KSBRU_tube7_before merge_cropped_8bits2\19_0824_0_8bits.tiff;J:\Culture Cellulaire 3D Microfluidique\PDX\PTT\20260330\before merge\Analysis\2026-03-31_163704_KSBRU_tube7_before merge_segmentationDebug2\19_0824_0_segmented.tiff;1355.5;(87. 73);211.296463131904;0.73949809056192;41.543666218673;0.381526695412163;0.941194093733314;648.852357906289;0.968749626373313;0.932339629433021;0.88707909989488;;;;;;;;;;;;;;;;;;1908240.0;0.0;824.0;False;J:\Culture Cellulaire 3D Microfluidique\PDX\PTT\20260330\after laser\Analysis\2026-04-01_165732_KSBRU_tube7_after laser_cropped_8bits2\19_0824_0_8bits.tiff;J:\Culture Cellulaire 3D Microfluidique\PDX\PTT\20260330\after laser\Analysis\2026-04-01_165732_KSBRU_tube7_after laser_segmentationDebug2\19_0824_0_segmented.tiff;1466.0;(79. 69);170.367531061172;0.892541856925418;43.2038096998603;0.634702450225138;0.711004176293653;666.182274206308;0.974274998980881;0.928905189420664;0.882648203761708;95.14137026109393;37.0;Alive;;;;;;;;;;;;;;;;;
1;Tube 7;1909240.0;;;;;;;;;;;;;;;;;;1909240.0;0.0;924.0;False;J:\Culture Cellulaire 3D Microfluidique\PDX\PTT\20260330\before laser\Analysis\2026-04-01_112316_KSBRU_tube7_before laser_cropped_8bits2\19_0924_0_8bits.tiff;J:\Culture Cellulaire 3D Microfluidique\PDX\PTT\20260330\before laser\Analysis\2026-04-01_112316_KSBRU_tube7_before laser_segmentationDebug2\19_0924_0_segmented.tiff;1995.0;(87. 72);288.99494755268;0.76159572437488;50.3995326540499;0.300173441037002;0.60936342645179;623.14776034672;0.962567878747586;0.901045460112716;0.896939271766435;;;;;;;;;;;;;;;;;;;;;;;;;;;;;;;;;;;;;
1;Tube 7;2011240.0;2011240.0;0.0;1124.0;False;J:\Culture Cellulaire 3D Microfluidique\PDX\PTT\20260330\before merge\Analysis\2026-03-31_163704_KSBRU_tube7_before merge_cropped_8bits2\20_1124_0_8bits.tiff;J:\Culture Cellulaire 3D Microfluidique\PDX\PTT\20260330\before merge\Analysis\2026-03-31_163704_KSBRU_tube7_before merge_segmentationDebug2\20_1124_0_segmented.tiff;1377.0;(71. 82);234.367531061172;0.703448275862068;41.8718384251315;0.31502782466391;0.744388830274906;725.401716444153;0.96856662744803;0.930571514712068;0.872361086532769;;;;;;;;;;;;;;;;;;;;;;;;;;;;;;;;;;;;;;;;;;;;;;;;;;;;;;
1;Tube 7;2012240.0;;;;;;;;;;;;;;;;;;;;;;;;;;;;;;;;;;;2012240.0;0.0;1224.0;False;J:\Culture Cellulaire 3D Microfluidique\PDX\PTT\20260330\after laser\Analysis\2026-04-01_165732_KSBRU_tube7_after laser_cropped_8bits2\20_1224_0_8bits.tiff;J:\Culture Cellulaire 3D Microfluidique\PDX\PTT\20260330\after laser\Analysis\2026-04-01_165732_KSBRU_tube7_after laser_segmentationDebug2\20_1224_0_segmented.tiff;1261.5;(88. 82);169.639609098434;0.883094154707735;40.0773213386749;0.550861718709427;0.587966242658204;738.273720332775;0.976980644186961;0.937634223901105;0.867582121822086;66.66716088187765;37.0;Alive;;;;;;;;;;;;;;;;;
1;Tube 7;204050.0;204050.0;0.0;405.0;False;J:\Culture Cellulaire 3D Microfluidique\PDX\PTT\20260330\before merge\Analysis\2026-03-31_163704_KSBRU_tube7_before merge_cropped_8bits2\2_0405_0_8bits.tiff;J:\Culture Cellulaire 3D Microfluidique\PDX\PTT\20260330\before merge\Analysis\2026-03-31_163704_KSBRU_tube7_before merge_segmentationDebug2\2_0405_0_segmented.tiff;1468.0;(80. 73);154.568541169166;0.948933419521654;43.233270194044;0.77213582593223;0.802773909320587;914.769068083329;0.973179575712856;0.92944036264586;0.883913664399552;;;;;;;;;;;;;;;;;;;;;;;;;;;;;;;;;;;;;;;;;;;;;;;;;;;;;;
1;Tube 7;205050.0;;;;;;;;;;;;;;;;;;205050.0;0.0;505.0;False;J:\Culture Cellulaire 3D Microfluidique\PDX\PTT\20260330\before laser\Analysis\2026-04-01_112316_KSBRU_tube7_before laser_cropped_8bits2\2_0505_0_8bits.tiff;J:\Culture Cellulaire 3D Microfluidique\PDX\PTT\20260330\before laser\Analysis\2026-04-01_112316_KSBRU_tube7_before laser_segmentationDebug2\2_0505_0_segmented.tiff;1904.0;(69. 87);195.882249712944;0.893058161350844;49.2366539599895;0.623572051039466;0.760028349921854;920.455809460434;0.959518135850089;0.908296120634584;0.87469955892387;;;;;;;;;;;;;;;;;;;;;;;;;;;;;;;;;;;;;
1;Tube 7;308050.0;308050.0;0.0;805.0;False;J:\Culture Cellulaire 3D Microfluidique\PDX\PTT\20260330\before merge\Analysis\2026-03-31_163704_KSBRU_tube7_before merge_cropped_8bits2\3_0805_0_8bits.tiff;J:\Culture Cellulaire 3D Microfluidique\PDX\PTT\20260330\before merge\Analysis\2026-03-31_163704_KSBRU_tube7_before merge_segmentationDebug2\3_0805_0_segmented.tiff;1372.0;(74. 81);146.568541049957;0.958100558659217;41.7957492500929;0.80256912001292;0.92381930985363;1007.37441000075;0.974057350690907;0.933857299822029;0.871004706574432;308050.0;0.0;805.0;False;J:\Culture Cellulaire 3D Microfluidique\PDX\PTT\20260330\before laser\Analysis\2026-04-01_112316_KSBRU_tube7_before laser_cropped_8bits2\3_0805_0_8bits.tiff;J:\Culture Cellulaire 3D Microfluidique\PDX\PTT\20260330\before laser\Analysis\2026-04-01_112316_KSBRU_tube7_before laser_segmentationDebug2\3_0805_0_segmented.tiff;1651.5;(80. 74);197.781744480133;0.851288659793814;45.8558077906182;0.530537437915623;0.916033472831336;856.292938889746;0.969774564603779;0.919661371414151;0.865416108560676;;;;;;;;;;;;;;;;;;;;;;;;;;;;;;;;;;;;;
1;Tube 7;411050.0;411050.0;0.0;1105.0;False;J:\Culture Cellulaire 3D Microfluidique\PDX\PTT\20260330\before merge\Analysis\2026-03-31_163704_KSBRU_tube7_before merge_cropped_8bits2\4_1105_0_8bits.tiff;J:\Culture Cellulaire 3D Microfluidique\PDX\PTT\20260330\before merge\Analysis\2026-03-31_163704_KSBRU_tube7_before merge_segmentationDebug2\4_1105_0_segmented.tiff;2033.0;(76. 75);234.852811932563;0.802605606000789;50.8772640228087;0.463186308886851;0.73894472367615;864.798187229609;0.958369113451639;0.901329505845999;0.884970158764489;411050.0;0.0;1105.0;False;J:\Culture Cellulaire 3D Microfluidique\PDX\PTT\20260330\before laser\Analysis\2026-04-01_112316_KSBRU_tube7_before laser_cropped_8bits2\4_1105_0_8bits.tiff;J:\Culture Cellulaire 3D Microfluidique\PDX\PTT\20260330\before laser\Analysis\2026-04-01_112316_KSBRU_tube7_before laser_segmentationDebug2\4_1105_0_segmented.tiff;2734.0;(78. 66);364.450791239738;0.744046809089672;59.0003128407463;0.258660777919409;0.749884883648904;785.145745573733;0.945686447634192;0.865569976877983;0.867968156589452;;;;;;;;;;;;;;;;;;;;;;;;;;;;;;;;;;;;;
1;Tube 7;412050.0;;;;;;;;;;;;;;;;;;;;;;;;;;;;;;;;;;;412050.0;0.0;1205.0;False;J:\Culture Cellulaire 3D Microfluidique\PDX\PTT\20260330\after laser\Analysis\2026-04-01_165732_KSBRU_tube7_after laser_cropped_8bits2\4_1205_0_8bits.tiff;J:\Culture Cellulaire 3D Microfluidique\PDX\PTT\20260330\after laser\Analysis\2026-04-01_165732_KSBRU_tube7_after laser_segmentationDebug2\4_1205_0_segmented.tiff;1927.5;(74. 69);209.296463251113;0.855715871254162;49.5395722879904;0.552943136398749;0.890005247350405;854.976647694406;0.969013995987545;0.907390350495311;0.870835131195963;356.35387785965287;41.0;Alive;;;;;;;;;;;;;;;;;
1;Tube 7;514050.0;514050.0;0.0;1405.0;False;J:\Culture Cellulaire 3D Microfluidique\PDX\PTT\20260330\before merge\Analysis\2026-03-31_163704_KSBRU_tube7_before merge_cropped_8bits2\5_1405_0_8bits.tiff;J:\Culture Cellulaire 3D Microfluidique\PDX\PTT\20260330\before merge\Analysis\2026-03-31_163704_KSBRU_tube7_before merge_segmentationDebug2\5_1405_0_segmented.tiff;1475.0;(86. 76);166.568541526794;0.89502427184466;43.336224206596;0.668060690638776;0.936517101459421;786.620488306981;0.977812186142229;0.92872833874738;0.855067508050567;;;;;;;;;;;;;;;;;;;;;;;;;;;;;;;;;;;;;;;;;;;;;;;;;;;;;;
1;Tube 7;515040.0;;;;;;;;;;;;;;;;;;;;;;;;;;;;;;;;;;;515040.0;0.0;1504.0;False;J:\Culture Cellulaire 3D Microfluidique\PDX\PTT\20260330\after laser\Analysis\2026-04-01_165732_KSBRU_tube7_after laser_cropped_8bits2\5_1504_0_8bits.tiff;J:\Culture Cellulaire 3D Microfluidique\PDX\PTT\20260330\after laser\Analysis\2026-04-01_165732_KSBRU_tube7_after laser_segmentationDebug2\5_1504_0_segmented.tiff;2294.5;(79. 76);233.438598275184;0.861137173953837;54.0504221574154;0.529118068892306;0.921956562636962;724.694788690309;0.957159918897305;0.889787246977818;0.87985446431724;251.6642697228936;47.0;Alive;;;;;;;;;;;;;;;;;
1;Tube 7;614010.0;;;;;;;;;;;;;;;;;;;;;;;;;;;;;;;;;;;614010.0;0.0;1401.0;False;J:\Culture Cellulaire 3D Microfluidique\PDX\PTT\20260330\after laser\Analysis\2026-04-01_165732_KSBRU_tube7_after laser_cropped_8bits2\6_1401_0_8bits.tiff;J:\Culture Cellulaire 3D Microfluidique\PDX\PTT\20260330\after laser\Analysis\2026-04-01_165732_KSBRU_tube7_after laser_segmentationDebug2\6_1401_0_segmented.tiff;2096.5;(87. 49);209.095452547073;0.879219962256238;51.6657207976165;0.602581168414267;0.787276512809881;891.333690113062;0.963989747419988;0.900711853013638;0.859353569034755;346.2941272406483;46.0;Alive;;;;;;;;;;;;;;;;;
1;Tube 7;615020.0;615020.0;0.0;1502.0;False;J:\Culture Cellulaire 3D Microfluidique\PDX\PTT\20260330\before merge\Analysis\2026-03-31_163704_KSBRU_tube7_before merge_cropped_8bits2\6_1502_0_8bits.tiff;J:\Culture Cellulaire 3D Microfluidique\PDX\PTT\20260330\before merge\Analysis\2026-03-31_163704_KSBRU_tube7_before merge_segmentationDebug2\6_1502_0_segmented.tiff;1612.5;(66. 58);166.124890089035;0.946025227339395;45.3111329132857;0.734243607433168;0.930695780832927;784.692418405764;0.971805690084893;0.911777946354733;0.855059831124647;615020.0;0.0;1502.0;False;J:\Culture Cellulaire 3D Microfluidique\PDX\PTT\20260330\before laser\Analysis\2026-04-01_112316_KSBRU_tube7_before laser_cropped_8bits2\6_1502_0_8bits.tiff;J:\Culture Cellulaire 3D Microfluidique\PDX\PTT\20260330\before laser\Analysis\2026-04-01_112316_KSBRU_tube7_before laser_segmentationDebug2\6_1502_0_segmented.tiff;2354.5;(87. 38);292.752306938171;0.785618952285619;54.7525570916915;0.345229505873079;0.907758232404511;622.469602378754;0.952782613917631;0.857461483106521;0.872771414723849;;;;;;;;;;;;;;;;;;;;;;;;;;;;;;;;;;;;;
1;Tube 7;712010.0;712010.0;0.0;1201.0;False;J:\Culture Cellulaire 3D Microfluidique\PDX\PTT\20260330\before merge\Analysis\2026-03-31_163704_KSBRU_tube7_before merge_cropped_8bits2\7_1201_0_8bits.tiff;J:\Culture Cellulaire 3D Microfluidique\PDX\PTT\20260330\before merge\Analysis\2026-03-31_163704_KSBRU_tube7_before merge_segmentationDebug2\7_1201_0_segmented.tiff;1792.0;(79. 75);183.68123948574;0.898696088264794;47.7665705715347;0.66744927650131;0.732321347490354;621.143239954034;0.975185157254798;0.914001759983248;0.914758752796474;;;;;;;;;;;;;;;;;;;;;;;;;;;;;;;;;;;;;;;;;;;;;;;;;;;;;;
1;Tube 7;808010.0;808010.0;0.0;801.0;False;J:\Culture Cellulaire 3D Microfluidique\PDX\PTT\20260330\before merge\Analysis\2026-03-31_163704_KSBRU_tube7_before merge_cropped_8bits2\8_0801_0_8bits.tiff;J:\Culture Cellulaire 3D Microfluidique\PDX\PTT\20260330\before merge\Analysis\2026-03-31_163704_KSBRU_tube7_before merge_segmentationDebug2\8_0801_0_segmented.tiff;1638.5;(77. 74);178.811182141304;0.884719222462203;45.6749711992089;0.643971965060601;0.763440011909848;948.164063732465;0.968606231643894;0.921070274072255;0.863522530576483;;;;;;;;;;;;;;;;;;808010.0;0.0;801.0;False;J:\Culture Cellulaire 3D Microfluidique\PDX\PTT\20260330\after laser\Analysis\2026-04-01_165732_KSBRU_tube7_after laser_cropped_8bits2\8_0801_0_8bits.tiff;J:\Culture Cellulaire 3D Microfluidique\PDX\PTT\20260330\after laser\Analysis\2026-04-01_165732_KSBRU_tube7_after laser_segmentationDebug2\8_0801_0_segmented.tiff;2132.0;(79. 75);225.539103746414;0.859330914953647;52.1013119736477;0.526687927531557;0.846652988132029;907.099461896362;0.962409195213617;0.897424291900719;0.852477189451023;329.7552152060137;43.0;Alive;;;;;;;;;;;;;;;;;
1;Tube 7;905010.0;905010.0;0.0;501.0;False;J:\Culture Cellulaire 3D Microfluidique\PDX\PTT\20260330\before merge\Analysis\2026-03-31_163704_KSBRU_tube7_before merge_cropped_8bits2\9_0501_0_8bits.tiff;J:\Culture Cellulaire 3D Microfluidique\PDX\PTT\20260330\before merge\Analysis\2026-03-31_163704_KSBRU_tube7_before merge_segmentationDebug2\9_0501_0_segmented.tiff;1498.0;(85. 63);159.053822517395;0.935665209244222;43.672792880846;0.744103685497899;0.838881364186661;1068.94100089245;0.973639511490597;0.927967676391828;0.851574129483333;905010.0;0.0;501.0;False;J:\Culture Cellulaire 3D Microfluidique\PDX\PTT\20260330\before laser\Analysis\2026-04-01_112316_KSBRU_tube7_before laser_cropped_8bits2\9_0501_0_8bits.tiff;J:\Culture Cellulaire 3D Microfluidique\PDX\PTT\20260330\before laser\Analysis\2026-04-01_112316_KSBRU_tube7_before laser_segmentationDebug2\9_0501_0_segmented.tiff;3106.0;(82. 71);365.965510010719;0.713367018833256;62.8862626171043;0.291427814834919;0.515591130687221;813.553816996351;0.934624601387806;0.849479675455308;0.88001908505783;905010.0;0.0;501.0;False;J:\Culture Cellulaire 3D Microfluidique\PDX\PTT\20260330\after laser\Analysis\2026-04-01_165732_KSBRU_tube7_after laser_cropped_8bits2\9_0501_0_8bits.tiff;J:\Culture Cellulaire 3D Microfluidique\PDX\PTT\20260330\after laser\Analysis\2026-04-01_165732_KSBRU_tube7_after laser_segmentationDebug2\9_0501_0_segmented.tiff;2618.5;(70. 78);241.095452785491;0.868202917771883;57.7406074430207;0.566088592734664;0.581219846350496;728.213185574861;0.950789356844469;0.87477672338235;0.879816095100975;196.42089344225843;43.0;Alive;0.0;0.0;0.0;;;;-487.5;;-124.87005722522801;0.15483589893862693;-5.1456551740836005;0.2746607778997451;0.065628715663275;-85.34063142149;0.01616475545666296;0.025297047927042016;-0.0002029899568549709
1;Tube 8;1003010.0;1003010.0;0.0;301.0;False;J:\Culture Cellulaire 3D Microfluidique\PDX\PTT\20260330\before merge\Analysis\2026-03-31_164559_KSBRU_tube8_before merge_cropped_8bits2\10_0301_0_8bits.tiff;J:\Culture Cellulaire 3D Microfluidique\PDX\PTT\20260330\before merge\Analysis\2026-03-31_164559_KSBRU_tube8_before merge_segmentationDebug2\10_0301_0_segmented.tiff;1272.0;(80. 65);142.568541884422;0.950317519611505;40.2437659880773;0.786410963690504;0.931785545320832;911.839953718967;0.979099477746141;0.938367590935242;0.868046652218824;1003010.0;0.0;301.0;False;J:\Culture Cellulaire 3D Microfluidique\PDX\PTT\20260330\before laser\Analysis\2026-04-01_113147_KSBRU_tube8_before laser_cropped_8bits2\10_0301_0_8bits.tiff;J:\Culture Cellulaire 3D Microfluidique\PDX\PTT\20260330\before laser\Analysis\2026-04-01_113147_KSBRU_tube8_before laser_segmentationDebug2\10_0301_0_segmented.tiff;1515.0;(76. 81);221.539103865623;0.796529968454258;43.9199033500049;0.387901722021323;0.703868404516483;948.464284724301;0.980956009366589;0.925416661930322;0.857003738855807;;;;;;;;;;;;;;;;;;;;;;;;;;;;;;;;;;;;;
1;Tube 8;103080.0;103080.0;0.0;308.0;False;J:\Culture Cellulaire 3D Microfluidique\PDX\PTT\20260330\before merge\Analysis\2026-03-31_164559_KSBRU_tube8_before merge_cropped_8bits2\1_0308_0_8bits.tiff;J:\Culture Cellulaire 3D Microfluidique\PDX\PTT\20260330\before merge\Analysis\2026-03-31_164559_KSBRU_tube8_before merge_segmentationDebug2\1_0308_0_segmented.tiff;1609.5;(79. 75);179.982755064964;0.902186098654708;45.268963399345;0.624365725025441;0.919334063376476;663.963353941396;0.976707770116376;0.922468365978666;0.90690510594201;103080.0;0.0;308.0;False;J:\Culture Cellulaire 3D Microfluidique\PDX\PTT\20260330\before laser\Analysis\2026-04-01_113147_KSBRU_tube8_before laser_cropped_8bits2\1_0308_0_8bits.tiff;J:\Culture Cellulaire 3D Microfluidique\PDX\PTT\20260330\before laser\Analysis\2026-04-01_113147_KSBRU_tube8_before laser_segmentationDebug2\1_0308_0_segmented.tiff;1626.0;(75. 82);180.568541169166;0.888281890193936;45.500412083182;0.626680565395882;0.788859484257085;775.243455638325;0.972315641050264;0.92159885848206;0.911052883725696;103080.0;0.0;308.0;False;J:\Culture Cellulaire 3D Microfluidique\PDX\PTT\20260330\after laser\Analysis\2026-04-01_170642_KSBRU_tube8_after laser_cropped_8bits2\1_0308_0_8bits.tiff;J:\Culture Cellulaire 3D Microfluidique\PDX\PTT\20260330\after laser\Analysis\2026-04-01_170642_KSBRU_tube8_after laser_segmentationDebug2\1_0308_0_segmented.tiff;1814.5;(69. 83);200.953317284584;0.864459266317294;48.0655089843221;0.564646287380419;0.86000875644847;603.327034453603;0.974302857991764;0.91241302168132;0.90548435320012;298.04142511898243;43.0;Alive;0.0;0.0;0.0;;;;188.5;;20.384776115417992;-0.023822623876642024;2.5650969011401017;-0.06203427801546302;0.071149272191385;-171.91642118472203;0.0019872169414999474;-0.009185836800740033;-0.005568530525576043
1;Tube 8;1102040.0;1102040.0;0.0;204.0;False;J:\Culture Cellulaire 3D Microfluidique\PDX\PTT\20260330\before merge\Analysis\2026-03-31_164559_KSBRU_tube8_before merge_cropped_8bits2\11_0204_0_8bits.tiff;J:\Culture Cellulaire 3D Microfluidique\PDX\PTT\20260330\before merge\Analysis\2026-03-31_164559_KSBRU_tube8_before merge_segmentationDebug2\11_0204_0_segmented.tiff;1158.0;(77. 79);141.396968364715;0.915776986951364;38.398064961705;0.727843867803116;0.96264438214231;800.643840287026;0.978740655393162;0.943652674851329;0.872410030040359;1102040.0;0.0;204.0;False;J:\Culture Cellulaire 3D Microfluidique\PDX\PTT\20260330\before laser\Analysis\2026-04-01_113147_KSBRU_tube8_before laser_cropped_8bits2\11_0204_0_8bits.tiff;J:\Culture Cellulaire 3D Microfluidique\PDX\PTT\20260330\before laser\Analysis\2026-04-01_113147_KSBRU_tube8_before laser_segmentationDebug2\11_0204_0_segmented.tiff;1443.0;(95. 77);155.882249593734;0.932170542635658;42.8635586839548;0.746247459872305;0.854991508835826;697.449796584221;0.972858721590186;0.930162830778371;0.885345455929156;;;;;;;;;;;;;;;;;;;;;;;;;;;;;;;;;;;;;
1;Tube 8;1102060.0;;;;;;;;;;;;;;;;;;;;;;;;;;;;;;;;;;;1102060.0;0.0;206.0;False;J:\Culture Cellulaire 3D Microfluidique\PDX\PTT\20260330\after laser\Analysis\2026-04-01_170642_KSBRU_tube8_after laser_cropped_8bits2\11_0206_0_8bits.tiff;J:\Culture Cellulaire 3D Microfluidique\PDX\PTT\20260330\after laser\Analysis\2026-04-01_170642_KSBRU_tube8_after laser_segmentationDebug2\11_0206_0_segmented.tiff;1606.0;(79. 88);167.053822040557;0.927519491770141;45.2197159306056;0.723173614571041;0.764575148083393;589.680771396396;0.976002658189788;0.922988232020868;0.902771816562166;153.4538230017644;41.0;Alive;;;;;;;;;;;;;;;;;
1;Tube 8;1202070.0;1202070.0;0.0;207.0;False;J:\Culture Cellulaire 3D Microfluidique\PDX\PTT\20260330\before merge\Analysis\2026-03-31_164559_KSBRU_tube8_before merge_cropped_8bits2\12_0207_0_8bits.tiff;J:\Culture Cellulaire 3D Microfluidique\PDX\PTT\20260330\before merge\Analysis\2026-03-31_164559_KSBRU_tube8_before merge_segmentationDebug2\12_0207_0_segmented.tiff;1325.0;(83. 75);150.710676193237;0.929824561403508;41.0736216661507;0.733056933006271;0.938800353017256;793.921189314509;0.97636826204564;0.935915580469171;0.866820325408169;1202070.0;0.0;207.0;False;J:\Culture Cellulaire 3D Microfluidique\PDX\PTT\20260330\before laser\Analysis\2026-04-01_113147_KSBRU_tube8_before laser_cropped_8bits2\12_0207_0_8bits.tiff;J:\Culture Cellulaire 3D Microfluidique\PDX\PTT\20260330\before laser\Analysis\2026-04-01_113147_KSBRU_tube8_before laser_segmentationDebug2\12_0207_0_segmented.tiff;1582.0;(82. 65);174.083260178565;0.895556184545711;44.8805632737717;0.655997705483201;0.860455838458089;716.649775304635;0.97513672282626;0.923715907505808;0.887449706799829;;;;;;;;;;;;;;;;;;;;;;;;;;;;;;;;;;;;;
1;Tube 8;1302120.0;;;;;;;;;;;;;;;;;;;;;;;;;;;;;;;;;;;1302120.0;0.0;212.0;False;J:\Culture Cellulaire 3D Microfluidique\PDX\PTT\20260330\after laser\Analysis\2026-04-01_170642_KSBRU_tube8_after laser_cropped_8bits2\13_0212_0_8bits.tiff;J:\Culture Cellulaire 3D Microfluidique\PDX\PTT\20260330\after laser\Analysis\2026-04-01_170642_KSBRU_tube8_after laser_segmentationDebug2\13_0212_0_segmented.tiff;1819.0;(86. 64);366.79393684864;0.650339649624597;48.1250738375876;0.169901912237513;0.909650231674492;517.080796332456;0.970371382381804;0.906582569221827;0.876223502475454;51.151274333921464;43.0;Alive;;;;;;;;;;;;;;;;;
1;Tube 8;1402130.0;1402130.0;0.0;213.0;False;J:\Culture Cellulaire 3D Microfluidique\PDX\PTT\20260330\before merge\Analysis\2026-03-31_164559_KSBRU_tube8_before merge_cropped_8bits2\14_0213_0_8bits.tiff;J:\Culture Cellulaire 3D Microfluidique\PDX\PTT\20260330\before merge\Analysis\2026-03-31_164559_KSBRU_tube8_before merge_segmentationDebug2\14_0213_0_segmented.tiff;1222.5;(63. 85);140.811181902885;0.941470927993839;39.4529510105231;0.774790780538142;0.903031959411691;658.3990446796;0.986385010173403;0.940933610855375;0.896985803938086;;;;;;;;;;;;;;;;;;;;;;;;;;;;;;;;;;;;;;;;;;;;;;;;;;;;;;
1;Tube 8;1402140.0;;;;;;;;;;;;;;;;;;1402140.0;0.0;214.0;False;J:\Culture Cellulaire 3D Microfluidique\PDX\PTT\20260330\before laser\Analysis\2026-04-01_113147_KSBRU_tube8_before laser_cropped_8bits2\14_0214_0_8bits.tiff;J:\Culture Cellulaire 3D Microfluidique\PDX\PTT\20260330\before laser\Analysis\2026-04-01_113147_KSBRU_tube8_before laser_segmentationDebug2\14_0214_0_segmented.tiff;1522.5;(79. 69);166.124890327453;0.924127465857359;44.0284817687288;0.69326256688885;0.858651918758454;747.97583641172;0.976448638525859;0.926877688612912;0.896879836904056;;;;;;;;;;;;;;;;;;;;;;;;;;;;;;;;;;;;;
1;Tube 8;1402150.0;;;;;;;;;;;;;;;;;;;;;;;;;;;;;;;;;;;1402150.0;0.0;215.0;False;J:\Culture Cellulaire 3D Microfluidique\PDX\PTT\20260330\after laser\Analysis\2026-04-01_170642_KSBRU_tube8_after laser_cropped_8bits2\14_0215_0_8bits.tiff;J:\Culture Cellulaire 3D Microfluidique\PDX\PTT\20260330\after laser\Analysis\2026-04-01_170642_KSBRU_tube8_after laser_segmentationDebug2\14_0215_0_segmented.tiff;1525.0;(71. 63);199.882249951362;0.84557804269476;44.0646151205377;0.479657510362016;0.849068745006709;552.206789188886;0.982397238503042;0.925326836536943;0.912506079025786;173.0618114964343;40.0;Alive;;;;;;;;;;;;;;;;;
1;Tube 8;1502170.0;;;;;;;;;;;;;;;;;;1502170.0;0.0;217.0;False;J:\Culture Cellulaire 3D Microfluidique\PDX\PTT\20260330\before laser\Analysis\2026-04-01_113147_KSBRU_tube8_before laser_cropped_8bits2\15_0217_0_8bits.tiff;J:\Culture Cellulaire 3D Microfluidique\PDX\PTT\20260330\before laser\Analysis\2026-04-01_113147_KSBRU_tube8_before laser_segmentationDebug2\15_0217_0_segmented.tiff;1313.5;(70. 72);149.982755064964;0.925;40.8949892041755;0.733765498011167;0.915352709940093;547.214540702767;0.985946671503718;0.936607985212947;0.923224988233335;;;;;;;;;;;;;;;;;;;;;;;;;;;;;;;;;;;;;
1;Tube 8;1502180.0;;;;;;;;;;;;;;;;;;;;;;;;;;;;;;;;;;;1502180.0;0.0;218.0;False;J:\Culture Cellulaire 3D Microfluidique\PDX\PTT\20260330\after laser\Analysis\2026-04-01_170642_KSBRU_tube8_after laser_cropped_8bits2\15_0218_0_8bits.tiff;J:\Culture Cellulaire 3D Microfluidique\PDX\PTT\20260330\after laser\Analysis\2026-04-01_170642_KSBRU_tube8_after laser_segmentationDebug2\15_0218_0_segmented.tiff;2194.5;(76. 71);246.610171556472;0.82175622542595;52.8594757912081;0.453443810926607;0.820612133431002;747.490024956262;0.962224664313254;0.895919122396408;0.885970312861757;176.3013922042493;37.0;Alive;;;;;;;;;;;;;;;;;
1;Tube 8;1602190.0;1602190.0;0.0;219.0;False;J:\Culture Cellulaire 3D Microfluidique\PDX\PTT\20260330\before merge\Analysis\2026-03-31_164559_KSBRU_tube8_before merge_cropped_8bits2\16_0219_0_8bits.tiff;J:\Culture Cellulaire 3D Microfluidique\PDX\PTT\20260330\before merge\Analysis\2026-03-31_164559_KSBRU_tube8_before merge_segmentationDebug2\16_0219_0_segmented.tiff;1317.5;(76. 85);163.639609098434;0.866776315789473;40.9572106006815;0.618277754748556;0.818924744327877;834.045004285575;0.97791518623607;0.936019439666623;0.876695208430651;;;;;;;;;;;;;;;;;;;;;;;;;;;;;;;;;;;;;;;;;;;;;;;;;;;;;;
1;Tube 8;1602200.0;;;;;;;;;;;;;;;;;;1602200.0;0.0;220.0;False;J:\Culture Cellulaire 3D Microfluidique\PDX\PTT\20260330\before laser\Analysis\2026-04-01_113147_KSBRU_tube8_before laser_cropped_8bits2\16_0220_0_8bits.tiff;J:\Culture Cellulaire 3D Microfluidique\PDX\PTT\20260330\before laser\Analysis\2026-04-01_113147_KSBRU_tube8_before laser_segmentationDebug2\16_0220_0_segmented.tiff;1415.5;(74. 80);155.639608860015;0.922750977835723;42.4531574276003;0.734310057066317;0.935204451876474;820.565928722029;0.974745317566951;0.931647972888818;0.864732142472268;;;;;;;;;;;;;;;;;;;;;;;;;;;;;;;;;;;;;
1;Tube 8;1602210.0;;;;;;;;;;;;;;;;;;;;;;;;;;;;;;;;;;;1602210.0;0.0;221.0;False;J:\Culture Cellulaire 3D Microfluidique\PDX\PTT\20260330\after laser\Analysis\2026-04-01_170642_KSBRU_tube8_after laser_cropped_8bits2\16_0221_0_8bits.tiff;J:\Culture Cellulaire 3D Microfluidique\PDX\PTT\20260330\after laser\Analysis\2026-04-01_170642_KSBRU_tube8_after laser_segmentationDebug2\16_0221_0_segmented.tiff;3169.5;(79. 52);380.693431854248;0.739586979348967;63.5258430643631;0.274820959925388;0.825311159027135;499.919056196884;0.949750986274318;0.846600831551933;0.903053816372065;218.07493291028518;37.0;Alive;;;;;;;;;;;;;;;;;
1;Tube 8;1702230.0;1702230.0;0.0;223.0;False;J:\Culture Cellulaire 3D Microfluidique\PDX\PTT\20260330\before merge\Analysis\2026-03-31_164559_KSBRU_tube8_before merge_cropped_8bits2\17_0223_0_8bits.tiff;J:\Culture Cellulaire 3D Microfluidique\PDX\PTT\20260330\before merge\Analysis\2026-03-31_164559_KSBRU_tube8_before merge_segmentationDebug2\17_0223_0_segmented.tiff;1317.5;(93. 61);183.296463251113;0.808778391651319;40.9572106006815;0.492779142464597;0.565830429316249;890.557925135089;0.977304634076209;0.935011222883183;0.872718878278537;1702230.0;0.0;223.0;False;J:\Culture Cellulaire 3D Microfluidique\PDX\PTT\20260330\before laser\Analysis\2026-04-01_113147_KSBRU_tube8_before laser_cropped_8bits2\17_0223_0_8bits.tiff;J:\Culture Cellulaire 3D Microfluidique\PDX\PTT\20260330\before laser\Analysis\2026-04-01_113147_KSBRU_tube8_before laser_segmentationDebug2\17_0223_0_segmented.tiff;2014.0;(78. 84);321.82337462902;0.65315388357386;50.6389617102939;0.24436227581935;0.875965488246252;792.031311231329;0.958244348268825;0.899412816765076;0.871131524517212;;;;;;;;;;;;;;;;;;;;;;;;;;;;;;;;;;;;;
1;Tube 8;1805240.0;1805240.0;0.0;524.0;False;J:\Culture Cellulaire 3D Microfluidique\PDX\PTT\20260330\before merge\Analysis\2026-03-31_164559_KSBRU_tube8_before merge_cropped_8bits2\18_0524_0_8bits.tiff;J:\Culture Cellulaire 3D Microfluidique\PDX\PTT\20260330\before merge\Analysis\2026-03-31_164559_KSBRU_tube8_before merge_segmentationDebug2\18_0524_0_segmented.tiff;1463.0;(74. 72);178.911687254905;0.844688221709006;43.1595812531533;0.574350187681564;0.683849068974632;780.228707168537;0.971415593527871;0.929080597242319;0.905029240534951;1805240.0;0.0;524.0;False;J:\Culture Cellulaire 3D Microfluidique\PDX\PTT\20260330\before laser\Analysis\2026-04-01_113147_KSBRU_tube8_before laser_cropped_8bits2\18_0524_0_8bits.tiff;J:\Culture Cellulaire 3D Microfluidique\PDX\PTT\20260330\before laser\Analysis\2026-04-01_113147_KSBRU_tube8_before laser_segmentationDebug2\18_0524_0_segmented.tiff;1541.5;(83. 81);217.438598275184;0.760671107821366;44.3023561248073;0.40971334862897;0.752599064768964;725.604190684508;0.970342676996289;0.923957176228772;0.882983049438629;;;;;;;;;;;;;;;;;;;;;;;;;;;;;;;;;;;;;
1;Tube 8;1806240.0;;;;;;;;;;;;;;;;;;;;;;;;;;;;;;;;;;;1806240.0;0.0;624.0;False;J:\Culture Cellulaire 3D Microfluidique\PDX\PTT\20260330\after laser\Analysis\2026-04-01_170642_KSBRU_tube8_after laser_cropped_8bits2\18_0624_0_8bits.tiff;J:\Culture Cellulaire 3D Microfluidique\PDX\PTT\20260330\after laser\Analysis\2026-04-01_170642_KSBRU_tube8_after laser_segmentationDebug2\18_0624_0_segmented.tiff;2106.0;(68. 79);251.195958018302;0.765539803707742;51.7826465257643;0.419414013491677;0.542367060028982;584.315144298077;0.955374216160951;0.897404540794672;0.887641075513429;148.06588877192468;37.0;Alive;;;;;;;;;;;;;;;;;
1;Tube 8;1908240.0;1908240.0;0.0;824.0;False;J:\Culture Cellulaire 3D Microfluidique\PDX\PTT\20260330\before merge\Analysis\2026-03-31_164559_KSBRU_tube8_before merge_cropped_8bits2\19_0824_0_8bits.tiff;J:\Culture Cellulaire 3D Microfluidique\PDX\PTT\20260330\before merge\Analysis\2026-03-31_164559_KSBRU_tube8_before merge_segmentationDebug2\19_0824_0_segmented.tiff;974.5;(77. 68);123.497473716735;0.960098522167487;35.2245927775526;0.802926071759046;0.877019235332268;760.815733055708;0.97806311663177;0.952360399620795;0.86578352487802;;;;;;;;;;;;;;;;;;;;;;;;;;;;;;;;;;;;;;;;;;;;;;;;;;;;;;
1;Tube 8;1909240.0;;;;;;;;;;;;;;;;;;;;;;;;;;;;;;;;;;;1909240.0;0.0;924.0;False;J:\Culture Cellulaire 3D Microfluidique\PDX\PTT\20260330\after laser\Analysis\2026-04-01_170642_KSBRU_tube8_after laser_cropped_8bits2\19_0924_0_8bits.tiff;J:\Culture Cellulaire 3D Microfluidique\PDX\PTT\20260330\after laser\Analysis\2026-04-01_170642_KSBRU_tube8_after laser_segmentationDebug2\19_0924_0_segmented.tiff;2337.0;(87. 80);288.994947195053;0.735599622285174;54.5487013231852;0.351631746085054;0.92802861528927;472.682708860287;0.955800030587239;0.886469147974449;0.895301932629054;132.65230477263634;37.0;Alive;;;;;;;;;;;;;;;;;
1;Tube 8;2011240.0;2011240.0;0.0;1124.0;False;J:\Culture Cellulaire 3D Microfluidique\PDX\PTT\20260330\before merge\Analysis\2026-03-31_164559_KSBRU_tube8_before merge_cropped_8bits2\20_1124_0_8bits.tiff;J:\Culture Cellulaire 3D Microfluidique\PDX\PTT\20260330\before merge\Analysis\2026-03-31_164559_KSBRU_tube8_before merge_segmentationDebug2\20_1124_0_segmented.tiff;1272.5;(76. 64);232.267025709152;0.640735146022155;40.2516747561576;0.29640978597826;0.721912493144739;604.105617646874;0.977406802678654;0.935572349590537;0.89217529464448;2011240.0;0.0;1124.0;False;J:\Culture Cellulaire 3D Microfluidique\PDX\PTT\20260330\before laser\Analysis\2026-04-01_113147_KSBRU_tube8_before laser_cropped_8bits2\20_1124_0_8bits.tiff;J:\Culture Cellulaire 3D Microfluidique\PDX\PTT\20260330\before laser\Analysis\2026-04-01_113147_KSBRU_tube8_before laser_segmentationDebug2\20_1124_0_segmented.tiff;1531.5;(84. 67);174.468036293983;0.876896650443744;44.1584234632748;0.63225914439048;0.90867232206054;701.090218139221;0.970987299948373;0.925928481629766;0.902027912971595;;;;;;;;;;;;;;;;;;;;;;;;;;;;;;;;;;;;;
1;Tube 8;2012240.0;;;;;;;;;;;;;;;;;;;;;;;;;;;;;;;;;;;2012240.0;0.0;1224.0;False;J:\Culture Cellulaire 3D Microfluidique\PDX\PTT\20260330\after laser\Analysis\2026-04-01_170642_KSBRU_tube8_after laser_cropped_8bits2\20_1224_0_8bits.tiff;J:\Culture Cellulaire 3D Microfluidique\PDX\PTT\20260330\after laser\Analysis\2026-04-01_170642_KSBRU_tube8_after laser_segmentationDebug2\20_1224_0_segmented.tiff;2279.5;(85. 78);318.40916109085;0.708689569407741;53.8734586064771;0.282538966037793;0.869083398164703;697.530293439541;0.963105471531843;0.888327705544174;0.89784820468377;215.0058564502499;37.0;Alive;;;;;;;;;;;;;;;;;
1;Tube 8;204050.0;204050.0;0.0;405.0;False;J:\Culture Cellulaire 3D Microfluidique\PDX\PTT\20260330\before merge\Analysis\2026-03-31_164559_KSBRU_tube8_before merge_cropped_8bits2\2_0405_0_8bits.tiff;J:\Culture Cellulaire 3D Microfluidique\PDX\PTT\20260330\before merge\Analysis\2026-03-31_164559_KSBRU_tube8_before merge_segmentationDebug2\2_0405_0_segmented.tiff;1538.0;(79. 74);162.710676193237;0.922062350119904;44.2520329454216;0.730018892609635;0.792630956903021;959.055758031442;0.975723858621292;0.926167775483831;0.889683510007993;204050.0;0.0;405.0;False;J:\Culture Cellulaire 3D Microfluidique\PDX\PTT\20260330\before laser\Analysis\2026-04-01_113147_KSBRU_tube8_before laser_cropped_8bits2\2_0405_0_8bits.tiff;J:\Culture Cellulaire 3D Microfluidique\PDX\PTT\20260330\before laser\Analysis\2026-04-01_113147_KSBRU_tube8_before laser_segmentationDebug2\2_0405_0_segmented.tiff;1824.0;(74. 67);187.195957303047;0.902746844840386;48.1911706601628;0.654096412405227;0.668528353210966;865.042258684112;0.965276234453652;0.912099391876857;0.871296236367887;;;;;;;;;;;;;;;;;;;;;;;;;;;;;;;;;;;;;
1;Tube 8;205050.0;;;;;;;;;;;;;;;;;;;;;;;;;;;;;;;;;;;205050.0;0.0;505.0;False;J:\Culture Cellulaire 3D Microfluidique\PDX\PTT\20260330\after laser\Analysis\2026-04-01_170642_KSBRU_tube8_after laser_cropped_8bits2\2_0505_0_8bits.tiff;J:\Culture Cellulaire 3D Microfluidique\PDX\PTT\20260330\after laser\Analysis\2026-04-01_170642_KSBRU_tube8_after laser_segmentationDebug2\2_0505_0_segmented.tiff;1857.5;(74. 81);223.639609217643;0.825555555555555;48.6317021534879;0.466703692553628;0.862535627121994;774.566232143329;0.967970668424201;0.909711559364167;0.875847447340517;334.18832564828693;40.0;Alive;;;;;;;;;;;;;;;;;
1;Tube 8;307050.0;307050.0;0.0;705.0;False;J:\Culture Cellulaire 3D Microfluidique\PDX\PTT\20260330\before merge\Analysis\2026-03-31_164559_KSBRU_tube8_before merge_cropped_8bits2\3_0705_0_8bits.tiff;J:\Culture Cellulaire 3D Microfluidique\PDX\PTT\20260330\before merge\Analysis\2026-03-31_164559_KSBRU_tube8_before merge_segmentationDebug2\3_0705_0_segmented.tiff;1226.0;(84. 68);141.740114331245;0.934807472359893;39.5093872623369;0.766857689499746;0.925012843938495;819.752971606228;0.975375020074585;0.940517134196996;0.864257634430726;307050.0;0.0;705.0;False;J:\Culture Cellulaire 3D Microfluidique\PDX\PTT\20260330\before laser\Analysis\2026-04-01_113147_KSBRU_tube8_before laser_cropped_8bits2\3_0705_0_8bits.tiff;J:\Culture Cellulaire 3D Microfluidique\PDX\PTT\20260330\before laser\Analysis\2026-04-01_113147_KSBRU_tube8_before laser_segmentationDebug2\3_0705_0_segmented.tiff;1476.0;(71. 64);165.539104461669;0.904411764705882;43.3509119630614;0.676854029432217;0.822793576790837;816.215014662756;0.967171069171889;0.928491109506231;0.862681242408814;;;;;;;;;;;;;;;;;;;;;;;;;;;;;;;;;;;;;
1;Tube 8;308050.0;;;;;;;;;;;;;;;;;;;;;;;;;;;;;;;;;;;308050.0;0.0;805.0;False;J:\Culture Cellulaire 3D Microfluidique\PDX\PTT\20260330\after laser\Analysis\2026-04-01_170642_KSBRU_tube8_after laser_cropped_8bits2\3_0805_0_8bits.tiff;J:\Culture Cellulaire 3D Microfluidique\PDX\PTT\20260330\after laser\Analysis\2026-04-01_170642_KSBRU_tube8_after laser_segmentationDebug2\3_0805_0_segmented.tiff;1671.5;(81. 71);167.497473716735;0.93641456582633;46.132633775071;0.748686018044604;0.945090213123838;580.728182120305;0.970607365724618;0.919842213513471;0.883212227118089;206.65114830904272;43.0;Alive;;;;;;;;;;;;;;;;;
1;Tube 8;410050.0;410050.0;0.0;1005.0;False;J:\Culture Cellulaire 3D Microfluidique\PDX\PTT\20260330\before merge\Analysis\2026-03-31_164559_KSBRU_tube8_before merge_cropped_8bits2\4_1005_0_8bits.tiff;J:\Culture Cellulaire 3D Microfluidique\PDX\PTT\20260330\before merge\Analysis\2026-03-31_164559_KSBRU_tube8_before merge_segmentationDebug2\4_1005_0_segmented.tiff;1172.5;(85. 87);229.438598394393;0.641235985780694;38.6377194746529;0.279891528279408;0.546137836185538;662.639042448734;0.976537856305088;0.939745834645312;0.868975807257172;;;;;;;;;;;;;;;;;;;;;;;;;;;;;;;;;;;;;;;;;;;;;;;;;;;;;;
1;Tube 8;411050.0;;;;;;;;;;;;;;;;;;411050.0;0.0;1105.0;False;J:\Culture Cellulaire 3D Microfluidique\PDX\PTT\20260330\before laser\Analysis\2026-04-01_113147_KSBRU_tube8_before laser_cropped_8bits2\4_1105_0_8bits.tiff;J:\Culture Cellulaire 3D Microfluidique\PDX\PTT\20260330\before laser\Analysis\2026-04-01_113147_KSBRU_tube8_before laser_segmentationDebug2\4_1105_0_segmented.tiff;1209.5;(83. 68);135.982754468917;0.953864353312302;39.2426200623401;0.821955051232029;0.977813796911798;762.283812992596;0.974803109392608;0.941419161099467;0.882870926037476;;;;;;;;;;;;;;;;;;;;;;;;;;;;;;;;;;;;;
1;Tube 8;412050.0;;;;;;;;;;;;;;;;;;;;;;;;;;;;;;;;;;;412050.0;0.0;1205.0;False;J:\Culture Cellulaire 3D Microfluidique\PDX\PTT\20260330\after laser\Analysis\2026-04-01_170642_KSBRU_tube8_after laser_cropped_8bits2\4_1205_0_8bits.tiff;J:\Culture Cellulaire 3D Microfluidique\PDX\PTT\20260330\after laser\Analysis\2026-04-01_170642_KSBRU_tube8_after laser_segmentationDebug2\4_1205_0_segmented.tiff;1102.5;(76. 82);130.811181902885;0.954958856647899;37.4666064392081;0.80965261509785;0.882801351951635;792.93196317816;0.981699062602339;0.946431572671406;0.86626768339458;118.6709564546978;40.0;Alive;;;;;;;;;;;;;;;;;
1;Tube 8;513050.0;513050.0;0.0;1305.0;False;J:\Culture Cellulaire 3D Microfluidique\PDX\PTT\20260330\before merge\Analysis\2026-03-31_164559_KSBRU_tube8_before merge_cropped_8bits2\5_1305_0_8bits.tiff;J:\Culture Cellulaire 3D Microfluidique\PDX\PTT\20260330\before merge\Analysis\2026-03-31_164559_KSBRU_tube8_before merge_segmentationDebug2\5_1305_0_segmented.tiff;1066.5;(76. 71);141.840619325637;0.899620413327709;36.8498300465558;0.666146094512399;0.859804678860499;688.796927035797;0.974545624339428;0.928017469832669;0.901304325305932;;;;;;;;;;;;;;;;;;;;;;;;;;;;;;;;;;;;;;;;;;;;;;;;;;;;;;
1;Tube 8;514050.0;;;;;;;;;;;;;;;;;;514050.0;0.0;1405.0;False;J:\Culture Cellulaire 3D Microfluidique\PDX\PTT\20260330\before laser\Analysis\2026-04-01_113147_KSBRU_tube8_before laser_cropped_8bits2\5_1405_0_8bits.tiff;J:\Culture Cellulaire 3D Microfluidique\PDX\PTT\20260330\before laser\Analysis\2026-04-01_113147_KSBRU_tube8_before laser_segmentationDebug2\5_1405_0_segmented.tiff;1204.0;(77. 78);138.225395083427;0.954419342053111;39.1532937549465;0.791882364296434;0.793447579486534;750.597929111907;0.975553390516217;0.941783485790695;0.892427042944517;;;;;;;;;;;;;;;;;;;;;;;;;;;;;;;;;;;;;
1;Tube 8;515040.0;;;;;;;;;;;;;;;;;;;;;;;;;;;;;;;;;;;515040.0;0.0;1504.0;False;J:\Culture Cellulaire 3D Microfluidique\PDX\PTT\20260330\after laser\Analysis\2026-04-01_170642_KSBRU_tube8_after laser_cropped_8bits2\5_1504_0_8bits.tiff;J:\Culture Cellulaire 3D Microfluidique\PDX\PTT\20260330\after laser\Analysis\2026-04-01_170642_KSBRU_tube8_after laser_segmentationDebug2\5_1504_0_segmented.tiff;1226.5;(70. 84);171.639609217643;0.827318718381113;39.5174430045477;0.523169457928421;0.837272026314789;801.383180437907;0.978545317731105;0.939445330735437;0.877712912095823;58.107847643334786;42.0;Alive;;;;;;;;;;;;;;;;;
1;Tube 8;615020.0;;;;;;;;;;;;;;;;;;615020.0;0.0;1502.0;False;J:\Culture Cellulaire 3D Microfluidique\PDX\PTT\20260330\before laser\Analysis\2026-04-01_113147_KSBRU_tube8_before laser_cropped_8bits2\6_1502_0_8bits.tiff;J:\Culture Cellulaire 3D Microfluidique\PDX\PTT\20260330\before laser\Analysis\2026-04-01_113147_KSBRU_tube8_before laser_segmentationDebug2\6_1502_0_segmented.tiff;2188.5;(100. 71);355.722869277;0.680397948080211;52.7871645729613;0.217336586425624;0.497185367643282;647.650444396581;0.955316552812644;0.891436136107036;0.896697792885523;615020.0;0.0;1502.0;False;J:\Culture Cellulaire 3D Microfluidique\PDX\PTT\20260330\after laser\Analysis\2026-04-01_170642_KSBRU_tube8_after laser_cropped_8bits2\6_1502_0_8bits.tiff;J:\Culture Cellulaire 3D Microfluidique\PDX\PTT\20260330\after laser\Analysis\2026-04-01_170642_KSBRU_tube8_after laser_segmentationDebug2\6_1502_0_segmented.tiff;1307.0;(69. 70);173.539103627204;0.859585662610983;40.7936770219216;0.545369381506875;0.956386346114883;808.338625668913;0.980396092165535;0.935965381727327;0.849824283661049;126.17314335700628;42.0;Alive;0.0;0.0;0.0;;;;-881.5;;-182.18376564979596;0.17918771453077198;-11.9934875510397;0.32803279508125094;0.4592009784716011;160.68818127233203;0.025079539352890978;0.044529245620291036;-0.046873509224473975
1;Tube 8;615030.0;615030.0;0.0;1503.0;False;J:\Culture Cellulaire 3D Microfluidique\PDX\PTT\20260330\before merge\Analysis\2026-03-31_164559_KSBRU_tube8_before merge_cropped_8bits2\6_1503_0_8bits.tiff;J:\Culture Cellulaire 3D Microfluidique\PDX\PTT\20260330\before merge\Analysis\2026-03-31_164559_KSBRU_tube8_before merge_segmentationDebug2\6_1503_0_segmented.tiff;1151.5;(98. 76);144.811181902885;0.909198578760363;38.2901467189999;0.690032601550876;0.93637636313866;600.131445062873;0.981015003670195;0.94372134421482;0.886758281140297;;;;;;;;;;;;;;;;;;;;;;;;;;;;;;;;;;;;;;;;;;;;;;;;;;;;;;
1;Tube 8;712010.0;712010.0;0.0;1201.0;False;J:\Culture Cellulaire 3D Microfluidique\PDX\PTT\20260330\before merge\Analysis\2026-03-31_164559_KSBRU_tube8_before merge_cropped_8bits2\7_1201_0_8bits.tiff;J:\Culture Cellulaire 3D Microfluidique\PDX\PTT\20260330\before merge\Analysis\2026-03-31_164559_KSBRU_tube8_before merge_segmentationDebug2\7_1201_0_segmented.tiff;1197.0;(72. 63);152.769551753997;0.882092851879145;39.0393101251544;0.644511106525678;0.90272565539539;575.462812415002;0.980364143766591;0.941447928784962;0.907734606165815;712010.0;0.0;1201.0;False;J:\Culture Cellulaire 3D Microfluidique\PDX\PTT\20260330\before laser\Analysis\2026-04-01_113147_KSBRU_tube8_before laser_cropped_8bits2\7_1201_0_8bits.tiff;J:\Culture Cellulaire 3D Microfluidique\PDX\PTT\20260330\before laser\Analysis\2026-04-01_113147_KSBRU_tube8_before laser_segmentationDebug2\7_1201_0_segmented.tiff;1273.5;(76. 73);139.296462774276;0.956081081081081;40.2674876323347;0.824761987878027;0.953420607089316;460.336482188295;0.982711385320149;0.938605586136286;0.922624860587606;;;;;;;;;;;;;;;;;;;;;;;;;;;;;;;;;;;;;
1;Tube 8;809010.0;809010.0;0.0;901.0;False;J:\Culture Cellulaire 3D Microfluidique\PDX\PTT\20260330\before merge\Analysis\2026-03-31_164559_KSBRU_tube8_before merge_cropped_8bits2\8_0901_0_8bits.tiff;J:\Culture Cellulaire 3D Microfluidique\PDX\PTT\20260330\before merge\Analysis\2026-03-31_164559_KSBRU_tube8_before merge_segmentationDebug2\8_0901_0_segmented.tiff;1101.0;(73. 79);172.568541169166;0.833459500378501;37.4411102767187;0.464594353755203;0.818687638330929;820.929073525197;0.979700298677006;0.946582335723089;0.833289584042946;809010.0;1.0;901.0;False;J:\Culture Cellulaire 3D Microfluidique\PDX\PTT\20260330\before laser\Analysis\2026-04-01_113147_KSBRU_tube8_before laser_cropped_8bits2\8_0901_0_8bits.tiff;J:\Culture Cellulaire 3D Microfluidique\PDX\PTT\20260330\before laser\Analysis\2026-04-01_113147_KSBRU_tube8_before laser_segmentationDebug2\8_0901_0_segmented.tiff;1234.0;(74. 68);135.396968483924;0.971653543307086;39.6380826756692;0.845876855920325;0.947999777831787;945.660922186064;0.975287214889583;0.940760488612043;0.853041418525354;809010.0;0.0;901.0;False;J:\Culture Cellulaire 3D Microfluidique\PDX\PTT\20260330\after laser\Analysis\2026-04-01_170642_KSBRU_tube8_after laser_cropped_8bits2\8_0901_0_8bits.tiff;J:\Culture Cellulaire 3D Microfluidique\PDX\PTT\20260330\after laser\Analysis\2026-04-01_170642_KSBRU_tube8_after laser_segmentationDebug2\8_0901_0_segmented.tiff;1394.5;(76. 63);153.982754588127;0.941593517893315;42.1370685398638;0.739067685281053;0.699974831293554;749.739070587261;0.981690405155071;0.93285252919117;0.894661772143092;134.6301540468813;41.0;Alive;0.0;-1.0;0.0;;;;160.5;;18.58578610420298;-0.030060025413770952;2.4989858641945943;-0.10680917063927198;-0.24802494653823304;-195.92185159880296;0.006403190265487968;-0.007907959420872968;0.04162035361773797
1;Tube 8;905010.0;;;;;;;;;;;;;;;;;;;;;;;;;;;;;;;;;;;905010.0;0.0;501.0;False;J:\Culture Cellulaire 3D Microfluidique\PDX\PTT\20260330\after laser\Analysis\2026-04-01_170642_KSBRU_tube8_after laser_cropped_8bits2\9_0501_0_8bits.tiff;J:\Culture Cellulaire 3D Microfluidique\PDX\PTT\20260330\after laser\Analysis\2026-04-01_170642_KSBRU_tube8_after laser_segmentationDebug2\9_0501_0_segmented.tiff;1401.5;(74. 87);162.124890089035;0.903610573823339;42.2426943026404;0.670044392171701;0.774956647867174;621.205172743574;0.978380755318773;0.932070148539001;0.898518542158866;100.18829599537418;41.0;Alive;;;;;;;;;;;;;;;;;
1;Tube 8;906010.0;906010.0;0.0;601.0;False;J:\Culture Cellulaire 3D Microfluidique\PDX\PTT\20260330\before merge\Analysis\2026-03-31_164559_KSBRU_tube8_before merge_cropped_8bits2\9_0601_0_8bits.tiff;J:\Culture Cellulaire 3D Microfluidique\PDX\PTT\20260330\before merge\Analysis\2026-03-31_164559_KSBRU_tube8_before merge_segmentationDebug2\9_0601_0_segmented.tiff;1131.5;(94. 79);138.325900554656;0.937836717778698;37.9561660981168;0.74311736458018;0.750371039689337;922.16195753643;0.976843911894523;0.94463500581228;0.858941756458766;;;;;;;;;;;;;;;;;;;;;;;;;;;;;;;;;;;;;;;;;;;;;;;;;;;;;;
2;Tube 1;1003010.0;;;;;;;;;;;;;;;;;;1003010.0;0.0;301.0;False;I:\For Leo to analyse\0309 pdx ptt\0509 pre ptt\Analysis\2025-09-05_112309_tube1_cropped_8bits2\10_0301_0_8bits.tiff;I:\For Leo to analyse\0309 pdx ptt\0509 pre ptt\Analysis\2025-09-05_112309_tube1_segmentationDebug2\10_0301_0_segmented.tiff;1826.0;(94. 51);218.710676908493;0.817550929035146;48.2175840195919;0.479701048553123;0.69723139305985;715.920699766342;0.964439414202383;0.911210054869189;0.911837117524428;;;;;;;;;;;;;;;;;;;;;;;;;;;;;;;;;;;;;
2;Tube 1;1005010.0;;;;;;;;;;;;;;;;;;;;;;;;;;;;;;;;;;;1005010.0;0.0;801.0;False;I:\For Leo to analyse\0309 pdx ptt\0509 post ptt\Analysis\2025-09-05_152608_tube1_cropped_8bits2\9_0801_0_8bits.tiff;I:\For Leo to analyse\0309 pdx ptt\0509 post ptt\Analysis\2025-09-05_152608_tube1_segmentationDebug2\9_0801_0_segmented.tiff;1331.0;(67. 71);235.539103865623;0.693590411672746;41.1665135036051;0.301482343639119;0.485239122448911;568.706449333801;0.971017742513992;0.933118932907546;0.906373548993352;146.71200499752055;41.0;Alive;;;;;;;;;;;;;;;;;
2;Tube 1;1005010.0;;;;;;;;;;;;;;;;;;;;;;;;;;;;;;;;;;;1005010.0;0.0;501.0;False;I:\For Leo to analyse\0309 pdx ptt\0509 post ptt\Analysis\2025-09-05_152608_tube1_cropped_8bits2\10_0501_0_8bits.tiff;I:\For Leo to analyse\0309 pdx ptt\0509 post ptt\Analysis\2025-09-05_152608_tube1_segmentationDebug2\10_0501_0_segmented.tiff;485.5;(88. 115);138.325901150703;0.686219081272084;24.8627793894592;0.318854155894339;0.698659008065608;251.420417202457;0.989332769083578;0.973810179389975;0.892978213090215;146.71200499752055;41.0;Alive;;;;;;;;;;;;;;;;;
2;Tube 1;1102020.0;;;;;;;;;;;;;;;;;;;;;;;;;;;;;;;;;;;1102020.0;1.0;501.0;False;I:\For Leo to analyse\0309 pdx ptt\0509 post ptt\Analysis\2025-09-05_152608_tube1_cropped_8bits2\10_0501_0_8bits.tiff;I:\For Leo to analyse\0309 pdx ptt\0509 post ptt\Analysis\2025-09-05_152608_tube1_segmentationDebug2\10_0501_0_segmented.tiff;1433.0;(70. 61);193.882249712944;0.817222697462218;42.714778093834;0.479049017273549;0.695367102766389;647.536187822642;0.973807435763377;0.929419387294881;0.903840508311059;104.80302942483432;41.0;Alive;;;;;;;;;;;;;;;;;
2;Tube 1;1102040.0;;;;;;;;;;;;;;;;;;1102040.0;0.0;204.0;False;I:\For Leo to analyse\0309 pdx ptt\0509 pre ptt\Analysis\2025-09-05_112309_tube1_cropped_8bits2\11_0204_0_8bits.tiff;I:\For Leo to analyse\0309 pdx ptt\0509 pre ptt\Analysis\2025-09-05_112309_tube1_segmentationDebug2\11_0204_0_segmented.tiff;1647.5;(79. 55);237.438598513603;0.790547024952015;45.8002418110557;0.367225344516128;0.500717029413406;694.478193779432;0.972850299210504;0.918864998139002;0.910731200095067;;;;;;;;;;;;;;;;;;;;;;;;;;;;;;;;;;;;;
2;Tube 1;1202050.0;;;;;;;;;;;;;;;;;;;;;;;;;;;;;;;;;;;1202050.0;0.0;202.0;False;I:\For Leo to analyse\0309 pdx ptt\0509 post ptt\Analysis\2025-09-05_152608_tube1_cropped_8bits2\11_0202_0_8bits.tiff;I:\For Leo to analyse\0309 pdx ptt\0509 post ptt\Analysis\2025-09-05_152608_tube1_segmentationDebug2\11_0202_0_segmented.tiff;1402.0;(77. 77);275.681239128112;0.681906614785992;42.2502288954592;0.231816024305876;0.502238311719943;884.230476839846;0.974466400902405;0.928620289212802;0.896165152366436;103.82413364503435;38.0;Alive;;;;;;;;;;;;;;;;;
2;Tube 1;1202051.0;;;;;;;;;;;;;;;;;;;;;;;;;;;;;;;;;;;1202051.0;0.0;205.0;True;I:\For Leo to analyse\0309 pdx ptt\0509 post ptt\Analysis\2025-09-05_152608_tube1_cropped_8bits2\12_0205_0_8bits.tiff;I:\For Leo to analyse\0309 pdx ptt\0509 post ptt\Analysis\2025-09-05_152608_tube1_segmentationDebug2\12_0205_0_segmented.tiff;924.0;(75. 79);141.740114331245;0.861538461538461;34.2997571323076;0.577957997632761;0.702790604602461;850.391974928405;0.980878562695222;0.954008389411093;0.890373084731512;103.82413364503435;38.0;Alive;;;;;;;;;;;;;;;;;
2;Tube 1;1202080.0;1202080.0;0.0;208.0;False;G:\0309 pdx ptt\0409\Analysis\2025-09-04_112523_tube1_cropped_8bits2\12_0208_0_8bits.tiff;G:\0309 pdx ptt\0409\Analysis\2025-09-04_112523_tube1_segmentationDebug2\12_0208_0_segmented.tiff;1971.5;(74. 76);282.267025589942;0.766077326598018;50.1018139636218;0.310946986096079;0.860021452205475;705.170192680719;0.958622646644469;0.902253953938975;0.892256871313905;;;;;;;;;;;;;;;;;;;;;;;;;;;;;;;;;;;;;;;;;;;;;;;;;;;;;;
2;Tube 1;1302080.0;;;;;;;;;;;;;;;;;;;;;;;;;;;;;;;;;;;1302080.0;0.0;205.0;True;I:\For Leo to analyse\0309 pdx ptt\0509 post ptt\Analysis\2025-09-05_152608_tube1_cropped_8bits2\12_0205_1_8bits.tiff;I:\For Leo to analyse\0309 pdx ptt\0509 post ptt\Analysis\2025-09-05_152608_tube1_segmentationDebug2\12_0205_1_segmented.tiff;757.5;(108. 85);161.154327988624;0.741919686581782;31.0560614878462;0.366529179112211;0.831208488373885;371.957631701631;0.983513974784405;0.960845054196229;0.907887467291033;60.75271933383566;40.0;Alive;;;;;;;;;;;;;;;;;
2;Tube 1;1302081.0;;;;;;;;;;;;;;;;;;;;;;;;;;;;;;;;;;;1302081.0;0.0;208.0;True;I:\For Leo to analyse\0309 pdx ptt\0509 post ptt\Analysis\2025-09-05_152608_tube1_cropped_8bits2\13_0208_0_8bits.tiff;I:\For Leo to analyse\0309 pdx ptt\0509 post ptt\Analysis\2025-09-05_152608_tube1_segmentationDebug2\13_0208_0_segmented.tiff;524.5;(69. 74);155.840619564056;0.625521765056648;25.8421001703343;0.271390114524675;0.710683234257571;893.779219019463;0.990327561099926;0.971350425013551;0.857791654660139;60.75271933383566;40.0;Alive;;;;;;;;;;;;;;;;;
2;Tube 1;1302081.0;;;;;;;;;;;;;;;;;;;;;;;;;;;;;;;;;;;1302081.0;0.0;208.0;True;I:\For Leo to analyse\0309 pdx ptt\0509 post ptt\Analysis\2025-09-05_152608_tube1_cropped_8bits2\13_0208_1_8bits.tiff;I:\For Leo to analyse\0309 pdx ptt\0509 post ptt\Analysis\2025-09-05_152608_tube1_segmentationDebug2\13_0208_1_segmented.tiff;731.0;(53. 78);142.911687254905;0.80862831858407;30.508000708034;0.449771308396241;0.640977719095992;281.434979364622;0.985569698387385;0.962470583389859;0.907327503441039;60.75271933383566;40.0;Alive;;;;;;;;;;;;;;;;;
2;Tube 1;1302110.0;1302110.0;0.0;211.0;False;G:\0309 pdx ptt\0409\Analysis\2025-09-04_112523_tube1_cropped_8bits2\13_0211_0_8bits.tiff;G:\0309 pdx ptt\0409\Analysis\2025-09-04_112523_tube1_segmentationDebug2\13_0211_0_segmented.tiff;1603.5;(72. 77);210.468036293983;0.80375939849624;45.1845063045158;0.454890147196664;0.654191854041527;534.278440822433;0.970171401806616;0.921304005213192;0.904729281991549;1302110.0;0.0;211.0;False;I:\For Leo to analyse\0309 pdx ptt\0509 pre ptt\Analysis\2025-09-05_112309_tube1_cropped_8bits2\13_0211_0_8bits.tiff;I:\For Leo to analyse\0309 pdx ptt\0509 pre ptt\Analysis\2025-09-05_112309_tube1_segmentationDebug2\13_0211_0_segmented.tiff;1395.0;(77. 70);234.852812290191;0.701005025125628;42.1446220164038;0.317828282798471;0.544539414579473;478.757257381761;0.971521951104738;0.9299533163433;0.909011275290764;;;;;;;;;;;;;;;;;;;;;;;;;;;;;;;;;;;;;
2;Tube 1;1402110.0;;;;;;;;;;;;;;;;;;;;;;;;;;;;;;;;;;;1402110.0;1.0;208.0;True;I:\For Leo to analyse\0309 pdx ptt\0509 post ptt\Analysis\2025-09-05_152608_tube1_cropped_8bits2\13_0208_1_8bits.tiff;I:\For Leo to analyse\0309 pdx ptt\0509 post ptt\Analysis\2025-09-05_152608_tube1_segmentationDebug2\13_0208_1_segmented.tiff;527.0;(129. 74);158.426406025886;0.618181818181818;25.9036144210693;0.263855006403378;0.713670796400014;918.855107840847;0.990456626665233;0.971305931531389;0.864516512446154;62.5269679347231;40.0;Alive;;;;;;;;;;;;;;;;;
2;Tube 1;1402140.0;;;;;;;;;;;;;;;;;;1402140.0;0.0;214.0;False;I:\For Leo to analyse\0309 pdx ptt\0509 pre ptt\Analysis\2025-09-05_112309_tube1_cropped_8bits2\14_0214_0_8bits.tiff;I:\For Leo to analyse\0309 pdx ptt\0509 pre ptt\Analysis\2025-09-05_112309_tube1_segmentationDebug2\14_0214_0_segmented.tiff;820.5;(78. 73);122.183765411376;0.896721311475409;32.3217116882011;0.690655444226703;0.848247953246646;535.226069182977;0.98591725610028;0.959175745260133;0.919250826399926;;;;;;;;;;;;;;;;;;;;;;;;;;;;;;;;;;;;;
2;Tube 1;1502170.0;1502170.0;0.0;217.0;False;G:\0309 pdx ptt\0409\Analysis\2025-09-04_112523_tube1_cropped_8bits2\15_0217_0_8bits.tiff;G:\0309 pdx ptt\0409\Analysis\2025-09-04_112523_tube1_segmentationDebug2\15_0217_0_segmented.tiff;957.5;(66. 72);161.355338454246;0.814547001276052;34.9159972517457;0.462148948630873;0.647181960118617;724.225865925357;0.98405007815067;0.952045770721039;0.915545955888478;1502170.0;0.0;217.0;False;I:\For Leo to analyse\0309 pdx ptt\0509 pre ptt\Analysis\2025-09-05_112309_tube1_cropped_8bits2\15_0217_0_8bits.tiff;I:\For Leo to analyse\0309 pdx ptt\0509 pre ptt\Analysis\2025-09-05_112309_tube1_segmentationDebug2\15_0217_0_segmented.tiff;837.5;(73. 51);162.811181545257;0.744775455758114;32.6548330070098;0.397032651068372;0.891613351014125;585.224102342301;0.983797096182094;0.957059830502147;0.896199794400998;;;;;;;;;;;;;;;;;;;;;;;;;;;;;;;;;;;;;
2;Tube 1;1602200.0;1602200.0;0.0;220.0;False;G:\0309 pdx ptt\0409\Analysis\2025-09-04_112523_tube1_cropped_8bits2\16_0220_0_8bits.tiff;G:\0309 pdx ptt\0409\Analysis\2025-09-04_112523_tube1_segmentationDebug2\16_0220_0_segmented.tiff;1217.5;(83. 77);206.325900912284;0.743511450381679;39.3721874641867;0.359394423117301;0.871142098167229;523.391112785175;0.976089967631697;0.938760060015347;0.903865920380416;1602200.0;0.0;220.0;False;I:\For Leo to analyse\0309 pdx ptt\0509 pre ptt\Analysis\2025-09-05_112309_tube1_cropped_8bits2\16_0220_0_8bits.tiff;I:\For Leo to analyse\0309 pdx ptt\0509 pre ptt\Analysis\2025-09-05_112309_tube1_segmentationDebug2\16_0220_0_segmented.tiff;809.5;(63. 70);133.497473716735;0.826442062276671;32.1043207600334;0.57079560775897;0.876936947724393;846.858374063213;0.981630209467872;0.95941170601294;0.893704632899547;;;;;;;;;;;;;;;;;;;;;;;;;;;;;;;;;;;;;
2;Tube 1;1702230.0;1702230.0;0.0;223.0;False;G:\0309 pdx ptt\0409\Analysis\2025-09-04_112523_tube1_cropped_8bits2\17_0223_0_8bits.tiff;G:\0309 pdx ptt\0409\Analysis\2025-09-04_112523_tube1_segmentationDebug2\17_0223_0_segmented.tiff;934.0;(59. 72);166.911687374115;0.81500872600349;34.4848624005177;0.421292031753414;0.877432351615603;708.253862560529;0.983073995237911;0.952616809236486;0.883050030217817;;;;;;;;;;;;;;;;;;;;;;;;;;;;;;;;;;;;;;;;;;;;;;;;;;;;;;
2;Tube 1;1703240.0;;;;;;;;;;;;;;;;;;1703240.0;0.0;324.0;False;I:\For Leo to analyse\0309 pdx ptt\0509 pre ptt\Analysis\2025-09-05_112309_tube1_cropped_8bits2\17_0324_0_8bits.tiff;I:\For Leo to analyse\0309 pdx ptt\0509 pre ptt\Analysis\2025-09-05_112309_tube1_segmentationDebug2\17_0324_0_segmented.tiff;958.0;(73. 73);138.225396037101;0.880514705882352;34.9251125102881;0.630085792797235;0.865552261352509;583.111756874627;0.982380422634666;0.952562265156401;0.889340096476821;1703240.0;0.0;218.0;False;I:\For Leo to analyse\0309 pdx ptt\0509 post ptt\Analysis\2025-09-05_152608_tube1_cropped_8bits2\16_0218_0_8bits.tiff;I:\For Leo to analyse\0309 pdx ptt\0509 post ptt\Analysis\2025-09-05_152608_tube1_segmentationDebug2\16_0218_0_segmented.tiff;883.5;(75. 69);179.154327988624;0.696491919590067;33.5396353255892;0.345908958207909;0.860533139022137;493.810024469333;0.981489474241467;0.954288873574342;0.887514825240493;42.802217971753706;41.0;Dead;0.0;0.0;-106.0;;;;-74.5;;40.928931951523;-0.18402278629228508;-1.3854771846988996;-0.28417683458932597;-0.005019122330371939;-89.30173240529399;-0.0008909483931989204;0.0017266084179410335;-0.00182527123632803
2;Tube 1;1806240.0;;;;;;;;;;;;;;;;;;1806240.0;0.0;624.0;False;I:\For Leo to analyse\0309 pdx ptt\0509 pre ptt\Analysis\2025-09-05_112309_tube1_cropped_8bits2\18_0624_0_8bits.tiff;I:\For Leo to analyse\0309 pdx ptt\0509 pre ptt\Analysis\2025-09-05_112309_tube1_segmentationDebug2\18_0624_0_segmented.tiff;822.0;(80. 49);188.083260178565;0.717903930131004;32.3512427237703;0.291999019634363;0.801427136413427;434.652367248687;0.980883271310261;0.948385020595887;0.902750167595701;1806240.0;0.0;324.0;False;I:\For Leo to analyse\0309 pdx ptt\0509 post ptt\Analysis\2025-09-05_152608_tube1_cropped_8bits2\17_0324_0_8bits.tiff;I:\For Leo to analyse\0309 pdx ptt\0509 post ptt\Analysis\2025-09-05_152608_tube1_segmentationDebug2\17_0324_0_segmented.tiff;826.5;(50. 59);139.840619564056;0.848127244740892;32.4396745317152;0.531111913209741;0.598850908562344;770.569749541077;0.985945885756387;0.95867944814808;0.906154206470495;53.41100098533588;39.0;Alive;0.0;0.0;-300.0;;;;4.5;;-48.242640614509014;0.130223314609888;0.08843180794490024;0.23911289357537807;-0.20257622785108298;335.91738229239;0.00506261444612599;0.010294427552193008;0.003404038874794013
2;Tube 1;1909240.0;;;;;;;;;;;;;;;;;;1909240.0;0.0;924.0;False;I:\For Leo to analyse\0309 pdx ptt\0509 pre ptt\Analysis\2025-09-05_112309_tube1_cropped_8bits2\19_0924_0_8bits.tiff;I:\For Leo to analyse\0309 pdx ptt\0509 pre ptt\Analysis\2025-09-05_112309_tube1_segmentationDebug2\19_0924_0_segmented.tiff;815.0;(76. 52);176.911687254905;0.684298908480268;32.2131996076011;0.327230988114641;0.535884838965149;496.645040411631;0.982006921689827;0.957314376016506;0.88764673320431;1909240.0;0.0;624.0;False;I:\For Leo to analyse\0309 pdx ptt\0509 post ptt\Analysis\2025-09-05_152608_tube1_cropped_8bits2\18_0624_0_8bits.tiff;I:\For Leo to analyse\0309 pdx ptt\0509 post ptt\Analysis\2025-09-05_152608_tube1_segmentationDebug2\18_0624_0_segmented.tiff;855.5;(77. 73);135.840619564056;0.854645354645354;33.0038850822283;0.582600120997421;0.85720016369322;645.675557854478;0.981276987370315;0.957357932108317;0.908114446773343;26.73609098578669;42.0;Dead;0.0;0.0;-300.0;;;;40.5;;-41.07106769084899;0.17034644616508599;0.7906854746272032;0.25536913288277996;0.321315324728071;149.03051744284704;-0.0007299343195119601;4.3556091810947883e-05;0.020467713569032986
2;Tube 1;2012240.0;;;;;;;;;;;;;;;;;;2012240.0;0.0;1224.0;False;I:\For Leo to analyse\0309 pdx ptt\0509 pre ptt\Analysis\2025-09-05_112309_tube1_cropped_8bits2\20_1224_0_8bits.tiff;I:\For Leo to analyse\0309 pdx ptt\0509 pre ptt\Analysis\2025-09-05_112309_tube1_segmentationDebug2\20_1224_0_segmented.tiff;728.0;(54. 97);138.426406025886;0.768337730870712;30.4453344302078;0.477423020928585;0.655463227950787;732.820260344517;0.983550917384632;0.962626325849378;0.873802730420926;;;;;;;;;;;;;;;;;;;;;;;;;;;;;;;;;;;;;
2;Tube 1;204050.0;204050.0;0.0;405.0;False;G:\0309 pdx ptt\0409\Analysis\2025-09-04_112523_tube1_cropped_8bits2\2_0405_0_8bits.tiff;G:\0309 pdx ptt\0409\Analysis\2025-09-04_112523_tube1_segmentationDebug2\2_0405_0_segmented.tiff;2306.5;(91. 77);303.095452666282;0.759466578860717;54.1915769278921;0.315503718052756;0.786321862123186;908.548522848665;0.95852023969671;0.886984764572547;0.890550492699925;;;;;;;;;;;;;;;;;;;;;;;;;;;;;;;;;;;;;;;;;;;;;;;;;;;;;;
2;Tube 1;205050.0;;;;;;;;;;;;;;;;;;205050.0;0.0;505.0;False;I:\For Leo to analyse\0309 pdx ptt\0509 pre ptt\Analysis\2025-09-05_112309_tube1_cropped_8bits2\2_0505_0_8bits.tiff;I:\For Leo to analyse\0309 pdx ptt\0509 pre ptt\Analysis\2025-09-05_112309_tube1_segmentationDebug2\2_0505_0_segmented.tiff;2043.5;(59. 115);256.610171437263;0.82766302146618;51.0084797819568;0.389975005114309;0.499143788565235;616.235422358594;0.962657744823082;0.90091588853427;0.923396558080461;;;;;;;;;;;;;;;;;;;;;;;;;;;;;;;;;;;;;
2;Tube 1;411050.0;411050.0;0.0;1105.0;False;G:\0309 pdx ptt\0409\Analysis\2025-09-04_112523_tube1_cropped_8bits2\4_1105_0_8bits.tiff;G:\0309 pdx ptt\0409\Analysis\2025-09-04_112523_tube1_segmentationDebug2\4_1105_0_segmented.tiff;2115.5;(81. 78);278.752306580543;0.752713040384273;51.899308828608;0.3421259010947;0.852346703393801;823.695078250645;0.958744124938203;0.896441105347063;0.905802754496834;411050.0;0.0;1105.0;True;I:\For Leo to analyse\0309 pdx ptt\0509 pre ptt\Analysis\2025-09-05_112309_tube1_cropped_8bits2\4_1105_0_8bits.tiff;I:\For Leo to analyse\0309 pdx ptt\0509 pre ptt\Analysis\2025-09-05_112309_tube1_segmentationDebug2\4_1105_0_segmented.tiff;1742.0;(73. 117);328.30865573883;0.575297225891677;47.0954699193951;0.203092248997164;0.678758161378212;625.863316347223;0.961084562226291;0.911185897087303;0.88252255683857;;;;;;;;;;;;;;;;;;;;;;;;;;;;;;;;;;;;;
2;Tube 1;411051.0;;;;;;;;;;;;;;;;;;411051.0;0.0;1105.0;True;I:\For Leo to analyse\0309 pdx ptt\0509 pre ptt\Analysis\2025-09-05_112309_tube1_cropped_8bits2\4_1105_1_8bits.tiff;I:\For Leo to analyse\0309 pdx ptt\0509 pre ptt\Analysis\2025-09-05_112309_tube1_segmentationDebug2\4_1105_1_segmented.tiff;762.0;(71. 53);164.911687135696;0.717852096090438;31.148170621855;0.352096709010627;0.818776304004195;571.123067730397;0.980124328753795;0.960295251710007;0.873293073416406;;;;;;;;;;;;;;;;;;;;;;;;;;;;;;;;;;;;;
2;Tube 1;514050.0;514050.0;0.0;1405.0;False;G:\0309 pdx ptt\0409\Analysis\2025-09-04_112523_tube1_cropped_8bits2\5_1405_0_8bits.tiff;G:\0309 pdx ptt\0409\Analysis\2025-09-04_112523_tube1_segmentationDebug2\5_1405_0_segmented.tiff;2302.5;(87. 74);264.610171318054;0.820124666073018;54.1445662255476;0.413234369025423;0.902938231702597;435.565612644869;0.960675397982938;0.888771286243702;0.920404277640803;514050.0;0.0;1405.0;False;I:\For Leo to analyse\0309 pdx ptt\0509 pre ptt\Analysis\2025-09-05_112309_tube1_cropped_8bits2\5_1405_0_8bits.tiff;I:\For Leo to analyse\0309 pdx ptt\0509 pre ptt\Analysis\2025-09-05_112309_tube1_segmentationDebug2\5_1405_0_segmented.tiff;1989.0;(63. 48);257.338093161582;0.772277227722772;50.3236868132516;0.377430063377763;0.831606240743676;628.905329064091;0.958911430462318;0.902751720817698;0.90629128428151;;;;;;;;;;;;;;;;;;;;;;;;;;;;;;;;;;;;;
2;Tube 1;615020.0;615020.0;0.0;1502.0;False;G:\0309 pdx ptt\0409\Analysis\2025-09-04_112523_tube1_cropped_8bits2\6_1502_0_8bits.tiff;G:\0309 pdx ptt\0409\Analysis\2025-09-04_112523_tube1_segmentationDebug2\6_1502_0_segmented.tiff;2105.5;(77. 80);314.40916109085;0.649544963751349;51.7764991230566;0.267654608917435;0.68560267090244;720.830283669818;0.958929852406994;0.895455789094058;0.876516753399487;615020.0;0.0;1502.0;False;I:\For Leo to analyse\0309 pdx ptt\0509 pre ptt\Analysis\2025-09-05_112309_tube1_cropped_8bits2\6_1502_0_8bits.tiff;I:\For Leo to analyse\0309 pdx ptt\0509 pre ptt\Analysis\2025-09-05_112309_tube1_segmentationDebug2\6_1502_0_segmented.tiff;1643.0;(55. 87);184.367530822753;0.884760366182014;45.7376493930314;0.60740526035808;0.746127605970199;769.998848501165;0.968377141865969;0.920395288857348;0.903891739286745;;;;;;;;;;;;;;;;;;;;;;;;;;;;;;;;;;;;;
2;Tube 1;809010.0;;;;;;;;;;;;;;;;;;809010.0;1.0;901.0;False;I:\For Leo to analyse\0309 pdx ptt\0509 pre ptt\Analysis\2025-09-05_112309_tube1_cropped_8bits2\8_0901_0_8bits.tiff;I:\For Leo to analyse\0309 pdx ptt\0509 pre ptt\Analysis\2025-09-05_112309_tube1_segmentationDebug2\8_0901_0_segmented.tiff;1352.5;(78. 45);252.610171556472;0.695015416238437;41.4976684194944;0.266345565365021;0.380938530258721;684.568774541706;0.966797938226014;0.931800007484181;0.889437178419904;;;;;;;;;;;;;;;;;;;;;;;;;;;;;;;;;;;;;
2;Tube 1;811010.0;;;;;;;;;;;;;;;;;;;;;;;;;;;;;;;;;;;811010.0;0.0;1401.0;False;I:\For Leo to analyse\0309 pdx ptt\0509 post ptt\Analysis\2025-09-05_152608_tube1_cropped_8bits2\7_1401_0_8bits.tiff;I:\For Leo to analyse\0309 pdx ptt\0509 post ptt\Analysis\2025-09-05_152608_tube1_segmentationDebug2\7_1401_0_segmented.tiff;1755.5;(68. 83);218.610171437263;0.780395643476328;47.277605912129;0.461604430105319;0.628927538280823;689.027798394915;0.961257560588314;0.914155232550076;0.886362028906594;93.23982302594717;41.0;Alive;;;;;;;;;;;;;;;;;
2;Tube 1;811011.0;;;;;;;;;;;;;;;;;;;;;;;;;;;;;;;;;;;811011.0;0.0;1101.0;True;I:\For Leo to analyse\0309 pdx ptt\0509 post ptt\Analysis\2025-09-05_152608_tube1_cropped_8bits2\8_1101_0_8bits.tiff;I:\For Leo to analyse\0309 pdx ptt\0509 post ptt\Analysis\2025-09-05_152608_tube1_segmentationDebug2\8_1101_0_segmented.tiff;1055.0;(81. 79);146.225395441055;0.864399836132732;36.6506169074355;0.620035726983115;0.950243499244135;690.37686043911;0.976801379763559;0.948019267318604;0.895104157159644;93.23982302594717;41.0;Alive;;;;;;;;;;;;;;;;;
2;Tube 1;906010.0;906010.0;0.0;601.0;False;G:\0309 pdx ptt\0409\Analysis\2025-09-04_112523_tube1_cropped_8bits2\9_0601_0_8bits.tiff;G:\0309 pdx ptt\0409\Analysis\2025-09-04_112523_tube1_segmentationDebug2\9_0601_0_segmented.tiff;1164.0;(112. 76);186.225395441055;0.777814901436685;38.4974132906579;0.421779078884969;0.543872925430494;663.908975517856;0.976162851496763;0.941830100368825;0.905603669722931;906010.0;0.0;601.0;False;I:\For Leo to analyse\0309 pdx ptt\0509 pre ptt\Analysis\2025-09-05_112309_tube1_cropped_8bits2\9_0601_0_8bits.tiff;I:\For Leo to analyse\0309 pdx ptt\0509 pre ptt\Analysis\2025-09-05_112309_tube1_segmentationDebug2\9_0601_0_segmented.tiff;1902.0;(73. 65);232.024385213851;0.835860250494396;49.2107875783987;0.443969479147374;0.734214609688377;610.698143941212;0.959723821413201;0.907455267042904;0.912636275609188;;;;;;;;;;;;;;;;;;;;;;;;;;;;;;;;;;;;;
2;Tube 1;906010.0;906010.0;1.0;601.0;False;G:\0309 pdx ptt\0409\Analysis\2025-09-04_112523_tube1_cropped_8bits2\9_0601_0_8bits.tiff;G:\0309 pdx ptt\0409\Analysis\2025-09-04_112523_tube1_segmentationDebug2\9_0601_0_segmented.tiff;1349.0;(35. 75);196.911687374115;0.81931369571819;41.4439397964012;0.437198664043274;0.715385179328345;599.001179335007;0.97618709366234;0.933002749135311;0.897484249873556;906010.0;0.0;601.0;False;I:\For Leo to analyse\0309 pdx ptt\0509 pre ptt\Analysis\2025-09-05_112309_tube1_cropped_8bits2\9_0601_0_8bits.tiff;I:\For Leo to analyse\0309 pdx ptt\0509 pre ptt\Analysis\2025-09-05_112309_tube1_segmentationDebug2\9_0601_0_segmented.tiff;1902.0;(73. 65);232.024385213851;0.835860250494396;49.2107875783987;0.443969479147374;0.734214609688377;610.698143941212;0.959723821413201;0.907455267042904;0.912636275609188;;;;;;;;;;;;;;;;;;;;;;;;;;;;;;;;;;;;;
2;Tube 1;908010.0;;;;;;;;;;;;;;;;;;;;;;;;;;;;;;;;;;;908010.0;0.0;1101.0;True;I:\For Leo to analyse\0309 pdx ptt\0509 post ptt\Analysis\2025-09-05_152608_tube1_cropped_8bits2\8_1101_1_8bits.tiff;I:\For Leo to analyse\0309 pdx ptt\0509 post ptt\Analysis\2025-09-05_152608_tube1_segmentationDebug2\8_1101_1_segmented.tiff;760.0;(80. 56);183.053822636604;0.665207877461706;31.107266900175;0.285013775588183;0.598698841814459;530.127327143407;0.980900031325929;0.959680832814917;0.865762314803837;95.38115754425961;40.0;Alive;;;;;;;;;;;;;;;;;
2;Tube 2;1002020.0;1002020.0;0.0;202.0;False;G:\0309 pdx ptt\0409\Analysis\2025-09-04_113638_tube2_cropped_8bits2\10_0202_0_8bits.tiff;G:\0309 pdx ptt\0409\Analysis\2025-09-04_113638_tube2_segmentationDebug2\10_0202_0_segmented.tiff;1883.5;(76. 69);270.267025589942;0.757185929648241;48.9708758601342;0.324033091617273;0.877190468932034;785.399028755904;0.968778259750229;0.907025126070526;0.890214449791863;;;;;;;;;;;;;;;;;;1002020.0;0.0;202.0;False;I:\For Leo to analyse\0309 pdx ptt\0509 post ptt\Analysis\2025-09-05_153617_tube2_cropped_8bits2\10_0202_0_8bits.tiff;I:\For Leo to analyse\0309 pdx ptt\0509 post ptt\Analysis\2025-09-05_153617_tube2_segmentationDebug2\10_0202_0_segmented.tiff;1520.0;(90. 72);236.710676789283;0.711943793911007;43.9923187385871;0.340892744348122;0.482323792902811;650.517489700775;0.970299523709077;0.924299975427116;0.890021948501292;18.345323741007196;51.0;Dead;;;;;;;;;;;;;;;;;
2;Tube 2;1005010.0;;;;;;;;;;;;;;;;;;1005010.0;0.0;501.0;True;I:\For Leo to analyse\0309 pdx ptt\0509 pre ptt\Analysis\2025-09-05_111248_tube2_cropped_8bits2\10_0501_0_8bits.tiff;I:\For Leo to analyse\0309 pdx ptt\0509 pre ptt\Analysis\2025-09-05_111248_tube2_segmentationDebug2\10_0501_0_segmented.tiff;1195.5;(89. 105);141.982754945755;0.939489194499017;39.0148417365864;0.745226426570371;0.811212523700103;702.847499121753;0.973869496013672;0.941945809546524;0.887578342007138;;;;;;;;;;;;;;;;;;;;;;;;;;;;;;;;;;;;;
2;Tube 2;103080.0;103080.0;0.0;308.0;False;G:\0309 pdx ptt\0409\Analysis\2025-09-04_113638_tube2_cropped_8bits2\1_0308_0_8bits.tiff;G:\0309 pdx ptt\0409\Analysis\2025-09-04_113638_tube2_segmentationDebug2\1_0308_0_segmented.tiff;3364.0;(80. 74);346.651801466941;0.774045098941555;65.4459916915397;0.351786304837733;0.8605092960637;672.485665672647;0.941965861248293;0.838696896335109;0.911713989468515;103080.0;0.0;308.0;False;I:\For Leo to analyse\0309 pdx ptt\0509 pre ptt\Analysis\2025-09-05_111248_tube2_cropped_8bits2\1_0308_0_8bits.tiff;I:\For Leo to analyse\0309 pdx ptt\0509 pre ptt\Analysis\2025-09-05_111248_tube2_segmentationDebug2\1_0308_0_segmented.tiff;1820.5;(58. 61);190.124890446662;0.889784946236559;48.1449124123241;0.632881781009122;0.686304908049594;619.54469343354;0.970158738580057;0.912782822866448;0.919128954977468;;;;;;;;;;;;;;;;;;;;;;;;;;;;;;;;;;;;;
2;Tube 2;1102050.0;;;;;;;;;;;;;;;;;;;;;;;;;;;;;;;;;;;1102050.0;0.0;205.0;False;I:\For Leo to analyse\0309 pdx ptt\0509 post ptt\Analysis\2025-09-05_153617_tube2_cropped_8bits2\11_0205_0_8bits.tiff;I:\For Leo to analyse\0309 pdx ptt\0509 post ptt\Analysis\2025-09-05_153617_tube2_segmentationDebug2\11_0205_0_segmented.tiff;1733.0;(89. 84);201.053822636604;0.861546109868257;46.9736535839616;0.538745626013329;0.917398443943467;825.605115450749;0.972683597551817;0.915996585422676;0.900260982090271;69.60431654676259;45.0;Alive;;;;;;;;;;;;;;;;;
2;Tube 2;1202050.0;;;;;;;;;;;;;;;;;;1202050.0;0.0;205.0;False;I:\For Leo to analyse\0309 pdx ptt\0509 pre ptt\Analysis\2025-09-05_111248_tube2_cropped_8bits2\12_0205_0_8bits.tiff;I:\For Leo to analyse\0309 pdx ptt\0509 pre ptt\Analysis\2025-09-05_111248_tube2_segmentationDebug2\12_0205_0_segmented.tiff;1750.5;(79. 69);206.953317403793;0.85703794369645;47.2102300678454;0.513602577191358;0.655898025758643;519.591684091183;0.968363386691377;0.915230841567391;0.911507088963101;;;;;;;;;;;;;;;;;;;;;;;;;;;;;;;;;;;;;
2;Tube 2;1202080.0;1202080.0;0.0;208.0;False;G:\0309 pdx ptt\0409\Analysis\2025-09-04_113638_tube2_cropped_8bits2\12_0208_0_8bits.tiff;G:\0309 pdx ptt\0409\Analysis\2025-09-04_113638_tube2_segmentationDebug2\12_0208_0_segmented.tiff;2192.5;(81. 75);258.610171318054;0.799016034985422;52.835383048028;0.411963047413494;0.783264005989219;498.285242947623;0.965093298467163;0.89355067362184;0.91257370306358;;;;;;;;;;;;;;;;;;;;;;;;;;;;;;;;;;;;;;;;;;;;;;;;;;;;;;
2;Tube 2;1302110.0;1302110.0;0.0;211.0;False;G:\0309 pdx ptt\0409\Analysis\2025-09-04_113638_tube2_cropped_8bits2\13_0211_0_8bits.tiff;G:\0309 pdx ptt\0409\Analysis\2025-09-04_113638_tube2_segmentationDebug2\13_0211_0_segmented.tiff;1609.5;(79. 82);229.781744480133;0.76862464183381;45.268963399345;0.383062642780955;0.963490414456386;785.658587064315;0.972361672930484;0.920429149515273;0.878255917852594;;;;;;;;;;;;;;;;;;;;;;;;;;;;;;;;;;;;;;;;;;;;;;;;;;;;;;
2;Tube 2;1402110.0;;;;;;;;;;;;;;;;;;1402110.0;0.0;211.0;False;I:\For Leo to analyse\0309 pdx ptt\0509 pre ptt\Analysis\2025-09-05_111248_tube2_cropped_8bits2\14_0211_0_8bits.tiff;I:\For Leo to analyse\0309 pdx ptt\0509 pre ptt\Analysis\2025-09-05_111248_tube2_segmentationDebug2\14_0211_0_segmented.tiff;1778.5;(83. 74);222.468036293983;0.809512972234865;47.5863061217351;0.45157354455781;0.657836646343883;540.999260557717;0.966640147365927;0.913343044380624;0.913769549681911;;;;;;;;;;;;;;;;;;;;;;;;;;;;;;;;;;;;;
2;Tube 2;1402140.0;1402140.0;0.0;214.0;False;G:\0309 pdx ptt\0409\Analysis\2025-09-04_113638_tube2_cropped_8bits2\14_0214_0_8bits.tiff;G:\0309 pdx ptt\0409\Analysis\2025-09-04_113638_tube2_segmentationDebug2\14_0214_0_segmented.tiff;2074.5;(78. 62);226.124890089035;0.83063063063063;51.3939241112516;0.509831383477717;0.85346411751027;501.727002913768;0.970319074372134;0.900432361928801;0.933171217836542;;;;;;;;;;;;;;;;;;;;;;;;;;;;;;;;;;;;;;;;;;;;;;;;;;;;;;
2;Tube 2;1402150.0;;;;;;;;;;;;;;;;;;;;;;;;;;;;;;;;;;;1402150.0;0.0;215.0;True;I:\For Leo to analyse\0309 pdx ptt\0509 post ptt\Analysis\2025-09-05_153617_tube2_cropped_8bits2\14_0215_0_8bits.tiff;I:\For Leo to analyse\0309 pdx ptt\0509 post ptt\Analysis\2025-09-05_153617_tube2_segmentationDebug2\14_0215_0_segmented.tiff;757.5;(108. 79);142.325900554656;0.822922324823465;31.0560614878462;0.469920747805752;0.794306137378435;571.923914953435;0.98623806141469;0.961450299952478;0.89626034471163;29.676258992805757;47.0;Dead;;;;;;;;;;;;;;;;;
2;Tube 2;1402151.0;;;;;;;;;;;;;;;;;;;;;;;;;;;;;;;;;;;1402151.0;0.0;215.0;True;I:\For Leo to analyse\0309 pdx ptt\0509 post ptt\Analysis\2025-09-05_153617_tube2_cropped_8bits2\14_0215_1_8bits.tiff;I:\For Leo to analyse\0309 pdx ptt\0509 post ptt\Analysis\2025-09-05_153617_tube2_segmentationDebug2\14_0215_1_segmented.tiff;832.5;(74. 64);163.154327869415;0.736399823087129;32.5572099694065;0.393003944439805;0.609910228690844;535.202890116507;0.982385190742079;0.957587010721931;0.892020268935989;29.676258992805757;47.0;Dead;;;;;;;;;;;;;;;;;
2;Tube 2;1502140.0;;;;;;;;;;;;;;;;;;1502140.0;0.0;214.0;False;I:\For Leo to analyse\0309 pdx ptt\0509 pre ptt\Analysis\2025-09-05_111248_tube2_cropped_8bits2\15_0214_0_8bits.tiff;I:\For Leo to analyse\0309 pdx ptt\0509 pre ptt\Analysis\2025-09-05_111248_tube2_segmentationDebug2\15_0214_0_segmented.tiff;1792.0;(75. 78);205.195957779884;0.858032080440507;47.7665705715347;0.534823235377521;0.805336670904267;524.012471301745;0.968582838260532;0.913263434528235;0.912360763946044;;;;;;;;;;;;;;;;;;;;;;;;;;;;;;;;;;;;;
2;Tube 2;1502180.0;;;;;;;;;;;;;;;;;;;;;;;;;;;;;;;;;;;1502180.0;0.0;218.0;False;I:\For Leo to analyse\0309 pdx ptt\0509 post ptt\Analysis\2025-09-05_153617_tube2_cropped_8bits2\15_0218_0_8bits.tiff;I:\For Leo to analyse\0309 pdx ptt\0509 post ptt\Analysis\2025-09-05_153617_tube2_segmentationDebug2\15_0218_0_segmented.tiff;1598.5;(74. 77);200.811181902885;0.864287645309543;45.1140046134141;0.498134613326382;0.635564029485786;632.611313008052;0.977209937077288;0.921928664052066;0.895806428824858;56.534772182254194;43.0;Alive;;;;;;;;;;;;;;;;;
2;Tube 2;1602170.0;;;;;;;;;;;;;;;;;;1602170.0;0.0;217.0;False;I:\For Leo to analyse\0309 pdx ptt\0509 pre ptt\Analysis\2025-09-05_111248_tube2_cropped_8bits2\16_0217_0_8bits.tiff;I:\For Leo to analyse\0309 pdx ptt\0509 pre ptt\Analysis\2025-09-05_111248_tube2_segmentationDebug2\16_0217_0_segmented.tiff;2083.0;(83. 79);249.539103865623;0.821696252465483;51.4991065134468;0.420360511390352;0.777023693149881;532.409274377611;0.965506102094337;0.880916665148221;0.917216134713476;;;;;;;;;;;;;;;;;;;;;;;;;;;;;;;;;;;;;
2;Tube 2;1602210.0;;;;;;;;;;;;;;;;;;;;;;;;;;;;;;;;;;;1602210.0;0.0;221.0;True;I:\For Leo to analyse\0309 pdx ptt\0509 post ptt\Analysis\2025-09-05_153617_tube2_cropped_8bits2\16_0221_0_8bits.tiff;I:\For Leo to analyse\0309 pdx ptt\0509 post ptt\Analysis\2025-09-05_153617_tube2_segmentationDebug2\16_0221_0_segmented.tiff;1496.0;(75. 68);246.024384975433;0.730290456431535;43.6436290760037;0.310588340263498;0.507145642442742;626.284116938855;0.9673638077447;0.925261660412295;0.886934711285573;35.91127098321343;50.0;Dead;;;;;;;;;;;;;;;;;
2;Tube 2;1702210.0;;;;;;;;;;;;;;;;;;1702210.0;0.0;221.0;False;I:\For Leo to analyse\0309 pdx ptt\0509 pre ptt\Analysis\2025-09-05_111248_tube2_cropped_8bits2\17_0221_0_8bits.tiff;I:\For Leo to analyse\0309 pdx ptt\0509 pre ptt\Analysis\2025-09-05_111248_tube2_segmentationDebug2\17_0221_0_segmented.tiff;1263.0;(65. 70);216.225395560264;0.763372620126926;40.1011414426137;0.339468760015102;0.625409140073589;751.642955572166;0.978323497538657;0.9364415754852;0.880534851906267;;;;;;;;;;;;;;;;;;;;;;;;;;;;;;;;;;;;;
2;Tube 2;1703240.0;;;;;;;;;;;;;;;;;;;;;;;;;;;;;;;;;;;1703240.0;0.0;324.0;False;I:\For Leo to analyse\0309 pdx ptt\0509 post ptt\Analysis\2025-09-05_153617_tube2_cropped_8bits2\17_0324_0_8bits.tiff;I:\For Leo to analyse\0309 pdx ptt\0509 post ptt\Analysis\2025-09-05_153617_tube2_segmentationDebug2\17_0324_0_segmented.tiff;1614.5;(81. 73);209.639608979225;0.836528497409326;45.3392241329174;0.46163766047694;0.59577387343178;614.92452050296;0.966639777035987;0.920898767012328;0.897431402323669;49.52038369304557;44.0;Dead;;;;;;;;;;;;;;;;;
2;Tube 2;1806240.0;1806240.0;0.0;624.0;False;G:\0309 pdx ptt\0409\Analysis\2025-09-04_113638_tube2_cropped_8bits2\18_0624_0_8bits.tiff;G:\0309 pdx ptt\0409\Analysis\2025-09-04_113638_tube2_segmentationDebug2\18_0624_0_segmented.tiff;1503.5;(84. 69);233.781744360923;0.720239520958083;43.7528931101626;0.345694210973857;0.670511486987803;535.240532655301;0.975972189359635;0.925466725317547;0.905844839602593;;;;;;;;;;;;;;;;;;;;;;;;;;;;;;;;;;;;;;;;;;;;;;;;;;;;;;
2;Tube 2;1906240.0;;;;;;;;;;;;;;;;;;1906240.0;0.0;624.0;False;I:\For Leo to analyse\0309 pdx ptt\0509 pre ptt\Analysis\2025-09-05_111248_tube2_cropped_8bits2\19_0624_0_8bits.tiff;I:\For Leo to analyse\0309 pdx ptt\0509 pre ptt\Analysis\2025-09-05_111248_tube2_segmentationDebug2\19_0624_0_segmented.tiff;1683.5;(82. 52);185.639609217643;0.901231263383297;46.2979348736166;0.613877468740752;0.749673719204896;646.258350129111;0.962088860138603;0.903145305105589;0.906073669699918;;;;;;;;;;;;;;;;;;;;;;;;;;;;;;;;;;;;;
2;Tube 2;1909240.0;1909240.0;0.0;924.0;False;G:\0309 pdx ptt\0409\Analysis\2025-09-04_113638_tube2_cropped_8bits2\19_0924_0_8bits.tiff;G:\0309 pdx ptt\0409\Analysis\2025-09-04_113638_tube2_segmentationDebug2\19_0924_0_segmented.tiff;1006.5;(85. 95);157.497473716735;0.830445544554455;35.7982625524751;0.50988995837484;0.72805543615594;609.598885998073;0.976738491086063;0.949535549603469;0.891643510774245;;;;;;;;;;;;;;;;;;;;;;;;;;;;;;;;;;;;;;;;;;;;;;;;;;;;;;
2;Tube 2;1909240.0;1909240.0;1.0;924.0;False;G:\0309 pdx ptt\0409\Analysis\2025-09-04_113638_tube2_cropped_8bits2\19_0924_0_8bits.tiff;G:\0309 pdx ptt\0409\Analysis\2025-09-04_113638_tube2_segmentationDebug2\19_0924_0_segmented.tiff;545.0;(93. 48);185.396968364715;0.581954084356647;26.3422768924909;0.199251275338171;0.568481711877963;286.425579026069;0.985165191940399;0.969193863781669;0.850461478416242;;;;;;;;;;;;;;;;;;;;;;;;;;;;;;;;;;;;;;;;;;;;;;;;;;;;;;
2;Tube 2;204050.0;204050.0;0.0;405.0;False;G:\0309 pdx ptt\0409\Analysis\2025-09-04_113638_tube2_cropped_8bits2\2_0405_0_8bits.tiff;G:\0309 pdx ptt\0409\Analysis\2025-09-04_113638_tube2_segmentationDebug2\2_0405_0_segmented.tiff;3823.5;(77. 73);463.036577820777;0.654989293361884;69.7727124260974;0.224099227338557;0.721444126728857;681.119845893103;0.915889499395632;0.813771178816598;0.894384327391137;;;;;;;;;;;;;;;;;;;;;;;;;;;;;;;;;;;;;;;;;;;;;;;;;;;;;;
2;Tube 2;2112240.0;;;;;;;;;;;;;;;;;;2112240.0;0.0;1224.0;False;I:\For Leo to analyse\0309 pdx ptt\0509 pre ptt\Analysis\2025-09-05_111248_tube2_cropped_8bits2\21_1224_0_8bits.tiff;I:\For Leo to analyse\0309 pdx ptt\0509 pre ptt\Analysis\2025-09-05_111248_tube2_segmentationDebug2\21_1224_0_segmented.tiff;1344.0;(84. 75);208.568541526794;0.746666666666666;41.3670635666112;0.388250053536896;0.867223499958313;653.141951401697;0.972526786898046;0.933303269317028;0.905152523677407;;;;;;;;;;;;;;;;;;;;;;;;;;;;;;;;;;;;;
2;Tube 2;305050.0;;;;;;;;;;;;;;;;;;305050.0;0.0;505.0;False;I:\For Leo to analyse\0309 pdx ptt\0509 pre ptt\Analysis\2025-09-05_111248_tube2_cropped_8bits2\3_0505_0_8bits.tiff;I:\For Leo to analyse\0309 pdx ptt\0509 pre ptt\Analysis\2025-09-05_111248_tube2_segmentationDebug2\3_0505_0_segmented.tiff;889.0;(73. 73);122.083259940147;0.929430214323052;33.6438695050013;0.749547896785696;0.863900238558077;717.615971870604;0.982556108681673;0.953622476641146;0.888990065659967;;;;;;;;;;;;;;;;;;;;;;;;;;;;;;;;;;;;;
2;Tube 2;408050.0;;;;;;;;;;;;;;;;;;408050.0;1.0;805.0;True;I:\For Leo to analyse\0309 pdx ptt\0509 pre ptt\Analysis\2025-09-05_111248_tube2_cropped_8bits2\4_0805_0_8bits.tiff;I:\For Leo to analyse\0309 pdx ptt\0509 pre ptt\Analysis\2025-09-05_111248_tube2_segmentationDebug2\4_0805_0_segmented.tiff;1549.5;(78. 46);231.781744360923;0.753831184626611;44.4171664400953;0.362445732469595;0.628373875532257;571.25227558857;0.970072561684105;0.922854969936901;0.893638297766358;;;;;;;;;;;;;;;;;;;;;;;;;;;;;;;;;;;;;
2;Tube 2;408051.0;;;;;;;;;;;;;;;;;;408051.0;0.0;805.0;True;I:\For Leo to analyse\0309 pdx ptt\0509 pre ptt\Analysis\2025-09-05_111248_tube2_cropped_8bits2\4_0805_1_8bits.tiff;I:\For Leo to analyse\0309 pdx ptt\0509 pre ptt\Analysis\2025-09-05_111248_tube2_segmentationDebug2\4_0805_1_segmented.tiff;1050.5;(81. 75);269.781744599342;0.544723878662172;36.5723685552944;0.181376410648529;0.634817814625704;449.840027671159;0.974040822419188;0.94419279786374;0.886747779800002;;;;;;;;;;;;;;;;;;;;;;;;;;;;;;;;;;;;;
2;Tube 2;412050.0;;;;;;;;;;;;;;;;;;;;;;;;;;;;;;;;;;;412050.0;0.0;1205.0;False;I:\For Leo to analyse\0309 pdx ptt\0509 post ptt\Analysis\2025-09-05_153617_tube2_cropped_8bits2\4_1205_0_8bits.tiff;I:\For Leo to analyse\0309 pdx ptt\0509 post ptt\Analysis\2025-09-05_153617_tube2_segmentationDebug2\4_1205_0_segmented.tiff;2004.0;(72. 96);298.166520237922;0.651177904142973;50.5130878847182;0.283262985010392;0.581951305497411;532.884962722228;0.958055573457389;0.901027305882945;0.885308816237233;115.46762589928058;37.0;Alive;;;;;;;;;;;;;;;;;
2;Tube 2;511050.0;;;;;;;;;;;;;;;;;;511050.0;0.0;1105.0;True;I:\For Leo to analyse\0309 pdx ptt\0509 pre ptt\Analysis\2025-09-05_111248_tube2_cropped_8bits2\5_1105_0_8bits.tiff;I:\For Leo to analyse\0309 pdx ptt\0509 pre ptt\Analysis\2025-09-05_111248_tube2_segmentationDebug2\5_1105_0_segmented.tiff;1629.5;(94. 101);210.468036174774;0.802511696626446;45.5493560673029;0.462265977983565;0.502031147670633;646.543827323593;0.966375928116157;0.920086652589363;0.884579473116473;;;;;;;;;;;;;;;;;;;;;;;;;;;;;;;;;;;;;
2;Tube 2;515040.0;;;;;;;;;;;;;;;;;;;;;;;;;;;;;;;;;;;515040.0;0.0;1504.0;False;I:\For Leo to analyse\0309 pdx ptt\0509 post ptt\Analysis\2025-09-05_153617_tube2_cropped_8bits2\5_1504_0_8bits.tiff;I:\For Leo to analyse\0309 pdx ptt\0509 post ptt\Analysis\2025-09-05_153617_tube2_segmentationDebug2\5_1504_0_segmented.tiff;2678.5;(62. 107);409.178712964057;0.684863206341089;58.3983914211096;0.20103674816356;0.689655759360342;543.130344503149;0.944774120240681;0.867028131366251;0.89356779765499;90.8273381294964;37.0;Alive;;;;;;;;;;;;;;;;;
2;Tube 2;614050.0;;;;;;;;;;;;;;;;;;614050.0;0.0;1405.0;True;I:\For Leo to analyse\0309 pdx ptt\0509 pre ptt\Analysis\2025-09-05_111248_tube2_cropped_8bits2\6_1405_0_8bits.tiff;I:\For Leo to analyse\0309 pdx ptt\0509 pre ptt\Analysis\2025-09-05_111248_tube2_segmentationDebug2\6_1405_0_segmented.tiff;1535.0;(106. 20);176.568541169166;0.907478569317174;44.2088531989744;0.618716340690449;0.858159854764224;626.694835411041;0.968555011642576;0.925523591375105;0.907702983353561;;;;;;;;;;;;;;;;;;;;;;;;;;;;;;;;;;;;;
2;Tube 2;614051.0;;;;;;;;;;;;;;;;;;614051.0;0.0;1405.0;True;I:\For Leo to analyse\0309 pdx ptt\0509 pre ptt\Analysis\2025-09-05_111248_tube2_cropped_8bits2\6_1405_1_8bits.tiff;I:\For Leo to analyse\0309 pdx ptt\0509 pre ptt\Analysis\2025-09-05_111248_tube2_segmentationDebug2\6_1405_1_segmented.tiff;2101.5;(78. 76);224.610171318054;0.854963384865744;51.7272936007766;0.523456286849761;0.74835139430009;555.0242853674;0.957493293542563;0.898587959860989;0.910212185658049;;;;;;;;;;;;;;;;;;;;;;;;;;;;;;;;;;;;;
2;Tube 2;712010.0;712010.0;0.0;1201.0;False;G:\0309 pdx ptt\0409\Analysis\2025-09-04_113638_tube2_cropped_8bits2\7_1201_0_8bits.tiff;G:\0309 pdx ptt\0409\Analysis\2025-09-04_113638_tube2_segmentationDebug2\7_1201_0_segmented.tiff;2573.5;(76. 79);272.610171437263;0.84335572669179;57.2423092509023;0.435160958655746;0.705208590230279;682.892231631484;0.957387019793336;0.876447493578248;0.915511052770076;;;;;;;;;;;;;;;;;;;;;;;;;;;;;;;;;;;;;;;;;;;;;;;;;;;;;;
2;Tube 2;715020.0;;;;;;;;;;;;;;;;;;715020.0;0.0;1502.0;False;I:\For Leo to analyse\0309 pdx ptt\0509 pre ptt\Analysis\2025-09-05_111248_tube2_cropped_8bits2\7_1502_0_8bits.tiff;I:\For Leo to analyse\0309 pdx ptt\0509 pre ptt\Analysis\2025-09-05_111248_tube2_segmentationDebug2\7_1502_0_segmented.tiff;1865.5;(79. 71);249.095452427864;0.763610315186246;48.7363147017031;0.377810061462768;0.540786628619311;766.024205562497;0.961506148719097;0.908170105298479;0.876167894929745;;;;;;;;;;;;;;;;;;;;;;;;;;;;;;;;;;;;;
2;Tube 2;808010.0;808010.0;0.0;801.0;False;G:\0309 pdx ptt\0409\Analysis\2025-09-04_113638_tube2_cropped_8bits2\8_0801_0_8bits.tiff;G:\0309 pdx ptt\0409\Analysis\2025-09-04_113638_tube2_segmentationDebug2\8_0801_0_segmented.tiff;2024.0;(72. 70);251.195957660675;0.784040286655045;50.7645234247694;0.403083554474974;0.720859276790684;700.572963262586;0.95892716356991;0.901371425815767;0.891860817656122;;;;;;;;;;;;;;;;;;;;;;;;;;;;;;;;;;;;;;;;;;;;;;;;;;;;;;
2;Tube 2;811010.0;;;;;;;;;;;;;;;;;;811010.0;0.0;1101.0;False;I:\For Leo to analyse\0309 pdx ptt\0509 pre ptt\Analysis\2025-09-05_111248_tube2_cropped_8bits2\8_1101_0_8bits.tiff;I:\For Leo to analyse\0309 pdx ptt\0509 pre ptt\Analysis\2025-09-05_111248_tube2_segmentationDebug2\8_1101_0_segmented.tiff;599.0;(84. 113);205.195957779884;0.569391634980988;27.6164894093431;0.178771829236124;0.608728353178487;405.119264760445;0.988633554201655;0.966716287782468;0.875263009499077;;;;;;;;;;;;;;;;;;;;;;;;;;;;;;;;;;;;;
2;Tube 3;1002020.0;1002020.0;0.0;202.0;False;G:\0309 pdx ptt\0409\Analysis\2025-09-04_114659_tube3_cropped_8bits2\10_0202_0_8bits.tiff;G:\0309 pdx ptt\0409\Analysis\2025-09-04_114659_tube3_segmentationDebug2\10_0202_0_segmented.tiff;2445.0;(76. 75);283.539103984832;0.811214333112143;55.794898394723;0.382175464651411;0.866428501570259;680.828642365495;0.955249507441548;0.881770784461072;0.916581245396066;;;;;;;;;;;;;;;;;;;;;;;;;;;;;;;;;;;;;;;;;;;;;;;;;;;;;;
2;Tube 3;1002021.0;;;;;;;;;;;;;;;;;;;;;;;;;;;;;;;;;;;1002021.0;1.0;202.0;True;I:\For Leo to analyse\0309 pdx ptt\0509 post ptt\Analysis\2025-09-05_154617_tube3_cropped_8bits2\10_0202_1_8bits.tiff;I:\For Leo to analyse\0309 pdx ptt\0509 post ptt\Analysis\2025-09-05_154617_tube3_segmentationDebug2\10_0202_1_segmented.tiff;773.5;(76. 59);130.325900793075;0.837121212121212;31.3823324157502;0.572280188171606;0.654893881929207;575.470026950998;0.984282487109175;0.961292631181702;0.894715237034303;4.700239808153476;58.0;Dead;;;;;;;;;;;;;;;;;
2;Tube 3;1003010.0;;;;;;;;;;;;;;;;;;1003010.0;0.0;301.0;False;I:\For Leo to analyse\0309 pdx ptt\0509 pre ptt\Analysis\2025-09-05_110300_tube3_cropped_8bits2\10_0301_0_8bits.tiff;I:\For Leo to analyse\0309 pdx ptt\0509 pre ptt\Analysis\2025-09-05_110300_tube3_segmentationDebug2\10_0301_0_segmented.tiff;756.5;(78. 35);115.012192487716;0.915859564164648;31.0355556675267;0.718672507343064;0.89907671309457;760.82317239498;0.982237872780819;0.946621588897297;0.867638981726581;;;;;;;;;;;;;;;;;;;;;;;;;;;;;;;;;;;;;
2;Tube 3;103070.0;;;;;;;;;;;;;;;;;;103070.0;0.0;307.0;False;I:\For Leo to analyse\0309 pdx ptt\0509 pre ptt\Analysis\2025-09-05_110300_tube3_cropped_8bits2\1_0307_0_8bits.tiff;I:\For Leo to analyse\0309 pdx ptt\0509 pre ptt\Analysis\2025-09-05_110300_tube3_segmentationDebug2\1_0307_0_segmented.tiff;1600.0;(53. 70);238.225395441055;0.783162016642192;45.1351666838205;0.354285790001651;0.637838493798518;559.783324105211;0.972889932831188;0.920927449659307;0.913471657012685;;;;;;;;;;;;;;;;;;;;;;;;;;;;;;;;;;;;;
2;Tube 3;103080.0;103080.0;0.0;308.0;False;G:\0309 pdx ptt\0409\Analysis\2025-09-04_114659_tube3_cropped_8bits2\1_0308_0_8bits.tiff;G:\0309 pdx ptt\0409\Analysis\2025-09-04_114659_tube3_segmentationDebug2\1_0308_0_segmented.tiff;3769.5;(80. 70);443.865004658699;0.738755512003919;69.2782539032212;0.240431740583526;0.70244371995657;460.040178283401;0.934883360678544;0.818117443845984;0.923076032851925;;;;;;;;;;;;;;;;;;;;;;;;;;;;;;;;;;;;;;;;;;;;;;;;;;;;;;
2;Tube 3;1102050.0;1102050.0;0.0;205.0;False;G:\0309 pdx ptt\0409\Analysis\2025-09-04_114659_tube3_cropped_8bits2\11_0205_0_8bits.tiff;G:\0309 pdx ptt\0409\Analysis\2025-09-04_114659_tube3_segmentationDebug2\11_0205_0_segmented.tiff;2358.0;(83. 69);249.882249593734;0.846374730796841;54.7932372331249;0.47455095380379;0.796871664617106;630.504448682544;0.954608789993751;0.886367064752335;0.918768633754752;1102050.0;0.0;205.0;False;I:\For Leo to analyse\0309 pdx ptt\0509 pre ptt\Analysis\2025-09-05_110300_tube3_cropped_8bits2\11_0205_0_8bits.tiff;I:\For Leo to analyse\0309 pdx ptt\0509 pre ptt\Analysis\2025-09-05_110300_tube3_segmentationDebug2\11_0205_0_segmented.tiff;1265.5;(79. 75);246.953317165374;0.68572202655107;40.1408102043587;0.260760788281408;0.85576153842047;749.990036452926;0.980507763495525;0.935430605683413;0.89808082634386;1102050.0;0.0;205.0;False;I:\For Leo to analyse\0309 pdx ptt\0509 post ptt\Analysis\2025-09-05_154617_tube3_cropped_8bits2\11_0205_0_8bits.tiff;I:\For Leo to analyse\0309 pdx ptt\0509 post ptt\Analysis\2025-09-05_154617_tube3_segmentationDebug2\11_0205_0_segmented.tiff;933.0;(72. 67);222.710676789283;0.682266910420475;34.4663966094209;0.236379294651531;0.689791842085022;451.343054393275;0.982898578131108;0.951160825046913;0.897136327374023;15.731414868105514;52.0;Dead;0.0;0.0;0.0;;;;-332.5;;-24.242640376090975;-0.003455116130594904;-5.674413594937803;-0.02438149362987696;-0.165969696335448;-298.646982059651;0.002390814635582994;0.015730219363500053;-0.0009444989698369488
2;Tube 3;1202080.0;1202080.0;0.0;208.0;False;G:\0309 pdx ptt\0409\Analysis\2025-09-04_114659_tube3_cropped_8bits2\12_0208_0_8bits.tiff;G:\0309 pdx ptt\0409\Analysis\2025-09-04_114659_tube3_segmentationDebug2\12_0208_0_segmented.tiff;2293.5;(81. 66);278.610171675682;0.793186927200415;54.0386426166506;0.371291214225577;0.842889292349265;670.297825185686;0.958936803534987;0.888469605681257;0.91329652313278;1202080.0;0.0;208.0;False;I:\For Leo to analyse\0309 pdx ptt\0509 pre ptt\Analysis\2025-09-05_110300_tube3_cropped_8bits2\12_0208_0_8bits.tiff;I:\For Leo to analyse\0309 pdx ptt\0509 pre ptt\Analysis\2025-09-05_110300_tube3_segmentationDebug2\12_0208_0_segmented.tiff;1133.5;(77. 65);141.840619683265;0.920796100731113;37.989696286721;0.707994931385092;0.834772877427937;672.448154523172;0.981037122567008;0.944731508593992;0.915151238463988;1202080.0;0.0;208.0;False;I:\For Leo to analyse\0309 pdx ptt\0509 post ptt\Analysis\2025-09-05_154617_tube3_cropped_8bits2\12_0208_0_8bits.tiff;I:\For Leo to analyse\0309 pdx ptt\0509 post ptt\Analysis\2025-09-05_154617_tube3_segmentationDebug2\12_0208_0_segmented.tiff;1734.5;(79. 63);274.267025709152;0.692830037946874;46.9939782349094;0.289759026931489;0.698572813801843;449.909243847907;0.970423236015024;0.913865548907832;0.908581427862642;5.275779376498801;59.0;Dead;0.0;0.0;0.0;;;;601.0;;132.426406025887;-0.22796606278423892;9.0042819481884;-0.4182359044536029;-0.13620006362609405;-222.53891067526496;-0.01061388655198403;-0.030865959686160016;-0.006569810601346093
2;Tube 3;1302110.0;1302110.0;0.0;211.0;True;G:\0309 pdx ptt\0409\Analysis\2025-09-04_114659_tube3_cropped_8bits2\13_0211_0_8bits.tiff;G:\0309 pdx ptt\0409\Analysis\2025-09-04_114659_tube3_segmentationDebug2\13_0211_0_segmented.tiff;1270.0;(77. 73);213.882249712944;0.739662201514269;40.2121153610905;0.348870379650808;0.85428716447323;427.273434710837;0.975724145780205;0.93646400433439;0.923366441355081;1302110.0;0.0;211.0;True;I:\For Leo to analyse\0309 pdx ptt\0509 pre ptt\Analysis\2025-09-05_110300_tube3_cropped_8bits2\13_0211_0_8bits.tiff;I:\For Leo to analyse\0309 pdx ptt\0509 pre ptt\Analysis\2025-09-05_110300_tube3_segmentationDebug2\13_0211_0_segmented.tiff;667.0;(97. 83);164.426406145095;0.687628865979381;29.1419075617632;0.31002203939612;0.617323496179822;531.705471690358;0.98501812203385;0.965000896646036;0.90509972761508;;;;;;;;;;;;;;;;;;;;;;;;;;;;;;;;;;;;;
2;Tube 3;1302110.0;1302110.0;0.0;211.0;True;G:\0309 pdx ptt\0409\Analysis\2025-09-04_114659_tube3_cropped_8bits2\13_0211_0_8bits.tiff;G:\0309 pdx ptt\0409\Analysis\2025-09-04_114659_tube3_segmentationDebug2\13_0211_0_segmented.tiff;1270.0;(77. 73);213.882249712944;0.739662201514269;40.2121153610905;0.348870379650808;0.85428716447323;427.273434710837;0.975724145780205;0.93646400433439;0.923366441355081;1302110.0;1.0;211.0;True;I:\For Leo to analyse\0309 pdx ptt\0509 pre ptt\Analysis\2025-09-05_110300_tube3_cropped_8bits2\13_0211_0_8bits.tiff;I:\For Leo to analyse\0309 pdx ptt\0509 pre ptt\Analysis\2025-09-05_110300_tube3_segmentationDebug2\13_0211_0_segmented.tiff;582.5;(39. 66);125.497473597526;0.807905686546463;27.233472690941;0.464767581567252;0.600730776631075;670.693191232959;0.987358970911754;0.969466375448749;0.867269799112171;;;;;;;;;;;;;;;;;;;;;;;;;;;;;;;;;;;;;
2;Tube 3;1302111.0;;;;;;;;;;;;;;;;;;1302111.0;0.0;211.0;True;I:\For Leo to analyse\0309 pdx ptt\0509 pre ptt\Analysis\2025-09-05_110300_tube3_cropped_8bits2\13_0211_1_8bits.tiff;I:\For Leo to analyse\0309 pdx ptt\0509 pre ptt\Analysis\2025-09-05_110300_tube3_segmentationDebug2\13_0211_1_segmented.tiff;449.0;(74. 78);113.254833221435;0.757805907172995;23.9099258799789;0.439888608290392;0.961183859140715;555.097140270748;0.99123281512859;0.976131128250944;0.892503790732535;;;;;;;;;;;;;;;;;;;;;;;;;;;;;;;;;;;;;
2;Tube 3;1302112.0;1302112.0;0.0;211.0;True;G:\0309 pdx ptt\0409\Analysis\2025-09-04_114659_tube3_cropped_8bits2\13_0211_2_8bits.tiff;G:\0309 pdx ptt\0409\Analysis\2025-09-04_114659_tube3_segmentationDebug2\13_0211_2_segmented.tiff;754.0;(79. 75);194.568541288375;0.658515283842794;30.9842317434257;0.250285657925636;0.753313150668017;385.233296782064;0.982325060935088;0.959687938810112;0.8792390350192;;;;;;;;;;;;;;;;;;;;;;;;;;;;;;;;;;;;;;;;;;;;;;;;;;;;;;
2;Tube 3;1402140.0;1402140.0;0.0;214.0;False;G:\0309 pdx ptt\0409\Analysis\2025-09-04_114659_tube3_cropped_8bits2\14_0214_0_8bits.tiff;G:\0309 pdx ptt\0409\Analysis\2025-09-04_114659_tube3_segmentationDebug2\14_0214_0_segmented.tiff;1351.0;(79. 70);250.710676908493;0.703096539162112;41.4746503895717;0.27009687167273;0.742218000623301;715.235828827164;0.971902857554022;0.931611818330978;0.899060580676166;1402140.0;0.0;214.0;False;I:\For Leo to analyse\0309 pdx ptt\0509 pre ptt\Analysis\2025-09-05_110300_tube3_cropped_8bits2\14_0214_0_8bits.tiff;I:\For Leo to analyse\0309 pdx ptt\0509 pre ptt\Analysis\2025-09-05_110300_tube3_segmentationDebug2\14_0214_0_segmented.tiff;935.5;(69. 60);161.497473835945;0.77828618968386;34.5125425620852;0.450735940545521;0.496398944219852;770.237214137214;0.983155672250342;0.952619950954347;0.885775068691577;;;;;;;;;;;;;;;;;;;;;;;;;;;;;;;;;;;;;
2;Tube 3;1402150.0;;;;;;;;;;;;;;;;;;;;;;;;;;;;;;;;;;;1402150.0;0.0;215.0;False;I:\For Leo to analyse\0309 pdx ptt\0509 post ptt\Analysis\2025-09-05_154617_tube3_cropped_8bits2\14_0215_0_8bits.tiff;I:\For Leo to analyse\0309 pdx ptt\0509 post ptt\Analysis\2025-09-05_154617_tube3_segmentationDebug2\14_0215_0_segmented.tiff;915.0;(80. 76);272.852811932563;0.481578947368421;34.1323041037764;0.154445084419772;0.752586118137571;470.943566597968;0.980186380799093;0.949757742785143;0.861468191847327;5.9232613908872915;52.0;Dead;;;;;;;;;;;;;;;;;
2;Tube 3;1502170.0;1502170.0;0.0;217.0;False;G:\0309 pdx ptt\0409\Analysis\2025-09-04_114659_tube3_cropped_8bits2\15_0217_0_8bits.tiff;G:\0309 pdx ptt\0409\Analysis\2025-09-04_114659_tube3_segmentationDebug2\15_0217_0_segmented.tiff;1475.5;(70. 72);228.468036174774;0.753575076608784;43.3435687069804;0.355220630265848;0.753229477371432;684.489021221169;0.967329237814211;0.926246646888712;0.894916781295055;;;;;;;;;;;;;;;;;;;;;;;;;;;;;;;;;;;;;;;;;;;;;;;;;;;;;;
2;Tube 3;1502180.0;;;;;;;;;;;;;;;;;;;;;;;;;;;;;;;;;;;1502180.0;0.0;218.0;True;I:\For Leo to analyse\0309 pdx ptt\0509 post ptt\Analysis\2025-09-05_154617_tube3_cropped_8bits2\15_0218_0_8bits.tiff;I:\For Leo to analyse\0309 pdx ptt\0509 post ptt\Analysis\2025-09-05_154617_tube3_segmentationDebug2\15_0218_0_segmented.tiff;687.0;(76. 40);145.254832863807;0.750819672131147;29.5755907334588;0.409171540426879;0.527889697482355;573.426303986322;0.988358630184133;0.964361501417218;0.881343517657992;14.616306954436451;49.0;Dead;;;;;;;;;;;;;;;;;
2;Tube 3;1602200.0;1602200.0;0.0;220.0;False;G:\0309 pdx ptt\0409\Analysis\2025-09-04_114659_tube3_cropped_8bits2\16_0220_0_8bits.tiff;G:\0309 pdx ptt\0409\Analysis\2025-09-04_114659_tube3_segmentationDebug2\16_0220_0_segmented.tiff;1558.5;(80. 78);303.923879861831;0.658428390367553;44.5459743463957;0.212024975233259;0.906204208905358;729.99483208623;0.963791845682725;0.920161397599757;0.881309621571016;1602200.0;0.0;220.0;False;I:\For Leo to analyse\0309 pdx ptt\0509 pre ptt\Analysis\2025-09-05_110300_tube3_cropped_8bits2\16_0220_0_8bits.tiff;I:\For Leo to analyse\0309 pdx ptt\0509 pre ptt\Analysis\2025-09-05_110300_tube3_segmentationDebug2\16_0220_0_segmented.tiff;1247.5;(75. 73);178.468036174774;0.790557667934093;39.854313845017;0.492186308834346;0.645765746005907;646.719331447906;0.974561820613774;0.938405471857597;0.908104267617029;;;;;;;;;;;;;;;;;;;;;;;;;;;;;;;;;;;;;
2;Tube 3;1602210.0;;;;;;;;;;;;;;;;;;;;;;;;;;;;;;;;;;;1602210.0;0.0;221.0;False;I:\For Leo to analyse\0309 pdx ptt\0509 post ptt\Analysis\2025-09-05_154617_tube3_cropped_8bits2\16_0221_0_8bits.tiff;I:\For Leo to analyse\0309 pdx ptt\0509 post ptt\Analysis\2025-09-05_154617_tube3_segmentationDebug2\16_0221_0_segmented.tiff;1037.5;(72. 74);250.752306938171;0.589823763501989;36.3453714750961;0.207351936131367;0.586989487540329;438.356917218557;0.979353416619267;0.945605612465091;0.889918103880131;8.225419664268584;62.0;Dead;;;;;;;;;;;;;;;;;
2;Tube 3;1702230.0;1702230.0;0.0;223.0;False;G:\0309 pdx ptt\0409\Analysis\2025-09-04_114659_tube3_cropped_8bits2\17_0223_0_8bits.tiff;G:\0309 pdx ptt\0409\Analysis\2025-09-04_114659_tube3_segmentationDebug2\17_0223_0_segmented.tiff;1296.5;(75. 74);199.154327988624;0.764671188439988;40.6294852262385;0.410773943569552;0.91434964543044;728.142570259788;0.970897316552617;0.935554702186755;0.895610089716683;1702230.0;0.0;223.0;False;I:\For Leo to analyse\0309 pdx ptt\0509 pre ptt\Analysis\2025-09-05_110300_tube3_cropped_8bits2\17_0223_0_8bits.tiff;I:\For Leo to analyse\0309 pdx ptt\0509 pre ptt\Analysis\2025-09-05_110300_tube3_segmentationDebug2\17_0223_0_segmented.tiff;739.5;(70. 77);185.296463370323;0.693714821763602;30.6848601647726;0.270653583585309;0.528369891992646;689.036790565756;0.9874706941142;0.960932980776929;0.858003118557535;;;;;;;;;;;;;;;;;;;;;;;;;;;;;;;;;;;;;
2;Tube 3;1703240.0;;;;;;;;;;;;;;;;;;;;;;;;;;;;;;;;;;;1703240.0;0.0;324.0;False;I:\For Leo to analyse\0309 pdx ptt\0509 post ptt\Analysis\2025-09-05_154617_tube3_cropped_8bits2\17_0324_0_8bits.tiff;I:\For Leo to analyse\0309 pdx ptt\0509 post ptt\Analysis\2025-09-05_154617_tube3_segmentationDebug2\17_0324_0_segmented.tiff;1071.5;(78. 92);170.468035697937;0.78040786598689;36.9361093265618;0.46335742402038;0.694437836301528;504.668707043214;0.979606821665724;0.946537682595504;0.907132383036412;10.563549160671462;49.0;Dead;;;;;;;;;;;;;;;;;
2;Tube 3;1805240.0;1805240.0;0.0;524.0;False;G:\0309 pdx ptt\0409\Analysis\2025-09-04_114659_tube3_cropped_8bits2\18_0524_0_8bits.tiff;G:\0309 pdx ptt\0409\Analysis\2025-09-04_114659_tube3_segmentationDebug2\18_0524_0_segmented.tiff;1450.0;(88. 84);180.568541407585;0.878787878787878;42.9673985699156;0.558847981195824;0.824790915261082;476.075492911269;0.966828641365712;0.929017057659448;0.912799123930226;;;;;;;;;;;;;;;;;;;;;;;;;;;;;;;;;;;;;;;;;;;;;;;;;;;;;;
2;Tube 3;1806240.0;;;;;;;;;;;;;;;;;;;;;;;;;;;;;;;;;;;1806240.0;0.0;624.0;False;I:\For Leo to analyse\0309 pdx ptt\0509 post ptt\Analysis\2025-09-05_154617_tube3_cropped_8bits2\18_0624_0_8bits.tiff;I:\For Leo to analyse\0309 pdx ptt\0509 post ptt\Analysis\2025-09-05_154617_tube3_segmentationDebug2\18_0624_0_segmented.tiff;1037.5;(75. 66);252.124890446662;0.580095051719317;36.3453714750961;0.205100408040547;0.661136439599195;512.58745485685;0.97759626365106;0.945664333357757;0.887811739635991;14.556354916067146;71.0;Dead;;;;;;;;;;;;;;;;;
2;Tube 3;1908240.0;1908240.0;0.0;824.0;False;G:\0309 pdx ptt\0409\Analysis\2025-09-04_114659_tube3_cropped_8bits2\19_0824_0_8bits.tiff;G:\0309 pdx ptt\0409\Analysis\2025-09-04_114659_tube3_segmentationDebug2\19_0824_0_segmented.tiff;913.0;(69. 86);184.911687374115;0.739870340356564;34.0949806326855;0.335545885788474;0.672017581088778;456.089875379814;0.97853295370137;0.95298139159364;0.898361117490319;1908240.0;0.0;824.0;True;I:\For Leo to analyse\0309 pdx ptt\0509 pre ptt\Analysis\2025-09-05_110300_tube3_cropped_8bits2\19_0824_0_8bits.tiff;I:\For Leo to analyse\0309 pdx ptt\0509 pre ptt\Analysis\2025-09-05_110300_tube3_segmentationDebug2\19_0824_0_segmented.tiff;560.5;(70. 79);111.355338215827;0.833457249070632;26.7142427334944;0.56801970022589;0.590766564148547;619.442291079812;0.988418007293333;0.971250989035241;0.905136035100804;;;;;;;;;;;;;;;;;;;;;;;;;;;;;;;;;;;;;
2;Tube 3;1908241.0;;;;;;;;;;;;;;;;;;1908241.0;0.0;824.0;True;I:\For Leo to analyse\0309 pdx ptt\0509 pre ptt\Analysis\2025-09-05_110300_tube3_cropped_8bits2\19_0824_1_8bits.tiff;I:\For Leo to analyse\0309 pdx ptt\0509 pre ptt\Analysis\2025-09-05_110300_tube3_segmentationDebug2\19_0824_1_segmented.tiff;826.5;(63. 69);161.840619444847;0.751022262607905;32.4396745317152;0.39653146804594;0.644564551253906;558.553501371385;0.98316819474277;0.957457673509757;0.884846653918879;;;;;;;;;;;;;;;;;;;;;;;;;;;;;;;;;;;;;
2;Tube 3;1909240.0;;;;;;;;;;;;;;;;;;;;;;;;;;;;;;;;;;;1909240.0;0.0;924.0;False;I:\For Leo to analyse\0309 pdx ptt\0509 post ptt\Analysis\2025-09-05_154617_tube3_cropped_8bits2\19_0924_0_8bits.tiff;I:\For Leo to analyse\0309 pdx ptt\0509 post ptt\Analysis\2025-09-05_154617_tube3_segmentationDebug2\19_0924_0_segmented.tiff;812.5;(74. 114);232.468036174774;0.593282219788243;32.1637549129034;0.188932529894264;0.506062001669694;337.419697427393;0.979522860076512;0.955887782633298;0.869244502816496;10.491606714628297;62.0;Dead;;;;;;;;;;;;;;;;;
2;Tube 3;2012240.0;2012240.0;0.0;1224.0;False;G:\0309 pdx ptt\0409\Analysis\2025-09-04_114659_tube3_cropped_8bits2\20_1224_0_8bits.tiff;G:\0309 pdx ptt\0409\Analysis\2025-09-04_114659_tube3_segmentationDebug2\20_1224_0_segmented.tiff;1000.0;(90. 78);165.539103746414;0.822368421052631;35.6824823230554;0.458573194635008;0.622418912117744;737.172221835068;0.981289264289343;0.949971039533329;0.89224191421399;2012240.0;0.0;1224.0;False;I:\For Leo to analyse\0309 pdx ptt\0509 pre ptt\Analysis\2025-09-05_110300_tube3_cropped_8bits2\20_1224_0_8bits.tiff;I:\For Leo to analyse\0309 pdx ptt\0509 pre ptt\Analysis\2025-09-05_110300_tube3_segmentationDebug2\20_1224_0_segmented.tiff;1288.0;(77. 63);196.710676789283;0.808030112923462;40.4960804722986;0.418282660655412;0.638220443887766;738.801766168314;0.980651924930487;0.935763844965563;0.897400935807635;2012240.0;0.0;1224.0;False;I:\For Leo to analyse\0309 pdx ptt\0509 post ptt\Analysis\2025-09-05_154617_tube3_cropped_8bits2\20_1224_0_8bits.tiff;I:\For Leo to analyse\0309 pdx ptt\0509 post ptt\Analysis\2025-09-05_154617_tube3_segmentationDebug2\20_1224_0_segmented.tiff;685.5;(63. 106);133.840619683265;0.761666666666666;29.5432853270578;0.480885238170905;0.789814986414907;452.233848284142;0.982556474905468;0.964765984372062;0.880216607966611;11.342925659472423;60.0;Dead;0.0;0.0;0.0;;;;-602.5;;-62.87005710601801;-0.046363446256796004;-10.952795145240803;0.06260257751549303;0.151594542527141;-286.56791788417195;0.001904549974981018;0.029002139406498983;-0.017184327841023972
2;Tube 3;2012240.0;2012240.0;0.0;1224.0;False;G:\0309 pdx ptt\0409\Analysis\2025-09-04_114659_tube3_cropped_8bits2\20_1224_0_8bits.tiff;G:\0309 pdx ptt\0409\Analysis\2025-09-04_114659_tube3_segmentationDebug2\20_1224_0_segmented.tiff;1000.0;(90. 78);165.539103746414;0.822368421052631;35.6824823230554;0.458573194635008;0.622418912117744;737.172221835068;0.981289264289343;0.949971039533329;0.89224191421399;2012240.0;0.0;1224.0;False;I:\For Leo to analyse\0309 pdx ptt\0509 pre ptt\Analysis\2025-09-05_110300_tube3_cropped_8bits2\20_1224_0_8bits.tiff;I:\For Leo to analyse\0309 pdx ptt\0509 pre ptt\Analysis\2025-09-05_110300_tube3_segmentationDebug2\20_1224_0_segmented.tiff;1288.0;(77. 63);196.710676789283;0.808030112923462;40.4960804722986;0.418282660655412;0.638220443887766;738.801766168314;0.980651924930487;0.935763844965563;0.897400935807635;2012240.0;1.0;1224.0;False;I:\For Leo to analyse\0309 pdx ptt\0509 post ptt\Analysis\2025-09-05_154617_tube3_cropped_8bits2\20_1224_0_8bits.tiff;I:\For Leo to analyse\0309 pdx ptt\0509 post ptt\Analysis\2025-09-05_154617_tube3_segmentationDebug2\20_1224_0_segmented.tiff;446.5;(63. 52);93.3553384542465;0.877210216110019;23.8432685830665;0.643803023082063;0.733057010735916;389.929397021966;0.989393112508785;0.97688323473989;0.879911169401972;11.342925659472423;60.0;Dead;0.0;1.0;0.0;;;;-841.5;;-103.3553383350365;0.06918010318655698;-16.6528118892321;0.22552036242665108;0.09483656684815;-348.872369146348;0.008741187578298004;0.04111938977432705;-0.01748976640566302
2;Tube 3;205050.0;;;;;;;;;;;;;;;;;;205050.0;0.0;505.0;True;I:\For Leo to analyse\0309 pdx ptt\0509 pre ptt\Analysis\2025-09-05_110300_tube3_cropped_8bits2\2_0505_0_8bits.tiff;I:\For Leo to analyse\0309 pdx ptt\0509 pre ptt\Analysis\2025-09-05_110300_tube3_segmentationDebug2\2_0505_0_segmented.tiff;1914.5;(78. 98);260.124890327453;0.765034965034965;49.3722301339069;0.35555059886809;0.623627534964827;632.021229198063;0.96100876759416;0.905552377821998;0.904611691080319;205050.0;0.0;505.0;True;I:\For Leo to analyse\0309 pdx ptt\0509 post ptt\Analysis\2025-09-05_154617_tube3_cropped_8bits2\2_0505_0_8bits.tiff;I:\For Leo to analyse\0309 pdx ptt\0509 post ptt\Analysis\2025-09-05_154617_tube3_segmentationDebug2\2_0505_0_segmented.tiff;1557.5;(76. 59);257.639608979225;0.706990467544257;44.5316807556711;0.294857824307009;0.660320393533695;684.983073378122;0.972423136100356;0.921923246838788;0.882363240063654;96.64268585131894;37.0;Alive;0.0;0.0;0.0;;;;-357.0;;-2.485281348228;-0.05804449749070806;-4.840549378235806;-0.060692774561080964;0.03669285856886795;52.96184418005896;0.011414368506196038;0.01637086901678997;-0.02224845101666506
2;Tube 3;205051.0;;;;;;;;;;;;;;;;;;205051.0;0.0;505.0;True;I:\For Leo to analyse\0309 pdx ptt\0509 pre ptt\Analysis\2025-09-05_110300_tube3_cropped_8bits2\2_0505_1_8bits.tiff;I:\For Leo to analyse\0309 pdx ptt\0509 pre ptt\Analysis\2025-09-05_110300_tube3_segmentationDebug2\2_0505_1_segmented.tiff;772.5;(73. 90);157.497473597526;0.731187884524372;31.362039925807;0.391346242862227;0.51444973637382;263.954676415177;0.982578498043495;0.960483834003253;0.92001680692533;;;;;;;;;;;;;;;;;;;;;;;;;;;;;;;;;;;;;
2;Tube 3;308050.0;;;;;;;;;;;;;;;;;;308050.0;0.0;805.0;False;I:\For Leo to analyse\0309 pdx ptt\0509 pre ptt\Analysis\2025-09-05_110300_tube3_cropped_8bits2\3_0805_0_8bits.tiff;I:\For Leo to analyse\0309 pdx ptt\0509 pre ptt\Analysis\2025-09-05_110300_tube3_segmentationDebug2\3_0805_0_segmented.tiff;1958.0;(76. 98);236.024385094642;0.793515704154002;49.9299812596745;0.441681085803644;0.768221751381895;673.319490700848;0.958361443225241;0.904442033354859;0.896179416874428;;;;;;;;;;;;;;;;;;;;;;;;;;;;;;;;;;;;;
2;Tube 3;411050.0;411050.0;0.0;1105.0;True;G:\0309 pdx ptt\0409\Analysis\2025-09-04_114659_tube3_cropped_8bits2\4_1105_0_8bits.tiff;G:\0309 pdx ptt\0409\Analysis\2025-09-04_114659_tube3_segmentationDebug2\4_1105_0_segmented.tiff;2461.0;(68. 79);362.16652059555;0.687142258830099;55.9771606960663;0.235778866861318;0.904615245518438;570.704776760836;0.953276151939239;0.878063129900912;0.893458447170922;;;;;;;;;;;;;;;;;;;;;;;;;;;;;;;;;;;;;;;;;;;;;;;;;;;;;;
2;Tube 3;411051.0;411051.0;0.0;1105.0;True;G:\0309 pdx ptt\0409\Analysis\2025-09-04_114659_tube3_cropped_8bits2\4_1105_1_8bits.tiff;G:\0309 pdx ptt\0409\Analysis\2025-09-04_114659_tube3_segmentationDebug2\4_1105_1_segmented.tiff;774.5;(56. 101);130.526911377906;0.84598580010923;31.4026117926102;0.571256510963967;0.782047944899632;616.250751508103;0.985569505780796;0.961168563771528;0.916276617682697;;;;;;;;;;;;;;;;;;;;;;;;;;;;;;;;;;;;;;;;;;;;;;;;;;;;;;
2;Tube 3;514050.0;;;;;;;;;;;;;;;;;;514050.0;0.0;1405.0;False;I:\For Leo to analyse\0309 pdx ptt\0509 pre ptt\Analysis\2025-09-05_110300_tube3_cropped_8bits2\5_1405_0_8bits.tiff;I:\For Leo to analyse\0309 pdx ptt\0509 pre ptt\Analysis\2025-09-05_110300_tube3_segmentationDebug2\5_1405_0_segmented.tiff;1368.0;(67. 80);166.568541526794;0.902672385351369;41.7347780298122;0.619597982911081;0.509956425266533;748.962420981611;0.970864018380796;0.933781985851746;0.902387095807413;;;;;;;;;;;;;;;;;;;;;;;;;;;;;;;;;;;;;
2;Tube 3;515040.0;515040.0;0.0;1504.0;False;G:\0309 pdx ptt\0409\Analysis\2025-09-04_114659_tube3_cropped_8bits2\5_1504_0_8bits.tiff;G:\0309 pdx ptt\0409\Analysis\2025-09-04_114659_tube3_segmentationDebug2\5_1504_0_segmented.tiff;3378.0;(76. 72);359.82337474823;0.764599366229062;65.5820339888553;0.327861758846281;0.790452683312609;543.215897163186;0.941045420034442;0.836551840288298;0.911744582337458;;;;;;;;;;;;;;;;;;;;;;;;;;;;;;;;;;;;;;;;;;;;;;;;;;;;;;
2;Tube 3;615020.0;;;;;;;;;;;;;;;;;;615020.0;0.0;1502.0;True;I:\For Leo to analyse\0309 pdx ptt\0509 pre ptt\Analysis\2025-09-05_110300_tube3_cropped_8bits2\6_1502_0_8bits.tiff;I:\For Leo to analyse\0309 pdx ptt\0509 pre ptt\Analysis\2025-09-05_110300_tube3_segmentationDebug2\6_1502_0_segmented.tiff;1120.5;(83. 75);183.639609217643;0.774896265560166;37.7712180088986;0.417531268624781;0.777396444213887;575.250126555454;0.97612084772069;0.944134323116781;0.907562278559442;;;;;;;;;;;;;;;;;;;;;;;;;;;;;;;;;;;;;
2;Tube 3;615021.0;;;;;;;;;;;;;;;;;;615021.0;0.0;1502.0;True;I:\For Leo to analyse\0309 pdx ptt\0509 pre ptt\Analysis\2025-09-05_110300_tube3_cropped_8bits2\6_1502_1_8bits.tiff;I:\For Leo to analyse\0309 pdx ptt\0509 pre ptt\Analysis\2025-09-05_110300_tube3_segmentationDebug2\6_1502_1_segmented.tiff;584.5;(83. 73);115.355338454246;0.80565127498277;27.2801853713955;0.551974460938279;0.76565697117764;580.020867676505;0.986258155315873;0.969952999079597;0.896528146229394;;;;;;;;;;;;;;;;;;;;;;;;;;;;;;;;;;;;;
2;Tube 3;711010.0;;;;;;;;;;;;;;;;;;;;;;;;;;;;;;;;;;;711010.0;0.0;1101.0;False;I:\For Leo to analyse\0309 pdx ptt\0509 post ptt\Analysis\2025-09-05_154617_tube3_cropped_8bits2\7_1101_0_8bits.tiff;I:\For Leo to analyse\0309 pdx ptt\0509 post ptt\Analysis\2025-09-05_154617_tube3_segmentationDebug2\7_1101_0_segmented.tiff;1400.0;(78. 43);216.024384856224;0.74034902168165;42.2200824564475;0.376992183278776;0.533264016268342;532.987522836106;0.968819677608307;0.93016856910801;0.866275651619861;72.66187050359713;65.0;Alive;;;;;;;;;;;;;;;;;
2;Tube 3;808010.0;808010.0;0.0;801.0;False;G:\0309 pdx ptt\0409\Analysis\2025-09-04_114659_tube3_cropped_8bits2\8_0801_0_8bits.tiff;G:\0309 pdx ptt\0409\Analysis\2025-09-04_114659_tube3_segmentationDebug2\8_0801_0_segmented.tiff;2686.0;(83. 67);265.882249593734;0.83793479956325;58.480094195877;0.477460208224407;0.785701638199877;663.947965113312;0.946327887874512;0.871365442415635;0.912584774535695;808010.0;0.0;801.0;False;I:\For Leo to analyse\0309 pdx ptt\0509 pre ptt\Analysis\2025-09-05_110300_tube3_cropped_8bits2\8_0801_0_8bits.tiff;I:\For Leo to analyse\0309 pdx ptt\0509 pre ptt\Analysis\2025-09-05_110300_tube3_segmentationDebug2\8_0801_0_segmented.tiff;1090.0;(76. 126);171.396968483924;0.821401657874905;37.2536052451481;0.466262072201134;0.790437393447533;602.261077608682;0.974234077848147;0.945691587999772;0.889666686477826;808010.0;0.0;801.0;False;I:\For Leo to analyse\0309 pdx ptt\0509 post ptt\Analysis\2025-09-05_154617_tube3_cropped_8bits2\8_0801_0_8bits.tiff;I:\For Leo to analyse\0309 pdx ptt\0509 post ptt\Analysis\2025-09-05_154617_tube3_segmentationDebug2\8_0801_0_segmented.tiff;1886.0;(74. 54);209.539103984832;0.862763037511436;49.0033650004825;0.539785715429636;0.47774328825045;503.443534047881;0.960284152280678;0.908384589944095;0.887955958628015;51.378896882494004;50.0;Alive;0.0;0.0;0.0;;;;796.0;;38.14213550090798;0.04136137963653097;11.749759755334402;0.07352364322850202;-0.31269410519708307;-98.81754356080097;-0.01394992556746899;-0.037306998055677054;-0.0017107278498109668
2;Tube 3;808010.0;808010.0;0.0;801.0;False;G:\0309 pdx ptt\0409\Analysis\2025-09-04_114659_tube3_cropped_8bits2\8_0801_0_8bits.tiff;G:\0309 pdx ptt\0409\Analysis\2025-09-04_114659_tube3_segmentationDebug2\8_0801_0_segmented.tiff;2686.0;(83. 67);265.882249593734;0.83793479956325;58.480094195877;0.477460208224407;0.785701638199877;663.947965113312;0.946327887874512;0.871365442415635;0.912584774535695;808010.0;1.0;801.0;False;I:\For Leo to analyse\0309 pdx ptt\0509 pre ptt\Analysis\2025-09-05_110300_tube3_cropped_8bits2\8_0801_0_8bits.tiff;I:\For Leo to analyse\0309 pdx ptt\0509 pre ptt\Analysis\2025-09-05_110300_tube3_segmentationDebug2\8_0801_0_segmented.tiff;951.0;(66. 16);228.710676670074;0.666666666666666;34.7972816042164;0.228463856430364;0.702865356621021;674.93815636495;0.97604801988663;0.949936789375028;0.862251138726564;808010.0;0.0;801.0;False;I:\For Leo to analyse\0309 pdx ptt\0509 post ptt\Analysis\2025-09-05_154617_tube3_cropped_8bits2\8_0801_0_8bits.tiff;I:\For Leo to analyse\0309 pdx ptt\0509 post ptt\Analysis\2025-09-05_154617_tube3_segmentationDebug2\8_0801_0_segmented.tiff;1886.0;(74. 54);209.539103984832;0.862763037511436;49.0033650004825;0.539785715429636;0.47774328825045;503.443534047881;0.960284152280678;0.908384589944095;0.887955958628015;51.378896882494004;50.0;Alive;0.0;-1.0;0.0;;;;935.0;;-19.171572685242012;0.19609637084477005;14.206083396266102;0.31132185899927206;-0.22512206837057103;-171.49462231706906;-0.015763867605952053;-0.04155219943093302;0.025704819901451015
2;Tube 3;905010.0;905010.0;0.0;501.0;False;G:\0309 pdx ptt\0409\Analysis\2025-09-04_114659_tube3_cropped_8bits2\9_0501_0_8bits.tiff;G:\0309 pdx ptt\0409\Analysis\2025-09-04_114659_tube3_segmentationDebug2\9_0501_0_segmented.tiff;2836.0;(82. 67);311.681239366531;0.806598407281001;60.0908258294801;0.366855273410144;0.699293520241714;656.298284101786;0.943984117063945;0.863484384945847;0.912624058513962;;;;;;;;;;;;;;;;;;905010.0;0.0;501.0;False;I:\For Leo to analyse\0309 pdx ptt\0509 post ptt\Analysis\2025-09-05_154617_tube3_cropped_8bits2\9_0501_0_8bits.tiff;I:\For Leo to analyse\0309 pdx ptt\0509 post ptt\Analysis\2025-09-05_154617_tube3_segmentationDebug2\9_0501_0_segmented.tiff;1542.5;(75. 55);330.55129635334;0.606090373280943;44.3167236802765;0.177401508030142;0.560975214978601;705.156135163511;0.968407371251114;0.920234337454443;0.865647682342119;37.88968824940048;63.0;Dead;;;;;;;;;;;;;;;;;
2;Tube 3;906010.0;;;;;;;;;;;;;;;;;;906010.0;0.0;601.0;False;I:\For Leo to analyse\0309 pdx ptt\0509 pre ptt\Analysis\2025-09-05_110300_tube3_cropped_8bits2\9_0601_0_8bits.tiff;I:\For Leo to analyse\0309 pdx ptt\0509 pre ptt\Analysis\2025-09-05_110300_tube3_segmentationDebug2\9_0601_0_segmented.tiff;1031.0;(84. 96);165.396968483924;0.80546875;36.2313396194779;0.473601903089556;0.722515736467505;715.098876733312;0.977710771545465;0.948192118835092;0.880451224827672;;;;;;;;;;;;;;;;;;;;;;;;;;;;;;;;;;;;;
2;Tube 4;1002020.0;1002020.0;0.0;202.0;False;G:\0309 pdx ptt\0409\Analysis\2025-09-04_115652_tube4_cropped_8bits2\10_0202_0_8bits.tiff;G:\0309 pdx ptt\0409\Analysis\2025-09-04_115652_tube4_segmentationDebug2\10_0202_0_segmented.tiff;1705.5;(85. 77);237.781744360923;0.79380963462881;46.5994639834603;0.379057042982452;0.889807404700467;717.967858268981;0.970735664693817;0.916196983815195;0.897934876873621;;;;;;;;;;;;;;;;;;1002020.0;0.0;202.0;False;I:\For Leo to analyse\0309 pdx ptt\0509 post ptt\Analysis\2025-09-05_155653_tube4_cropped_8bits2\10_0202_0_8bits.tiff;I:\For Leo to analyse\0309 pdx ptt\0509 post ptt\Analysis\2025-09-05_155653_tube4_segmentationDebug2\10_0202_0_segmented.tiff;601.5;(84. 70);128.669046640396;0.791447368421052;27.6740598062192;0.456559442757951;0.613746228921788;904.115633152719;0.98545678649587;0.968615037779353;0.837438407373369;1.3117505995203835;61.0;Dead;;;;;;;;;;;;;;;;;
2;Tube 4;103080.0;;;;;;;;;;;;;;;;;;;;;;;;;;;;;;;;;;;103080.0;0.0;308.0;False;I:\For Leo to analyse\0309 pdx ptt\0509 post ptt\Analysis\2025-09-05_155653_tube4_cropped_8bits2\1_0308_0_8bits.tiff;I:\For Leo to analyse\0309 pdx ptt\0509 post ptt\Analysis\2025-09-05_155653_tube4_segmentationDebug2\1_0308_0_segmented.tiff;450.0;(54. 99);103.455843687057;0.804289544235924;23.9365368240859;0.528338579610768;0.829348835376781;359.136468062265;0.991071567300544;0.97635451864551;0.883543315933592;117.50599520383693;37.0;Alive;;;;;;;;;;;;;;;;;
2;Tube 4;103080.0;;;;;;;;;;;;;;;;;;;;;;;;;;;;;;;;;;;103080.0;1.0;308.0;False;I:\For Leo to analyse\0309 pdx ptt\0509 post ptt\Analysis\2025-09-05_155653_tube4_cropped_8bits2\1_0308_0_8bits.tiff;I:\For Leo to analyse\0309 pdx ptt\0509 post ptt\Analysis\2025-09-05_155653_tube4_segmentationDebug2\1_0308_0_segmented.tiff;1461.0;(85. 65);260.024384856224;0.722194760257044;43.1300704249143;0.271538818933215;0.858514053496909;531.979708055505;0.979635215159889;0.926461750134678;0.895149078414564;117.50599520383693;37.0;Alive;;;;;;;;;;;;;;;;;
2;Tube 4;1102050.0;1102050.0;0.0;205.0;False;G:\0309 pdx ptt\0409\Analysis\2025-09-04_115652_tube4_cropped_8bits2\11_0205_0_8bits.tiff;G:\0309 pdx ptt\0409\Analysis\2025-09-04_115652_tube4_segmentationDebug2\11_0205_0_segmented.tiff;1873.5;(82. 82);304.267025828361;0.681644533381844;48.8407031794314;0.254304346320146;0.844536474848312;680.168402053565;0.963692210294657;0.906362946379646;0.898132528726577;1102050.0;0.0;205.0;False;I:\For Leo to analyse\0309 pdx ptt\0509 pre ptt\Analysis\2025-09-05_105249_tube4_cropped_8bits2\11_0205_0_8bits.tiff;I:\For Leo to analyse\0309 pdx ptt\0509 pre ptt\Analysis\2025-09-05_105249_tube4_segmentationDebug2\11_0205_0_segmented.tiff;1275.5;(52. 72);217.296463131904;0.755627962085308;40.2990947703506;0.339457190097107;0.648104196993855;551.967019982217;0.980956395892992;0.936022295963245;0.911292122877529;1102050.0;0.0;205.0;False;I:\For Leo to analyse\0309 pdx ptt\0509 post ptt\Analysis\2025-09-05_155653_tube4_cropped_8bits2\11_0205_0_8bits.tiff;I:\For Leo to analyse\0309 pdx ptt\0509 post ptt\Analysis\2025-09-05_155653_tube4_segmentationDebug2\11_0205_0_segmented.tiff;1125.5;(77. 69);212.124890089035;0.7025593008739071;37.8553973377565;0.314320062934532;0.735265895705568;525.88511624052;0.978811312025682;0.942505760639658;0.900437523699028;12.290167865707435;55.0;Dead;0.0;0.0;0.0;;;;-150.0;;-5.171573042868999;-0.05306866121140097;-2.4436974325940994;-0.02513712716257499;0.08716169871171298;-26.081903741697033;-0.002145083867310049;0.00648346467641292;-0.010854599178501068
2;Tube 4;1202080.0;1202080.0;0.0;208.0;False;G:\0309 pdx ptt\0409\Analysis\2025-09-04_115652_tube4_cropped_8bits2\12_0208_0_8bits.tiff;G:\0309 pdx ptt\0409\Analysis\2025-09-04_115652_tube4_segmentationDebug2\12_0208_0_segmented.tiff;1294.5;(77. 81);183.639609217643;0.82216576691013;40.5981353101305;0.482368788250584;0.762550895720981;538.50254874436;0.978100364994956;0.936266044653753;0.919280013490218;1202080.0;0.0;208.0;False;I:\For Leo to analyse\0309 pdx ptt\0509 pre ptt\Analysis\2025-09-05_105249_tube4_cropped_8bits2\12_0208_0_8bits.tiff;I:\For Leo to analyse\0309 pdx ptt\0509 pre ptt\Analysis\2025-09-05_105249_tube4_segmentationDebug2\12_0208_0_segmented.tiff;913.5;(68. 72);132.669046759605;0.88905109489051;34.1043153298167;0.652197602977264;0.648497231424155;736.921064451421;0.985460465719447;0.954631446551391;0.889661343156378;;;;;;;;;;;;;;;;;;;;;;;;;;;;;;;;;;;;;
2;Tube 4;1302110.0;1302110.0;0.0;211.0;False;G:\0309 pdx ptt\0409\Analysis\2025-09-04_115652_tube4_cropped_8bits2\13_0211_0_8bits.tiff;G:\0309 pdx ptt\0409\Analysis\2025-09-04_115652_tube4_segmentationDebug2\13_0211_0_segmented.tiff;1631.0;(84. 72);266.024385094642;0.695225916453537;45.5703159684355;0.289614918353469;0.869781861686704;717.493698245548;0.974126766543032;0.918327148753804;0.893158841716694;;;;;;;;;;;;;;;;;;;;;;;;;;;;;;;;;;;;;;;;;;;;;;;;;;;;;;
2;Tube 4;1302120.0;;;;;;;;;;;;;;;;;;1302120.0;0.0;212.0;True;I:\For Leo to analyse\0309 pdx ptt\0509 pre ptt\Analysis\2025-09-05_105249_tube4_cropped_8bits2\13_0212_0_8bits.tiff;I:\For Leo to analyse\0309 pdx ptt\0509 pre ptt\Analysis\2025-09-05_105249_tube4_segmentationDebug2\13_0212_0_segmented.tiff;790.5;(74. 66);132.325901031494;0.854594594594594;31.7253189127098;0.567312063402334;0.701286511917511;626.939181286549;0.983071194232046;0.960179513000466;0.878385979513267;;;;;;;;;;;;;;;;;;;;;;;;;;;;;;;;;;;;;
2;Tube 4;1302121.0;;;;;;;;;;;;;;;;;;1302121.0;0.0;212.0;True;I:\For Leo to analyse\0309 pdx ptt\0509 pre ptt\Analysis\2025-09-05_105249_tube4_cropped_8bits2\13_0212_1_8bits.tiff;I:\For Leo to analyse\0309 pdx ptt\0509 pre ptt\Analysis\2025-09-05_105249_tube4_segmentationDebug2\13_0212_1_segmented.tiff;505.5;(66. 65);105.355338454246;0.851727042965459;25.3697179697296;0.572292336979957;0.651432792942118;532.58028601509;0.989805780003332;0.973805791378318;0.89358186640873;;;;;;;;;;;;;;;;;;;;;;;;;;;;;;;;;;;;;
2;Tube 4;1402140.0;1402140.0;0.0;214.0;False;G:\0309 pdx ptt\0409\Analysis\2025-09-04_115652_tube4_cropped_8bits2\14_0214_0_8bits.tiff;G:\0309 pdx ptt\0409\Analysis\2025-09-04_115652_tube4_segmentationDebug2\14_0214_0_segmented.tiff;1489.0;(92. 86);263.681238889694;0.692880409492787;43.5414019309284;0.269120078451862;0.846485627757283;523.216887376325;0.97430979401765;0.925138301140324;0.909572184089361;;;;;;;;;;;;;;;;;;1402140.0;0.0;214.0;False;I:\For Leo to analyse\0309 pdx ptt\0509 post ptt\Analysis\2025-09-05_155653_tube4_cropped_8bits2\14_0214_0_8bits.tiff;I:\For Leo to analyse\0309 pdx ptt\0509 post ptt\Analysis\2025-09-05_155653_tube4_segmentationDebug2\14_0214_0_segmented.tiff;799.5;(85. 97);175.154327750206;0.727810650887574;31.9054073162491;0.327481361466983;0.841909943276708;514.886583578999;0.984669617596581;0.958365087415512;0.895315793891678;6.007194244604316;56.0;Dead;;;;;;;;;;;;;;;;;
2;Tube 4;1402150.0;;;;;;;;;;;;;;;;;;1402150.0;0.0;215.0;False;I:\For Leo to analyse\0309 pdx ptt\0509 pre ptt\Analysis\2025-09-05_105249_tube4_cropped_8bits2\14_0215_0_8bits.tiff;I:\For Leo to analyse\0309 pdx ptt\0509 pre ptt\Analysis\2025-09-05_105249_tube4_segmentationDebug2\14_0215_0_segmented.tiff;935.0;(85. 67);127.740114212036;0.912195121951219;34.5033183089304;0.720056996569244;0.794952509943865;563.208112662493;0.983234516851571;0.954033636236696;0.905204587443471;;;;;;;;;;;;;;;;;;;;;;;;;;;;;;;;;;;;;
2;Tube 4;1502170.0;;;;;;;;;;;;;;;;;;;;;;;;;;;;;;;;;;;1502170.0;0.0;217.0;False;I:\For Leo to analyse\0309 pdx ptt\0509 post ptt\Analysis\2025-09-05_155653_tube4_cropped_8bits2\15_0217_0_8bits.tiff;I:\For Leo to analyse\0309 pdx ptt\0509 post ptt\Analysis\2025-09-05_155653_tube4_segmentationDebug2\15_0217_0_segmented.tiff;1062.5;(85. 72);182.811181664466;0.785582255083179;36.7806609005481;0.399515185107573;0.565494435697894;481.927224209458;0.98025638389725;0.940166492949979;0.894400326270408;12.697841726618705;52.0;Dead;;;;;;;;;;;;;;;;;
2;Tube 4;1502180.0;;;;;;;;;;;;;;;;;;1502180.0;0.0;218.0;False;I:\For Leo to analyse\0309 pdx ptt\0509 pre ptt\Analysis\2025-09-05_105249_tube4_cropped_8bits2\15_0218_0_8bits.tiff;I:\For Leo to analyse\0309 pdx ptt\0509 pre ptt\Analysis\2025-09-05_105249_tube4_segmentationDebug2\15_0218_0_segmented.tiff;858.5;(77. 81);193.296463251113;0.717809364548495;33.0617021515096;0.288736938898731;0.561117335329115;633.520043572984;0.981973912203679;0.955193428439431;0.879493823457023;;;;;;;;;;;;;;;;;;;;;;;;;;;;;;;;;;;;;
2;Tube 4;1602210.0;1602210.0;0.0;221.0;False;G:\0309 pdx ptt\0409\Analysis\2025-09-04_115652_tube4_cropped_8bits2\16_0221_0_8bits.tiff;G:\0309 pdx ptt\0409\Analysis\2025-09-04_115652_tube4_segmentationDebug2\16_0221_0_segmented.tiff;1003.0;(76. 67);213.539103746414;0.640280880944781;35.7359659638489;0.276411409690996;0.814924791197255;521.56612957705;0.978852487593427;0.948181806693901;0.886048077539832;1602210.0;0.0;221.0;False;I:\For Leo to analyse\0309 pdx ptt\0509 pre ptt\Analysis\2025-09-05_105249_tube4_cropped_8bits2\16_0221_0_8bits.tiff;I:\For Leo to analyse\0309 pdx ptt\0509 pre ptt\Analysis\2025-09-05_105249_tube4_segmentationDebug2\16_0221_0_segmented.tiff;827.0;(73. 71);159.396968603134;0.739713774597495;32.4494854118825;0.409030090285561;0.850921736294439;666.72477953444;0.981769362912671;0.95784903058935;0.891517678689514;;;;;;;;;;;;;;;;;;;;;;;;;;;;;;;;;;;;;
2;Tube 4;1703240.0;;;;;;;;;;;;;;;;;;1703240.0;0.0;324.0;False;I:\For Leo to analyse\0309 pdx ptt\0509 pre ptt\Analysis\2025-09-05_105249_tube4_cropped_8bits2\17_0324_0_8bits.tiff;I:\For Leo to analyse\0309 pdx ptt\0509 pre ptt\Analysis\2025-09-05_105249_tube4_segmentationDebug2\17_0324_0_segmented.tiff;718.0;(71. 58);173.882249832153;0.735279057859703;30.2355088119887;0.298417169418264;0.804713850998061;633.869079971691;0.982281484132254;0.962049613680874;0.866714007468933;1703240.0;0.0;324.0;False;I:\For Leo to analyse\0309 pdx ptt\0509 post ptt\Analysis\2025-09-05_155653_tube4_cropped_8bits2\17_0324_0_8bits.tiff;I:\For Leo to analyse\0309 pdx ptt\0509 post ptt\Analysis\2025-09-05_155653_tube4_segmentationDebug2\17_0324_0_segmented.tiff;942.0;(63. 69);160.568541407585;0.780447390223695;34.6322342787831;0.459134409877124;0.650044005365676;566.895547999546;0.98101351162575;0.952551572643765;0.909504910902851;3.42925659472422;49.0;Dead;0.0;0.0;0.0;;;;224.0;;-13.313708424568006;0.04516833236399198;4.3967254667944005;0.16071724045886;-0.15466984563238506;-66.973531972145;-0.0012679725065040115;-0.00949804103710905;0.042790903433918004
2;Tube 4;1806240.0;;;;;;;;;;;;;;;;;;1806240.0;0.0;624.0;False;I:\For Leo to analyse\0309 pdx ptt\0509 pre ptt\Analysis\2025-09-05_105249_tube4_cropped_8bits2\18_0624_0_8bits.tiff;I:\For Leo to analyse\0309 pdx ptt\0509 pre ptt\Analysis\2025-09-05_105249_tube4_segmentationDebug2\18_0624_0_segmented.tiff;619.5;(76. 75);147.012192606925;0.740585774058577;28.0850831931015;0.360200627393997;0.599552916448252;743.964423129288;0.985095399629943;0.967670877682994;0.880530567985705;1806240.0;0.0;624.0;False;I:\For Leo to analyse\0309 pdx ptt\0509 post ptt\Analysis\2025-09-05_155653_tube4_cropped_8bits2\18_0624_0_8bits.tiff;I:\For Leo to analyse\0309 pdx ptt\0509 post ptt\Analysis\2025-09-05_155653_tube4_segmentationDebug2\18_0624_0_segmented.tiff;1014.5;(67. 95);222.953317284584;0.618597560975609;35.9402492775693;0.256468503881999;0.575449156991059;443.102392567443;0.974378700994413;0.947081844741895;0.868108149560591;23.621103117505996;78.0;Dead;0.0;0.0;0.0;;;;395.0;;75.94112467765899;-0.12198821308296792;7.8551660844678;-0.10373212351199801;-0.024103759457193008;-300.86203056184496;-0.010716698635529931;-0.020589032941098928;-0.012422418425113935
2;Tube 4;1909240.0;1909240.0;0.0;924.0;False;G:\0309 pdx ptt\0409\Analysis\2025-09-04_115652_tube4_cropped_8bits2\19_0924_0_8bits.tiff;G:\0309 pdx ptt\0409\Analysis\2025-09-04_115652_tube4_segmentationDebug2\19_0924_0_segmented.tiff;1093.5;(71. 77);237.982755064964;0.657151442307692;37.3133681429042;0.242626188357588;0.682758569360065;392.101428883403;0.97364581935636;0.943108567637196;0.897808303931143;1909240.0;0.0;924.0;False;I:\For Leo to analyse\0309 pdx ptt\0509 pre ptt\Analysis\2025-09-05_105249_tube4_cropped_8bits2\19_0924_0_8bits.tiff;I:\For Leo to analyse\0309 pdx ptt\0509 pre ptt\Analysis\2025-09-05_105249_tube4_segmentationDebug2\19_0924_0_segmented.tiff;656.0;(77. 73);121.597978711128;0.829854522454142;28.9006079753742;0.557520693477363;0.972175401867838;607.27102876419;0.984602579122594;0.966556552483369;0.893124025076988;1909240.0;0.0;924.0;False;I:\For Leo to analyse\0309 pdx ptt\0509 post ptt\Analysis\2025-09-05_155653_tube4_cropped_8bits2\19_0924_0_8bits.tiff;I:\For Leo to analyse\0309 pdx ptt\0509 post ptt\Analysis\2025-09-05_155653_tube4_segmentationDebug2\19_0924_0_segmented.tiff;1002.5;(53. 122);186.811182022094;0.734701355807988;35.7270575838117;0.360984461785779;0.461398957309163;482.67877610109;0.979852511505097;0.948926730128248;0.902609102164351;9.928057553956837;63.0;Dead;0.0;0.0;0.0;;;;346.5;;65.213203310966;-0.09515316664615403;6.8264496084375;-0.19653623169158402;-0.510776444558675;-124.59225266309994;-0.004750067617496967;-0.017629822355121005;0.009485077087363014
2;Tube 4;2012240.0;2012240.0;0.0;1224.0;False;G:\0309 pdx ptt\0409\Analysis\2025-09-04_115652_tube4_cropped_8bits2\20_1224_0_8bits.tiff;G:\0309 pdx ptt\0409\Analysis\2025-09-04_115652_tube4_segmentationDebug2\20_1224_0_segmented.tiff;1041.0;(87. 71);198.225395560264;0.738297872340425;36.4066253045967;0.332921626102633;0.728926959221512;135.265653302787;0.977449316424444;0.946914230786106;0.910690371227211;;;;;;;;;;;;;;;;;;2012240.0;0.0;1224.0;False;I:\For Leo to analyse\0309 pdx ptt\0509 post ptt\Analysis\2025-09-05_155653_tube4_cropped_8bits2\20_1224_0_8bits.tiff;I:\For Leo to analyse\0309 pdx ptt\0509 post ptt\Analysis\2025-09-05_155653_tube4_segmentationDebug2\20_1224_0_segmented.tiff;900.0;(56. 117);174.083260297775;0.722601364913689;33.8513750128653;0.373197177070981;0.626430965350525;476.18948509997;0.980681814408778;0.95406151157371;0.905927370047014;5.575539568345324;62.0;Dead;;;;;;;;;;;;;;;;;
2;Tube 4;2013240.0;;;;;;;;;;;;;;;;;;2013240.0;0.0;1324.0;False;I:\For Leo to analyse\0309 pdx ptt\0509 pre ptt\Analysis\2025-09-05_105249_tube4_cropped_8bits2\20_1324_0_8bits.tiff;I:\For Leo to analyse\0309 pdx ptt\0509 pre ptt\Analysis\2025-09-05_105249_tube4_segmentationDebug2\20_1324_0_segmented.tiff;557.0;(81. 63);132.911687374115;0.709102482495226;26.6307045798169;0.396222118751838;0.699728873860644;667.632764495264;0.989759746809885;0.970593994072583;0.884947942657007;;;;;;;;;;;;;;;;;;;;;;;;;;;;;;;;;;;;;
2;Tube 4;205050.0;;;;;;;;;;;;;;;;;;205050.0;0.0;505.0;False;I:\For Leo to analyse\0309 pdx ptt\0509 pre ptt\Analysis\2025-09-05_105249_tube4_cropped_8bits2\2_0505_0_8bits.tiff;I:\For Leo to analyse\0309 pdx ptt\0509 pre ptt\Analysis\2025-09-05_105249_tube4_segmentationDebug2\2_0505_0_segmented.tiff;2097.0;(63. 78);320.994947433471;0.736823612087139;51.6718813796211;0.255747797023646;0.960103869255737;655.054278196523;0.958029788250396;0.895864891084274;0.900085343218539;;;;;;;;;;;;;;;;;;;;;;;;;;;;;;;;;;;;;
2;Tube 4;308050.0;308050.0;0.0;805.0;False;G:\0309 pdx ptt\0409\Analysis\2025-09-04_115652_tube4_cropped_8bits2\3_0805_0_8bits.tiff;G:\0309 pdx ptt\0409\Analysis\2025-09-04_115652_tube4_segmentationDebug2\3_0805_0_segmented.tiff;3262.0;(84. 81);420.793937206268;0.692936802973977;64.4461588841887;0.231502066963053;0.564578823853211;575.360239967175;0.931700960100201;0.840836667265095;0.901994410839876;;;;;;;;;;;;;;;;;;;;;;;;;;;;;;;;;;;;;;;;;;;;;;;;;;;;;;
2;Tube 4;411050.0;;;;;;;;;;;;;;;;;;411050.0;0.0;1105.0;False;I:\For Leo to analyse\0309 pdx ptt\0509 pre ptt\Analysis\2025-09-05_105249_tube4_cropped_8bits2\4_1105_0_8bits.tiff;I:\For Leo to analyse\0309 pdx ptt\0509 pre ptt\Analysis\2025-09-05_105249_tube4_segmentationDebug2\4_1105_0_segmented.tiff;878.5;(75. 78);139.982754945755;0.84066985645933;33.4445950797709;0.563381467830714;0.732537210223253;705.573141597896;0.979673045063649;0.956149600777204;0.86436825585325;411050.0;0.0;1105.0;False;I:\For Leo to analyse\0309 pdx ptt\0509 post ptt\Analysis\2025-09-05_155653_tube4_cropped_8bits2\4_1105_0_8bits.tiff;I:\For Leo to analyse\0309 pdx ptt\0509 post ptt\Analysis\2025-09-05_155653_tube4_segmentationDebug2\4_1105_0_segmented.tiff;1828.0;(74. 110);299.681239247322;0.676911683021662;48.24398291783;0.255780212326965;0.379161758005306;565.630250865817;0.963689740334035;0.907829195347213;0.872360897152712;105.51558752997602;37.0;Alive;0.0;0.0;0.0;;;;949.5;;159.69848430156702;-0.16375817343766796;14.799387838059104;-0.30760125550374895;-0.35337545221794703;-139.94289073207904;-0.015983304729614067;-0.048320405429991053;0.007992641299462089
2;Tube 4;514050.0;;;;;;;;;;;;;;;;;;514050.0;0.0;1405.0;False;I:\For Leo to analyse\0309 pdx ptt\0509 pre ptt\Analysis\2025-09-05_105249_tube4_cropped_8bits2\5_1405_0_8bits.tiff;I:\For Leo to analyse\0309 pdx ptt\0509 pre ptt\Analysis\2025-09-05_105249_tube4_segmentationDebug2\5_1405_0_segmented.tiff;872.0;(56. 61);159.396968603134;0.764241893076248;33.3206374940375;0.431286866661438;0.759975251805039;690.629222753986;0.982189834475977;0.955540241738499;0.872321903188873;514050.0;0.0;1405.0;False;I:\For Leo to analyse\0309 pdx ptt\0509 post ptt\Analysis\2025-09-05_155653_tube4_cropped_8bits2\5_1405_0_8bits.tiff;I:\For Leo to analyse\0309 pdx ptt\0509 post ptt\Analysis\2025-09-05_155653_tube4_segmentationDebug2\5_1405_0_segmented.tiff;789.5;(82. 73);191.296463012695;0.594503012048192;31.7052459471364;0.271111611197842;0.537230759431666;637.50703384279;0.982932169376701;0.958479195215585;0.848322696664235;64.44844124700239;37.0;Alive;0.0;0.0;0.0;;;;-82.5;;31.899494409560987;-0.169738881028056;-1.6153915469010975;-0.160175255463596;-0.22274449237337302;-53.122188911196076;0.000742334900724062;0.0029389534770859482;-0.02399920652463805
2;Tube 4;614010.0;;;;;;;;;;;;;;;;;;614010.0;0.0;1401.0;True;I:\For Leo to analyse\0309 pdx ptt\0509 pre ptt\Analysis\2025-09-05_105249_tube4_cropped_8bits2\6_1401_0_8bits.tiff;I:\For Leo to analyse\0309 pdx ptt\0509 pre ptt\Analysis\2025-09-05_105249_tube4_segmentationDebug2\6_1401_0_segmented.tiff;829.5;(84. 101);147.639608979225;0.792263610315186;32.4984953860608;0.478212013104004;0.788770579539646;562.249535835434;0.986071100831464;0.958149402763214;0.895037024802293;614010.0;0.0;1401.0;False;I:\For Leo to analyse\0309 pdx ptt\0509 post ptt\Analysis\2025-09-05_155653_tube4_cropped_8bits2\6_1401_0_8bits.tiff;I:\For Leo to analyse\0309 pdx ptt\0509 post ptt\Analysis\2025-09-05_155653_tube4_segmentationDebug2\6_1401_0_segmented.tiff;1496.0;(69. 71);233.053822636604;0.759583650672759;43.6436290760037;0.346121833778817;0.810830548534204;540.224703604543;0.969949869002375;0.9110977737991;0.874771446434457;60.611510791366904;37.0;Alive;0.0;0.0;0.0;;;;666.5;;85.41421365737901;-0.03267995964242698;11.145133689942895;-0.13209017932518702;0.022059968994557977;-22.02483223089098;-0.016121231829088978;-0.04705162896411408;-0.020265578367835935
2;Tube 4;711010.0;;;;;;;;;;;;;;;;;;711010.0;0.0;1101.0;True;I:\For Leo to analyse\0309 pdx ptt\0509 pre ptt\Analysis\2025-09-05_105249_tube4_cropped_8bits2\7_1101_0_8bits.tiff;I:\For Leo to analyse\0309 pdx ptt\0509 pre ptt\Analysis\2025-09-05_105249_tube4_segmentationDebug2\7_1101_0_segmented.tiff;1183.0;(79. 110);245.195958256721;0.623451910408432;38.810338589372;0.247268044588966;0.811474118924083;461.176798592004;0.973364791242091;0.938916135313074;0.889146712925443;711010.0;0.0;1101.0;False;I:\For Leo to analyse\0309 pdx ptt\0509 post ptt\Analysis\2025-09-05_155653_tube4_cropped_8bits2\7_1101_0_8bits.tiff;I:\For Leo to analyse\0309 pdx ptt\0509 post ptt\Analysis\2025-09-05_155653_tube4_segmentationDebug2\7_1101_0_segmented.tiff;2025.0;(72. 71);269.539103984832;0.747646298689311;50.777062519298;0.350260635180621;0.613508495112143;495.666037478939;0.959661871036209;0.901078168352521;0.911907712076875;14.34052757793765;72.0;Dead;0.0;0.0;0.0;;;;842.0;;24.34314572811101;0.12419438828087903;11.966723929925998;0.102992590591655;-0.19796562381194005;34.48923888693503;-0.01370292020588193;-0.03783796696055308;0.022760999151432038
2;Tube 4;808010.0;808010.0;0.0;801.0;False;G:\0309 pdx ptt\0409\Analysis\2025-09-04_115652_tube4_cropped_8bits2\8_0801_0_8bits.tiff;G:\0309 pdx ptt\0409\Analysis\2025-09-04_115652_tube4_segmentationDebug2\8_0801_0_segmented.tiff;2145.0;(78. 71);277.195958137512;0.811424248155854;52.2599160299452;0.350803060555196;0.95059744844928;667.018648895934;0.957986743742132;0.895078786231721;0.900042580896836;808010.0;0.0;801.0;True;I:\For Leo to analyse\0309 pdx ptt\0509 pre ptt\Analysis\2025-09-05_105249_tube4_cropped_8bits2\8_0801_0_8bits.tiff;I:\For Leo to analyse\0309 pdx ptt\0509 pre ptt\Analysis\2025-09-05_105249_tube4_segmentationDebug2\8_0801_0_segmented.tiff;698.0;(71. 74);124.911687135696;0.826035502958579;29.8114273765135;0.562158961374215;0.820316573603862;572.365525525525;0.989491086883902;0.964683215407687;0.876000448541805;;;;;;;;;;;;;;;;;;;;;;;;;;;;;;;;;;;;;
2;Tube 4;905010.0;905010.0;0.0;501.0;False;G:\0309 pdx ptt\0409\Analysis\2025-09-04_115652_tube4_cropped_8bits2\9_0501_0_8bits.tiff;G:\0309 pdx ptt\0409\Analysis\2025-09-04_115652_tube4_segmentationDebug2\9_0501_0_segmented.tiff;1884.5;(74. 75);246.124890327453;0.753950790158031;48.9838741021309;0.390926340955009;0.944506628613577;625.68790852157;0.963216685202314;0.907837827418781;0.908578319954477;905010.0;0.0;501.0;False;I:\For Leo to analyse\0309 pdx ptt\0509 pre ptt\Analysis\2025-09-05_105249_tube4_cropped_8bits2\9_0501_0_8bits.tiff;I:\For Leo to analyse\0309 pdx ptt\0509 pre ptt\Analysis\2025-09-05_105249_tube4_segmentationDebug2\9_0501_0_segmented.tiff;1226.5;(84. 72);173.438598752021;0.841798215511324;39.5174430045477;0.512372608592881;0.481803493262109;581.341867458669;0.975987941514353;0.939484552198037;0.887873184821285;905010.0;0.0;501.0;False;I:\For Leo to analyse\0309 pdx ptt\0509 post ptt\Analysis\2025-09-05_155653_tube4_cropped_8bits2\9_0501_0_8bits.tiff;I:\For Leo to analyse\0309 pdx ptt\0509 post ptt\Analysis\2025-09-05_155653_tube4_segmentationDebug2\9_0501_0_segmented.tiff;1172.5;(70. 75);206.124890446662;0.725556930693069;38.6377194746529;0.346786226274303;0.597476420436036;716.443793056145;0.974963779400889;0.940751818682833;0.864932142096453;12.577937649880097;64.0;Dead;0.0;0.0;0.0;;;;-54.0;;32.686291694641;-0.11624128481825502;-0.8797235298948038;-0.16558638231857803;0.11567292717392702;135.101925597476;-0.001024162113464011;0.0012672664847960258;-0.022941042724831995
3;Tube 3;1002020.0;1002020.0;0.0;202.0;False;J:\Culture Cellulaire 3D Microfluidique\PDX\PTT\20260126\Before merge\Analysis\2026-01-27_120157_KSBRU_tube3_before first merge_cropped_8bits2\10_0202_0_8bits.tiff;J:\Culture Cellulaire 3D Microfluidique\PDX\PTT\20260126\Before merge\Analysis\2026-01-27_120157_KSBRU_tube3_before first merge_segmentationDebug2\10_0202_0_segmented.tiff;884.0;(68. 80);113.396968722343;0.981132075471698;33.5491245421677;0.863891574457685;0.897339209454353;591.876247130945;0.988691097608586;0.956758305981998;0.910599792792043;1002020.0;0.0;202.0;False;J:\Culture Cellulaire 3D Microfluidique\PDX\PTT\20260126\Before laser\Analysis\2026-01-28_104807_KSBRU_tube3_before laser_cropped_8bits2\10_0202_0_8bits.tiff;J:\Culture Cellulaire 3D Microfluidique\PDX\PTT\20260126\Before laser\Analysis\2026-01-28_104807_KSBRU_tube3_before laser_segmentationDebug2\10_0202_0_segmented.tiff;1298.5;(77. 79);136.811181783676;0.97852298417483;40.6608109712362;0.871783468373991;0.909362606543432;626.116389922108;0.973484376295272;0.937386086148152;0.876842894909912;;;;;;;;;;;;;;;;;;;;;;;;;;;;;;;;;;;;;
3;Tube 3;103080.0;;;;;;;;;;;;;;;;;;103080.0;0.0;308.0;False;J:\Culture Cellulaire 3D Microfluidique\PDX\PTT\20260126\Before laser\Analysis\2026-01-28_104807_KSBRU_tube3_before laser_cropped_8bits2\1_0308_0_8bits.tiff;J:\Culture Cellulaire 3D Microfluidique\PDX\PTT\20260126\Before laser\Analysis\2026-01-28_104807_KSBRU_tube3_before laser_segmentationDebug2\1_0308_0_segmented.tiff;1396.5;(75. 69);143.296463251113;0.972154542290288;42.1672743276424;0.854633398874837;0.929814992557621;777.824455717607;0.974568210337337;0.932891624401059;0.876880895646929;103080.0;0.0;308.0;False;J:\Culture Cellulaire 3D Microfluidique\PDX\PTT\20260126\After laser\Analysis\2026-01-28_170438_KSBRU_tube3_after laser_cropped_8bits2\1_0308_0_8bits.tiff;J:\Culture Cellulaire 3D Microfluidique\PDX\PTT\20260126\After laser\Analysis\2026-01-28_170438_KSBRU_tube3_after laser_segmentationDebug2\1_0308_0_segmented.tiff;1520.0;(77. 78);157.396968364715;0.944979794839913;43.9923187385871;0.771011269054458;0.870331109106731;717.585842672893;0.977705848701506;0.927012818623036;0.881276448023379;152.06894353176207;37.0;Alive;0.0;0.0;0.0;;;;123.5;;14.100505113601997;-0.02717474745037496;1.8250444109446988;-0.08362212982037898;-0.05948388345089006;-60.23861304471393;0.0031376383641690264;-0.005878805778023022;0.004395552376450063
3;Tube 3;1102050.0;1102050.0;0.0;205.0;True;J:\Culture Cellulaire 3D Microfluidique\PDX\PTT\20260126\Before merge\Analysis\2026-01-27_120157_KSBRU_tube3_before first merge_cropped_8bits2\11_0205_0_8bits.tiff;J:\Culture Cellulaire 3D Microfluidique\PDX\PTT\20260126\Before merge\Analysis\2026-01-27_120157_KSBRU_tube3_before first merge_segmentationDebug2\11_0205_0_segmented.tiff;961.0;(76. 74);121.740114331245;0.957171314741035;34.9797541799608;0.814827806463745;0.911838211080712;532.940285087719;0.979994944733673;0.953072721238747;0.905936690570103;1102050.0;0.0;205.0;False;J:\Culture Cellulaire 3D Microfluidique\PDX\PTT\20260126\Before laser\Analysis\2026-01-28_104807_KSBRU_tube3_before laser_cropped_8bits2\11_0205_0_8bits.tiff;J:\Culture Cellulaire 3D Microfluidique\PDX\PTT\20260126\Before laser\Analysis\2026-01-28_104807_KSBRU_tube3_before laser_segmentationDebug2\11_0205_0_segmented.tiff;1086.0;(77. 73);124.568541169166;0.976179775280898;37.1851871796067;0.879473853270012;0.910435089918609;604.067813132646;0.981766804965857;0.947350095241363;0.893023570137299;;;;;;;;;;;;;;;;;;;;;;;;;;;;;;;;;;;;;
3;Tube 3;1202080.0;1202080.0;0.0;208.0;False;J:\Culture Cellulaire 3D Microfluidique\PDX\PTT\20260126\Before merge\Analysis\2026-01-27_120157_KSBRU_tube3_before first merge_cropped_8bits2\12_0208_0_8bits.tiff;J:\Culture Cellulaire 3D Microfluidique\PDX\PTT\20260126\Before merge\Analysis\2026-01-27_120157_KSBRU_tube3_before first merge_segmentationDebug2\12_0208_0_segmented.tiff;831.0;(75. 74);117.254833221435;0.92179700499168;32.527865925617;0.75953778060223;0.893638342756733;517.848630337654;0.985849714660452;0.958970359324682;0.909680393040089;1202080.0;0.0;208.0;False;J:\Culture Cellulaire 3D Microfluidique\PDX\PTT\20260126\Before laser\Analysis\2026-01-28_104807_KSBRU_tube3_before laser_cropped_8bits2\12_0208_0_8bits.tiff;J:\Culture Cellulaire 3D Microfluidique\PDX\PTT\20260126\Before laser\Analysis\2026-01-28_104807_KSBRU_tube3_before laser_segmentationDebug2\12_0208_0_segmented.tiff;1126.5;(76. 76);149.639608860015;0.89440254069075;37.8722107506831;0.632190450587145;0.959982722801158;516.138237478531;0.978607295685858;0.944703942295867;0.894445074103006;;;;;;;;;;;;;;;;;;;;;;;;;;;;;;;;;;;;;
3;Tube 3;1302110.0;1302110.0;0.0;211.0;False;J:\Culture Cellulaire 3D Microfluidique\PDX\PTT\20260126\Before merge\Analysis\2026-01-27_120157_KSBRU_tube3_before first merge_cropped_8bits2\13_0211_0_8bits.tiff;J:\Culture Cellulaire 3D Microfluidique\PDX\PTT\20260126\Before merge\Analysis\2026-01-27_120157_KSBRU_tube3_before first merge_segmentationDebug2\13_0211_0_segmented.tiff;770.5;(73. 77);108.325901150703;0.955955334987593;31.321415504706;0.825121466501929;0.914090251839707;392.928376010014;0.985999758913458;0.962035181094552;0.91792226285708;1302110.0;0.0;211.0;False;J:\Culture Cellulaire 3D Microfluidique\PDX\PTT\20260126\Before laser\Analysis\2026-01-28_104807_KSBRU_tube3_before laser_cropped_8bits2\13_0211_0_8bits.tiff;J:\Culture Cellulaire 3D Microfluidique\PDX\PTT\20260126\Before laser\Analysis\2026-01-28_104807_KSBRU_tube3_before laser_segmentationDebug2\13_0211_0_segmented.tiff;846.0;(76. 72);115.740113973617;0.950561797752809;32.8201257591427;0.793619655985254;0.791163817727555;543.320850849374;0.985370851345742;0.95822318749422;0.890211942784362;;;;;;;;;;;;;;;;;;;;;;;;;;;;;;;;;;;;;
3;Tube 3;1402140.0;1402140.0;0.0;214.0;False;J:\Culture Cellulaire 3D Microfluidique\PDX\PTT\20260126\Before merge\Analysis\2026-01-27_120157_KSBRU_tube3_before first merge_cropped_8bits2\14_0214_0_8bits.tiff;J:\Culture Cellulaire 3D Microfluidique\PDX\PTT\20260126\Before merge\Analysis\2026-01-27_120157_KSBRU_tube3_before first merge_segmentationDebug2\14_0214_0_segmented.tiff;651.0;(74. 72);98.9116868972778;0.963017751479289;28.7902577901378;0.836172028142232;0.911117039735353;437.615952380952;0.988284742576096;0.967650649837028;0.912873323811437;;;;;;;;;;;;;;;;;;1402140.0;0.0;214.0;False;J:\Culture Cellulaire 3D Microfluidique\PDX\PTT\20260126\After laser\Analysis\2026-01-28_170438_KSBRU_tube3_after laser_cropped_8bits2\14_0214_0_8bits.tiff;J:\Culture Cellulaire 3D Microfluidique\PDX\PTT\20260126\After laser\Analysis\2026-01-28_170438_KSBRU_tube3_after laser_segmentationDebug2\14_0214_0_segmented.tiff;676.0;(76. 73);102.083260297775;0.950105411103302;29.3378583444833;0.815168700675253;0.948367497654837;520.058041870039;0.991636383931686;0.96654173567161;0.904283460913823;0.5313157503241026;56.0;Dead;;;;;;;;;;;;;;;;;
3;Tube 3;1502170.0;1502170.0;0.0;217.0;False;J:\Culture Cellulaire 3D Microfluidique\PDX\PTT\20260126\Before merge\Analysis\2026-01-27_120157_KSBRU_tube3_before first merge_cropped_8bits2\15_0217_0_8bits.tiff;J:\Culture Cellulaire 3D Microfluidique\PDX\PTT\20260126\Before merge\Analysis\2026-01-27_120157_KSBRU_tube3_before first merge_segmentationDebug2\15_0217_0_segmented.tiff;895.5;(75. 74);132.811181664466;0.900452488687782;33.766640524493;0.63797869023118;0.745532615142517;534.071314724031;0.978710413970105;0.955388842978831;0.898203393205172;1502170.0;0.0;217.0;False;J:\Culture Cellulaire 3D Microfluidique\PDX\PTT\20260126\Before laser\Analysis\2026-01-28_104807_KSBRU_tube3_before laser_cropped_8bits2\15_0217_0_8bits.tiff;J:\Culture Cellulaire 3D Microfluidique\PDX\PTT\20260126\Before laser\Analysis\2026-01-28_104807_KSBRU_tube3_before laser_segmentationDebug2\15_0217_0_segmented.tiff;721.0;(74. 76);108.426406383514;0.936972059779077;30.2986090729269;0.770681618350186;0.852207737173191;819.248078364509;0.98538039762864;0.96415032203517;0.853018178091533;1502170.0;0.0;217.0;False;J:\Culture Cellulaire 3D Microfluidique\PDX\PTT\20260126\After laser\Analysis\2026-01-28_170438_KSBRU_tube3_after laser_cropped_8bits2\15_0217_0_8bits.tiff;J:\Culture Cellulaire 3D Microfluidique\PDX\PTT\20260126\After laser\Analysis\2026-01-28_170438_KSBRU_tube3_after laser_segmentationDebug2\15_0217_0_segmented.tiff;717.5;(75. 74);123.840619564056;0.878750765462339;30.2249792944094;0.587902811720618;0.629860546573341;731.198220320887;0.985372414304431;0.963889862952634;0.863022042217342;12.545427496652712;75.0;Dead;0.0;0.0;0.0;;;;-3.5;;15.414213180541992;-0.05822129431673806;-0.07362977851749974;-0.18277880662956802;-0.22234719059984998;-88.04985804362195;-7.98332420903769e-06;-0.00026045908253602423;0.010003864125809003
3;Tube 3;1602200.0;1602200.0;0.0;220.0;False;J:\Culture Cellulaire 3D Microfluidique\PDX\PTT\20260126\Before merge\Analysis\2026-01-27_120157_KSBRU_tube3_before first merge_cropped_8bits2\16_0220_0_8bits.tiff;J:\Culture Cellulaire 3D Microfluidique\PDX\PTT\20260126\Before merge\Analysis\2026-01-27_120157_KSBRU_tube3_before first merge_segmentationDebug2\16_0220_0_segmented.tiff;718.5;(78. 74);119.840619564056;0.879436964504284;30.2460346639392;0.628678408748311;0.789299312593335;568.919994313084;0.9829125681384;0.963960472686625;0.876213355283821;1602200.0;0.0;220.0;False;J:\Culture Cellulaire 3D Microfluidique\PDX\PTT\20260126\Before laser\Analysis\2026-01-28_104807_KSBRU_tube3_before laser_cropped_8bits2\16_0220_0_8bits.tiff;J:\Culture Cellulaire 3D Microfluidique\PDX\PTT\20260126\Before laser\Analysis\2026-01-28_104807_KSBRU_tube3_before laser_segmentationDebug2\16_0220_0_segmented.tiff;845.0;(75. 75);115.254832863807;0.939933259176863;32.800722786262;0.799370804487834;0.92567938648512;522.366616064866;0.981857862138004;0.958385508633094;0.893209065236862;1602200.0;0.0;220.0;False;J:\Culture Cellulaire 3D Microfluidique\PDX\PTT\20260126\After laser\Analysis\2026-01-28_170438_KSBRU_tube3_after laser_cropped_8bits2\16_0220_0_8bits.tiff;J:\Culture Cellulaire 3D Microfluidique\PDX\PTT\20260126\After laser\Analysis\2026-01-28_170438_KSBRU_tube3_after laser_segmentationDebug2\16_0220_0_segmented.tiff;763.5;(78. 74);107.840619564056;0.959170854271356;31.1788131975111;0.82500039562813;0.878113573482649;688.284663612249;0.9850090462171;0.962379985427125;0.861230938364323;6.074001657705141;54.0;Dead;0.0;0.0;0.0;;;;-81.5;;-7.4142132997509975;0.019237595094492965;-1.6219095887508992;0.02562959114029595;-0.04756581300247109;165.91804754738303;0.003151184079095981;0.003994476794030977;-0.03197812687253909
3;Tube 3;1702230.0;1702230.0;0.0;223.0;False;J:\Culture Cellulaire 3D Microfluidique\PDX\PTT\20260126\Before merge\Analysis\2026-01-27_120157_KSBRU_tube3_before first merge_cropped_8bits2\17_0223_0_8bits.tiff;J:\Culture Cellulaire 3D Microfluidique\PDX\PTT\20260126\Before merge\Analysis\2026-01-27_120157_KSBRU_tube3_before first merge_segmentationDebug2\17_0223_0_segmented.tiff;740.0;(76. 74);105.254833102226;0.960415314730694;30.6952319278421;0.839377821507909;0.919477994877624;579.189247606853;0.98270845200936;0.963335939018934;0.8813731214689;1702230.0;0.0;223.0;False;J:\Culture Cellulaire 3D Microfluidique\PDX\PTT\20260126\Before laser\Analysis\2026-01-28_104807_KSBRU_tube3_before laser_cropped_8bits2\17_0223_0_8bits.tiff;J:\Culture Cellulaire 3D Microfluidique\PDX\PTT\20260126\Before laser\Analysis\2026-01-28_104807_KSBRU_tube3_before laser_segmentationDebug2\17_0223_0_segmented.tiff;874.0;(72. 79);116.911687254905;0.948968512486427;33.3588273489721;0.803536187588643;0.975047482899133;567.795356212089;0.983359283021975;0.957055058728646;0.8952262675472;;;;;;;;;;;;;;;;;;;;;;;;;;;;;;;;;;;;;
3;Tube 3;1805240.0;1805240.0;0.0;524.0;False;J:\Culture Cellulaire 3D Microfluidique\PDX\PTT\20260126\Before merge\Analysis\2026-01-27_120157_KSBRU_tube3_before first merge_cropped_8bits2\18_0524_0_8bits.tiff;J:\Culture Cellulaire 3D Microfluidique\PDX\PTT\20260126\Before merge\Analysis\2026-01-27_120157_KSBRU_tube3_before first merge_segmentationDebug2\18_0524_0_segmented.tiff;592.5;(76. 77);97.0121926069259;0.948;27.4662416478043;0.791125854968972;0.929163656071166;475.802737828527;0.985310932311643;0.970262520113412;0.890265788812857;1805240.0;0.0;524.0;False;J:\Culture Cellulaire 3D Microfluidique\PDX\PTT\20260126\Before laser\Analysis\2026-01-28_104807_KSBRU_tube3_before laser_cropped_8bits2\18_0524_0_8bits.tiff;J:\Culture Cellulaire 3D Microfluidique\PDX\PTT\20260126\Before laser\Analysis\2026-01-28_104807_KSBRU_tube3_before laser_segmentationDebug2\18_0524_0_segmented.tiff;1369.0;(77. 74);207.539103746414;0.786103933390755;41.7500291825339;0.399404945739463;0.510343419841485;635.446722872854;0.96938339922722;0.93194765182202;0.886790576072948;;;;;;;;;;;;;;;;;;;;;;;;;;;;;;;;;;;;;
3;Tube 3;1908240.0;;;;;;;;;;;;;;;;;;1908240.0;0.0;824.0;False;J:\Culture Cellulaire 3D Microfluidique\PDX\PTT\20260126\Before laser\Analysis\2026-01-28_104807_KSBRU_tube3_before laser_cropped_8bits2\19_0824_0_8bits.tiff;J:\Culture Cellulaire 3D Microfluidique\PDX\PTT\20260126\Before laser\Analysis\2026-01-28_104807_KSBRU_tube3_before laser_segmentationDebug2\19_0824_0_segmented.tiff;683.5;(76. 72);118.811181783676;0.864642631246046;29.5001564203731;0.608462407527947;0.781614644737196;678.210838162425;0.98404777825291;0.965527368934021;0.872515786026717;;;;;;;;;;;;;;;;;;;;;;;;;;;;;;;;;;;;;
3;Tube 3;2011240.0;2011240.0;0.0;1124.0;False;J:\Culture Cellulaire 3D Microfluidique\PDX\PTT\20260126\Before merge\Analysis\2026-01-27_120157_KSBRU_tube3_before first merge_cropped_8bits2\20_1124_0_8bits.tiff;J:\Culture Cellulaire 3D Microfluidique\PDX\PTT\20260126\Before merge\Analysis\2026-01-27_120157_KSBRU_tube3_before first merge_segmentationDebug2\20_1124_0_segmented.tiff;888.5;(72. 76);189.639609217643;0.684778420038535;33.6344070186645;0.310462530318772;0.575993969852546;487.909689058341;0.978951550302533;0.953772731164868;0.876401629372973;2011240.0;0.0;1124.0;False;J:\Culture Cellulaire 3D Microfluidique\PDX\PTT\20260126\Before laser\Analysis\2026-01-28_104807_KSBRU_tube3_before laser_cropped_8bits2\20_1124_0_8bits.tiff;J:\Culture Cellulaire 3D Microfluidique\PDX\PTT\20260126\Before laser\Analysis\2026-01-28_104807_KSBRU_tube3_before laser_segmentationDebug2\20_1124_0_segmented.tiff;1137.0;(78. 80);148.083260297775;0.90309769658459;38.0483030155601;0.651565969549104;0.791494867443207;550.788978209945;0.975362201665108;0.936997197172742;0.898648471200641;;;;;;;;;;;;;;;;;;;;;;;;;;;;;;;;;;;;;
3;Tube 3;204050.0;204050.0;0.0;405.0;False;J:\Culture Cellulaire 3D Microfluidique\PDX\PTT\20260126\Before merge\Analysis\2026-01-27_120157_KSBRU_tube3_before first merge_cropped_8bits2\2_0405_0_8bits.tiff;J:\Culture Cellulaire 3D Microfluidique\PDX\PTT\20260126\Before merge\Analysis\2026-01-27_120157_KSBRU_tube3_before first merge_segmentationDebug2\2_0405_0_segmented.tiff;1103.0;(78. 79);127.053822278976;0.970096745822339;37.4751013053051;0.858637608453549;0.867740636761542;642.682279837238;0.976578173022547;0.946469501523443;0.882261787097141;;;;;;;;;;;;;;;;;;204050.0;0.0;405.0;False;J:\Culture Cellulaire 3D Microfluidique\PDX\PTT\20260126\After laser\Analysis\2026-01-28_170438_KSBRU_tube3_after laser_cropped_8bits2\2_0405_0_8bits.tiff;J:\Culture Cellulaire 3D Microfluidique\PDX\PTT\20260126\After laser\Analysis\2026-01-28_170438_KSBRU_tube3_after laser_segmentationDebug2\2_0405_0_segmented.tiff;1801.5;(80. 75);173.982754945755;0.94740993952143;47.8930166082738;0.747879662893987;0.796760851843116;871.328242303205;0.965172250096371;0.913843439484824;0.858637349377333;112.00773595732473;37.0;Alive;;;;;;;;;;;;;;;;;
3;Tube 3;205050.0;;;;;;;;;;;;;;;;;;205050.0;0.0;505.0;False;J:\Culture Cellulaire 3D Microfluidique\PDX\PTT\20260126\Before laser\Analysis\2026-01-28_104807_KSBRU_tube3_before laser_cropped_8bits2\2_0505_0_8bits.tiff;J:\Culture Cellulaire 3D Microfluidique\PDX\PTT\20260126\Before laser\Analysis\2026-01-28_104807_KSBRU_tube3_before laser_segmentationDebug2\2_0505_0_segmented.tiff;1497.0;(80. 39);165.882249593734;0.915876414805751;43.6582134136125;0.683646872921945;0.824310014609654;541.339508618783;0.964818154697695;0.91164941793844;0.890836063068046;;;;;;;;;;;;;;;;;;;;;;;;;;;;;;;;;;;;;
3;Tube 3;307050.0;;;;;;;;;;;;;;;;;;;;;;;;;;;;;;;;;;;307050.0;0.0;705.0;False;J:\Culture Cellulaire 3D Microfluidique\PDX\PTT\20260126\After laser\Analysis\2026-01-28_170438_KSBRU_tube3_after laser_cropped_8bits2\3_0705_0_8bits.tiff;J:\Culture Cellulaire 3D Microfluidique\PDX\PTT\20260126\After laser\Analysis\2026-01-28_170438_KSBRU_tube3_after laser_segmentationDebug2\3_0705_0_segmented.tiff;1811.5;(75. 70);178.811182022094;0.918610547667342;48.0257580396993;0.71196534407245;0.836045721166226;631.279803273609;0.962822598115136;0.913022606958985;0.865356977479585;102.65657875162051;58.0;Alive;;;;;;;;;;;;;;;;;
3;Tube 3;308050.0;;;;;;;;;;;;;;;;;;308050.0;0.0;805.0;False;J:\Culture Cellulaire 3D Microfluidique\PDX\PTT\20260126\Before laser\Analysis\2026-01-28_104807_KSBRU_tube3_before laser_cropped_8bits2\3_0805_0_8bits.tiff;J:\Culture Cellulaire 3D Microfluidique\PDX\PTT\20260126\Before laser\Analysis\2026-01-28_104807_KSBRU_tube3_before laser_segmentationDebug2\3_0805_0_segmented.tiff;1428.0;(78. 70);153.539104580879;0.948522085685818;42.6401931266945;0.761202251878585;0.786128747049284;727.71643160188;0.970192676955251;0.931124950776549;0.884675766791055;;;;;;;;;;;;;;;;;;;;;;;;;;;;;;;;;;;;;
3;Tube 3;411050.0;411050.0;0.0;1105.0;False;J:\Culture Cellulaire 3D Microfluidique\PDX\PTT\20260126\Before merge\Analysis\2026-01-27_120157_KSBRU_tube3_before first merge_cropped_8bits2\4_1105_0_8bits.tiff;J:\Culture Cellulaire 3D Microfluidique\PDX\PTT\20260126\Before merge\Analysis\2026-01-27_120157_KSBRU_tube3_before first merge_segmentationDebug2\4_1105_0_segmented.tiff;1023.5;(74. 74);135.982755541801;0.913839285714285;36.0993168084444;0.695552692567984;0.724318596155168;706.92720119895;0.978908095085276;0.949958066133805;0.886111092973871;411050.0;0.0;1105.0;False;J:\Culture Cellulaire 3D Microfluidique\PDX\PTT\20260126\Before laser\Analysis\2026-01-28_104807_KSBRU_tube3_before laser_cropped_8bits2\4_1105_0_8bits.tiff;J:\Culture Cellulaire 3D Microfluidique\PDX\PTT\20260126\Before laser\Analysis\2026-01-28_104807_KSBRU_tube3_before laser_segmentationDebug2\4_1105_0_segmented.tiff;1162.0;(73. 72);131.396968007087;0.967930029154519;38.464325692546;0.845756421963868;0.853795130487088;807.067234787637;0.978140833608974;0.943647117166718;0.871233721212027;411050.0;0.0;1105.0;False;J:\Culture Cellulaire 3D Microfluidique\PDX\PTT\20260126\After laser\Analysis\2026-01-28_170438_KSBRU_tube3_after laser_cropped_8bits2\4_1105_0_8bits.tiff;J:\Culture Cellulaire 3D Microfluidique\PDX\PTT\20260126\After laser\Analysis\2026-01-28_170438_KSBRU_tube3_after laser_segmentationDebug2\4_1105_0_segmented.tiff;1463.5;(75. 74);151.982754826545;0.956535947712418;43.1669558078851;0.796184954250965;0.829300843268819;785.888039321789;0.974885520279914;0.92993401286931;0.867162940113172;1.1157630756806156;60.0;Dead;0.0;0.0;0.0;;;;301.5;;20.585786819458008;-0.011394081442100967;4.702630115339105;-0.049571467712902995;-0.024494287218268962;-21.179195465847897;-0.003255313329059928;-0.013713104297408019;-0.0040707810988550586
3;Tube 3;514050.0;514050.0;0.0;1405.0;False;J:\Culture Cellulaire 3D Microfluidique\PDX\PTT\20260126\Before merge\Analysis\2026-01-27_120157_KSBRU_tube3_before first merge_cropped_8bits2\5_1405_0_8bits.tiff;J:\Culture Cellulaire 3D Microfluidique\PDX\PTT\20260126\Before merge\Analysis\2026-01-27_120157_KSBRU_tube3_before first merge_segmentationDebug2\5_1405_0_segmented.tiff;1322.5;(73. 78);186.953317046165;0.780927074106879;41.0348546715137;0.475487598764716;0.823920075124402;498.119435764549;0.969660283016777;0.934842014331903;0.900522613038141;514050.0;0.0;1405.0;False;J:\Culture Cellulaire 3D Microfluidique\PDX\PTT\20260126\Before laser\Analysis\2026-01-28_104807_KSBRU_tube3_before laser_cropped_8bits2\5_1405_0_8bits.tiff;J:\Culture Cellulaire 3D Microfluidique\PDX\PTT\20260126\Before laser\Analysis\2026-01-28_104807_KSBRU_tube3_before laser_segmentationDebug2\5_1405_0_segmented.tiff;1239.5;(77. 71);137.639608740806;0.964591439688716;39.7263189296369;0.8221849755559;0.829587358669476;680.880729316667;0.975035619688442;0.94016050874412;0.888174011627186;514050.0;0.0;1405.0;False;J:\Culture Cellulaire 3D Microfluidique\PDX\PTT\20260126\After laser\Analysis\2026-01-28_170438_KSBRU_tube3_after laser_cropped_8bits2\5_1405_0_8bits.tiff;J:\Culture Cellulaire 3D Microfluidique\PDX\PTT\20260126\After laser\Analysis\2026-01-28_170438_KSBRU_tube3_after laser_segmentationDebug2\5_1405_0_segmented.tiff;1370.0;(76. 77);161.740114092826;0.896303565587176;41.7652747660921;0.658104621957153;0.866757721620969;721.213414556582;0.971447764956489;0.933361884270347;0.874018336826454;7.232269993411685;73.0;Dead;0.0;0.0;0.0;;;;130.5;;24.10050535201998;-0.06828787410153991;2.0389558364551945;-0.16408035359874695;0.03717036295149301;40.33268523991501;-0.0035878547319529996;-0.006798624473772996;-0.014155674800731988
3;Tube 3;615020.0;615020.0;0.0;1502.0;False;J:\Culture Cellulaire 3D Microfluidique\PDX\PTT\20260126\Before merge\Analysis\2026-01-27_120157_KSBRU_tube3_before first merge_cropped_8bits2\6_1502_0_8bits.tiff;J:\Culture Cellulaire 3D Microfluidique\PDX\PTT\20260126\Before merge\Analysis\2026-01-27_120157_KSBRU_tube3_before first merge_segmentationDebug2\6_1502_0_segmented.tiff;862.0;(73. 73);116.911687254905;0.946212952799121;33.1290278692525;0.792503654120607;0.936904639632184;684.434098988952;0.981607064722106;0.957632230980542;0.872236027948516;615020.0;0.0;1502.0;False;J:\Culture Cellulaire 3D Microfluidique\PDX\PTT\20260126\Before laser\Analysis\2026-01-28_104807_KSBRU_tube3_before laser_cropped_8bits2\6_1502_0_8bits.tiff;J:\Culture Cellulaire 3D Microfluidique\PDX\PTT\20260126\Before laser\Analysis\2026-01-28_104807_KSBRU_tube3_before laser_segmentationDebug2\6_1502_0_segmented.tiff;1292.5;(75. 74);138.811181783676;0.973634651600753;40.566761166874;0.842930003452051;0.815815961990348;593.521486398624;0.975212255469657;0.937501724028196;0.885600276348975;;;;;;;;;;;;;;;;;;;;;;;;;;;;;;;;;;;;;
3;Tube 3;712010.0;712010.0;0.0;1201.0;True;J:\Culture Cellulaire 3D Microfluidique\PDX\PTT\20260126\Before merge\Analysis\2026-01-27_120157_KSBRU_tube3_before first merge_cropped_8bits2\7_1201_0_8bits.tiff;J:\Culture Cellulaire 3D Microfluidique\PDX\PTT\20260126\Before merge\Analysis\2026-01-27_120157_KSBRU_tube3_before first merge_segmentationDebug2\7_1201_0_segmented.tiff;874.0;(75. 79);110.911687016487;0.97708216880939;33.3588273489721;0.892825682313623;0.940757180108086;814.95520173107;0.979378960518178;0.957214503611211;0.8653311236524;712010.0;0.0;1201.0;False;J:\Culture Cellulaire 3D Microfluidique\PDX\PTT\20260126\Before laser\Analysis\2026-01-28_104807_KSBRU_tube3_before laser_cropped_8bits2\7_1201_0_8bits.tiff;J:\Culture Cellulaire 3D Microfluidique\PDX\PTT\20260126\Before laser\Analysis\2026-01-28_104807_KSBRU_tube3_before laser_segmentationDebug2\7_1201_0_segmented.tiff;1361.5;(76. 54);146.124890208244;0.957117750439367;41.6355093658877;0.801270426491798;0.928150035375275;413.495247395374;0.97536289160284;0.926064906231959;0.909859789254425;;;;;;;;;;;;;;;;;;;;;;;;;;;;;;;;;;;;;
3;Tube 3;712011.0;712011.0;0.0;1201.0;True;J:\Culture Cellulaire 3D Microfluidique\PDX\PTT\20260126\Before merge\Analysis\2026-01-27_120157_KSBRU_tube3_before first merge_cropped_8bits2\7_1201_1_8bits.tiff;J:\Culture Cellulaire 3D Microfluidique\PDX\PTT\20260126\Before merge\Analysis\2026-01-27_120157_KSBRU_tube3_before first merge_segmentationDebug2\7_1201_1_segmented.tiff;498.0;(73. 79);92.7695516347885;0.923076923076923;25.1808120059324;0.727157171343945;0.658333184988509;527.620441710367;0.986993826028646;0.974420686032509;0.875396960157379;;;;;;;;;;;;;;;;;;;;;;;;;;;;;;;;;;;;;;;;;;;;;;;;;;;;;;
3;Tube 3;808010.0;;;;;;;;;;;;;;;;;;808010.0;0.0;801.0;False;J:\Culture Cellulaire 3D Microfluidique\PDX\PTT\20260126\Before laser\Analysis\2026-01-28_104807_KSBRU_tube3_before laser_cropped_8bits2\8_0801_0_8bits.tiff;J:\Culture Cellulaire 3D Microfluidique\PDX\PTT\20260126\Before laser\Analysis\2026-01-28_104807_KSBRU_tube3_before laser_segmentationDebug2\8_0801_0_segmented.tiff;1138.5;(75. 74);154.124890327453;0.88633709614636;38.0733925685771;0.602278469123924;0.700124763410863;631.334422945154;0.974675769297798;0.943920130030789;0.86509737082925;;;;;;;;;;;;;;;;;;;;;;;;;;;;;;;;;;;;;
3;Tube 3;809010.0;809010.0;0.0;901.0;False;J:\Culture Cellulaire 3D Microfluidique\PDX\PTT\20260126\Before merge\Analysis\2026-01-27_120157_KSBRU_tube3_before first merge_cropped_8bits2\8_0901_0_8bits.tiff;J:\Culture Cellulaire 3D Microfluidique\PDX\PTT\20260126\Before merge\Analysis\2026-01-27_120157_KSBRU_tube3_before first merge_segmentationDebug2\8_0901_0_segmented.tiff;730.0;(76. 76);102.911687612533;0.96945551128818;30.4871262610412;0.866170371315059;0.922985119978252;537.609456287273;0.983138321450266;0.963920389920656;0.878302971047642;;;;;;;;;;;;;;;;;;;;;;;;;;;;;;;;;;;;;;;;;;;;;;;;;;;;;;
3;Tube 3;904010.0;;;;;;;;;;;;;;;;;;;;;;;;;;;;;;;;;;;904010.0;0.0;401.0;False;J:\Culture Cellulaire 3D Microfluidique\PDX\PTT\20260126\After laser\Analysis\2026-01-28_170438_KSBRU_tube3_after laser_cropped_8bits2\9_0401_0_8bits.tiff;J:\Culture Cellulaire 3D Microfluidique\PDX\PTT\20260126\After laser\Analysis\2026-01-28_170438_KSBRU_tube3_after laser_segmentationDebug2\9_0401_0_segmented.tiff;1106.0;(75. 71);141.053822517395;0.910288065843621;37.5260301188;0.698546419864212;0.955435057989968;813.781635360163;0.982362406477053;0.94600095587009;0.866932947840145;23.61804773340701;65.0;Dead;;;;;;;;;;;;;;;;;
3;Tube 3;905010.0;905010.0;0.0;501.0;False;J:\Culture Cellulaire 3D Microfluidique\PDX\PTT\20260126\Before merge\Analysis\2026-01-27_120157_KSBRU_tube3_before first merge_cropped_8bits2\9_0501_0_8bits.tiff;J:\Culture Cellulaire 3D Microfluidique\PDX\PTT\20260126\Before merge\Analysis\2026-01-27_120157_KSBRU_tube3_before first merge_segmentationDebug2\9_0501_0_segmented.tiff;989.0;(80. 81);123.396968841552;0.963468095470043;35.4856859838312;0.816201093405659;0.874952286219756;579.330724325388;0.974643703241595;0.937970943338842;0.891496931491781;905010.0;0.0;501.0;False;J:\Culture Cellulaire 3D Microfluidique\PDX\PTT\20260126\Before laser\Analysis\2026-01-28_104807_KSBRU_tube3_before laser_cropped_8bits2\9_0501_0_8bits.tiff;J:\Culture Cellulaire 3D Microfluidique\PDX\PTT\20260126\Before laser\Analysis\2026-01-28_104807_KSBRU_tube3_before laser_segmentationDebug2\9_0501_0_segmented.tiff;1081.5;(75. 68);123.982755064964;0.98095238095238;37.1080660723659;0.884125307882989;0.957100355267324;710.723531230674;0.979516684846649;0.947557729479536;0.853572926933996;;;;;;;;;;;;;;;;;;;;;;;;;;;;;;;;;;;;;
3;Tube 4;1002020.0;1002020.0;0.0;202.0;False;J:\Culture Cellulaire 3D Microfluidique\PDX\PTT\20260126\Before merge\Analysis\2026-01-27_121246_KSBRU_tube4_before first merge_cropped_8bits2\10_0202_0_8bits.tiff;J:\Culture Cellulaire 3D Microfluidique\PDX\PTT\20260126\Before merge\Analysis\2026-01-27_121246_KSBRU_tube4_before first merge_segmentationDebug2\10_0202_0_segmented.tiff;934.0;(76. 71);116.568541526794;0.974439227960354;34.4848624005177;0.863761842545175;0.902138440607029;544.77176907322;0.982766558790561;0.954479176895266;0.890519021523405;1002020.0;0.0;202.0;False;J:\Culture Cellulaire 3D Microfluidique\PDX\PTT\20260126\Before laser\Analysis\2026-01-28_105716_KSBRU_tube4_before laser_cropped_8bits2\10_0202_0_8bits.tiff;J:\Culture Cellulaire 3D Microfluidique\PDX\PTT\20260126\Before laser\Analysis\2026-01-28_105716_KSBRU_tube4_before laser_segmentationDebug2\10_0202_0_segmented.tiff;1259.5;(76. 76);136.811181902885;0.964764458062045;40.0455391597358;0.845599750869122;0.831794589952055;592.135965735302;0.974166908601334;0.939252522228175;0.89412842638115;;;;;;;;;;;;;;;;;;;;;;;;;;;;;;;;;;;;;
3;Tube 4;1002030.0;;;;;;;;;;;;;;;;;;;;;;;;;;;;;;;;;;;1002030.0;0.0;203.0;False;J:\Culture Cellulaire 3D Microfluidique\PDX\PTT\20260126\After laser\Analysis\2026-01-28_171544_KSBRU_tube4_after laser_cropped_8bits2\10_0203_0_8bits.tiff;J:\Culture Cellulaire 3D Microfluidique\PDX\PTT\20260126\After laser\Analysis\2026-01-28_171544_KSBRU_tube4_after laser_segmentationDebug2\10_0203_0_segmented.tiff;1260.0;(78. 73);147.882249355316;0.922738923471256;40.0534870687472;0.724016249816682;0.796524685525281;834.526115068441;0.977493134204385;0.938780988199768;0.847787794583666;4.40567020168746;68.0;Dead;;;;;;;;;;;;;;;;;
3;Tube 4;103070.0;;;;;;;;;;;;;;;;;;103070.0;0.0;307.0;False;J:\Culture Cellulaire 3D Microfluidique\PDX\PTT\20260126\Before laser\Analysis\2026-01-28_105716_KSBRU_tube4_before laser_cropped_8bits2\1_0307_0_8bits.tiff;J:\Culture Cellulaire 3D Microfluidique\PDX\PTT\20260126\Before laser\Analysis\2026-01-28_105716_KSBRU_tube4_before laser_segmentationDebug2\1_0307_0_segmented.tiff;1295.0;(75. 75);137.882249832153;0.975150602409638;40.60597505826;0.855978605635516;0.942255455998675;691.90214573338;0.978776503418903;0.937729997044846;0.904540083798336;103070.0;0.0;307.0;False;J:\Culture Cellulaire 3D Microfluidique\PDX\PTT\20260126\After laser\Analysis\2026-01-28_171544_KSBRU_tube4_after laser_cropped_8bits2\1_0307_0_8bits.tiff;J:\Culture Cellulaire 3D Microfluidique\PDX\PTT\20260126\After laser\Analysis\2026-01-28_171544_KSBRU_tube4_after laser_segmentationDebug2\1_0307_0_segmented.tiff;1693.5;(76. 70);171.639609098434;0.925662749385077;46.435236286779;0.722370548905402;0.890183945843984;741.132424732836;0.979180974408767;0.919010144972549;0.887503668201451;146.0119439780673;37.0;Alive;0.0;0.0;0.0;;;;398.5;;33.757359266280986;-0.049487853024561046;5.829261228519002;-0.133608056730114;-0.052071510154691025;49.23027899945589;0.0004044709898639587;-0.018719852072297094;-0.017036415596884957
3;Tube 4;1102050.0;1102050.0;0.0;205.0;False;J:\Culture Cellulaire 3D Microfluidique\PDX\PTT\20260126\Before merge\Analysis\2026-01-27_121246_KSBRU_tube4_before first merge_cropped_8bits2\11_0205_0_8bits.tiff;J:\Culture Cellulaire 3D Microfluidique\PDX\PTT\20260126\Before merge\Analysis\2026-01-27_121246_KSBRU_tube4_before first merge_segmentationDebug2\11_0205_0_segmented.tiff;749.0;(82. 71);102.911687612533;0.979084967320261;30.8813279994017;0.888714531664355;0.967011872424235;501.739667942932;0.987244487525577;0.963061865193073;0.901245566455388;1102050.0;0.0;205.0;False;J:\Culture Cellulaire 3D Microfluidique\PDX\PTT\20260126\Before laser\Analysis\2026-01-28_105716_KSBRU_tube4_before laser_cropped_8bits2\11_0205_0_8bits.tiff;J:\Culture Cellulaire 3D Microfluidique\PDX\PTT\20260126\Before laser\Analysis\2026-01-28_105716_KSBRU_tube4_before laser_segmentationDebug2\11_0205_0_segmented.tiff;1335.5;(70. 82);157.982754826545;0.906653088934148;41.2360450576168;0.672410352458871;0.921756151014397;767.914569138511;0.976305623756709;0.935240496568145;0.915051015896645;;;;;;;;;;;;;;;;;;;;;;;;;;;;;;;;;;;;;
3;Tube 4;1102060.0;;;;;;;;;;;;;;;;;;;;;;;;;;;;;;;;;;;1102060.0;0.0;206.0;False;J:\Culture Cellulaire 3D Microfluidique\PDX\PTT\20260126\After laser\Analysis\2026-01-28_171544_KSBRU_tube4_after laser_cropped_8bits2\11_0206_0_8bits.tiff;J:\Culture Cellulaire 3D Microfluidique\PDX\PTT\20260126\After laser\Analysis\2026-01-28_171544_KSBRU_tube4_after laser_segmentationDebug2\11_0206_0_segmented.tiff;1392.5;(74. 70);159.296463012695;0.900711513583441;42.1068410836495;0.689592932797944;0.852838731095816;627.073992047012;0.978824272479227;0.932579334708756;0.911252402272049;23.703058253458867;53.0;Dead;;;;;;;;;;;;;;;;;
3;Tube 4;1202080.0;1202080.0;0.0;208.0;False;J:\Culture Cellulaire 3D Microfluidique\PDX\PTT\20260126\Before merge\Analysis\2026-01-27_121246_KSBRU_tube4_before first merge_cropped_8bits2\12_0208_0_8bits.tiff;J:\Culture Cellulaire 3D Microfluidique\PDX\PTT\20260126\Before merge\Analysis\2026-01-27_121246_KSBRU_tube4_before first merge_segmentationDebug2\12_0208_0_segmented.tiff;408.0;(63. 50);75.9411250352859;0.98076923076923;22.792141940852;0.889029093774785;0.940820828830863;321.544814814814;0.992940141210176;0.979178707565165;0.906813887280784;1202080.0;0.0;208.0;False;J:\Culture Cellulaire 3D Microfluidique\PDX\PTT\20260126\Before laser\Analysis\2026-01-28_105716_KSBRU_tube4_before laser_cropped_8bits2\12_0208_0_8bits.tiff;J:\Culture Cellulaire 3D Microfluidique\PDX\PTT\20260126\Before laser\Analysis\2026-01-28_105716_KSBRU_tube4_before laser_segmentationDebug2\12_0208_0_segmented.tiff;1293.5;(76. 72);144.811182022094;0.943816125501641;40.5824512704066;0.775125634942721;0.879301227043348;694.998641251221;0.97740778628548;0.937461364691274;0.910019075208785;1202080.0;0.0;208.0;False;J:\Culture Cellulaire 3D Microfluidique\PDX\PTT\20260126\After laser\Analysis\2026-01-28_171544_KSBRU_tube4_after laser_cropped_8bits2\12_0208_0_8bits.tiff;J:\Culture Cellulaire 3D Microfluidique\PDX\PTT\20260126\After laser\Analysis\2026-01-28_171544_KSBRU_tube4_after laser_segmentationDebug2\12_0208_0_segmented.tiff;1289.0;(78. 72);154.225395321846;0.904561403508771;40.5117979502715;0.681006092250815;0.905403955043628;906.470292731033;0.976426118438278;0.937204638630545;0.870761449343678;1.733151977557223;54.0;Dead;0.0;0.0;0.0;;;;-4.5;;9.41421329975202;-0.039254721992869945;-0.07065332013510073;-0.09411954269190603;0.026102728000280018;211.47165147981207;-0.0009816678472019946;-0.0002567260607289068;-0.03925762586510695
3;Tube 4;1302110.0;1302110.0;0.0;211.0;False;J:\Culture Cellulaire 3D Microfluidique\PDX\PTT\20260126\Before merge\Analysis\2026-01-27_121246_KSBRU_tube4_before first merge_cropped_8bits2\13_0211_0_8bits.tiff;J:\Culture Cellulaire 3D Microfluidique\PDX\PTT\20260126\Before merge\Analysis\2026-01-27_121246_KSBRU_tube4_before first merge_segmentationDebug2\13_0211_0_segmented.tiff;555.5;(75. 79);113.840619683265;0.879651623119556;26.5948221859139;0.538641021447917;0.840854321200159;226.994370651486;0.989627996243077;0.971353007389713;0.901407866961969;1302110.0;0.0;211.0;False;J:\Culture Cellulaire 3D Microfluidique\PDX\PTT\20260126\Before laser\Analysis\2026-01-28_105716_KSBRU_tube4_before laser_cropped_8bits2\13_0211_0_8bits.tiff;J:\Culture Cellulaire 3D Microfluidique\PDX\PTT\20260126\Before laser\Analysis\2026-01-28_105716_KSBRU_tube4_before laser_segmentationDebug2\13_0211_0_segmented.tiff;1266.0;(77. 76);136.225395321846;0.971976967370441;40.1487392533653;0.857289325041025;0.889317933135466;481.349168178237;0.975791732964097;0.938940402086378;0.914214430846072;;;;;;;;;;;;;;;;;;;;;;;;;;;;;;;;;;;;;
3;Tube 4;1302120.0;;;;;;;;;;;;;;;;;;;;;;;;;;;;;;;;;;;1302120.0;0.0;212.0;False;J:\Culture Cellulaire 3D Microfluidique\PDX\PTT\20260126\After laser\Analysis\2026-01-28_171544_KSBRU_tube4_after laser_cropped_8bits2\13_0212_0_8bits.tiff;J:\Culture Cellulaire 3D Microfluidique\PDX\PTT\20260126\After laser\Analysis\2026-01-28_171544_KSBRU_tube4_after laser_segmentationDebug2\13_0212_0_segmented.tiff;1454.5;(81. 77);157.639608860015;0.93088;43.0340204700571;0.735517300372349;0.95260024823513;704.049743097455;0.977336311512703;0.930013565813494;0.893799372378923;52.28784562089559;53.0;Alive;;;;;;;;;;;;;;;;;
3;Tube 4;1402140.0;1402140.0;0.0;214.0;False;J:\Culture Cellulaire 3D Microfluidique\PDX\PTT\20260126\Before merge\Analysis\2026-01-27_121246_KSBRU_tube4_before first merge_cropped_8bits2\14_0214_0_8bits.tiff;J:\Culture Cellulaire 3D Microfluidique\PDX\PTT\20260126\Before merge\Analysis\2026-01-27_121246_KSBRU_tube4_before first merge_segmentationDebug2\14_0214_0_segmented.tiff;567.0;(107. 130);91.5979788303375;0.964285714285714;26.8686959464883;0.849221813951264;0.931415875957627;42.2479922077066;0.992219749890496;0.971550540364277;0.937769066909557;1402140.0;0.0;214.0;False;J:\Culture Cellulaire 3D Microfluidique\PDX\PTT\20260126\Before laser\Analysis\2026-01-28_105716_KSBRU_tube4_before laser_cropped_8bits2\14_0214_0_8bits.tiff;J:\Culture Cellulaire 3D Microfluidique\PDX\PTT\20260126\Before laser\Analysis\2026-01-28_105716_KSBRU_tube4_before laser_segmentationDebug2\14_0214_0_segmented.tiff;1237.0;(75. 73);135.882249593734;0.971338829996073;39.6862358612831;0.841887588980842;0.787491688723923;551.322697203953;0.97978583154201;0.940428385523653;0.923162420593172;1402140.0;0.0;214.0;False;J:\Culture Cellulaire 3D Microfluidique\PDX\PTT\20260126\After laser\Analysis\2026-01-28_171544_KSBRU_tube4_after laser_cropped_8bits2\14_0214_0_8bits.tiff;J:\Culture Cellulaire 3D Microfluidique\PDX\PTT\20260126\After laser\Analysis\2026-01-28_171544_KSBRU_tube4_after laser_segmentationDebug2\14_0214_0_segmented.tiff;1160.5;(78. 73);137.982754945755;0.940437601296596;38.4394913034129;0.765958756262183;0.813329864265443;583.577243521096;0.983038639234454;0.943680742806511;0.919625826427767;3.1942702909485052;54.0;Dead;0.0;0.0;0.0;;;;-76.5;;2.1005053520210026;-0.03090122869947698;-1.2467445578702012;-0.07592883271865902;0.025838175541520014;32.25454631714297;0.0032528076924439597;0.0032523572828579983;-0.0035365941654049715
3;Tube 4;1502170.0;1502170.0;0.0;217.0;False;J:\Culture Cellulaire 3D Microfluidique\PDX\PTT\20260126\Before merge\Analysis\2026-01-27_121246_KSBRU_tube4_before first merge_cropped_8bits2\15_0217_0_8bits.tiff;J:\Culture Cellulaire 3D Microfluidique\PDX\PTT\20260126\Before merge\Analysis\2026-01-27_121246_KSBRU_tube4_before first merge_segmentationDebug2\15_0217_0_segmented.tiff;627.5;(116. 110);97.3553384542465;0.96612779060816;28.2658418293408;0.831963076677237;0.964570261609127;275.647048339419;0.98978795710892;0.968724159038046;0.928641839886352;1502170.0;0.0;217.0;False;J:\Culture Cellulaire 3D Microfluidique\PDX\PTT\20260126\Before laser\Analysis\2026-01-28_105716_KSBRU_tube4_before laser_cropped_8bits2\15_0217_0_8bits.tiff;J:\Culture Cellulaire 3D Microfluidique\PDX\PTT\20260126\Before laser\Analysis\2026-01-28_105716_KSBRU_tube4_before laser_segmentationDebug2\15_0217_0_segmented.tiff;1347.0;(75. 70);141.053822636604;0.97081081081081;41.4132064293295;0.850761325467135;0.899716901252782;646.15472038208;0.967829600716546;0.935211726310808;0.884143646589321;1502170.0;0.0;217.0;False;J:\Culture Cellulaire 3D Microfluidique\PDX\PTT\20260126\After laser\Analysis\2026-01-28_171544_KSBRU_tube4_after laser_cropped_8bits2\15_0217_0_8bits.tiff;J:\Culture Cellulaire 3D Microfluidique\PDX\PTT\20260126\After laser\Analysis\2026-01-28_171544_KSBRU_tube4_after laser_segmentationDebug2\15_0217_0_segmented.tiff;1106.5;(73. 78);140.325900912284;0.918257261410788;37.5345115360445;0.706131530143065;0.791549066256183;662.483016126275;0.976720793823675;0.945768201518696;0.878573804648548;33.85118908464923;59.0;Dead;0.0;0.0;0.0;;;;-240.5;;-0.727921724319998;-0.05255354940002199;-3.878694893285001;-0.14462979532407005;-0.10816783499659899;16.328295744194975;0.008891193107129047;0.01055647520788805;-0.005569841940773035
3;Tube 4;1602200.0;;;;;;;;;;;;;;;;;;1602200.0;0.0;220.0;False;J:\Culture Cellulaire 3D Microfluidique\PDX\PTT\20260126\Before laser\Analysis\2026-01-28_105716_KSBRU_tube4_before laser_cropped_8bits2\16_0220_0_8bits.tiff;J:\Culture Cellulaire 3D Microfluidique\PDX\PTT\20260126\Before laser\Analysis\2026-01-28_105716_KSBRU_tube4_before laser_segmentationDebug2\16_0220_0_segmented.tiff;1157.0;(79. 73);142.225395441055;0.905675146771037;38.3814819054525;0.718768313254934;0.72493378135023;585.033353511784;0.979666177325553;0.943761086909527;0.914332030927366;1602200.0;0.0;220.0;False;J:\Culture Cellulaire 3D Microfluidique\PDX\PTT\20260126\After laser\Analysis\2026-01-28_171544_KSBRU_tube4_after laser_cropped_8bits2\16_0220_0_8bits.tiff;J:\Culture Cellulaire 3D Microfluidique\PDX\PTT\20260126\After laser\Analysis\2026-01-28_171544_KSBRU_tube4_after laser_segmentationDebug2\16_0220_0_segmented.tiff;891.0;(70. 73);136.083260178565;0.856730769230769;33.681692866586;0.604613942151412;0.871845853782295;912.769948051948;0.978953374267705;0.955387846096719;0.828224657743129;6.42467005291905;52.0;Dead;0.0;0.0;0.0;;;;-266.0;;-6.142135262490001;-0.048944377540268036;-4.699789038866506;-0.114154371103522;0.14691207243206494;327.736594540164;-0.0007128030578479327;0.011626759187192026;-0.086107373184237
3;Tube 4;1703240.0;;;;;;;;;;;;;;;;;;1703240.0;0.0;324.0;False;J:\Culture Cellulaire 3D Microfluidique\PDX\PTT\20260126\Before laser\Analysis\2026-01-28_105716_KSBRU_tube4_before laser_cropped_8bits2\17_0324_0_8bits.tiff;J:\Culture Cellulaire 3D Microfluidique\PDX\PTT\20260126\Before laser\Analysis\2026-01-28_105716_KSBRU_tube4_before laser_segmentationDebug2\17_0324_0_segmented.tiff;897.0;(73. 70);133.740114212036;0.886801779535343;33.7949089601886;0.630200767246837;0.832706708618124;952.601318888365;0.984898252560313;0.957060586662646;0.85478977269404;;;;;;;;;;;;;;;;;;;;;;;;;;;;;;;;;;;;;
3;Tube 4;1805240.0;;;;;;;;;;;;;;;;;;1805240.0;0.0;524.0;False;J:\Culture Cellulaire 3D Microfluidique\PDX\PTT\20260126\Before laser\Analysis\2026-01-28_105716_KSBRU_tube4_before laser_cropped_8bits2\18_0524_0_8bits.tiff;J:\Culture Cellulaire 3D Microfluidique\PDX\PTT\20260126\Before laser\Analysis\2026-01-28_105716_KSBRU_tube4_before laser_segmentationDebug2\18_0524_0_segmented.tiff;999.0;(77. 84);142.083260297775;0.881340979267754;35.664636619352;0.621855563535113;0.788555795746862;685.120488064686;0.971985876592023;0.934812272732597;0.875989333842684;1805240.0;0.0;524.0;False;J:\Culture Cellulaire 3D Microfluidique\PDX\PTT\20260126\After laser\Analysis\2026-01-28_171544_KSBRU_tube4_after laser_cropped_8bits2\18_0524_0_8bits.tiff;J:\Culture Cellulaire 3D Microfluidique\PDX\PTT\20260126\After laser\Analysis\2026-01-28_171544_KSBRU_tube4_after laser_segmentationDebug2\18_0524_0_segmented.tiff;1010.5;(71. 76);162.811182022094;0.803259141494435;35.8693261709065;0.47904655708004;0.680499542583137;678.187203819214;0.98025103182687;0.949474892219516;0.870212726362371;58.6105030497524;37.0;Alive;0.0;0.0;0.0;;;;11.5;;20.727921724318975;-0.07808183777331901;0.20468955155449464;-0.14280900645507294;-0.10805625316372491;-6.933284245472009;0.008265155234847055;0.014662619486918937;-0.005776607480312945
3;Tube 4;1908240.0;;;;;;;;;;;;;;;;;;1908240.0;0.0;824.0;False;J:\Culture Cellulaire 3D Microfluidique\PDX\PTT\20260126\Before laser\Analysis\2026-01-28_105716_KSBRU_tube4_before laser_cropped_8bits2\19_0824_0_8bits.tiff;J:\Culture Cellulaire 3D Microfluidique\PDX\PTT\20260126\Before laser\Analysis\2026-01-28_105716_KSBRU_tube4_before laser_segmentationDebug2\19_0824_0_segmented.tiff;1041.5;(69. 80);138.325900793075;0.896299483648881;36.4153674407065;0.684009485234002;0.697561083191866;604.155201367216;0.970364711205611;0.931314350745584;0.887589880406488;1908240.0;0.0;824.0;False;J:\Culture Cellulaire 3D Microfluidique\PDX\PTT\20260126\After laser\Analysis\2026-01-28_171544_KSBRU_tube4_after laser_cropped_8bits2\19_0824_0_8bits.tiff;J:\Culture Cellulaire 3D Microfluidique\PDX\PTT\20260126\After laser\Analysis\2026-01-28_171544_KSBRU_tube4_after laser_segmentationDebug2\19_0824_0_segmented.tiff;1012.0;(80. 72);157.396968722343;0.832236842105263;35.8959387573578;0.513331184695643;0.754117721430198;779.168054338299;0.979033719887095;0.949609822858295;0.8576905039172;67.53660765519733;37.0;Alive;0.0;0.0;0.0;;;;-29.5;;19.071067929267997;-0.06406264154361796;-0.5194286833486998;-0.17067830053835897;0.0565566382383319;175.01285297108302;0.008669008681484014;0.018295472112710987;-0.029899376489287977
3;Tube 4;1909240.0;1909240.0;0.0;924.0;False;J:\Culture Cellulaire 3D Microfluidique\PDX\PTT\20260126\Before merge\Analysis\2026-01-27_121246_KSBRU_tube4_before first merge_cropped_8bits2\19_0924_0_8bits.tiff;J:\Culture Cellulaire 3D Microfluidique\PDX\PTT\20260126\Before merge\Analysis\2026-01-27_121246_KSBRU_tube4_before first merge_segmentationDebug2\19_0924_0_segmented.tiff;863.5;(76. 70);115.497473716735;0.950991189427312;33.1578399006752;0.813443205526553;0.923084313768325;195.204623976768;0.988456855544592;0.9542771743398;0.946722826594703;;;;;;;;;;;;;;;;;;;;;;;;;;;;;;;;;;;;;;;;;;;;;;;;;;;;;;
3;Tube 4;2011240.0;;;;;;;;;;;;;;;;;;;;;;;;;;;;;;;;;;;2011240.0;0.0;1124.0;False;J:\Culture Cellulaire 3D Microfluidique\PDX\PTT\20260126\After laser\Analysis\2026-01-28_171544_KSBRU_tube4_after laser_cropped_8bits2\20_1124_0_8bits.tiff;J:\Culture Cellulaire 3D Microfluidique\PDX\PTT\20260126\After laser\Analysis\2026-01-28_171544_KSBRU_tube4_after laser_segmentationDebug2\20_1124_0_segmented.tiff;1203.5;(73. 71);137.154327750206;0.955537911869789;39.1451630739835;0.803964601050998;0.86855521924196;737.655920762728;0.976183414876506;0.941634824502733;0.873805186389898;87.93913246764288;37.0;Alive;;;;;;;;;;;;;;;;;
3;Tube 4;205050.0;205050.0;0.0;505.0;False;J:\Culture Cellulaire 3D Microfluidique\PDX\PTT\20260126\Before merge\Analysis\2026-01-27_121246_KSBRU_tube4_before first merge_cropped_8bits2\2_0505_0_8bits.tiff;J:\Culture Cellulaire 3D Microfluidique\PDX\PTT\20260126\Before merge\Analysis\2026-01-27_121246_KSBRU_tube4_before first merge_segmentationDebug2\2_0505_0_segmented.tiff;1126.5;(79. 72);150.468036293983;0.889108129439621;37.8722107506831;0.625248349128724;0.849467193165163;640.115296070243;0.978736095320082;0.94482552038834;0.888303418178309;205050.0;0.0;505.0;False;J:\Culture Cellulaire 3D Microfluidique\PDX\PTT\20260126\Before laser\Analysis\2026-01-28_105716_KSBRU_tube4_before laser_cropped_8bits2\2_0505_0_8bits.tiff;J:\Culture Cellulaire 3D Microfluidique\PDX\PTT\20260126\Before laser\Analysis\2026-01-28_105716_KSBRU_tube4_before laser_segmentationDebug2\2_0505_0_segmented.tiff;1248.0;(75. 72);135.396968603134;0.973858759266484;39.862299881335;0.855473512422754;0.871435149684644;802.158490853658;0.979083521384666;0.93987126985227;0.897793205413121;;;;;;;;;;;;;;;;;;;;;;;;;;;;;;;;;;;;;
3;Tube 4;308050.0;308050.0;0.0;805.0;False;J:\Culture Cellulaire 3D Microfluidique\PDX\PTT\20260126\Before merge\Analysis\2026-01-27_121246_KSBRU_tube4_before first merge_cropped_8bits2\3_0805_0_8bits.tiff;J:\Culture Cellulaire 3D Microfluidique\PDX\PTT\20260126\Before merge\Analysis\2026-01-27_121246_KSBRU_tube4_before first merge_segmentationDebug2\3_0805_0_segmented.tiff;998.5;(78. 81);121.154327630996;0.97605083088954;35.6557104180811;0.854830619131751;0.892392387205325;335.354122807017;0.9840446343881;0.951431757606324;0.904073996616559;308050.0;0.0;805.0;False;J:\Culture Cellulaire 3D Microfluidique\PDX\PTT\20260126\Before laser\Analysis\2026-01-28_105716_KSBRU_tube4_before laser_cropped_8bits2\3_0805_0_8bits.tiff;J:\Culture Cellulaire 3D Microfluidique\PDX\PTT\20260126\Before laser\Analysis\2026-01-28_105716_KSBRU_tube4_before laser_segmentationDebug2\3_0805_0_segmented.tiff;1367.0;(75. 72);142.568541049957;0.970191625266146;41.7195213018194;0.845144496815502;0.825100992188926;841.883884351931;0.972501710176878;0.93404845828732;0.883221853361921;308050.0;0.0;805.0;False;J:\Culture Cellulaire 3D Microfluidique\PDX\PTT\20260126\After laser\Analysis\2026-01-28_171544_KSBRU_tube4_after laser_cropped_8bits2\3_0805_0_8bits.tiff;J:\Culture Cellulaire 3D Microfluidique\PDX\PTT\20260126\After laser\Analysis\2026-01-28_171544_KSBRU_tube4_after laser_segmentationDebug2\3_0805_0_segmented.tiff;1724.5;(75. 71);170.811182141304;0.939270152505446;46.8583140423958;0.742746246997667;0.807751309394638;743.748963309336;0.969296119989527;0.917278387217245;0.875305467269591;83.58234331498524;51.0;Alive;0.0;0.0;0.0;;;;357.5;;28.242641091346997;-0.03092147276070001;5.138792740576399;-0.10239824981783496;-0.017349682794287946;-98.13492104259501;-0.003205590187351004;-0.016770071070075;-0.00791638609233003
3;Tube 4;411050.0;411050.0;0.0;1105.0;False;J:\Culture Cellulaire 3D Microfluidique\PDX\PTT\20260126\Before merge\Analysis\2026-01-27_121246_KSBRU_tube4_before first merge_cropped_8bits2\4_1105_0_8bits.tiff;J:\Culture Cellulaire 3D Microfluidique\PDX\PTT\20260126\Before merge\Analysis\2026-01-27_121246_KSBRU_tube4_before first merge_segmentationDebug2\4_1105_0_segmented.tiff;1134.5;(76. 76);135.982755064964;0.945022907122032;38.0064502881029;0.770986355889132;0.898026103984328;665.460422682485;0.97745431697299;0.94473351425117;0.87994511258003;411050.0;0.0;1105.0;False;J:\Culture Cellulaire 3D Microfluidique\PDX\PTT\20260126\Before laser\Analysis\2026-01-28_105716_KSBRU_tube4_before laser_cropped_8bits2\4_1105_0_8bits.tiff;J:\Culture Cellulaire 3D Microfluidique\PDX\PTT\20260126\Before laser\Analysis\2026-01-28_105716_KSBRU_tube4_before laser_segmentationDebug2\4_1105_0_segmented.tiff;1355.5;(71. 69);194.953317046165;0.769733106189665;41.543666218673;0.448175516956561;0.647958078778352;670.014356994058;0.971108342683234;0.932622615327444;0.87326288497429;;;;;;;;;;;;;;;;;;;;;;;;;;;;;;;;;;;;;
3;Tube 4;412050.0;;;;;;;;;;;;;;;;;;;;;;;;;;;;;;;;;;;412050.0;0.0;1205.0;False;J:\Culture Cellulaire 3D Microfluidique\PDX\PTT\20260126\After laser\Analysis\2026-01-28_171544_KSBRU_tube4_after laser_cropped_8bits2\4_1205_0_8bits.tiff;J:\Culture Cellulaire 3D Microfluidique\PDX\PTT\20260126\After laser\Analysis\2026-01-28_171544_KSBRU_tube4_after laser_segmentationDebug2\4_1205_0_segmented.tiff;1766.0;(77. 72);180.367530584335;0.916926272066458;47.4187835778428;0.682156221643593;0.939468903261389;903.379060157334;0.968043322474589;0.915421335446923;0.853061642886239;71.04329160733641;46.0;Alive;;;;;;;;;;;;;;;;;
3;Tube 4;514050.0;;;;;;;;;;;;;;;;;;514050.0;0.0;1405.0;False;J:\Culture Cellulaire 3D Microfluidique\PDX\PTT\20260126\Before laser\Analysis\2026-01-28_105716_KSBRU_tube4_before laser_cropped_8bits2\5_1405_0_8bits.tiff;J:\Culture Cellulaire 3D Microfluidique\PDX\PTT\20260126\Before laser\Analysis\2026-01-28_105716_KSBRU_tube4_before laser_segmentationDebug2\5_1405_0_segmented.tiff;1486.5;(74. 77);152.811181902885;0.957487922705314;43.5048340216213;0.799953067477878;0.756798639569729;714.460309804395;0.968157013547301;0.928488957185357;0.868622257516984;514050.0;0.0;1405.0;False;J:\Culture Cellulaire 3D Microfluidique\PDX\PTT\20260126\After laser\Analysis\2026-01-28_171544_KSBRU_tube4_after laser_cropped_8bits2\5_1405_0_8bits.tiff;J:\Culture Cellulaire 3D Microfluidique\PDX\PTT\20260126\After laser\Analysis\2026-01-28_171544_KSBRU_tube4_after laser_segmentationDebug2\5_1405_0_segmented.tiff;1478.5;(82. 69);187.781744480133;0.865885797950219;43.3876096010247;0.526895457305039;0.658946631465862;658.924522622575;0.969796636881042;0.928182870390337;0.854991122108304;11.164006545810045;75.0;Dead;0.0;0.0;0.0;;;;-8.0;;34.97056257724799;-0.091602124755095;-0.11722442059659954;-0.273057610172839;-0.09785200810386707;-55.53578718182007;0.0016396233337410138;-0.0003060867950199775;-0.013631135408679995
3;Tube 4;515041.0;515041.0;0.0;1504.0;True;J:\Culture Cellulaire 3D Microfluidique\PDX\PTT\20260126\Before merge\Analysis\2026-01-27_121246_KSBRU_tube4_before first merge_cropped_8bits2\5_1504_1_8bits.tiff;J:\Culture Cellulaire 3D Microfluidique\PDX\PTT\20260126\Before merge\Analysis\2026-01-27_121246_KSBRU_tube4_before first merge_segmentationDebug2\5_1504_1_segmented.tiff;633.5;(73. 41);127.497473716735;0.823797139141742;28.4006558302748;0.489726183084748;0.685296175065265;444.439175576701;0.985666212235497;0.95985706697895;0.887120641949074;;;;;;;;;;;;;;;;;;;;;;;;;;;;;;;;;;;;;;;;;;;;;;;;;;;;;;
3;Tube 4;614010.0;614010.0;0.0;1401.0;False;J:\Culture Cellulaire 3D Microfluidique\PDX\PTT\20260126\Before merge\Analysis\2026-01-27_121246_KSBRU_tube4_before first merge_cropped_8bits2\6_1401_0_8bits.tiff;J:\Culture Cellulaire 3D Microfluidique\PDX\PTT\20260126\Before merge\Analysis\2026-01-27_121246_KSBRU_tube4_before first merge_segmentationDebug2\6_1401_0_segmented.tiff;840.5;(77. 79);114.669046640396;0.952947845804988;32.7132669929174;0.803258219421893;0.922665238592655;413.042517006802;0.989010254385698;0.958684349656639;0.909287300297223;614010.0;0.0;1401.0;False;J:\Culture Cellulaire 3D Microfluidique\PDX\PTT\20260126\Before laser\Analysis\2026-01-28_105716_KSBRU_tube4_before laser_cropped_8bits2\6_1401_0_8bits.tiff;J:\Culture Cellulaire 3D Microfluidique\PDX\PTT\20260126\Before laser\Analysis\2026-01-28_105716_KSBRU_tube4_before laser_segmentationDebug2\6_1401_0_segmented.tiff;1436.0;(79. 79);145.053822398185;0.973889454052221;42.7594666271656;0.857641817803957;0.820263764955458;636.964777742147;0.974915570190737;0.931261239588023;0.892059433196017;614010.0;0.0;1401.0;False;J:\Culture Cellulaire 3D Microfluidique\PDX\PTT\20260126\After laser\Analysis\2026-01-28_171544_KSBRU_tube4_after laser_cropped_8bits2\6_1401_0_8bits.tiff;J:\Culture Cellulaire 3D Microfluidique\PDX\PTT\20260126\After laser\Analysis\2026-01-28_171544_KSBRU_tube4_after laser_segmentationDebug2\6_1401_0_segmented.tiff;1044.5;(78. 74);141.497473835945;0.896181896181896;36.467776248023;0.655572813965557;0.7206377405218;770.14333478456;0.982022568348664;0.948837866075007;0.850966725560439;14.118122117612057;48.0;Dead;0.0;0.0;0.0;;;;-391.5;;-3.5563485622400037;-0.07770755787032502;-6.291690379142601;-0.20206900383839999;-0.09962602443365809;133.178557042413;0.007106998157926925;0.017576626486983993;-0.04109270763557804
3;Tube 4;711010.0;;;;;;;;;;;;;;;;;;711010.0;0.0;1101.0;False;J:\Culture Cellulaire 3D Microfluidique\PDX\PTT\20260126\Before laser\Analysis\2026-01-28_105716_KSBRU_tube4_before laser_cropped_8bits2\7_1101_0_8bits.tiff;J:\Culture Cellulaire 3D Microfluidique\PDX\PTT\20260126\Before laser\Analysis\2026-01-28_105716_KSBRU_tube4_before laser_segmentationDebug2\7_1101_0_segmented.tiff;1396.0;(76. 77);143.539103865623;0.973840251133589;42.159724909566;0.851441513668669;0.791214848491296;794.592918384866;0.970136746190753;0.933081429517904;0.881504111915618;711010.0;0.0;1101.0;False;J:\Culture Cellulaire 3D Microfluidique\PDX\PTT\20260126\After laser\Analysis\2026-01-28_171544_KSBRU_tube4_after laser_cropped_8bits2\7_1101_0_8bits.tiff;J:\Culture Cellulaire 3D Microfluidique\PDX\PTT\20260126\After laser\Analysis\2026-01-28_171544_KSBRU_tube4_after laser_segmentationDebug2\7_1101_0_segmented.tiff;1434.5;(76. 75);165.982754826545;0.896282411746329;42.7371282016303;0.654311389336557;0.922238076398011;784.057839411214;0.97397724933169;0.930591457859288;0.882630859034082;13.618685312307399;73.0;Dead;0.0;0.0;0.0;;;;38.5;;22.443650960922014;-0.07755783938725991;0.5774032920642966;-0.19713012433211208;0.13102322790671506;-10.535078973652048;0.0038405031409370904;-0.002489971658615975;0.0011267471184640554
3;Tube 4;807010.0;;;;;;;;;;;;;;;;;;;;;;;;;;;;;;;;;;;807010.0;0.0;701.0;False;J:\Culture Cellulaire 3D Microfluidique\PDX\PTT\20260126\After laser\Analysis\2026-01-28_171544_KSBRU_tube4_after laser_cropped_8bits2\8_0701_0_8bits.tiff;J:\Culture Cellulaire 3D Microfluidique\PDX\PTT\20260126\After laser\Analysis\2026-01-28_171544_KSBRU_tube4_after laser_segmentationDebug2\8_0701_0_segmented.tiff;1252.0;(74. 79);149.740114331245;0.911539861667273;39.9261306666251;0.701678019370894;0.922322924696625;857.097385318149;0.974655672332419;0.939126905787839;0.854705103052299;2.9604913608059014;49.0;Dead;;;;;;;;;;;;;;;;;
3;Tube 4;808010.0;808010.0;0.0;801.0;False;J:\Culture Cellulaire 3D Microfluidique\PDX\PTT\20260126\Before merge\Analysis\2026-01-27_121246_KSBRU_tube4_before first merge_cropped_8bits2\8_0801_0_8bits.tiff;J:\Culture Cellulaire 3D Microfluidique\PDX\PTT\20260126\Before merge\Analysis\2026-01-27_121246_KSBRU_tube4_before first merge_segmentationDebug2\8_0801_0_segmented.tiff;897.5;(75. 82);113.982754945755;0.977668845315904;33.8043265189503;0.868092535955566;0.882773010201736;559.573011028295;0.984996618714739;0.956105779210278;0.894828497784567;808010.0;0.0;801.0;False;J:\Culture Cellulaire 3D Microfluidique\PDX\PTT\20260126\Before laser\Analysis\2026-01-28_105716_KSBRU_tube4_before laser_cropped_8bits2\8_0801_0_8bits.tiff;J:\Culture Cellulaire 3D Microfluidique\PDX\PTT\20260126\Before laser\Analysis\2026-01-28_105716_KSBRU_tube4_before laser_segmentationDebug2\8_0801_0_segmented.tiff;1368.5;(74. 73);144.811182022094;0.959677419354838;41.7424043027;0.820069139094792;0.901789831617666;588.032182784015;0.969518656328289;0.934104879062549;0.900704294441023;;;;;;;;;;;;;;;;;;;;;;;;;;;;;;;;;;;;;
3;Tube 4;904010.0;;;;;;;;;;;;;;;;;;;;;;;;;;;;;;;;;;;904010.0;0.0;401.0;False;J:\Culture Cellulaire 3D Microfluidique\PDX\PTT\20260126\After laser\Analysis\2026-01-28_171544_KSBRU_tube4_after laser_cropped_8bits2\9_0401_0_8bits.tiff;J:\Culture Cellulaire 3D Microfluidique\PDX\PTT\20260126\After laser\Analysis\2026-01-28_171544_KSBRU_tube4_after laser_segmentationDebug2\9_0401_0_segmented.tiff;1438.5;(72. 71);158.468035817146;0.928363988383349;42.796671425492;0.719840670479471;0.87609084959188;702.598573575845;0.972898925589016;0.930641117031005;0.88723880729546;18.23050602512061;58.0;Dead;;;;;;;;;;;;;;;;;
3;Tube 4;905010.0;905010.0;0.0;501.0;False;J:\Culture Cellulaire 3D Microfluidique\PDX\PTT\20260126\Before merge\Analysis\2026-01-27_121246_KSBRU_tube4_before first merge_cropped_8bits2\9_0501_0_8bits.tiff;J:\Culture Cellulaire 3D Microfluidique\PDX\PTT\20260126\Before merge\Analysis\2026-01-27_121246_KSBRU_tube4_before first merge_segmentationDebug2\9_0501_0_segmented.tiff;789.5;(74. 67);106.669046759605;0.977103960396039;31.7052459471364;0.87193712691786;0.972229689911222;524.836313686313;0.98714287988982;0.96119968482963;0.890595086042429;905010.0;0.0;501.0;False;J:\Culture Cellulaire 3D Microfluidique\PDX\PTT\20260126\Before laser\Analysis\2026-01-28_105716_KSBRU_tube4_before laser_cropped_8bits2\9_0501_0_8bits.tiff;J:\Culture Cellulaire 3D Microfluidique\PDX\PTT\20260126\Before laser\Analysis\2026-01-28_105716_KSBRU_tube4_before laser_segmentationDebug2\9_0501_0_segmented.tiff;1262.5;(76. 72);135.639608740806;0.975280030899961;40.0932029804073;0.862319474160687;0.943815947258907;729.105772113943;0.972293756126681;0.939165794698883;0.860237967661801;;;;;;;;;;;;;;;;;;;;;;;;;;;;;;;;;;;;;
4;Tube 2;1002030.0;;;;;;;;;;;;;;;;;;1002030.0;0.0;203.0;False;G:\Experiments\PTT\Spheroids\13052025\15052025 before laser\Analysis\2025-05-15_110512_tube2_cropped_8bits2\10_0203_0_8bits.tiff;G:\Experiments\PTT\Spheroids\13052025\15052025 before laser\Analysis\2025-05-15_110512_tube2_segmentationDebug2\10_0203_0_segmented.tiff;2969.5;(72. 76);307.923879742622;0.798789509078682;61.4889000396906;0.393555923502337;0.776631345647091;1080.8794020336;0.9440348066316;0.857574256897803;0.896198662628827;;;;;;;;;;;;;;;;;;;;;;;;;;;;;;;;;;;;;
4;Tube 2;1002040.0;1002040.0;0.0;204.0;True;G:\Experiments\PTT\Spheroids\13052025\14052025\Analysis\2025-05-14_103531_tube2_cropped_8bits2\10_0204_0_8bits.tiff;G:\Experiments\PTT\Spheroids\13052025\14052025\Analysis\2025-05-14_103531_tube2_segmentationDebug2\10_0204_0_segmented.tiff;4689.5;(71. 76);522.977702498436;0.678703234676894;77.2713196796557;0.215461688311234;0.450704513875373;883.122256018609;0.897754354795642;0.774654233945036;0.898330417599947;;;;;;;;;;;;;;;;;;;;;;;;;;;;;;;;;;;;;;;;;;;;;;;;;;;;;;
4;Tube 2;1002041.0;1002041.0;0.0;204.0;True;G:\Experiments\PTT\Spheroids\13052025\14052025\Analysis\2025-05-14_103531_tube2_cropped_8bits2\10_0204_1_8bits.tiff;G:\Experiments\PTT\Spheroids\13052025\14052025\Analysis\2025-05-14_103531_tube2_segmentationDebug2\10_0204_1_segmented.tiff;4716.0;(88. 74);559.220343112945;0.653004707837164;77.4893392214118;0.189503718908749;0.537935997538104;289.999084219631;0.882544144550765;0.771209865242085;0.916685911658727;;;;;;;;;;;;;;;;;;;;;;;;;;;;;;;;;;;;;;;;;;;;;;;;;;;;;;
4;Tube 2;104050.0;104050.0;0.0;405.0;False;G:\Experiments\PTT\Spheroids\13052025\14052025\Analysis\2025-05-14_103531_tube2_cropped_8bits2\1_0405_0_8bits.tiff;G:\Experiments\PTT\Spheroids\13052025\14052025\Analysis\2025-05-14_103531_tube2_segmentationDebug2\1_0405_0_segmented.tiff;4332.0;(74. 72);385.480228900909;0.77191732002851;74.2675818092438;0.366348228293753;0.84461416717841;943.006653969932;0.928190303269725;0.794544095570166;0.901016785707562;104050.0;0.0;405.0;False;G:\Experiments\PTT\Spheroids\13052025\15052025 before laser\Analysis\2025-05-15_110512_tube2_cropped_8bits2\1_0405_0_8bits.tiff;G:\Experiments\PTT\Spheroids\13052025\15052025 before laser\Analysis\2025-05-15_110512_tube2_segmentationDebug2\1_0405_0_segmented.tiff;5912.5;(73. 72);647.948264837265;0.664251207729468;86.7642138686604;0.176970287075064;0.407298138128797;460.796964128163;0.866425915131852;0.715214568464871;0.915193348666579;;;;;;;;;;;;;;;;;;;;;;;;;;;;;;;;;;;;;
4;Tube 2;106050.0;;;;;;;;;;;;;;;;;;;;;;;;;;;;;;;;;;;106050.0;0.0;605.0;False;G:\Experiments\PTT\Spheroids\13052025\15052025 after laser\Analysis\2025-05-15_160831_tube2_cropped_8bits2\1_0605_0_8bits.tiff;G:\Experiments\PTT\Spheroids\13052025\15052025 after laser\Analysis\2025-05-15_160831_tube2_segmentationDebug2\1_0605_0_segmented.tiff;2700.5;(75. 73);264.894442439079;0.803600654664484;58.6377300938338;0.483624564997721;0.92911313207003;979.568930178952;0.951831693578239;0.870984132897132;0.873800911526961;164.5064107055279;37.0;Alive;;;;;;;;;;;;;;;;;
4;Tube 2;1102060.0;;;;;;;;;;;;;;;;;;1102060.0;0.0;206.0;False;G:\Experiments\PTT\Spheroids\13052025\15052025 before laser\Analysis\2025-05-15_110512_tube2_cropped_8bits2\11_0206_0_8bits.tiff;G:\Experiments\PTT\Spheroids\13052025\15052025 before laser\Analysis\2025-05-15_110512_tube2_segmentationDebug2\11_0206_0_segmented.tiff;2951.0;(77. 74);266.166520118713;0.837519511849013;61.2970627070617;0.523446403560009;0.657325378971163;1031.90777867653;0.944572465045164;0.86007287814156;0.914933368164174;;;;;;;;;;;;;;;;;;;;;;;;;;;;;;;;;;;;;
4;Tube 2;1102071.0;1102071.0;0.0;207.0;True;G:\Experiments\PTT\Spheroids\13052025\14052025\Analysis\2025-05-14_103531_tube2_cropped_8bits2\11_0207_1_8bits.tiff;G:\Experiments\PTT\Spheroids\13052025\14052025\Analysis\2025-05-14_103531_tube2_segmentationDebug2\11_0207_1_segmented.tiff;5484.0;(77. 70);632.676186442375;0.675161588180978;83.5610295731666;0.172164788654897;0.515197164920076;179.991670316195;0.868417644815305;0.736211228289061;0.925935129972562;;;;;;;;;;;;;;;;;;;;;;;;;;;;;;;;;;;;;;;;;;;;;;;;;;;;;;
4;Tube 2;1202090.0;;;;;;;;;;;;;;;;;;1202090.0;0.0;209.0;False;G:\Experiments\PTT\Spheroids\13052025\15052025 before laser\Analysis\2025-05-15_110512_tube2_cropped_8bits2\12_0209_0_8bits.tiff;G:\Experiments\PTT\Spheroids\13052025\15052025 before laser\Analysis\2025-05-15_110512_tube2_segmentationDebug2\12_0209_0_segmented.tiff;2484.0;(75. 75);277.195958137512;0.775401904167317;56.2381278948912;0.40624466313245;0.773389544812185;1282.88855977464;0.955139492410773;0.88041435450077;0.889765506978347;;;;;;;;;;;;;;;;;;;;;;;;;;;;;;;;;;;;;
4;Tube 2;1202100.0;1202100.0;0.0;210.0;True;G:\Experiments\PTT\Spheroids\13052025\14052025\Analysis\2025-05-14_103531_tube2_cropped_8bits2\12_0210_0_8bits.tiff;G:\Experiments\PTT\Spheroids\13052025\14052025\Analysis\2025-05-14_103531_tube2_segmentationDebug2\12_0210_0_segmented.tiff;3408.5;(76. 80);337.722869515419;0.838912133891213;65.877439144443;0.375536557666145;0.755420300328421;985.117835908296;0.940032517125974;0.836819115012823;0.892601926585827;;;;;;;;;;;;;;;;;;;;;;;;;;;;;;;;;;;;;;;;;;;;;;;;;;;;;;
4;Tube 2;1202101.0;1202101.0;0.0;210.0;True;G:\Experiments\PTT\Spheroids\13052025\14052025\Analysis\2025-05-14_103531_tube2_cropped_8bits2\12_0210_1_8bits.tiff;G:\Experiments\PTT\Spheroids\13052025\14052025\Analysis\2025-05-14_103531_tube2_segmentationDebug2\12_0210_1_segmented.tiff;4752.5;(87. 72);484.350285768508;0.75114588272483;77.7886298655135;0.254573309755801;0.400886561824933;247.644510046075;0.894101465315641;0.773837257449181;0.93642652573404;;;;;;;;;;;;;;;;;;;;;;;;;;;;;;;;;;;;;;;;;;;;;;;;;;;;;;
4;Tube 2;1302120.0;;;;;;;;;;;;;;;;;;1302120.0;0.0;212.0;False;G:\Experiments\PTT\Spheroids\13052025\15052025 before laser\Analysis\2025-05-15_110512_tube2_cropped_8bits2\13_0212_0_8bits.tiff;G:\Experiments\PTT\Spheroids\13052025\15052025 before laser\Analysis\2025-05-15_110512_tube2_segmentationDebug2\13_0212_0_segmented.tiff;2700.5;(73. 72);283.92387998104;0.789389067524115;58.6377300938338;0.42096908470676;0.761631503876737;1017.99881149649;0.953301413267021;0.870030652584319;0.903795449766877;;;;;;;;;;;;;;;;;;;;;;;;;;;;;;;;;;;;;
4;Tube 2;1302130.0;1302130.0;0.0;213.0;False;G:\Experiments\PTT\Spheroids\13052025\14052025\Analysis\2025-05-14_103531_tube2_cropped_8bits2\13_0213_0_8bits.tiff;G:\Experiments\PTT\Spheroids\13052025\14052025\Analysis\2025-05-14_103531_tube2_segmentationDebug2\13_0213_0_segmented.tiff;3719.5;(80. 74);324.40916109085;0.822807211591638;68.8172542800309;0.444128054409904;0.830192365816197;1158.49036309702;0.934260532446186;0.823925670860608;0.892216912637137;;;;;;;;;;;;;;;;;;;;;;;;;;;;;;;;;;;;;;;;;;;;;;;;;;;;;;
4;Tube 2;1402150.0;;;;;;;;;;;;;;;;;;1402150.0;0.0;215.0;False;G:\Experiments\PTT\Spheroids\13052025\15052025 before laser\Analysis\2025-05-15_110512_tube2_cropped_8bits2\14_0215_0_8bits.tiff;G:\Experiments\PTT\Spheroids\13052025\15052025 before laser\Analysis\2025-05-15_110512_tube2_segmentationDebug2\14_0215_0_segmented.tiff;2092.0;(74. 75);208.367530703544;0.893062966915688;51.6102424678082;0.605496244818048;0.703463162684391;1155.29838617321;0.959145143184886;0.899698741926454;0.89203408858745;;;;;;;;;;;;;;;;;;;;;;;;;;;;;;;;;;;;;
4;Tube 2;1402160.0;1402160.0;0.0;216.0;False;G:\Experiments\PTT\Spheroids\13052025\14052025\Analysis\2025-05-14_103531_tube2_cropped_8bits2\14_0216_0_8bits.tiff;G:\Experiments\PTT\Spheroids\13052025\14052025\Analysis\2025-05-14_103531_tube2_segmentationDebug2\14_0216_0_segmented.tiff;2841.5;(75. 68);267.923879265785;0.834263065179095;60.1490662135744;0.497433098180772;0.862671193647513;1159.71566351933;0.951428651044918;0.864441785152662;0.893002715730096;;;;;;;;;;;;;;;;;;;;;;;;;;;;;;;;;;;;;;;;;;;;;;;;;;;;;;
4;Tube 2;1502180.0;;;;;;;;;;;;;;;;;;1502180.0;0.0;218.0;False;G:\Experiments\PTT\Spheroids\13052025\15052025 before laser\Analysis\2025-05-15_110512_tube2_cropped_8bits2\15_0218_0_8bits.tiff;G:\Experiments\PTT\Spheroids\13052025\15052025 before laser\Analysis\2025-05-15_110512_tube2_segmentationDebug2\15_0218_0_segmented.tiff;2501.0;(82. 70);268.509666204452;0.817988552739165;56.430241018293;0.435916899935195;0.761035701770941;1267.90225390755;0.952470214456799;0.879719771897619;0.890625760535745;;;;;;;;;;;;;;;;;;;;;;;;;;;;;;;;;;;;;
4;Tube 2;1502190.0;1502190.0;0.0;219.0;False;G:\Experiments\PTT\Spheroids\13052025\14052025\Analysis\2025-05-14_103531_tube2_cropped_8bits2\15_0219_0_8bits.tiff;G:\Experiments\PTT\Spheroids\13052025\14052025\Analysis\2025-05-14_103531_tube2_segmentationDebug2\15_0219_0_segmented.tiff;3825.0;(76. 71);404.30865573883;0.7470703125;69.7863973752191;0.294045965683612;0.820744259843941;1183.52171021079;0.921812443156686;0.816259953506033;0.88137810520895;;;;;;;;;;;;;;;;;;;;;;;;;;;;;;;;;;;;;;;;;;;;;;;;;;;;;;
4;Tube 2;1502200.0;;;;;;;;;;;;;;;;;;;;;;;;;;;;;;;;;;;1502200.0;0.0;220.0;False;G:\Experiments\PTT\Spheroids\13052025\15052025 after laser\Analysis\2025-05-15_160831_tube2_cropped_8bits2\15_0220_0_8bits.tiff;G:\Experiments\PTT\Spheroids\13052025\15052025 after laser\Analysis\2025-05-15_160831_tube2_segmentationDebug2\15_0220_0_segmented.tiff;2134.0;(80. 72);204.710676789283;0.905388205345778;52.1257440087413;0.639916474179994;0.907103215149209;964.553041375361;0.964129552225249;0.897956410444226;0.884519367951129;17.809850767182795;62.0;Dead;;;;;;;;;;;;;;;;;
4;Tube 2;1602210.0;;;;;;;;;;;;;;;;;;1602210.0;0.0;221.0;False;G:\Experiments\PTT\Spheroids\13052025\15052025 before laser\Analysis\2025-05-15_110512_tube2_cropped_8bits2\16_0221_0_8bits.tiff;G:\Experiments\PTT\Spheroids\13052025\15052025 before laser\Analysis\2025-05-15_110512_tube2_segmentationDebug2\16_0221_0_segmented.tiff;2809.0;(71. 61);373.965510010719;0.659699389384687;59.8040958560621;0.252405319262326;0.673131310561061;994.237739939864;0.94479628282213;0.862035805504692;0.908295135165089;;;;;;;;;;;;;;;;;;;;;;;;;;;;;;;;;;;;;
4;Tube 2;1602220.0;1602220.0;0.0;222.0;False;G:\Experiments\PTT\Spheroids\13052025\14052025\Analysis\2025-05-14_103531_tube2_cropped_8bits2\16_0222_0_8bits.tiff;G:\Experiments\PTT\Spheroids\13052025\14052025\Analysis\2025-05-14_103531_tube2_segmentationDebug2\16_0222_0_segmented.tiff;3025.5;(76. 77);301.237588286399;0.830496843261048;62.0659829745427;0.418975566977789;0.869564514224123;1169.90428304422;0.939106586780226;0.855508688931081;0.883875427102106;;;;;;;;;;;;;;;;;;1602220.0;0.0;222.0;False;G:\Experiments\PTT\Spheroids\13052025\15052025 after laser\Analysis\2025-05-15_160831_tube2_cropped_8bits2\16_0222_0_8bits.tiff;G:\Experiments\PTT\Spheroids\13052025\15052025 after laser\Analysis\2025-05-15_160831_tube2_segmentationDebug2\16_0222_0_segmented.tiff;1530.5;(69. 79);187.639609217643;0.844879933756555;44.1440043858411;0.546253406560004;0.826395022141481;933.431894273644;0.974376223154431;0.925490942947921;0.887023225519211;15.918167168780215;52.0;Dead;;;;;;;;;;;;;;;;;
4;Tube 2;1703240.0;;;;;;;;;;;;;;;;;;1703240.0;0.0;324.0;False;G:\Experiments\PTT\Spheroids\13052025\15052025 before laser\Analysis\2025-05-15_110512_tube2_cropped_8bits2\17_0324_0_8bits.tiff;G:\Experiments\PTT\Spheroids\13052025\15052025 before laser\Analysis\2025-05-15_110512_tube2_segmentationDebug2\17_0324_0_segmented.tiff;2384.5;(65. 78);273.095452666282;0.802861952861952;55.1002694586968;0.40177069226155;0.848886214121629;1232.71102679054;0.950518757654585;0.884773709155722;0.885044208542618;;;;;;;;;;;;;;;;;;;;;;;;;;;;;;;;;;;;;
4;Tube 2;1704240.0;1704240.0;0.0;424.0;False;G:\Experiments\PTT\Spheroids\13052025\14052025\Analysis\2025-05-14_103531_tube2_cropped_8bits2\17_0424_0_8bits.tiff;G:\Experiments\PTT\Spheroids\13052025\14052025\Analysis\2025-05-14_103531_tube2_segmentationDebug2\17_0424_0_segmented.tiff;4626.0;(79. 76);692.274165272712;0.592203802086667;76.7463753798501;0.121299564934475;0.741324104193513;1012.21835639899;0.903608310298887;0.770762826000265;0.875197295921461;;;;;;;;;;;;;;;;;;1704240.0;0.0;424.0;False;G:\Experiments\PTT\Spheroids\13052025\15052025 after laser\Analysis\2025-05-15_160831_tube2_cropped_8bits2\17_0424_0_8bits.tiff;G:\Experiments\PTT\Spheroids\13052025\15052025 after laser\Analysis\2025-05-15_160831_tube2_segmentationDebug2\17_0424_0_segmented.tiff;2271.5;(72. 82);263.438598513603;0.79077458659704;53.7788399453346;0.411304812113626;0.687326144730522;880.75568396647;0.955927864780939;0.890024168539629;0.887068631793228;49.21880473621523;58.0;Dead;;;;;;;;;;;;;;;;;
4;Tube 2;1806240.0;;;;;;;;;;;;;;;;;;1806240.0;0.0;624.0;False;G:\Experiments\PTT\Spheroids\13052025\15052025 before laser\Analysis\2025-05-15_110512_tube2_cropped_8bits2\18_0624_0_8bits.tiff;G:\Experiments\PTT\Spheroids\13052025\15052025 before laser\Analysis\2025-05-15_110512_tube2_segmentationDebug2\18_0624_0_segmented.tiff;2500.5;(89. 66);309.237588047981;0.777397792631742;56.4245999685445;0.328588355144001;0.522121589727395;1080.57360403057;0.95120554683462;0.878505449666058;0.902088636117748;;;;;;;;;;;;;;;;;;;;;;;;;;;;;;;;;;;;;
4;Tube 2;1807240.0;1807240.0;0.0;724.0;False;G:\Experiments\PTT\Spheroids\13052025\14052025\Analysis\2025-05-14_103531_tube2_cropped_8bits2\18_0724_0_8bits.tiff;G:\Experiments\PTT\Spheroids\13052025\14052025\Analysis\2025-05-14_103531_tube2_segmentationDebug2\18_0724_0_segmented.tiff;3958.0;(76. 77);329.82337462902;0.837140439932318;70.9893098857974;0.457217444633169;0.837546745350974;991.24673196815;0.935288869520072;0.813215436385344;0.912372853072977;;;;;;;;;;;;;;;;;;;;;;;;;;;;;;;;;;;;;;;;;;;;;;;;;;;;;;
4;Tube 2;1808240.0;;;;;;;;;;;;;;;;;;;;;;;;;;;;;;;;;;;1808240.0;0.0;824.0;False;G:\Experiments\PTT\Spheroids\13052025\15052025 after laser\Analysis\2025-05-15_160831_tube2_cropped_8bits2\18_0824_0_8bits.tiff;G:\Experiments\PTT\Spheroids\13052025\15052025 after laser\Analysis\2025-05-15_160831_tube2_segmentationDebug2\18_0824_0_segmented.tiff;2429.5;(76. 72);232.267025589942;0.872195297074133;55.6177622161668;0.565915580175546;0.722778275931863;796.979581641318;0.959650897275848;0.884307146396746;0.91458732570463;43.718909829748476;50.0;Dead;;;;;;;;;;;;;;;;;
4;Tube 2;1909240.0;;;;;;;;;;;;;;;;;;1909240.0;0.0;924.0;False;G:\Experiments\PTT\Spheroids\13052025\15052025 before laser\Analysis\2025-05-15_110512_tube2_cropped_8bits2\19_0924_0_8bits.tiff;G:\Experiments\PTT\Spheroids\13052025\15052025 before laser\Analysis\2025-05-15_110512_tube2_segmentationDebug2\19_0924_0_segmented.tiff;568.5;(80. 132);141.698484301567;0.715094339622641;26.9042130749431;0.355803260457012;0.701900593457425;70.6750256244135;0.98685148885463;0.969959573695598;0.921860592928691;;;;;;;;;;;;;;;;;;;;;;;;;;;;;;;;;;;;;
4;Tube 2;1909240.0;;;;;;;;;;;;;;;;;;1909240.0;1.0;924.0;False;G:\Experiments\PTT\Spheroids\13052025\15052025 before laser\Analysis\2025-05-15_110512_tube2_cropped_8bits2\19_0924_0_8bits.tiff;G:\Experiments\PTT\Spheroids\13052025\15052025 before laser\Analysis\2025-05-15_110512_tube2_segmentationDebug2\19_0924_0_segmented.tiff;1763.0;(75. 74);224.024385094642;0.831799952819061;47.3784900283672;0.44143990374888;0.774749722955357;1140.26306153986;0.96931202357637;0.913742797089951;0.891368345272733;;;;;;;;;;;;;;;;;;;;;;;;;;;;;;;;;;;;;
4;Tube 2;1911240.0;;;;;;;;;;;;;;;;;;;;;;;;;;;;;;;;;;;1911240.0;1.0;1124.0;False;G:\Experiments\PTT\Spheroids\13052025\15052025 after laser\Analysis\2025-05-15_160831_tube2_cropped_8bits2\19_1124_0_8bits.tiff;G:\Experiments\PTT\Spheroids\13052025\15052025 after laser\Analysis\2025-05-15_160831_tube2_segmentationDebug2\19_1124_0_segmented.tiff;1868.5;(81. 66);244.124890446662;0.801759279124651;48.7754865617725;0.393984234288784;0.708669668728762;870.02598216731;0.971746788481161;0.902928216840934;0.90112535748948;62.35549639178869;49.0;Alive;;;;;;;;;;;;;;;;;
4;Tube 2;2012240.0;;;;;;;;;;;;;;;;;;2012240.0;0.0;1224.0;False;G:\Experiments\PTT\Spheroids\13052025\15052025 before laser\Analysis\2025-05-15_110512_tube2_cropped_8bits2\20_1224_0_8bits.tiff;G:\Experiments\PTT\Spheroids\13052025\15052025 before laser\Analysis\2025-05-15_110512_tube2_segmentationDebug2\20_1224_0_segmented.tiff;657.5;(86. 132);209.154327869415;0.498294808639636;28.9336309623139;0.188873883515249;0.530447556435308;102.150545864453;0.980102355833344;0.963780328320619;0.898158948272139;;;;;;;;;;;;;;;;;;;;;;;;;;;;;;;;;;;;;
4;Tube 2;2012240.0;;;;;;;;;;;;;;;;;;2012240.0;1.0;1224.0;False;G:\Experiments\PTT\Spheroids\13052025\15052025 before laser\Analysis\2025-05-15_110512_tube2_cropped_8bits2\20_1224_0_8bits.tiff;G:\Experiments\PTT\Spheroids\13052025\15052025 before laser\Analysis\2025-05-15_110512_tube2_segmentationDebug2\20_1224_0_segmented.tiff;1743.5;(71. 66);234.953317046165;0.769247738804323;47.1157420215978;0.396888627069631;0.72662371307366;1269.96788113994;0.965830637588628;0.914847039989079;0.905564948207485;;;;;;;;;;;;;;;;;;;;;;;;;;;;;;;;;;;;;
4;Tube 2;207050.0;;;;;;;;;;;;;;;;;;207050.0;0.0;705.0;False;G:\Experiments\PTT\Spheroids\13052025\15052025 before laser\Analysis\2025-05-15_110512_tube2_cropped_8bits2\2_0705_0_8bits.tiff;G:\Experiments\PTT\Spheroids\13052025\15052025 before laser\Analysis\2025-05-15_110512_tube2_segmentationDebug2\2_0705_0_segmented.tiff;4669.0;(68. 60);674.132030248642;0.606284898065186;77.1022401384582;0.129105223292851;0.674944239161563;548.019101501384;0.892333794424965;0.76966685432637;0.902023993325608;;;;;;;;;;;;;;;;;;;;;;;;;;;;;;;;;;;;;
4;Tube 2;208050.0;208050.0;0.0;805.0;True;G:\Experiments\PTT\Spheroids\13052025\14052025\Analysis\2025-05-14_103531_tube2_cropped_8bits2\2_0805_0_8bits.tiff;G:\Experiments\PTT\Spheroids\13052025\14052025\Analysis\2025-05-14_103531_tube2_segmentationDebug2\2_0805_0_segmented.tiff;4307.5;(73. 74);353.237588286399;0.840323839250877;74.057270669035;0.43381176725448;0.955337753229855;1064.12187127633;0.919123445402044;0.796309100987814;0.894715611780937;;;;;;;;;;;;;;;;;;;;;;;;;;;;;;;;;;;;;;;;;;;;;;;;;;;;;;
4;Tube 2;208051.0;208051.0;0.0;805.0;True;G:\Experiments\PTT\Spheroids\13052025\14052025\Analysis\2025-05-14_103531_tube2_cropped_8bits2\2_0805_1_8bits.tiff;G:\Experiments\PTT\Spheroids\13052025\14052025\Analysis\2025-05-14_103531_tube2_segmentationDebug2\2_0805_1_segmented.tiff;6973.5;(77. 93);507.663994312286;0.823998582063098;94.2281060258066;0.340022725578114;0.562828741651858;280.37205575975;0.826818708094048;0.672850676801156;0.91618050698569;;;;;;;;;;;;;;;;;;;;;;;;;;;;;;;;;;;;;;;;;;;;;;;;;;;;;;
4;Tube 2;310050.0;;;;;;;;;;;;;;;;;;310050.0;0.0;1005.0;False;G:\Experiments\PTT\Spheroids\13052025\15052025 before laser\Analysis\2025-05-15_110512_tube2_cropped_8bits2\3_1005_0_8bits.tiff;G:\Experiments\PTT\Spheroids\13052025\15052025 before laser\Analysis\2025-05-15_110512_tube2_segmentationDebug2\3_1005_0_segmented.tiff;2210.5;(73. 84);243.639609217643;0.843058733790999;53.0518238483567;0.467955541752894;0.535043337691542;1106.93379205863;0.953629234997078;0.892570365390651;0.881861321976203;;;;;;;;;;;;;;;;;;;;;;;;;;;;;;;;;;;;;
4;Tube 2;311050.0;311050.0;0.0;1105.0;True;G:\Experiments\PTT\Spheroids\13052025\14052025\Analysis\2025-05-14_103531_tube2_cropped_8bits2\3_1105_0_8bits.tiff;G:\Experiments\PTT\Spheroids\13052025\14052025\Analysis\2025-05-14_103531_tube2_segmentationDebug2\3_1105_0_segmented.tiff;3235.0;(74. 91);383.965510010719;0.729342802389809;64.1788900435201;0.275739966468922;0.988277542273631;1112.19901995011;0.932787303392512;0.843438591224989;0.894328816418239;;;;;;;;;;;;;;;;;;;;;;;;;;;;;;;;;;;;;;;;;;;;;;;;;;;;;;
4;Tube 2;311051.0;311051.0;0.0;1105.0;True;G:\Experiments\PTT\Spheroids\13052025\14052025\Analysis\2025-05-14_103531_tube2_cropped_8bits2\3_1105_1_8bits.tiff;G:\Experiments\PTT\Spheroids\13052025\14052025\Analysis\2025-05-14_103531_tube2_segmentationDebug2\3_1105_1_segmented.tiff;9004.5;(73. 76);628.291410803794;0.833711402249895;107.074205486511;0.28664688137766;0.576403268601479;341.727868478197;0.801527511550801;0.579982817819513;0.904504395506421;;;;;;;;;;;;;;;;;;;;;;;;;;;;;;;;;;;;;;;;;;;;;;;;;;;;;;
4;Tube 2;414050.0;414050.0;0.0;1405.0;True;G:\Experiments\PTT\Spheroids\13052025\14052025\Analysis\2025-05-14_103531_tube2_cropped_8bits2\4_1405_0_8bits.tiff;G:\Experiments\PTT\Spheroids\13052025\14052025\Analysis\2025-05-14_103531_tube2_segmentationDebug2\4_1405_0_segmented.tiff;3855.0;(73. 66);334.793936967849;0.809109035575611;70.0595350038383;0.432194342454074;0.807909427011245;1196.79856356756;0.925808938602655;0.817554775534645;0.886801070698452;414050.0;0.0;1405.0;False;G:\Experiments\PTT\Spheroids\13052025\15052025 before laser\Analysis\2025-05-15_110512_tube2_cropped_8bits2\4_1405_0_8bits.tiff;G:\Experiments\PTT\Spheroids\13052025\15052025 before laser\Analysis\2025-05-15_110512_tube2_segmentationDebug2\4_1405_0_segmented.tiff;3827.0;(68. 75);409.622363686561;0.708966283808818;69.8046398006713;0.28661638075438;0.936531975244219;954.381075099766;0.926545680369688;0.815810133913976;0.902567820100249;;;;;;;;;;;;;;;;;;;;;;;;;;;;;;;;;;;;;
4;Tube 2;414051.0;414051.0;0.0;1405.0;True;G:\Experiments\PTT\Spheroids\13052025\14052025\Analysis\2025-05-14_103531_tube2_cropped_8bits2\4_1405_1_8bits.tiff;G:\Experiments\PTT\Spheroids\13052025\14052025\Analysis\2025-05-14_103531_tube2_segmentationDebug2\4_1405_1_segmented.tiff;7327.5;(68. 85);617.605119347572;0.808953411349083;96.5901794389414;0.241403696905764;0.609117921942391;320.023973268418;0.845014004843818;0.655069549658446;0.911461243180053;;;;;;;;;;;;;;;;;;;;;;;;;;;;;;;;;;;;;;;;;;;;;;;;;;;;;;
4;Tube 2;514010.0;;;;;;;;;;;;;;;;;;;;;;;;;;;;;;;;;;;514010.0;0.0;1401.0;False;G:\Experiments\PTT\Spheroids\13052025\15052025 after laser\Analysis\2025-05-15_160831_tube2_cropped_8bits2\5_1401_0_8bits.tiff;G:\Experiments\PTT\Spheroids\13052025\15052025 after laser\Analysis\2025-05-15_160831_tube2_segmentationDebug2\5_1401_0_segmented.tiff;2608.0;(79. 79);334.65180170536;0.743655546050755;57.6247232762926;0.292638266871465;0.822715989426024;905.941868557199;0.953784949381949;0.872895413445785;0.893793023057049;132.55797659917326;46.0;Alive;;;;;;;;;;;;;;;;;
4;Tube 2;515020.0;515020.0;0.0;1502.0;True;G:\Experiments\PTT\Spheroids\13052025\14052025\Analysis\2025-05-14_103531_tube2_cropped_8bits2\5_1502_0_8bits.tiff;G:\Experiments\PTT\Spheroids\13052025\14052025\Analysis\2025-05-14_103531_tube2_segmentationDebug2\5_1502_0_segmented.tiff;4008.5;(83. 75);453.320848226547;0.684453171689575;71.440749681613;0.245120913532126;0.689587163254737;1230.34976075702;0.923688316063369;0.806947533565498;0.869360324548059;;;;;;;;;;;;;;;;;;;;;;;;;;;;;;;;;;;;;;;;;;;;;;;;;;;;;;
4;Tube 2;515021.0;515021.0;0.0;1502.0;True;G:\Experiments\PTT\Spheroids\13052025\14052025\Analysis\2025-05-14_103531_tube2_cropped_8bits2\5_1502_1_8bits.tiff;G:\Experiments\PTT\Spheroids\13052025\14052025\Analysis\2025-05-14_103531_tube2_segmentationDebug2\5_1502_1_segmented.tiff;7841.0;(71. 64);686.818322300911;0.782730222111305;99.9173221732268;0.208880343585291;0.436183245465666;112.541000795247;0.817252876756458;0.630523417955641;0.923863155796084;;;;;;;;;;;;;;;;;;;;;;;;;;;;;;;;;;;;;;;;;;;;;;;;;;;;;;
4;Tube 2;515030.0;;;;;;;;;;;;;;;;;;515030.0;0.0;1503.0;False;G:\Experiments\PTT\Spheroids\13052025\15052025 before laser\Analysis\2025-05-15_110512_tube2_cropped_8bits2\5_1503_0_8bits.tiff;G:\Experiments\PTT\Spheroids\13052025\15052025 before laser\Analysis\2025-05-15_110512_tube2_segmentationDebug2\5_1503_0_segmented.tiff;4342.5;(56. 50);462.693431854248;0.696136582237896;74.357533061637;0.254896001052009;0.542145676610794;547.795217422953;0.916223499211051;0.792551178277169;0.929561194292264;;;;;;;;;;;;;;;;;;;;;;;;;;;;;;;;;;;;;
4;Tube 2;612010.0;612010.0;0.0;1201.0;True;G:\Experiments\PTT\Spheroids\13052025\14052025\Analysis\2025-05-14_103531_tube2_cropped_8bits2\6_1201_0_8bits.tiff;G:\Experiments\PTT\Spheroids\13052025\14052025\Analysis\2025-05-14_103531_tube2_segmentationDebug2\6_1201_0_segmented.tiff;5241.0;(70. 74);543.421353459358;0.722697186982901;81.6887290509344;0.223023498481591;0.686607551073841;838.472399728369;0.89482812040339;0.748571594610566;0.896593189745984;;;;;;;;;;;;;;;;;;;;;;;;;;;;;;;;;;;;;;;;;;;;;;;;;;;;;;
4;Tube 2;612011.0;612011.0;0.0;1201.0;True;G:\Experiments\PTT\Spheroids\13052025\14052025\Analysis\2025-05-14_103531_tube2_cropped_8bits2\6_1201_1_8bits.tiff;G:\Experiments\PTT\Spheroids\13052025\14052025\Analysis\2025-05-14_103531_tube2_segmentationDebug2\6_1201_1_segmented.tiff;7247.0;(78. 64);570.877197265625;0.794148265848446;96.0581437500003;0.27943624258549;0.496038642937313;123.172955886766;0.815729650762714;0.65867973502958;0.917170242865933;;;;;;;;;;;;;;;;;;;;;;;;;;;;;;;;;;;;;;;;;;;;;;;;;;;;;;
4;Tube 2;613010.0;;;;;;;;;;;;;;;;;;613010.0;0.0;1301.0;False;G:\Experiments\PTT\Spheroids\13052025\15052025 before laser\Analysis\2025-05-15_110512_tube2_cropped_8bits2\6_1301_0_8bits.tiff;G:\Experiments\PTT\Spheroids\13052025\15052025 before laser\Analysis\2025-05-15_110512_tube2_segmentationDebug2\6_1301_0_segmented.tiff;5526.5;(82. 72);774.7178170681;0.608611860580364;83.8841960322615;0.115710547972778;0.522932156019418;608.533527047288;0.868210495564128;0.728177032671533;0.899709603313032;;;;;;;;;;;;;;;;;;;;;;;;;;;;;;;;;;;;;
4;Tube 2;709010.0;709010.0;0.0;901.0;True;G:\Experiments\PTT\Spheroids\13052025\14052025\Analysis\2025-05-14_103531_tube2_cropped_8bits2\7_0901_0_8bits.tiff;G:\Experiments\PTT\Spheroids\13052025\14052025\Analysis\2025-05-14_103531_tube2_segmentationDebug2\7_0901_0_segmented.tiff;4237.0;(73. 78);430.450791120529;0.697620811723059;73.4487300846167;0.287356686607721;0.507945728085243;707.645625286633;0.899968824865978;0.79635542239042;0.896447130434121;;;;;;;;;;;;;;;;;;;;;;;;;;;;;;;;;;;;;;;;;;;;;;;;;;;;;;
4;Tube 2;709011.0;709011.0;0.0;901.0;True;G:\Experiments\PTT\Spheroids\13052025\14052025\Analysis\2025-05-14_103531_tube2_cropped_8bits2\7_0901_1_8bits.tiff;G:\Experiments\PTT\Spheroids\13052025\14052025\Analysis\2025-05-14_103531_tube2_segmentationDebug2\7_0901_1_segmented.tiff;5853.5;(76. 62);604.149275541305;0.761480421490828;86.3302245746371;0.201528730268429;0.38707464353359;166.135262705691;0.853201880630653;0.719687316194054;0.917607100139765;;;;;;;;;;;;;;;;;;;;;;;;;;;;;;;;;;;;;;;;;;;;;;;;;;;;;;
4;Tube 2;710010.0;;;;;;;;;;;;;;;;;;710010.0;0.0;1001.0;False;G:\Experiments\PTT\Spheroids\13052025\15052025 before laser\Analysis\2025-05-15_110512_tube2_cropped_8bits2\7_1001_0_8bits.tiff;G:\Experiments\PTT\Spheroids\13052025\15052025 before laser\Analysis\2025-05-15_110512_tube2_segmentationDebug2\7_1001_0_segmented.tiff;2256.5;(70. 73);276.953317165374;0.77864044168392;53.6009797736468;0.369685195839072;0.625760336015112;1184.58685024333;0.952569540892352;0.889591536218591;0.884104681315645;;;;;;;;;;;;;;;;;;;;;;;;;;;;;;;;;;;;;
4;Tube 2;710010.0;;;;;;;;;;;;;;;;;;710010.0;1.0;1001.0;False;G:\Experiments\PTT\Spheroids\13052025\15052025 before laser\Analysis\2025-05-15_110512_tube2_cropped_8bits2\7_1001_0_8bits.tiff;G:\Experiments\PTT\Spheroids\13052025\15052025 before laser\Analysis\2025-05-15_110512_tube2_segmentationDebug2\7_1001_0_segmented.tiff;796.0;(70. 12);232.911687374115;0.637565078093712;31.8354939903433;0.184391275417835;0.678771241166206;119.684353383626;0.976523019740487;0.956715544414557;0.899575141039248;;;;;;;;;;;;;;;;;;;;;;;;;;;;;;;;;;;;;
4;Tube 2;806010.0;806010.0;0.0;601.0;True;G:\Experiments\PTT\Spheroids\13052025\14052025\Analysis\2025-05-14_103531_tube2_cropped_8bits2\8_0601_0_8bits.tiff;G:\Experiments\PTT\Spheroids\13052025\14052025\Analysis\2025-05-14_103531_tube2_segmentationDebug2\8_0601_0_segmented.tiff;3664.5;(75. 80);390.208150625228;0.755956678700361;68.3065612637761;0.302434907567645;0.786006319862048;1139.57437634201;0.926900433842266;0.82408256809344;0.891510624513486;;;;;;;;;;;;;;;;;;;;;;;;;;;;;;;;;;;;;;;;;;;;;;;;;;;;;;
4;Tube 2;806011.0;806011.0;0.0;601.0;True;G:\Experiments\PTT\Spheroids\13052025\14052025\Analysis\2025-05-14_103531_tube2_cropped_8bits2\8_0601_1_8bits.tiff;G:\Experiments\PTT\Spheroids\13052025\14052025\Analysis\2025-05-14_103531_tube2_segmentationDebug2\8_0601_1_segmented.tiff;7041.0;(80. 66);651.705624461174;0.756649293428617;94.683048295248;0.208324942233483;0.479153782898567;153.536682324286;0.830857006350974;0.664960141098497;0.91734808927484;;;;;;;;;;;;;;;;;;;;;;;;;;;;;;;;;;;;;;;;;;;;;;;;;;;;;;
4;Tube 2;807010.0;;;;;;;;;;;;;;;;;;807010.0;0.0;701.0;False;G:\Experiments\PTT\Spheroids\13052025\15052025 before laser\Analysis\2025-05-15_110512_tube2_cropped_8bits2\8_0701_0_8bits.tiff;G:\Experiments\PTT\Spheroids\13052025\15052025 before laser\Analysis\2025-05-15_110512_tube2_segmentationDebug2\8_0701_0_segmented.tiff;3915.0;(77. 58);518.735061883926;0.709046454767726;70.6026403021739;0.182831247912621;0.556862936429452;798.666831003166;0.911515133116698;0.807284404807428;0.892820190520086;;;;;;;;;;;;;;;;;;;;;;;;;;;;;;;;;;;;;
4;Tube 2;903010.0;903010.0;0.0;301.0;True;G:\Experiments\PTT\Spheroids\13052025\14052025\Analysis\2025-05-14_103531_tube2_cropped_8bits2\9_0301_0_8bits.tiff;G:\Experiments\PTT\Spheroids\13052025\14052025\Analysis\2025-05-14_103531_tube2_segmentationDebug2\9_0301_0_segmented.tiff;3717.0;(74. 69);468.45079088211;0.684026499815973;68.7941232067143;0.212850400710002;0.721594684275941;1204.46181831942;0.916920078057316;0.818645126260351;0.867363167279286;;;;;;;;;;;;;;;;;;;;;;;;;;;;;;;;;;;;;;;;;;;;;;;;;;;;;;
4;Tube 2;903011.0;903011.0;0.0;301.0;True;G:\Experiments\PTT\Spheroids\13052025\14052025\Analysis\2025-05-14_103531_tube2_cropped_8bits2\9_0301_1_8bits.tiff;G:\Experiments\PTT\Spheroids\13052025\14052025\Analysis\2025-05-14_103531_tube2_segmentationDebug2\9_0301_1_segmented.tiff;7072.0;(77. 77);618.676186919212;0.771841746248294;94.8912538665554;0.232180272013251;0.400734165684571;126.509279848042;0.835567284448071;0.665082657922671;0.924292101334417;;;;;;;;;;;;;;;;;;;;;;;;;;;;;;;;;;;;;;;;;;;;;;;;;;;;;;
4;Tube 3;1002030.0;1002030.0;0.0;203.0;False;G:\Experiments\PTT\Spheroids\13052025\14052025\Analysis\2025-05-14_104556_tube3_cropped_8bits2\10_0203_0_8bits.tiff;G:\Experiments\PTT\Spheroids\13052025\14052025\Analysis\2025-05-14_104556_tube3_segmentationDebug2\10_0203_0_segmented.tiff;476.5;(128. 59);92.5269113779068;0.896519285042333;24.6312533799298;0.699417731676057;0.617407471238505;448.309241779864;0.988755965756518;0.975539751781534;0.89812963291461;;;;;;;;;;;;;;;;;;;;;;;;;;;;;;;;;;;;;;;;;;;;;;;;;;;;;;
4;Tube 3;1002030.0;1002030.0;1.0;203.0;False;G:\Experiments\PTT\Spheroids\13052025\14052025\Analysis\2025-05-14_104556_tube3_cropped_8bits2\10_0203_0_8bits.tiff;G:\Experiments\PTT\Spheroids\13052025\14052025\Analysis\2025-05-14_104556_tube3_segmentationDebug2\10_0203_0_segmented.tiff;3380.0;(56. 75);427.421353697776;0.693617894520829;65.6014455725241;0.232495276208928;0.802484139272623;984.802191771939;0.940876448939345;0.835827712274604;0.879968016395897;;;;;;;;;;;;;;;;;;;;;;;;;;;;;;;;;;;;;;;;;;;;;;;;;;;;;;
4;Tube 3;1002040.0;;;;;;;;;;;;;;;;;;1002040.0;0.0;204.0;False;G:\Experiments\PTT\Spheroids\13052025\15052025 before laser\Analysis\2025-05-15_111641_tube3_cropped_8bits2\10_0204_0_8bits.tiff;G:\Experiments\PTT\Spheroids\13052025\15052025 before laser\Analysis\2025-05-15_111641_tube3_segmentationDebug2\10_0204_0_segmented.tiff;3086.5;(81. 73);446.693431854248;0.703075170842824;62.6885464405187;0.194382432218947;0.607375909822252;1079.23966643171;0.945305455814494;0.84781053159069;0.865301874227125;1002040.0;0.0;204.0;False;G:\Experiments\PTT\Spheroids\13052025\15052025 after laser\Analysis\2025-05-15_155824_tube3_cropped_8bits2\10_0204_0_8bits.tiff;G:\Experiments\PTT\Spheroids\13052025\15052025 after laser\Analysis\2025-05-15_155824_tube3_segmentationDebug2\10_0204_0_segmented.tiff;2655.0;(77. 77);244.994947195053;0.890192791282481;58.1416459284724;0.555853230982595;0.769234945250242;939.960247203294;0.965337355090217;0.874109002100374;0.893900973347834;95.21474111959644;37.0;Alive;0.0;0.0;0.0;;;;-431.5;;-201.698484659195;0.18711762043965696;-4.5469005120462995;0.36147079876364796;0.16185903542799007;-139.27941922841603;0.02003189927572302;0.026298470509684035;0.028599099120709015
4;Tube 3;104050.0;104050.0;0.0;405.0;True;G:\Experiments\PTT\Spheroids\13052025\14052025\Analysis\2025-05-14_104556_tube3_cropped_8bits2\1_0405_0_8bits.tiff;G:\Experiments\PTT\Spheroids\13052025\14052025\Analysis\2025-05-14_104556_tube3_segmentationDebug2\1_0405_0_segmented.tiff;3296.5;(77. 72);335.722869396209;0.76431718061674;64.7860645449271;0.367537021430041;0.677970903418569;947.709094496903;0.938300174065935;0.841838907138427;0.893127350654615;104050.0;0.0;405.0;False;G:\Experiments\PTT\Spheroids\13052025\15052025 before laser\Analysis\2025-05-15_111641_tube3_cropped_8bits2\1_0405_0_8bits.tiff;G:\Experiments\PTT\Spheroids\13052025\15052025 before laser\Analysis\2025-05-15_111641_tube3_segmentationDebug2\1_0405_0_segmented.tiff;7190.5;(84. 75);752.859952330589;0.649929949835043;95.6829605855618;0.159419177049779;0.784001462712609;555.684070139579;0.851227737810414;0.655805741449283;0.913478363046067;;;;;;;;;;;;;;;;;;;;;;;;;;;;;;;;;;;;;
4;Tube 3;104051.0;104051.0;0.0;405.0;True;G:\Experiments\PTT\Spheroids\13052025\14052025\Analysis\2025-05-14_104556_tube3_cropped_8bits2\1_0405_1_8bits.tiff;G:\Experiments\PTT\Spheroids\13052025\14052025\Analysis\2025-05-14_104556_tube3_segmentationDebug2\1_0405_1_segmented.tiff;2287.0;(71. 90);489.078207492828;0.551815659307516;53.9620129239942;0.120148790981287;0.669943134492382;438.234748098254;0.948832351300141;0.882184487079163;0.908141270214405;;;;;;;;;;;;;;;;;;;;;;;;;;;;;;;;;;;;;;;;;;;;;;;;;;;;;;
4;Tube 3;104052.0;104052.0;0.0;405.0;True;G:\Experiments\PTT\Spheroids\13052025\14052025\Analysis\2025-05-14_104556_tube3_cropped_8bits2\1_0405_2_8bits.tiff;G:\Experiments\PTT\Spheroids\13052025\14052025\Analysis\2025-05-14_104556_tube3_segmentationDebug2\1_0405_2_segmented.tiff;4316.0;(69. 67);584.877197384834;0.693834900731452;74.1303033521175;0.158548420684039;0.534735827725915;170.218855305719;0.893007067874371;0.787404383025392;0.903559069710228;;;;;;;;;;;;;;;;;;;;;;;;;;;;;;;;;;;;;;;;;;;;;;;;;;;;;;
4;Tube 3;1102070.0;1102070.0;0.0;207.0;True;G:\Experiments\PTT\Spheroids\13052025\14052025\Analysis\2025-05-14_104556_tube3_cropped_8bits2\11_0207_0_8bits.tiff;G:\Experiments\PTT\Spheroids\13052025\14052025\Analysis\2025-05-14_104556_tube3_segmentationDebug2\11_0207_0_segmented.tiff;3098.5;(74. 71);286.066015124321;0.831365709686074;62.8102915879388;0.475804814116253;0.869092770368305;827.374004303064;0.949100963771631;0.852811891425453;0.895796834509313;1102070.0;0.0;207.0;False;G:\Experiments\PTT\Spheroids\13052025\15052025 before laser\Analysis\2025-05-15_111641_tube3_cropped_8bits2\11_0207_0_8bits.tiff;G:\Experiments\PTT\Spheroids\13052025\15052025 before laser\Analysis\2025-05-15_111641_tube3_segmentationDebug2\11_0207_0_segmented.tiff;2917.5;(67. 79);302.409160852432;0.793014406088611;60.9481449411287;0.400895187273401;0.808445826084132;950.533803843224;0.952857622520834;0.859978789948216;0.911805739519807;;;;;;;;;;;;;;;;;;;;;;;;;;;;;;;;;;;;;
4;Tube 3;1102071.0;1102071.0;0.0;207.0;True;G:\Experiments\PTT\Spheroids\13052025\14052025\Analysis\2025-05-14_104556_tube3_cropped_8bits2\11_0207_1_8bits.tiff;G:\Experiments\PTT\Spheroids\13052025\14052025\Analysis\2025-05-14_104556_tube3_segmentationDebug2\11_0207_1_segmented.tiff;4613.5;(67. 71);524.007140278816;0.737039699656522;76.6426163412737;0.211137793805338;0.55909492689399;273.004918876706;0.894203973127787;0.777796573643792;0.921118575675197;;;;;;;;;;;;;;;;;;;;;;;;;;;;;;;;;;;;;;;;;;;;;;;;;;;;;;
4;Tube 3;1102080.0;;;;;;;;;;;;;;;;;;;;;;;;;;;;;;;;;;;1102080.0;0.0;208.0;False;G:\Experiments\PTT\Spheroids\13052025\15052025 after laser\Analysis\2025-05-15_155824_tube3_cropped_8bits2\11_0208_0_8bits.tiff;G:\Experiments\PTT\Spheroids\13052025\15052025 after laser\Analysis\2025-05-15_155824_tube3_segmentationDebug2\11_0208_0_segmented.tiff;2777.0;(76. 71);262.166520357131;0.826857227929135;59.4624773763215;0.507728198340227;0.926050070600849;1045.37891900438;0.949398576188627;0.867370033428651;0.890250297252632;91.22118685630211;37.0;Alive;;;;;;;;;;;;;;;;;
4;Tube 3;1202090.0;1202090.0;0.0;209.0;False;G:\Experiments\PTT\Spheroids\13052025\14052025\Analysis\2025-05-14_104556_tube3_cropped_8bits2\12_0209_0_8bits.tiff;G:\Experiments\PTT\Spheroids\13052025\14052025\Analysis\2025-05-14_104556_tube3_segmentationDebug2\12_0209_0_segmented.tiff;2462.5;(78. 81);275.095452547073;0.794354838709677;55.9942173702815;0.408902043033979;0.918424163463687;958.37124078168;0.974329771479396;0.882161452020091;0.888323392092792;;;;;;;;;;;;;;;;;;;;;;;;;;;;;;;;;;;;;;;;;;;;;;;;;;;;;;
4;Tube 3;1202100.0;;;;;;;;;;;;;;;;;;1202100.0;0.0;210.0;False;G:\Experiments\PTT\Spheroids\13052025\15052025 before laser\Analysis\2025-05-15_111641_tube3_cropped_8bits2\12_0210_0_8bits.tiff;G:\Experiments\PTT\Spheroids\13052025\15052025 before laser\Analysis\2025-05-15_111641_tube3_segmentationDebug2\12_0210_0_segmented.tiff;2857.0;(76. 72);265.338093161582;0.850930752047654;60.3128956302743;0.509942133751753;0.890114156713311;865.907933568546;0.960862883862331;0.864301746336792;0.916641790080203;;;;;;;;;;;;;;;;;;;;;;;;;;;;;;;;;;;;;
4;Tube 3;1202110.0;;;;;;;;;;;;;;;;;;;;;;;;;;;;;;;;;;;1202110.0;0.0;211.0;False;G:\Experiments\PTT\Spheroids\13052025\15052025 after laser\Analysis\2025-05-15_155824_tube3_cropped_8bits2\12_0211_0_8bits.tiff;G:\Experiments\PTT\Spheroids\13052025\15052025 after laser\Analysis\2025-05-15_155824_tube3_segmentationDebug2\12_0211_0_segmented.tiff;2567.5;(76. 71);326.409160852432;0.755258126195028;57.175541371355;0.302827728097563;0.875917928975989;1075.94534606114;0.948823073161061;0.874507433876676;0.871341243238783;79.03033699992994;37.0;Alive;;;;;;;;;;;;;;;;;
4;Tube 3;1302120.0;1302120.0;0.0;212.0;False;G:\Experiments\PTT\Spheroids\13052025\14052025\Analysis\2025-05-14_104556_tube3_cropped_8bits2\13_0212_0_8bits.tiff;G:\Experiments\PTT\Spheroids\13052025\14052025\Analysis\2025-05-14_104556_tube3_segmentationDebug2\13_0212_0_segmented.tiff;3243.0;(76. 72);272.509666204452;0.88029315960912;64.2581967034255;0.548773320340787;0.851834828194489;966.713601483101;0.950624066685653;0.846893994614083;0.903281915659445;;;;;;;;;;;;;;;;;;;;;;;;;;;;;;;;;;;;;;;;;;;;;;;;;;;;;;
4;Tube 3;1302130.0;;;;;;;;;;;;;;;;;;1302130.0;0.0;213.0;False;G:\Experiments\PTT\Spheroids\13052025\15052025 before laser\Analysis\2025-05-15_111641_tube3_cropped_8bits2\13_0213_0_8bits.tiff;G:\Experiments\PTT\Spheroids\13052025\15052025 before laser\Analysis\2025-05-15_111641_tube3_segmentationDebug2\13_0213_0_segmented.tiff;2875.0;(74. 68);469.220342755317;0.601905160682508;60.502592432999;0.164094508796492;0.837743745270531;705.026023845338;0.951405315121067;0.856672926220915;0.880163128545543;;;;;;;;;;;;;;;;;;;;;;;;;;;;;;;;;;;;;
4;Tube 3;1402150.0;1402150.0;0.0;215.0;False;G:\Experiments\PTT\Spheroids\13052025\14052025\Analysis\2025-05-14_104556_tube3_cropped_8bits2\14_0215_0_8bits.tiff;G:\Experiments\PTT\Spheroids\13052025\14052025\Analysis\2025-05-14_104556_tube3_segmentationDebug2\14_0215_0_segmented.tiff;3981.0;(74. 73);542.735062003135;0.665496489468405;71.1952711041308;0.169834643396602;0.479073815106989;1042.19203260176;0.931706559592244;0.805006506731134;0.879785312672705;;;;;;;;;;;;;;;;;;;;;;;;;;;;;;;;;;;;;;;;;;;;;;;;;;;;;;
4;Tube 3;1402160.0;;;;;;;;;;;;;;;;;;1402160.0;0.0;216.0;False;G:\Experiments\PTT\Spheroids\13052025\15052025 before laser\Analysis\2025-05-15_111641_tube3_cropped_8bits2\14_0216_0_8bits.tiff;G:\Experiments\PTT\Spheroids\13052025\15052025 before laser\Analysis\2025-05-15_111641_tube3_segmentationDebug2\14_0216_0_segmented.tiff;4114.5;(73. 62);492.149274945259;0.674729419481797;72.3791690116212;0.213468221322983;0.899277728098258;769.47215462764;0.937001183053137;0.801032861517675;0.912251893790433;;;;;;;;;;;;;;;;;;;;;;;;;;;;;;;;;;;;;
4;Tube 3;1502180.0;1502180.0;0.0;218.0;False;G:\Experiments\PTT\Spheroids\13052025\14052025\Analysis\2025-05-14_104556_tube3_cropped_8bits2\15_0218_0_8bits.tiff;G:\Experiments\PTT\Spheroids\13052025\14052025\Analysis\2025-05-14_104556_tube3_segmentationDebug2\15_0218_0_segmented.tiff;5149.5;(69. 74);696.090399861335;0.615196224837226;80.9725078999886;0.1335499217991;0.557836022820654;762.736550637353;0.899147790351545;0.748515101710648;0.895755845148658;1502180.0;0.0;218.0;False;G:\Experiments\PTT\Spheroids\13052025\15052025 before laser\Analysis\2025-05-15_111641_tube3_cropped_8bits2\15_0218_0_8bits.tiff;G:\Experiments\PTT\Spheroids\13052025\15052025 before laser\Analysis\2025-05-15_111641_tube3_segmentationDebug2\15_0218_0_segmented.tiff;3457.5;(84. 71);417.036577701568;0.74322871883061;66.3492707263751;0.249818017043444;0.592464020403619;889.182788012585;0.944737151047613;0.832669707383259;0.900960679414025;;;;;;;;;;;;;;;;;;;;;;;;;;;;;;;;;;;;;
4;Tube 3;1502200.0;;;;;;;;;;;;;;;;;;;;;;;;;;;;;;;;;;;1502200.0;0.0;220.0;False;G:\Experiments\PTT\Spheroids\13052025\15052025 after laser\Analysis\2025-05-15_155824_tube3_cropped_8bits2\15_0220_0_8bits.tiff;G:\Experiments\PTT\Spheroids\13052025\15052025 after laser\Analysis\2025-05-15_155824_tube3_segmentationDebug2\15_0220_0_segmented.tiff;2843.5;(75. 71);259.580733895301;0.870903522205206;60.1702305584284;0.530295796626229;0.862554341490468;960.566866044693;0.95744478776204;0.864952399982099;0.906945538968408;20.318083093953618;70.0;Dead;;;;;;;;;;;;;;;;;
4;Tube 3;1602210.0;1602210.0;0.0;221.0;False;G:\Experiments\PTT\Spheroids\13052025\14052025\Analysis\2025-05-14_104556_tube3_cropped_8bits2\16_0221_0_8bits.tiff;G:\Experiments\PTT\Spheroids\13052025\14052025\Analysis\2025-05-14_104556_tube3_segmentationDebug2\16_0221_0_segmented.tiff;4615.0;(72. 91);627.646749138832;0.604374017810371;76.6550748414791;0.147214640198741;0.769664782642744;802.225030640333;0.905369365755326;0.774488871144064;0.896252482304154;;;;;;;;;;;;;;;;;;;;;;;;;;;;;;;;;;;;;;;;;;;;;;;;;;;;;;
4;Tube 3;1602220.0;;;;;;;;;;;;;;;;;;1602220.0;0.0;222.0;False;G:\Experiments\PTT\Spheroids\13052025\15052025 before laser\Analysis\2025-05-15_111641_tube3_cropped_8bits2\16_0222_0_8bits.tiff;G:\Experiments\PTT\Spheroids\13052025\15052025 before laser\Analysis\2025-05-15_111641_tube3_segmentationDebug2\16_0222_0_segmented.tiff;537.5;(21. 79);169.840619564056;0.619239631336405;26.1603947847724;0.234155952096394;0.902001390441086;63.9532642448964;0.986243142614575;0.970221159988701;0.889965898498378;;;;;;;;;;;;;;;;;;;;;;;;;;;;;;;;;;;;;
4;Tube 3;1602220.0;;;;;;;;;;;;;;;;;;1602220.0;1.0;222.0;False;G:\Experiments\PTT\Spheroids\13052025\15052025 before laser\Analysis\2025-05-15_111641_tube3_cropped_8bits2\16_0222_0_8bits.tiff;G:\Experiments\PTT\Spheroids\13052025\15052025 before laser\Analysis\2025-05-15_111641_tube3_segmentationDebug2\16_0222_0_segmented.tiff;2757.0;(74. 79);268.509666323661;0.852636462038039;59.2479655754933;0.48053694204486;0.834157635382202;1007.76370766296;0.95704590761614;0.868268334015678;0.888666384031744;;;;;;;;;;;;;;;;;;;;;;;;;;;;;;;;;;;;;
4;Tube 3;1602230.0;;;;;;;;;;;;;;;;;;;;;;;;;;;;;;;;;;;1602230.0;0.0;223.0;False;G:\Experiments\PTT\Spheroids\13052025\15052025 after laser\Analysis\2025-05-15_155824_tube3_cropped_8bits2\16_0223_0_8bits.tiff;G:\Experiments\PTT\Spheroids\13052025\15052025 after laser\Analysis\2025-05-15_155824_tube3_segmentationDebug2\16_0223_0_segmented.tiff;2953.0;(76. 79);321.82337462902;0.756791389031266;61.3178308129286;0.358292850295205;0.907386129056331;1058.1687708169;0.941811811653738;0.85735267492251;0.87661473063736;7.076297905135571;62.0;Dead;;;;;;;;;;;;;;;;;
4;Tube 3;1703240.0;1703240.0;0.0;324.0;False;G:\Experiments\PTT\Spheroids\13052025\14052025\Analysis\2025-05-14_104556_tube3_cropped_8bits2\17_0324_0_8bits.tiff;G:\Experiments\PTT\Spheroids\13052025\14052025\Analysis\2025-05-14_104556_tube3_segmentationDebug2\17_0324_0_segmented.tiff;3244.0;(74. 72);293.338093400001;0.845893089960886;64.2681031548377;0.473754970821957;0.801857140333684;1111.28718602106;0.942931745300555;0.845895818317688;0.885895716385549;1703240.0;0.0;324.0;False;G:\Experiments\PTT\Spheroids\13052025\15052025 before laser\Analysis\2025-05-15_111641_tube3_cropped_8bits2\17_0324_0_8bits.tiff;G:\Experiments\PTT\Spheroids\13052025\15052025 before laser\Analysis\2025-05-15_111641_tube3_segmentationDebug2\17_0324_0_segmented.tiff;3113.0;(77. 68);344.509666442871;0.767504930966469;62.9570861997326;0.329599208814674;0.759702087093016;1058.30471666874;0.938803983542519;0.849704440227384;0.891970441959376;;;;;;;;;;;;;;;;;;;;;;;;;;;;;;;;;;;;;
4;Tube 3;1704240.0;;;;;;;;;;;;;;;;;;;;;;;;;;;;;;;;;;;1704240.0;0.0;424.0;False;G:\Experiments\PTT\Spheroids\13052025\15052025 after laser\Analysis\2025-05-15_155824_tube3_cropped_8bits2\17_0424_0_8bits.tiff;G:\Experiments\PTT\Spheroids\13052025\15052025 after laser\Analysis\2025-05-15_155824_tube3_segmentationDebug2\17_0424_0_segmented.tiff;2398.5;(80. 72);243.095452427864;0.849477598724986;55.2617865079232;0.510030229647416;0.813555288189225;980.515345048418;0.955000410104428;0.884937256431306;0.882652850426292;74.05590975968612;62.0;Alive;;;;;;;;;;;;;;;;;
4;Tube 3;1806240.0;1806240.0;0.0;624.0;False;G:\Experiments\PTT\Spheroids\13052025\14052025\Analysis\2025-05-14_104556_tube3_cropped_8bits2\18_0624_0_8bits.tiff;G:\Experiments\PTT\Spheroids\13052025\14052025\Analysis\2025-05-14_104556_tube3_segmentationDebug2\18_0624_0_segmented.tiff;3938.5;(77. 72);460.149275422096;0.663717559824738;70.8142213608215;0.23374548391661;0.623411670220362;927.888961940849;0.921409052501967;0.809091464973987;0.898077706671517;1806240.0;0.0;624.0;False;G:\Experiments\PTT\Spheroids\13052025\15052025 before laser\Analysis\2025-05-15_111641_tube3_cropped_8bits2\18_0624_0_8bits.tiff;G:\Experiments\PTT\Spheroids\13052025\15052025 before laser\Analysis\2025-05-15_111641_tube3_segmentationDebug2\18_0624_0_segmented.tiff;3475.5;(75. 70);382.007140159606;0.695865451997197;66.5217561232944;0.29928447982228;0.822445226147942;903.300200051772;0.935975709885632;0.832594041691711;0.90114594638047;;;;;;;;;;;;;;;;;;;;;;;;;;;;;;;;;;;;;
4;Tube 3;1808240.0;;;;;;;;;;;;;;;;;;;;;;;;;;;;;;;;;;;1808240.0;0.0;824.0;False;G:\Experiments\PTT\Spheroids\13052025\15052025 after laser\Analysis\2025-05-15_155824_tube3_cropped_8bits2\18_0824_0_8bits.tiff;G:\Experiments\PTT\Spheroids\13052025\15052025 after laser\Analysis\2025-05-15_155824_tube3_segmentationDebug2\18_0824_0_segmented.tiff;2566.0;(75. 79);215.195958018302;0.920373027259684;57.158837215171;0.696303048297844;0.934105032896756;977.031619449906;0.956821047960408;0.8784125022679;0.90874134796185;10.803615217543612;62.0;Dead;;;;;;;;;;;;;;;;;
4;Tube 3;1909240.0;1909240.0;0.0;924.0;False;G:\Experiments\PTT\Spheroids\13052025\14052025\Analysis\2025-05-14_104556_tube3_cropped_8bits2\19_0924_0_8bits.tiff;G:\Experiments\PTT\Spheroids\13052025\14052025\Analysis\2025-05-14_104556_tube3_segmentationDebug2\19_0924_0_segmented.tiff;4261.0;(77. 89);500.936072349548;0.672506313131313;73.6564572873046;0.21338151073636;0.697718692917791;943.196983355086;0.921048371720625;0.793914036290865;0.908262069190515;1909240.0;0.0;924.0;False;G:\Experiments\PTT\Spheroids\13052025\15052025 before laser\Analysis\2025-05-15_111641_tube3_cropped_8bits2\19_0924_0_8bits.tiff;G:\Experiments\PTT\Spheroids\13052025\15052025 before laser\Analysis\2025-05-15_111641_tube3_segmentationDebug2\19_0924_0_segmented.tiff;3209.0;(80. 82);272.024384975433;0.85391165513571;63.9204638520023;0.544959097406264;0.705891147041425;1021.52404147098;0.941642198560697;0.847846323596414;0.910475181675076;;;;;;;;;;;;;;;;;;;;;;;;;;;;;;;;;;;;;
4;Tube 3;1911240.0;;;;;;;;;;;;;;;;;;;;;;;;;;;;;;;;;;;1911240.0;0.0;1124.0;False;G:\Experiments\PTT\Spheroids\13052025\15052025 after laser\Analysis\2025-05-15_155824_tube3_cropped_8bits2\19_1124_0_8bits.tiff;G:\Experiments\PTT\Spheroids\13052025\15052025 after laser\Analysis\2025-05-15_155824_tube3_segmentationDebug2\19_1124_0_segmented.tiff;3487.0;(81. 47);306.166520476341;0.815291091886836;66.6317213682155;0.467462109209768;0.756478112594754;753.268007134635;0.928365559104874;0.814561173968682;0.907296194286934;85.4060113501016;53.0;Alive;;;;;;;;;;;;;;;;;
4;Tube 3;2012240.0;;;;;;;;;;;;;;;;;;2012240.0;0.0;1224.0;False;G:\Experiments\PTT\Spheroids\13052025\15052025 before laser\Analysis\2025-05-15_111641_tube3_cropped_8bits2\20_1224_0_8bits.tiff;G:\Experiments\PTT\Spheroids\13052025\15052025 before laser\Analysis\2025-05-15_111641_tube3_segmentationDebug2\20_1224_0_segmented.tiff;3928.0;(82. 76);371.9655097723;0.767112586661458;70.7197633743193;0.356759871569964;0.677017387981884;828.383083003901;0.926566407704092;0.812752398932899;0.906924847060489;;;;;;;;;;;;;;;;;;;;;;;;;;;;;;;;;;;;;
4;Tube 3;2013240.0;;;;;;;;;;;;;;;;;;;;;;;;;;;;;;;;;;;2013240.0;0.0;1324.0;False;G:\Experiments\PTT\Spheroids\13052025\15052025 after laser\Analysis\2025-05-15_155824_tube3_cropped_8bits2\20_1324_0_8bits.tiff;G:\Experiments\PTT\Spheroids\13052025\15052025 after laser\Analysis\2025-05-15_155824_tube3_segmentationDebug2\20_1324_0_segmented.tiff;3511.0;(81. 72);328.308655977249;0.809452449567723;66.8606314774633;0.409332310673591;0.676937854822072;728.638976105582;0.931764987569488;0.832805657297066;0.91065368213665;78.68002522244798;37.0;Alive;;;;;;;;;;;;;;;;;
4;Tube 3;207050.0;207050.0;0.0;705.0;False;G:\Experiments\PTT\Spheroids\13052025\14052025\Analysis\2025-05-14_104556_tube3_cropped_8bits2\2_0705_0_8bits.tiff;G:\Experiments\PTT\Spheroids\13052025\14052025\Analysis\2025-05-14_104556_tube3_segmentationDebug2\2_0705_0_segmented.tiff;5828.0;(77. 74);636.190905213356;0.612474383899952;86.1419762178493;0.180948294698715;0.654927939380046;849.921008200531;0.882756091411148;0.719783927231857;0.90023338108994;207050.0;0.0;705.0;False;G:\Experiments\PTT\Spheroids\13052025\15052025 before laser\Analysis\2025-05-15_111641_tube3_cropped_8bits2\2_0705_0_8bits.tiff;G:\Experiments\PTT\Spheroids\13052025\15052025 before laser\Analysis\2025-05-15_111641_tube3_segmentationDebug2\2_0705_0_segmented.tiff;4134.0;(78. 79);468.450791120529;0.744529491220171;72.5504808938932;0.23672950111366;0.895809918826627;358.774923756487;0.924171108785172;0.785172127945922;0.927310428555179;;;;;;;;;;;;;;;;;;;;;;;;;;;;;;;;;;;;;
4;Tube 3;310050.0;310050.0;0.0;1005.0;False;G:\Experiments\PTT\Spheroids\13052025\14052025\Analysis\2025-05-14_104556_tube3_cropped_8bits2\3_1005_0_8bits.tiff;G:\Experiments\PTT\Spheroids\13052025\14052025\Analysis\2025-05-14_104556_tube3_segmentationDebug2\3_1005_0_segmented.tiff;5730.5;(71. 81);555.806129693985;0.690754580520732;85.4183774787653;0.23310721552593;0.659899683612795;426.443321445244;0.898415279174221;0.727524338794709;0.9113265690074;;;;;;;;;;;;;;;;;;;;;;;;;;;;;;;;;;;;;;;;;;;;;;;;;;;;;;
4;Tube 3;311050.0;;;;;;;;;;;;;;;;;;311050.0;0.0;1105.0;False;G:\Experiments\PTT\Spheroids\13052025\15052025 before laser\Analysis\2025-05-15_111641_tube3_cropped_8bits2\3_1105_0_8bits.tiff;G:\Experiments\PTT\Spheroids\13052025\15052025 before laser\Analysis\2025-05-15_111641_tube3_segmentationDebug2\3_1105_0_segmented.tiff;6785.5;(76. 76);597.178712964057;0.752689961175818;92.9492707384003;0.239101930123352;0.491146950707232;582.675306564991;0.863002020542136;0.678450741849182;0.905558723850037;;;;;;;;;;;;;;;;;;;;;;;;;;;;;;;;;;;;;
4;Tube 3;414050.0;414050.0;0.0;1405.0;True;G:\Experiments\PTT\Spheroids\13052025\14052025\Analysis\2025-05-14_104556_tube3_cropped_8bits2\4_1405_0_8bits.tiff;G:\Experiments\PTT\Spheroids\13052025\14052025\Analysis\2025-05-14_104556_tube3_segmentationDebug2\4_1405_0_segmented.tiff;4048.0;(80. 75);561.220343232154;0.663063063063063;71.7918775147156;0.16150410216307;0.583671699014418;1193.50658528328;0.925545687995809;0.801073425032837;0.878300008348271;414050.0;0.0;1405.0;False;G:\Experiments\PTT\Spheroids\13052025\15052025 before laser\Analysis\2025-05-15_111641_tube3_cropped_8bits2\4_1405_0_8bits.tiff;G:\Experiments\PTT\Spheroids\13052025\15052025 before laser\Analysis\2025-05-15_111641_tube3_segmentationDebug2\4_1405_0_segmented.tiff;3154.0;(72. 69);312.65180170536;0.810692713018892;63.3703205301559;0.405461554965936;0.7010247197196;1024.7769411224;0.938996795890913;0.849383147586229;0.89661231606049;;;;;;;;;;;;;;;;;;;;;;;;;;;;;;;;;;;;;
4;Tube 3;414051.0;414051.0;0.0;1405.0;True;G:\Experiments\PTT\Spheroids\13052025\14052025\Analysis\2025-05-14_104556_tube3_cropped_8bits2\4_1405_1_8bits.tiff;G:\Experiments\PTT\Spheroids\13052025\14052025\Analysis\2025-05-14_104556_tube3_segmentationDebug2\4_1405_1_segmented.tiff;3562.5;(102. 87);608.433546066284;0.590698060023213;67.3492084446359;0.120931220268335;0.565913006437255;525.548713488065;0.912075330911357;0.821397779439429;0.904076419698847;;;;;;;;;;;;;;;;;;;;;;;;;;;;;;;;;;;;;;;;;;;;;;;;;;;;;;
4;Tube 3;414051.0;414051.0;1.0;1405.0;True;G:\Experiments\PTT\Spheroids\13052025\14052025\Analysis\2025-05-14_104556_tube3_cropped_8bits2\4_1405_1_8bits.tiff;G:\Experiments\PTT\Spheroids\13052025\14052025\Analysis\2025-05-14_104556_tube3_segmentationDebug2\4_1405_1_segmented.tiff;661.5;(48. 41);177.012192606925;0.647577092511013;29.0215085555921;0.265297617189619;0.875918821853116;195.18901310172;0.98481573705261;0.964599347691048;0.908747874323529;;;;;;;;;;;;;;;;;;;;;;;;;;;;;;;;;;;;;;;;;;;;;;;;;;;;;;
4;Tube 3;515020.0;;;;;;;;;;;;;;;;;;515020.0;0.0;1502.0;False;G:\Experiments\PTT\Spheroids\13052025\15052025 before laser\Analysis\2025-05-15_111641_tube3_cropped_8bits2\5_1502_0_8bits.tiff;G:\Experiments\PTT\Spheroids\13052025\15052025 before laser\Analysis\2025-05-15_111641_tube3_segmentationDebug2\5_1502_0_segmented.tiff;2737.0;(61. 71);378.16652059555;0.64742755765819;59.0326742909394;0.240501896798583;0.743856835665504;903.957949061813;0.947823924635625;0.86497371546751;0.875988742629416;;;;;;;;;;;;;;;;;;;;;;;;;;;;;;;;;;;;;
4;Tube 3;515030.0;515030.0;0.0;1503.0;False;G:\Experiments\PTT\Spheroids\13052025\14052025\Analysis\2025-05-14_104556_tube3_cropped_8bits2\5_1503_0_8bits.tiff;G:\Experiments\PTT\Spheroids\13052025\14052025\Analysis\2025-05-14_104556_tube3_segmentationDebug2\5_1503_0_segmented.tiff;4787.0;(101. 71);547.220343112945;0.690117494413609;78.0704662509916;0.200885607799559;0.722786399453338;740.575223832442;0.901233463534292;0.768777093440957;0.88532964595284;;;;;;;;;;;;;;;;;;;;;;;;;;;;;;;;;;;;;;;;;;;;;;;;;;;;;;
4;Tube 3;612010.0;;;;;;;;;;;;;;;;;;612010.0;0.0;1201.0;False;G:\Experiments\PTT\Spheroids\13052025\15052025 before laser\Analysis\2025-05-15_111641_tube3_cropped_8bits2\6_1201_0_8bits.tiff;G:\Experiments\PTT\Spheroids\13052025\15052025 before laser\Analysis\2025-05-15_111641_tube3_segmentationDebug2\6_1201_0_segmented.tiff;1920.5;(69. 75);201.296463251113;0.885635231727;49.4495353432555;0.595596156623197;0.746967188129872;1324.16208788011;0.968222711323555;0.907663498020872;0.833257696249937;;;;;;;;;;;;;;;;;;;;;;;;;;;;;;;;;;;;;
4;Tube 3;613010.0;613010.0;0.0;1301.0;False;G:\Experiments\PTT\Spheroids\13052025\14052025\Analysis\2025-05-14_104556_tube3_cropped_8bits2\6_1301_0_8bits.tiff;G:\Experiments\PTT\Spheroids\13052025\14052025\Analysis\2025-05-14_104556_tube3_segmentationDebug2\6_1301_0_segmented.tiff;4816.5;(79. 78);667.060962796211;0.610765914278468;78.3106523227645;0.136022382266082;0.52191303124819;904.488070085155;0.908046059997152;0.764053950588331;0.889451740936682;;;;;;;;;;;;;;;;;;;;;;;;;;;;;;;;;;;;;;;;;;;;;;;;;;;;;;
4;Tube 3;709010.0;;;;;;;;;;;;;;;;;;709010.0;0.0;901.0;False;G:\Experiments\PTT\Spheroids\13052025\15052025 before laser\Analysis\2025-05-15_111641_tube3_cropped_8bits2\7_0901_0_8bits.tiff;G:\Experiments\PTT\Spheroids\13052025\15052025 before laser\Analysis\2025-05-15_111641_tube3_segmentationDebug2\7_0901_0_segmented.tiff;2933.0;(76. 71);513.220343589782;0.621464138150227;61.1098321443303;0.139931084758029;0.484361118200042;1097.24870432429;0.932529725276064;0.851704788056829;0.836919880917968;;;;;;;;;;;;;;;;;;;;;;;;;;;;;;;;;;;;;
4;Tube 3;710010.0;710010.0;0.0;1001.0;False;G:\Experiments\PTT\Spheroids\13052025\14052025\Analysis\2025-05-14_104556_tube3_cropped_8bits2\7_1001_0_8bits.tiff;G:\Experiments\PTT\Spheroids\13052025\14052025\Analysis\2025-05-14_104556_tube3_segmentationDebug2\7_1001_0_segmented.tiff;2904.5;(79. 77);328.066015005111;0.754219683199169;60.8122048414895;0.339124181224346;0.688938684332624;1145.32403159068;0.951663399626794;0.859976068091429;0.887069322105911;;;;;;;;;;;;;;;;;;;;;;;;;;;;;;;;;;;;;;;;;;;;;;;;;;;;;;
4;Tube 3;805010.0;;;;;;;;;;;;;;;;;;;;;;;;;;;;;;;;;;;805010.0;0.0;501.0;False;G:\Experiments\PTT\Spheroids\13052025\15052025 after laser\Analysis\2025-05-15_155824_tube3_cropped_8bits2\8_0501_0_8bits.tiff;G:\Experiments\PTT\Spheroids\13052025\15052025 after laser\Analysis\2025-05-15_155824_tube3_segmentationDebug2\8_0501_0_segmented.tiff;2061.0;(77. 76);215.053822755813;0.875531011045029;51.226425814214;0.560007085566881;0.61896286646795;940.307358536934;0.970577101101222;0.90143810940361;0.903063161884484;7.062285434036294;72.0;Dead;;;;;;;;;;;;;;;;;
4;Tube 3;806010.0;;;;;;;;;;;;;;;;;;806010.0;0.0;601.0;False;G:\Experiments\PTT\Spheroids\13052025\15052025 before laser\Analysis\2025-05-15_111641_tube3_cropped_8bits2\8_0601_0_8bits.tiff;G:\Experiments\PTT\Spheroids\13052025\15052025 before laser\Analysis\2025-05-15_111641_tube3_segmentationDebug2\8_0601_0_segmented.tiff;3316.0;(74. 81);323.137082934379;0.82180916976456;64.9773986116849;0.399071566349741;0.444216925587484;1028.19725240146;0.938131658496299;0.840660854740139;0.879719636764436;;;;;;;;;;;;;;;;;;;;;;;;;;;;;;;;;;;;;
4;Tube 3;807010.0;807010.0;0.0;701.0;False;G:\Experiments\PTT\Spheroids\13052025\14052025\Analysis\2025-05-14_104556_tube3_cropped_8bits2\8_0701_0_8bits.tiff;G:\Experiments\PTT\Spheroids\13052025\14052025\Analysis\2025-05-14_104556_tube3_segmentationDebug2\8_0701_0_segmented.tiff;4230.5;(76. 84);360.40916109085;0.796554321220109;73.3923694535208;0.409270008222507;0.884034011858638;909.311262067271;0.924632602533997;0.80008138483679;0.910500589961012;;;;;;;;;;;;;;;;;;;;;;;;;;;;;;;;;;;;;;;;;;;;;;;;;;;;;;
4;Tube 3;903010.0;;;;;;;;;;;;;;;;;;903010.0;0.0;301.0;False;G:\Experiments\PTT\Spheroids\13052025\15052025 before laser\Analysis\2025-05-15_111641_tube3_cropped_8bits2\9_0301_0_8bits.tiff;G:\Experiments\PTT\Spheroids\13052025\15052025 before laser\Analysis\2025-05-15_111641_tube3_segmentationDebug2\9_0301_0_segmented.tiff;3593.5;(84. 71);400.551296472549;0.735092564181241;67.6416018734462;0.281456465593305;0.559322896004653;883.78936903323;0.928079113558638;0.826107429501908;0.890946941391389;;;;;;;;;;;;;;;;;;;;;;;;;;;;;;;;;;;;;
4;Tube 3;904010.0;904010.0;0.0;401.0;False;G:\Experiments\PTT\Spheroids\13052025\14052025\Analysis\2025-05-14_104556_tube3_cropped_8bits2\9_0401_0_8bits.tiff;G:\Experiments\PTT\Spheroids\13052025\14052025\Analysis\2025-05-14_104556_tube3_segmentationDebug2\9_0401_0_segmented.tiff;4714.0;(72. 71);536.592926621437;0.676424164155546;77.4729063213815;0.205735651037172;0.830096671346937;565.172542924661;0.909234765796121;0.772339714598558;0.910370748413613;;;;;;;;;;;;;;;;;;;;;;;;;;;;;;;;;;;;;;;;;;;;;;;;;;;;;;
4;Tube 8;1002030.0;;;;;;;;;;;;;;;;;;1002030.0;0.0;203.0;False;G:\Experiments\PTT\Spheroids\13052025\15052025 before laser\Analysis\2025-05-15_104433_tube8_cropped_8bits2\10_0203_0_8bits.tiff;G:\Experiments\PTT\Spheroids\13052025\15052025 before laser\Analysis\2025-05-15_104433_tube8_segmentationDebug2\10_0203_0_segmented.tiff;2995.0;(79. 72);485.906634330749;0.601103863522328;61.7523476191943;0.159404667318841;0.469419402500771;1177.81072458872;0.935775669217292;0.850739158053082;0.875153338953702;;;;;;;;;;;;;;;;;;;;;;;;;;;;;;;;;;;;;
4;Tube 8;104050.0;104050.0;0.0;405.0;False;G:\Experiments\PTT\Spheroids\13052025\14052025\Analysis\2025-05-14_113903_tube8_cropped_8bits2\1_0405_0_8bits.tiff;G:\Experiments\PTT\Spheroids\13052025\14052025\Analysis\2025-05-14_113903_tube8_segmentationDebug2\1_0405_0_segmented.tiff;5071.0;(75. 64);529.563489437103;0.669748398600013;80.352957203528;0.227230908158166;0.814241588711803;1099.53842540945;0.916856358881752;0.756938426671279;0.898799442540142;104050.0;0.0;405.0;False;G:\Experiments\PTT\Spheroids\13052025\15052025 before laser\Analysis\2025-05-15_104433_tube8_cropped_8bits2\1_0405_0_8bits.tiff;G:\Experiments\PTT\Spheroids\13052025\15052025 before laser\Analysis\2025-05-15_104433_tube8_segmentationDebug2\1_0405_0_segmented.tiff;2894.0;(83. 76);274.166520237922;0.860157527121414;60.7021848244654;0.483815247292853;0.710725384432722;1280.36744211499;0.947708572296048;0.862422009224315;0.893936829450368;;;;;;;;;;;;;;;;;;;;;;;;;;;;;;;;;;;;;
4;Tube 8;1102060.0;1102060.0;0.0;206.0;False;G:\Experiments\PTT\Spheroids\13052025\14052025\Analysis\2025-05-14_113903_tube8_cropped_8bits2\11_0206_0_8bits.tiff;G:\Experiments\PTT\Spheroids\13052025\14052025\Analysis\2025-05-14_113903_tube8_segmentationDebug2\11_0206_0_segmented.tiff;5347.0;(70. 65);546.249780893325;0.692975635044064;82.5106771618007;0.22518398300262;0.46927538484176;923.371803413605;0.908943276747207;0.745794907861796;0.91101758961408;1102060.0;0.0;206.0;False;G:\Experiments\PTT\Spheroids\13052025\15052025 before laser\Analysis\2025-05-15_104433_tube8_cropped_8bits2\11_0206_0_8bits.tiff;G:\Experiments\PTT\Spheroids\13052025\15052025 before laser\Analysis\2025-05-15_104433_tube8_segmentationDebug2\11_0206_0_segmented.tiff;3647.0;(80. 69);451.764499545097;0.69321421782931;68.1432654020126;0.224554326340492;0.748595419694917;1156.61887610549;0.932131857398928;0.822165440766912;0.885738644397891;;;;;;;;;;;;;;;;;;;;;;;;;;;;;;;;;;;;;
4;Tube 8;1202090.0;1202090.0;0.0;209.0;False;G:\Experiments\PTT\Spheroids\13052025\14052025\Analysis\2025-05-14_113903_tube8_cropped_8bits2\12_0209_0_8bits.tiff;G:\Experiments\PTT\Spheroids\13052025\14052025\Analysis\2025-05-14_113903_tube8_segmentationDebug2\12_0209_0_segmented.tiff;4771.5;(65. 75);475.320848464965;0.722297910990009;77.943970181816;0.265393978405377;0.558364229646584;866.071644937585;0.923177520814627;0.772947802332991;0.897641566158676;1202090.0;0.0;209.0;False;G:\Experiments\PTT\Spheroids\13052025\15052025 before laser\Analysis\2025-05-15_104433_tube8_cropped_8bits2\12_0209_0_8bits.tiff;G:\Experiments\PTT\Spheroids\13052025\15052025 before laser\Analysis\2025-05-15_104433_tube8_segmentationDebug2\12_0209_0_segmented.tiff;4690.0;(69. 84);465.421353697776;0.715211589782691;77.2754389493059;0.272075913970715;0.593999832472397;900.063119050149;0.907608718470788;0.776762726395987;0.908832219945546;1202090.0;0.0;209.0;False;G:\Experiments\PTT\Spheroids\13052025\15052025 after laser\Analysis\2025-05-15_153706_tube8_cropped_8bits2\12_0209_0_8bits.tiff;G:\Experiments\PTT\Spheroids\13052025\15052025 after laser\Analysis\2025-05-15_153706_tube8_segmentationDebug2\12_0209_0_segmented.tiff;2308.0;(84. 82);239.882249832153;0.852132176481447;54.2091954307454;0.504021940109158;0.785879871329842;656.350976249019;0.961606121825308;0.889103379311001;0.889014406850911;-8.743781965949696;37.0;Dead;0.0;0.0;0.0;;;;-2382.0;;-225.539103865623;0.13692058669875606;-23.06624351856049;0.231946026138443;0.1918800388574451;-243.71214280112997;0.05399740335452008;0.11234065291501405;-0.01981781309463493
4;Tube 8;1302120.0;;;;;;;;;;;;;;;;;;1302120.0;0.0;212.0;False;G:\Experiments\PTT\Spheroids\13052025\15052025 before laser\Analysis\2025-05-15_104433_tube8_cropped_8bits2\13_0212_0_8bits.tiff;G:\Experiments\PTT\Spheroids\13052025\15052025 before laser\Analysis\2025-05-15_104433_tube8_segmentationDebug2\13_0212_0_segmented.tiff;3758.5;(80. 71);679.404108405113;0.59687152612355;69.177097574899;0.10232177871218;0.633887015243714;982.005031925693;0.923894978864216;0.810429556002436;0.884690772136486;;;;;;;;;;;;;;;;;;;;;;;;;;;;;;;;;;;;;
4;Tube 8;1402150.0;;;;;;;;;;;;;;;;;;1402150.0;0.0;215.0;False;G:\Experiments\PTT\Spheroids\13052025\15052025 before laser\Analysis\2025-05-15_104433_tube8_cropped_8bits2\14_0215_0_8bits.tiff;G:\Experiments\PTT\Spheroids\13052025\15052025 before laser\Analysis\2025-05-15_104433_tube8_segmentationDebug2\14_0215_0_segmented.tiff;9082.5;(64. 83);768.374671220779;0.742671409297191;107.536961855248;0.193316618552256;0.754575924550511;518.813182659035;0.811572615555253;0.573787755996439;0.91106858097632;;;;;;;;;;;;;;;;;;;;;;;;;;;;;;;;;;;;;
4;Tube 8;1402160.0;;;;;;;;;;;;;;;;;;;;;;;;;;;;;;;;;;;1402160.0;0.0;216.0;False;G:\Experiments\PTT\Spheroids\13052025\15052025 after laser\Analysis\2025-05-15_153706_tube8_cropped_8bits2\14_0216_0_8bits.tiff;G:\Experiments\PTT\Spheroids\13052025\15052025 after laser\Analysis\2025-05-15_153706_tube8_segmentationDebug2\14_0216_0_segmented.tiff;498.5;(74. 138);126.526911377906;0.722463768115942;25.1934498044725;0.391299428202481;0.533193948473474;313.246577426678;0.989657140684065;0.973628940826671;0.910506151654352;4.498003222868352;68.0;Dead;;;;;;;;;;;;;;;;;
4;Tube 8;1502180.0;1502180.0;0.0;218.0;False;G:\Experiments\PTT\Spheroids\13052025\14052025\Analysis\2025-05-14_113903_tube8_cropped_8bits2\15_0218_0_8bits.tiff;G:\Experiments\PTT\Spheroids\13052025\14052025\Analysis\2025-05-14_113903_tube8_segmentationDebug2\15_0218_0_segmented.tiff;5364.0;(65. 86);522.048770666122;0.747179272879231;82.6417383527198;0.247329818263755;0.619415718329167;1010.50110120298;0.908941760965922;0.745471853601267;0.902399889341795;1502180.0;0.0;218.0;False;G:\Experiments\PTT\Spheroids\13052025\15052025 before laser\Analysis\2025-05-15_104433_tube8_cropped_8bits2\15_0218_0_8bits.tiff;G:\Experiments\PTT\Spheroids\13052025\15052025 before laser\Analysis\2025-05-15_104433_tube8_segmentationDebug2\15_0218_0_segmented.tiff;585.0;(136. 66);111.112697720527;0.862831858407079;27.2918510488033;0.595440466273882;0.755151580219064;41.3403534118692;0.984699854618193;0.970617650872936;0.917501175066767;;;;;;;;;;;;;;;;;;;;;;;;;;;;;;;;;;;;;
4;Tube 8;1502180.0;1502180.0;0.0;218.0;False;G:\Experiments\PTT\Spheroids\13052025\14052025\Analysis\2025-05-14_113903_tube8_cropped_8bits2\15_0218_0_8bits.tiff;G:\Experiments\PTT\Spheroids\13052025\14052025\Analysis\2025-05-14_113903_tube8_segmentationDebug2\15_0218_0_segmented.tiff;5364.0;(65. 86);522.048770666122;0.747179272879231;82.6417383527198;0.247329818263755;0.619415718329167;1010.50110120298;0.908941760965922;0.745471853601267;0.902399889341795;1502180.0;1.0;218.0;False;G:\Experiments\PTT\Spheroids\13052025\15052025 before laser\Analysis\2025-05-15_104433_tube8_cropped_8bits2\15_0218_0_8bits.tiff;G:\Experiments\PTT\Spheroids\13052025\15052025 before laser\Analysis\2025-05-15_104433_tube8_segmentationDebug2\15_0218_0_segmented.tiff;6677.5;(60. 68);635.261973142623;0.70597874927314;92.2065998720755;0.207930425518303;0.701965443380431;649.161899849394;0.865775715769541;0.68259371381527;0.918364556146299;;;;;;;;;;;;;;;;;;;;;;;;;;;;;;;;;;;;;
4;Tube 8;1602210.0;;;;;;;;;;;;;;;;;;1602210.0;0.0;221.0;False;G:\Experiments\PTT\Spheroids\13052025\15052025 before laser\Analysis\2025-05-15_104433_tube8_cropped_8bits2\16_0221_0_8bits.tiff;G:\Experiments\PTT\Spheroids\13052025\15052025 before laser\Analysis\2025-05-15_104433_tube8_segmentationDebug2\16_0221_0_segmented.tiff;7184.5;(65. 76);531.806129574775;0.777080741982586;95.6430316810889;0.31922708762485;0.761403838913621;575.020381580465;0.847595227224289;0.663379478939535;0.921517037661107;;;;;;;;;;;;;;;;;;;;;;;;;;;;;;;;;;;;;
4;Tube 8;1703240.0;;;;;;;;;;;;;;;;;;1703240.0;0.0;324.0;False;G:\Experiments\PTT\Spheroids\13052025\15052025 before laser\Analysis\2025-05-15_104433_tube8_cropped_8bits2\17_0324_0_8bits.tiff;G:\Experiments\PTT\Spheroids\13052025\15052025 before laser\Analysis\2025-05-15_104433_tube8_segmentationDebug2\17_0324_0_segmented.tiff;5141.5;(75. 83);562.149275541305;0.665954277572696;80.9095860776449;0.20445436809577;0.732413545302913;939.262346243056;0.905993022530383;0.752671804093036;0.901223636062451;;;;;;;;;;;;;;;;;;;;;;;;;;;;;;;;;;;;;
4;Tube 8;1806240.0;;;;;;;;;;;;;;;;;;1806240.0;0.0;624.0;False;G:\Experiments\PTT\Spheroids\13052025\15052025 before laser\Analysis\2025-05-15_104433_tube8_cropped_8bits2\18_0624_0_8bits.tiff;G:\Experiments\PTT\Spheroids\13052025\15052025 before laser\Analysis\2025-05-15_104433_tube8_segmentationDebug2\18_0624_0_segmented.tiff;567.5;(60. 133);170.183765530586;0.632311977715877;26.8805402035971;0.246229153701768;0.516984564405524;76.13147976777;0.983029127374906;0.969094897519835;0.890680479957686;;;;;;;;;;;;;;;;;;;;;;;;;;;;;;;;;;;;;
4;Tube 8;1806240.0;;;;;;;;;;;;;;;;;;1806240.0;1.0;624.0;False;G:\Experiments\PTT\Spheroids\13052025\15052025 before laser\Analysis\2025-05-15_104433_tube8_cropped_8bits2\18_0624_0_8bits.tiff;G:\Experiments\PTT\Spheroids\13052025\15052025 before laser\Analysis\2025-05-15_104433_tube8_segmentationDebug2\18_0624_0_segmented.tiff;5507.5;(77. 62);694.918827295303;0.661045429994598;83.7398757619624;0.143316506649233;0.70310869433576;857.407777085871;0.888841176733157;0.732071830049453;0.896494950302098;;;;;;;;;;;;;;;;;;;;;;;;;;;;;;;;;;;;;
4;Tube 8;2012240.0;;;;;;;;;;;;;;;;;;2012240.0;0.0;1224.0;False;G:\Experiments\PTT\Spheroids\13052025\15052025 before laser\Analysis\2025-05-15_104433_tube8_cropped_8bits2\20_1224_0_8bits.tiff;G:\Experiments\PTT\Spheroids\13052025\15052025 before laser\Analysis\2025-05-15_104433_tube8_segmentationDebug2\20_1224_0_segmented.tiff;8213.0;(80. 70);957.730009555816;0.667208253787725;102.26004293422599;0.112518904504055;0.73519607316331;542.29183174496;0.821347830611531;0.605203213588543;0.903344155220201;;;;;;;;;;;;;;;;;;;;;;;;;;;;;;;;;;;;;
4;Tube 8;207050.0;207050.0;0.0;705.0;False;G:\Experiments\PTT\Spheroids\13052025\14052025\Analysis\2025-05-14_113903_tube8_cropped_8bits2\2_0705_0_8bits.tiff;G:\Experiments\PTT\Spheroids\13052025\14052025\Analysis\2025-05-14_113903_tube8_segmentationDebug2\2_0705_0_segmented.tiff;4676.5;(82. 74);470.007140040397;0.734317343173431;77.1641414839431;0.266024656873244;0.607275674092049;735.513240742647;0.901233728379186;0.776141919010895;0.90635198323604;207050.0;0.0;705.0;False;G:\Experiments\PTT\Spheroids\13052025\15052025 before laser\Analysis\2025-05-15_104433_tube8_cropped_8bits2\2_0705_0_8bits.tiff;G:\Experiments\PTT\Spheroids\13052025\15052025 before laser\Analysis\2025-05-15_104433_tube8_segmentationDebug2\2_0705_0_segmented.tiff;2404.5;(73. 67);232.752306938171;0.854325812755374;55.3308637680246;0.557759090186722;0.93280561526424;1133.15010373239;0.948599694761029;0.884949192323892;0.882165966694228;;;;;;;;;;;;;;;;;;;;;;;;;;;;;;;;;;;;;
4;Tube 8;310050.0;;;;;;;;;;;;;;;;;;310050.0;0.0;1005.0;False;G:\Experiments\PTT\Spheroids\13052025\15052025 before laser\Analysis\2025-05-15_104433_tube8_cropped_8bits2\3_1005_0_8bits.tiff;G:\Experiments\PTT\Spheroids\13052025\15052025 before laser\Analysis\2025-05-15_104433_tube8_segmentationDebug2\3_1005_0_segmented.tiff;3235.5;(78. 75);261.923879623413;0.89750346740638;64.1838495806431;0.592653806843461;0.738818169517436;849.8258772314;0.930817140474097;0.846932176668735;0.891452975485711;;;;;;;;;;;;;;;;;;;;;;;;;;;;;;;;;;;;;
4;Tube 8;413050.0;;;;;;;;;;;;;;;;;;413050.0;0.0;1305.0;False;G:\Experiments\PTT\Spheroids\13052025\15052025 before laser\Analysis\2025-05-15_104433_tube8_cropped_8bits2\4_1305_0_8bits.tiff;G:\Experiments\PTT\Spheroids\13052025\15052025 before laser\Analysis\2025-05-15_104433_tube8_segmentationDebug2\4_1305_0_segmented.tiff;3785.5;(85. 82);547.722869277;0.548543689320388;69.4251272710029;0.158566472685343;0.484500936212416;915.046627034936;0.931605458643136;0.810681141224256;0.857845462209979;;;;;;;;;;;;;;;;;;;;;;;;;;;;;;;;;;;;;
4;Tube 8;515030.0;515030.0;0.0;1503.0;False;G:\Experiments\PTT\Spheroids\13052025\14052025\Analysis\2025-05-14_113903_tube8_cropped_8bits2\5_1503_0_8bits.tiff;G:\Experiments\PTT\Spheroids\13052025\14052025\Analysis\2025-05-14_113903_tube8_segmentationDebug2\5_1503_0_segmented.tiff;1066.5;(18. 113);254.953317403793;0.666770865895592;36.8498300465558;0.206181354896849;0.549207040283115;390.68975179307;0.970168265597047;0.945318164557728;0.888824305098079;515030.0;0.0;1503.0;False;G:\Experiments\PTT\Spheroids\13052025\15052025 before laser\Analysis\2025-05-15_104433_tube8_cropped_8bits2\5_1503_0_8bits.tiff;G:\Experiments\PTT\Spheroids\13052025\15052025 before laser\Analysis\2025-05-15_104433_tube8_segmentationDebug2\5_1503_0_segmented.tiff;8064.5;(80. 87);603.462983846664;0.825097196644157;101.331339221963;0.278282591225683;0.641517607224841;517.575331620677;0.823160310076392;0.621925140423409;0.908338615462048;;;;;;;;;;;;;;;;;;;;;;;;;;;;;;;;;;;;;
4;Tube 8;515030.0;515030.0;1.0;1503.0;False;G:\Experiments\PTT\Spheroids\13052025\14052025\Analysis\2025-05-14_113903_tube8_cropped_8bits2\5_1503_0_8bits.tiff;G:\Experiments\PTT\Spheroids\13052025\14052025\Analysis\2025-05-14_113903_tube8_segmentationDebug2\5_1503_0_segmented.tiff;3997.5;(78. 78);486.492421150207;0.679211621782346;71.3426596089521;0.212249256932469;0.756426893068809;1035.97489650832;0.916022574160588;0.805486535687599;0.882904117759945;515030.0;0.0;1503.0;False;G:\Experiments\PTT\Spheroids\13052025\15052025 before laser\Analysis\2025-05-15_104433_tube8_cropped_8bits2\5_1503_0_8bits.tiff;G:\Experiments\PTT\Spheroids\13052025\15052025 before laser\Analysis\2025-05-15_104433_tube8_segmentationDebug2\5_1503_0_segmented.tiff;8064.5;(80. 87);603.462983846664;0.825097196644157;101.331339221963;0.278282591225683;0.641517607224841;517.575331620677;0.823160310076392;0.621925140423409;0.908338615462048;;;;;;;;;;;;;;;;;;;;;;;;;;;;;;;;;;;;;
4;Tube 8;515040.0;;;;;;;;;;;;;;;;;;;;;;;;;;;;;;;;;;;515040.0;0.0;1504.0;False;G:\Experiments\PTT\Spheroids\13052025\15052025 after laser\Analysis\2025-05-15_153706_tube8_cropped_8bits2\5_1504_0_8bits.tiff;G:\Experiments\PTT\Spheroids\13052025\15052025 after laser\Analysis\2025-05-15_153706_tube8_segmentationDebug2\5_1504_0_segmented.tiff;2216.0;(66. 67);285.480228543281;0.69718420638666;53.1177826262836;0.341686286274307;0.483725982331529;1245.22580310943;0.9574294396274;0.891884243002018;0.85744948596226;1.1910600434386605;77.0;Dead;;;;;;;;;;;;;;;;;
4;Tube 8;613010.0;613010.0;0.0;1301.0;False;G:\Experiments\PTT\Spheroids\13052025\14052025\Analysis\2025-05-14_113903_tube8_cropped_8bits2\6_1301_0_8bits.tiff;G:\Experiments\PTT\Spheroids\13052025\14052025\Analysis\2025-05-14_113903_tube8_segmentationDebug2\6_1301_0_segmented.tiff;5086.5;(70. 88);546.977702379226;0.696828549900678;80.4756667837887;0.213643491863503;0.541064375612612;932.943586613661;0.888677909085486;0.755863486204577;0.900696415759063;613010.0;0.0;1301.0;False;G:\Experiments\PTT\Spheroids\13052025\15052025 before laser\Analysis\2025-05-15_104433_tube8_cropped_8bits2\6_1301_0_8bits.tiff;G:\Experiments\PTT\Spheroids\13052025\15052025 before laser\Analysis\2025-05-15_104433_tube8_segmentationDebug2\6_1301_0_segmented.tiff;3080.5;(77. 75);294.752306580543;0.796715375662744;62.6275851167572;0.445570728571246;0.722172196505399;1047.76686874697;0.939069510552587;0.85342390193875;0.895213198908813;;;;;;;;;;;;;;;;;;;;;;;;;;;;;;;;;;;;;
4;Tube 8;710010.0;;;;;;;;;;;;;;;;;;710010.0;0.0;1001.0;False;G:\Experiments\PTT\Spheroids\13052025\15052025 before laser\Analysis\2025-05-15_104433_tube8_cropped_8bits2\7_1001_0_8bits.tiff;G:\Experiments\PTT\Spheroids\13052025\15052025 before laser\Analysis\2025-05-15_104433_tube8_segmentationDebug2\7_1001_0_segmented.tiff;3618.5;(73. 84);336.40916109085;0.826613363792118;67.8764855647682;0.401793413329692;0.532247753806274;926.031643724587;0.910121689726911;0.82668725966544;0.883084318370425;;;;;;;;;;;;;;;;;;;;;;;;;;;;;;;;;;;;;
4;Tube 8;807010.0;;;;;;;;;;;;;;;;;;807010.0;0.0;701.0;False;G:\Experiments\PTT\Spheroids\13052025\15052025 before laser\Analysis\2025-05-15_104433_tube8_cropped_8bits2\8_0701_0_8bits.tiff;G:\Experiments\PTT\Spheroids\13052025\15052025 before laser\Analysis\2025-05-15_104433_tube8_segmentationDebug2\8_0701_0_segmented.tiff;4377.0;(69. 79);370.793936967849;0.85638818235179;74.6523240583024;0.400056344510842;0.703176109275313;937.79376907723;0.901774473793203;0.792549458763034;0.899807075553328;;;;;;;;;;;;;;;;;;;;;;;;;;;;;;;;;;;;;
4;Tube 8;904010.0;904010.0;0.0;401.0;False;G:\Experiments\PTT\Spheroids\13052025\14052025\Analysis\2025-05-14_113903_tube8_cropped_8bits2\9_0401_0_8bits.tiff;G:\Experiments\PTT\Spheroids\13052025\14052025\Analysis\2025-05-14_113903_tube8_segmentationDebug2\9_0401_0_segmented.tiff;3545.0;(72. 84);297.338093042373;0.87057956777996;67.1835856894089;0.503877539502482;0.743745391010654;1217.81837508618;0.944301411339144;0.83266808153548;0.904308093860251;904010.0;0.0;401.0;False;G:\Experiments\PTT\Spheroids\13052025\15052025 before laser\Analysis\2025-05-15_104433_tube8_cropped_8bits2\9_0401_0_8bits.tiff;G:\Experiments\PTT\Spheroids\13052025\15052025 before laser\Analysis\2025-05-15_104433_tube8_segmentationDebug2\9_0401_0_segmented.tiff;3468.5;(75. 61);422.551296591758;0.705984123753307;66.4547316668565;0.244113999150758;0.597647971267477;926.100663327803;0.932638518826382;0.830860736666118;0.903133021060011;;;;;;;;;;;;;;;;;;;;;;;;;;;;;;;;;;;;;
