Experiment ID;Sheet;merge_number;Name_day0;Index_day0;Wells_day0;multiple_day0;Path 8bcrop_day0;Path segmented_day0;Area (pix2)_day0;Centroid_day0;Perimeter (pix)_day0;Solidity_day0;Equivalent Diameter (pix)_day0;Circularity_day0;Aspect ratio_day0;Mean grey value_day0;Homogeneity_day0;Energy_day0;Correlation_day0;Name_day1;Index_day1;Wells_day1;multiple_day1;Path 8bcrop_day1;Path segmented_day1;Area (pix2)_day1;Centroid_day1;Perimeter (pix)_day1;Solidity_day1;Equivalent Diameter (pix)_day1;Circularity_day1;Aspect ratio_day1;Mean grey value_day1;Homogeneity_day1;Energy_day1;Correlation_day1;Name_day2;Index_day2;Wells_day2;multiple_day2;Path 8bcrop_day2;Path segmented_day2;Area (pix2)_day2;Centroid_day2;Perimeter (pix)_day2;Solidity_day2;Equivalent Diameter (pix)_day2;Circularity_day2;Aspect ratio_day2;Mean grey value_day2;Homogeneity_day2;Energy_day2;Correlation_day2;Max temp (°C)_day2;Normalised alb_day2;Label_day2
1;Tube 5;1002040.0;;;;;;;;;;;;;;;;;;;;;;;;;;;;;;;;;;;1002040.0;0.0;204.0;False;F:\For Leo to analyse\09092025 hs\11092025 post laser\Analysis\2025-09-11_161319_tube5_cropped_8bits\10_0204_0_8bits.tiff;F:\For Leo to analyse\09092025 hs\11092025 post laser\Analysis\2025-09-11_161319_tube5_segmentationDebug\10_0204_0_segmented.tiff;994.5;(75. 79);137.01219260692596;0.9078046554084892;35.58422019995829;0.6657270729990232;0.7770158481628319;699.6445841258943;0.9841153144398308;0.9511249723200876;0.9055021550761002;43.0;24.9883087891435;Dead
1;Tube 5;1002050.0;;;;;;;;;;;;;;;;;;1002050.0;0.0;205.0;False;F:\For Leo to analyse\09092025 hs\11092025 pre laser\Analysis\2025-09-11_111757_tube5_cropped_8bits\10_0205_0_8bits.tiff;F:\For Leo to analyse\09092025 hs\11092025 pre laser\Analysis\2025-09-11_111757_tube5_segmentationDebug\10_0205_0_segmented.tiff;1163.5;(76. 60);180.81118190288544;0.8029675638371291;38.48914405776468;0.4472245971887488;0.7194558714218303;582.6427278023493;0.976869941142819;0.9422609809639876;0.9097799700079636;;;;;;;;;;;;;;;;;;;;
1;Tube 5;104050.0;104050.0;0.0;405.0;False;F:\For Leo to analyse\09092025 hs\10092025\Analysis\2025-09-10_145511_tube5-newoil_cropped_8bits\1_0405_0_8bits.tiff;F:\For Leo to analyse\09092025 hs\10092025\Analysis\2025-09-10_145511_tube5-newoil_segmentationDebug\1_0405_0_segmented.tiff;2231.0;(75. 89);254.0243847370148;0.8115678428519462;53.29725531679984;0.4344688235945687;0.652759675464467;783.0766957730923;0.9494844151518256;0.8918069400018228;0.9021965952086006;;;;;;;;;;;;;;;;;;;;;;;;;;;;;;;;;;;;;
1;Tube 5;1102070.0;1102070.0;0.0;207.0;False;F:\For Leo to analyse\09092025 hs\10092025\Analysis\2025-09-10_145511_tube5-newoil_cropped_8bits\10_0207_0_8bits.tiff;F:\For Leo to analyse\09092025 hs\10092025\Analysis\2025-09-10_145511_tube5-newoil_segmentationDebug\10_0207_0_segmented.tiff;1215.5;(75. 83);172.81118190288544;0.8388543823326432;39.33983562021568;0.5114711550731217;0.8528209010942958;276.8632016352626;0.9723853825314028;0.9398061299872824;0.9159662791495764;;;;;;;;;;;;;;;;;;;;;;;;;;;;;;;;;;;;;
1;Tube 5;1102080.0;;;;;;;;;;;;;;;;;;1102080.0;0.0;208.0;False;F:\For Leo to analyse\09092025 hs\11092025 pre laser\Analysis\2025-09-11_111757_tube5_cropped_8bits\11_0208_0_8bits.tiff;F:\For Leo to analyse\09092025 hs\11092025 pre laser\Analysis\2025-09-11_111757_tube5_segmentationDebug\11_0208_0_segmented.tiff;1273.0;(76. 84);167.7401144504547;0.8552233792408465;40.25958197060499;0.5685444149951722;0.7789363685659938;606.9449428773758;0.9775841486966634;0.9376478834260732;0.9076126683153912;1102080.0;0.0;208.0;False;F:\For Leo to analyse\09092025 hs\11092025 post laser\Analysis\2025-09-11_161319_tube5_cropped_8bits\11_0208_0_8bits.tiff;F:\For Leo to analyse\09092025 hs\11092025 post laser\Analysis\2025-09-11_161319_tube5_segmentationDebug\11_0208_0_segmented.tiff;1395.5;(72. 75);184.46803605556488;0.8493609251369446;42.15217413939546;0.5153442761033404;0.9088234605815294;613.0532955968547;0.9750894825585704;0.9315094438066236;0.906267806593222;42.0;46.37660699002056;Dead
1;Tube 5;1202100.0;1202100.0;0.0;210.0;False;F:\For Leo to analyse\09092025 hs\10092025\Analysis\2025-09-10_145511_tube5-newoil_cropped_8bits\11_0210_0_8bits.tiff;F:\For Leo to analyse\09092025 hs\10092025\Analysis\2025-09-10_145511_tube5-newoil_segmentationDebug\11_0210_0_segmented.tiff;928.0;(81. 84);124.56854140758514;0.9426104621635348;34.37391885593249;0.7515209325141955;0.8237742934229074;484.5187017636301;0.9817520937622004;0.9542554203429644;0.9119566940470905;;;;;;;;;;;;;;;;;;;;;;;;;;;;;;;;;;;;;
1;Tube 5;1202110.0;;;;;;;;;;;;;;;;;;1202110.0;0.0;211.0;False;F:\For Leo to analyse\09092025 hs\11092025 pre laser\Analysis\2025-09-11_111757_tube5_cropped_8bits\12_0211_0_8bits.tiff;F:\For Leo to analyse\09092025 hs\11092025 pre laser\Analysis\2025-09-11_111757_tube5_segmentationDebug\12_0211_0_segmented.tiff;1325.5;(73. 62);155.98275482654572;0.9100583590799862;41.08137067511816;0.6845992573970014;0.7998882893521622;677.5200478240076;0.9759633581286956;0.935795226871155;0.905419820981312;1202110.0;0.0;211.0;False;F:\For Leo to analyse\09092025 hs\11092025 post laser\Analysis\2025-09-11_161319_tube5_cropped_8bits\12_0211_0_8bits.tiff;F:\For Leo to analyse\09092025 hs\11092025 post laser\Analysis\2025-09-11_161319_tube5_segmentationDebug\12_0211_0_segmented.tiff;1246.5;(74. 77);204.1248903274536;0.8233157199471598;39.838336969712735;0.375932798828583;0.8405195619472251;670.4442563533748;0.976918090163412;0.9378237004869312;0.9024160734052868;42.0;48.988379377586405;Dead
1;Tube 5;1302130.0;1302130.0;0.0;213.0;False;F:\For Leo to analyse\09092025 hs\10092025\Analysis\2025-09-10_145511_tube5-newoil_cropped_8bits\12_0213_0_8bits.tiff;F:\For Leo to analyse\09092025 hs\10092025\Analysis\2025-09-10_145511_tube5-newoil_segmentationDebug\12_0213_0_segmented.tiff;1123.5;(70. 79);149.15432798862457;0.8909595559080096;37.82174808902882;0.6346162979849377;0.8282282700738534;527.7994323865355;0.9756567683549244;0.9448054051905408;0.913951471300946;;;;;;;;;;;;;;;;;;1302130.0;0.0;213.0;False;F:\For Leo to analyse\09092025 hs\11092025 post laser\Analysis\2025-09-11_161319_tube5_cropped_8bits\13_0213_0_8bits.tiff;F:\For Leo to analyse\09092025 hs\11092025 post laser\Analysis\2025-09-11_161319_tube5_segmentationDebug\13_0213_0_segmented.tiff;1349.0;(75. 68);164.9116872549057;0.8837209302325582;41.44393979640129;0.6233313120323406;0.7972130042976658;612.9695156695158;0.9813426826322208;0.9343267474389172;0.9105535694639092;43.0;57.10605031191269;Alive
1;Tube 5;1302140.0;;;;;;;;;;;;;;;;;;1302140.0;0.0;214.0;False;F:\For Leo to analyse\09092025 hs\11092025 pre laser\Analysis\2025-09-11_111757_tube5_cropped_8bits\13_0214_0_8bits.tiff;F:\For Leo to analyse\09092025 hs\11092025 pre laser\Analysis\2025-09-11_111757_tube5_segmentationDebug\13_0214_0_segmented.tiff;1227.0;(67. 70);158.2253955602646;0.8956204379562044;39.525497104907416;0.6158884314625435;0.8319352885165503;686.7209805261707;0.9760279443706212;0.9397695751331282;0.882876981768178;;;;;;;;;;;;;;;;;;;;
1;Tube 5;1402160.0;1402160.0;0.0;216.0;False;F:\For Leo to analyse\09092025 hs\10092025\Analysis\2025-09-10_145511_tube5-newoil_cropped_8bits\13_0216_0_8bits.tiff;F:\For Leo to analyse\09092025 hs\10092025\Analysis\2025-09-10_145511_tube5-newoil_segmentationDebug\13_0216_0_segmented.tiff;716.0;(79. 78);109.74011445045473;0.9427254772876892;30.19336870954244;0.7471229354421118;0.7419786922481452;549.0945503718729;0.9839762949441592;0.9644171944762164;0.9061990189089104;;;;;;;;;;;;;;;;;;1402160.0;0.0;216.0;False;F:\For Leo to analyse\09092025 hs\11092025 post laser\Analysis\2025-09-11_161319_tube5_cropped_8bits\14_0216_0_8bits.tiff;F:\For Leo to analyse\09092025 hs\11092025 post laser\Analysis\2025-09-11_161319_tube5_segmentationDebug\14_0216_0_segmented.tiff;774.5;(80. 77);135.1543275117874;0.8319011815252417;31.40261179261024;0.5328087816992761;0.6518357724713774;593.326111958824;0.9841938519648744;0.9606808032658424;0.878007987022016;42.0;39.134232747743376;Dead
1;Tube 5;1402170.0;;;;;;;;;;;;;;;;;;1402170.0;0.0;217.0;False;F:\For Leo to analyse\09092025 hs\11092025 pre laser\Analysis\2025-09-11_111757_tube5_cropped_8bits\14_0217_0_8bits.tiff;F:\For Leo to analyse\09092025 hs\11092025 pre laser\Analysis\2025-09-11_111757_tube5_segmentationDebug\14_0217_0_segmented.tiff;717.5;(71. 65);118.66904664039612;0.8985597996242956;30.22497929440944;0.6402607259568318;0.9094125332567432;611.6312049968183;0.9865662604145036;0.9639436222508392;0.8847743070452002;;;;;;;;;;;;;;;;;;;;
1;Tube 5;1502190.0;1502190.0;0.0;219.0;False;F:\For Leo to analyse\09092025 hs\10092025\Analysis\2025-09-10_145511_tube5-newoil_cropped_8bits\14_0219_0_8bits.tiff;F:\For Leo to analyse\09092025 hs\10092025\Analysis\2025-09-10_145511_tube5-newoil_segmentationDebug\14_0219_0_segmented.tiff;854.0;(76. 69);117.25483310222626;0.9400110071546504;32.97493853222215;0.7805598868269781;0.7292755128426804;568.9792692082326;0.9825291890059517;0.9581243150572708;0.9201447209347612;;;;;;;;;;;;;;;;;;1502190.0;0.0;219.0;False;F:\For Leo to analyse\09092025 hs\11092025 post laser\Analysis\2025-09-11_161319_tube5_cropped_8bits\15_0219_0_8bits.tiff;F:\For Leo to analyse\09092025 hs\11092025 post laser\Analysis\2025-09-11_161319_tube5_segmentationDebug\15_0219_0_segmented.tiff;1201.5;(81. 74);150.32590091228485;0.9199846860643184;39.11262344818228;0.668137747505365;0.7449262166162576;527.424537037037;0.97890721675546;0.9412472942206944;0.9090430920806736;43.0;42.4236541872182;Dead
1;Tube 5;1502200.0;;;;;;;;;;;;;;;;;;1502200.0;0.0;220.0;False;F:\For Leo to analyse\09092025 hs\11092025 pre laser\Analysis\2025-09-11_111757_tube5_cropped_8bits\15_0220_0_8bits.tiff;F:\For Leo to analyse\09092025 hs\11092025 pre laser\Analysis\2025-09-11_111757_tube5_segmentationDebug\15_0220_0_segmented.tiff;1174.5;(68. 66);174.12489008903503;0.8458768455167447;38.67065871292405;0.4867894692546872;0.7055089176606579;759.6481055289303;0.9814002505527178;0.9418522988738808;0.8958809068231118;;;;;;;;;;;;;;;;;;;;
1;Tube 5;1602220.0;1602220.0;0.0;222.0;False;F:\For Leo to analyse\09092025 hs\10092025\Analysis\2025-09-10_145511_tube5-newoil_cropped_8bits\15_0222_0_8bits.tiff;F:\For Leo to analyse\09092025 hs\10092025\Analysis\2025-09-10_145511_tube5-newoil_segmentationDebug\15_0222_0_segmented.tiff;966.0;(77. 72);151.74011421203613;0.8690958164642375;35.070634442709576;0.5272130809387282;0.8725151676243998;518.8845354907833;0.9774544222500006;0.9516800684472748;0.8990641837978233;;;;;;;;;;;;;;;;;;1602220.0;0.0;222.0;False;F:\For Leo to analyse\09092025 hs\11092025 post laser\Analysis\2025-09-11_161319_tube5_cropped_8bits\16_0222_0_8bits.tiff;F:\For Leo to analyse\09092025 hs\11092025 post laser\Analysis\2025-09-11_161319_tube5_segmentationDebug\16_0222_0_segmented.tiff;1024.0;(75. 70);139.39696860313416;0.8904347826086957;36.1081333470564;0.6622213247208847;0.7586434602346999;615.6320384226126;0.979876450422064;0.949789587091825;0.9047182248183736;41.0;37.835405398251176;Dead
1;Tube 5;1602230.0;;;;;;;;;;;;;;;;;;1602230.0;0.0;223.0;False;F:\For Leo to analyse\09092025 hs\11092025 pre laser\Analysis\2025-09-11_111757_tube5_cropped_8bits\16_0223_0_8bits.tiff;F:\For Leo to analyse\09092025 hs\11092025 pre laser\Analysis\2025-09-11_111757_tube5_segmentationDebug\16_0223_0_segmented.tiff;1020.0;(82. 78);156.56854140758514;0.8374384236453202;36.03754064347158;0.5228787886259698;0.7460459714818523;680.7591480513731;0.9774810698092185;0.9489751772106838;0.8676631672445528;;;;;;;;;;;;;;;;;;;;
1;Tube 5;1704240.0;1704240.0;0.0;424.0;False;F:\For Leo to analyse\09092025 hs\10092025\Analysis\2025-09-10_145511_tube5-newoil_cropped_8bits\16_0424_0_8bits.tiff;F:\For Leo to analyse\09092025 hs\10092025\Analysis\2025-09-10_145511_tube5-newoil_segmentationDebug\16_0424_0_segmented.tiff;829.0;(69. 72);127.59797883033752;0.8986449864498645;32.48869930584249;0.6398479815374397;0.6516161905396838;455.1413490923526;0.9792528339500656;0.9584119038677936;0.902611115903603;1704240.0;0.0;424.0;False;F:\For Leo to analyse\09092025 hs\11092025 pre laser\Analysis\2025-09-11_111757_tube5_cropped_8bits\17_0424_0_8bits.tiff;F:\For Leo to analyse\09092025 hs\11092025 pre laser\Analysis\2025-09-11_111757_tube5_segmentationDebug\17_0424_0_segmented.tiff;909.5;(83. 79);128.66904652118683;0.9145299145299144;34.02956605566152;0.6903421678433601;0.7343945217019796;720.7817616959064;0.9812294439661196;0.955272465811278;0.9018371685231288;1704240.0;0.0;424.0;False;F:\For Leo to analyse\09092025 hs\11092025 post laser\Analysis\2025-09-11_161319_tube5_cropped_8bits\17_0424_0_8bits.tiff;F:\For Leo to analyse\09092025 hs\11092025 post laser\Analysis\2025-09-11_161319_tube5_segmentationDebug\17_0424_0_segmented.tiff;961.0;(75. 78);138.42640578746796;0.8820559889857733;34.97975417996089;0.6302246218307828;0.626658897268686;604.4361282289506;0.9792327543891852;0.9527666103638406;0.9142491659862098;43.0;39.388351142209245;Dead
1;Tube 5;1807240.0;1807240.0;0.0;724.0;False;F:\For Leo to analyse\09092025 hs\10092025\Analysis\2025-09-10_145511_tube5-newoil_cropped_8bits\17_0724_0_8bits.tiff;F:\For Leo to analyse\09092025 hs\10092025\Analysis\2025-09-10_145511_tube5-newoil_segmentationDebug\17_0724_0_segmented.tiff;847.5;(80. 73);137.8406195640564;0.850050150451354;32.849208729633816;0.5605251942916705;0.6756564598062863;664.667399150027;0.9790468274755764;0.957251809677532;0.9003148623411036;1807240.0;0.0;724.0;False;F:\For Leo to analyse\09092025 hs\11092025 pre laser\Analysis\2025-09-11_111757_tube5_cropped_8bits\18_0724_0_8bits.tiff;F:\For Leo to analyse\09092025 hs\11092025 pre laser\Analysis\2025-09-11_111757_tube5_segmentationDebug\18_0724_0_segmented.tiff;950.5;(76. 69);143.6396086215973;0.8704212454212454;34.7881328511717;0.578913342363862;0.7588372604589452;784.1642033321409;0.9786896938733016;0.95271294688957;0.8733719468258527;1807240.0;0.0;724.0;False;F:\For Leo to analyse\09092025 hs\11092025 post laser\Analysis\2025-09-11_161319_tube5_cropped_8bits\18_0724_0_8bits.tiff;F:\For Leo to analyse\09092025 hs\11092025 post laser\Analysis\2025-09-11_161319_tube5_segmentationDebug\18_0724_0_segmented.tiff;953.5;(76. 68);134.6690467596054;0.9025082820634168;34.84298933652188;0.6606858253405842;0.7698504188597426;617.5414340332566;0.9800387480681204;0.9530318040268172;0.9131891597631524;40.0;48.00014117688582;Dead
1;Tube 5;1910240.0;1910240.0;0.0;1024.0;False;F:\For Leo to analyse\09092025 hs\10092025\Analysis\2025-09-10_145511_tube5-newoil_cropped_8bits\18_1024_0_8bits.tiff;F:\For Leo to analyse\09092025 hs\10092025\Analysis\2025-09-10_145511_tube5-newoil_segmentationDebug\18_1024_0_segmented.tiff;781.5;(75. 54);129.8406194448471;0.8480737927292458;31.544202386659418;0.5825291853318685;0.8273866461542149;515.2034262853867;0.98037571976798;0.9605205718709056;0.8904891155316295;1910240.0;0.0;1024.0;False;F:\For Leo to analyse\09092025 hs\11092025 pre laser\Analysis\2025-09-11_111757_tube5_cropped_8bits\19_1024_0_8bits.tiff;F:\For Leo to analyse\09092025 hs\11092025 pre laser\Analysis\2025-09-11_111757_tube5_segmentationDebug\19_1024_0_segmented.tiff;783.5;(72. 82);138.32590067386627;0.8182767624020888;31.584540257854;0.5145669060053342;0.8560725304951955;823.3013736263736;0.981008849446622;0.9603438183995924;0.8646091926814569;1910240.0;0.0;1024.0;False;F:\For Leo to analyse\09092025 hs\11092025 post laser\Analysis\2025-09-11_161319_tube5_cropped_8bits\19_1024_0_8bits.tiff;F:\For Leo to analyse\09092025 hs\11092025 post laser\Analysis\2025-09-11_161319_tube5_segmentationDebug\19_1024_0_segmented.tiff;873.0;(71. 74);151.5979790687561;0.8031278748850046;33.33973788969849;0.4773503926063164;0.8504085607018812;698.2274224732621;0.9797677648028096;0.9560137420417132;0.8863005678961478;40.0;50.823678893173216;Alive
1;Tube 5;2013240.0;2013240.0;0.0;1324.0;False;F:\For Leo to analyse\09092025 hs\10092025\Analysis\2025-09-10_145511_tube5-newoil_cropped_8bits\19_1324_0_8bits.tiff;F:\For Leo to analyse\09092025 hs\10092025\Analysis\2025-09-10_145511_tube5-newoil_segmentationDebug\19_1324_0_segmented.tiff;849.5;(70. 72);127.639608502388;0.8998940677966102;32.88794601753841;0.6552428948039695;0.6530483659083184;589.4012060144096;0.9787708481137262;0.954553821611853;0.8938220437774661;2013240.0;0.0;1324.0;False;F:\For Leo to analyse\09092025 hs\11092025 pre laser\Analysis\2025-09-11_111757_tube5_cropped_8bits\20_1324_0_8bits.tiff;F:\For Leo to analyse\09092025 hs\11092025 pre laser\Analysis\2025-09-11_111757_tube5_segmentationDebug\20_1324_0_segmented.tiff;952.0;(78. 83);148.42640614509585;0.8481069042316258;34.815571898044055;0.5430308069116495;0.9322558681131956;759.9248573878106;0.9790889654675352;0.9523125577999038;0.877925718193371;;;;;;;;;;;;;;;;;;;;
1;Tube 5;207050.0;207050.0;0.0;705.0;False;F:\For Leo to analyse\09092025 hs\10092025\Analysis\2025-09-10_145511_tube5-newoil_cropped_8bits\2_0705_0_8bits.tiff;F:\For Leo to analyse\09092025 hs\10092025\Analysis\2025-09-10_145511_tube5-newoil_segmentationDebug\2_0705_0_segmented.tiff;1782.5;(74. 73);192.6101715564728;0.8930360721442886;47.63978892155618;0.6037831188264823;0.7390053132633807;665.6602194162426;0.9591898667901634;0.9138917513673172;0.904716846520911;;;;;;;;;;;;;;;;;;;;;;;;;;;;;;;;;;;;;
1;Tube 5;208050.0;;;;;;;;;;;;;;;;;;208050.0;0.0;805.0;False;F:\For Leo to analyse\09092025 hs\11092025 pre laser\Analysis\2025-09-11_111757_tube5_cropped_8bits\2_0805_0_8bits.tiff;F:\For Leo to analyse\09092025 hs\11092025 pre laser\Analysis\2025-09-11_111757_tube5_segmentationDebug\2_0805_0_segmented.tiff;2045.0;(75. 86);201.19595742225647;0.8856647899523603;51.02719734595863;0.6348405741564944;0.7827710710809337;889.147787681426;0.9633513793668552;0.9021789451882202;0.8874656176836344;208050.0;0.0;805.0;False;F:\For Leo to analyse\09092025 hs\11092025 post laser\Analysis\2025-09-11_161319_tube5_cropped_8bits\2_0805_0_8bits.tiff;F:\For Leo to analyse\09092025 hs\11092025 post laser\Analysis\2025-09-11_161319_tube5_segmentationDebug\2_0805_0_segmented.tiff;2245.0;(72. 86);235.5391039848328;0.8412966085816002;53.46421960461445;0.508510789470114;0.8972453605434024;796.2104023583481;0.9568462839076496;0.8919016787838275;0.893960126721092;37.0;71.01197356462814;Alive
1;Tube 5;311050.0;311050.0;0.0;1105.0;False;F:\For Leo to analyse\09092025 hs\10092025\Analysis\2025-09-10_145511_tube5-newoil_cropped_8bits\3_1105_0_8bits.tiff;F:\For Leo to analyse\09092025 hs\10092025\Analysis\2025-09-10_145511_tube5-newoil_segmentationDebug\3_1105_0_segmented.tiff;1348.5;(78. 70);165.98275482654572;0.8759337447223124;41.43625859166543;0.6150846347301134;0.8880559970309445;715.1443765021975;0.9709652130996632;0.9341771030972948;0.9007084356817618;311050.0;0.0;1105.0;False;F:\For Leo to analyse\09092025 hs\11092025 pre laser\Analysis\2025-09-11_111757_tube5_cropped_8bits\3_1105_0_8bits.tiff;F:\For Leo to analyse\09092025 hs\11092025 pre laser\Analysis\2025-09-11_111757_tube5_segmentationDebug\3_1105_0_segmented.tiff;1705.5;(75. 77);176.61017107963562;0.914722445695897;46.59946398346037;0.6871161642076428;0.824198788286806;865.3120337038073;0.9689563011217964;0.9180924804078648;0.8855477895845917;;;;;;;;;;;;;;;;;;;;
1;Tube 5;312050.0;;;;;;;;;;;;;;;;;;;;;;;;;;;;;;;;;;;312050.0;0.0;1205.0;False;F:\For Leo to analyse\09092025 hs\11092025 post laser\Analysis\2025-09-11_161319_tube5_cropped_8bits\3_1205_0_8bits.tiff;F:\For Leo to analyse\09092025 hs\11092025 post laser\Analysis\2025-09-11_161319_tube5_segmentationDebug\3_1205_0_segmented.tiff;1846.0;(72. 78);216.3675308227539;0.8786292241789624;48.48092614194896;0.4955156583605309;0.8414508100118439;823.5037733589932;0.9643314164053208;0.9105958106742796;0.8995331916684148;37.0;36.000105882664364;Dead
1;Tube 5;414050.0;414050.0;0.0;1405.0;False;F:\For Leo to analyse\09092025 hs\10092025\Analysis\2025-09-10_145511_tube5-newoil_cropped_8bits\4_1405_0_8bits.tiff;F:\For Leo to analyse\09092025 hs\10092025\Analysis\2025-09-10_145511_tube5-newoil_segmentationDebug\4_1405_0_segmented.tiff;1847.5;(73. 69);186.12488996982572;0.9173286991062564;48.50061915994695;0.6701706484215719;0.8279563273700165;863.5079030585409;0.9559182896852786;0.911264088032345;0.8989496802320197;414050.0;0.0;1405.0;False;F:\For Leo to analyse\09092025 hs\11092025 pre laser\Analysis\2025-09-11_111757_tube5_cropped_8bits\4_1405_0_8bits.tiff;F:\For Leo to analyse\09092025 hs\11092025 pre laser\Analysis\2025-09-11_111757_tube5_segmentationDebug\4_1405_0_segmented.tiff;2560.5;(76. 73);224.12488996982572;0.8965336134453782;57.0975468325425;0.6405521090563621;0.8277325210548002;765.9642268398593;0.9518817513525418;0.8521955298119737;0.8735092639797815;;;;;;;;;;;;;;;;;;;;
1;Tube 5;415040.0;;;;;;;;;;;;;;;;;;;;;;;;;;;;;;;;;;;415040.0;0.0;1504.0;False;F:\For Leo to analyse\09092025 hs\11092025 post laser\Analysis\2025-09-11_161319_tube5_cropped_8bits\4_1504_0_8bits.tiff;F:\For Leo to analyse\09092025 hs\11092025 post laser\Analysis\2025-09-11_161319_tube5_segmentationDebug\4_1504_0_segmented.tiff;2730.5;(81. 78);259.09545278549194;0.8608133669609079;58.96253536695451;0.5111312838625861;0.852838352510626;882.0718826644525;0.9520975248138296;0.8702196513183734;0.8982899663873571;37.0;75.60022235359516;Alive
1;Tube 5;515020.0;;;;;;;;;;;;;;;;;;515020.0;0.0;1502.0;False;F:\For Leo to analyse\09092025 hs\11092025 pre laser\Analysis\2025-09-11_111757_tube5_cropped_8bits\5_1502_0_8bits.tiff;F:\For Leo to analyse\09092025 hs\11092025 pre laser\Analysis\2025-09-11_111757_tube5_segmentationDebug\5_1502_0_segmented.tiff;2458.0;(77. 69);250.0243847370148;0.8327968829408775;55.94303174622403;0.4941138281345591;0.8216268500746926;1093.285127562753;0.954240361750192;0.8820025934139444;0.8710785450070944;515020.0;0.0;1502.0;False;F:\For Leo to analyse\09092025 hs\11092025 post laser\Analysis\2025-09-11_161319_tube5_cropped_8bits\5_1502_0_8bits.tiff;F:\For Leo to analyse\09092025 hs\11092025 post laser\Analysis\2025-09-11_161319_tube5_segmentationDebug\5_1502_0_segmented.tiff;2331.5;(79. 73);226.75230705738068;0.8806421152030217;54.48447483962777;0.56982546683513;0.9370461892797568;896.2510691747108;0.9604744432145496;0.8887612132355435;0.8763128244790717;37.0;72.70609619440057;Alive
1;Tube 5;515030.0;515030.0;0.0;1503.0;False;F:\For Leo to analyse\09092025 hs\10092025\Analysis\2025-09-10_145511_tube5-newoil_cropped_8bits\5_1503_0_8bits.tiff;F:\For Leo to analyse\09092025 hs\10092025\Analysis\2025-09-10_145511_tube5-newoil_segmentationDebug\5_1503_0_segmented.tiff;1900.0;(82. 63);214.71067690849304;0.8429458740017747;49.18490759365935;0.5179122492674628;0.758498182172696;769.0098386871632;0.9639621930777084;0.908258715823636;0.9089782284551118;;;;;;;;;;;;;;;;;;;;;;;;;;;;;;;;;;;;;
1;Tube 5;611010.0;;;;;;;;;;;;;;;;;;611010.0;0.0;1101.0;False;F:\For Leo to analyse\09092025 hs\11092025 pre laser\Analysis\2025-09-11_111757_tube5_cropped_8bits\6_1101_0_8bits.tiff;F:\For Leo to analyse\09092025 hs\11092025 pre laser\Analysis\2025-09-11_111757_tube5_segmentationDebug\6_1101_0_segmented.tiff;1793.5;(80. 74);209.78174448013303;0.8380841121495327;47.78655797902287;0.5121248620022851;0.7932487180556695;970.7839323822232;0.9679355803189992;0.9129626340856076;0.8713498728903304;;;;;;;;;;;;;;;;;;;;
1;Tube 5;612010.0;;;;;;;;;;;;;;;;;;;;;;;;;;;;;;;;;;;612010.0;0.0;1201.0;False;F:\For Leo to analyse\09092025 hs\11092025 post laser\Analysis\2025-09-11_161319_tube5_cropped_8bits\6_1201_0_8bits.tiff;F:\For Leo to analyse\09092025 hs\11092025 post laser\Analysis\2025-09-11_161319_tube5_segmentationDebug\6_1201_0_segmented.tiff;1787.0;(72. 72);195.0538226366043;0.879862136878385;47.69988539233334;0.5902357144377673;0.7860626978661714;889.7550000909835;0.9692463159722692;0.9138012011190312;0.9022809310691806;44.0;54.14133570981092;Alive
1;Tube 5;613010.0;613010.0;0.0;1301.0;False;F:\For Leo to analyse\09092025 hs\10092025\Analysis\2025-09-10_145511_tube5-newoil_cropped_8bits\6_1301_0_8bits.tiff;F:\For Leo to analyse\09092025 hs\10092025\Analysis\2025-09-10_145511_tube5-newoil_segmentationDebug\6_1301_0_segmented.tiff;1522.5;(85. 61);168.4680359363556;0.8859470468431772;44.02848176872881;0.6741121268277934;0.9076235881247576;550.0874764522025;0.9661951659469846;0.9262327581670812;0.912366833131138;;;;;;;;;;;;;;;;;;;;;;;;;;;;;;;;;;;;;
1;Tube 5;708010.0;;;;;;;;;;;;;;;;;;708010.0;0.0;801.0;False;F:\For Leo to analyse\09092025 hs\11092025 pre laser\Analysis\2025-09-11_111757_tube5_cropped_8bits\7_0801_0_8bits.tiff;F:\For Leo to analyse\09092025 hs\11092025 pre laser\Analysis\2025-09-11_111757_tube5_segmentationDebug\7_0801_0_segmented.tiff;2069.5;(74. 68);248.89444184303284;0.7927600076613676;51.33195143211896;0.4198023816466688;0.7508309593012856;954.4737400888396;0.963637130063344;0.8994742105429913;0.8775065850013459;708010.0;0.0;801.0;False;F:\For Leo to analyse\09092025 hs\11092025 post laser\Analysis\2025-09-11_161319_tube5_cropped_8bits\7_0801_0_8bits.tiff;F:\For Leo to analyse\09092025 hs\11092025 post laser\Analysis\2025-09-11_161319_tube5_segmentationDebug\7_0801_0_segmented.tiff;1958.5;(71. 77);197.2964630126953;0.899632521819017;49.93635597802283;0.6322587388126318;0.9024521455043598;821.341598928232;0.9628684510655452;0.905917407086751;0.8916331022439522;43.0;81.10612090035559;Alive
1;Tube 5;709010.0;709010.0;0.0;901.0;False;F:\For Leo to analyse\09092025 hs\10092025\Analysis\2025-09-10_145511_tube5-newoil_cropped_8bits\7_0901_0_8bits.tiff;F:\For Leo to analyse\09092025 hs\10092025\Analysis\2025-09-10_145511_tube5-newoil_segmentationDebug\7_0901_0_segmented.tiff;1638.0;(68. 68);205.5391039848328;0.8454193548387097;45.66800164531175;0.4872309227073865;0.8789330071023088;689.0687629319264;0.9626204948850918;0.9199757264988934;0.901069525007696;;;;;;;;;;;;;;;;;;;;;;;;;;;;;;;;;;;;;
1;Tube 5;805010.0;;;;;;;;;;;;;;;;;;805010.0;0.0;501.0;False;F:\For Leo to analyse\09092025 hs\11092025 pre laser\Analysis\2025-09-11_111757_tube5_cropped_8bits\8_0501_0_8bits.tiff;F:\For Leo to analyse\09092025 hs\11092025 pre laser\Analysis\2025-09-11_111757_tube5_segmentationDebug\8_0501_0_segmented.tiff;1662.0;(79. 73);194.7106765508652;0.8651743883394065;46.00134914706133;0.550885513353347;0.7997539873179488;798.0354468514342;0.9718544603335764;0.9195154674085356;0.8972484103416555;805010.0;0.0;501.0;False;F:\For Leo to analyse\09092025 hs\11092025 post laser\Analysis\2025-09-11_161319_tube5_cropped_8bits\8_0501_0_8bits.tiff;F:\For Leo to analyse\09092025 hs\11092025 post laser\Analysis\2025-09-11_161319_tube5_segmentationDebug\8_0501_0_segmented.tiff;1703.5;(74. 79);199.2964632511139;0.8416501976284585;46.57213291718933;0.5389553886711286;0.7182702217004111;862.9909207920105;0.968001973667682;0.9172692847296134;0.8838965587001143;42.0;48.988379377586405;Dead
1;Tube 5;807010.0;807010.0;0.0;701.0;False;F:\For Leo to analyse\09092025 hs\10092025\Analysis\2025-09-10_145511_tube5-newoil_cropped_8bits\8_0701_0_8bits.tiff;F:\For Leo to analyse\09092025 hs\10092025\Analysis\2025-09-10_145511_tube5-newoil_segmentationDebug\8_0701_0_segmented.tiff;1722.5;(65. 47);224.40916109085083;0.7892325315005727;46.83113404356463;0.4298212968379439;0.8347429997801593;545.9374314050633;0.9504942941834468;0.8899948384740479;0.9029684161124546;;;;;;;;;;;;;;;;;;;;;;;;;;;;;;;;;;;;;
1;Tube 5;902020.0;;;;;;;;;;;;;;;;;;902020.0;0.0;202.0;False;F:\For Leo to analyse\09092025 hs\11092025 pre laser\Analysis\2025-09-11_111757_tube5_cropped_8bits\9_0202_0_8bits.tiff;F:\For Leo to analyse\09092025 hs\11092025 pre laser\Analysis\2025-09-11_111757_tube5_segmentationDebug\9_0202_0_segmented.tiff;1433.0;(74. 83);170.08326017856598;0.8834771886559802;42.71477809383408;0.6224907619319218;0.8047487499560741;698.6422185240177;0.9743046949770992;0.9304297706318112;0.897370044249288;902020.0;0.0;202.0;False;F:\For Leo to analyse\09092025 hs\11092025 post laser\Analysis\2025-09-11_161319_tube5_cropped_8bits\9_0202_0_8bits.tiff;F:\For Leo to analyse\09092025 hs\11092025 post laser\Analysis\2025-09-11_161319_tube5_segmentationDebug\9_0202_0_segmented.tiff;1337.5;(74. 77);161.63960921764374;0.9000672947510094;41.26691036512523;0.6432918823182504;0.8724640506668071;704.1333432267459;0.9785330738616173;0.935115926457837;0.9090370754606496;44.0;25.341251003679425;Dead
1;Tube 5;903010.0;903010.0;0.0;301.0;False;F:\For Leo to analyse\09092025 hs\10092025\Analysis\2025-09-10_145511_tube5-newoil_cropped_8bits\9_0301_0_8bits.tiff;F:\For Leo to analyse\09092025 hs\10092025\Analysis\2025-09-10_145511_tube5-newoil_segmentationDebug\9_0301_0_segmented.tiff;954.5;(72. 76);131.49747359752655;0.9160268714011516;34.861255649355385;0.6936669114598726;0.9115687108927186;667.874805442136;0.9780465858425308;0.9528857211616208;0.88662289601122;;;;;;;;;;;;;;;;;;;;;;;;;;;;;;;;;;;;;
1;Tube 6;1002030.0;1002030.0;0.0;203.0;False;F:\For Leo to analyse\09092025 hs\10092025\Analysis\2025-09-10_150632_tube6_cropped_8bits\10_0203_0_8bits.tiff;F:\For Leo to analyse\09092025 hs\10092025\Analysis\2025-09-10_150632_tube6_segmentationDebug\10_0203_0_segmented.tiff;1042.0;(73. 70);148.56854116916656;0.8509595753368722;36.424107478619696;0.5932310376855449;0.7233269576446946;653.8359394367878;0.9748126317801812;0.9486764303786228;0.909198253202773;;;;;;;;;;;;;;;;;;;;;;;;;;;;;;;;;;;;;
1;Tube 6;1002040.0;;;;;;;;;;;;;;;;;;;;;;;;;;;;;;;;;;;1002040.0;0.0;204.0;False;F:\For Leo to analyse\09092025 hs\11092025 post laser\Analysis\2025-09-11_162302_tube6_cropped_8bits\10_0204_0_8bits.tiff;F:\For Leo to analyse\09092025 hs\11092025 post laser\Analysis\2025-09-11_162302_tube6_segmentationDebug\10_0204_0_segmented.tiff;1159.0;(76. 74);180.56854152679443;0.7802086839447997;38.41464085928767;0.4466929719660319;0.6871856229682392;789.3162113907488;0.975059814903494;0.9420160197381352;0.8884039856781655;71.0;24.536542754537514;Dead
1;Tube 6;1002050.0;;;;;;;;;;;;;;;;;;1002050.0;0.0;205.0;False;F:\For Leo to analyse\09092025 hs\11092025 pre laser\Analysis\2025-09-11_110815_tube6_cropped_8bits\10_0205_0_8bits.tiff;F:\For Leo to analyse\09092025 hs\11092025 pre laser\Analysis\2025-09-11_110815_tube6_segmentationDebug\10_0205_0_segmented.tiff;1053.5;(67. 66);144.6690467596054;0.9074074074074074;36.62455269868144;0.6325475300428135;0.6267903574069572;753.0522111749779;0.976398502582536;0.9477165278285218;0.8947608987578758;;;;;;;;;;;;;;;;;;;;
1;Tube 6;104050.0;104050.0;0.0;405.0;False;F:\For Leo to analyse\09092025 hs\10092025\Analysis\2025-09-10_150632_tube6_cropped_8bits\1_0405_0_8bits.tiff;F:\For Leo to analyse\09092025 hs\10092025\Analysis\2025-09-10_150632_tube6_segmentationDebug\1_0405_0_segmented.tiff;2057.0;(75. 77);200.0243842601776;0.9107814921408014;51.17669140849406;0.646068060322992;0.9009104555776078;564.1310365374366;0.959464796427361;0.9016453842842242;0.9278566163169936;104050.0;0.0;405.0;False;F:\For Leo to analyse\09092025 hs\11092025 pre laser\Analysis\2025-09-11_110815_tube6_cropped_8bits\1_0405_0_8bits.tiff;F:\For Leo to analyse\09092025 hs\11092025 pre laser\Analysis\2025-09-11_110815_tube6_segmentationDebug\1_0405_0_segmented.tiff;1984.5;(74. 68);215.2964631319046;0.8683001531393568;50.26672733058052;0.538006071254515;0.6537373876644819;732.0188531756614;0.955529892567934;0.904648635461154;0.9177218423674744;;;;;;;;;;;;;;;;;;;;
1;Tube 6;1102070.0;1102070.0;0.0;207.0;False;F:\For Leo to analyse\09092025 hs\10092025\Analysis\2025-09-10_150632_tube6_cropped_8bits\11_0207_0_8bits.tiff;F:\For Leo to analyse\09092025 hs\10092025\Analysis\2025-09-10_150632_tube6_segmentationDebug\11_0207_0_segmented.tiff;976.5;(74. 78);139.982754945755;0.9024953789279112;35.26072057451303;0.6262288028875267;0.6832288600960205;389.92535713050415;0.9826852446664528;0.9516938534724044;0.9088368554418166;;;;;;;;;;;;;;;;;;1102070.0;0.0;207.0;False;F:\For Leo to analyse\09092025 hs\11092025 post laser\Analysis\2025-09-11_162302_tube6_cropped_8bits\11_0207_0_8bits.tiff;F:\For Leo to analyse\09092025 hs\11092025 post laser\Analysis\2025-09-11_162302_tube6_segmentationDebug\11_0207_0_segmented.tiff;1296.5;(80. 71);219.78174448013303;0.7472622478386167;40.62948522623857;0.3372866506394806;0.6611660120195036;549.9283879117213;0.9757908386566896;0.9344132669148508;0.8973024615760498;57.0;18.42358359877529;Dead
1;Tube 6;1102080.0;;;;;;;;;;;;;;;;;;1102080.0;0.0;208.0;False;F:\For Leo to analyse\09092025 hs\11092025 pre laser\Analysis\2025-09-11_110815_tube6_cropped_8bits\11_0208_0_8bits.tiff;F:\For Leo to analyse\09092025 hs\11092025 pre laser\Analysis\2025-09-11_110815_tube6_segmentationDebug\11_0208_0_segmented.tiff;1550.0;(90. 74);195.0538226366043;0.8647140864714087;44.42433223290477;0.5119559918178732;0.7491302007523394;636.453611955365;0.9688782772819404;0.9238881391572576;0.9033126671231696;;;;;;;;;;;;;;;;;;;;
1;Tube 6;1202100.0;1202100.0;0.0;210.0;False;F:\For Leo to analyse\09092025 hs\10092025\Analysis\2025-09-10_150632_tube6_cropped_8bits\12_0210_0_8bits.tiff;F:\For Leo to analyse\09092025 hs\10092025\Analysis\2025-09-10_150632_tube6_segmentationDebug\12_0210_0_segmented.tiff;940.5;(85. 72);145.982754945755;0.8213973799126637;34.60464985841384;0.5545817238278576;0.8034531631905298;491.0861792668318;0.9771933107214424;0.9530196752474974;0.9048761306960617;;;;;;;;;;;;;;;;;;1202100.0;0.0;210.0;False;F:\For Leo to analyse\09092025 hs\11092025 post laser\Analysis\2025-09-11_162302_tube6_cropped_8bits\12_0210_0_8bits.tiff;F:\For Leo to analyse\09092025 hs\11092025 post laser\Analysis\2025-09-11_162302_tube6_segmentationDebug\12_0210_0_segmented.tiff;1521.5;(87. 68);225.4385987520218;0.715494944744886;44.01402012216733;0.3762056104580417;0.4711878715069688;482.1493963524274;0.970820868811223;0.9248912891910402;0.9217976715988472;56.0;41.647181315239166;Dead
1;Tube 6;1202110.0;;;;;;;;;;;;;;;;;;1202110.0;0.0;211.0;False;F:\For Leo to analyse\09092025 hs\11092025 pre laser\Analysis\2025-09-11_110815_tube6_cropped_8bits\12_0211_0_8bits.tiff;F:\For Leo to analyse\09092025 hs\11092025 pre laser\Analysis\2025-09-11_110815_tube6_segmentationDebug\12_0211_0_segmented.tiff;1413.0;(70. 65);256.16652047634125;0.7057942057942058;42.41565131777166;0.2705872240977783;0.4448075674444498;462.1578660835298;0.972940504755112;0.9287336408237272;0.9043706541518884;;;;;;;;;;;;;;;;;;;;
1;Tube 6;1302130.0;1302130.0;0.0;213.0;False;F:\For Leo to analyse\09092025 hs\10092025\Analysis\2025-09-10_150632_tube6_cropped_8bits\13_0213_0_8bits.tiff;F:\For Leo to analyse\09092025 hs\10092025\Analysis\2025-09-10_150632_tube6_segmentationDebug\13_0213_0_segmented.tiff;237.5;(106. 93);76.52691125869751;0.7890365448504983;17.38949084575512;0.5096184095842461;0.8684168374045633;343.72050154094063;0.9935509833742758;0.9867165556181168;0.8806286058526706;;;;;;;;;;;;;;;;;;1302130.0;0.0;213.0;False;F:\For Leo to analyse\09092025 hs\11092025 post laser\Analysis\2025-09-11_162302_tube6_cropped_8bits\13_0213_0_8bits.tiff;F:\For Leo to analyse\09092025 hs\11092025 post laser\Analysis\2025-09-11_162302_tube6_segmentationDebug\13_0213_0_segmented.tiff;770.0;(72. 73);122.08326005935668;0.9000584453535944;31.311251163856024;0.6492147124835276;0.8756476374316061;736.0764072492259;0.9860231269077696;0.9614445650932866;0.9018097367655614;62.0;31.17185638781291;Dead
1;Tube 6;1302130.0;1302130.0;1.0;213.0;False;F:\For Leo to analyse\09092025 hs\10092025\Analysis\2025-09-10_150632_tube6_cropped_8bits\13_0213_0_8bits.tiff;F:\For Leo to analyse\09092025 hs\10092025\Analysis\2025-09-10_150632_tube6_segmentationDebug\13_0213_0_segmented.tiff;884.0;(63. 65);137.25483298301697;0.8897835933568193;33.549124542167775;0.5896670190374252;0.6959503439161795;360.6516851204351;0.9798166386017798;0.9557527978285396;0.9173833670512122;;;;;;;;;;;;;;;;;;1302130.0;0.0;213.0;False;F:\For Leo to analyse\09092025 hs\11092025 post laser\Analysis\2025-09-11_162302_tube6_cropped_8bits\13_0213_0_8bits.tiff;F:\For Leo to analyse\09092025 hs\11092025 post laser\Analysis\2025-09-11_162302_tube6_segmentationDebug\13_0213_0_segmented.tiff;770.0;(72. 73);122.08326005935668;0.9000584453535944;31.311251163856024;0.6492147124835276;0.8756476374316061;736.0764072492259;0.9860231269077696;0.9614445650932866;0.9018097367655614;62.0;31.17185638781291;Dead
1;Tube 6;1302140.0;;;;;;;;;;;;;;;;;;1302140.0;0.0;214.0;False;F:\For Leo to analyse\09092025 hs\11092025 pre laser\Analysis\2025-09-11_110815_tube6_cropped_8bits\13_0214_0_8bits.tiff;F:\For Leo to analyse\09092025 hs\11092025 pre laser\Analysis\2025-09-11_110815_tube6_segmentationDebug\13_0214_0_segmented.tiff;794.0;(77. 70);121.5979790687561;0.9053591790193842;31.79547449747714;0.6748040061237399;0.7933554842070998;731.0841112000492;0.9849424356361584;0.9605937064945064;0.9060223841922678;;;;;;;;;;;;;;;;;;;;
1;Tube 6;1402160.0;1402160.0;0.0;216.0;False;F:\For Leo to analyse\09092025 hs\10092025\Analysis\2025-09-10_150632_tube6_cropped_8bits\14_0216_0_8bits.tiff;F:\For Leo to analyse\09092025 hs\10092025\Analysis\2025-09-10_150632_tube6_segmentationDebug\14_0216_0_segmented.tiff;831.5;(70. 55);139.8406195640564;0.8298403193612774;32.53765021397962;0.5343249314384757;0.7444026577702971;458.0680645161292;0.9815059392425726;0.9582547290674436;0.9132462757058286;;;;;;;;;;;;;;;;;;;;;;;;;;;;;;;;;;;;;
1;Tube 6;1402170.0;;;;;;;;;;;;;;;;;;1402170.0;0.0;217.0;False;F:\For Leo to analyse\09092025 hs\11092025 pre laser\Analysis\2025-09-11_110815_tube6_cropped_8bits\14_0217_0_8bits.tiff;F:\For Leo to analyse\09092025 hs\11092025 pre laser\Analysis\2025-09-11_110815_tube6_segmentationDebug\14_0217_0_segmented.tiff;885.0;(75. 67);155.7401144504547;0.8217270194986073;33.56809492793148;0.4585135301690099;0.6851939710636917;617.8420827434325;0.979110373807255;0.9550363554286202;0.8899311685072836;;;;;;;;;;;;;;;;;;;;
1;Tube 6;1502190.0;1502190.0;0.0;219.0;False;F:\For Leo to analyse\09092025 hs\10092025\Analysis\2025-09-10_150632_tube6_cropped_8bits\15_0219_0_8bits.tiff;F:\For Leo to analyse\09092025 hs\10092025\Analysis\2025-09-10_150632_tube6_segmentationDebug\15_0219_0_segmented.tiff;611.0;(84. 60);133.94112491607666;0.7793367346938775;27.891743614073043;0.4279797198436887;0.9383228890658716;514.2766981313812;0.983238813781836;0.9681140039851196;0.8902341763175782;;;;;;;;;;;;;;;;;;1502190.0;0.0;219.0;False;F:\For Leo to analyse\09092025 hs\11092025 post laser\Analysis\2025-09-11_162302_tube6_cropped_8bits\15_0219_0_8bits.tiff;F:\For Leo to analyse\09092025 hs\11092025 post laser\Analysis\2025-09-11_162302_tube6_segmentationDebug\15_0219_0_segmented.tiff;844.0;(79. 77);135.25483310222626;0.8660851718830169;32.78130832893156;0.5797579664408389;0.6691559833421794;529.8515811014051;0.981385246061756;0.9574563019033308;0.905461594739012;57.0;28.969496969108736;Dead
1;Tube 6;1502200.0;;;;;;;;;;;;;;;;;;1502200.0;0.0;220.0;False;F:\For Leo to analyse\09092025 hs\11092025 pre laser\Analysis\2025-09-11_110815_tube6_cropped_8bits\15_0220_0_8bits.tiff;F:\For Leo to analyse\09092025 hs\11092025 pre laser\Analysis\2025-09-11_110815_tube6_segmentationDebug\15_0220_0_segmented.tiff;619.0;(58. 71);140.0832600593567;0.737343656938654;28.07374713484229;0.396394876597843;0.7136693791810017;554.8186646059039;0.9856625146214084;0.9676328333627856;0.8879513646284278;;;;;;;;;;;;;;;;;;;;
1;Tube 6;1602210.0;1602210.0;0.0;221.0;False;F:\For Leo to analyse\09092025 hs\10092025\Analysis\2025-09-10_150632_tube6_cropped_8bits\16_0221_0_8bits.tiff;F:\For Leo to analyse\09092025 hs\10092025\Analysis\2025-09-10_150632_tube6_segmentationDebug\16_0221_0_segmented.tiff;771.0;(95. 69);115.5979789495468;0.9205970149253732;31.331576548121717;0.7250429928757055;0.8441052334996654;727.4966653280385;0.982851415343796;0.9615983460713232;0.8860847067880068;;;;;;;;;;;;;;;;;;;;;;;;;;;;;;;;;;;;;
1;Tube 6;1602220.0;;;;;;;;;;;;;;;;;;;;;;;;;;;;;;;;;;;1602220.0;0.0;222.0;False;F:\For Leo to analyse\09092025 hs\11092025 post laser\Analysis\2025-09-11_162302_tube6_cropped_8bits\16_0222_0_8bits.tiff;F:\For Leo to analyse\09092025 hs\11092025 post laser\Analysis\2025-09-11_162302_tube6_segmentationDebug\16_0222_0_segmented.tiff;1258.0;(64. 68);230.0243847370148;0.7437185929648241;40.021685962448345;0.298773964346246;0.7300500800429635;587.3005524523826;0.9704674282978965;0.936193272909633;0.8984376162736617;54.0;32.541272180212296;Dead
1;Tube 6;1602230.0;;;;;;;;;;;;;;;;;;1602230.0;0.0;223.0;False;F:\For Leo to analyse\09092025 hs\11092025 pre laser\Analysis\2025-09-11_110815_tube6_cropped_8bits\16_0223_0_8bits.tiff;F:\For Leo to analyse\09092025 hs\11092025 pre laser\Analysis\2025-09-11_110815_tube6_segmentationDebug\16_0223_0_segmented.tiff;1222.0;(80. 77);191.53910386562347;0.7659041052961454;39.44488209725527;0.4185681393300938;0.720132630713292;642.8658581818195;0.9696940672165406;0.9389918225889716;0.894641085366877;;;;;;;;;;;;;;;;;;;;
1;Tube 6;1704240.0;1704240.0;0.0;424.0;False;F:\For Leo to analyse\09092025 hs\10092025\Analysis\2025-09-10_150632_tube6_cropped_8bits\17_0424_0_8bits.tiff;F:\For Leo to analyse\09092025 hs\10092025\Analysis\2025-09-10_150632_tube6_segmentationDebug\17_0424_0_segmented.tiff;827.5;(74. 63);126.18376553058624;0.8893068242880172;32.459293326693775;0.653086790687688;0.7391621986123733;508.9775489220565;0.9774500117055912;0.9586348740186268;0.9009481368778832;;;;;;;;;;;;;;;;;;1704240.0;0.0;424.0;False;F:\For Leo to analyse\09092025 hs\11092025 post laser\Analysis\2025-09-11_162302_tube6_cropped_8bits\17_0424_0_8bits.tiff;F:\For Leo to analyse\09092025 hs\11092025 post laser\Analysis\2025-09-11_162302_tube6_segmentationDebug\17_0424_0_segmented.tiff;1031.0;(74. 70);166.225395321846;0.7909474491752972;36.23133961947795;0.468893033526931;0.8401417512703452;511.817614131605;0.9746337350612704;0.9483698435309474;0.9002658616588411;63.0;34.447160138706295;Dead
1;Tube 6;1705240.0;;;;;;;;;;;;;;;;;;1705240.0;0.0;524.0;False;F:\For Leo to analyse\09092025 hs\11092025 pre laser\Analysis\2025-09-11_110815_tube6_cropped_8bits\17_0524_0_8bits.tiff;F:\For Leo to analyse\09092025 hs\11092025 pre laser\Analysis\2025-09-11_110815_tube6_segmentationDebug\17_0524_0_segmented.tiff;1068.0;(75. 82);168.56854152679443;0.8158899923605806;36.87573502694087;0.472310997693029;0.8922675408104351;602.2341744982018;0.9740531105882236;0.946581696499188;0.898488419775325;;;;;;;;;;;;;;;;;;;;
1;Tube 6;1807240.0;;;;;;;;;;;;;;;;;;;;;;;;;;;;;;;;;;;1807240.0;0.0;724.0;False;F:\For Leo to analyse\09092025 hs\11092025 post laser\Analysis\2025-09-11_162302_tube6_cropped_8bits\18_0724_0_8bits.tiff;F:\For Leo to analyse\09092025 hs\11092025 post laser\Analysis\2025-09-11_162302_tube6_segmentationDebug\18_0724_0_segmented.tiff;883.5;(74. 77);192.46803605556488;0.6698256254738438;33.53963532558928;0.2997085884570938;0.7455501826165682;447.67478988299376;0.983027870775206;0.9540655932923432;0.8980993250298829;73.0;44.47071903152656;Dead
1;Tube 6;1909240.0;1909240.0;0.0;924.0;False;F:\For Leo to analyse\09092025 hs\10092025\Analysis\2025-09-10_150632_tube6_cropped_8bits\19_0924_0_8bits.tiff;F:\For Leo to analyse\09092025 hs\10092025\Analysis\2025-09-10_150632_tube6_segmentationDebug\19_0924_0_segmented.tiff;728.5;(93. 59);119.8406195640564;0.8867924528301887;30.4557877642258;0.6374282822173207;0.8230368215544622;531.5637682228287;0.979834270988568;0.963194432114266;0.8843745551191753;;;;;;;;;;;;;;;;;;;;;;;;;;;;;;;;;;;;;
1;Tube 6;2012240.0;2012240.0;0.0;1224.0;False;F:\For Leo to analyse\09092025 hs\10092025\Analysis\2025-09-10_150632_tube6_cropped_8bits\20_1224_0_8bits.tiff;F:\For Leo to analyse\09092025 hs\10092025\Analysis\2025-09-10_150632_tube6_segmentationDebug\20_1224_0_segmented.tiff;822.5;(72. 79);152.32590091228485;0.8071638861629048;32.361080413741924;0.4454492785377519;0.6641253819921166;422.2433064539159;0.9771335801416684;0.9581380820622905;0.8989611778386815;;;;;;;;;;;;;;;;;;;;;;;;;;;;;;;;;;;;;
1;Tube 6;2013240.0;;;;;;;;;;;;;;;;;;2013240.0;0.0;1324.0;False;F:\For Leo to analyse\09092025 hs\11092025 pre laser\Analysis\2025-09-11_110815_tube6_cropped_8bits\18_1324_0_8bits.tiff;F:\For Leo to analyse\09092025 hs\11092025 pre laser\Analysis\2025-09-11_110815_tube6_segmentationDebug\18_1324_0_segmented.tiff;760.0;(84. 67);119.25483322143556;0.8826945412311266;31.10726690017501;0.6715393678795236;0.8843424697645194;659.6744064371796;0.9847974578119072;0.9620168324663456;0.8989202329131095;;;;;;;;;;;;;;;;;;;;
1;Tube 6;207050.0;207050.0;0.0;705.0;False;F:\For Leo to analyse\09092025 hs\10092025\Analysis\2025-09-10_150632_tube6_cropped_8bits\2_0705_0_8bits.tiff;F:\For Leo to analyse\09092025 hs\10092025\Analysis\2025-09-10_150632_tube6_segmentationDebug\2_0705_0_segmented.tiff;1813.5;(62. 66);186.1248904466629;0.9076576576576576;48.05226232319575;0.6578373286523613;0.9193072072849332;817.7666842188828;0.9550612366232364;0.9125514069449202;0.8864798218911802;;;;;;;;;;;;;;;;;;;;;;;;;;;;;;;;;;;;;
1;Tube 6;208050.0;;;;;;;;;;;;;;;;;;208050.0;0.0;805.0;False;F:\For Leo to analyse\09092025 hs\11092025 pre laser\Analysis\2025-09-11_110815_tube6_cropped_8bits\2_0805_0_8bits.tiff;F:\For Leo to analyse\09092025 hs\11092025 pre laser\Analysis\2025-09-11_110815_tube6_segmentationDebug\2_0805_0_segmented.tiff;2415.0;(83. 69);224.02438521385196;0.8992738782349655;55.4515419130561;0.6046950461820597;0.7311307286715862;1104.7415988185398;0.9614465852384682;0.8853723088846293;0.8959984368910966;;;;;;;;;;;;;;;;;;;;
1;Tube 6;310050.0;310050.0;0.0;1005.0;False;F:\For Leo to analyse\09092025 hs\10092025\Analysis\2025-09-10_150632_tube6_cropped_8bits\3_1005_0_8bits.tiff;F:\For Leo to analyse\09092025 hs\10092025\Analysis\2025-09-10_150632_tube6_segmentationDebug\3_1005_0_segmented.tiff;1499.5;(70. 72);165.63960886001587;0.9196565470714504;43.694652960406685;0.686796291660952;0.8520183405472354;701.9496227178731;0.9643488468351096;0.9273333313796346;0.9026362498632206;;;;;;;;;;;;;;;;;;;;;;;;;;;;;;;;;;;;;
1;Tube 6;311050.0;;;;;;;;;;;;;;;;;;311050.0;0.0;1105.0;False;F:\For Leo to analyse\09092025 hs\11092025 pre laser\Analysis\2025-09-11_110815_tube6_cropped_8bits\3_1105_0_8bits.tiff;F:\For Leo to analyse\09092025 hs\11092025 pre laser\Analysis\2025-09-11_110815_tube6_segmentationDebug\3_1105_0_segmented.tiff;2010.0;(68. 74);232.7106766700745;0.8054498096573833;50.588649763733336;0.4664158532380101;0.8046162597712154;954.728236687105;0.9590065450459894;0.9028763521936544;0.8865873406086305;311050.0;0.0;1105.0;False;F:\For Leo to analyse\09092025 hs\11092025 post laser\Analysis\2025-09-11_162302_tube6_cropped_8bits\3_1105_0_8bits.tiff;F:\For Leo to analyse\09092025 hs\11092025 post laser\Analysis\2025-09-11_162302_tube6_segmentationDebug\3_1105_0_segmented.tiff;2297.5;(65. 90);238.6101714372635;0.8633972190905674;54.08574538664542;0.5070928400757552;0.8000239410589636;836.3582337482544;0.9611207484079178;0.8896838529371314;0.9128462787172767;37.0;58.16487695552046;Alive
1;Tube 6;413050.0;413050.0;0.0;1305.0;False;F:\For Leo to analyse\09092025 hs\10092025\Analysis\2025-09-10_150632_tube6_cropped_8bits\4_1305_0_8bits.tiff;F:\For Leo to analyse\09092025 hs\10092025\Analysis\2025-09-10_150632_tube6_segmentationDebug\4_1305_0_segmented.tiff;1585.0;(68. 62);176.56854140758514;0.9028766733124466;44.92309738213999;0.6388699656977193;0.9143051333688044;730.2090401141643;0.9581826861149852;0.9231952412290824;0.8925181947210872;;;;;;;;;;;;;;;;;;;;;;;;;;;;;;;;;;;;;
1;Tube 6;414050.0;;;;;;;;;;;;;;;;;;414050.0;0.0;1405.0;False;F:\For Leo to analyse\09092025 hs\11092025 pre laser\Analysis\2025-09-11_110815_tube6_cropped_8bits\4_1405_0_8bits.tiff;F:\For Leo to analyse\09092025 hs\11092025 pre laser\Analysis\2025-09-11_110815_tube6_segmentationDebug\4_1405_0_segmented.tiff;1995.0;(64. 81);203.1959580183029;0.8996617812852311;50.39953265404997;0.6071872376799264;0.8420854093741996;999.2240569039178;0.9613976557127742;0.9042927672305396;0.8867346371063458;;;;;;;;;;;;;;;;;;;;
1;Tube 6;415040.0;;;;;;;;;;;;;;;;;;;;;;;;;;;;;;;;;;;415040.0;0.0;1504.0;False;F:\For Leo to analyse\09092025 hs\11092025 post laser\Analysis\2025-09-11_162302_tube6_cropped_8bits\4_1504_0_8bits.tiff;F:\For Leo to analyse\09092025 hs\11092025 post laser\Analysis\2025-09-11_162302_tube6_segmentationDebug\4_1504_0_segmented.tiff;2251.0;(77. 70);254.02438509464264;0.8063765000895576;53.53561632407767;0.4383636571751018;0.6779047587306817;897.9634897977165;0.9556281700240796;0.8908826739259552;0.8849033806388473;37.0;70.30608913555629;Alive
1;Tube 6;515020.0;;;;;;;;;;;;;;;;;;515020.0;0.0;1502.0;False;F:\For Leo to analyse\09092025 hs\11092025 pre laser\Analysis\2025-09-11_110815_tube6_cropped_8bits\5_1502_0_8bits.tiff;F:\For Leo to analyse\09092025 hs\11092025 pre laser\Analysis\2025-09-11_110815_tube6_segmentationDebug\5_1502_0_segmented.tiff;2421.0;(87. 59);233.1959582567215;0.8631016042780749;55.5203830840875;0.5594517227197784;0.7688104670970443;933.3171173048172;0.9478084772402624;0.8843015502170564;0.893121676242323;515020.0;0.0;1502.0;False;F:\For Leo to analyse\09092025 hs\11092025 post laser\Analysis\2025-09-11_162302_tube6_cropped_8bits\5_1502_0_8bits.tiff;F:\For Leo to analyse\09092025 hs\11092025 post laser\Analysis\2025-09-11_162302_tube6_segmentationDebug\5_1502_0_segmented.tiff;2450.0;(67. 55);237.68123924732208;0.8729734544806699;55.85191925620058;0.5449869990066188;0.8568164702275628;683.3021270204595;0.9591691248868812;0.8775246797393159;0.8982918980207247;37.0;37.94834690690267;Dead
1;Tube 6;515030.0;515030.0;0.0;1503.0;False;F:\For Leo to analyse\09092025 hs\10092025\Analysis\2025-09-10_150632_tube6_cropped_8bits\5_1503_0_8bits.tiff;F:\For Leo to analyse\09092025 hs\10092025\Analysis\2025-09-10_150632_tube6_segmentationDebug\5_1503_0_segmented.tiff;1728.5;(74. 71);211.6396092176437;0.8312094253426304;46.912626797854;0.4849370274225486;0.7999647773514226;650.7976186640092;0.9594771905124088;0.9160568415391966;0.906450195619496;;;;;;;;;;;;;;;;;;;;;;;;;;;;;;;;;;;;;
1;Tube 6;611010.0;;;;;;;;;;;;;;;;;;;;;;;;;;;;;;;;;;;611010.0;0.0;1101.0;False;F:\For Leo to analyse\09092025 hs\11092025 post laser\Analysis\2025-09-11_162302_tube6_cropped_8bits\6_1101_0_8bits.tiff;F:\For Leo to analyse\09092025 hs\11092025 post laser\Analysis\2025-09-11_162302_tube6_segmentationDebug\6_1101_0_segmented.tiff;2888.0;(83. 56);276.99494767189026;0.8425966447848285;60.63922662101777;0.4730024143559241;0.7286165953443646;772.9628132467774;0.9368950353683392;0.861937389222737;0.900965270905304;64.0;35.46363371656976;Dead
1;Tube 6;612010.0;;;;;;;;;;;;;;;;;;612010.0;0.0;1201.0;False;F:\For Leo to analyse\09092025 hs\11092025 pre laser\Analysis\2025-09-11_110815_tube6_cropped_8bits\6_1201_0_8bits.tiff;F:\For Leo to analyse\09092025 hs\11092025 pre laser\Analysis\2025-09-11_110815_tube6_segmentationDebug\6_1201_0_segmented.tiff;2473.0;(98. 94);301.6812391281128;0.7745067334794864;56.11346891905772;0.3414580642330658;0.6376492805416415;840.9284152522067;0.96094865354589;0.8800765629720185;0.8975843606420824;;;;;;;;;;;;;;;;;;;;
1;Tube 6;613010.0;613010.0;0.0;1301.0;False;F:\For Leo to analyse\09092025 hs\10092025\Analysis\2025-09-10_150632_tube6_cropped_8bits\6_1301_0_8bits.tiff;F:\For Leo to analyse\09092025 hs\10092025\Analysis\2025-09-10_150632_tube6_segmentationDebug\6_1301_0_segmented.tiff;1915.0;(69. 81);186.2253954410553;0.9151732377538828;49.37867685720058;0.6939063024610967;0.8364938029321467;653.6265841365841;0.9526665456557294;0.9083905170859132;0.9164864940430888;;;;;;;;;;;;;;;;;;;;;;;;;;;;;;;;;;;;;
1;Tube 6;709010.0;;;;;;;;;;;;;;;;;;709010.0;0.0;901.0;False;F:\For Leo to analyse\09092025 hs\11092025 pre laser\Analysis\2025-09-11_110815_tube6_cropped_8bits\7_0901_0_8bits.tiff;F:\For Leo to analyse\09092025 hs\11092025 pre laser\Analysis\2025-09-11_110815_tube6_segmentationDebug\7_0901_0_segmented.tiff;1938.0;(80. 77);191.39696860313416;0.91114245416079;49.67432171350451;0.6648038512722418;0.788237793851001;1059.9955824950164;0.9619205207819498;0.907232268617969;0.897166350978453;709010.0;0.0;901.0;False;F:\For Leo to analyse\09092025 hs\11092025 post laser\Analysis\2025-09-11_162302_tube6_cropped_8bits\7_0901_0_8bits.tiff;F:\For Leo to analyse\09092025 hs\11092025 post laser\Analysis\2025-09-11_162302_tube6_segmentationDebug\7_0901_0_segmented.tiff;2121.5;(80. 77);215.78174436092377;0.8795605306799337;51.97285535888564;0.5725632916712323;0.6711160413190054;939.8041256986072;0.9528075152496286;0.8985347156491181;0.902022271425233;57.0;16.065929605675315;Dead
1;Tube 6;710010.0;710010.0;0.0;1001.0;False;F:\For Leo to analyse\09092025 hs\10092025\Analysis\2025-09-10_150632_tube6_cropped_8bits\7_1001_0_8bits.tiff;F:\For Leo to analyse\09092025 hs\10092025\Analysis\2025-09-10_150632_tube6_segmentationDebug\7_1001_0_segmented.tiff;1578.0;(71. 68);182.7106765508652;0.8739961229576295;44.82378834494121;0.5940035102098765;0.7978170810732028;756.3816708874729;0.9602798923995176;0.923380567939326;0.9073161076379168;;;;;;;;;;;;;;;;;;;;;;;;;;;;;;;;;;;;;
1;Tube 6;806010.0;;;;;;;;;;;;;;;;;;806010.0;0.0;601.0;False;F:\For Leo to analyse\09092025 hs\11092025 pre laser\Analysis\2025-09-11_110815_tube6_cropped_8bits\8_0601_0_8bits.tiff;F:\For Leo to analyse\09092025 hs\11092025 pre laser\Analysis\2025-09-11_110815_tube6_segmentationDebug\8_0601_0_segmented.tiff;1698.5;(70. 80);197.63960909843445;0.8650369238604533;46.50373497615728;0.5464210767139819;0.799014889553258;712.0639928029345;0.9615189791525188;0.9172615412967344;0.8966675247253391;806010.0;0.0;601.0;False;F:\For Leo to analyse\09092025 hs\11092025 post laser\Analysis\2025-09-11_162302_tube6_cropped_8bits\8_0601_0_8bits.tiff;F:\For Leo to analyse\09092025 hs\11092025 post laser\Analysis\2025-09-11_162302_tube6_segmentationDebug\8_0601_0_segmented.tiff;1846.0;(73. 67);302.16652059555054;0.6826923076923077;48.48092614194896;0.2540673590028421;0.390609989535136;814.4213085632928;0.9596696351262902;0.9068926004496104;0.8815331716931867;54.0;28.207141785711137;Dead
1;Tube 6;807010.0;807010.0;0.0;701.0;False;F:\For Leo to analyse\09092025 hs\10092025\Analysis\2025-09-10_150632_tube6_cropped_8bits\8_0701_0_8bits.tiff;F:\For Leo to analyse\09092025 hs\10092025\Analysis\2025-09-10_150632_tube6_segmentationDebug\8_0701_0_segmented.tiff;1082.0;(73. 44);147.74011433124542;0.8789601949634444;37.116642997494345;0.622931457967727;0.8936157830903827;649.3178057517898;0.9701727347208046;0.9349424961250462;0.8985346308484166;;;;;;;;;;;;;;;;;;;;;;;;;;;;;;;;;;;;;
1;Tube 6;903010.0;;;;;;;;;;;;;;;;;;903010.0;0.0;301.0;False;F:\For Leo to analyse\09092025 hs\11092025 pre laser\Analysis\2025-09-11_110815_tube6_cropped_8bits\9_0301_0_8bits.tiff;F:\For Leo to analyse\09092025 hs\11092025 pre laser\Analysis\2025-09-11_110815_tube6_segmentationDebug\9_0301_0_segmented.tiff;1736.5;(78. 80);193.63960886001587;0.8816958618938817;47.02106410357607;0.5819641848993545;0.6804470250688808;782.9326231690588;0.9730050496303952;0.916432170849102;0.9094934030159872;903010.0;0.0;301.0;False;F:\For Leo to analyse\09092025 hs\11092025 post laser\Analysis\2025-09-11_162302_tube6_cropped_8bits\9_0301_0_8bits.tiff;F:\For Leo to analyse\09092025 hs\11092025 post laser\Analysis\2025-09-11_162302_tube6_segmentationDebug\9_0301_0_segmented.tiff;1722.0;(98. 91);207.88224935531616;0.8601398601398601;46.8243365786847;0.5007352858417516;0.7490540810226969;895.6628572458835;0.9628226861024908;0.9157392660442292;0.8880438493470839;65.0;27.600081176709345;Dead
1;Tube 6;904010.0;904010.0;0.0;401.0;False;F:\For Leo to analyse\09092025 hs\10092025\Analysis\2025-09-10_150632_tube6_cropped_8bits\9_0401_0_8bits.tiff;F:\For Leo to analyse\09092025 hs\10092025\Analysis\2025-09-10_150632_tube6_segmentationDebug\9_0401_0_segmented.tiff;1302.0;(68. 50);155.7401144504547;0.9051094890510948;40.715573031030544;0.6745588884520349;0.8724655567460475;601.5951212514549;0.9684307460034848;0.936568466408152;0.8976249737251403;;;;;;;;;;;;;;;;;;;;;;;;;;;;;;;;;;;;;
1;Tube 7;1002040.0;1002040.0;0.0;204.0;False;F:\For Leo to analyse\09092025 hs\10092025\Analysis\2025-09-10_151726_tube7_cropped_8bits\11_0204_0_8bits.tiff;F:\For Leo to analyse\09092025 hs\10092025\Analysis\2025-09-10_151726_tube7_segmentationDebug\11_0204_0_segmented.tiff;976.0;(77. 69);140.56854164600372;0.8812641083521444;35.25169209643019;0.6207023695361042;0.8866614191736738;599.3408373217574;0.9798011667365618;0.9515205361529716;0.8998684363734422;1002040.0;0.0;204.0;False;F:\For Leo to analyse\09092025 hs\11092025 pre laser\Analysis\2025-09-11_105722_tube7_cropped_8bits\10_0204_0_8bits.tiff;F:\For Leo to analyse\09092025 hs\11092025 pre laser\Analysis\2025-09-11_105722_tube7_segmentationDebug\10_0204_0_segmented.tiff;1464.0;(79. 66);177.53910386562347;0.8516579406631762;43.17432910297829;0.5836639821644808;0.8553592825853534;562.1513535123988;0.9761199850374896;0.9290349434544872;0.9180504147802704;1002040.0;0.0;204.0;False;F:\For Leo to analyse\09092025 hs\11092025 post laser\Analysis\2025-09-11_163255_tube7_cropped_8bits\10_0204_0_8bits.tiff;F:\For Leo to analyse\09092025 hs\11092025 post laser\Analysis\2025-09-11_163255_tube7_segmentationDebug\10_0204_0_segmented.tiff;1521.5;(72. 88);201.63960909843445;0.8206580366774542;44.01402012216733;0.4702514323388399;0.7597960127257202;540.8933805851475;0.9735383923751868;0.9257075831360836;0.9247953697998598;66.0;30.098912055623696;Dead
1;Tube 7;105050.0;;;;;;;;;;;;;;;;;;105050.0;0.0;505.0;False;F:\For Leo to analyse\09092025 hs\11092025 pre laser\Analysis\2025-09-11_105722_tube7_cropped_8bits\1_0505_0_8bits.tiff;F:\For Leo to analyse\09092025 hs\11092025 pre laser\Analysis\2025-09-11_105722_tube7_segmentationDebug\1_0505_0_segmented.tiff;2306.0;(75. 78);207.53910374641416;0.9102032761002564;54.18570282057145;0.6727741452704188;0.8952946986502271;1076.6738772014346;0.9641570562271704;0.8903854057615205;0.8742853613441616;;;;;;;;;;;;;;;;;;;;
1;Tube 7;1102070.0;1102070.0;0.0;207.0;False;F:\For Leo to analyse\09092025 hs\10092025\Analysis\2025-09-10_151726_tube7_cropped_8bits\12_0207_0_8bits.tiff;F:\For Leo to analyse\09092025 hs\10092025\Analysis\2025-09-10_151726_tube7_segmentationDebug\12_0207_0_segmented.tiff;1075.0;(79. 69);129.74011421203613;0.956405693950178;36.99638510165959;0.802545707938294;0.8512864168752551;543.7589160839161;0.9792362100385786;0.9477804676522904;0.9179896909494172;;;;;;;;;;;;;;;;;;1102070.0;0.0;207.0;False;F:\For Leo to analyse\09092025 hs\11092025 post laser\Analysis\2025-09-11_163255_tube7_cropped_8bits\11_0207_0_8bits.tiff;F:\For Leo to analyse\09092025 hs\11092025 post laser\Analysis\2025-09-11_163255_tube7_segmentationDebug\11_0207_0_segmented.tiff;1630.0;(77. 64);177.05382251739502;0.9008013263332412;45.55634377250127;0.653411620068549;0.934558410050418;641.6069872335113;0.975109985529883;0.9215607885234872;0.9217611800886664;49.0;33.17656816637696;Dead
1;Tube 7;1102080.0;;;;;;;;;;;;;;;;;;1102080.0;0.0;208.0;False;F:\For Leo to analyse\09092025 hs\11092025 pre laser\Analysis\2025-09-11_105722_tube7_cropped_8bits\11_0208_0_8bits.tiff;F:\For Leo to analyse\09092025 hs\11092025 pre laser\Analysis\2025-09-11_105722_tube7_segmentationDebug\11_0208_0_segmented.tiff;1460.5;(76. 80);158.81118214130402;0.9258320126782884;43.122689562290816;0.7276947945945607;0.8985702133611799;658.6470435347628;0.9734619708961596;0.9295029073382648;0.9081957018794604;;;;;;;;;;;;;;;;;;;;
1;Tube 7;1202100.0;1202100.0;0.0;210.0;False;F:\For Leo to analyse\09092025 hs\10092025\Analysis\2025-09-10_151726_tube7_cropped_8bits\13_0210_0_8bits.tiff;F:\For Leo to analyse\09092025 hs\10092025\Analysis\2025-09-10_151726_tube7_segmentationDebug\13_0210_0_segmented.tiff;973.0;(65. 64);163.39696836471558;0.7799599198396794;35.19747259431156;0.4579675593760505;0.803292699093916;444.0318937280658;0.9839356945697254;0.9511600194711832;0.923293891463026;;;;;;;;;;;;;;;;;;1202100.0;0.0;210.0;False;F:\For Leo to analyse\09092025 hs\11092025 post laser\Analysis\2025-09-11_163255_tube7_cropped_8bits\12_0210_0_8bits.tiff;F:\For Leo to analyse\09092025 hs\11092025 post laser\Analysis\2025-09-11_163255_tube7_segmentationDebug\12_0210_0_segmented.tiff;1279.0;(69. 73);190.56854140758517;0.8264943457189015;40.35434769286047;0.442565941192446;0.7892464284264104;605.4458922216572;0.9769395835265556;0.9365847160500076;0.9051224042292588;53.0;31.651857799581766;Dead
1;Tube 7;1202110.0;;;;;;;;;;;;;;;;;;1202110.0;0.0;211.0;False;F:\For Leo to analyse\09092025 hs\11092025 pre laser\Analysis\2025-09-11_105722_tube7_cropped_8bits\12_0211_0_8bits.tiff;F:\For Leo to analyse\09092025 hs\11092025 pre laser\Analysis\2025-09-11_105722_tube7_segmentationDebug\12_0211_0_segmented.tiff;1237.0;(72. 75);162.2253955602646;0.8848354792560801;39.68623586128314;0.5906658740820767;0.696279373183941;680.95191246859;0.98005218894378;0.9392668967336448;0.8980569023236149;;;;;;;;;;;;;;;;;;;;
1;Tube 7;1302130.0;1302130.0;0.0;213.0;False;F:\For Leo to analyse\09092025 hs\10092025\Analysis\2025-09-10_151726_tube7_cropped_8bits\14_0213_0_8bits.tiff;F:\For Leo to analyse\09092025 hs\10092025\Analysis\2025-09-10_151726_tube7_segmentationDebug\14_0213_0_segmented.tiff;1302.0;(85. 108);156.56854116916656;0.9143258426966292;40.715573031030544;0.6674393969258692;0.7397881140277018;575.0056104356636;0.9757277076888606;0.9366632713361276;0.9163702898376368;;;;;;;;;;;;;;;;;;1302130.0;0.0;213.0;False;F:\For Leo to analyse\09092025 hs\11092025 post laser\Analysis\2025-09-11_163255_tube7_cropped_8bits\13_0213_0_8bits.tiff;F:\For Leo to analyse\09092025 hs\11092025 post laser\Analysis\2025-09-11_163255_tube7_segmentationDebug\13_0213_0_segmented.tiff;1710.5;(76. 67);199.6396092176437;0.8563204005006257;46.66772162072513;0.5393113004473195;0.9266107745364628;659.5261707503379;0.9722850842339196;0.9172374037589104;0.9134144800050248;51.0;32.30127147432787;Dead
1;Tube 7;1302140.0;;;;;;;;;;;;;;;;;;1302140.0;0.0;214.0;False;F:\For Leo to analyse\09092025 hs\11092025 pre laser\Analysis\2025-09-11_105722_tube7_cropped_8bits\13_0214_0_8bits.tiff;F:\For Leo to analyse\09092025 hs\11092025 pre laser\Analysis\2025-09-11_105722_tube7_segmentationDebug\13_0214_0_segmented.tiff;1663.0;(80. 71);192.3675308227539;0.8752631578947369;46.01518622036181;0.5647270260141527;0.9013560154994802;618.2030653558741;0.9679718658681152;0.9193677601536184;0.9093555379804856;;;;;;;;;;;;;;;;;;;;
1;Tube 7;1402160.0;1402160.0;0.0;216.0;False;F:\For Leo to analyse\09092025 hs\10092025\Analysis\2025-09-10_151726_tube7_cropped_8bits\15_0216_0_8bits.tiff;F:\For Leo to analyse\09092025 hs\10092025\Analysis\2025-09-10_151726_tube7_segmentationDebug\15_0216_0_segmented.tiff;1142.5;(66. 74);139.15432822704315;0.9380131362889984;38.140217354649714;0.7414342338316272;0.8081891380834854;577.6279667922236;0.975515945163682;0.9444590010574668;0.9090716597126116;;;;;;;;;;;;;;;;;;1402160.0;0.0;216.0;False;F:\For Leo to analyse\09092025 hs\11092025 post laser\Analysis\2025-09-11_163255_tube7_cropped_8bits\14_0216_0_8bits.tiff;F:\For Leo to analyse\09092025 hs\11092025 post laser\Analysis\2025-09-11_163255_tube7_segmentationDebug\14_0216_0_segmented.tiff;1621.0;(63. 78);210.56854128837583;0.8008893280632411;45.430400636750925;0.4594157731012329;0.7018202674905634;680.4598769408792;0.9701484466032432;0.9208392451422786;0.9159817975285416;57.0;31.17185638781291;Dead
1;Tube 7;1402170.0;;;;;;;;;;;;;;;;;;1402170.0;0.0;217.0;False;F:\For Leo to analyse\09092025 hs\11092025 pre laser\Analysis\2025-09-11_105722_tube7_cropped_8bits\14_0217_0_8bits.tiff;F:\For Leo to analyse\09092025 hs\11092025 pre laser\Analysis\2025-09-11_105722_tube7_segmentationDebug\14_0217_0_segmented.tiff;1474.5;(79. 73);160.81118214130402;0.9253216190775024;43.32887846127566;0.7165098282441542;0.8458335532180025;629.3344156232436;0.9754974878793276;0.928994995829188;0.9156066367145904;;;;;;;;;;;;;;;;;;;;
1;Tube 7;1502190.0;1502190.0;0.0;219.0;False;F:\For Leo to analyse\09092025 hs\10092025\Analysis\2025-09-10_151726_tube7_cropped_8bits\16_0219_0_8bits.tiff;F:\For Leo to analyse\09092025 hs\10092025\Analysis\2025-09-10_151726_tube7_segmentationDebug\16_0219_0_segmented.tiff;1236.5;(71. 76);157.63960897922516;0.8794452347083926;39.67821438856629;0.6252781990614684;0.8190090467362094;638.9216472753701;0.9744385253640836;0.9396400054220228;0.9088616978183174;;;;;;;;;;;;;;;;;;1502190.0;0.0;219.0;False;F:\For Leo to analyse\09092025 hs\11092025 post laser\Analysis\2025-09-11_163255_tube7_cropped_8bits\15_0219_0_8bits.tiff;F:\For Leo to analyse\09092025 hs\11092025 post laser\Analysis\2025-09-11_163255_tube7_segmentationDebug\15_0219_0_segmented.tiff;1601.0;(68. 76);185.3969684839249;0.8696360673546986;45.14926922023208;0.5853234704700564;0.8899624105855454;700.9205055286197;0.970069259249836;0.9225230498923004;0.9093713267312836;48.0;31.76479930823326;Dead
1;Tube 7;1502200.0;;;;;;;;;;;;;;;;;;1502200.0;0.0;220.0;False;F:\For Leo to analyse\09092025 hs\11092025 pre laser\Analysis\2025-09-11_105722_tube7_cropped_8bits\15_0220_0_8bits.tiff;F:\For Leo to analyse\09092025 hs\11092025 pre laser\Analysis\2025-09-11_105722_tube7_segmentationDebug\15_0220_0_segmented.tiff;1383.5;(83. 62);163.63960933685303;0.8954692556634304;41.97054812771805;0.6492503007226367;0.8161840458111591;722.7580196514762;0.9778765468347936;0.9328472569636508;0.8856648591582923;;;;;;;;;;;;;;;;;;;;
1;Tube 7;1602220.0;1602220.0;0.0;222.0;False;F:\For Leo to analyse\09092025 hs\10092025\Analysis\2025-09-10_151726_tube7_cropped_8bits\17_0222_0_8bits.tiff;F:\For Leo to analyse\09092025 hs\10092025\Analysis\2025-09-10_151726_tube7_segmentationDebug\17_0222_0_segmented.tiff;862.0;(80. 71);124.08326029777528;0.9209401709401708;33.12902786925252;0.7035431480128234;0.7463211672367689;423.6962654798761;0.9829849311062102;0.9574991401543104;0.9283567958771098;;;;;;;;;;;;;;;;;;1602220.0;0.0;222.0;False;F:\For Leo to analyse\09092025 hs\11092025 post laser\Analysis\2025-09-11_163255_tube7_cropped_8bits\16_0222_0_8bits.tiff;F:\For Leo to analyse\09092025 hs\11092025 post laser\Analysis\2025-09-11_163255_tube7_segmentationDebug\16_0222_0_segmented.tiff;962.5;(72. 72);142.66904664039612;0.8628417749887942;35.00704303147574;0.5942252251680361;0.9508892498139438;690.0445957264458;0.9798051031443846;0.9523222944222156;0.8919989444106387;50.0;24.451836623048894;Dead
1;Tube 7;1603240.0;;;;;;;;;;;;;;;;;;1603240.0;0.0;324.0;False;F:\For Leo to analyse\09092025 hs\11092025 pre laser\Analysis\2025-09-11_105722_tube7_cropped_8bits\16_0324_0_8bits.tiff;F:\For Leo to analyse\09092025 hs\11092025 pre laser\Analysis\2025-09-11_105722_tube7_segmentationDebug\16_0324_0_segmented.tiff;916.5;(75. 73);147.49747371673584;0.8362226277372263;34.160269945505064;0.5293868746744543;0.9218670467691292;680.8146787202223;0.9818869779068752;0.9541262106077;0.8704508838796866;;;;;;;;;;;;;;;;;;;;
1;Tube 7;1704240.0;1704240.0;0.0;424.0;False;F:\For Leo to analyse\09092025 hs\10092025\Analysis\2025-09-10_151726_tube7_cropped_8bits\18_0424_0_8bits.tiff;F:\For Leo to analyse\09092025 hs\10092025\Analysis\2025-09-10_151726_tube7_segmentationDebug\18_0424_0_segmented.tiff;1085.0;(75. 77);143.25483310222626;0.9052982895285774;37.1680629847407;0.664386862462619;0.9246311181834632;645.4341144778666;0.9737049932967616;0.9466128942460236;0.9109059478267024;;;;;;;;;;;;;;;;;;;;;;;;;;;;;;;;;;;;;
1;Tube 7;1705240.0;;;;;;;;;;;;;;;;;;;;;;;;;;;;;;;;;;;1705240.0;0.0;524.0;False;F:\For Leo to analyse\09092025 hs\11092025 post laser\Analysis\2025-09-11_163255_tube7_cropped_8bits\17_0524_0_8bits.tiff;F:\For Leo to analyse\09092025 hs\11092025 post laser\Analysis\2025-09-11_163255_tube7_segmentationDebug\17_0524_0_segmented.tiff;1109.0;(76. 63);148.56854140758514;0.8965238480194018;37.57688990737918;0.6313754497905303;0.7670317852510686;798.4799539523001;0.975642868639978;0.945314491908182;0.8796458733404842;51.0;27.981258768408143;Dead
1;Tube 7;1706240.0;;;;;;;;;;;;;;;;;;1706240.0;0.0;624.0;False;F:\For Leo to analyse\09092025 hs\11092025 pre laser\Analysis\2025-09-11_105722_tube7_cropped_8bits\17_0624_0_8bits.tiff;F:\For Leo to analyse\09092025 hs\11092025 pre laser\Analysis\2025-09-11_105722_tube7_segmentationDebug\17_0624_0_segmented.tiff;1236.5;(76. 80);162.66904652118683;0.8655932796639833;39.67821438856629;0.587210946067959;0.7339825573639407;750.1908293856122;0.9737237007057772;0.93914481540389;0.8940043450922767;;;;;;;;;;;;;;;;;;;;
1;Tube 7;1807240.0;1807240.0;0.0;724.0;False;F:\For Leo to analyse\09092025 hs\10092025\Analysis\2025-09-10_151726_tube7_cropped_8bits\19_0724_0_8bits.tiff;F:\For Leo to analyse\09092025 hs\10092025\Analysis\2025-09-10_151726_tube7_segmentationDebug\19_0724_0_segmented.tiff;743.0;(82. 74);119.5979790687561;0.8978851963746224;30.757389059187485;0.6527561849525679;0.9314061020229926;678.7952214452216;0.9813521959574936;0.9626627515347204;0.8933254957765042;;;;;;;;;;;;;;;;;;;;;;;;;;;;;;;;;;;;;
1;Tube 7;1808240.0;;;;;;;;;;;;;;;;;;;;;;;;;;;;;;;;;;;1808240.0;0.0;824.0;False;F:\For Leo to analyse\09092025 hs\11092025 post laser\Analysis\2025-09-11_163255_tube7_cropped_8bits\18_0824_0_8bits.tiff;F:\For Leo to analyse\09092025 hs\11092025 post laser\Analysis\2025-09-11_163255_tube7_segmentationDebug\18_0824_0_segmented.tiff;976.0;(82. 76);136.42640614509585;0.904122278832793;35.25169209643019;0.6589656917969513;0.7605649525317757;636.2210042735044;0.9798114604750214;0.9520045843670432;0.9034375722344804;70.0;46.80013764746367;Dead
1;Tube 7;1809240.0;;;;;;;;;;;;;;;;;;1809240.0;0.0;924.0;False;F:\For Leo to analyse\09092025 hs\11092025 pre laser\Analysis\2025-09-11_105722_tube7_cropped_8bits\18_0924_0_8bits.tiff;F:\For Leo to analyse\09092025 hs\11092025 pre laser\Analysis\2025-09-11_105722_tube7_segmentationDebug\18_0924_0_segmented.tiff;996.0;(74. 72);152.0832600593567;0.8224607762180016;35.61104585035691;0.5411359356622854;0.7998376996649593;695.4429376810933;0.9803692016593716;0.9503529439296352;0.8990417404616798;;;;;;;;;;;;;;;;;;;;
1;Tube 7;1910240.0;1910240.0;0.0;1024.0;False;F:\For Leo to analyse\09092025 hs\10092025\Analysis\2025-09-10_151726_tube7_cropped_8bits\20_1024_0_8bits.tiff;F:\For Leo to analyse\09092025 hs\10092025\Analysis\2025-09-10_151726_tube7_segmentationDebug\20_1024_0_segmented.tiff;874.0;(77. 70);130.08326029777527;0.890927624872579;33.35882734897215;0.6490504723252616;0.7614104788145164;490.78214897955513;0.9771516762973914;0.9566256136018898;0.9005927203751634;;;;;;;;;;;;;;;;;;;;;;;;;;;;;;;;;;;;;
1;Tube 7;1911240.0;;;;;;;;;;;;;;;;;;1911240.0;0.0;1124.0;False;F:\For Leo to analyse\09092025 hs\11092025 pre laser\Analysis\2025-09-11_105722_tube7_cropped_8bits\19_1124_0_8bits.tiff;F:\For Leo to analyse\09092025 hs\11092025 pre laser\Analysis\2025-09-11_105722_tube7_segmentationDebug\19_1124_0_segmented.tiff;917.0;(84. 86);137.39696836471558;0.8779320248922929;34.16958680642984;0.6104145812596544;0.8488364003452777;619.6366476738019;0.9806445216147543;0.9542893267000824;0.8721747680912346;1911240.0;0.0;1124.0;False;F:\For Leo to analyse\09092025 hs\11092025 post laser\Analysis\2025-09-11_163255_tube7_cropped_8bits\19_1124_0_8bits.tiff;F:\For Leo to analyse\09092025 hs\11092025 post laser\Analysis\2025-09-11_163255_tube7_segmentationDebug\19_1124_0_segmented.tiff;1168.5;(76. 68);166.6690467596054;0.8394396551724138;38.57175661054391;0.528601848697503;0.8156533918148826;442.5794598942116;0.9731436433042896;0.9421241569030616;0.9121524694270144;50.0;40.65894311453857;Dead
1;Tube 7;2013240.0;2013240.0;0.0;1324.0;False;F:\For Leo to analyse\09092025 hs\10092025\Analysis\2025-09-10_151726_tube7_cropped_8bits\21_1324_0_8bits.tiff;F:\For Leo to analyse\09092025 hs\10092025\Analysis\2025-09-10_151726_tube7_segmentationDebug\21_1324_0_segmented.tiff;862.0;(78. 69);123.59797930717468;0.9219251336898396;33.12902786925252;0.7090786165753113;0.8031274203640633;571.9575024827977;0.9837471604044202;0.9573749679838108;0.9250544418975528;;;;;;;;;;;;;;;;;;;;;;;;;;;;;;;;;;;;;
1;Tube 7;2014240.0;;;;;;;;;;;;;;;;;;2014240.0;0.0;1424.0;False;F:\For Leo to analyse\09092025 hs\11092025 pre laser\Analysis\2025-09-11_105722_tube7_cropped_8bits\20_1424_0_8bits.tiff;F:\For Leo to analyse\09092025 hs\11092025 pre laser\Analysis\2025-09-11_105722_tube7_segmentationDebug\20_1424_0_segmented.tiff;1064.0;(64. 76);159.396968126297;0.8491620111731844;36.80661456312185;0.5262491156804034;0.7170686718875391;703.5118779361414;0.9794828657562178;0.9472436790029152;0.8957519811934359;;;;;;;;;;;;;;;;;;;;
1;Tube 7;208050.0;208050.0;0.0;805.0;False;F:\For Leo to analyse\09092025 hs\10092025\Analysis\2025-09-10_151726_tube7_cropped_8bits\2_0805_0_8bits.tiff;F:\For Leo to analyse\09092025 hs\10092025\Analysis\2025-09-10_151726_tube7_segmentationDebug\2_0805_0_segmented.tiff;1876.5;(75. 67);198.9533174037933;0.8651452282157677;48.87979138351076;0.5957390418508549;0.8867069090034477;648.0510019903159;0.9602368743671548;0.909613169040562;0.9055002672748734;;;;;;;;;;;;;;;;;;208050.0;0.0;805.0;False;F:\For Leo to analyse\09092025 hs\11092025 post laser\Analysis\2025-09-11_163255_tube7_cropped_8bits\2_0805_0_8bits.tiff;F:\For Leo to analyse\09092025 hs\11092025 post laser\Analysis\2025-09-11_163255_tube7_segmentationDebug\2_0805_0_segmented.tiff;2667.5;(78. 74);238.9533174037933;0.8885742838107928;58.27835349064905;0.5870676691121307;0.7980526657642358;911.2979327411288;0.9509647135428424;0.8735106111847749;0.8971176568274618;37.0;132.14156512225037;Alive
1;Tube 7;209050.0;;;;;;;;;;;;;;;;;;209050.0;0.0;905.0;False;F:\For Leo to analyse\09092025 hs\11092025 pre laser\Analysis\2025-09-11_105722_tube7_cropped_8bits\2_0905_0_8bits.tiff;F:\For Leo to analyse\09092025 hs\11092025 pre laser\Analysis\2025-09-11_105722_tube7_segmentationDebug\2_0905_0_segmented.tiff;2301.5;(77. 41);214.6101714372635;0.8993747557639703;54.13280717095667;0.6279430242772787;0.8730597012215272;977.7703966941676;0.9516420196321824;0.8499940154387561;0.8811723802272969;;;;;;;;;;;;;;;;;;;;
1;Tube 7;311050.0;;;;;;;;;;;;;;;;;;;;;;;;;;;;;;;;;;;311050.0;0.0;1105.0;False;F:\For Leo to analyse\09092025 hs\11092025 post laser\Analysis\2025-09-11_163255_tube7_cropped_8bits\3_1105_0_8bits.tiff;F:\For Leo to analyse\09092025 hs\11092025 post laser\Analysis\2025-09-11_163255_tube7_segmentationDebug\3_1105_0_segmented.tiff;1794.5;(69. 74);196.1248904466629;0.866280473087135;47.79987827418862;0.5862568074873059;0.8992462015383226;794.5958395300025;0.9664365606701176;0.9133471442286368;0.8936435908745546;37.0;64.5884252600743;Alive
1;Tube 7;312050.0;312050.0;0.0;1205.0;False;F:\For Leo to analyse\09092025 hs\10092025\Analysis\2025-09-10_151726_tube7_cropped_8bits\3_1205_0_8bits.tiff;F:\For Leo to analyse\09092025 hs\10092025\Analysis\2025-09-10_151726_tube7_segmentationDebug\3_1205_0_segmented.tiff;1344.5;(81. 92);186.12489020824432;0.7925139994105511;41.37475761737374;0.4877101133934502;0.7929119943096519;804.9512689357537;0.972210493825369;0.9338669919847132;0.8986177075794829;312050.0;0.0;1205.0;False;F:\For Leo to analyse\09092025 hs\11092025 pre laser\Analysis\2025-09-11_105722_tube7_cropped_8bits\3_1205_0_8bits.tiff;F:\For Leo to analyse\09092025 hs\11092025 pre laser\Analysis\2025-09-11_105722_tube7_segmentationDebug\3_1205_0_segmented.tiff;1683.5;(72. 71);186.9533171653748;0.872505830526043;46.29793487361663;0.6052804321357711;0.9177023426501396;991.2945329540066;0.9698654802730756;0.9185095410974882;0.868452477850541;;;;;;;;;;;;;;;;;;;;
1;Tube 7;414050.0;;;;;;;;;;;;;;;;;;;;;;;;;;;;;;;;;;;414050.0;0.0;1405.0;False;F:\For Leo to analyse\09092025 hs\11092025 post laser\Analysis\2025-09-11_163255_tube7_cropped_8bits\4_1405_0_8bits.tiff;F:\For Leo to analyse\09092025 hs\11092025 post laser\Analysis\2025-09-11_163255_tube7_segmentationDebug\4_1405_0_segmented.tiff;2288.5;(75. 67);227.29646348953247;0.8718095238095238;53.97970635457755;0.5566412973760438;0.7711989873848313;800.3169548938184;0.9599840979185632;0.8902966324936917;0.8929453061817183;37.0;47.50602207653552;Dead
1;Tube 7;415040.0;415040.0;0.0;1504.0;False;F:\For Leo to analyse\09092025 hs\10092025\Analysis\2025-09-10_151726_tube7_cropped_8bits\4_1504_0_8bits.tiff;F:\For Leo to analyse\09092025 hs\10092025\Analysis\2025-09-10_151726_tube7_segmentationDebug\4_1504_0_segmented.tiff;1762.0;(80. 76);221.19595754146576;0.8291764705882353;47.36505122791864;0.4525446099217446;0.7434001165372923;549.8563586804144;0.9682162903386112;0.9134613551580544;0.9184367350996376;415040.0;0.0;1504.0;False;F:\For Leo to analyse\09092025 hs\11092025 pre laser\Analysis\2025-09-11_105722_tube7_cropped_8bits\4_1504_0_8bits.tiff;F:\For Leo to analyse\09092025 hs\11092025 pre laser\Analysis\2025-09-11_105722_tube7_segmentationDebug\4_1504_0_segmented.tiff;2151.0;(77. 81);215.05382239818573;0.8777800448887982;52.332955780514965;0.5844615453957817;0.8053258759037737;968.0327172664358;0.9580046652299778;0.8969294748033684;0.8961637262512337;;;;;;;;;;;;;;;;;;;;
1;Tube 7;514010.0;;;;;;;;;;;;;;;;;;514010.0;0.0;1401.0;False;F:\For Leo to analyse\09092025 hs\11092025 pre laser\Analysis\2025-09-11_105722_tube7_cropped_8bits\5_1401_0_8bits.tiff;F:\For Leo to analyse\09092025 hs\11092025 pre laser\Analysis\2025-09-11_105722_tube7_segmentationDebug\5_1401_0_segmented.tiff;1880.0;(76. 84);232.50966560840607;0.8470376210858301;48.925354818356766;0.4370042797082155;0.800558406252991;681.4544000145194;0.9692768911217392;0.8864363831647114;0.8889848667684785;;;;;;;;;;;;;;;;;;;;
1;Tube 7;515020.0;;;;;;;;;;;;;;;;;;;;;;;;;;;;;;;;;;;515020.0;0.0;1502.0;False;F:\For Leo to analyse\09092025 hs\11092025 post laser\Analysis\2025-09-11_163255_tube7_cropped_8bits\5_1502_0_8bits.tiff;F:\For Leo to analyse\09092025 hs\11092025 post laser\Analysis\2025-09-11_163255_tube7_segmentationDebug\5_1502_0_segmented.tiff;2121.5;(66. 63);232.26702570915225;0.8254863813229572;51.97285535888564;0.4941715999629694;0.7908588248089163;823.5524833466224;0.9625460559834028;0.8980371888774649;0.8959069691711598;37.0;45.38836878931997;Dead
1;Tube 7;612010.0;612010.0;0.0;1201.0;False;F:\For Leo to analyse\09092025 hs\10092025\Analysis\2025-09-10_151726_tube7_cropped_8bits\6_1201_0_8bits.tiff;F:\For Leo to analyse\09092025 hs\10092025\Analysis\2025-09-10_151726_tube7_segmentationDebug\6_1201_0_segmented.tiff;1516.0;(76. 37);162.22539520263672;0.9294911097486204;43.93439597648416;0.7238880105549612;0.823774679593863;656.1674922473815;0.9536452899159764;0.8933885711887688;0.9029296402300236;612010.0;0.0;1201.0;False;F:\For Leo to analyse\09092025 hs\11092025 pre laser\Analysis\2025-09-11_105722_tube7_cropped_8bits\6_1201_0_8bits.tiff;F:\For Leo to analyse\09092025 hs\11092025 pre laser\Analysis\2025-09-11_105722_tube7_segmentationDebug\6_1201_0_segmented.tiff;1805.0;(71. 69);186.7106771469116;0.905897114178168;47.93951791838304;0.6506519897510348;0.8366451557049228;743.7328809488384;0.9724109721188284;0.913420121402997;0.9042409124812192;612010.0;0.0;1201.0;False;F:\For Leo to analyse\09092025 hs\11092025 post laser\Analysis\2025-09-11_163255_tube7_cropped_8bits\6_1201_0_8bits.tiff;F:\For Leo to analyse\09092025 hs\11092025 post laser\Analysis\2025-09-11_163255_tube7_segmentationDebug\6_1201_0_segmented.tiff;2291.5;(68. 72);234.6101713180542;0.8660241874527589;54.015075828518704;0.5231618324844892;0.8037516463481147;812.7250051797736;0.9581301135202438;0.8899591997081515;0.9029038523771696;57.0;26.795372927567435;Dead
1;Tube 7;709010.0;709010.0;0.0;901.0;False;F:\For Leo to analyse\09092025 hs\10092025\Analysis\2025-09-10_151726_tube7_cropped_8bits\7_0901_0_8bits.tiff;F:\For Leo to analyse\09092025 hs\10092025\Analysis\2025-09-10_151726_tube7_segmentationDebug\7_0901_0_segmented.tiff;1689.5;(79. 91);214.1248904466629;0.815395752895753;46.380364496520045;0.4630562523593007;0.7883013134728089;650.6247423542452;0.9616481367521288;0.9174795082501276;0.9084180317519792;;;;;;;;;;;;;;;;;;709010.0;0.0;901.0;False;F:\For Leo to analyse\09092025 hs\11092025 post laser\Analysis\2025-09-11_163255_tube7_cropped_8bits\7_0901_0_8bits.tiff;F:\For Leo to analyse\09092025 hs\11092025 post laser\Analysis\2025-09-11_163255_tube7_segmentationDebug\7_0901_0_segmented.tiff;2311.0;(76. 75);232.71067690849304;0.8535549399815328;54.24441526906674;0.5362622062807914;0.9589682867737768;843.7680864111637;0.955766897438907;0.8892169831009181;0.893699077206613;48.0;58.65899605587076;Alive
1;Tube 7;805010.0;805010.0;0.0;501.0;False;F:\For Leo to analyse\09092025 hs\10092025\Analysis\2025-09-10_151726_tube7_cropped_8bits\9_0501_0_8bits.tiff;F:\For Leo to analyse\09092025 hs\10092025\Analysis\2025-09-10_151726_tube7_segmentationDebug\9_0501_0_segmented.tiff;1235.0;(72. 96);140.225395321846;0.9551430781129155;39.65414023463283;0.7892661469584049;0.7960085181337226;755.4153220451528;0.971018986320156;0.9315671406101176;0.8950553050057346;;;;;;;;;;;;;;;;;;;;;;;;;;;;;;;;;;;;;
1;Tube 7;806010.0;;;;;;;;;;;;;;;;;;;;;;;;;;;;;;;;;;;806010.0;0.0;601.0;False;F:\For Leo to analyse\09092025 hs\11092025 post laser\Analysis\2025-09-11_163255_tube7_cropped_8bits\8_0601_0_8bits.tiff;F:\For Leo to analyse\09092025 hs\11092025 post laser\Analysis\2025-09-11_163255_tube7_segmentationDebug\8_0601_0_segmented.tiff;1937.5;(86. 75);197.4385985136032;0.9066448291998128;49.66791336390505;0.6245791121803153;0.7169944036173486;797.4519607533964;0.9634301669494876;0.9070960700127756;0.9011826921115969;50.0;49.41191003502952;Dead
1;Tube 7;903010.0;;;;;;;;;;;;;;;;;;;;;;;;;;;;;;;;;;;903010.0;0.0;301.0;False;F:\For Leo to analyse\09092025 hs\11092025 post laser\Analysis\2025-09-11_163255_tube7_cropped_8bits\9_0301_0_8bits.tiff;F:\For Leo to analyse\09092025 hs\11092025 post laser\Analysis\2025-09-11_163255_tube7_segmentationDebug\9_0301_0_segmented.tiff;2229.0;(74. 77);262.9949473142624;0.8292410714285714;53.27336055867583;0.4049721174023992;0.6658505866490946;661.0017189799087;0.9625757574513992;0.8921461248563669;0.9178735662333066;55.0;13.383568775202283;Dead
1;Tube 8;1002020.0;;;;;;;;;;;;;;;;;;1002020.0;0.0;202.0;False;F:\For Leo to analyse\09092025 hs\11092025 pre laser\Analysis\2025-09-11_104754_tube8_cropped_8bits\9_0202_0_8bits.tiff;F:\For Leo to analyse\09092025 hs\11092025 pre laser\Analysis\2025-09-11_104754_tube8_segmentationDebug\9_0202_0_segmented.tiff;1396.0;(74. 68);170.225395321846;0.8604006163328197;42.15972490956609;0.6054058029415558;0.8772378326974581;651.6288397816396;0.9788252118740868;0.9321918125603288;0.8988303418496529;;;;;;;;;;;;;;;;;;;;
1;Tube 8;1002030.0;1002030.0;0.0;203.0;False;F:\For Leo to analyse\09092025 hs\10092025\Analysis\2025-09-10_152848_tube8_cropped_8bits\10_0203_0_8bits.tiff;F:\For Leo to analyse\09092025 hs\10092025\Analysis\2025-09-10_152848_tube8_segmentationDebug\10_0203_0_segmented.tiff;1117.5;(72. 83);160.32590067386627;0.8320923306031274;37.72062023935376;0.5463236724556981;0.8074821386505181;703.873458206896;0.9728887326273632;0.9445205687252298;0.8839886614931541;;;;;;;;;;;;;;;;;;;;;;;;;;;;;;;;;;;;;
1;Tube 8;1002040.0;;;;;;;;;;;;;;;;;;;;;;;;;;;;;;;;;;;1002040.0;0.0;204.0;False;F:\For Leo to analyse\09092025 hs\11092025 post laser\Analysis\2025-09-11_164230_tube8_cropped_8bits\9_0204_0_8bits.tiff;F:\For Leo to analyse\09092025 hs\11092025 post laser\Analysis\2025-09-11_164230_tube8_segmentationDebug\9_0204_0_segmented.tiff;1542.5;(76. 78);186.81118202209475;0.8692589461820232;44.3167236802766;0.5554299574110376;0.943798442542856;799.3607218976179;0.9671748080405164;0.9246968137224384;0.8928112892991633;48.0;78.62980157720682;Alive
1;Tube 8;104050.0;104050.0;0.0;405.0;False;F:\For Leo to analyse\09092025 hs\10092025\Analysis\2025-09-10_152848_tube8_cropped_8bits\1_0405_0_8bits.tiff;F:\For Leo to analyse\09092025 hs\10092025\Analysis\2025-09-10_152848_tube8_segmentationDebug\1_0405_0_segmented.tiff;2165.0;(90. 73);226.85281193256375;0.8574257425742574;52.50298671839181;0.5286636266713126;0.7868323496187066;845.6564883906192;0.9550502798885758;0.895852756491855;0.9070694080758376;;;;;;;;;;;;;;;;;;;;;;;;;;;;;;;;;;;;;
1;Tube 8;1102050.0;;;;;;;;;;;;;;;;;;1102050.0;0.0;205.0;False;F:\For Leo to analyse\09092025 hs\11092025 pre laser\Analysis\2025-09-11_104754_tube8_cropped_8bits\10_0205_0_8bits.tiff;F:\For Leo to analyse\09092025 hs\11092025 pre laser\Analysis\2025-09-11_104754_tube8_segmentationDebug\10_0205_0_segmented.tiff;1421.0;(74. 78);166.3675308227539;0.9085677749360612;42.53555445822549;0.6451590592536268;0.7319101394392623;495.4153086586056;0.978863298951416;0.931475570605798;0.9116214914508816;;;;;;;;;;;;;;;;;;;;
1;Tube 8;1102060.0;1102060.0;0.0;206.0;False;F:\For Leo to analyse\09092025 hs\10092025\Analysis\2025-09-10_152848_tube8_cropped_8bits\11_0206_0_8bits.tiff;F:\For Leo to analyse\09092025 hs\10092025\Analysis\2025-09-10_152848_tube8_segmentationDebug\11_0206_0_segmented.tiff;1334.5;(74. 79);165.982754945755;0.8881863560732113;41.22060373707637;0.6086988831058886;0.9435445511438756;635.9225391054047;0.975904959811158;0.9350772373526284;0.9282171436997574;;;;;;;;;;;;;;;;;;1102060.0;0.0;206.0;False;F:\For Leo to analyse\09092025 hs\11092025 post laser\Analysis\2025-09-11_164230_tube8_cropped_8bits\10_0206_0_8bits.tiff;F:\For Leo to analyse\09092025 hs\11092025 post laser\Analysis\2025-09-11_164230_tube8_segmentationDebug\10_0206_0_segmented.tiff;1634.0;(64. 75);205.19595789909363;0.8414006179196705;45.61220687598064;0.4876680611559589;0.7507399653814871;900.367109923849;0.9710718422026752;0.9205912145007288;0.9058524276939098;48.0;95.80100483337573;Alive
1;Tube 8;1202080.0;;;;;;;;;;;;;;;;;;1202080.0;0.0;208.0;False;F:\For Leo to analyse\09092025 hs\11092025 pre laser\Analysis\2025-09-11_104754_tube8_cropped_8bits\11_0208_0_8bits.tiff;F:\For Leo to analyse\09092025 hs\11092025 pre laser\Analysis\2025-09-11_104754_tube8_segmentationDebug\11_0208_0_segmented.tiff;1822.5;(86. 74);228.1248903274536;0.8109010011123471;48.17135113612482;0.4400804286849942;0.8771561608221738;917.2679482126736;0.962342691087511;0.911012876396496;0.8802706687124989;;;;;;;;;;;;;;;;;;;;
1;Tube 8;1202100.0;1202100.0;0.0;210.0;False;F:\For Leo to analyse\09092025 hs\10092025\Analysis\2025-09-10_152848_tube8_cropped_8bits\12_0210_0_8bits.tiff;F:\For Leo to analyse\09092025 hs\10092025\Analysis\2025-09-10_152848_tube8_segmentationDebug\12_0210_0_segmented.tiff;1483.0;(76. 68);168.71067655086517;0.9004250151791136;43.45358724941183;0.6547354877581126;0.7676611280369953;546.1185030016509;0.9709226446446017;0.92796580762214;0.9246126419964462;;;;;;;;;;;;;;;;;;;;;;;;;;;;;;;;;;;;;
1;Tube 8;1302110.0;;;;;;;;;;;;;;;;;;1302110.0;0.0;211.0;False;F:\For Leo to analyse\09092025 hs\11092025 pre laser\Analysis\2025-09-11_104754_tube8_cropped_8bits\12_0211_0_8bits.tiff;F:\For Leo to analyse\09092025 hs\11092025 pre laser\Analysis\2025-09-11_104754_tube8_segmentationDebug\12_0211_0_segmented.tiff;1411.5;(75. 79);165.15432786941528;0.8990445859872611;42.39313172429801;0.6502956198582885;0.6964885884318259;616.8263645224172;0.9744054150904524;0.9317667152765068;0.9303219602129128;;;;;;;;;;;;;;;;;;;;
1;Tube 8;1302120.0;1302120.0;0.0;212.0;False;F:\For Leo to analyse\09092025 hs\10092025\Analysis\2025-09-10_152848_tube8_cropped_8bits\13_0212_0_8bits.tiff;F:\For Leo to analyse\09092025 hs\10092025\Analysis\2025-09-10_152848_tube8_segmentationDebug\13_0212_0_segmented.tiff;1289.0;(77. 56);160.3675308227539;0.8973198746954403;40.511797950271536;0.6298395041370047;0.6622285062849945;434.74706434754194;0.9749534282167678;0.9373396195147242;0.927786657401163;;;;;;;;;;;;;;;;;;;;;;;;;;;;;;;;;;;;;
1;Tube 8;1402140.0;;;;;;;;;;;;;;;;;;1402140.0;0.0;214.0;False;F:\For Leo to analyse\09092025 hs\11092025 pre laser\Analysis\2025-09-11_104754_tube8_cropped_8bits\13_0214_0_8bits.tiff;F:\For Leo to analyse\09092025 hs\11092025 pre laser\Analysis\2025-09-11_104754_tube8_segmentationDebug\13_0214_0_segmented.tiff;1178.0;(68. 65);218.3675308227539;0.7879598662207358;38.728234967501706;0.310440967123922;0.6867847554060088;635.6204848966615;0.9774064224995138;0.940199726987798;0.8975060011234908;;;;;;;;;;;;;;;;;;;;
1;Tube 8;1402150.0;1402150.0;0.0;215.0;False;F:\For Leo to analyse\09092025 hs\10092025\Analysis\2025-09-10_152848_tube8_cropped_8bits\14_0215_0_8bits.tiff;F:\For Leo to analyse\09092025 hs\10092025\Analysis\2025-09-10_152848_tube8_segmentationDebug\14_0215_0_segmented.tiff;892.5;(85. 98);134.66904640197754;0.8619024625784645;33.710032537452896;0.6184185655461892;0.7921915773994032;469.50213841054233;0.9803972538053364;0.955657672975245;0.9283249053344432;;;;;;;;;;;;;;;;;;;;;;;;;;;;;;;;;;;;;
1;Tube 8;1402150.0;1402150.0;1.0;215.0;False;F:\For Leo to analyse\09092025 hs\10092025\Analysis\2025-09-10_152848_tube8_cropped_8bits\14_0215_0_8bits.tiff;F:\For Leo to analyse\09092025 hs\10092025\Analysis\2025-09-10_152848_tube8_segmentationDebug\14_0215_0_segmented.tiff;447.5;(92. 52);91.01219260692596;0.8985943775100401;23.869953838853256;0.6788967805907448;0.9359964800307552;480.8273296878558;0.9922646239424764;0.9768919047124844;0.917290735328088;;;;;;;;;;;;;;;;;;;;;;;;;;;;;;;;;;;;;
1;Tube 8;1502170.0;;;;;;;;;;;;;;;;;;1502170.0;0.0;217.0;False;F:\For Leo to analyse\09092025 hs\11092025 pre laser\Analysis\2025-09-11_104754_tube8_cropped_8bits\14_0217_0_8bits.tiff;F:\For Leo to analyse\09092025 hs\11092025 pre laser\Analysis\2025-09-11_104754_tube8_segmentationDebug\14_0217_0_segmented.tiff;754.5;(79. 71);142.66904664039612;0.8152350081037277;30.994503327246274;0.4658108388460086;0.7536539525503558;676.971428780331;0.985042969052444;0.961522013776462;0.8977934788447068;;;;;;;;;;;;;;;;;;;;
1;Tube 8;1502180.0;1502180.0;0.0;218.0;False;F:\For Leo to analyse\09092025 hs\10092025\Analysis\2025-09-10_152848_tube8_cropped_8bits\15_0218_0_8bits.tiff;F:\For Leo to analyse\09092025 hs\10092025\Analysis\2025-09-10_152848_tube8_segmentationDebug\15_0218_0_segmented.tiff;702.5;(73. 75);130.32590067386627;0.8328393598103142;29.907369997651948;0.5197502688119235;0.6881534793393346;625.7367798414762;0.9828038722567284;0.9639202912705838;0.8922101587586607;;;;;;;;;;;;;;;;;;1502180.0;0.0;218.0;False;F:\For Leo to analyse\09092025 hs\11092025 post laser\Analysis\2025-09-11_164230_tube8_cropped_8bits\14_0218_0_8bits.tiff;F:\For Leo to analyse\09092025 hs\11092025 post laser\Analysis\2025-09-11_164230_tube8_segmentationDebug\14_0218_0_segmented.tiff;687.0;(93. 68);115.25483298301695;0.9063324538258576;29.57559073345885;0.6499026527184879;0.5653823101663629;814.2115715251616;0.9830933922481014;0.9657469203129566;0.8977736109843498;55.0;44.59743067921649;Dead
1;Tube 8;1502180.0;1502180.0;0.0;218.0;False;F:\For Leo to analyse\09092025 hs\10092025\Analysis\2025-09-10_152848_tube8_cropped_8bits\15_0218_0_8bits.tiff;F:\For Leo to analyse\09092025 hs\10092025\Analysis\2025-09-10_152848_tube8_segmentationDebug\15_0218_0_segmented.tiff;702.5;(73. 75);130.32590067386627;0.8328393598103142;29.907369997651948;0.5197502688119235;0.6881534793393346;625.7367798414762;0.9828038722567284;0.9639202912705838;0.8922101587586607;;;;;;;;;;;;;;;;;;1502180.0;1.0;218.0;False;F:\For Leo to analyse\09092025 hs\11092025 post laser\Analysis\2025-09-11_164230_tube8_cropped_8bits\14_0218_0_8bits.tiff;F:\For Leo to analyse\09092025 hs\11092025 post laser\Analysis\2025-09-11_164230_tube8_segmentationDebug\14_0218_0_segmented.tiff;499.5;(15. 65);109.69848430156708;0.7816901408450704;25.218706402097904;0.5216078306171646;0.8361016998849933;346.6021035865326;0.9874938715983076;0.9742433856160214;0.90688179859088;55.0;44.59743067921649;Dead
1;Tube 8;1602210.0;1602210.0;0.0;221.0;False;F:\For Leo to analyse\09092025 hs\10092025\Analysis\2025-09-10_152848_tube8_cropped_8bits\16_0221_0_8bits.tiff;F:\For Leo to analyse\09092025 hs\10092025\Analysis\2025-09-10_152848_tube8_segmentationDebug\16_0221_0_segmented.tiff;926.0;(70. 59);136.08326017856598;0.864209052729818;34.3368580162012;0.6283642092392904;0.96829594818436;607.3482905982905;0.978026598849716;0.9540862959032212;0.8956386985124324;1602210.0;0.0;221.0;False;F:\For Leo to analyse\09092025 hs\11092025 pre laser\Analysis\2025-09-11_104754_tube8_cropped_8bits\15_0221_0_8bits.tiff;F:\For Leo to analyse\09092025 hs\11092025 pre laser\Analysis\2025-09-11_104754_tube8_segmentationDebug\15_0221_0_segmented.tiff;1099.0;(85. 74);149.39696836471558;0.8698060941828255;37.40708836121763;0.6187625023579175;0.9443875705665992;780.7505497202317;0.9759313018156114;0.9458394497549788;0.8832172330522553;;;;;;;;;;;;;;;;;;;;
1;Tube 8;1703240.0;1703240.0;0.0;324.0;False;F:\For Leo to analyse\09092025 hs\10092025\Analysis\2025-09-10_152848_tube8_cropped_8bits\17_0324_0_8bits.tiff;F:\For Leo to analyse\09092025 hs\10092025\Analysis\2025-09-10_152848_tube8_segmentationDebug\17_0324_0_segmented.tiff;662.0;(72. 80);116.42640590667725;0.8785666887856669;29.03247455203703;0.6137123622624695;0.7518759761730328;704.3297345497656;0.982677632619392;0.9663240776380286;0.8748148659722433;1703240.0;0.0;324.0;False;F:\For Leo to analyse\09092025 hs\11092025 pre laser\Analysis\2025-09-11_104754_tube8_cropped_8bits\16_0324_0_8bits.tiff;F:\For Leo to analyse\09092025 hs\11092025 pre laser\Analysis\2025-09-11_104754_tube8_segmentationDebug\16_0324_0_segmented.tiff;918.0;(76. 72);145.39696836471558;0.8334089877439855;34.18821291127805;0.5456847824064515;0.8083523595332696;644.7901758691207;0.9802607587852116;0.9540133101970912;0.8916033637916599;;;;;;;;;;;;;;;;;;;;
1;Tube 8;1806240.0;1806240.0;0.0;624.0;False;F:\For Leo to analyse\09092025 hs\10092025\Analysis\2025-09-10_152848_tube8_cropped_8bits\18_0624_0_8bits.tiff;F:\For Leo to analyse\09092025 hs\10092025\Analysis\2025-09-10_152848_tube8_segmentationDebug\18_0624_0_segmented.tiff;750.0;(70. 74);117.5979790687561;0.9074410163339384;30.90193616185517;0.681508709823593;0.7434953622073114;724.792429221631;0.9810186079488424;0.9623472877546064;0.8942394244433223;1806240.0;0.0;624.0;False;F:\For Leo to analyse\09092025 hs\11092025 pre laser\Analysis\2025-09-11_104754_tube8_cropped_8bits\17_0624_0_8bits.tiff;F:\For Leo to analyse\09092025 hs\11092025 pre laser\Analysis\2025-09-11_104754_tube8_segmentationDebug\17_0624_0_segmented.tiff;1026.5;(73. 71);180.46803605556488;0.7165794066317627;36.15218378840543;0.3960666120504587;0.801347376736943;649.1928914838627;0.97772490460372;0.9479775369950324;0.8926486390527044;;;;;;;;;;;;;;;;;;;;
1;Tube 8;1908240.0;;;;;;;;;;;;;;;;;;1908240.0;0.0;824.0;False;F:\For Leo to analyse\09092025 hs\11092025 pre laser\Analysis\2025-09-11_104754_tube8_cropped_8bits\18_0824_0_8bits.tiff;F:\For Leo to analyse\09092025 hs\11092025 pre laser\Analysis\2025-09-11_104754_tube8_segmentationDebug\18_0824_0_segmented.tiff;807.0;(68. 82);136.08326029777527;0.8512658227848101;32.05470811910906;0.5476133001810835;0.722213941247374;673.1242852080775;0.981133871701578;0.9592327025522284;0.8905588397538433;;;;;;;;;;;;;;;;;;;;
1;Tube 8;1909240.0;1909240.0;0.0;924.0;False;F:\For Leo to analyse\09092025 hs\10092025\Analysis\2025-09-10_152848_tube8_cropped_8bits\19_0924_0_8bits.tiff;F:\For Leo to analyse\09092025 hs\10092025\Analysis\2025-09-10_152848_tube8_segmentationDebug\19_0924_0_segmented.tiff;747.0;(84. 82);147.74011409282684;0.7638036809815951;30.8400703617415;0.4300645107243647;0.5229319809747609;566.3216941014709;0.9786727094902744;0.9612271487729208;0.8755039462587992;;;;;;;;;;;;;;;;;;1909240.0;0.0;924.0;False;F:\For Leo to analyse\09092025 hs\11092025 post laser\Analysis\2025-09-11_164230_tube8_cropped_8bits\18_0924_0_8bits.tiff;F:\For Leo to analyse\09092025 hs\11092025 post laser\Analysis\2025-09-11_164230_tube8_segmentationDebug\18_0924_0_segmented.tiff;718.5;(79. 59);130.18376553058624;0.8197375926982317;30.246034663939245;0.5327494107264877;0.781138838896107;457.4249213265553;0.9809866422219652;0.9636883121012472;0.8969074392854728;42.0;104.02887306029001;Alive
1;Tube 8;2012240.0;2012240.0;1.0;1224.0;True;F:\For Leo to analyse\09092025 hs\10092025\Analysis\2025-09-10_152848_tube8_cropped_8bits\20_1224_0_8bits.tiff;F:\For Leo to analyse\09092025 hs\10092025\Analysis\2025-09-10_152848_tube8_segmentationDebug\20_1224_0_segmented.tiff;964.0;(64. 18);156.08326029777527;0.8214742224115893;35.03431062722223;0.4972493701682939;0.6198641195526265;386.3208756057943;0.975526725628782;0.9516226196648524;0.9073601348162188;2012240.0;0.0;1224.0;False;F:\For Leo to analyse\09092025 hs\11092025 pre laser\Analysis\2025-09-11_104754_tube8_cropped_8bits\19_1224_0_8bits.tiff;F:\For Leo to analyse\09092025 hs\11092025 pre laser\Analysis\2025-09-11_104754_tube8_segmentationDebug\19_1224_0_segmented.tiff;878.5;(73. 76);136.32590091228485;0.8758723828514456;33.44459507977097;0.5940115329250928;0.8900231129591851;652.4641262171463;0.9830343624927124;0.9562599838248044;0.9035744836146956;2012240.0;0.0;1224.0;False;F:\For Leo to analyse\09092025 hs\11092025 post laser\Analysis\2025-09-11_164230_tube8_cropped_8bits\19_1224_0_8bits.tiff;F:\For Leo to analyse\09092025 hs\11092025 post laser\Analysis\2025-09-11_164230_tube8_segmentationDebug\19_1224_0_segmented.tiff;913.5;(71. 72);168.81118214130402;0.7358034635521546;34.104315329816714;0.4028246082723991;0.7413621232562313;734.2674179927749;0.978854099136167;0.9534693902814524;0.8866220500152364;42.0;106.77149580259476;Alive
1;Tube 8;2012241.0;2012241.0;0.0;1224.0;True;F:\For Leo to analyse\09092025 hs\10092025\Analysis\2025-09-10_152848_tube8_cropped_8bits\20_1224_1_8bits.tiff;F:\For Leo to analyse\09092025 hs\10092025\Analysis\2025-09-10_152848_tube8_segmentationDebug\20_1224_1_segmented.tiff;935.5;(74. 49);157.9827550649643;0.7975277067348678;34.51254256208524;0.4710145135354939;0.6693030486416127;381.6408276608381;0.9754868752189202;0.9527839000991122;0.8998480612774925;;;;;;;;;;;;;;;;;;;;;;;;;;;;;;;;;;;;;
1;Tube 8;206050.0;;;;;;;;;;;;;;;;;;206050.0;0.0;605.0;False;F:\For Leo to analyse\09092025 hs\11092025 pre laser\Analysis\2025-09-11_104754_tube8_cropped_8bits\1_0605_0_8bits.tiff;F:\For Leo to analyse\09092025 hs\11092025 pre laser\Analysis\2025-09-11_104754_tube8_segmentationDebug\1_0605_0_segmented.tiff;1764.0;(77. 60);205.0538226366043;0.8571428571428571;47.39192501801153;0.5271967266672738;0.836429510675354;679.4655354004249;0.956197527323412;0.9141145328333184;0.9035208783103617;;;;;;;;;;;;;;;;;;;;
1;Tube 8;207050.0;207050.0;0.0;705.0;False;F:\For Leo to analyse\09092025 hs\10092025\Analysis\2025-09-10_152848_tube8_cropped_8bits\2_0705_0_8bits.tiff;F:\For Leo to analyse\09092025 hs\10092025\Analysis\2025-09-10_152848_tube8_segmentationDebug\2_0705_0_segmented.tiff;1554.0;(74. 75);204.36753058433533;0.8235294117647058;44.48161701780234;0.4675597135594313;0.8299549722700277;868.3024106037433;0.9616462935586768;0.9236910885094524;0.8962474665474983;;;;;;;;;;;;;;;;;;207050.0;0.0;705.0;False;F:\For Leo to analyse\09092025 hs\11092025 post laser\Analysis\2025-09-11_164230_tube8_cropped_8bits\1_0705_0_8bits.tiff;F:\For Leo to analyse\09092025 hs\11092025 post laser\Analysis\2025-09-11_164230_tube8_segmentationDebug\1_0705_0_segmented.tiff;2187.0;(73. 75);275.1370828151703;0.7523219814241486;52.76907128551535;0.3630449420019424;0.6673296425000478;288.07620427707366;0.9430210104488752;0.8929587114607574;0.9133903609469624;37.0;103.90962859323328;Alive
1;Tube 8;309050.0;;;;;;;;;;;;;;;;;;309050.0;0.0;905.0;False;F:\For Leo to analyse\09092025 hs\11092025 pre laser\Analysis\2025-09-11_104754_tube8_cropped_8bits\2_0905_0_8bits.tiff;F:\For Leo to analyse\09092025 hs\11092025 pre laser\Analysis\2025-09-11_104754_tube8_segmentationDebug\2_0905_0_segmented.tiff;2165.0;(63. 81);225.6812390089035;0.8630655770380705;52.50298671839181;0.5341667482211964;0.7503238916088207;878.7628325398316;0.9556593626610362;0.8957797767560199;0.8903059516925882;;;;;;;;;;;;;;;;;;;;
1;Tube 8;310050.0;;;;;;;;;;;;;;;;;;;;;;;;;;;;;;;;;;;310050.0;0.0;1005.0;False;F:\For Leo to analyse\09092025 hs\11092025 post laser\Analysis\2025-09-11_164230_tube8_cropped_8bits\2_1005_0_8bits.tiff;F:\For Leo to analyse\09092025 hs\11092025 post laser\Analysis\2025-09-11_164230_tube8_segmentationDebug\2_1005_0_segmented.tiff;2037.5;(75. 74);208.1248904466629;0.8928571428571429;50.93354074083103;0.5910979279213688;0.699054678051632;863.7549731670731;0.9578499429323574;0.9021487216982792;0.8915594470656008;37.0;96.03949376748919;Alive
1;Tube 8;311050.0;311050.0;0.0;1105.0;False;F:\For Leo to analyse\09092025 hs\10092025\Analysis\2025-09-10_152848_tube8_cropped_8bits\3_1105_0_8bits.tiff;F:\For Leo to analyse\09092025 hs\10092025\Analysis\2025-09-10_152848_tube8_segmentationDebug\3_1105_0_segmented.tiff;1695.0;(74. 77);195.74011433124545;0.8573596358118362;46.45579649867281;0.555929718995211;0.8391459065416592;746.4453898907798;0.9591860286319244;0.9176334381582436;0.9033999445819793;;;;;;;;;;;;;;;;;;;;;;;;;;;;;;;;;;;;;
1;Tube 8;412050.0;;;;;;;;;;;;;;;;;;412050.0;0.0;1205.0;False;F:\For Leo to analyse\09092025 hs\11092025 pre laser\Analysis\2025-09-11_104754_tube8_cropped_8bits\3_1205_0_8bits.tiff;F:\For Leo to analyse\09092025 hs\11092025 pre laser\Analysis\2025-09-11_104754_tube8_segmentationDebug\3_1205_0_segmented.tiff;1945.0;(71. 86);217.53910338878632;0.8306641042067051;49.7639519583191;0.5164815371670307;0.6830027519567369;851.4665961340431;0.9689560853148694;0.9059057314425816;0.8743043873671337;;;;;;;;;;;;;;;;;;;;
1;Tube 8;413050.0;;;;;;;;;;;;;;;;;;;;;;;;;;;;;;;;;;;413050.0;0.0;1305.0;False;F:\For Leo to analyse\09092025 hs\11092025 post laser\Analysis\2025-09-11_164230_tube8_cropped_8bits\3_1305_0_8bits.tiff;F:\For Leo to analyse\09092025 hs\11092025 post laser\Analysis\2025-09-11_164230_tube8_segmentationDebug\3_1305_0_segmented.tiff;2227.0;(71. 74);237.1959580183029;0.8160498351044339;53.249455078199695;0.4974111461987135;0.751605171852841;878.183199051241;0.950339801942766;0.8927875791736565;0.8885170655770518;37.0;96.27798270160265;Alive
1;Tube 8;414050.0;414050.0;0.0;1405.0;False;F:\For Leo to analyse\09092025 hs\10092025\Analysis\2025-09-10_152848_tube8_cropped_8bits\4_1405_0_8bits.tiff;F:\For Leo to analyse\09092025 hs\10092025\Analysis\2025-09-10_152848_tube8_segmentationDebug\4_1405_0_segmented.tiff;1704.0;(85. 57);201.88224947452545;0.8404438964241677;46.57896718722644;0.5253916714281065;0.7847655278674879;859.9065884104652;0.9583042088966822;0.9171783094518858;0.9032531775844485;;;;;;;;;;;;;;;;;;;;;;;;;;;;;;;;;;;;;
1;Tube 8;515030.0;515030.0;0.0;1503.0;False;F:\For Leo to analyse\09092025 hs\10092025\Analysis\2025-09-10_152848_tube8_cropped_8bits\5_1503_0_8bits.tiff;F:\For Leo to analyse\09092025 hs\10092025\Analysis\2025-09-10_152848_tube8_segmentationDebug\5_1503_0_segmented.tiff;1356.0;(77. 81);170.225395321846;0.8782383419689119;41.55132756797165;0.5880589317970984;0.8921742429366252;625.1217224717457;0.9691430057380468;0.9339108174184628;0.8997746884755684;;;;;;;;;;;;;;;;;;;;;;;;;;;;;;;;;;;;;
1;Tube 8;515040.0;;;;;;;;;;;;;;;;;;515040.0;0.0;1504.0;False;F:\For Leo to analyse\09092025 hs\11092025 pre laser\Analysis\2025-09-11_104754_tube8_cropped_8bits\4_1504_0_8bits.tiff;F:\For Leo to analyse\09092025 hs\11092025 pre laser\Analysis\2025-09-11_104754_tube8_segmentationDebug\4_1504_0_segmented.tiff;1777.0;(55. 74);224.7106766700745;0.8095671981776765;47.56623456817225;0.4422317064859842;0.85388693990386;811.2028594000451;0.9611903586069226;0.9133926637986308;0.8987411290093167;;;;;;;;;;;;;;;;;;;;
1;Tube 8;613010.0;613010.0;0.0;1301.0;False;F:\For Leo to analyse\09092025 hs\10092025\Analysis\2025-09-10_152848_tube8_cropped_8bits\6_1301_0_8bits.tiff;F:\For Leo to analyse\09092025 hs\10092025\Analysis\2025-09-10_152848_tube8_segmentationDebug\6_1301_0_segmented.tiff;1681.0;(65. 60);219.53910386562347;0.7912449988232525;46.26354585091602;0.4382821699590044;0.7514620947150487;654.0853031924967;0.9572067530532702;0.9174016555668204;0.8972837995872294;;;;;;;;;;;;;;;;;;613010.0;0.0;1301.0;False;F:\For Leo to analyse\09092025 hs\11092025 post laser\Analysis\2025-09-11_164230_tube8_cropped_8bits\5_1301_0_8bits.tiff;F:\For Leo to analyse\09092025 hs\11092025 post laser\Analysis\2025-09-11_164230_tube8_segmentationDebug\5_1301_0_segmented.tiff;2416.5;(77. 78);244.61017167568207;0.8602705589177644;55.46876021557108;0.5075135462027961;0.8610494122139993;820.1625971779918;0.9496991254183518;0.8841296717331679;0.8983409457668668;37.0;109.0371406766726;Alive
1;Tube 8;614010.0;;;;;;;;;;;;;;;;;;614010.0;0.0;1401.0;False;F:\For Leo to analyse\09092025 hs\11092025 pre laser\Analysis\2025-09-11_104754_tube8_cropped_8bits\5_1401_0_8bits.tiff;F:\For Leo to analyse\09092025 hs\11092025 pre laser\Analysis\2025-09-11_104754_tube8_segmentationDebug\5_1401_0_segmented.tiff;1749.0;(68. 74);191.39696860313416;0.8802214393558128;47.18999855628097;0.5999700391512648;0.9097902848430972;1088.5889058919902;0.9664506461212344;0.915534975354846;0.8585654832716311;;;;;;;;;;;;;;;;;;;;
1;Tube 8;710010.0;710010.0;0.0;1001.0;False;F:\For Leo to analyse\09092025 hs\10092025\Analysis\2025-09-10_152848_tube8_cropped_8bits\7_1001_0_8bits.tiff;F:\For Leo to analyse\09092025 hs\10092025\Analysis\2025-09-10_152848_tube8_segmentationDebug\7_1001_0_segmented.tiff;1822.0;(83. 78);257.33809328079224;0.780968709815688;48.164742815751296;0.3457403593952565;0.6509266577854267;547.2484460481321;0.95570676644388;0.9101699742134826;0.9170820745816312;;;;;;;;;;;;;;;;;;710010.0;0.0;1001.0;False;F:\For Leo to analyse\09092025 hs\11092025 post laser\Analysis\2025-09-11_164230_tube8_cropped_8bits\6_1001_0_8bits.tiff;F:\For Leo to analyse\09092025 hs\11092025 post laser\Analysis\2025-09-11_164230_tube8_segmentationDebug\6_1001_0_segmented.tiff;1584.5;(75. 60);185.2964633703232;0.860907362129856;44.91601116119802;0.5799196797713623;0.8201916545844586;934.3548665827902;0.9652845636743104;0.923198670641985;0.8952342314451159;45.0;83.99580259475961;Alive
1;Tube 8;711010.0;;;;;;;;;;;;;;;;;;711010.0;0.0;1101.0;False;F:\For Leo to analyse\09092025 hs\11092025 pre laser\Analysis\2025-09-11_104754_tube8_cropped_8bits\6_1101_0_8bits.tiff;F:\For Leo to analyse\09092025 hs\11092025 pre laser\Analysis\2025-09-11_104754_tube8_segmentationDebug\6_1101_0_segmented.tiff;1879.0;(77. 74);224.71067678928372;0.8304972375690608;48.91234102511728;0.4676158557149807;0.5848019749397821;832.9867346371523;0.9575699652820352;0.9083337679914472;0.8988602863395844;;;;;;;;;;;;;;;;;;;;
1;Tube 8;806010.0;806010.0;0.0;601.0;False;F:\For Leo to analyse\09092025 hs\10092025\Analysis\2025-09-10_152848_tube8_cropped_8bits\8_0601_0_8bits.tiff;F:\For Leo to analyse\09092025 hs\10092025\Analysis\2025-09-10_152848_tube8_segmentationDebug\8_0601_0_segmented.tiff;1247.0;(78. 63);157.74011433124542;0.8812720848056537;39.846326208130506;0.6297845684572304;0.8776878816751751;548.5845306771037;0.9651990222568952;0.9292676941928218;0.9027269264166246;;;;;;;;;;;;;;;;;;806010.0;0.0;601.0;False;F:\For Leo to analyse\09092025 hs\11092025 post laser\Analysis\2025-09-11_164230_tube8_cropped_8bits\7_0601_0_8bits.tiff;F:\For Leo to analyse\09092025 hs\11092025 post laser\Analysis\2025-09-11_164230_tube8_segmentationDebug\7_0601_0_segmented.tiff;1730.5;(81. 88);206.6101714372635;0.8363943934267762;46.93975960914371;0.50942243982271;0.7876362112752986;617.1474976403015;0.9641941071632654;0.9157982029152394;0.8981663023890356;44.0;46.95847112693971;Dead
1;Tube 8;808010.0;;;;;;;;;;;;;;;;;;808010.0;0.0;801.0;False;F:\For Leo to analyse\09092025 hs\11092025 pre laser\Analysis\2025-09-11_104754_tube8_cropped_8bits\7_0801_0_8bits.tiff;F:\For Leo to analyse\09092025 hs\11092025 pre laser\Analysis\2025-09-11_104754_tube8_segmentationDebug\7_0801_0_segmented.tiff;1603.5;(76. 75);173.63960909843445;0.9064443188241944;45.18450630451586;0.6683150316707029;0.8319558870521693;837.9840553299521;0.966746347462352;0.9226521734199874;0.8953055599899519;;;;;;;;;;;;;;;;;;;;
1;Tube 8;903010.0;903010.0;0.0;301.0;False;F:\For Leo to analyse\09092025 hs\10092025\Analysis\2025-09-10_152848_tube8_cropped_8bits\9_0301_0_8bits.tiff;F:\For Leo to analyse\09092025 hs\10092025\Analysis\2025-09-10_152848_tube8_segmentationDebug\9_0301_0_segmented.tiff;1315.0;(75. 75);158.56854128837583;0.9090909090909092;40.91833331560242;0.6572060531107947;0.7619869715285315;777.5521115663412;0.9690375355587936;0.9356858977428104;0.8921531537296724;;;;;;;;;;;;;;;;;;;;;;;;;;;;;;;;;;;;;
1;Tube 8;905010.0;;;;;;;;;;;;;;;;;;905010.0;0.0;501.0;False;F:\For Leo to analyse\09092025 hs\11092025 pre laser\Analysis\2025-09-11_104754_tube8_cropped_8bits\8_0501_0_8bits.tiff;F:\For Leo to analyse\09092025 hs\11092025 pre laser\Analysis\2025-09-11_104754_tube8_segmentationDebug\8_0501_0_segmented.tiff;1510.0;(77. 61);168.71067667007446;0.9096385542168676;43.84736836516071;0.6666558227360814;0.7379248133852309;878.3815321009852;0.970044733646155;0.9270051301251092;0.8869216020803207;;;;;;;;;;;;;;;;;;;;
2;Tube 1;1002030.0;;;;;;;;;;;;;;;;;;;;;;;;;;;;;;;;;;;1002030.0;0.0;203.0;False;E:\Experiments\PTT\Spheroids\28042025\30042025 after laser\Analysis\2025-04-30_151621_tube1_cropped_8bits\10_0203_0_8bits.tiff;E:\Experiments\PTT\Spheroids\28042025\30042025 after laser\Analysis\2025-04-30_151621_tube1_segmentationDebug\10_0203_0_segmented.tiff;1915.5;(72. 76);201.78174424171448;0.8802849264705882;49.38512273894036;0.5911916298634495;0.8361469133687319;844.327472685972;0.9642713384654475;0.9081912837582948;0.8967816380347061;37.0;87.67160089192167;Alive
2;Tube 1;1002040.0;1002040.0;0.0;204.0;False;G:\Experiments\PTT\Spheroids\28042025\29042025\Analysis\2025-04-29_113354_tube1_cropped_8bits2\10_0204_0_8bits.tiff;G:\Experiments\PTT\Spheroids\28042025\29042025\Analysis\2025-04-29_113354_tube1_segmentationDebug2\10_0204_0_segmented.tiff;1978.5;(74. 71);190.953317523002;0.906944762777905;50.1906808009068;0.681854172849454;0.889759430048601;745.433030568673;0.965759904066117;0.905660190945974;0.908156208876171;;;;;;;;;;;;;;;;;;;;;;;;;;;;;;;;;;;;;
2;Tube 1;105050.0;105050.0;0.0;505.0;False;G:\Experiments\PTT\Spheroids\28042025\29042025\Analysis\2025-04-29_113354_tube1_cropped_8bits2\1_0505_0_8bits.tiff;G:\Experiments\PTT\Spheroids\28042025\29042025\Analysis\2025-04-29_113354_tube1_segmentationDebug2\1_0505_0_segmented.tiff;2684.0;(72. 86);221.681239366531;0.922178319876309;58.4583179544979;0.686332388268968;0.901909859969888;753.855258184807;0.946858632287094;0.873058357445369;0.909488974661185;;;;;;;;;;;;;;;;;;105050.0;0.0;505.0;False;E:\Experiments\PTT\Spheroids\28042025\30042025 after laser\Analysis\2025-04-30_151621_tube1_cropped_8bits\1_0505_0_8bits.tiff;E:\Experiments\PTT\Spheroids\28042025\30042025 after laser\Analysis\2025-04-30_151621_tube1_segmentationDebug\1_0505_0_segmented.tiff;2358.0;(71. 81);206.3675308227539;0.9362715902322812;54.79323723312498;0.6957783788214629;0.7930312228273271;1048.4981692005665;0.9503560730350304;0.887688544681919;0.8874137727798715;37.0;125.82543051339226;Alive
2;Tube 1;1102070.0;1102070.0;0.0;207.0;False;G:\Experiments\PTT\Spheroids\28042025\29042025\Analysis\2025-04-29_113354_tube1_cropped_8bits2\11_0207_0_8bits.tiff;G:\Experiments\PTT\Spheroids\28042025\29042025\Analysis\2025-04-29_113354_tube1_segmentationDebug2\11_0207_0_segmented.tiff;2053.0;(73. 76);212.367531061172;0.852928957208142;51.1269086229677;0.572034967493376;0.856748794039511;620.805674256418;0.960823907618396;0.90141384630524;0.914672068162235;;;;;;;;;;;;;;;;;;;;;;;;;;;;;;;;;;;;;
2;Tube 1;1202100.0;1202100.0;0.0;210.0;False;G:\Experiments\PTT\Spheroids\28042025\29042025\Analysis\2025-04-29_113354_tube1_cropped_8bits2\12_0210_0_8bits.tiff;G:\Experiments\PTT\Spheroids\28042025\29042025\Analysis\2025-04-29_113354_tube1_segmentationDebug2\12_0210_0_segmented.tiff;1547.5;(74. 76);164.124890327453;0.934198611530335;44.3884917008639;0.721924239333561;0.916447873705551;578.564238118176;0.974098385743391;0.925356925512968;0.915804181060925;;;;;;;;;;;;;;;;;;1202100.0;0.0;210.0;False;E:\Experiments\PTT\Spheroids\28042025\30042025 after laser\Analysis\2025-04-30_151621_tube1_cropped_8bits\12_0210_0_8bits.tiff;E:\Experiments\PTT\Spheroids\28042025\30042025 after laser\Analysis\2025-04-30_151621_tube1_segmentationDebug\12_0210_0_segmented.tiff;1940.5;(75. 87);232.61017203330996;0.799876339653751;49.70635106863693;0.4506777382521974;0.7236728088925063;715.8177559311746;0.963810952357702;0.9060029445180512;0.9240883712720545;37.0;86.17252773822636;Alive
2;Tube 1;1302130.0;1302130.0;0.0;213.0;False;G:\Experiments\PTT\Spheroids\28042025\29042025\Analysis\2025-04-29_113354_tube1_cropped_8bits2\13_0213_0_8bits.tiff;G:\Experiments\PTT\Spheroids\28042025\29042025\Analysis\2025-04-29_113354_tube1_segmentationDebug2\13_0213_0_segmented.tiff;1740.0;(73. 73);177.396968603134;0.919175911251981;47.0684268681159;0.694811061423897;0.79653480623701;672.321898786894;0.967949558523265;0.916318762369803;0.908440205970796;;;;;;;;;;;;;;;;;;1302130.0;0.0;213.0;False;E:\Experiments\PTT\Spheroids\28042025\30042025 after laser\Analysis\2025-04-30_151621_tube1_cropped_8bits\13_0213_0_8bits.tiff;E:\Experiments\PTT\Spheroids\28042025\30042025 after laser\Analysis\2025-04-30_151621_tube1_segmentationDebug\13_0213_0_segmented.tiff;2120.0;(78. 79);221.19595789909363;0.8646003262642741;51.95447848683061;0.5444918104039815;0.6737568045283568;750.7747623145051;0.960719728465816;0.897911588178523;0.908119305926244;37.0;94.73175187384145;Alive
2;Tube 1;1402160.0;1402160.0;0.0;216.0;False;G:\Experiments\PTT\Spheroids\28042025\29042025\Analysis\2025-04-29_113354_tube1_cropped_8bits2\14_0216_0_8bits.tiff;G:\Experiments\PTT\Spheroids\28042025\29042025\Analysis\2025-04-29_113354_tube1_segmentationDebug2\14_0216_0_segmented.tiff;1548.0;(75. 71);154.225395441055;0.952908587257617;44.3956621219915;0.817841294937601;0.93479898887782;706.282963007688;0.973744094898141;0.925784378385742;0.907011374748049;;;;;;;;;;;;;;;;;;1402160.0;0.0;216.0;False;E:\Experiments\PTT\Spheroids\28042025\30042025 after laser\Analysis\2025-04-30_151621_tube1_cropped_8bits\14_0216_0_8bits.tiff;E:\Experiments\PTT\Spheroids\28042025\30042025 after laser\Analysis\2025-04-30_151621_tube1_segmentationDebug\14_0216_0_segmented.tiff;2047.5;(70. 75);224.2670258283615;0.8123388216623686;51.05837803774465;0.5115674781139754;0.692886205151052;867.8456351236243;0.9552860544904404;0.9011832929086536;0.9017754053927204;37.0;92.84582113209575;Alive
2;Tube 1;1502190.0;1502190.0;0.0;219.0;False;G:\Experiments\PTT\Spheroids\28042025\29042025\Analysis\2025-04-29_113354_tube1_cropped_8bits2\15_0219_0_8bits.tiff;G:\Experiments\PTT\Spheroids\28042025\29042025\Analysis\2025-04-29_113354_tube1_segmentationDebug2\15_0219_0_segmented.tiff;1717.0;(71. 77);188.367530703544;0.895436766623207;46.7563075778046;0.608090291651148;0.783821464235382;782.55416489708;0.970046914040281;0.917401288419312;0.907487553936298;;;;;;;;;;;;;;;;;;;;;;;;;;;;;;;;;;;;;
2;Tube 1;1502200.0;;;;;;;;;;;;;;;;;;;;;;;;;;;;;;;;;;;1502200.0;0.0;220.0;False;E:\Experiments\PTT\Spheroids\28042025\30042025 after laser\Analysis\2025-04-30_151621_tube1_cropped_8bits\15_0220_0_8bits.tiff;E:\Experiments\PTT\Spheroids\28042025\30042025 after laser\Analysis\2025-04-30_151621_tube1_segmentationDebug\15_0220_0_segmented.tiff;1944.0;(74. 73);220.02438497543332;0.8584676529035107;49.75115752387231;0.5046200394515874;0.6403967198625737;773.2804955813508;0.9566005291191032;0.9063463117225768;0.9085038053004963;37.0;100.63133009161002;Alive
2;Tube 1;1602220.0;1602220.0;0.0;222.0;False;G:\Experiments\PTT\Spheroids\28042025\29042025\Analysis\2025-04-29_113354_tube1_cropped_8bits2\16_0222_0_8bits.tiff;G:\Experiments\PTT\Spheroids\28042025\29042025\Analysis\2025-04-29_113354_tube1_segmentationDebug2\16_0222_0_segmented.tiff;1698.5;(73. 76);179.095452666282;0.896779303062302;46.5037349761572;0.66543600730419;0.879921031575343;862.807863858061;0.966747782482861;0.91821790307761;0.894339366348991;;;;;;;;;;;;;;;;;;1602220.0;0.0;222.0;False;E:\Experiments\PTT\Spheroids\28042025\30042025 after laser\Analysis\2025-04-30_151621_tube1_cropped_8bits\16_0222_0_8bits.tiff;E:\Experiments\PTT\Spheroids\28042025\30042025 after laser\Analysis\2025-04-30_151621_tube1_segmentationDebug\16_0222_0_segmented.tiff;1696.0;(80. 69);223.88224959373477;0.8128444763958783;46.46949825284146;0.4252030663263332;0.7587305448101463;916.953912591298;0.9617367109338184;0.9169200259176924;0.8789634327272879;37.0;111.4633425570212;Alive
2;Tube 1;1704240.0;1704240.0;0.0;424.0;False;G:\Experiments\PTT\Spheroids\28042025\29042025\Analysis\2025-04-29_113354_tube1_cropped_8bits2\17_0424_0_8bits.tiff;G:\Experiments\PTT\Spheroids\28042025\29042025\Analysis\2025-04-29_113354_tube1_segmentationDebug2\17_0424_0_segmented.tiff;1518.5;(72. 71);193.438598275184;0.836869661063653;43.9706066444431;0.509962671224632;0.869041154001576;537.683316610118;0.963947852394162;0.925714325478891;0.898908294456493;;;;;;;;;;;;;;;;;;;;;;;;;;;;;;;;;;;;;
2;Tube 1;1705240.0;;;;;;;;;;;;;;;;;;;;;;;;;;;;;;;;;;;1705240.0;0.0;524.0;False;E:\Experiments\PTT\Spheroids\28042025\30042025 after laser\Analysis\2025-04-30_151621_tube1_cropped_8bits\17_0524_0_8bits.tiff;E:\Experiments\PTT\Spheroids\28042025\30042025 after laser\Analysis\2025-04-30_151621_tube1_segmentationDebug\17_0524_0_segmented.tiff;1571.0;(83. 69);174.71067655086517;0.8936291240045506;44.724258795187886;0.6467659654400527;0.8140388798866581;776.4956423351266;0.9624993053820684;0.9200423076859776;0.8880042533027156;37.0;95.84396743948635;Alive
2;Tube 1;1807240.0;1807240.0;0.0;724.0;False;G:\Experiments\PTT\Spheroids\28042025\29042025\Analysis\2025-04-29_113354_tube1_cropped_8bits2\18_0724_0_8bits.tiff;G:\Experiments\PTT\Spheroids\28042025\29042025\Analysis\2025-04-29_113354_tube1_segmentationDebug2\18_0724_0_segmented.tiff;1312.0;(71. 78);151.882249593734;0.92231985940246;40.8716317596023;0.714709668110555;0.903970923953485;621.782267547691;0.974527787248513;0.936308835745599;0.903665450934186;;;;;;;;;;;;;;;;;;1807240.0;0.0;724.0;False;E:\Experiments\PTT\Spheroids\28042025\30042025 after laser\Analysis\2025-04-30_151621_tube1_cropped_8bits\18_0724_0_8bits.tiff;E:\Experiments\PTT\Spheroids\28042025\30042025 after laser\Analysis\2025-04-30_151621_tube1_segmentationDebug\18_0724_0_segmented.tiff;1304.0;(77. 78);145.740114569664;0.9337629788757608;40.74683259266482;0.7714881189172759;0.942842143763391;691.6505352054828;0.968947379822721;0.9368030657425848;0.8955258591237817;37.0;78.87059076377508;Alive
2;Tube 1;1910240.0;1910240.0;0.0;1024.0;False;G:\Experiments\PTT\Spheroids\28042025\29042025\Analysis\2025-04-29_113354_tube1_cropped_8bits2\19_1024_0_8bits.tiff;G:\Experiments\PTT\Spheroids\28042025\29042025\Analysis\2025-04-29_113354_tube1_segmentationDebug2\19_1024_0_segmented.tiff;1633.0;(72. 70);168.225395321846;0.92495043896913;45.5982475162425;0.725125092144905;0.788352015126418;758.69384244141;0.976483085406699;0.920750125543057;0.926358508734723;;;;;;;;;;;;;;;;;;1910240.0;0.0;1024.0;False;E:\Experiments\PTT\Spheroids\28042025\30042025 after laser\Analysis\2025-04-30_151621_tube1_cropped_8bits\19_1024_0_8bits.tiff;E:\Experiments\PTT\Spheroids\28042025\30042025 after laser\Analysis\2025-04-30_151621_tube1_segmentationDebug\19_1024_0_segmented.tiff;1873.0;(71. 77);237.33809316158292;0.803862660944206;48.83418543693506;0.4178426274988898;0.6186709568188643;814.8199415004822;0.9550097154946288;0.9085423975082872;0.893440271114056;37.0;104.20976278107622;Alive
2;Tube 1;2012240.0;2012240.0;0.0;1224.0;False;G:\Experiments\PTT\Spheroids\28042025\29042025\Analysis\2025-04-29_113354_tube1_cropped_8bits2\20_1224_0_8bits.tiff;G:\Experiments\PTT\Spheroids\28042025\29042025\Analysis\2025-04-29_113354_tube1_segmentationDebug2\20_1224_0_segmented.tiff;1995.5;(75. 71);193.781744599342;0.898873873873873;50.405847989286;0.667783790766535;0.934323506685117;528.48901422376;0.957105818439904;0.904528749408704;0.916271335153814;;;;;;;;;;;;;;;;;;;;;;;;;;;;;;;;;;;;;
2;Tube 1;2013240.0;;;;;;;;;;;;;;;;;;;;;;;;;;;;;;;;;;;2013240.0;0.0;1324.0;False;E:\Experiments\PTT\Spheroids\28042025\30042025 after laser\Analysis\2025-04-30_151621_tube1_cropped_8bits\20_1324_0_8bits.tiff;E:\Experiments\PTT\Spheroids\28042025\30042025 after laser\Analysis\2025-04-30_151621_tube1_segmentationDebug\20_1324_0_segmented.tiff;1826.0;(76. 85);185.0538226366043;0.9173574478774176;48.21758401959193;0.6700612695099214;0.7144140693081286;921.5490583687986;0.9595545462274696;0.912187193853423;0.8965625998968932;37.0;130.03250678344034;Alive
2;Tube 1;208050.0;208050.0;0.0;805.0;False;G:\Experiments\PTT\Spheroids\28042025\29042025\Analysis\2025-04-29_113354_tube1_cropped_8bits2\2_0805_0_8bits.tiff;G:\Experiments\PTT\Spheroids\28042025\29042025\Analysis\2025-04-29_113354_tube1_segmentationDebug2\2_0805_0_segmented.tiff;2137.0;(80. 75);197.681239128112;0.931560592850915;52.1623706046709;0.687200515793398;0.726424664717452;683.999871744277;0.955789523449435;0.898404764134635;0.904800161364804;;;;;;;;;;;;;;;;;;208050.0;0.0;805.0;False;E:\Experiments\PTT\Spheroids\28042025\30042025 after laser\Analysis\2025-04-30_151621_tube1_cropped_8bits\2_0805_0_8bits.tiff;E:\Experiments\PTT\Spheroids\28042025\30042025 after laser\Analysis\2025-04-30_151621_tube1_segmentationDebug\2_0805_0_segmented.tiff;2420.5;(66. 75);229.43859839439392;0.8983113750231954;55.51464958037168;0.5778059225588984;0.8455833205664637;885.1441802219417;0.9407432158586948;0.8841535210095142;0.8872655886079573;37.0;114.5582032614244;Alive
2;Tube 1;311050.0;;;;;;;;;;;;;;;;;;;;;;;;;;;;;;;;;;;311050.0;0.0;1105.0;False;E:\Experiments\PTT\Spheroids\28042025\30042025 after laser\Analysis\2025-04-30_151621_tube1_cropped_8bits\3_1105_0_8bits.tiff;E:\Experiments\PTT\Spheroids\28042025\30042025 after laser\Analysis\2025-04-30_151621_tube1_segmentationDebug\3_1105_0_segmented.tiff;2251.5;(77. 78);206.26702558994293;0.9080459770114944;53.54156175319523;0.665000854387042;0.8689075347839665;968.5963996388076;0.948409727884698;0.8927064557845824;0.8757162676671921;37.0;113.1074873062354;Alive
2;Tube 1;312050.0;312050.0;0.0;1205.0;False;G:\Experiments\PTT\Spheroids\28042025\29042025\Analysis\2025-04-29_113354_tube1_cropped_8bits2\3_1205_0_8bits.tiff;G:\Experiments\PTT\Spheroids\28042025\29042025\Analysis\2025-04-29_113354_tube1_segmentationDebug2\3_1205_0_segmented.tiff;2097.5;(70. 72);188.124890446662;0.939529675251959;51.6780412272176;0.744765093539521;0.847418341667488;678.191775878442;0.963496616115644;0.900446843136247;0.914368914238331;;;;;;;;;;;;;;;;;;;;;;;;;;;;;;;;;;;;;
2;Tube 1;415040.0;415040.0;0.0;1504.0;False;G:\Experiments\PTT\Spheroids\28042025\29042025\Analysis\2025-04-29_113354_tube1_cropped_8bits2\4_1504_0_8bits.tiff;G:\Experiments\PTT\Spheroids\28042025\29042025\Analysis\2025-04-29_113354_tube1_segmentationDebug2\4_1504_0_segmented.tiff;2230.0;(73. 47);203.195957779884;0.912065439672801;53.2853092771301;0.678710547971786;0.913996403869871;749.244825047456;0.954466786403851;0.870707480779869;0.903369197530605;;;;;;;;;;;;;;;;;;;;;;;;;;;;;;;;;;;;;
2;Tube 1;515020.0;515020.0;0.0;1502.0;False;G:\Experiments\PTT\Spheroids\28042025\29042025\Analysis\2025-04-29_113354_tube1_cropped_8bits2\5_1502_0_8bits.tiff;G:\Experiments\PTT\Spheroids\28042025\29042025\Analysis\2025-04-29_113354_tube1_segmentationDebug2\5_1502_0_segmented.tiff;1864.0;(74. 73);166.710676431655;0.970327954190525;48.7167169602626;0.842808573252619;0.947718553794539;647.877376297249;0.967660325806082;0.911294215704201;0.913488517322046;;;;;;;;;;;;;;;;;;515020.0;0.0;1502.0;False;E:\Experiments\PTT\Spheroids\28042025\30042025 after laser\Analysis\2025-04-30_151621_tube1_cropped_8bits\5_1502_0_8bits.tiff;E:\Experiments\PTT\Spheroids\28042025\30042025 after laser\Analysis\2025-04-30_151621_tube1_segmentationDebug\5_1502_0_segmented.tiff;1767.0;(73. 73);172.22539627552032;0.9317163195359872;47.43220715449612;0.7486038014098284;0.892554538044921;1020.2532205130884;0.9596849766660962;0.9152378481052162;0.872168495645451;37.0;101.98533164978643;Alive
2;Tube 1;612010.0;612010.0;0.0;1201.0;False;G:\Experiments\PTT\Spheroids\28042025\29042025\Analysis\2025-04-29_113354_tube1_cropped_8bits2\6_1201_0_8bits.tiff;G:\Experiments\PTT\Spheroids\28042025\29042025\Analysis\2025-04-29_113354_tube1_segmentationDebug2\6_1201_0_segmented.tiff;2315.0;(78. 74);217.195958018302;0.896765446445864;54.2913395125033;0.616676475616467;0.845657733999633;652.988949816743;0.955252476204121;0.889790084630608;0.91941352419989;;;;;;;;;;;;;;;;;;;;;;;;;;;;;;;;;;;;;
2;Tube 1;613010.0;;;;;;;;;;;;;;;;;;;;;;;;;;;;;;;;;;;613010.0;0.0;1301.0;False;E:\Experiments\PTT\Spheroids\28042025\30042025 after laser\Analysis\2025-04-30_151621_tube1_cropped_8bits\6_1301_0_8bits.tiff;E:\Experiments\PTT\Spheroids\28042025\30042025 after laser\Analysis\2025-04-30_151621_tube1_segmentationDebug\6_1301_0_segmented.tiff;2196.5;(69. 70);214.26702570915225;0.8747510951812028;52.883557558193694;0.6012158055992438;0.9037526961153702;929.4725515666664;0.9505784349211908;0.8948258367865015;0.8883906065800421;37.0;93.18432152163984;Alive
2;Tube 1;708010.0;708010.0;0.0;801.0;False;G:\Experiments\PTT\Spheroids\28042025\29042025\Analysis\2025-04-29_113354_tube1_cropped_8bits2\7_0801_0_8bits.tiff;G:\Experiments\PTT\Spheroids\28042025\29042025\Analysis\2025-04-29_113354_tube1_segmentationDebug2\7_0801_0_segmented.tiff;2032.0;(72. 75);183.539103627204;0.947319347319347;50.8647496297961;0.758012478185844;0.803213069308221;656.307153894232;0.950289240784548;0.876388450248108;0.902708165970957;;;;;;;;;;;;;;;;;;;;;;;;;;;;;;;;;;;;;
2;Tube 1;710010.0;;;;;;;;;;;;;;;;;;;;;;;;;;;;;;;;;;;710010.0;0.0;1001.0;False;E:\Experiments\PTT\Spheroids\28042025\30042025 after laser\Analysis\2025-04-30_151621_tube1_cropped_8bits\7_1001_0_8bits.tiff;E:\Experiments\PTT\Spheroids\28042025\30042025 after laser\Analysis\2025-04-30_151621_tube1_segmentationDebug\7_1001_0_segmented.tiff;2241.0;(70. 59);246.5096663236618;0.8349478390461997;53.41656877553537;0.4634296463779002;0.7370254900003701;943.2739649647284;0.9433111342411732;0.87590164174834;0.879643218390994;37.0;87.04295731133976;Alive
2;Tube 1;805010.0;805010.0;0.0;501.0;False;G:\Experiments\PTT\Spheroids\28042025\29042025\Analysis\2025-04-29_113354_tube1_cropped_8bits2\8_0501_0_8bits.tiff;G:\Experiments\PTT\Spheroids\28042025\29042025\Analysis\2025-04-29_113354_tube1_segmentationDebug2\8_0501_0_segmented.tiff;1847.5;(75. 75);189.296463012695;0.89990258158792;48.5006191599469;0.647901987991846;0.849867544788369;668.694366894913;0.965528011100824;0.906559017491054;0.905267472045234;;;;;;;;;;;;;;;;;;;;;;;;;;;;;;;;;;;;;
2;Tube 1;806010.0;;;;;;;;;;;;;;;;;;;;;;;;;;;;;;;;;;;806010.0;0.0;601.0;False;E:\Experiments\PTT\Spheroids\28042025\30042025 after laser\Analysis\2025-04-30_151621_tube1_cropped_8bits\8_0601_0_8bits.tiff;E:\Experiments\PTT\Spheroids\28042025\30042025 after laser\Analysis\2025-04-30_151621_tube1_segmentationDebug\8_0601_0_segmented.tiff;2873.5;(67. 85);289.09545278549194;0.8275017998560115;60.48680708878995;0.4320545112918169;0.6150045018049823;684.063985030409;0.936798577910064;0.8620128079718176;0.9107942436143563;37.0;91.29839077989416;Alive
2;Tube 1;903010.0;903010.0;0.0;301.0;False;G:\Experiments\PTT\Spheroids\28042025\29042025\Analysis\2025-04-29_113354_tube1_cropped_8bits2\9_0301_0_8bits.tiff;G:\Experiments\PTT\Spheroids\28042025\29042025\Analysis\2025-04-29_113354_tube1_segmentationDebug2\9_0301_0_segmented.tiff;1893.5;(75. 73);181.781744599342;0.923208191126279;49.1007034364685;0.720069870296647;0.985390707963531;661.514058560047;0.967414197567849;0.909580188875392;0.905609841627934;;;;;;;;;;;;;;;;;;;;;;;;;;;;;;;;;;;;;
2;Tube 1;904010.0;;;;;;;;;;;;;;;;;;;;;;;;;;;;;;;;;;;904010.0;0.0;401.0;False;E:\Experiments\PTT\Spheroids\28042025\30042025 after laser\Analysis\2025-04-30_151621_tube1_cropped_8bits\9_0401_0_8bits.tiff;E:\Experiments\PTT\Spheroids\28042025\30042025 after laser\Analysis\2025-04-30_151621_tube1_segmentationDebug\9_0401_0_segmented.tiff;2319.0;(78. 44);245.6812391281128;0.861441307578009;54.33822323411801;0.4827992924135956;0.6432201000755959;750.5579916971838;0.9335188755272716;0.8538308214770296;0.8999628444138502;37.0;90.52467560379336;Alive
2;Tube 2;1002040.0;1002040.0;0.0;204.0;False;G:\Experiments\PTT\Spheroids\28042025\29042025\Analysis\2025-04-29_112104_tube2_cropped_8bits2\10_0204_0_8bits.tiff;G:\Experiments\PTT\Spheroids\28042025\29042025\Analysis\2025-04-29_112104_tube2_segmentationDebug2\10_0204_0_segmented.tiff;1645.0;(67. 76);213.539104104042;0.77943615257048;45.7654788141601;0.453336757147226;0.908537068743998;774.260601013999;0.963433898796214;0.919235802016556;0.898564187773982;;;;;;;;;;;;;;;;;;1002040.0;0.0;204.0;False;E:\Experiments\PTT\Spheroids\28042025\30042025 after laser\Analysis\2025-04-30_150558_tube2_cropped_8bits\10_0204_0_8bits.tiff;E:\Experiments\PTT\Spheroids\28042025\30042025 after laser\Analysis\2025-04-30_150558_tube2_segmentationDebug\10_0204_0_segmented.tiff;2549.0;(79. 72);246.02438497543332;0.8652410047522063;56.96918113796204;0.5292043311040492;0.830075625397804;757.3541276673092;0.9670002568999806;0.8784686325174581;0.8970301745038957;52.0;51.42857142857143;Alive
2;Tube 2;105050.0;105050.0;0.0;505.0;False;G:\Experiments\PTT\Spheroids\28042025\29042025\Analysis\2025-04-29_112104_tube2_cropped_8bits2\1_0505_0_8bits.tiff;G:\Experiments\PTT\Spheroids\28042025\29042025\Analysis\2025-04-29_112104_tube2_segmentationDebug2\1_0505_0_segmented.tiff;2242.0;(74. 71);197.681239128112;0.934166666666666;53.4284854669888;0.720965632385961;0.891788009347013;793.672323031795;0.951200020744711;0.893383263577921;0.901677204723208;;;;;;;;;;;;;;;;;;;;;;;;;;;;;;;;;;;;;
2;Tube 2;1102070.0;1102070.0;0.0;207.0;False;G:\Experiments\PTT\Spheroids\28042025\29042025\Analysis\2025-04-29_112104_tube2_cropped_8bits2\11_0207_0_8bits.tiff;G:\Experiments\PTT\Spheroids\28042025\29042025\Analysis\2025-04-29_112104_tube2_segmentationDebug2\11_0207_0_segmented.tiff;1580.5;(75. 73);175.154327869415;0.9005698005698;44.8592810960443;0.64738497947972;0.89470241856702;599.689696828304;0.964756322377652;0.923424493241844;0.913125659601371;;;;;;;;;;;;;;;;;;1102070.0;0.0;207.0;False;E:\Experiments\PTT\Spheroids\28042025\30042025 after laser\Analysis\2025-04-30_150558_tube2_cropped_8bits\11_0207_0_8bits.tiff;E:\Experiments\PTT\Spheroids\28042025\30042025 after laser\Analysis\2025-04-30_150558_tube2_segmentationDebug\11_0207_0_segmented.tiff;2140.5;(75. 75);204.26702547073364;0.8907615480649188;52.205069155261306;0.6446567979161673;0.8343496216080385;777.1682252901161;0.968071488123916;0.898070461422022;0.8916105500269703;47.0;36.51642475171887;Dead
2;Tube 2;1202100.0;1202100.0;0.0;210.0;False;G:\Experiments\PTT\Spheroids\28042025\29042025\Analysis\2025-04-29_112104_tube2_cropped_8bits2\12_0210_0_8bits.tiff;G:\Experiments\PTT\Spheroids\28042025\29042025\Analysis\2025-04-29_112104_tube2_segmentationDebug2\12_0210_0_segmented.tiff;1330.0;(78. 71);156.710676550865;0.917557778544325;41.151046092387;0.68055673128952;0.891374651984602;741.288806656193;0.97517671824091;0.935440911261652;0.910147831984816;;;;;;;;;;;;;;;;;;;;;;;;;;;;;;;;;;;;;
2;Tube 2;1302120.0;;;;;;;;;;;;;;;;;;;;;;;;;;;;;;;;;;;1302120.0;0.0;212.0;False;E:\Experiments\PTT\Spheroids\28042025\30042025 after laser\Analysis\2025-04-30_150558_tube2_cropped_8bits\13_0212_0_8bits.tiff;E:\Experiments\PTT\Spheroids\28042025\30042025 after laser\Analysis\2025-04-30_150558_tube2_segmentationDebug\13_0212_0_segmented.tiff;2141.0;(76. 76);198.3675309419632;0.9228448275862068;52.2111660976652;0.6837311335068117;0.7424403576638653;872.1420949284413;0.9662647376460248;0.8983305721810619;0.9024568168438843;53.0;26.249045072574486;Dead
2;Tube 2;1302130.0;1302130.0;0.0;213.0;False;G:\Experiments\PTT\Spheroids\28042025\29042025\Analysis\2025-04-29_112104_tube2_cropped_8bits2\13_0213_0_8bits.tiff;G:\Experiments\PTT\Spheroids\28042025\29042025\Analysis\2025-04-29_112104_tube2_segmentationDebug2\13_0213_0_segmented.tiff;1571.0;(73. 70);187.053822755813;0.905997693194925;44.7242587951878;0.564225711353897;0.800033402789693;654.473503610794;0.965419581012238;0.923400265317125;0.910947292981383;;;;;;;;;;;;;;;;;;;;;;;;;;;;;;;;;;;;;
2;Tube 2;1402150.0;;;;;;;;;;;;;;;;;;;;;;;;;;;;;;;;;;;1402150.0;0.0;215.0;False;E:\Experiments\PTT\Spheroids\28042025\30042025 after laser\Analysis\2025-04-30_150558_tube2_cropped_8bits\14_0215_0_8bits.tiff;E:\Experiments\PTT\Spheroids\28042025\30042025 after laser\Analysis\2025-04-30_150558_tube2_segmentationDebug\14_0215_0_segmented.tiff;1838.0;(69. 79);179.0538227558136;0.923386083898518;48.37576131931392;0.7204240060761027;0.794841446101116;1010.4800359909584;0.9723794754698823;0.9120637683864607;0.8662141986072205;63.7;8.165011459129106;Dead
2;Tube 2;1402160.0;1402160.0;0.0;216.0;False;G:\Experiments\PTT\Spheroids\28042025\29042025\Analysis\2025-04-29_112104_tube2_cropped_8bits2\14_0216_0_8bits.tiff;G:\Experiments\PTT\Spheroids\28042025\29042025\Analysis\2025-04-29_112104_tube2_segmentationDebug2\14_0216_0_segmented.tiff;1574.0;(73. 72);181.053822398185;0.882039787055197;44.7669414123094;0.603391511094534;0.734951749143823;656.985023994191;0.958921518704314;0.923171547790469;0.883860319544804;;;;;;;;;;;;;;;;;;;;;;;;;;;;;;;;;;;;;
2;Tube 2;1502180.0;1502180.0;0.0;218.0;False;G:\Experiments\PTT\Spheroids\28042025\29042025\Analysis\2025-04-29_112104_tube2_cropped_8bits2\15_0218_0_8bits.tiff;G:\Experiments\PTT\Spheroids\28042025\29042025\Analysis\2025-04-29_112104_tube2_segmentationDebug2\15_0218_0_segmented.tiff;1306.5;(79. 75);155.982754826545;0.88817131203263;40.785873353362;0.674786065476561;0.816624554649882;738.551819079649;0.972746069060952;0.93639076908477;0.903258191318623;;;;;;;;;;;;;;;;;;1502180.0;0.0;218.0;False;E:\Experiments\PTT\Spheroids\28042025\30042025 after laser\Analysis\2025-04-30_150558_tube2_cropped_8bits\15_0218_0_8bits.tiff;E:\Experiments\PTT\Spheroids\28042025\30042025 after laser\Analysis\2025-04-30_150558_tube2_segmentationDebug\15_0218_0_segmented.tiff;1729.0;(68. 74);190.36753070354465;0.8745574102175012;46.91941147166166;0.5995412983249209;0.862291942077773;874.1756221252283;0.9704864243270874;0.9166816587707356;0.8885665171958923;45.0;30.16042780748663;Dead
2;Tube 2;1602200.0;;;;;;;;;;;;;;;;;;;;;;;;;;;;;;;;;;;1602200.0;0.0;220.0;False;E:\Experiments\PTT\Spheroids\28042025\30042025 after laser\Analysis\2025-04-30_150558_tube2_cropped_8bits\16_0220_0_8bits.tiff;E:\Experiments\PTT\Spheroids\28042025\30042025 after laser\Analysis\2025-04-30_150558_tube2_segmentationDebug\16_0220_0_segmented.tiff;1255.0;(77. 84);153.740114569664;0.9117326552851436;39.97393686694656;0.6672355681772859;0.8229578001285516;899.9366748307159;0.9811147959888584;0.9388650566257102;0.8618895106498481;70.0;10.007639419404125;Dead
2;Tube 2;1602210.0;1602210.0;0.0;221.0;False;G:\Experiments\PTT\Spheroids\28042025\29042025\Analysis\2025-04-29_112104_tube2_cropped_8bits2\16_0221_0_8bits.tiff;G:\Experiments\PTT\Spheroids\28042025\29042025\Analysis\2025-04-29_112104_tube2_segmentationDebug2\16_0221_0_segmented.tiff;1053.5;(70. 67);133.154327630996;0.929832303618711;36.6245526986814;0.746678819292655;0.931736544921128;608.011288819677;0.973549263029226;0.948367675636418;0.892479493369882;;;;;;;;;;;;;;;;;;;;;;;;;;;;;;;;;;;;;
2;Tube 2;1806240.0;1806240.0;0.0;624.0;False;G:\Experiments\PTT\Spheroids\28042025\29042025\Analysis\2025-04-29_112104_tube2_cropped_8bits2\18_0624_0_8bits.tiff;G:\Experiments\PTT\Spheroids\28042025\29042025\Analysis\2025-04-29_112104_tube2_segmentationDebug2\18_0624_0_segmented.tiff;1161.5;(71. 71);156.325900673866;0.862606758262161;38.4560493448025;0.597265183475354;0.828720466939355;526.003576841212;0.971577008896672;0.942912707824919;0.914899601246634;;;;;;;;;;;;;;;;;;;;;;;;;;;;;;;;;;;;;
2;Tube 2;1909240.0;1909240.0;0.0;924.0;False;G:\Experiments\PTT\Spheroids\28042025\29042025\Analysis\2025-04-29_112104_tube2_cropped_8bits2\19_0924_0_8bits.tiff;G:\Experiments\PTT\Spheroids\28042025\29042025\Analysis\2025-04-29_112104_tube2_segmentationDebug2\19_0924_0_segmented.tiff;1263.0;(74. 80);188.852812290191;0.793341708542713;40.1011414426137;0.445006445746362;0.694897356927624;690.848231999144;0.972819857499017;0.937542030381085;0.901788782337274;;;;;;;;;;;;;;;;;;;;;;;;;;;;;;;;;;;;;
2;Tube 2;2012240.0;2012240.0;0.0;1224.0;False;G:\Experiments\PTT\Spheroids\28042025\29042025\Analysis\2025-04-29_112104_tube2_cropped_8bits2\20_1224_0_8bits.tiff;G:\Experiments\PTT\Spheroids\28042025\29042025\Analysis\2025-04-29_112104_tube2_segmentationDebug2\20_1224_0_segmented.tiff;1089.5;(71. 69);147.154327988624;0.885772357723577;37.2450598601876;0.632253175241959;0.97369784817097;710.531159420289;0.975505798360538;0.946493999770457;0.909082485903701;;;;;;;;;;;;;;;;;;;;;;;;;;;;;;;;;;;;;
2;Tube 2;208050.0;208050.0;0.0;805.0;False;G:\Experiments\PTT\Spheroids\28042025\29042025\Analysis\2025-04-29_112104_tube2_cropped_8bits2\2_0805_0_8bits.tiff;G:\Experiments\PTT\Spheroids\28042025\29042025\Analysis\2025-04-29_112104_tube2_segmentationDebug2\2_0805_0_segmented.tiff;2454.5;(76. 76);246.953317523002;0.85122247268944;55.9031883039997;0.505758477268244;0.913813706989084;773.828092656865;0.942919542209827;0.882257077365087;0.906192748645531;;;;;;;;;;;;;;;;;;208050.0;0.0;805.0;False;E:\Experiments\PTT\Spheroids\28042025\30042025 after laser\Analysis\2025-04-30_150558_tube2_cropped_8bits\2_0805_0_8bits.tiff;E:\Experiments\PTT\Spheroids\28042025\30042025 after laser\Analysis\2025-04-30_150558_tube2_segmentationDebug\2_0805_0_segmented.tiff;3210.5;(74. 84);251.58073377609253;0.9079468325791856;63.93540144843262;0.6374230724155426;0.8787315311050478;1102.6953357960638;0.9533793181562624;0.8492609570593671;0.8760158145467388;37.0;109.3964858670741;Alive
2;Tube 2;311050.0;311050.0;0.0;1105.0;False;G:\Experiments\PTT\Spheroids\28042025\29042025\Analysis\2025-04-29_112104_tube2_cropped_8bits2\3_1105_0_8bits.tiff;G:\Experiments\PTT\Spheroids\28042025\29042025\Analysis\2025-04-29_112104_tube2_segmentationDebug2\3_1105_0_segmented.tiff;2487.0;(79. 69);265.480228543281;0.822148760330578;56.2720778695469;0.443426132230485;0.740974510976425;870.70234206046;0.94413426789076;0.88060651586459;0.891125128015947;;;;;;;;;;;;;;;;;;311050.0;0.0;1105.0;False;E:\Experiments\PTT\Spheroids\28042025\30042025 after laser\Analysis\2025-04-30_150558_tube2_cropped_8bits\3_1105_0_8bits.tiff;E:\Experiments\PTT\Spheroids\28042025\30042025 after laser\Analysis\2025-04-30_150558_tube2_segmentationDebug\3_1105_0_segmented.tiff;3229.5;(78. 75);258.0660148859024;0.8973325923867741;64.12430981868116;0.6093734412123195;0.8491504699256128;1097.9010184583926;0.9563305030561248;0.8488956005730871;0.8928106790032028;37.0;91.06187929717342;Alive
2;Tube 2;414050.0;414050.0;0.0;1405.0;False;G:\Experiments\PTT\Spheroids\28042025\29042025\Analysis\2025-04-29_112104_tube2_cropped_8bits2\4_1405_0_8bits.tiff;G:\Experiments\PTT\Spheroids\28042025\29042025\Analysis\2025-04-29_112104_tube2_segmentationDebug2\4_1405_0_segmented.tiff;2194.5;(76. 78);206.610171556472;0.903272278246552;52.8594757912081;0.646014182548916;0.791473342243388;724.924134272033;0.951825585570849;0.895242472979573;0.90668750978708;;;;;;;;;;;;;;;;;;414050.0;0.0;1405.0;False;E:\Experiments\PTT\Spheroids\28042025\30042025 after laser\Analysis\2025-04-30_150558_tube2_cropped_8bits\4_1405_0_8bits.tiff;E:\Experiments\PTT\Spheroids\28042025\30042025 after laser\Analysis\2025-04-30_150558_tube2_segmentationDebug\4_1405_0_segmented.tiff;3091.0;(74. 80);242.5096664428711;0.9177553444180524;62.73422855807178;0.6604664485848236;0.9383076512546252;1118.710891284064;0.9538977012786723;0.8550564818277769;0.8789623398165853;37.0;86.66157372039724;Alive
2;Tube 2;515020.0;515020.0;0.0;1502.0;False;G:\Experiments\PTT\Spheroids\28042025\29042025\Analysis\2025-04-29_112104_tube2_cropped_8bits2\5_1502_0_8bits.tiff;G:\Experiments\PTT\Spheroids\28042025\29042025\Analysis\2025-04-29_112104_tube2_segmentationDebug2\5_1502_0_segmented.tiff;1791.0;(76. 73);198.710677862167;0.848212171442102;47.753240985515;0.569984492638251;0.816520816632512;803.593095020604;0.959609330565216;0.913675750047189;0.891050609714735;;;;;;;;;;;;;;;;;;515020.0;0.0;1502.0;False;E:\Experiments\PTT\Spheroids\28042025\30042025 after laser\Analysis\2025-04-30_150558_tube2_cropped_8bits\5_1502_0_8bits.tiff;E:\Experiments\PTT\Spheroids\28042025\30042025 after laser\Analysis\2025-04-30_150558_tube2_segmentationDebug\5_1502_0_segmented.tiff;2740.5;(82. 70);225.78174436092377;0.92226148409894;59.07040690859268;0.6755570372819064;0.910494352817466;1072.06354478788;0.9589802868798526;0.8710283906893072;0.8844346843494185;59.0;48.98395721925134;Dead
2;Tube 2;612010.0;612010.0;0.0;1201.0;False;G:\Experiments\PTT\Spheroids\28042025\29042025\Analysis\2025-04-29_112104_tube2_cropped_8bits2\6_1201_0_8bits.tiff;G:\Experiments\PTT\Spheroids\28042025\29042025\Analysis\2025-04-29_112104_tube2_segmentationDebug2\6_1201_0_segmented.tiff;1658.5;(77. 76);179.781744360923;0.909016168813373;45.952886579009;0.644813557348731;0.693345670880739;821.861528316371;0.963659096822369;0.920080449402045;0.898699909773225;;;;;;;;;;;;;;;;;;612010.0;0.0;1201.0;False;E:\Experiments\PTT\Spheroids\28042025\30042025 after laser\Analysis\2025-04-30_150558_tube2_cropped_8bits\6_1201_0_8bits.tiff;E:\Experiments\PTT\Spheroids\28042025\30042025 after laser\Analysis\2025-04-30_150558_tube2_segmentationDebug\6_1201_0_segmented.tiff;2466.5;(74. 87);212.26702535152435;0.9175967261904762;56.03967645418091;0.6879009608618659;0.9785327231942764;894.0142284991626;0.9651447047278078;0.8834544134102497;0.8898128581941122;47.0;30.802139037433154;Dead
2;Tube 2;708010.0;;;;;;;;;;;;;;;;;;;;;;;;;;;;;;;;;;;708010.0;0.0;801.0;False;E:\Experiments\PTT\Spheroids\28042025\30042025 after laser\Analysis\2025-04-30_150558_tube2_cropped_8bits\7_0801_0_8bits.tiff;E:\Experiments\PTT\Spheroids\28042025\30042025 after laser\Analysis\2025-04-30_150558_tube2_segmentationDebug\7_0801_0_segmented.tiff;2802.5;(71. 86);260.26702558994293;0.8369419142899805;59.73486271952329;0.5198968517701538;0.8946258612928497;886.7414804831789;0.9496229295954522;0.8663847497044641;0.8886774951195546;41.0;25.760122230710465;Dead
2;Tube 2;709010.0;709010.0;0.0;901.0;False;G:\Experiments\PTT\Spheroids\28042025\29042025\Analysis\2025-04-29_112104_tube2_cropped_8bits2\7_0901_0_8bits.tiff;G:\Experiments\PTT\Spheroids\28042025\29042025\Analysis\2025-04-29_112104_tube2_segmentationDebug2\7_0901_0_segmented.tiff;1715.5;(75. 70);187.982754826545;0.8801949717804;46.7358795679847;0.610048785559788;0.837763862907443;794.809421548747;0.964419875358367;0.917102381592861;0.910859194479794;;;;;;;;;;;;;;;;;;;;;;;;;;;;;;;;;;;;;
2;Tube 2;806010.0;806010.0;0.0;601.0;False;G:\Experiments\PTT\Spheroids\28042025\29042025\Analysis\2025-04-29_112104_tube2_cropped_8bits2\8_0601_0_8bits.tiff;G:\Experiments\PTT\Spheroids\28042025\29042025\Analysis\2025-04-29_112104_tube2_segmentationDebug2\8_0601_0_segmented.tiff;1856.0;(73. 80);196.024385094642;0.868710507839925;48.6120622379719;0.606970571992591;0.86302343010397;558.43035006277;0.95766464760491;0.910721313966399;0.916259976187487;;;;;;;;;;;;;;;;;;806010.0;0.0;601.0;False;E:\Experiments\PTT\Spheroids\28042025\30042025 after laser\Analysis\2025-04-30_150558_tube2_cropped_8bits\8_0601_0_8bits.tiff;E:\Experiments\PTT\Spheroids\28042025\30042025 after laser\Analysis\2025-04-30_150558_tube2_segmentationDebug\8_0601_0_segmented.tiff;2718.5;(64. 76);228.26702547073364;0.9104152712659076;58.83282844095242;0.6556209792892436;0.9520365766898188;951.4897334553432;0.9602558955809648;0.8718629740495178;0.8773014015824195;51.0;27.654698242933538;Dead
2;Tube 2;903010.0;903010.0;0.0;301.0;False;G:\Experiments\PTT\Spheroids\28042025\29042025\Analysis\2025-04-29_112104_tube2_cropped_8bits2\9_0301_0_8bits.tiff;G:\Experiments\PTT\Spheroids\28042025\29042025\Analysis\2025-04-29_112104_tube2_segmentationDebug2\9_0301_0_segmented.tiff;1814.0;(72. 73);192.225395917892;0.891838741396263;48.0588861101626;0.616915409898747;0.903989486149346;890.671147172892;0.958093165730323;0.912657175877256;0.896551081334434;;;;;;;;;;;;;;;;;;903010.0;0.0;301.0;False;E:\Experiments\PTT\Spheroids\28042025\30042025 after laser\Analysis\2025-04-30_150558_tube2_cropped_8bits\9_0301_0_8bits.tiff;E:\Experiments\PTT\Spheroids\28042025\30042025 after laser\Analysis\2025-04-30_150558_tube2_segmentationDebug\9_0301_0_segmented.tiff;2741.5;(70. 74);226.7523066997528;0.91996644295302;59.08118323029295;0.6700306764984593;0.8509141297139712;997.0799406787672;0.9577827344061848;0.8708883966976051;0.8639630423064067;60.0;5.103132161955691;Dead
2;Tube 3;1002040.0;;;;;;;;;;;;;;;;;;;;;;;;;;;;;;;;;;;1002040.0;0.0;204.0;False;E:\Experiments\PTT\Spheroids\28042025\30042025 after laser\Analysis\2025-04-30_152636_tube3_cropped_8bits\10_0204_0_8bits.tiff;E:\Experiments\PTT\Spheroids\28042025\30042025 after laser\Analysis\2025-04-30_152636_tube3_segmentationDebug\10_0204_0_segmented.tiff;2718.0;(76. 78);229.1959580183029;0.9191748393642204;58.82741777938389;0.6501976682367476;0.8411813315036991;1003.9746346794864;0.9569452923420552;0.8715490335147638;0.8726904140190259;43.0;58.48739495798319;Alive
2;Tube 3;1002050.0;1002050.0;0.0;205.0;False;G:\Experiments\PTT\Spheroids\28042025\29042025\Analysis\2025-04-29_111005_tube3_cropped_8bits2\10_0205_0_8bits.tiff;G:\Experiments\PTT\Spheroids\28042025\29042025\Analysis\2025-04-29_111005_tube3_segmentationDebug2\10_0205_0_segmented.tiff;2095.5;(75. 81);243.095452785491;0.837028160575194;51.6533974293321;0.445598642101956;0.890818414532493;770.491077927112;0.956407913031879;0.898219803761392;0.899086265712048;;;;;;;;;;;;;;;;;;;;;;;;;;;;;;;;;;;;;
2;Tube 3;106050.0;106050.0;0.0;605.0;False;G:\Experiments\PTT\Spheroids\28042025\29042025\Analysis\2025-04-29_111005_tube3_cropped_8bits2\1_0605_0_8bits.tiff;G:\Experiments\PTT\Spheroids\28042025\29042025\Analysis\2025-04-29_111005_tube3_segmentationDebug2\1_0605_0_segmented.tiff;2402.5;(78. 80);232.267025589942;0.865142239827151;55.3078476007359;0.559626335201378;0.885426450213042;728.95134496737;0.947937881391189;0.884878062091866;0.904406805914887;;;;;;;;;;;;;;;;;;;;;;;;;;;;;;;;;;;;;
2;Tube 3;1102070.0;;;;;;;;;;;;;;;;;;;;;;;;;;;;;;;;;;;1102070.0;0.0;207.0;False;E:\Experiments\PTT\Spheroids\28042025\30042025 after laser\Analysis\2025-04-30_152636_tube3_cropped_8bits\11_0207_0_8bits.tiff;E:\Experiments\PTT\Spheroids\28042025\30042025 after laser\Analysis\2025-04-30_152636_tube3_segmentationDebug\11_0207_0_segmented.tiff;1722.5;(73. 73);168.12489008903503;0.9459088412959912;46.83113404356463;0.7657818481324967;0.9082301725184532;887.0386329036841;0.9739179315365656;0.9175949926000984;0.8952398735951919;41.5;25.60733384262796;Dead
2;Tube 3;1102080.0;1102080.0;0.0;208.0;False;G:\Experiments\PTT\Spheroids\28042025\29042025\Analysis\2025-04-29_111005_tube3_cropped_8bits2\11_0208_0_8bits.tiff;G:\Experiments\PTT\Spheroids\28042025\29042025\Analysis\2025-04-29_111005_tube3_segmentationDebug2\11_0208_0_segmented.tiff;1301.0;(71. 73);165.053822278976;0.882931795045809;40.6999342468811;0.600117081361941;0.715586097108933;610.890912872934;0.981463641539441;0.936628671871552;0.913502575620319;;;;;;;;;;;;;;;;;;;;;;;;;;;;;;;;;;;;;
2;Tube 3;1202100.0;;;;;;;;;;;;;;;;;;;;;;;;;;;;;;;;;;;1202100.0;0.0;210.0;False;E:\Experiments\PTT\Spheroids\28042025\30042025 after laser\Analysis\2025-04-30_152636_tube3_cropped_8bits\12_0210_0_8bits.tiff;E:\Experiments\PTT\Spheroids\28042025\30042025 after laser\Analysis\2025-04-30_152636_tube3_segmentationDebug\12_0210_0_segmented.tiff;2307.5;(68. 80);263.9238797426224;0.7663566921288608;54.20332323277225;0.4162882953089044;0.7972350752964464;883.1877075442881;0.9667911522442908;0.8885370102633714;0.8833785658309917;41.5;33.888464476699774;Dead
2;Tube 3;1202110.0;1202110.0;0.0;211.0;False;G:\Experiments\PTT\Spheroids\28042025\29042025\Analysis\2025-04-29_111005_tube3_cropped_8bits2\12_0211_0_8bits.tiff;G:\Experiments\PTT\Spheroids\28042025\29042025\Analysis\2025-04-29_111005_tube3_segmentationDebug2\12_0211_0_segmented.tiff;1547.5;(73. 78);162.124890089035;0.940729483282674;44.3884917008639;0.739845663136431;0.886322430969068;541.320975041448;0.970489242292795;0.925377623555702;0.918288894438206;;;;;;;;;;;;;;;;;;;;;;;;;;;;;;;;;;;;;
2;Tube 3;1302130.0;;;;;;;;;;;;;;;;;;;;;;;;;;;;;;;;;;;1302130.0;0.0;213.0;False;E:\Experiments\PTT\Spheroids\28042025\30042025 after laser\Analysis\2025-04-30_152636_tube3_cropped_8bits\13_0213_0_8bits.tiff;E:\Experiments\PTT\Spheroids\28042025\30042025 after laser\Analysis\2025-04-30_152636_tube3_segmentationDebug\13_0213_0_segmented.tiff;2384.5;(76. 81);210.7523068189621;0.915179428132796;55.1002694586968;0.6746251332967245;0.9645186750694626;907.0195425177726;0.9659616374733626;0.8870118603990967;0.8830589878186328;50.7;49.96180290297937;Dead
2;Tube 3;1302140.0;1302140.0;0.0;214.0;True;G:\Experiments\PTT\Spheroids\28042025\29042025\Analysis\2025-04-29_111005_tube3_cropped_8bits2\13_0214_0_8bits.tiff;G:\Experiments\PTT\Spheroids\28042025\29042025\Analysis\2025-04-29_111005_tube3_segmentationDebug2\13_0214_0_segmented.tiff;1556.5;(65. 81);175.639608979225;0.883621913142208;44.5173825755769;0.634036216724189;0.967301444921495;633.727472491951;0.96795568932229;0.924769672401933;0.911820327023915;;;;;;;;;;;;;;;;;;;;;;;;;;;;;;;;;;;;;
2;Tube 3;1402170.0;1402170.0;0.0;217.0;False;G:\Experiments\PTT\Spheroids\28042025\29042025\Analysis\2025-04-29_111005_tube3_cropped_8bits2\14_0217_0_8bits.tiff;G:\Experiments\PTT\Spheroids\28042025\29042025\Analysis\2025-04-29_111005_tube3_segmentationDebug2\14_0217_0_segmented.tiff;1723.5;(80. 71);180.124890208244;0.917243214475784;46.8447260142596;0.667534465287642;0.879381452702078;515.675133032491;0.964825479881776;0.917156465420633;0.914477679970529;;;;;;;;;;;;;;;;;;1402170.0;1.0;217.0;False;E:\Experiments\PTT\Spheroids\28042025\30042025 after laser\Analysis\2025-04-30_152636_tube3_cropped_8bits\14_0217_0_8bits.tiff;E:\Experiments\PTT\Spheroids\28042025\30042025 after laser\Analysis\2025-04-30_152636_tube3_segmentationDebug\14_0217_0_segmented.tiff;3254.0;(87. 83);383.96550989151;0.6907971552913703;64.36708381283262;0.2773594594890311;0.5536883429570055;1061.6356496211856;0.9478612799200248;0.8438974265498999;0.8498163993434772;47.5;45.16424751718869;Dead
2;Tube 3;1502200.0;1502200.0;0.0;220.0;True;G:\Experiments\PTT\Spheroids\28042025\29042025\Analysis\2025-04-29_111005_tube3_cropped_8bits2\15_0220_0_8bits.tiff;G:\Experiments\PTT\Spheroids\28042025\29042025\Analysis\2025-04-29_111005_tube3_segmentationDebug2\15_0220_0_segmented.tiff;1471.0;(78. 70);169.053822636604;0.897772352761672;43.2774233325578;0.646803774820277;0.871485040553922;714.739565950274;0.971402976701989;0.928533077957593;0.899963375761117;;;;;;;;;;;;;;;;;;1502200.0;0.0;220.0;False;E:\Experiments\PTT\Spheroids\28042025\30042025 after laser\Analysis\2025-04-30_152636_tube3_cropped_8bits\15_0220_0_8bits.tiff;E:\Experiments\PTT\Spheroids\28042025\30042025 after laser\Analysis\2025-04-30_152636_tube3_segmentationDebug\15_0220_0_segmented.tiff;2288.0;(69. 73);203.6812388896942;0.9135555999201438;53.973809188846886;0.6930488198413096;0.8369463479747378;911.7103696699296;0.9648430421006816;0.891281107632292;0.8760712501180864;44.0;71.32161955691367;Alive
2;Tube 3;1502201.0;1502201.0;0.0;220.0;True;G:\Experiments\PTT\Spheroids\28042025\29042025\Analysis\2025-04-29_111005_tube3_cropped_8bits2\15_0220_1_8bits.tiff;G:\Experiments\PTT\Spheroids\28042025\29042025\Analysis\2025-04-29_111005_tube3_segmentationDebug2\15_0220_1_segmented.tiff;623.5;(73. 80);116.669046640396;0.855281207133059;28.1756074671403;0.575618871524639;0.74567617071095;596.653316013226;0.987469665857664;0.968226417522155;0.900704962231368;;;;;;;;;;;;;;;;;;;;;;;;;;;;;;;;;;;;;
2;Tube 3;1602220.0;;;;;;;;;;;;;;;;;;;;;;;;;;;;;;;;;;;1602220.0;0.0;222.0;False;E:\Experiments\PTT\Spheroids\28042025\30042025 after laser\Analysis\2025-04-30_152636_tube3_cropped_8bits\16_0222_0_8bits.tiff;E:\Experiments\PTT\Spheroids\28042025\30042025 after laser\Analysis\2025-04-30_152636_tube3_segmentationDebug\16_0222_0_segmented.tiff;2092.0;(78. 74);195.88224971294403;0.9187527448397014;51.61024246780827;0.6851432409530277;0.8478729147519357;981.4496342446856;0.965484257667124;0.9001704233007165;0.8711457089683711;52.0;22.12375859434683;Dead
2;Tube 3;1602230.0;1602230.0;0.0;223.0;False;G:\Experiments\PTT\Spheroids\28042025\29042025\Analysis\2025-04-29_111005_tube3_cropped_8bits2\16_0223_0_8bits.tiff;G:\Experiments\PTT\Spheroids\28042025\29042025\Analysis\2025-04-29_111005_tube3_segmentationDebug2\16_0223_0_segmented.tiff;1503.0;(71. 72);167.396968722343;0.91090909090909;43.7456173317619;0.674021369502563;0.916460100533644;508.524966290211;0.965988508165849;0.927346404879904;0.906264557662596;;;;;;;;;;;;;;;;;;;;;;;;;;;;;;;;;;;;;
2;Tube 3;1704240.0;1704240.0;0.0;424.0;False;G:\Experiments\PTT\Spheroids\28042025\29042025\Analysis\2025-04-29_111005_tube3_cropped_8bits2\17_0424_0_8bits.tiff;G:\Experiments\PTT\Spheroids\28042025\29042025\Analysis\2025-04-29_111005_tube3_segmentationDebug2\17_0424_0_segmented.tiff;1274.5;(76. 67);157.154327392578;0.883535528596187;40.2832943012977;0.64848064054065;0.939175591274702;517.700470386201;0.96896170187035;0.937736785839682;0.907339316233952;;;;;;;;;;;;;;;;;;;;;;;;;;;;;;;;;;;;;
2;Tube 3;1807240.0;1807240.0;0.0;724.0;False;G:\Experiments\PTT\Spheroids\28042025\29042025\Analysis\2025-04-29_111005_tube3_cropped_8bits2\18_0724_0_8bits.tiff;G:\Experiments\PTT\Spheroids\28042025\29042025\Analysis\2025-04-29_111005_tube3_segmentationDebug2\18_0724_0_segmented.tiff;1149.5;(72. 83);149.639609098434;0.898749022673964;38.2568798606612;0.645098020980234;0.752807770548414;695.883770195284;0.973880278795634;0.943774718212134;0.901927567446892;;;;;;;;;;;;;;;;;;;;;;;;;;;;;;;;;;;;;
2;Tube 3;1910240.0;1910240.0;0.0;1024.0;False;G:\Experiments\PTT\Spheroids\28042025\29042025\Analysis\2025-04-29_111005_tube3_cropped_8bits2\19_1024_0_8bits.tiff;G:\Experiments\PTT\Spheroids\28042025\29042025\Analysis\2025-04-29_111005_tube3_segmentationDebug2\19_1024_0_segmented.tiff;1061.5;(72. 70);147.497473835945;0.882744282744282;36.7633482797252;0.613141480151219;0.885455618352465;460.316288024643;0.974005325785785;0.947599072140455;0.905338891607386;;;;;;;;;;;;;;;;;;1910240.0;0.0;1024.0;False;E:\Experiments\PTT\Spheroids\28042025\30042025 after laser\Analysis\2025-04-30_152636_tube3_cropped_8bits\19_1024_0_8bits.tiff;E:\Experiments\PTT\Spheroids\28042025\30042025 after laser\Analysis\2025-04-30_152636_tube3_segmentationDebug\19_1024_0_segmented.tiff;1169.5;(76. 72);134.81118166446686;0.9586065573770493;38.588257897549255;0.8086456585861295;0.9392572042800756;846.4958609693879;0.981285324171388;0.943348117035683;0.902225745418174;45.0;28.75477463712758;Dead
2;Tube 3;2013240.0;2013240.0;0.0;1324.0;False;G:\Experiments\PTT\Spheroids\28042025\29042025\Analysis\2025-04-29_111005_tube3_cropped_8bits2\20_1324_0_8bits.tiff;G:\Experiments\PTT\Spheroids\28042025\29042025\Analysis\2025-04-29_111005_tube3_segmentationDebug2\20_1324_0_segmented.tiff;938.5;(73. 78);129.840619564056;0.921453117329405;34.5678363906963;0.699556800294407;0.802787787782031;530.595609429454;0.975907181758926;0.95372046507499;0.900532333550066;;;;;;;;;;;;;;;;;;2013240.0;0.0;1324.0;False;E:\Experiments\PTT\Spheroids\28042025\30042025 after laser\Analysis\2025-04-30_152636_tube3_cropped_8bits\20_1324_0_8bits.tiff;E:\Experiments\PTT\Spheroids\28042025\30042025 after laser\Analysis\2025-04-30_152636_tube3_segmentationDebug\20_1324_0_segmented.tiff;1111.0;(77. 44);158.911687374115;0.857915057915058;37.61075822422045;0.5528562767704573;0.8649938202024335;681.7655703772625;0.982760169289458;0.9326968929488308;0.87425247465052;47.0;26.218487394957982;Dead
2;Tube 3;209050.0;209050.0;0.0;905.0;False;G:\Experiments\PTT\Spheroids\28042025\29042025\Analysis\2025-04-29_111005_tube3_cropped_8bits2\2_0905_0_8bits.tiff;G:\Experiments\PTT\Spheroids\28042025\29042025\Analysis\2025-04-29_111005_tube3_segmentationDebug2\2_0905_0_segmented.tiff;2547.0;(75. 66);252.99494755268;0.827216628775576;56.9468271323386;0.500051935570855;0.681716579369106;850.064150533789;0.945346672825785;0.877525529975196;0.89547952715273;;;;;;;;;;;;;;;;;;;;;;;;;;;;;;;;;;;;;
2;Tube 3;312050.0;312050.0;0.0;1205.0;False;G:\Experiments\PTT\Spheroids\28042025\29042025\Analysis\2025-04-29_111005_tube3_cropped_8bits2\3_1205_0_8bits.tiff;G:\Experiments\PTT\Spheroids\28042025\29042025\Analysis\2025-04-29_111005_tube3_segmentationDebug2\3_1205_0_segmented.tiff;2226.5;(70. 77);225.095452666282;0.851922709010904;53.2434770310208;0.552203456002677;0.881732686526998;869.925410976009;0.953801989155482;0.892879548630937;0.888089171512841;;;;;;;;;;;;;;;;;;;;;;;;;;;;;;;;;;;;;
2;Tube 3;414050.0;;;;;;;;;;;;;;;;;;;;;;;;;;;;;;;;;;;414050.0;0.0;1405.0;False;E:\Experiments\PTT\Spheroids\28042025\30042025 after laser\Analysis\2025-04-30_152636_tube3_cropped_8bits\4_1405_0_8bits.tiff;E:\Experiments\PTT\Spheroids\28042025\30042025 after laser\Analysis\2025-04-30_152636_tube3_segmentationDebug\4_1405_0_segmented.tiff;2856.5;(75. 75);232.26702558994293;0.9074015247776366;60.30761775709593;0.665378824767009;0.9083254993106614;1074.684866636224;0.9603809138909022;0.8656506334678894;0.8423974682529444;37.0;118.13598166539343;Alive
2;Tube 3;415040.0;415040.0;0.0;1504.0;False;G:\Experiments\PTT\Spheroids\28042025\29042025\Analysis\2025-04-29_111005_tube3_cropped_8bits2\4_1504_0_8bits.tiff;G:\Experiments\PTT\Spheroids\28042025\29042025\Analysis\2025-04-29_111005_tube3_segmentationDebug2\4_1504_0_segmented.tiff;2453.0;(77. 80);219.68123948574;0.911557041991824;55.8861038473371;0.638736113865546;0.83855084676178;722.186418643546;0.943991741973503;0.883049135023072;0.911123631305929;;;;;;;;;;;;;;;;;;;;;;;;;;;;;;;;;;;;;
2;Tube 3;514010.0;514010.0;0.0;1401.0;False;G:\Experiments\PTT\Spheroids\28042025\29042025\Analysis\2025-04-29_111005_tube3_cropped_8bits2\5_1401_0_8bits.tiff;G:\Experiments\PTT\Spheroids\28042025\29042025\Analysis\2025-04-29_111005_tube3_segmentationDebug2\5_1401_0_segmented.tiff;1868.5;(73. 85);189.781744480133;0.902221149203283;48.7754865617725;0.651919688788129;0.883103825252322;741.513831149961;0.967547141420019;0.910223448348402;0.89274153021036;;;;;;;;;;;;;;;;;;;;;;;;;;;;;;;;;;;;;
2;Tube 3;515020.0;;;;;;;;;;;;;;;;;;;;;;;;;;;;;;;;;;;515020.0;0.0;1502.0;False;E:\Experiments\PTT\Spheroids\28042025\30042025 after laser\Analysis\2025-04-30_152636_tube3_cropped_8bits\5_1502_0_8bits.tiff;E:\Experiments\PTT\Spheroids\28042025\30042025 after laser\Analysis\2025-04-30_152636_tube3_segmentationDebug\5_1502_0_segmented.tiff;2870.0;(69. 74);222.50966608524325;0.9366840731070496;60.44995858881887;0.7284403540165667;0.8764086249244726;939.803349047232;0.9610833818543254;0.8654126320823485;0.8635976064203318;47.0;85.74484339190222;Alive
2;Tube 3;611010.0;611010.0;0.0;1101.0;False;G:\Experiments\PTT\Spheroids\28042025\29042025\Analysis\2025-04-29_111005_tube3_cropped_8bits2\6_1101_0_8bits.tiff;G:\Experiments\PTT\Spheroids\28042025\29042025\Analysis\2025-04-29_111005_tube3_segmentationDebug2\6_1101_0_segmented.tiff;1756.0;(75. 77);186.367530822753;0.895689875031879;47.2843382163158;0.635321968702579;0.825876722607616;665.316603435733;0.961021026891393;0.915493778821244;0.901250931060918;;;;;;;;;;;;;;;;;;;;;;;;;;;;;;;;;;;;;
2;Tube 3;708010.0;708010.0;0.0;801.0;False;G:\Experiments\PTT\Spheroids\28042025\29042025\Analysis\2025-04-29_111005_tube3_cropped_8bits2\7_0801_0_8bits.tiff;G:\Experiments\PTT\Spheroids\28042025\29042025\Analysis\2025-04-29_111005_tube3_segmentationDebug2\7_0801_0_segmented.tiff;1926.5;(72. 74);193.923879742622;0.889427516158818;49.5267198886852;0.643748595873915;0.848547171037654;675.116464523367;0.958487290288016;0.907677375336579;0.903988942010977;;;;;;;;;;;;;;;;;;;;;;;;;;;;;;;;;;;;;
2;Tube 3;805010.0;805010.0;0.0;501.0;False;G:\Experiments\PTT\Spheroids\28042025\29042025\Analysis\2025-04-29_111005_tube3_cropped_8bits2\8_0501_0_8bits.tiff;G:\Experiments\PTT\Spheroids\28042025\29042025\Analysis\2025-04-29_111005_tube3_segmentationDebug2\8_0501_0_segmented.tiff;1989.0;(76. 74);208.710676670074;0.856404736275565;50.3236868132516;0.573793091347428;0.83024560330255;754.108980735648;0.95894113702841;0.904421613753746;0.901879559917178;;;;;;;;;;;;;;;;;;;;;;;;;;;;;;;;;;;;;
2;Tube 3;902020.0;902020.0;0.0;202.0;False;G:\Experiments\PTT\Spheroids\28042025\29042025\Analysis\2025-04-29_111005_tube3_cropped_8bits2\9_0202_0_8bits.tiff;G:\Experiments\PTT\Spheroids\28042025\29042025\Analysis\2025-04-29_111005_tube3_segmentationDebug2\9_0202_0_segmented.tiff;1572.5;(69. 73);167.781744360923;0.923641703377386;44.7456051930918;0.701957967141837;0.754826326467559;683.436152165276;0.974013481476253;0.923940098906623;0.902344944926723;;;;;;;;;;;;;;;;;;;;;;;;;;;;;;;;;;;;;
2;Tube 4;1002030.0;1002030.0;0.0;203.0;False;G:\Experiments\PTT\Spheroids\28042025\29042025\Analysis\2025-04-29_105927_tube4_cropped_8bits2\10_0203_0_8bits.tiff;G:\Experiments\PTT\Spheroids\28042025\29042025\Analysis\2025-04-29_105927_tube4_segmentationDebug2\10_0203_0_segmented.tiff;1495.5;(79. 67);161.781744718551;0.928305400372439;43.6363350792826;0.718021174766526;0.969091142502337;773.207928128872;0.970757068634761;0.927803776643961;0.896508375450335;;;;;;;;;;;;;;;;;;1002030.0;0.0;203.0;False;E:\Experiments\PTT\Spheroids\28042025\30042025 after laser\Analysis\2025-04-30_153658_tube4_cropped_8bits\10_0203_0_8bits.tiff;E:\Experiments\PTT\Spheroids\28042025\30042025 after laser\Analysis\2025-04-30_153658_tube4_segmentationDebug\10_0203_0_segmented.tiff;2647.5;(68. 72);250.6101715564728;0.8622374206155349;58.05946688255364;0.5297225307254492;0.9365768439774556;998.698994913192;0.9507002398527228;0.873643367949025;0.8828525276925533;59.0;14.713521772345302;Dead
2;Tube 4;1102060.0;1102060.0;0.0;206.0;False;G:\Experiments\PTT\Spheroids\28042025\29042025\Analysis\2025-04-29_105927_tube4_cropped_8bits2\11_0206_0_8bits.tiff;G:\Experiments\PTT\Spheroids\28042025\29042025\Analysis\2025-04-29_105927_tube4_segmentationDebug2\11_0206_0_segmented.tiff;1391.5;(86. 76);163.78174483776;0.880417589370452;42.0917192152919;0.651871640570703;0.916285348928129;856.66526066658;0.968980321209082;0.932336314700088;0.896875482256298;;;;;;;;;;;;;;;;;;1102060.0;0.0;206.0;False;E:\Experiments\PTT\Spheroids\28042025\30042025 after laser\Analysis\2025-04-30_153658_tube4_cropped_8bits\11_0206_0_8bits.tiff;E:\Experiments\PTT\Spheroids\28042025\30042025 after laser\Analysis\2025-04-30_153658_tube4_segmentationDebug\11_0206_0_segmented.tiff;3029.5;(74. 72);301.9238797426224;0.8305688827964359;62.10699800163566;0.4176244279027434;0.7703111156564977;853.437345174706;0.9372319777143284;0.8548600571789976;0.9014361029821872;55.0;31.22994652406417;Dead
2;Tube 4;1202090.0;1202090.0;0.0;209.0;False;G:\Experiments\PTT\Spheroids\28042025\29042025\Analysis\2025-04-29_105927_tube4_cropped_8bits2\12_0209_0_8bits.tiff;G:\Experiments\PTT\Spheroids\28042025\29042025\Analysis\2025-04-29_105927_tube4_segmentationDebug2\12_0209_0_segmented.tiff;1638.0;(74. 79);180.225396037101;0.886603518267929;45.6680016453117;0.633711786004349;0.707469089083742;739.435007235722;0.972200225926545;0.920783218709889;0.926409355849208;;;;;;;;;;;;;;;;;;1202090.0;0.0;209.0;False;E:\Experiments\PTT\Spheroids\28042025\30042025 after laser\Analysis\2025-04-30_153658_tube4_cropped_8bits\12_0209_0_8bits.tiff;E:\Experiments\PTT\Spheroids\28042025\30042025 after laser\Analysis\2025-04-30_153658_tube4_segmentationDebug\12_0209_0_segmented.tiff;2582.5;(70. 83);389.86500442028046;0.6938473938742612;57.342315302737454;0.2135117045820473;0.5897340888058854;967.0136115529136;0.9491999401355766;0.8719949451120731;0.877968234351996;60.0;5.622612681436211;Dead
2;Tube 4;1302120.0;;;;;;;;;;;;;;;;;;;;;;;;;;;;;;;;;;;1302120.0;0.0;212.0;False;E:\Experiments\PTT\Spheroids\28042025\30042025 after laser\Analysis\2025-04-30_153658_tube4_cropped_8bits\13_0212_0_8bits.tiff;E:\Experiments\PTT\Spheroids\28042025\30042025 after laser\Analysis\2025-04-30_153658_tube4_segmentationDebug\13_0212_0_segmented.tiff;1714.0;(70. 70);217.88224971294403;0.7916859122401848;46.71544262528258;0.4537085671070311;0.8219509807227242;891.9767942283667;0.9683138205870296;0.9161086068285942;0.8843973267859222;61.5;23.68220015278839;Dead
2;Tube 4;1402150.0;1402150.0;0.0;215.0;False;G:\Experiments\PTT\Spheroids\28042025\29042025\Analysis\2025-04-29_105927_tube4_cropped_8bits2\14_0215_0_8bits.tiff;G:\Experiments\PTT\Spheroids\28042025\29042025\Analysis\2025-04-29_105927_tube4_segmentationDebug2\14_0215_0_segmented.tiff;1379.5;(82. 69);166.468036293983;0.892302716688227;41.9098312089437;0.62556127456678;0.846196387454306;633.238572507636;0.968144620505964;0.932871844163569;0.910228566746259;;;;;;;;;;;;;;;;;;1402150.0;0.0;215.0;False;E:\Experiments\PTT\Spheroids\28042025\30042025 after laser\Analysis\2025-04-30_153658_tube4_cropped_8bits\14_0215_0_8bits.tiff;E:\Experiments\PTT\Spheroids\28042025\30042025 after laser\Analysis\2025-04-30_153658_tube4_segmentationDebug\14_0215_0_segmented.tiff;1466.0;(71. 71);162.22539520263672;0.914820592823713;43.203809699860365;0.700013076169903;0.9581655488572736;1198.8144904614064;0.972438084122569;0.9290627489571855;0.8404379729070053;73.0;8.256684491978609;Dead
2;Tube 4;1502180.0;1502180.0;0.0;218.0;False;G:\Experiments\PTT\Spheroids\28042025\29042025\Analysis\2025-04-29_105927_tube4_cropped_8bits2\15_0218_0_8bits.tiff;G:\Experiments\PTT\Spheroids\28042025\29042025\Analysis\2025-04-29_105927_tube4_segmentationDebug2\15_0218_0_segmented.tiff;1356.5;(77. 72);145.296463489532;0.954609429978888;41.5589875049097;0.80745731759349;0.900361937655941;915.417667728609;0.969778337343042;0.934545375131974;0.88253364604973;;;;;;;;;;;;;;;;;;1502180.0;0.0;218.0;False;E:\Experiments\PTT\Spheroids\28042025\30042025 after laser\Analysis\2025-04-30_153658_tube4_cropped_8bits\15_0218_0_8bits.tiff;E:\Experiments\PTT\Spheroids\28042025\30042025 after laser\Analysis\2025-04-30_153658_tube4_segmentationDebug\15_0218_0_segmented.tiff;1886.5;(74. 72);197.78174424171448;0.8892293188781523;49.00986024406603;0.6060302022651048;0.7110619792827666;1006.834249968431;0.9629386315466064;0.9091069910206786;0.8739168808301437;50.0;60.62643239113827;Alive
2;Tube 4;1602210.0;1602210.0;0.0;221.0;False;G:\Experiments\PTT\Spheroids\28042025\29042025\Analysis\2025-04-29_105927_tube4_cropped_8bits2\16_0221_0_8bits.tiff;G:\Experiments\PTT\Spheroids\28042025\29042025\Analysis\2025-04-29_105927_tube4_segmentationDebug2\16_0221_0_segmented.tiff;1520.0;(77. 71);179.882249712944;0.880138969310943;43.9923187385871;0.590305501863877;0.873041517224591;788.925106975373;0.966348955110611;0.926306091981543;0.904323997619223;;;;;;;;;;;;;;;;;;;;;;;;;;;;;;;;;;;;;
2;Tube 4;1703240.0;1703240.0;0.0;324.0;False;G:\Experiments\PTT\Spheroids\28042025\29042025\Analysis\2025-04-29_105927_tube4_cropped_8bits2\17_0324_0_8bits.tiff;G:\Experiments\PTT\Spheroids\28042025\29042025\Analysis\2025-04-29_105927_tube4_segmentationDebug2\17_0324_0_segmented.tiff;1233.0;(79. 74);171.396968603134;0.840204429301533;39.6220186090822;0.527432233233296;0.712601825858657;501.691492560547;0.972689677839657;0.939034410589505;0.914506869047553;;;;;;;;;;;;;;;;;;;;;;;;;;;;;;;;;;;;;
2;Tube 4;1805240.0;1805240.0;0.0;524.0;False;G:\Experiments\PTT\Spheroids\28042025\29042025\Analysis\2025-04-29_105927_tube4_cropped_8bits2\18_0524_0_8bits.tiff;G:\Experiments\PTT\Spheroids\28042025\29042025\Analysis\2025-04-29_105927_tube4_segmentationDebug2\18_0524_0_segmented.tiff;1143.0;(72. 68);161.396968841552;0.846980363097443;38.1485622223471;0.551398202803371;0.67918556307752;727.969314651966;0.963160442339171;0.916757191372814;0.910051907660945;;;;;;;;;;;;;;;;;;;;;;;;;;;;;;;;;;;;;
2;Tube 4;1908240.0;1908240.0;0.0;824.0;False;G:\Experiments\PTT\Spheroids\28042025\29042025\Analysis\2025-04-29_105927_tube4_cropped_8bits2\19_0824_0_8bits.tiff;G:\Experiments\PTT\Spheroids\28042025\29042025\Analysis\2025-04-29_105927_tube4_segmentationDebug2\19_0824_0_segmented.tiff;948.0;(73. 68);135.396968364715;0.878998609179415;34.7423529486552;0.64983084345584;0.880905884307552;736.07417494226;0.979552511524098;0.942412484458175;0.89768311355731;;;;;;;;;;;;;;;;;;;;;;;;;;;;;;;;;;;;;
2;Tube 4;2011240.0;2011240.0;0.0;1124.0;False;G:\Experiments\PTT\Spheroids\28042025\29042025\Analysis\2025-04-29_105927_tube4_cropped_8bits2\20_1124_0_8bits.tiff;G:\Experiments\PTT\Spheroids\28042025\29042025\Analysis\2025-04-29_105927_tube4_segmentationDebug2\20_1124_0_segmented.tiff;1049.5;(76. 69);146.325900912284;0.885280472374525;36.5549572862498;0.61595628865633;0.645061815282226;804.098362791447;0.981211298893415;0.948587988174317;0.915051281233054;;;;;;;;;;;;;;;;;;;;;;;;;;;;;;;;;;;;;
2;Tube 4;2013240.0;;;;;;;;;;;;;;;;;;;;;;;;;;;;;;;;;;;2013240.0;0.0;1324.0;False;E:\Experiments\PTT\Spheroids\28042025\30042025 after laser\Analysis\2025-04-30_153658_tube4_cropped_8bits\20_1324_0_8bits.tiff;E:\Experiments\PTT\Spheroids\28042025\30042025 after laser\Analysis\2025-04-30_153658_tube4_segmentationDebug\20_1324_0_segmented.tiff;1383.5;(72. 71);159.2964631319046;0.9104968739717012;41.97054812771805;0.6851359577005596;0.9123317410967366;966.3588179661276;0.972897391740187;0.9328862676301212;0.8786263558744398;81.0;25.515660809778456;Dead
2;Tube 4;207050.0;207050.0;0.0;705.0;False;G:\Experiments\PTT\Spheroids\28042025\29042025\Analysis\2025-04-29_105927_tube4_cropped_8bits2\2_0705_0_8bits.tiff;G:\Experiments\PTT\Spheroids\28042025\29042025\Analysis\2025-04-29_105927_tube4_segmentationDebug2\2_0705_0_segmented.tiff;1994.5;(75. 76);202.953317403793;0.867362470102196;50.3932165273688;0.608487408277488;0.824050471793219;930.274745107742;0.963021960048426;0.904509739397301;0.901329692912352;;;;;;;;;;;;;;;;;;207050.0;0.0;705.0;False;E:\Experiments\PTT\Spheroids\28042025\30042025 after laser\Analysis\2025-04-30_153658_tube4_cropped_8bits\2_0705_0_8bits.tiff;E:\Experiments\PTT\Spheroids\28042025\30042025 after laser\Analysis\2025-04-30_153658_tube4_segmentationDebug\2_0705_0_segmented.tiff;3016.5;(72. 75);262.1248902082443;0.8817597193802982;61.97359991717133;0.5516919798934427;0.9356568642233102;1130.794157978637;0.9487408517178904;0.8572262923260251;0.8833687670452881;37.0;86.29488158899923;Alive
2;Tube 4;310050.0;;;;;;;;;;;;;;;;;;;;;;;;;;;;;;;;;;;310050.0;0.0;1005.0;False;E:\Experiments\PTT\Spheroids\28042025\30042025 after laser\Analysis\2025-04-30_153658_tube4_cropped_8bits\3_1005_0_8bits.tiff;E:\Experiments\PTT\Spheroids\28042025\30042025 after laser\Analysis\2025-04-30_153658_tube4_segmentationDebug\3_1005_0_segmented.tiff;3455.0;(73. 74);349.4802285432816;0.8136112092311315;66.32527894445667;0.3554779718213224;0.8081320039408385;1061.1872968148475;0.9420240355080276;0.8347911762075709;0.8768495625976728;37.0;100.65699006875478;Alive
2;Tube 4;414050.0;414050.0;0.0;1405.0;False;G:\Experiments\PTT\Spheroids\28042025\29042025\Analysis\2025-04-29_105927_tube4_cropped_8bits2\4_1405_0_8bits.tiff;G:\Experiments\PTT\Spheroids\28042025\29042025\Analysis\2025-04-29_105927_tube4_segmentationDebug2\4_1405_0_segmented.tiff;2248.0;(82. 68);204.852812170982;0.912337662337662;53.4999298743899;0.673166213577318;0.90631893454256;763.879780803172;0.954824730217974;0.892918462530927;0.908209404208082;;;;;;;;;;;;;;;;;;414050.0;0.0;1405.0;False;E:\Experiments\PTT\Spheroids\28042025\30042025 after laser\Analysis\2025-04-30_153658_tube4_cropped_8bits\4_1405_0_8bits.tiff;E:\Experiments\PTT\Spheroids\28042025\30042025 after laser\Analysis\2025-04-30_153658_tube4_segmentationDebug\4_1405_0_segmented.tiff;3056.0;(65. 84);236.50966608524325;0.927043834369786;62.37804139848138;0.6865393334876453;0.8663920369809757;1179.058573893915;0.9518595337662056;0.8564977284749405;0.867764547680414;50.0;99.86249045072574;Alive
2;Tube 4;515030.0;515030.0;0.0;1503.0;False;G:\Experiments\PTT\Spheroids\28042025\29042025\Analysis\2025-04-29_105927_tube4_cropped_8bits2\5_1503_0_8bits.tiff;G:\Experiments\PTT\Spheroids\28042025\29042025\Analysis\2025-04-29_105927_tube4_segmentationDebug2\5_1503_0_segmented.tiff;1602.0;(79. 82);164.225395321846;0.936842105263157;45.163367353041;0.746434568153619;0.948790251812969;902.141120133703;0.972360514114655;0.923069576390604;0.911864962728209;;;;;;;;;;;;;;;;;;515030.0;0.0;1503.0;False;E:\Experiments\PTT\Spheroids\28042025\30042025 after laser\Analysis\2025-04-30_153658_tube4_cropped_8bits\5_1503_0_8bits.tiff;E:\Experiments\PTT\Spheroids\28042025\30042025 after laser\Analysis\2025-04-30_153658_tube4_segmentationDebug\5_1503_0_segmented.tiff;2291.0;(71. 67);199.53910326957703;0.9309223892726534;54.009182524717566;0.7230676320568841;0.8963435330659758;1040.604987788851;0.9609240712492504;0.8914629315800262;0.8700793021759707;74.0;9.381207028265852;Dead
2;Tube 4;613010.0;613010.0;0.0;1301.0;False;G:\Experiments\PTT\Spheroids\28042025\29042025\Analysis\2025-04-29_105927_tube4_cropped_8bits2\6_1301_0_8bits.tiff;G:\Experiments\PTT\Spheroids\28042025\29042025\Analysis\2025-04-29_105927_tube4_segmentationDebug2\6_1301_0_segmented.tiff;1844.0;(75. 79);189.195957660675;0.903478686918177;48.4546563344704;0.647361808835894;0.930935943200816;1052.16361906682;0.961692760728338;0.911322086360008;0.890276478637574;;;;;;;;;;;;;;;;;;;;;;;;;;;;;;;;;;;;;
2;Tube 4;710010.0;710010.0;0.0;1001.0;False;G:\Experiments\PTT\Spheroids\28042025\29042025\Analysis\2025-04-29_105927_tube4_cropped_8bits2\7_1001_0_8bits.tiff;G:\Experiments\PTT\Spheroids\28042025\29042025\Analysis\2025-04-29_105927_tube4_segmentationDebug2\7_1001_0_segmented.tiff;1990.5;(74. 77);193.639608860015;0.892000896258122;50.3426589861455;0.667088805091946;0.912468918615417;778.767302001585;0.957274523711077;0.904796390889166;0.913926051476318;;;;;;;;;;;;;;;;;;;;;;;;;;;;;;;;;;;;;
2;Tube 4;807010.0;807010.0;0.0;701.0;False;G:\Experiments\PTT\Spheroids\28042025\29042025\Analysis\2025-04-29_105927_tube4_cropped_8bits2\8_0701_0_8bits.tiff;G:\Experiments\PTT\Spheroids\28042025\29042025\Analysis\2025-04-29_105927_tube4_segmentationDebug2\8_0701_0_segmented.tiff;1884.0;(66. 69);205.681239366531;0.864022013299701;48.9773754123375;0.559630533175296;0.782429002153156;955.074350067115;0.963125469577739;0.909325542179083;0.905821155976572;;;;;;;;;;;;;;;;;;807010.0;0.0;701.0;False;E:\Experiments\PTT\Spheroids\28042025\30042025 after laser\Analysis\2025-04-30_153658_tube4_cropped_8bits\8_0701_0_8bits.tiff;E:\Experiments\PTT\Spheroids\28042025\30042025 after laser\Analysis\2025-04-30_153658_tube4_segmentationDebug\8_0701_0_segmented.tiff;3574.5;(77. 79);450.492421746254;0.6457411254629212;67.46254333076865;0.2213350465223849;0.4584745832822952;955.452167192844;0.931023805772591;0.8249878312437241;0.885835701684979;75.0;5.659281894576012;Dead
2;Tube 4;904010.0;904010.0;0.0;401.0;False;G:\Experiments\PTT\Spheroids\28042025\29042025\Analysis\2025-04-29_105927_tube4_cropped_8bits2\9_0401_0_8bits.tiff;G:\Experiments\PTT\Spheroids\28042025\29042025\Analysis\2025-04-29_105927_tube4_segmentationDebug2\9_0401_0_segmented.tiff;2159.0;(83. 77);249.823375225067;0.79756187661618;52.4301838360616;0.434706729348344;0.845782112904283;581.244396047256;0.969981144845973;0.895636117333491;0.942999773852742;;;;;;;;;;;;;;;;;;904010.0;0.0;401.0;False;E:\Experiments\PTT\Spheroids\28042025\30042025 after laser\Analysis\2025-04-30_153658_tube4_cropped_8bits\9_0401_0_8bits.tiff;E:\Experiments\PTT\Spheroids\28042025\30042025 after laser\Analysis\2025-04-30_153658_tube4_segmentationDebug\9_0401_0_segmented.tiff;2529.0;(80. 76);211.5391036272049;0.922824302134647;56.74524481077887;0.7101946132004788;0.9736151485827572;1321.1218011199044;0.9566981772032525;0.8804721152564604;0.8532464030403065;52.0;10.328495034377386;Dead
2;Tube 5;1002040.0;1002040.0;0.0;204.0;False;G:\Experiments\PTT\Spheroids\28042025\29042025\Analysis\2025-04-29_104744_tube5_cropped_8bits2\10_0204_0_8bits.tiff;G:\Experiments\PTT\Spheroids\28042025\29042025\Analysis\2025-04-29_104744_tube5_segmentationDebug2\10_0204_0_segmented.tiff;1961.5;(72. 75);190.124890446662;0.913813184253435;49.9745872118822;0.681899265833228;0.878831141157195;634.59309844575;0.976133236701732;0.906830683481498;0.92929472860949;;;;;;;;;;;;;;;;;;;;;;;;;;;;;;;;;;;;;
2;Tube 5;1002050.0;;;;;;;;;;;;;;;;;;;;;;;;;;;;;;;;;;;1002050.0;0.0;205.0;False;E:\Experiments\PTT\Spheroids\28042025\30042025 after laser\Analysis\2025-04-30_154731_tube5_cropped_8bits\10_0205_0_8bits.tiff;E:\Experiments\PTT\Spheroids\28042025\30042025 after laser\Analysis\2025-04-30_154731_tube5_segmentationDebug\10_0205_0_segmented.tiff;2363.5;(77. 70);228.26702558994293;0.8676578560939795;54.85710222005495;0.5700055850401525;0.953582312931127;1023.4175871390132;0.9643836134473324;0.8874021872426485;0.872309710432371;37.0;66.50585236150324;Alive
2;Tube 5;106050.0;;;;;;;;;;;;;;;;;;;;;;;;;;;;;;;;;;;106050.0;0.0;605.0;False;E:\Experiments\PTT\Spheroids\28042025\30042025 after laser\Analysis\2025-04-30_154731_tube5_cropped_8bits\1_0605_0_8bits.tiff;E:\Experiments\PTT\Spheroids\28042025\30042025 after laser\Analysis\2025-04-30_154731_tube5_segmentationDebug\1_0605_0_segmented.tiff;3413.0;(73. 74);259.6812390089035;0.9130551096843232;65.9209114483493;0.6360115507716847;0.7557190350479766;1020.078611766919;0.94650246242892;0.8398444859117032;0.884485322214378;37.0;124.79921054795648;Alive
2;Tube 5;1102070.0;1102070.0;0.0;207.0;False;G:\Experiments\PTT\Spheroids\28042025\29042025\Analysis\2025-04-29_104744_tube5_cropped_8bits2\11_0207_0_8bits.tiff;G:\Experiments\PTT\Spheroids\28042025\29042025\Analysis\2025-04-29_104744_tube5_segmentationDebug2\11_0207_0_segmented.tiff;1688.0;(71. 81);181.539103746414;0.912679102460124;46.3597708311091;0.643638378827546;0.805425145532272;660.611428953037;0.971915486855557;0.918498493033618;0.904689846039585;;;;;;;;;;;;;;;;;;;;;;;;;;;;;;;;;;;;;
2;Tube 5;1102090.0;;;;;;;;;;;;;;;;;;;;;;;;;;;;;;;;;;;1102090.0;0.0;209.0;False;E:\Experiments\PTT\Spheroids\28042025\30042025 after laser\Analysis\2025-04-30_154731_tube5_cropped_8bits\11_0209_0_8bits.tiff;E:\Experiments\PTT\Spheroids\28042025\30042025 after laser\Analysis\2025-04-30_154731_tube5_segmentationDebug\11_0209_0_segmented.tiff;2647.0;(63. 81);277.1959581375122;0.8128358667280823;58.05398414332969;0.4329024248436381;0.7899201570805663;781.572879226206;0.9628302583855682;0.8736450464359882;0.9024865125634808;37.0;65.39294427236095;Alive
2;Tube 5;1202100.0;1202100.0;0.0;210.0;False;G:\Experiments\PTT\Spheroids\28042025\29042025\Analysis\2025-04-29_104744_tube5_cropped_8bits2\12_0210_0_8bits.tiff;G:\Experiments\PTT\Spheroids\28042025\29042025\Analysis\2025-04-29_104744_tube5_segmentationDebug2\12_0210_0_segmented.tiff;1354.0;(74. 70);151.396968603134;0.932185886402753;41.5206736887952;0.742325141063091;0.788469232832961;508.784954161719;0.976771507794958;0.934734704696791;0.927982490603526;;;;;;;;;;;;;;;;;;;;;;;;;;;;;;;;;;;;;
2;Tube 5;1302130.0;1302130.0;0.0;213.0;False;G:\Experiments\PTT\Spheroids\28042025\29042025\Analysis\2025-04-29_104744_tube5_cropped_8bits2\13_0213_0_8bits.tiff;G:\Experiments\PTT\Spheroids\28042025\29042025\Analysis\2025-04-29_104744_tube5_segmentationDebug2\13_0213_0_segmented.tiff;1401.5;(77. 72);164.325900673866;0.891823098950047;42.2426943026404;0.652215211325714;0.854589977557654;636.557088350202;0.974470683115926;0.931752126229728;0.908273116997409;;;;;;;;;;;;;;;;;;;;;;;;;;;;;;;;;;;;;
2;Tube 5;1402160.0;1402160.0;0.0;216.0;False;G:\Experiments\PTT\Spheroids\28042025\29042025\Analysis\2025-04-29_104744_tube5_cropped_8bits2\14_0216_0_8bits.tiff;G:\Experiments\PTT\Spheroids\28042025\29042025\Analysis\2025-04-29_104744_tube5_segmentationDebug2\14_0216_0_segmented.tiff;1478.0;(70. 81);169.053822636604;0.90563725490196;43.380272556988;0.649881698969659;0.930798593793035;620.575196825942;0.97085442175754;0.928504911623637;0.908831954569746;;;;;;;;;;;;;;;;;;;;;;;;;;;;;;;;;;;;;
2;Tube 5;1502180.0;1502180.0;0.0;218.0;False;G:\Experiments\PTT\Spheroids\28042025\29042025\Analysis\2025-04-29_104744_tube5_cropped_8bits2\15_0218_0_8bits.tiff;G:\Experiments\PTT\Spheroids\28042025\29042025\Analysis\2025-04-29_104744_tube5_segmentationDebug2\15_0218_0_segmented.tiff;1410.5;(76. 69);155.154327392578;0.913832199546485;42.3781120137382;0.736300624138395;0.908210169176042;512.619375539496;0.972278724662274;0.910417776922768;0.909007237928378;;;;;;;;;;;;;;;;;;;;;;;;;;;;;;;;;;;;;
2;Tube 5;1602210.0;1602210.0;0.0;221.0;False;G:\Experiments\PTT\Spheroids\28042025\29042025\Analysis\2025-04-29_104744_tube5_cropped_8bits2\16_0221_0_8bits.tiff;G:\Experiments\PTT\Spheroids\28042025\29042025\Analysis\2025-04-29_104744_tube5_segmentationDebug2\16_0221_0_segmented.tiff;1489.5;(79. 77);163.154327988624;0.915488629379225;43.5487118280555;0.703158407672878;0.825546250329785;525.549156300513;0.972428992653864;0.927861330129018;0.903343604353788;;;;;;;;;;;;;;;;;;;;;;;;;;;;;;;;;;;;;
2;Tube 5;1703240.0;1703240.0;0.0;324.0;False;G:\Experiments\PTT\Spheroids\28042025\29042025\Analysis\2025-04-29_104744_tube5_cropped_8bits2\17_0324_0_8bits.tiff;G:\Experiments\PTT\Spheroids\28042025\29042025\Analysis\2025-04-29_104744_tube5_segmentationDebug2\17_0324_0_segmented.tiff;1413.5;(77. 76);154.811181783676;0.939827127659574;42.4231551924553;0.741141317139207;0.857859886372244;612.051752055951;0.969246343005521;0.931773057124767;0.911946948892077;;;;;;;;;;;;;;;;;;;;;;;;;;;;;;;;;;;;;
2;Tube 5;1705240.0;;;;;;;;;;;;;;;;;;;;;;;;;;;;;;;;;;;1705240.0;0.0;524.0;False;E:\Experiments\PTT\Spheroids\28042025\30042025 after laser\Analysis\2025-04-30_154731_tube5_cropped_8bits\17_0524_0_8bits.tiff;E:\Experiments\PTT\Spheroids\28042025\30042025 after laser\Analysis\2025-04-30_154731_tube5_segmentationDebug\17_0524_0_segmented.tiff;2207.0;(74. 73);210.36753106117249;0.8897399717798831;53.00980734949434;0.626692904022911;0.9349348675313324;1010.3553798197614;0.9616738280750914;0.8947359915820834;0.878672695787858;37.0;93.63778405197226;Alive
2;Tube 5;1806240.0;1806240.0;0.0;624.0;False;G:\Experiments\PTT\Spheroids\28042025\29042025\Analysis\2025-04-29_104744_tube5_cropped_8bits2\18_0624_0_8bits.tiff;G:\Experiments\PTT\Spheroids\28042025\29042025\Analysis\2025-04-29_104744_tube5_segmentationDebug2\18_0624_0_segmented.tiff;1481.0;(74. 75);186.710676670074;0.851394078758263;43.4242762260095;0.533859059137509;0.833402659702318;606.281026668072;0.966396767374942;0.927612703334562;0.892207739635168;;;;;;;;;;;;;;;;;;;;;;;;;;;;;;;;;;;;;
2;Tube 5;1808240.0;;;;;;;;;;;;;;;;;;;;;;;;;;;;;;;;;;;1808240.0;0.0;824.0;False;E:\Experiments\PTT\Spheroids\28042025\30042025 after laser\Analysis\2025-04-30_154731_tube5_cropped_8bits\18_0824_0_8bits.tiff;E:\Experiments\PTT\Spheroids\28042025\30042025 after laser\Analysis\2025-04-30_154731_tube5_segmentationDebug\18_0824_0_segmented.tiff;2102.0;(78. 78);204.71067678928372;0.88917089678511;51.733446850498105;0.6303207257386825;0.836862440690898;947.9101474820004;0.9708402697696028;0.8996446666893652;0.8920196429583932;37.0;83.58323510868672;Alive
2;Tube 5;1909240.0;1909240.0;0.0;924.0;False;G:\Experiments\PTT\Spheroids\28042025\29042025\Analysis\2025-04-29_104744_tube5_cropped_8bits2\19_0924_0_8bits.tiff;G:\Experiments\PTT\Spheroids\28042025\29042025\Analysis\2025-04-29_104744_tube5_segmentationDebug2\19_0924_0_segmented.tiff;1394.0;(67. 61);158.367530703544;0.909031626997065;42.1295137090474;0.698458082667854;0.872325864402174;579.718280691141;0.980937746760091;0.93270829107616;0.91389123661019;;;;;;;;;;;;;;;;;;;;;;;;;;;;;;;;;;;;;
2;Tube 5;1911240.0;;;;;;;;;;;;;;;;;;;;;;;;;;;;;;;;;;;1911240.0;0.0;1124.0;False;E:\Experiments\PTT\Spheroids\28042025\30042025 after laser\Analysis\2025-04-30_154731_tube5_cropped_8bits\19_1124_0_8bits.tiff;E:\Experiments\PTT\Spheroids\28042025\30042025 after laser\Analysis\2025-04-30_154731_tube5_segmentationDebug\19_1124_0_segmented.tiff;2002.0;(75. 82);233.19595789909363;0.8036932958651144;50.487875460944046;0.4626279852624184;0.7229045276129415;971.3595805529076;0.9673913062748436;0.9029453468155564;0.8614738572010897;37.0;86.57657410706943;Alive
2;Tube 5;2012240.0;2012240.0;0.0;1224.0;False;G:\Experiments\PTT\Spheroids\28042025\29042025\Analysis\2025-04-29_104744_tube5_cropped_8bits2\20_1224_0_8bits.tiff;G:\Experiments\PTT\Spheroids\28042025\29042025\Analysis\2025-04-29_104744_tube5_segmentationDebug2\20_1224_0_segmented.tiff;1299.0;(73. 78);169.396968483924;0.855167873601053;40.6686386372961;0.568863078431421;0.963681201439439;698.871556788419;0.971976389491896;0.936193140331728;0.897467486353114;;;;;;;;;;;;;;;;;;;;;;;;;;;;;;;;;;;;;
2;Tube 5;2013240.0;;;;;;;;;;;;;;;;;;;;;;;;;;;;;;;;;;;2013240.0;0.0;1324.0;False;E:\Experiments\PTT\Spheroids\28042025\30042025 after laser\Analysis\2025-04-30_154731_tube5_cropped_8bits\20_1324_0_8bits.tiff;E:\Experiments\PTT\Spheroids\28042025\30042025 after laser\Analysis\2025-04-30_154731_tube5_segmentationDebug\20_1324_0_segmented.tiff;1909.5;(64. 78);229.09545278549197;0.8104838709677419;49.30771654286775;0.457189858730941;0.7942749592787357;947.86646052899;0.9625195025638846;0.9073940001439728;0.8673870962803607;37.0;79.5153641621666;Alive
2;Tube 5;208050.0;208050.0;0.0;805.0;False;G:\Experiments\PTT\Spheroids\28042025\29042025\Analysis\2025-04-29_104744_tube5_cropped_8bits2\2_0805_0_8bits.tiff;G:\Experiments\PTT\Spheroids\28042025\29042025\Analysis\2025-04-29_104744_tube5_segmentationDebug2\2_0805_0_segmented.tiff;2290.5;(77. 70);201.781744003295;0.929963459196102;54.0032885777883;0.706930008562885;0.961746637646067;691.402458407118;0.961803759603996;0.891350812805638;0.917792967651876;;;;;;;;;;;;;;;;;;;;;;;;;;;;;;;;;;;;;
2;Tube 5;209050.0;;;;;;;;;;;;;;;;;;;;;;;;;;;;;;;;;;;209050.0;0.0;905.0;False;E:\Experiments\PTT\Spheroids\28042025\30042025 after laser\Analysis\2025-04-30_154731_tube5_cropped_8bits\2_0905_0_8bits.tiff;E:\Experiments\PTT\Spheroids\28042025\30042025 after laser\Analysis\2025-04-30_154731_tube5_segmentationDebug\2_0905_0_segmented.tiff;3158.5;(76. 79);238.26702547073364;0.9314361545266884;63.41551152554091;0.6991379214390296;0.7745643699677559;1202.4824638967907;0.9528150217817803;0.8520583162098602;0.8509579444336142;37.0;122.6501466516817;Alive
2;Tube 5;312050.0;;;;;;;;;;;;;;;;;;;;;;;;;;;;;;;;;;;312050.0;0.0;1205.0;False;E:\Experiments\PTT\Spheroids\28042025\30042025 after laser\Analysis\2025-04-30_154731_tube5_cropped_8bits\3_1205_0_8bits.tiff;E:\Experiments\PTT\Spheroids\28042025\30042025 after laser\Analysis\2025-04-30_154731_tube5_segmentationDebug\3_1205_0_segmented.tiff;3317.0;(82. 74);246.36753106117249;0.9060366020213056;64.98719543022713;0.6867337520659419;0.8978616035161088;1170.4801090548317;0.964141100960051;0.8463345842680923;0.8663546170005266;37.0;128.3298155204079;Alive
2;Tube 5;514010.0;;;;;;;;;;;;;;;;;;;;;;;;;;;;;;;;;;;514010.0;0.0;1401.0;False;E:\Experiments\PTT\Spheroids\28042025\30042025 after laser\Analysis\2025-04-30_154731_tube5_cropped_8bits\5_1401_0_8bits.tiff;E:\Experiments\PTT\Spheroids\28042025\30042025 after laser\Analysis\2025-04-30_154731_tube5_segmentationDebug\5_1401_0_segmented.tiff;2811.0;(71. 76);220.0243848562241;0.9334218827826664;59.82538224073911;0.7296743479606407;0.9511276637423745;1057.4059331175836;0.9559353273039812;0.8678155328917359;0.8758436776121887;37.0;103.99934212329705;Alive
2;Tube 5;515020.0;515020.0;0.0;1502.0;False;G:\Experiments\PTT\Spheroids\28042025\29042025\Analysis\2025-04-29_104744_tube5_cropped_8bits2\5_1502_0_8bits.tiff;G:\Experiments\PTT\Spheroids\28042025\29042025\Analysis\2025-04-29_104744_tube5_segmentationDebug2\5_1502_0_segmented.tiff;1914.0;(83. 80);175.195958137512;0.941002949852507;49.3657825687297;0.783616608894848;0.880948248008084;766.487821912569;0.966300505783806;0.908849788238072;0.909409382323043;;;;;;;;;;;;;;;;;;;;;;;;;;;;;;;;;;;;;
2;Tube 5;611010.0;;;;;;;;;;;;;;;;;;;;;;;;;;;;;;;;;;;611010.0;0.0;1101.0;False;E:\Experiments\PTT\Spheroids\28042025\30042025 after laser\Analysis\2025-04-30_154731_tube5_cropped_8bits\6_1101_0_8bits.tiff;E:\Experiments\PTT\Spheroids\28042025\30042025 after laser\Analysis\2025-04-30_154731_tube5_segmentationDebug\6_1101_0_segmented.tiff;2665.0;(74. 84);221.53910374641416;0.930679238693906;58.25103764500001;0.6823485744550157;0.994903819458191;1058.1527260612866;0.9654768913406104;0.8744510075808991;0.8758270676839661;37.0;103.00156245716948;Alive
2;Tube 5;612010.0;612010.0;0.0;1201.0;False;G:\Experiments\PTT\Spheroids\28042025\29042025\Analysis\2025-04-29_104744_tube5_cropped_8bits2\6_1201_0_8bits.tiff;G:\Experiments\PTT\Spheroids\28042025\29042025\Analysis\2025-04-29_104744_tube5_segmentationDebug2\6_1201_0_segmented.tiff;2087.0;(77. 75);205.882249712944;0.863824503311258;51.5485298516095;0.618720495666602;0.88628779557133;683.84751954825;0.96009854682453;0.900030139390053;0.9101854271502;;;;;;;;;;;;;;;;;;;;;;;;;;;;;;;;;;;;;
2;Tube 5;708010.0;;;;;;;;;;;;;;;;;;;;;;;;;;;;;;;;;;;708010.0;0.0;801.0;False;E:\Experiments\PTT\Spheroids\28042025\30042025 after laser\Analysis\2025-04-30_154731_tube5_cropped_8bits\7_0801_0_8bits.tiff;E:\Experiments\PTT\Spheroids\28042025\30042025 after laser\Analysis\2025-04-30_154731_tube5_segmentationDebug\7_0801_0_segmented.tiff;2674.0;(74. 85);242.99494755268097;0.8965632858340319;58.34931484277965;0.5690845296160438;0.8956753730281451;908.8928066133;0.9618499162407572;0.8733867008000084;0.8575181770521295;37.0;93.63778405197226;Alive
2;Tube 5;709010.0;709010.0;0.0;901.0;False;G:\Experiments\PTT\Spheroids\28042025\29042025\Analysis\2025-04-29_104744_tube5_cropped_8bits2\7_0901_0_8bits.tiff;G:\Experiments\PTT\Spheroids\28042025\29042025\Analysis\2025-04-29_104744_tube5_segmentationDebug2\7_0901_0_segmented.tiff;1889.5;(78. 76);195.639609217643;0.898264796767292;49.0488136429117;0.620359142429851;0.809900801286197;799.867262010609;0.961068878578234;0.909180432395578;0.900987697211635;;;;;;;;;;;;;;;;;;;;;;;;;;;;;;;;;;;;;
2;Tube 5;806010.0;806010.0;0.0;601.0;False;G:\Experiments\PTT\Spheroids\28042025\29042025\Analysis\2025-04-29_104744_tube5_cropped_8bits2\8_0601_0_8bits.tiff;G:\Experiments\PTT\Spheroids\28042025\29042025\Analysis\2025-04-29_104744_tube5_segmentationDebug2\8_0601_0_segmented.tiff;1565.5;(76. 75);168.811182260513;0.897649082568807;44.6459013492044;0.690335986162878;0.894556449290754;850.831474011999;0.971413165590504;0.924517517233116;0.906519520966136;;;;;;;;;;;;;;;;;;;;;;;;;;;;;;;;;;;;;
2;Tube 5;902020.0;;;;;;;;;;;;;;;;;;;;;;;;;;;;;;;;;;;902020.0;0.0;202.0;False;E:\Experiments\PTT\Spheroids\28042025\30042025 after laser\Analysis\2025-04-30_154731_tube5_cropped_8bits\9_0202_0_8bits.tiff;E:\Experiments\PTT\Spheroids\28042025\30042025 after laser\Analysis\2025-04-30_154731_tube5_segmentationDebug\9_0202_0_segmented.tiff;2636.0;(72. 80);270.9949474334717;0.8601729482786752;57.93323260376456;0.451058511562161;0.8122797184790628;1044.2088118504698;0.9618930614297374;0.8737677568660661;0.8560039986236266;37.0;104.53660809736576;Alive
2;Tube 5;903010.0;903010.0;0.0;301.0;False;G:\Experiments\PTT\Spheroids\28042025\29042025\Analysis\2025-04-29_104744_tube5_cropped_8bits2\9_0301_0_8bits.tiff;G:\Experiments\PTT\Spheroids\28042025\29042025\Analysis\2025-04-29_104744_tube5_segmentationDebug2\9_0301_0_segmented.tiff;1864.5;(71. 76);187.29646384716;0.898987463837994;48.7232504165999;0.667902541053905;0.972397112779205;709.839940834548;0.963088878102388;0.910493717091152;0.901419352083033;;;;;;;;;;;;;;;;;;;;;;;;;;;;;;;;;;;;;
3;Tube 1;1002030.0;;;;;;;;;;;;;;;;;;;;;;;;;;;;;;;;;;;1002030.0;0.0;203.0;False;E:\Experiments\PTT\Spheroids\22042025\24042025 after laser\Analysis\2025-04-24_144045_tube1_cropped_8bits\10_0203_0_8bits.tiff;E:\Experiments\PTT\Spheroids\22042025\24042025 after laser\Analysis\2025-04-24_144045_tube1_segmentationDebug\10_0203_0_segmented.tiff;1956.0;(65. 72);252.5096662044525;0.7651085468413847;49.904474243317885;0.3854985056436755;0.6255130445688603;688.1889710340231;0.9649364258728648;0.9046412514821324;0.896258697963232;37.0;91.80892267967293;Alive
3;Tube 1;1002040.0;1002040.0;0.0;204.0;False;G:\Experiments\PTT\Spheroids\22042025\23042025\Analysis\2025-04-23_124017_tube1_cropped_8bits2\10_0204_0_8bits.tiff;G:\Experiments\PTT\Spheroids\22042025\23042025\Analysis\2025-04-23_124017_tube1_segmentationDebug2\10_0204_0_segmented.tiff;1905.0;(73. 71);185.539103269577;0.919401544401544;49.2495820563026;0.695398800908743;0.796539934374967;696.777921125219;0.957409632009645;0.908916744159585;0.905262173221048;;;;;;;;;;;;;;;;;;;;;;;;;;;;;;;;;;;;;
3;Tube 1;104050.0;;;;;;;;;;;;;;;;;;104050.0;0.0;405.0;False;G:\Experiments\PTT\Spheroids\22042025\24042025 before laser\Analysis\2025-04-24_094815_tube1_cropped_8bits2\1_0405_0_8bits.tiff;G:\Experiments\PTT\Spheroids\22042025\24042025 before laser\Analysis\2025-04-24_094815_tube1_segmentationDebug2\1_0405_0_segmented.tiff;2209.0;(70. 73);259.681239366531;0.829827197595792;53.033820853489;0.41164650213446;0.805206759594751;919.682205226695;0.963671681934295;0.893101409007435;0.886941371179558;;;;;;;;;;;;;;;;;;;;
3;Tube 1;105050.0;105050.0;0.0;505.0;False;G:\Experiments\PTT\Spheroids\22042025\23042025\Analysis\2025-04-23_124017_tube1_cropped_8bits2\1_0505_0_8bits.tiff;G:\Experiments\PTT\Spheroids\22042025\23042025\Analysis\2025-04-23_124017_tube1_segmentationDebug2\1_0505_0_segmented.tiff;2068.5;(79. 71);217.095452785491;0.859368508516825;51.3195479158252;0.551523389796454;0.829353711853352;799.275838011184;0.949993888927682;0.90034707515337;0.877714390974654;;;;;;;;;;;;;;;;;;;;;;;;;;;;;;;;;;;;;
3;Tube 1;1102070.0;1102070.0;0.0;207.0;False;G:\Experiments\PTT\Spheroids\22042025\23042025\Analysis\2025-04-23_124017_tube1_cropped_8bits2\11_0207_0_8bits.tiff;G:\Experiments\PTT\Spheroids\22042025\23042025\Analysis\2025-04-23_124017_tube1_segmentationDebug2\11_0207_0_segmented.tiff;1834.0;(79. 73);192.367530941963;0.8857763825163;48.3230930823378;0.62279576934835;0.806239016421111;948.423482919543;0.965273903572282;0.911808157114306;0.899556536710576;;;;;;;;;;;;;;;;;;;;;;;;;;;;;;;;;;;;;
3;Tube 1;1102080.0;;;;;;;;;;;;;;;;;;1102080.0;0.0;208.0;False;G:\Experiments\PTT\Spheroids\22042025\24042025 before laser\Analysis\2025-04-24_094815_tube1_cropped_8bits2\11_0208_0_8bits.tiff;G:\Experiments\PTT\Spheroids\22042025\24042025 before laser\Analysis\2025-04-24_094815_tube1_segmentationDebug2\11_0208_0_segmented.tiff;1759.0;(75. 78);172.710676550865;0.933651804670912;47.324711929278;0.741032631517688;0.924485246167139;660.607171487379;0.971434648228963;0.915847055417341;0.89382877485742;;;;;;;;;;;;;;;;;;;;
3;Tube 1;1202100.0;1202100.0;0.0;210.0;False;G:\Experiments\PTT\Spheroids\22042025\23042025\Analysis\2025-04-23_124017_tube1_cropped_8bits2\12_0210_0_8bits.tiff;G:\Experiments\PTT\Spheroids\22042025\23042025\Analysis\2025-04-23_124017_tube1_segmentationDebug2\12_0210_0_segmented.tiff;1740.5;(66. 75);168.953317284584;0.941319632233639;47.075189087369;0.766214638833238;0.856430510450359;679.524790399307;0.965148420819989;0.916754236207705;0.920483208444382;1202100.0;0.0;210.0;False;G:\Experiments\PTT\Spheroids\22042025\24042025 before laser\Analysis\2025-04-24_094815_tube1_cropped_8bits2\12_0210_0_8bits.tiff;G:\Experiments\PTT\Spheroids\22042025\24042025 before laser\Analysis\2025-04-24_094815_tube1_segmentationDebug2\12_0210_0_segmented.tiff;1560.5;(73. 78);167.296463251113;0.92501481920569;44.5745477773944;0.700648372271991;0.892644255828229;716.728427139983;0.975844677888736;0.925033621700973;0.90589817175348;;;;;;;;;;;;;;;;;;;;
3;Tube 1;1302130.0;;;;;;;;;;;;;;;;;;1302130.0;0.0;213.0;False;G:\Experiments\PTT\Spheroids\22042025\24042025 before laser\Analysis\2025-04-24_094815_tube1_cropped_8bits2\13_0213_0_8bits.tiff;G:\Experiments\PTT\Spheroids\22042025\24042025 before laser\Analysis\2025-04-24_094815_tube1_segmentationDebug2\13_0213_0_segmented.tiff;1782.0;(74. 78);191.539103746414;0.891;47.633106855611;0.610383326689585;0.842479386082598;1035.60031550871;0.978427857478785;0.914707837157923;0.894819319808168;1302130.0;0.0;213.0;False;E:\Experiments\PTT\Spheroids\22042025\24042025 after laser\Analysis\2025-04-24_144045_tube1_cropped_8bits\13_0213_0_8bits.tiff;E:\Experiments\PTT\Spheroids\22042025\24042025 after laser\Analysis\2025-04-24_144045_tube1_segmentationDebug\13_0213_0_segmented.tiff;1729.0;(70. 79);171.53910374641418;0.9430051813471504;46.91941147166166;0.7383777204810431;0.7064278986128046;1003.7313103409788;0.9800956624394448;0.917601739465122;0.8859318514831853;37.0;107.94720986945919;Alive
3;Tube 1;1402160.0;1402160.0;0.0;216.0;False;G:\Experiments\PTT\Spheroids\22042025\23042025\Analysis\2025-04-23_124017_tube1_cropped_8bits2\14_0216_0_8bits.tiff;G:\Experiments\PTT\Spheroids\22042025\23042025\Analysis\2025-04-23_124017_tube1_segmentationDebug2\14_0216_0_segmented.tiff;1855.5;(74. 70);197.781745076179;0.868883165535003;48.6055138359434;0.596071577426023;0.931307868927017;658.992439639409;0.95625421748005;0.910607362978074;0.902570487042327;1402160.0;0.0;216.0;False;G:\Experiments\PTT\Spheroids\22042025\24042025 before laser\Analysis\2025-04-24_094815_tube1_cropped_8bits2\14_0216_0_8bits.tiff;G:\Experiments\PTT\Spheroids\22042025\24042025 before laser\Analysis\2025-04-24_094815_tube1_segmentationDebug2\14_0216_0_segmented.tiff;1488.5;(77. 74);165.154327750206;0.916;43.5340908063817;0.685770479317341;0.861929059527864;1271.22646342162;0.977405633794753;0.928289272549091;0.837634222717191;1402160.0;0.0;216.0;False;E:\Experiments\PTT\Spheroids\22042025\24042025 after laser\Analysis\2025-04-24_144045_tube1_cropped_8bits\14_0216_0_8bits.tiff;E:\Experiments\PTT\Spheroids\22042025\24042025 after laser\Analysis\2025-04-24_144045_tube1_segmentationDebug\14_0216_0_segmented.tiff;1862.5;(68. 76);293.9238799810409;0.7038926681783825;48.69711133187718;0.270917089653768;0.7381364322526413;963.0860377568168;0.9708446649206224;0.908350338152447;0.8727792314229874;37.0;98.6945918806484;Alive
3;Tube 1;1502180.0;;;;;;;;;;;;;;;;;;1502180.0;0.0;218.0;False;G:\Experiments\PTT\Spheroids\22042025\24042025 before laser\Analysis\2025-04-24_094815_tube1_cropped_8bits2\15_0218_0_8bits.tiff;G:\Experiments\PTT\Spheroids\22042025\24042025 before laser\Analysis\2025-04-24_094815_tube1_segmentationDebug2\15_0218_0_segmented.tiff;1443.0;(75. 78);169.053822517395;0.879074017666768;42.8635586839548;0.634492079117578;0.880894197995033;1024.36671888389;0.973460073940137;0.930014442443939;0.875238283873826;;;;;;;;;;;;;;;;;;;;
3;Tube 1;1502190.0;1502190.0;0.0;219.0;False;G:\Experiments\PTT\Spheroids\22042025\23042025\Analysis\2025-04-23_124017_tube1_cropped_8bits2\15_0219_0_8bits.tiff;G:\Experiments\PTT\Spheroids\22042025\23042025\Analysis\2025-04-23_124017_tube1_segmentationDebug2\15_0219_0_segmented.tiff;1368.0;(75. 70);170.710677146911;0.87468030690537;41.7347780298122;0.58989483194074;0.818129914490407;650.092327093197;0.966577199592815;0.933175604029647;0.88748838146893;;;;;;;;;;;;;;;;;;1502190.0;0.0;219.0;False;E:\Experiments\PTT\Spheroids\22042025\24042025 after laser\Analysis\2025-04-24_144045_tube1_cropped_8bits\15_0219_0_8bits.tiff;E:\Experiments\PTT\Spheroids\22042025\24042025 after laser\Analysis\2025-04-24_144045_tube1_segmentationDebug\15_0219_0_segmented.tiff;1391.5;(68. 66);170.81118178367615;0.8740577889447236;42.09171921529197;0.599322358379281;0.7309124852583393;1093.605801747194;0.9706208252950744;0.933140964815878;0.8550130509346738;37.0;116.55429637067851;Alive
3;Tube 1;1602220.0;1602220.0;0.0;222.0;False;G:\Experiments\PTT\Spheroids\22042025\23042025\Analysis\2025-04-23_124017_tube1_cropped_8bits2\16_0222_0_8bits.tiff;G:\Experiments\PTT\Spheroids\22042025\23042025\Analysis\2025-04-23_124017_tube1_segmentationDebug2\16_0222_0_segmented.tiff;1743.5;(73. 73);181.781744480133;0.919810076496966;47.1157420215978;0.663027103516661;0.865236475388735;610.52637981634;0.959329897448065;0.916227977301283;0.902299109171173;1602220.0;0.0;222.0;False;G:\Experiments\PTT\Spheroids\22042025\24042025 before laser\Analysis\2025-04-24_094815_tube1_cropped_8bits2\16_0222_0_8bits.tiff;G:\Experiments\PTT\Spheroids\22042025\24042025 before laser\Analysis\2025-04-24_094815_tube1_segmentationDebug2\16_0222_0_segmented.tiff;1817.5;(84. 81);211.438598632812;0.841824918943955;48.1052270814322;0.510876281473359;0.644223372406098;1085.08285722164;0.968229028360552;0.912746464980508;0.870609150156339;;;;;;;;;;;;;;;;;;;;
3;Tube 1;1703240.0;;;;;;;;;;;;;;;;;;;;;;;;;;;;;;;;;;;1703240.0;0.0;324.0;False;E:\Experiments\PTT\Spheroids\22042025\24042025 after laser\Analysis\2025-04-24_144045_tube1_cropped_8bits\17_0324_0_8bits.tiff;E:\Experiments\PTT\Spheroids\22042025\24042025 after laser\Analysis\2025-04-24_144045_tube1_segmentationDebug\17_0324_0_segmented.tiff;1961.0;(62. 71);236.85281205177307;0.7729601891998423;49.96821737090141;0.4392688095526867;0.524816120568397;1328.8377607750028;0.961707675215308;0.9052852694345566;0.8891760091553327;37.0;104.93472959403242;Alive
3;Tube 1;1806240.0;;;;;;;;;;;;;;;;;;1806240.0;0.0;624.0;False;G:\Experiments\PTT\Spheroids\22042025\24042025 before laser\Analysis\2025-04-24_094815_tube1_cropped_8bits2\18_0624_0_8bits.tiff;G:\Experiments\PTT\Spheroids\22042025\24042025 before laser\Analysis\2025-04-24_094815_tube1_segmentationDebug2\18_0624_0_segmented.tiff;1534.0;(73. 73);191.053822636604;0.851040221914008;44.1944505749731;0.528109233194974;0.762648869905877;1033.08579232081;0.969465419643105;0.924905348485991;0.871150923397916;1806240.0;0.0;624.0;False;E:\Experiments\PTT\Spheroids\22042025\24042025 after laser\Analysis\2025-04-24_144045_tube1_cropped_8bits\18_0624_0_8bits.tiff;E:\Experiments\PTT\Spheroids\22042025\24042025 after laser\Analysis\2025-04-24_144045_tube1_segmentationDebug\18_0624_0_segmented.tiff;1646.0;(66. 69);246.85281193256375;0.7328584149599288;45.77938718063052;0.3394404054593276;0.6826813517907829;1472.3710182846005;0.9637904233159476;0.919920033203132;0.836562811194232;37.0;102.35260364366661;Alive
3;Tube 1;1909240.0;;;;;;;;;;;;;;;;;;;;;;;;;;;;;;;;;;;1909240.0;0.0;924.0;False;E:\Experiments\PTT\Spheroids\22042025\24042025 after laser\Analysis\2025-04-24_144045_tube1_cropped_8bits\19_0924_0_8bits.tiff;E:\Experiments\PTT\Spheroids\22042025\24042025 after laser\Analysis\2025-04-24_144045_tube1_segmentationDebug\19_0924_0_segmented.tiff;1653.0;(75. 69);213.88224971294403;0.8085106382978723;45.87662768172073;0.4540808957187289;0.6510050241259974;967.7479126212754;0.9627454073568084;0.9187493629245356;0.8915088198020904;37.0;105.65198680246736;Alive
3;Tube 1;1910240.0;1910240.0;0.0;1024.0;False;G:\Experiments\PTT\Spheroids\22042025\23042025\Analysis\2025-04-23_124017_tube1_cropped_8bits2\19_1024_0_8bits.tiff;G:\Experiments\PTT\Spheroids\22042025\23042025\Analysis\2025-04-23_124017_tube1_segmentationDebug2\19_1024_0_segmented.tiff;1351.0;(76. 77);155.195957660675;0.916242794167514;41.4746503895717;0.704862494899628;0.861094964095362;679.156740773587;0.967141026694174;0.934299859786855;0.898423742108757;1910240.0;0.0;1024.0;False;G:\Experiments\PTT\Spheroids\22042025\24042025 before laser\Analysis\2025-04-24_094815_tube1_cropped_8bits2\19_1024_0_8bits.tiff;G:\Experiments\PTT\Spheroids\22042025\24042025 before laser\Analysis\2025-04-24_094815_tube1_segmentationDebug2\19_1024_0_segmented.tiff;1338.5;(68. 80);183.781744360923;0.805112781954887;41.2823343650527;0.497993301292541;0.680979511658995;759.689220950613;0.969868510655877;0.933913669446266;0.863475394347819;;;;;;;;;;;;;;;;;;;;
3;Tube 1;2012240.0;;;;;;;;;;;;;;;;;;;;;;;;;;;;;;;;;;;2012240.0;0.0;1224.0;False;E:\Experiments\PTT\Spheroids\22042025\24042025 after laser\Analysis\2025-04-24_144045_tube1_cropped_8bits\20_1224_0_8bits.tiff;E:\Experiments\PTT\Spheroids\22042025\24042025 after laser\Analysis\2025-04-24_144045_tube1_segmentationDebug\20_1224_0_segmented.tiff;1213.0;(75. 77);147.7401144504547;0.91203007518797;39.299358363257696;0.6983510695891522;0.8552185759533459;1512.513900454296;0.9763669988739536;0.94110395026063;0.8415996366663749;37.0;98.04906039305695;Alive
3;Tube 1;2013240.0;;;;;;;;;;;;;;;;;;2013240.0;0.0;1324.0;False;G:\Experiments\PTT\Spheroids\22042025\24042025 before laser\Analysis\2025-04-24_094815_tube1_cropped_8bits2\20_1324_0_8bits.tiff;G:\Experiments\PTT\Spheroids\22042025\24042025 before laser\Analysis\2025-04-24_094815_tube1_segmentationDebug2\20_1324_0_segmented.tiff;1188.5;(77. 74);140.811181783676;0.945881416633505;38.9004524256176;0.753242408367056;0.788305101890095;1106.2520473896;0.975748640619148;0.942349468885105;0.87980529571705;;;;;;;;;;;;;;;;;;;;
3;Tube 1;207050.0;;;;;;;;;;;;;;;;;;207050.0;0.0;705.0;False;G:\Experiments\PTT\Spheroids\22042025\24042025 before laser\Analysis\2025-04-24_094815_tube1_cropped_8bits2\2_0705_0_8bits.tiff;G:\Experiments\PTT\Spheroids\22042025\24042025 before laser\Analysis\2025-04-24_094815_tube1_segmentationDebug2\2_0705_0_segmented.tiff;1938.0;(76. 75);186.710676550865;0.923076923076923;49.6743217135045;0.698594772403539;0.967625485069475;1043.28640570743;0.957467967489817;0.907235916144308;0.872619168886034;;;;;;;;;;;;;;;;;;;;
3;Tube 1;208050.0;208050.0;0.0;805.0;False;G:\Experiments\PTT\Spheroids\22042025\23042025\Analysis\2025-04-23_124017_tube1_cropped_8bits2\2_0805_0_8bits.tiff;G:\Experiments\PTT\Spheroids\22042025\23042025\Analysis\2025-04-23_124017_tube1_segmentationDebug2\2_0805_0_segmented.tiff;1817.5;(76. 77);179.438598036766;0.922823051535922;48.1052270814322;0.709336893618382;0.861675603635676;902.382210626185;0.957374574660851;0.912646991408526;0.892529639039746;;;;;;;;;;;;;;;;;;;;;;;;;;;;;;;;;;;;;
3;Tube 1;311050.0;311050.0;0.0;1105.0;False;G:\Experiments\PTT\Spheroids\22042025\23042025\Analysis\2025-04-23_124017_tube1_cropped_8bits2\3_1105_0_8bits.tiff;G:\Experiments\PTT\Spheroids\22042025\23042025\Analysis\2025-04-23_124017_tube1_segmentationDebug2\3_1105_0_segmented.tiff;2312.0;(75. 78);215.053822755813;0.900486854917234;54.2561501345948;0.628207851446206;0.849962049957082;765.686052976228;0.949060024114514;0.889787957376184;0.908333081784719;311050.0;0.0;1105.0;False;G:\Experiments\PTT\Spheroids\22042025\24042025 before laser\Analysis\2025-04-24_094815_tube1_cropped_8bits2\3_1105_0_8bits.tiff;G:\Experiments\PTT\Spheroids\22042025\24042025 before laser\Analysis\2025-04-24_094815_tube1_segmentationDebug2\3_1105_0_segmented.tiff;2233.0;(73. 76);237.33809351921;0.848404255319149;53.3211393669867;0.498154076024105;0.767105924639593;901.111679714384;0.949463736168669;0.892226173963731;0.880410066144119;;;;;;;;;;;;;;;;;;;;
3;Tube 1;414050.0;414050.0;0.0;1405.0;False;G:\Experiments\PTT\Spheroids\22042025\23042025\Analysis\2025-04-23_124017_tube1_cropped_8bits2\4_1405_0_8bits.tiff;G:\Experiments\PTT\Spheroids\22042025\23042025\Analysis\2025-04-23_124017_tube1_segmentationDebug2\4_1405_0_segmented.tiff;2304.0;(77. 66);208.852812051773;0.910312129593046;54.1622000205846;0.663760928463348;0.900057988173026;771.521868063014;0.946451465290783;0.89031737099483;0.90290876067922;414050.0;0.0;1405.0;False;G:\Experiments\PTT\Spheroids\22042025\24042025 before laser\Analysis\2025-04-24_094815_tube1_cropped_8bits2\4_1405_0_8bits.tiff;G:\Experiments\PTT\Spheroids\22042025\24042025 before laser\Analysis\2025-04-24_094815_tube1_segmentationDebug2\4_1405_0_segmented.tiff;2228.5;(72. 75);214.610171437263;0.904240210996145;53.2673851943411;0.608025648317147;0.719190359657737;1028.1440087117;0.953155011306089;0.893402452080819;0.899482400704897;;;;;;;;;;;;;;;;;;;;
3;Tube 1;514010.0;514010.0;0.0;1401.0;False;G:\Experiments\PTT\Spheroids\22042025\23042025\Analysis\2025-04-23_124017_tube1_cropped_8bits2\5_1401_0_8bits.tiff;G:\Experiments\PTT\Spheroids\22042025\23042025\Analysis\2025-04-23_124017_tube1_segmentationDebug2\5_1401_0_segmented.tiff;1973.5;(70. 75);189.781744241714;0.913657407407407;50.1272205646278;0.688554192697851;0.892010906751071;774.042229682957;0.952991129722497;0.905676602797022;0.900049393709477;514010.0;0.0;1401.0;False;G:\Experiments\PTT\Spheroids\22042025\24042025 before laser\Analysis\2025-04-24_094815_tube1_cropped_8bits2\5_1401_0_8bits.tiff;G:\Experiments\PTT\Spheroids\22042025\24042025 before laser\Analysis\2025-04-24_094815_tube1_segmentationDebug2\5_1401_0_segmented.tiff;1944.0;(77. 73);190.367531061172;0.921327014218009;49.7511575238723;0.674093857469379;0.946404726750554;774.63467781408;0.967461101211752;0.90715207725671;0.887043380007296;514010.0;0.0;1401.0;False;E:\Experiments\PTT\Spheroids\22042025\24042025 after laser\Analysis\2025-04-24_144045_tube1_cropped_8bits\5_1401_0_8bits.tiff;E:\Experiments\PTT\Spheroids\22042025\24042025 after laser\Analysis\2025-04-24_144045_tube1_segmentationDebug\5_1401_0_segmented.tiff;1826.5;(69. 84);173.43859779834747;0.949077682514939;48.2241850989602;0.7630237096507664;0.9381055130243474;780.8229945312421;0.9639621192060353;0.9127800764323656;0.895406095197306;37.0;65.19868024673647;Alive
3;Tube 1;612010.0;612010.0;0.0;1201.0;False;G:\Experiments\PTT\Spheroids\22042025\23042025\Analysis\2025-04-23_124017_tube1_cropped_8bits2\6_1201_0_8bits.tiff;G:\Experiments\PTT\Spheroids\22042025\23042025\Analysis\2025-04-23_124017_tube1_segmentationDebug2\6_1201_0_segmented.tiff;1999.5;(74. 75);202.124890208244;0.894430776112726;50.4563422148094;0.615023454709845;0.772377908370542;907.922832667599;0.955590134222477;0.904154317997967;0.901553939742634;612010.0;0.0;1201.0;False;G:\Experiments\PTT\Spheroids\22042025\24042025 before laser\Analysis\2025-04-24_094815_tube1_cropped_8bits2\6_1201_0_8bits.tiff;G:\Experiments\PTT\Spheroids\22042025\24042025 before laser\Analysis\2025-04-24_094815_tube1_segmentationDebug2\6_1201_0_segmented.tiff;2234.5;(78. 78);222.267025709152;0.893264041575055;53.3390453861964;0.568381779065584;0.865203999124464;876.266653245435;0.956369573083667;0.892971182986679;0.889448524591675;;;;;;;;;;;;;;;;;;;;
3;Tube 1;708010.0;;;;;;;;;;;;;;;;;;708010.0;0.0;801.0;False;G:\Experiments\PTT\Spheroids\22042025\24042025 before laser\Analysis\2025-04-24_094815_tube1_cropped_8bits2\7_0801_0_8bits.tiff;G:\Experiments\PTT\Spheroids\22042025\24042025 before laser\Analysis\2025-04-24_094815_tube1_segmentationDebug2\7_0801_0_segmented.tiff;1991.5;(73. 75);198.953317523002;0.907702825888787;50.355303130257;0.632248494763773;0.749458885854156;823.557832434613;0.960303436358706;0.904257520282885;0.886936425055389;;;;;;;;;;;;;;;;;;;;
3;Tube 1;709010.0;;;;;;;;;;;;;;;;;;;;;;;;;;;;;;;;;;;709010.0;0.0;901.0;False;E:\Experiments\PTT\Spheroids\22042025\24042025 after laser\Analysis\2025-04-24_144045_tube1_cropped_8bits\7_0901_0_8bits.tiff;E:\Experiments\PTT\Spheroids\22042025\24042025 after laser\Analysis\2025-04-24_144045_tube1_segmentationDebug\7_0901_0_segmented.tiff;1872.0;(70. 75);214.5096663236618;0.8283185840707965;48.82114734153864;0.5112366422521964;0.9328415202355996;981.2931484239916;0.9548772900064988;0.9092489893901976;0.8860044243721573;37.0;107.08650121933725;Alive
3;Tube 1;806010.0;806010.0;0.0;601.0;False;G:\Experiments\PTT\Spheroids\22042025\23042025\Analysis\2025-04-23_124017_tube1_cropped_8bits2\8_0601_0_8bits.tiff;G:\Experiments\PTT\Spheroids\22042025\23042025\Analysis\2025-04-23_124017_tube1_segmentationDebug2\8_0601_0_segmented.tiff;1977.5;(73. 80);186.953317999839;0.916782568382012;50.177995174317;0.710984285039144;0.960753773458406;674.73657464792;0.953900334155309;0.905485262110711;0.906141148995878;806010.0;0.0;601.0;False;G:\Experiments\PTT\Spheroids\22042025\24042025 before laser\Analysis\2025-04-24_094815_tube1_cropped_8bits2\8_0601_0_8bits.tiff;G:\Experiments\PTT\Spheroids\22042025\24042025 before laser\Analysis\2025-04-24_094815_tube1_segmentationDebug2\8_0601_0_segmented.tiff;2227.5;(74. 72);232.953317403793;0.825458588104502;53.2554324543287;0.515810024074832;0.807656003726529;766.363809164098;0.957613397976919;0.892987846538704;0.901340377045955;;;;;;;;;;;;;;;;;;;;
3;Tube 1;903010.0;903010.0;0.0;301.0;False;G:\Experiments\PTT\Spheroids\22042025\23042025\Analysis\2025-04-23_124017_tube1_cropped_8bits2\9_0301_0_8bits.tiff;G:\Experiments\PTT\Spheroids\22042025\23042025\Analysis\2025-04-23_124017_tube1_segmentationDebug2\9_0301_0_segmented.tiff;1920.0;(78. 99);200.710676908493;0.8878612716763;49.4430978589682;0.598921828045952;0.992908961060005;729.512709105918;0.955579103417831;0.907469854026484;0.910014618578045;;;;;;;;;;;;;;;;;;;;;;;;;;;;;;;;;;;;;
3;Tube 1;904010.0;;;;;;;;;;;;;;;;;;;;;;;;;;;;;;;;;;;904010.0;0.0;401.0;False;E:\Experiments\PTT\Spheroids\22042025\24042025 after laser\Analysis\2025-04-24_144045_tube1_cropped_8bits\9_0401_0_8bits.tiff;E:\Experiments\PTT\Spheroids\22042025\24042025 after laser\Analysis\2025-04-24_144045_tube1_segmentationDebug\9_0401_0_segmented.tiff;1724.5;(71. 40);178.26702558994293;0.9131585914747152;46.85831404239581;0.6819162286448083;0.8206626389709392;994.396148509332;0.9549830283289068;0.8921266502953255;0.8788298502696931;37.0;88.15091091665471;Alive
3;Tube 2;1002030.0;;;;;;;;;;;;;;;;;;1002030.0;0.0;203.0;False;G:\Experiments\PTT\Spheroids\22042025\24042025 before laser\Analysis\2025-04-24_095822_tube2_cropped_8bits2\10_0203_0_8bits.tiff;G:\Experiments\PTT\Spheroids\22042025\24042025 before laser\Analysis\2025-04-24_095822_tube2_segmentationDebug2\10_0203_0_segmented.tiff;2519.0;(77. 75);214.509666085243;0.913177451513503;56.6329445922413;0.687930077294853;0.917256926039186;1038.1737828287;0.960262887200116;0.880806999305963;0.879920190939704;1002030.0;0.0;203.0;False;E:\Experiments\PTT\Spheroids\22042025\24042025 after laser\Analysis\2025-04-24_154124_tube2_cropped_8bits\10_0203_0_8bits.tiff;E:\Experiments\PTT\Spheroids\22042025\24042025 after laser\Analysis\2025-04-24_154124_tube2_segmentationDebug\10_0203_0_segmented.tiff;2655.0;(74. 76);230.50966596603396;0.908779736436762;58.14164592847245;0.6279081306286701;0.9013854112473773;1142.343635944063;0.9563630386862918;0.8745246369544494;0.8749240741272162;64.0;11.411756050908556;Dead
3;Tube 2;1102060.0;;;;;;;;;;;;;;;;;;;;;;;;;;;;;;;;;;;1102060.0;0.0;206.0;False;E:\Experiments\PTT\Spheroids\22042025\24042025 after laser\Analysis\2025-04-24_154124_tube2_cropped_8bits\11_0206_0_8bits.tiff;E:\Experiments\PTT\Spheroids\22042025\24042025 after laser\Analysis\2025-04-24_154124_tube2_segmentationDebug\11_0206_0_segmented.tiff;2690.0;(77. 79);254.5096663236618;0.8769356153219234;58.52362237026676;0.5218594844447768;0.8635312677033667;1117.060938619164;0.9513049644514928;0.8715864134132798;0.8696900925254872;62.2;57.441330096373136;Alive
3;Tube 2;1102070.0;1102070.0;0.0;207.0;False;G:\Experiments\PTT\Spheroids\22042025\23042025\Analysis\2025-04-23_125032_tube2_cropped_8bits2\11_0207_0_8bits.tiff;G:\Experiments\PTT\Spheroids\22042025\23042025\Analysis\2025-04-23_125032_tube2_segmentationDebug2\11_0207_0_segmented.tiff;1626.5;(71. 80);170.610171437263;0.926516661919681;45.5074073037757;0.702189114903093;0.969732480831954;601.807643097643;0.976952656260986;0.92180747079182;0.932680564283612;;;;;;;;;;;;;;;;;;;;;;;;;;;;;;;;;;;;;
3;Tube 2;1202090.0;;;;;;;;;;;;;;;;;;1202090.0;0.0;209.0;False;G:\Experiments\PTT\Spheroids\22042025\24042025 before laser\Analysis\2025-04-24_095822_tube2_cropped_8bits2\12_0209_0_8bits.tiff;G:\Experiments\PTT\Spheroids\22042025\24042025 before laser\Analysis\2025-04-24_095822_tube2_segmentationDebug2\12_0209_0_segmented.tiff;2210.5;(74. 73);208.610171198844;0.906499897477957;53.0518238483567;0.638306731237571;0.90505867317671;1083.83559209398;0.961309722936584;0.894634551247699;0.852288266583936;1202090.0;0.0;209.0;False;E:\Experiments\PTT\Spheroids\22042025\24042025 after laser\Analysis\2025-04-24_154124_tube2_cropped_8bits\12_0209_0_8bits.tiff;E:\Experiments\PTT\Spheroids\22042025\24042025 after laser\Analysis\2025-04-24_154124_tube2_segmentationDebug\12_0209_0_segmented.tiff;2192.5;(77. 82);205.78174424171448;0.8939857288481141;52.835383048028;0.650632537218646;0.8554605783505547;1231.158930710655;0.9649364714994866;0.8955937998238043;0.8498614096175603;67.43;16.25836827779004;Dead
3;Tube 2;1202100.0;1202100.0;0.0;210.0;False;G:\Experiments\PTT\Spheroids\22042025\23042025\Analysis\2025-04-23_125032_tube2_cropped_8bits2\12_0210_0_8bits.tiff;G:\Experiments\PTT\Spheroids\22042025\23042025\Analysis\2025-04-23_125032_tube2_segmentationDebug2\12_0210_0_segmented.tiff;1482.0;(73. 80);157.053822517395;0.942748091603053;43.4389342099632;0.755024501805002;0.968992807443052;482.772670777231;0.982675544079412;0.928953782569021;0.937307419839831;;;;;;;;;;;;;;;;;;;;;;;;;;;;;;;;;;;;;
3;Tube 2;1302120.0;;;;;;;;;;;;;;;;;;;;;;;;;;;;;;;;;;;1302120.0;0.0;212.0;False;E:\Experiments\PTT\Spheroids\22042025\24042025 after laser\Analysis\2025-04-24_154124_tube2_cropped_8bits\13_0212_0_8bits.tiff;E:\Experiments\PTT\Spheroids\22042025\24042025 after laser\Analysis\2025-04-24_154124_tube2_segmentationDebug\13_0212_0_segmented.tiff;1588.0;(72. 75);166.56854140758514;0.9327459618208516;44.96559125642004;0.7192409344087267;0.8841828060828754;1187.8716862805163;0.9691254464765716;0.923459922903476;0.8524043339217695;71.7;21.260943132494667;Dead
3;Tube 2;1302130.0;;;;;;;;;;;;;;;;;;1302130.0;0.0;213.0;False;G:\Experiments\PTT\Spheroids\22042025\24042025 before laser\Analysis\2025-04-24_095822_tube2_cropped_8bits2\13_0213_0_8bits.tiff;G:\Experiments\PTT\Spheroids\22042025\24042025 before laser\Analysis\2025-04-24_095822_tube2_segmentationDebug2\13_0213_0_segmented.tiff;1559.0;(73. 76);182.225395321846;0.870706506562412;44.5531194221248;0.589981205699149;0.860721985569111;967.246082551575;0.975982751204543;0.924272076459152;0.852071600808218;;;;;;;;;;;;;;;;;;;;
3;Tube 2;1302140.0;1302140.0;0.0;214.0;False;G:\Experiments\PTT\Spheroids\22042025\23042025\Analysis\2025-04-23_125032_tube2_cropped_8bits2\13_0214_0_8bits.tiff;G:\Experiments\PTT\Spheroids\22042025\23042025\Analysis\2025-04-23_125032_tube2_segmentationDebug2\13_0214_0_segmented.tiff;1249.5;(75. 77);165.639609336853;0.861724137931034;39.886248396491;0.572292071683579;0.708221293716465;539.24489948303;0.979271769811051;0.938523297958913;0.911392727603715;;;;;;;;;;;;;;;;;;;;;;;;;;;;;;;;;;;;;
3;Tube 2;1402150.0;;;;;;;;;;;;;;;;;;;;;;;;;;;;;;;;;;;1402150.0;0.0;215.0;False;E:\Experiments\PTT\Spheroids\22042025\24042025 after laser\Analysis\2025-04-24_154124_tube2_cropped_8bits\14_0215_0_8bits.tiff;E:\Experiments\PTT\Spheroids\22042025\24042025 after laser\Analysis\2025-04-24_154124_tube2_segmentationDebug\14_0215_0_segmented.tiff;2772.0;(72. 75);322.3086562156677;0.7626908790755262;59.40892204042984;0.3353197633649861;0.6307994596506372;1021.1780740405844;0.9446440546452064;0.8660765731979266;0.8787724965876023;60.25;14.80173618774369;Dead
3;Tube 2;1402160.0;;;;;;;;;;;;;;;;;;1402160.0;0.0;216.0;False;G:\Experiments\PTT\Spheroids\22042025\24042025 before laser\Analysis\2025-04-24_095822_tube2_cropped_8bits2\14_0216_0_8bits.tiff;G:\Experiments\PTT\Spheroids\22042025\24042025 before laser\Analysis\2025-04-24_095822_tube2_segmentationDebug2\14_0216_0_segmented.tiff;2092.5;(75. 74);198.953317642211;0.916356470330632;51.6164096713276;0.664313318457335;0.915342384392866;1099.0260651629;0.959396292698194;0.899999904353096;0.86401824554594;;;;;;;;;;;;;;;;;;;;
3;Tube 2;1402170.0;1402170.0;0.0;217.0;False;G:\Experiments\PTT\Spheroids\22042025\23042025\Analysis\2025-04-23_125032_tube2_cropped_8bits2\14_0217_0_8bits.tiff;G:\Experiments\PTT\Spheroids\22042025\23042025\Analysis\2025-04-23_125032_tube2_segmentationDebug2\14_0217_0_segmented.tiff;1474.0;(76. 72);163.882249712944;0.913258983890954;43.3215314703858;0.6896734591176;0.912446575750944;440.913087796423;0.977321075893835;0.928805380507828;0.92288727953572;;;;;;;;;;;;;;;;;;;;;;;;;;;;;;;;;;;;;
3;Tube 2;1502180.0;;;;;;;;;;;;;;;;;;;;;;;;;;;;;;;;;;;1502180.0;0.0;218.0;False;E:\Experiments\PTT\Spheroids\22042025\24042025 after laser\Analysis\2025-04-24_154124_tube2_cropped_8bits\15_0218_0_8bits.tiff;E:\Experiments\PTT\Spheroids\22042025\24042025 after laser\Analysis\2025-04-24_154124_tube2_segmentationDebug\15_0218_0_segmented.tiff;2014.0;(72. 80);247.8822498321533;0.7653429602888087;50.63896171029396;0.4118873668464284;0.6525870275331809;1111.87670352392;0.9611345682562576;0.901829018316252;0.8864617537275581;58.4;21.93776208342529;Dead
3;Tube 2;1502190.0;;;;;;;;;;;;;;;;;;1502190.0;0.0;219.0;False;G:\Experiments\PTT\Spheroids\22042025\24042025 before laser\Analysis\2025-04-24_095822_tube2_cropped_8bits2\15_0219_0_8bits.tiff;G:\Experiments\PTT\Spheroids\22042025\24042025 before laser\Analysis\2025-04-24_095822_tube2_segmentationDebug2\15_0219_0_segmented.tiff;1669.5;(75. 76);175.982755064964;0.914794520547945;46.1050259726133;0.677416955295229;0.892268381614079;1074.20211727713;0.967498308646038;0.919444961909777;0.862266653882435;;;;;;;;;;;;;;;;;;;;
3;Tube 2;1502200.0;1502200.0;0.0;220.0;False;G:\Experiments\PTT\Spheroids\22042025\23042025\Analysis\2025-04-23_125032_tube2_cropped_8bits2\15_0220_0_8bits.tiff;G:\Experiments\PTT\Spheroids\22042025\23042025\Analysis\2025-04-23_125032_tube2_segmentationDebug2\15_0220_0_segmented.tiff;1342.0;(67. 69);179.053822755813;0.848829854522454;41.3362730423848;0.52601143425143;0.798127269633901;494.133874433038;0.975330920169767;0.934057858593061;0.893881783531974;;;;;;;;;;;;;;;;;;;;;;;;;;;;;;;;;;;;;
3;Tube 2;1602220.0;1602220.0;0.0;222.0;False;G:\Experiments\PTT\Spheroids\22042025\23042025\Analysis\2025-04-23_125032_tube2_cropped_8bits2\16_0222_0_8bits.tiff;G:\Experiments\PTT\Spheroids\22042025\23042025\Analysis\2025-04-23_125032_tube2_segmentationDebug2\16_0222_0_segmented.tiff;1272.5;(72. 74);143.154327869415;0.946096654275092;40.2516747561576;0.780294760196264;0.916499331294401;411.870347348507;0.976868095183768;0.938489051840193;0.91664286470804;1602220.0;0.0;222.0;False;G:\Experiments\PTT\Spheroids\22042025\24042025 before laser\Analysis\2025-04-24_095822_tube2_cropped_8bits2\16_0222_0_8bits.tiff;G:\Experiments\PTT\Spheroids\22042025\24042025 before laser\Analysis\2025-04-24_095822_tube2_segmentationDebug2\16_0222_0_segmented.tiff;1578.0;(72. 74);166.710676908493;0.919312554616953;44.8237883449412;0.713493519841521;0.920681688161216;882.546451220348;0.975623122749218;0.924114867218823;0.879424666415881;1602220.0;0.0;222.0;False;E:\Experiments\PTT\Spheroids\22042025\24042025 after laser\Analysis\2025-04-24_154124_tube2_cropped_8bits\16_0222_0_8bits.tiff;E:\Experiments\PTT\Spheroids\22042025\24042025 after laser\Analysis\2025-04-24_154124_tube2_segmentationDebug\16_0222_0_segmented.tiff;1379.0;(83. 75);156.22539567947388;0.9242627345844504;41.90223540802793;0.7100204600649925;0.8701901180245447;1228.0471251322106;0.976709656347714;0.933505274035612;0.8407205716576744;74.8;14.742882365923638;Dead
3;Tube 2;1703240.0;;;;;;;;;;;;;;;;;;1703240.0;0.0;324.0;False;G:\Experiments\PTT\Spheroids\22042025\24042025 before laser\Analysis\2025-04-24_095822_tube2_cropped_8bits2\17_0324_0_8bits.tiff;G:\Experiments\PTT\Spheroids\22042025\24042025 before laser\Analysis\2025-04-24_095822_tube2_segmentationDebug2\17_0324_0_segmented.tiff;1709.0;(77. 73);177.053822398185;0.919558783965563;46.6472548168956;0.685080036933042;0.912384588378094;1137.98794003686;0.96869559715796;0.917944114548674;0.873993986671772;;;;;;;;;;;;;;;;;;;;
3;Tube 2;1704240.0;;;;;;;;;;;;;;;;;;;;;;;;;;;;;;;;;;;1704240.0;0.0;424.0;False;E:\Experiments\PTT\Spheroids\22042025\24042025 after laser\Analysis\2025-04-24_154124_tube2_cropped_8bits\17_0424_0_8bits.tiff;E:\Experiments\PTT\Spheroids\22042025\24042025 after laser\Analysis\2025-04-24_154124_tube2_segmentationDebug\17_0424_0_segmented.tiff;1656.5;(77. 74);180.81118190288544;0.900027166530834;45.92517072209745;0.6367232877036204;0.8694461432104018;1200.661841829553;0.967538248227199;0.9201417472854484;0.856875662511279;74.1;18.67137497241227;Dead
3;Tube 2;1705240.0;1705240.0;0.0;524.0;False;G:\Experiments\PTT\Spheroids\22042025\23042025\Analysis\2025-04-23_125032_tube2_cropped_8bits2\17_0524_0_8bits.tiff;G:\Experiments\PTT\Spheroids\22042025\23042025\Analysis\2025-04-23_125032_tube2_segmentationDebug2\17_0524_0_segmented.tiff;1427.0;(75. 74);152.911687493324;0.944720291294273;42.6252604723663;0.766924258212501;0.792003149692426;523.256199494949;0.974535996666592;0.931339718876371;0.931412544280883;;;;;;;;;;;;;;;;;;;;;;;;;;;;;;;;;;;;;
3;Tube 2;1806240.0;;;;;;;;;;;;;;;;;;1806240.0;0.0;624.0;False;G:\Experiments\PTT\Spheroids\22042025\24042025 before laser\Analysis\2025-04-24_095822_tube2_cropped_8bits2\18_0624_0_8bits.tiff;G:\Experiments\PTT\Spheroids\22042025\24042025 before laser\Analysis\2025-04-24_095822_tube2_segmentationDebug2\18_0624_0_segmented.tiff;1043.5;(76. 82);129.982754945755;0.952098540145985;36.4503150182703;0.77612351604888;0.94728290799586;836.268582160217;0.977033188796315;0.949107370946783;0.867308063509518;;;;;;;;;;;;;;;;;;;;
3;Tube 2;1807240.0;1807240.0;0.0;724.0;False;G:\Experiments\PTT\Spheroids\22042025\23042025\Analysis\2025-04-23_125032_tube2_cropped_8bits2\18_0724_0_8bits.tiff;G:\Experiments\PTT\Spheroids\22042025\23042025\Analysis\2025-04-23_125032_tube2_segmentationDebug2\18_0724_0_segmented.tiff;865.0;(72. 70);115.254832983016;0.955801104972375;33.186626918021;0.818290821836233;0.928475281651369;381.968447997755;0.980856823102066;0.957531566424401;0.904446862450675;;;;;;;;;;;;;;;;;;1807240.0;0.0;724.0;False;E:\Experiments\PTT\Spheroids\22042025\24042025 after laser\Analysis\2025-04-24_154124_tube2_cropped_8bits\18_0724_0_8bits.tiff;E:\Experiments\PTT\Spheroids\22042025\24042025 after laser\Analysis\2025-04-24_154124_tube2_segmentationDebug\18_0724_0_segmented.tiff;1144.5;(63. 80);137.49747383594513;0.940813810110974;38.1735858801527;0.7607399481973036;0.823313659088624;1040.1999891936289;0.9764285886177716;0.9441150630913586;0.8732971270984642;57.8;8.048260133892445;Dead
3;Tube 2;1909240.0;;;;;;;;;;;;;;;;;;1909240.0;0.0;924.0;False;G:\Experiments\PTT\Spheroids\22042025\24042025 before laser\Analysis\2025-04-24_095822_tube2_cropped_8bits2\19_0924_0_8bits.tiff;G:\Experiments\PTT\Spheroids\22042025\24042025 before laser\Analysis\2025-04-24_095822_tube2_segmentationDebug2\19_0924_0_segmented.tiff;820.5;(74. 75);114.183765411376;0.948006932409012;32.3217116882011;0.790823795128479;0.840798367303246;774.214452842072;0.981475198260369;0.959544891973129;0.883260860764949;1909240.0;0.0;924.0;False;E:\Experiments\PTT\Spheroids\22042025\24042025 after laser\Analysis\2025-04-24_154124_tube2_cropped_8bits\19_0924_0_8bits.tiff;E:\Experiments\PTT\Spheroids\22042025\24042025 after laser\Analysis\2025-04-24_154124_tube2_segmentationDebug\19_0924_0_segmented.tiff;1007.5;(71. 79);133.8406196832657;0.9150772025431426;35.81604167577255;0.7067715207252918;0.9105614379294922;759.0947471928343;0.97910339707134;0.9504425499175962;0.894908404995887;55.0;17.965129110571617;Dead
3;Tube 2;1910240.0;1910240.0;0.0;1024.0;False;G:\Experiments\PTT\Spheroids\22042025\23042025\Analysis\2025-04-23_125032_tube2_cropped_8bits2\19_1024_0_8bits.tiff;G:\Experiments\PTT\Spheroids\22042025\23042025\Analysis\2025-04-23_125032_tube2_segmentationDebug2\19_1024_0_segmented.tiff;702.0;(75. 73);113.112697720527;0.904639175257732;29.8967249110012;0.689484099895909;0.813485285317362;370.565292579499;0.987001866259347;0.964836530507486;0.906018585265145;;;;;;;;;;;;;;;;;;;;;;;;;;;;;;;;;;;;;
3;Tube 2;2012240.0;;;;;;;;;;;;;;;;;;2012240.0;0.0;1224.0;False;G:\Experiments\PTT\Spheroids\22042025\24042025 before laser\Analysis\2025-04-24_095822_tube2_cropped_8bits2\20_1224_0_8bits.tiff;G:\Experiments\PTT\Spheroids\22042025\24042025 before laser\Analysis\2025-04-24_095822_tube2_segmentationDebug2\20_1224_0_segmented.tiff;1136.5;(76. 74);139.154327869415;0.918755052546483;38.0399361538832;0.737540491099193;0.882433328939613;1042.07330841532;0.977857305110996;0.944475850444907;0.877587860768948;;;;;;;;;;;;;;;;;;;;
3;Tube 2;2013240.0;2013240.0;0.0;1324.0;False;G:\Experiments\PTT\Spheroids\22042025\23042025\Analysis\2025-04-23_125032_tube2_cropped_8bits2\20_1324_0_8bits.tiff;G:\Experiments\PTT\Spheroids\22042025\23042025\Analysis\2025-04-23_125032_tube2_segmentationDebug2\20_1324_0_segmented.tiff;856.0;(76. 77);125.254833221435;0.918454935622317;33.0135282921001;0.685637626198315;0.74054692635965;550.813540737436;0.979784277119294;0.957260401792732;0.889251737739018;;;;;;;;;;;;;;;;;;;;;;;;;;;;;;;;;;;;;
3;Tube 2;208050.0;;;;;;;;;;;;;;;;;;;;;;;;;;;;;;;;;;;208050.0;0.0;805.0;False;E:\Experiments\PTT\Spheroids\22042025\24042025 after laser\Analysis\2025-04-24_154124_tube2_cropped_8bits\2_0805_0_8bits.tiff;E:\Experiments\PTT\Spheroids\22042025\24042025 after laser\Analysis\2025-04-24_154124_tube2_segmentationDebug\2_0805_0_segmented.tiff;2801.5;(73. 73);241.09545266628265;0.8800062823935919;59.72420434443274;0.6056510193295598;0.8433533106097956;1116.1554241179815;0.9522661740945354;0.8672437354459934;0.8551831584012708;37.0;134.069006106084;Alive
3;Tube 2;209050.0;209050.0;0.0;905.0;False;G:\Experiments\PTT\Spheroids\22042025\23042025\Analysis\2025-04-23_125032_tube2_cropped_8bits2\2_0905_0_8bits.tiff;G:\Experiments\PTT\Spheroids\22042025\23042025\Analysis\2025-04-23_125032_tube2_segmentationDebug2\2_0905_0_segmented.tiff;2043.5;(78. 77);215.781744599342;0.868281283195241;51.0084797819568;0.55151217720698;0.813961598634069;587.50215250199;0.959553307233085;0.901535069775626;0.901499615811406;;;;;;;;;;;;;;;;;;;;;;;;;;;;;;;;;;;;;
3;Tube 2;311050.0;;;;;;;;;;;;;;;;;;;;;;;;;;;;;;;;;;;311050.0;0.0;1105.0;False;E:\Experiments\PTT\Spheroids\22042025\24042025 after laser\Analysis\2025-04-24_154124_tube2_cropped_8bits\3_1105_0_8bits.tiff;E:\Experiments\PTT\Spheroids\22042025\24042025 after laser\Analysis\2025-04-24_154124_tube2_segmentationDebug\3_1105_0_segmented.tiff;2978.0;(78. 81);248.65180206298828;0.8949661908339595;61.576841135457045;0.6052730473495745;0.921771293327618;1239.939725775191;0.9481850023434224;0.8594015000254684;0.8506612036780793;37.0;118.47274332376959;Alive
3;Tube 2;414050.0;;;;;;;;;;;;;;;;;;;;;;;;;;;;;;;;;;;414050.0;0.0;1405.0;False;E:\Experiments\PTT\Spheroids\22042025\24042025 after laser\Analysis\2025-04-24_154124_tube2_cropped_8bits\4_1405_0_8bits.tiff;E:\Experiments\PTT\Spheroids\22042025\24042025 after laser\Analysis\2025-04-24_154124_tube2_segmentationDebug\4_1405_0_segmented.tiff;2710.0;(72. 79);215.33809328079224;0.9322325421396628;58.740779414579535;0.7344080496117295;0.8974126782614087;1221.9780956789666;0.9500866887068872;0.8721600543008742;0.8685743809438938;37.0;96.40256014124917;Alive
3;Tube 2;415040.0;415040.0;0.0;1504.0;False;G:\Experiments\PTT\Spheroids\22042025\23042025\Analysis\2025-04-23_125032_tube2_cropped_8bits2\4_1504_0_8bits.tiff;G:\Experiments\PTT\Spheroids\22042025\23042025\Analysis\2025-04-23_125032_tube2_segmentationDebug2\4_1504_0_segmented.tiff;1927.0;(73. 74);192.024385094642;0.900046707146193;49.5331465051904;0.656717837422483;0.848995581407596;654.825107320016;0.963394994360031;0.907892933361317;0.907025680582604;;;;;;;;;;;;;;;;;;;;;;;;;;;;;;;;;;;;;
3;Tube 2;514010.0;514010.0;0.0;1401.0;False;G:\Experiments\PTT\Spheroids\22042025\23042025\Analysis\2025-04-23_125032_tube2_cropped_8bits2\5_1401_0_8bits.tiff;G:\Experiments\PTT\Spheroids\22042025\23042025\Analysis\2025-04-23_125032_tube2_segmentationDebug2\5_1401_0_segmented.tiff;2032.0;(74. 81);203.195958018302;0.891032668274501;50.8647496297961;0.618448354368727;0.868104130069367;565.562088761161;0.957537967984079;0.902569334727704;0.907248729180561;;;;;;;;;;;;;;;;;;;;;;;;;;;;;;;;;;;;;
3;Tube 2;515020.0;;;;;;;;;;;;;;;;;;515020.0;0.0;1502.0;False;G:\Experiments\PTT\Spheroids\22042025\24042025 before laser\Analysis\2025-04-24_095822_tube2_cropped_8bits2\5_1502_0_8bits.tiff;G:\Experiments\PTT\Spheroids\22042025\24042025 before laser\Analysis\2025-04-24_095822_tube2_segmentationDebug2\5_1502_0_segmented.tiff;2999.0;(76. 75);239.480229139328;0.90782503405479;61.7935708197928;0.657123501629762;0.97794932721744;1011.74254609937;0.954308499394958;0.859093963154112;0.854309711750321;515020.0;0.0;1502.0;False;E:\Experiments\PTT\Spheroids\22042025\24042025 after laser\Analysis\2025-04-24_154124_tube2_cropped_8bits\5_1502_0_8bits.tiff;E:\Experiments\PTT\Spheroids\22042025\24042025 after laser\Analysis\2025-04-24_154124_tube2_segmentationDebug\5_1502_0_segmented.tiff;3007.0;(77. 79);227.33809340000155;0.9373441396508728;61.87593482945235;0.7311371732193523;0.9724046485535676;1039.640945603987;0.9454390840788334;0.8587804563437325;0.8656353763383998;37.0;91.75310821746487;Alive
3;Tube 2;612010.0;612010.0;0.0;1201.0;False;G:\Experiments\PTT\Spheroids\22042025\23042025\Analysis\2025-04-23_125032_tube2_cropped_8bits2\6_1201_0_8bits.tiff;G:\Experiments\PTT\Spheroids\22042025\23042025\Analysis\2025-04-23_125032_tube2_segmentationDebug2\6_1201_0_segmented.tiff;1870.0;(75. 76);185.053822755813;0.934065934065934;48.7950606993654;0.686207323312815;0.850043851137735;618.411960273122;0.969417706400256;0.910668814879661;0.908781955183898;;;;;;;;;;;;;;;;;;;;;;;;;;;;;;;;;;;;;
3;Tube 2;613010.0;;;;;;;;;;;;;;;;;;613010.0;0.0;1301.0;False;G:\Experiments\PTT\Spheroids\22042025\24042025 before laser\Analysis\2025-04-24_095822_tube2_cropped_8bits2\6_1301_0_8bits.tiff;G:\Experiments\PTT\Spheroids\22042025\24042025 before laser\Analysis\2025-04-24_095822_tube2_segmentationDebug2\6_1301_0_segmented.tiff;2635.0;(75. 77);225.539103984832;0.911449325492909;57.9222427084548;0.650948727069186;0.763819315702766;1196.24539155152;0.954418096923224;0.875125176812844;0.865598800496808;613010.0;0.0;1301.0;False;E:\Experiments\PTT\Spheroids\22042025\24042025 after laser\Analysis\2025-04-24_154124_tube2_cropped_8bits\6_1301_0_8bits.tiff;E:\Experiments\PTT\Spheroids\22042025\24042025 after laser\Analysis\2025-04-24_154124_tube2_segmentationDebug\6_1301_0_segmented.tiff;2869.5;(74. 71);236.9533174037933;0.8979815365357534;60.44469268362235;0.6422298786243663;0.981694234729388;1104.2148454434569;0.9500100444309046;0.864480910441934;0.8754834149028339;37.0;78.922975060693;Alive
3;Tube 2;709010.0;709010.0;0.0;901.0;False;G:\Experiments\PTT\Spheroids\22042025\23042025\Analysis\2025-04-23_125032_tube2_cropped_8bits2\7_0901_0_8bits.tiff;G:\Experiments\PTT\Spheroids\22042025\23042025\Analysis\2025-04-23_125032_tube2_segmentationDebug2\7_0901_0_segmented.tiff;1717.0;(77. 79);186.71067726612;0.882322713257965;46.7563075778046;0.61893045151023;0.743554355108364;760.286465928048;0.968138944204005;0.917487651867707;0.904185360733765;709010.0;0.0;901.0;False;G:\Experiments\PTT\Spheroids\22042025\24042025 before laser\Analysis\2025-04-24_095822_tube2_cropped_8bits2\7_0901_0_8bits.tiff;G:\Experiments\PTT\Spheroids\22042025\24042025 before laser\Analysis\2025-04-24_095822_tube2_segmentationDebug2\7_0901_0_segmented.tiff;2277.5;(79. 70);208.953317284584;0.91668343731133;53.8498195274072;0.655495491748529;0.914458542916807;1232.3192578739;0.966091133448733;0.891898002214529;0.860204956382842;;;;;;;;;;;;;;;;;;;;
3;Tube 2;710010.0;;;;;;;;;;;;;;;;;;;;;;;;;;;;;;;;;;;710010.0;0.0;1001.0;False;E:\Experiments\PTT\Spheroids\22042025\24042025 after laser\Analysis\2025-04-24_154124_tube2_cropped_8bits\7_1001_0_8bits.tiff;E:\Experiments\PTT\Spheroids\22042025\24042025 after laser\Analysis\2025-04-24_154124_tube2_segmentationDebug\7_1001_0_segmented.tiff;2784.0;(71. 72);226.85281193256375;0.9156388751850024;59.53737391372493;0.6798150284771058;0.8825474786542729;1163.4464471971896;0.9522449761247184;0.8661602426418762;0.8693539898255452;59.4;69.03553299492386;Alive
3;Tube 2;806010.0;806010.0;0.0;601.0;False;G:\Experiments\PTT\Spheroids\22042025\23042025\Analysis\2025-04-23_125032_tube2_cropped_8bits2\8_0601_0_8bits.tiff;G:\Experiments\PTT\Spheroids\22042025\23042025\Analysis\2025-04-23_125032_tube2_segmentationDebug2\8_0601_0_segmented.tiff;2160.5;(76. 67);190.12489080429;0.95302161446846;52.4483940307071;0.751079968539538;0.793708989810954;469.29447917752;0.973249189424475;0.897899527509194;0.938322450416966;806010.0;0.0;601.0;False;G:\Experiments\PTT\Spheroids\22042025\24042025 before laser\Analysis\2025-04-24_095822_tube2_cropped_8bits2\8_0601_0_8bits.tiff;G:\Experiments\PTT\Spheroids\22042025\24042025 before laser\Analysis\2025-04-24_095822_tube2_segmentationDebug2\8_0601_0_segmented.tiff;2417.0;(72. 81);219.195958137512;0.894191638919718;55.4744984621302;0.632151875842581;0.816834012112332;1104.26269346987;0.968282580786015;0.885559257483417;0.871768120759694;806010.0;0.0;601.0;False;E:\Experiments\PTT\Spheroids\22042025\24042025 after laser\Analysis\2025-04-24_154124_tube2_cropped_8bits\8_0601_0_8bits.tiff;E:\Experiments\PTT\Spheroids\22042025\24042025 after laser\Analysis\2025-04-24_154124_tube2_segmentationDebug\8_0601_0_segmented.tiff;2331.5;(67. 72);198.1248905658722;0.9422105475853708;54.48447483962777;0.7463923928058781;0.8154353984125735;1153.0077120014876;0.9519553931135316;0.8563453637944461;0.824174803597516;66.0;15.022438019568895;Dead
3;Tube 2;902020.0;902020.0;0.0;202.0;False;G:\Experiments\PTT\Spheroids\22042025\23042025\Analysis\2025-04-23_125032_tube2_cropped_8bits2\9_0202_0_8bits.tiff;G:\Experiments\PTT\Spheroids\22042025\23042025\Analysis\2025-04-23_125032_tube2_segmentationDebug2\9_0202_0_segmented.tiff;1895.0;(75. 73);226.852811813354;0.815931108719052;49.1201479769059;0.462733290344125;0.755988760443609;457.886784759452;0.967231759732036;0.907666871979316;0.909070810535863;;;;;;;;;;;;;;;;;;;;;;;;;;;;;;;;;;;;;
3;Tube 2;903010.0;;;;;;;;;;;;;;;;;;903010.0;0.0;301.0;False;G:\Experiments\PTT\Spheroids\22042025\24042025 before laser\Analysis\2025-04-24_095822_tube2_cropped_8bits2\9_0301_0_8bits.tiff;G:\Experiments\PTT\Spheroids\22042025\24042025 before laser\Analysis\2025-04-24_095822_tube2_segmentationDebug2\9_0301_0_segmented.tiff;2521.5;(75. 71);220.610171437263;0.915078933043004;56.661040513299;0.651055140494657;0.904056760331403;1163.28003261338;0.958492256804771;0.88030919442278;0.869406168858061;903010.0;0.0;301.0;False;E:\Experiments\PTT\Spheroids\22042025\24042025 after laser\Analysis\2025-04-24_154124_tube2_cropped_8bits\9_0301_0_8bits.tiff;E:\Experiments\PTT\Spheroids\22042025\24042025 after laser\Analysis\2025-04-24_154124_tube2_segmentationDebug\9_0301_0_segmented.tiff;2996.0;(72. 84);257.33809316158295;0.875895336939044;61.76265599880357;0.5685170788736946;0.9276107861557212;897.4265528389918;0.9463269528538566;0.843605492564267;0.8819379246617828;53.4;90.45832413742367;Alive
3;Tube 3;1002030.0;;;;;;;;;;;;;;;;;;;;;;;;;;;;;;;;;;;1002030.0;0.0;203.0;False;E:\Experiments\PTT\Spheroids\22042025\24042025 after laser\Analysis\2025-04-24_153122_tube3_cropped_8bits\10_0203_0_8bits.tiff;E:\Experiments\PTT\Spheroids\22042025\24042025 after laser\Analysis\2025-04-24_153122_tube3_segmentationDebug\10_0203_0_segmented.tiff;1429.0;(78. 76);166.2253954410553;0.905576679340938;42.65512055341712;0.6499012065460024;0.8727179784689472;794.6020022246942;0.971940404895162;0.9306193141957114;0.87750428663148;63.0;8.386669609357758;Dead
3;Tube 3;1002040.0;;;;;;;;;;;;;;;;;;1002040.0;0.0;204.0;False;G:\Experiments\PTT\Spheroids\22042025\24042025 before laser\Analysis\2025-04-24_100828_tube3_cropped_8bits2\10_0204_0_8bits.tiff;G:\Experiments\PTT\Spheroids\22042025\24042025 before laser\Analysis\2025-04-24_100828_tube3_segmentationDebug2\10_0204_0_segmented.tiff;1944.5;(65. 78);207.781744360923;0.838507977576541;49.7575551523336;0.56598254237813;0.957707676498799;758.092547774336;0.964455254999905;0.906254819240435;0.9020433293838;;;;;;;;;;;;;;;;;;;;
3;Tube 3;1002050.0;1002050.0;0.0;205.0;False;G:\Experiments\PTT\Spheroids\22042025\23042025\Analysis\2025-04-23_130029_tube3_cropped_8bits2\10_0205_0_8bits.tiff;G:\Experiments\PTT\Spheroids\22042025\23042025\Analysis\2025-04-23_130029_tube3_segmentationDebug2\10_0205_0_segmented.tiff;1176.5;(75. 74);145.639608979225;0.91985926505082;38.7035699177856;0.697016063554037;0.803003699103229;637.167248210633;0.973157775273527;0.942442215974316;0.894247310605252;;;;;;;;;;;;;;;;;;;;;;;;;;;;;;;;;;;;;
3;Tube 3;1102050.0;;;;;;;;;;;;;;;;;;;;;;;;;;;;;;;;;;;1102050.0;0.0;205.0;False;E:\Experiments\PTT\Spheroids\22042025\24042025 after laser\Analysis\2025-04-24_153122_tube3_cropped_8bits\11_0205_0_8bits.tiff;E:\Experiments\PTT\Spheroids\22042025\24042025 after laser\Analysis\2025-04-24_153122_tube3_segmentationDebug\11_0205_0_segmented.tiff;2270.0;(81. 76);241.6812390089035;0.827259475218659;53.76108040719438;0.4883709736675161;0.4720051856599363;434.3463202712824;0.9636982369110276;0.8911983594928483;0.9295803224310768;62.0;9.490178768483778;Dead
3;Tube 3;1102070.0;1102070.0;0.0;207.0;False;G:\Experiments\PTT\Spheroids\22042025\23042025\Analysis\2025-04-23_130029_tube3_cropped_8bits2\11_0207_0_8bits.tiff;G:\Experiments\PTT\Spheroids\22042025\23042025\Analysis\2025-04-23_130029_tube3_segmentationDebug2\11_0207_0_segmented.tiff;1028.5;(72. 78);132.325900912284;0.927412082957619;36.1873855336374;0.738115696724336;0.837287209053377;457.019957537154;0.980153353146641;0.949565771166933;0.910856775852518;1102070.0;0.0;207.0;False;G:\Experiments\PTT\Spheroids\22042025\24042025 before laser\Analysis\2025-04-24_100828_tube3_cropped_8bits2\11_0207_0_8bits.tiff;G:\Experiments\PTT\Spheroids\22042025\24042025 before laser\Analysis\2025-04-24_100828_tube3_segmentationDebug2\11_0207_0_segmented.tiff;1305.5;(79. 74);149.639608860015;0.93584229390681;40.7702615352385;0.732645036166461;0.834063777805591;798.401853592314;0.977909876422628;0.936701975611514;0.886050321401689;;;;;;;;;;;;;;;;;;;;
3;Tube 3;1202100.0;1202100.0;0.0;210.0;False;G:\Experiments\PTT\Spheroids\22042025\23042025\Analysis\2025-04-23_130029_tube3_cropped_8bits2\12_0210_0_8bits.tiff;G:\Experiments\PTT\Spheroids\22042025\23042025\Analysis\2025-04-23_130029_tube3_segmentationDebug2\12_0210_0_segmented.tiff;1413.0;(69. 64);172.225395798683;0.875735977688255;42.4156513177716;0.598628849603498;0.646483342987549;1026.3350873933;0.983809182026631;0.931295370475474;0.895943592502145;1202100.0;0.0;210.0;False;G:\Experiments\PTT\Spheroids\22042025\24042025 before laser\Analysis\2025-04-24_100828_tube3_cropped_8bits2\12_0210_0_8bits.tiff;G:\Experiments\PTT\Spheroids\22042025\24042025 before laser\Analysis\2025-04-24_100828_tube3_segmentationDebug2\12_0210_0_segmented.tiff;1276.5;(79. 79);181.639608979225;0.82328281199613;40.3148890467831;0.486193968115719;0.650921265037962;874.343882321806;0.980541721131377;0.93711039903764;0.88610096051629;;;;;;;;;;;;;;;;;;;;
3;Tube 3;1302120.0;;;;;;;;;;;;;;;;;;;;;;;;;;;;;;;;;;;1302120.0;0.0;212.0;False;E:\Experiments\PTT\Spheroids\22042025\24042025 after laser\Analysis\2025-04-24_153122_tube3_cropped_8bits\13_0212_0_8bits.tiff;E:\Experiments\PTT\Spheroids\22042025\24042025 after laser\Analysis\2025-04-24_153122_tube3_segmentationDebug\13_0212_0_segmented.tiff;1359.0;(60. 75);158.9116871356964;0.8979187314172448;41.59726603149642;0.6762661407610525;0.8461695996998728;909.587492150501;0.9778015678285714;0.9339507578760892;0.8763217074949232;65.4;18.171117486941807;Dead
3;Tube 3;1302130.0;1302130.0;0.0;213.0;False;G:\Experiments\PTT\Spheroids\22042025\23042025\Analysis\2025-04-23_130029_tube3_cropped_8bits2\13_0213_0_8bits.tiff;G:\Experiments\PTT\Spheroids\22042025\23042025\Analysis\2025-04-23_130029_tube3_segmentationDebug2\13_0213_0_segmented.tiff;1126.0;(75. 68);147.396968364715;0.906237424547283;37.8638049774688;0.651285114590312;0.901088082830379;546.485829054331;0.979429460764478;0.944750076917691;0.906275142136646;1302130.0;0.0;213.0;False;G:\Experiments\PTT\Spheroids\22042025\24042025 before laser\Analysis\2025-04-24_100828_tube3_cropped_8bits2\13_0213_0_8bits.tiff;G:\Experiments\PTT\Spheroids\22042025\24042025 before laser\Analysis\2025-04-24_100828_tube3_segmentationDebug2\13_0213_0_segmented.tiff;1174.5;(77. 80);139.982754945755;0.942616372391653;38.670658712924;0.75320607167578;0.862189771474112;692.365510502754;0.989329324708716;0.943316973663532;0.914056968814603;;;;;;;;;;;;;;;;;;;;
3;Tube 3;1402160.0;1402160.0;0.0;216.0;False;G:\Experiments\PTT\Spheroids\22042025\23042025\Analysis\2025-04-23_130029_tube3_cropped_8bits2\14_0216_0_8bits.tiff;G:\Experiments\PTT\Spheroids\22042025\23042025\Analysis\2025-04-23_130029_tube3_segmentationDebug2\14_0216_0_segmented.tiff;590.5;(57. 85);99.698484301567;0.930654058313632;27.4198459362213;0.746539264013255;0.712375294669629;623.193192959001;0.986178303790035;0.970131240433788;0.892320078598129;1402160.0;0.0;216.0;False;G:\Experiments\PTT\Spheroids\22042025\24042025 before laser\Analysis\2025-04-24_100828_tube3_cropped_8bits2\14_0216_0_8bits.tiff;G:\Experiments\PTT\Spheroids\22042025\24042025 before laser\Analysis\2025-04-24_100828_tube3_segmentationDebug2\14_0216_0_segmented.tiff;1661.5;(79. 81);182.124890327453;0.886369698586289;45.9944290493693;0.629465023180017;0.721361142344669;807.068143812709;0.97332399081945;0.920148649527918;0.897471425214428;;;;;;;;;;;;;;;;;;;;
3;Tube 3;1402160.0;1402160.0;1.0;216.0;False;G:\Experiments\PTT\Spheroids\22042025\23042025\Analysis\2025-04-23_130029_tube3_cropped_8bits2\14_0216_0_8bits.tiff;G:\Experiments\PTT\Spheroids\22042025\23042025\Analysis\2025-04-23_130029_tube3_segmentationDebug2\14_0216_0_segmented.tiff;985.0;(98. 56);130.083260416984;0.93320701089531;35.4138525377307;0.731481366211254;0.7712384445153;552.688773432619;0.975693102084546;0.951672805368366;0.8785238801611;1402160.0;0.0;216.0;False;G:\Experiments\PTT\Spheroids\22042025\24042025 before laser\Analysis\2025-04-24_100828_tube3_cropped_8bits2\14_0216_0_8bits.tiff;G:\Experiments\PTT\Spheroids\22042025\24042025 before laser\Analysis\2025-04-24_100828_tube3_segmentationDebug2\14_0216_0_segmented.tiff;1661.5;(79. 81);182.124890327453;0.886369698586289;45.9944290493693;0.629465023180017;0.721361142344669;807.068143812709;0.97332399081945;0.920148649527918;0.897471425214428;;;;;;;;;;;;;;;;;;;;
3;Tube 3;1402180.0;;;;;;;;;;;;;;;;;;;;;;;;;;;;;;;;;;;1402180.0;0.0;218.0;False;E:\Experiments\PTT\Spheroids\22042025\24042025 after laser\Analysis\2025-04-24_153122_tube3_cropped_8bits\14_0218_0_8bits.tiff;E:\Experiments\PTT\Spheroids\22042025\24042025 after laser\Analysis\2025-04-24_153122_tube3_segmentationDebug\14_0218_0_segmented.tiff;1264.0;(72. 67);151.3969684839249;0.9047959914101646;40.1170136543742;0.692982998361427;0.899298340868512;706.1657190292312;0.9782084170720572;0.938655871167104;0.9091020212969996;68.7;21.76120061796513;Dead
3;Tube 3;1502190.0;1502190.0;0.0;219.0;False;G:\Experiments\PTT\Spheroids\22042025\23042025\Analysis\2025-04-23_130029_tube3_cropped_8bits2\15_0219_0_8bits.tiff;G:\Experiments\PTT\Spheroids\22042025\23042025\Analysis\2025-04-23_130029_tube3_segmentationDebug2\15_0219_0_segmented.tiff;810.5;(72. 75);107.154328107833;0.979456193353474;32.1241443622682;0.887040498372569;0.923299010179642;544.69119935659;0.982102580291019;0.960127154165175;0.893350542844606;;;;;;;;;;;;;;;;;;;;;;;;;;;;;;;;;;;;;
3;Tube 3;1502200.0;;;;;;;;;;;;;;;;;;1502200.0;0.0;220.0;False;G:\Experiments\PTT\Spheroids\22042025\24042025 before laser\Analysis\2025-04-24_100828_tube3_cropped_8bits2\15_0220_0_8bits.tiff;G:\Experiments\PTT\Spheroids\22042025\24042025 before laser\Analysis\2025-04-24_100828_tube3_segmentationDebug2\15_0220_0_segmented.tiff;1030.5;(76. 70);148.811182022094;0.883790737564322;36.2225530691803;0.584772212542825;0.840708359741604;684.83819846566;0.984062007283483;0.949038965261433;0.87731535854726;;;;;;;;;;;;;;;;;;;;
3;Tube 3;1502210.0;;;;;;;;;;;;;;;;;;;;;;;;;;;;;;;;;;;1502210.0;0.0;221.0;False;E:\Experiments\PTT\Spheroids\22042025\24042025 after laser\Analysis\2025-04-24_153122_tube3_cropped_8bits\15_0221_0_8bits.tiff;E:\Experiments\PTT\Spheroids\22042025\24042025 after laser\Analysis\2025-04-24_153122_tube3_segmentationDebug\15_0221_0_segmented.tiff;1304.0;(61. 74);163.0538226366043;0.8858695652173914;40.74683259266482;0.616347282756771;0.913488292999896;974.3226945297646;0.978585155777418;0.9361629548478824;0.8653556423824604;52.0;30.427425880968144;Dead
3;Tube 3;1602220.0;1602220.0;0.0;222.0;False;G:\Experiments\PTT\Spheroids\22042025\23042025\Analysis\2025-04-23_130029_tube3_cropped_8bits2\16_0222_0_8bits.tiff;G:\Experiments\PTT\Spheroids\22042025\23042025\Analysis\2025-04-23_130029_tube3_segmentationDebug2\16_0222_0_segmented.tiff;1018.0;(74. 72);137.254833221435;0.890249234805422;36.0021923851922;0.679050931328803;0.943566818350253;562.585747095552;0.97559271748778;0.949975361150692;0.896537810108536;1602220.0;0.0;222.0;False;G:\Experiments\PTT\Spheroids\22042025\24042025 before laser\Analysis\2025-04-24_100828_tube3_cropped_8bits2\16_0222_0_8bits.tiff;G:\Experiments\PTT\Spheroids\22042025\24042025 before laser\Analysis\2025-04-24_100828_tube3_segmentationDebug2\16_0222_0_segmented.tiff;1136.0;(78. 80);153.396968483924;0.870164687859057;38.0315674515151;0.606672964314047;0.790482544437084;894.685814070961;0.981239255301947;0.944019297299668;0.853447436560709;;;;;;;;;;;;;;;;;;;;
3;Tube 3;1603240.0;;;;;;;;;;;;;;;;;;;;;;;;;;;;;;;;;;;1603240.0;0.0;324.0;False;E:\Experiments\PTT\Spheroids\22042025\24042025 after laser\Analysis\2025-04-24_153122_tube3_cropped_8bits\16_0324_0_8bits.tiff;E:\Experiments\PTT\Spheroids\22042025\24042025 after laser\Analysis\2025-04-24_153122_tube3_segmentationDebug\16_0324_0_segmented.tiff;1200.0;(68. 79);182.3675308227539;0.7741935483870968;39.08820095223359;0.4534151990141928;0.6316816598346224;863.780935782251;0.9750611483784796;0.9400914350053364;0.8646946016696103;71.2;16.18480100051497;Dead
3;Tube 3;1704240.0;1704240.0;0.0;424.0;False;G:\Experiments\PTT\Spheroids\22042025\23042025\Analysis\2025-04-23_130029_tube3_cropped_8bits2\17_0424_0_8bits.tiff;G:\Experiments\PTT\Spheroids\22042025\23042025\Analysis\2025-04-23_130029_tube3_segmentationDebug2\17_0424_0_segmented.tiff;814.0;(76. 70);111.597978949546;0.961606615475487;32.1934308425557;0.82133742025249;0.905828062833995;470.318178029137;0.979685146421344;0.959932360627985;0.901569745302147;1704240.0;0.0;424.0;False;G:\Experiments\PTT\Spheroids\22042025\24042025 before laser\Analysis\2025-04-24_100828_tube3_cropped_8bits2\17_0424_0_8bits.tiff;G:\Experiments\PTT\Spheroids\22042025\24042025 before laser\Analysis\2025-04-24_100828_tube3_segmentationDebug2\17_0424_0_segmented.tiff;984.0;(75. 82);122.083260059356;0.956268221574344;35.3958713979384;0.829645814394533;0.901681528924561;805.890725705893;0.979011743799696;0.947322661900525;0.882914723173476;;;;;;;;;;;;;;;;;;;;
3;Tube 3;1807240.0;1807240.0;0.0;724.0;False;G:\Experiments\PTT\Spheroids\22042025\23042025\Analysis\2025-04-23_130029_tube3_cropped_8bits2\18_0724_0_8bits.tiff;G:\Experiments\PTT\Spheroids\22042025\23042025\Analysis\2025-04-23_130029_tube3_segmentationDebug2\18_0724_0_segmented.tiff;875.5;(77. 74);123.982755184173;0.909610389610389;33.3874410731885;0.715720485957519;0.861218496821689;660.654142199507;0.979154917032863;0.956765059671042;0.88973684323658;1807240.0;0.0;724.0;False;G:\Experiments\PTT\Spheroids\22042025\24042025 before laser\Analysis\2025-04-24_100828_tube3_cropped_8bits2\18_0724_0_8bits.tiff;G:\Experiments\PTT\Spheroids\22042025\24042025 before laser\Analysis\2025-04-24_100828_tube3_segmentationDebug2\18_0724_0_segmented.tiff;1060.5;(69. 70);131.497473835945;0.944345503116651;36.7460275021891;0.77070063586761;0.967920795057974;850.016050566695;0.977584324887917;0.948257644786297;0.876964290077443;;;;;;;;;;;;;;;;;;;;
3;Tube 3;1910240.0;1910240.0;0.0;1024.0;False;G:\Experiments\PTT\Spheroids\22042025\23042025\Analysis\2025-04-23_130029_tube3_cropped_8bits2\19_1024_0_8bits.tiff;G:\Experiments\PTT\Spheroids\22042025\23042025\Analysis\2025-04-23_130029_tube3_segmentationDebug2\19_1024_0_segmented.tiff;806.0;(75. 69);118.426406145095;0.924311926605504;32.0348415487971;0.722183905735202;0.795203347058565;374.89509153649;0.983280731379242;0.959818608087597;0.912332347179856;1910240.0;0.0;1024.0;False;G:\Experiments\PTT\Spheroids\22042025\24042025 before laser\Analysis\2025-04-24_100828_tube3_cropped_8bits2\19_1024_0_8bits.tiff;G:\Experiments\PTT\Spheroids\22042025\24042025 before laser\Analysis\2025-04-24_100828_tube3_segmentationDebug2\19_1024_0_segmented.tiff;1067.5;(74. 81);136.325900912284;0.932721712538226;36.8671020559629;0.721806842797423;0.840889338452423;916.415178404632;0.979022373826953;0.947547574170858;0.865930652824714;;;;;;;;;;;;;;;;;;;;
3;Tube 3;2013240.0;2013240.0;0.0;1324.0;False;G:\Experiments\PTT\Spheroids\22042025\23042025\Analysis\2025-04-23_130029_tube3_cropped_8bits2\20_1324_0_8bits.tiff;G:\Experiments\PTT\Spheroids\22042025\23042025\Analysis\2025-04-23_130029_tube3_segmentationDebug2\20_1324_0_segmented.tiff;756.0;(74. 66);112.083260655403;0.925903245560318;31.0252976749584;0.756223459982156;0.920006008446445;480.788277762697;0.981715694823994;0.962305465732142;0.874740660757298;2013240.0;0.0;1324.0;False;G:\Experiments\PTT\Spheroids\22042025\24042025 before laser\Analysis\2025-04-24_100828_tube3_cropped_8bits2\20_1324_0_8bits.tiff;G:\Experiments\PTT\Spheroids\22042025\24042025 before laser\Analysis\2025-04-24_100828_tube3_segmentationDebug2\20_1324_0_segmented.tiff;993.0;(75. 81);142.083259940147;0.890183774092335;35.5573743114141;0.61812069839731;0.730812838068158;798.621017871017;0.980508928984254;0.951132715259624;0.904663242140307;;;;;;;;;;;;;;;;;;;;
3;Tube 3;206050.0;;;;;;;;;;;;;;;;;;;;;;;;;;;;;;;;;;;206050.0;0.0;605.0;False;E:\Experiments\PTT\Spheroids\22042025\24042025 after laser\Analysis\2025-04-24_153122_tube3_cropped_8bits\2_0605_0_8bits.tiff;E:\Experiments\PTT\Spheroids\22042025\24042025 after laser\Analysis\2025-04-24_153122_tube3_segmentationDebug\2_0605_0_segmented.tiff;2431.5;(74. 77);229.4385986328125;0.8570673246387028;55.64065018512588;0.5804317693791018;0.9563770237411376;956.8933052858796;0.9575495569911678;0.8839917468761577;0.8837071261240895;37.0;95.51975281394836;Alive
3;Tube 3;207050.0;;;;;;;;;;;;;;;;;;207050.0;0.0;705.0;False;G:\Experiments\PTT\Spheroids\22042025\24042025 before laser\Analysis\2025-04-24_100828_tube3_cropped_8bits2\2_0705_0_8bits.tiff;G:\Experiments\PTT\Spheroids\22042025\24042025 before laser\Analysis\2025-04-24_100828_tube3_segmentationDebug2\2_0705_0_segmented.tiff;2227.0;(79. 68);205.882249951362;0.897802862326143;53.2494550781996;0.660225462701598;0.858704860647966;1124.91653079999;0.980178272718343;0.894573065895998;0.908315536158283;;;;;;;;;;;;;;;;;;;;
3;Tube 3;208050.0;208050.0;0.0;805.0;False;G:\Experiments\PTT\Spheroids\22042025\23042025\Analysis\2025-04-23_130029_tube3_cropped_8bits2\2_0805_0_8bits.tiff;G:\Experiments\PTT\Spheroids\22042025\23042025\Analysis\2025-04-23_130029_tube3_segmentationDebug2\2_0805_0_segmented.tiff;1682.5;(78. 73);179.639609098434;0.893758300132802;46.2841823306506;0.655180154654191;0.932945774920266;432.277347640103;0.973573547236081;0.91897797693884;0.91419902761523;;;;;;;;;;;;;;;;;;;;;;;;;;;;;;;;;;;;;
3;Tube 3;309050.0;;;;;;;;;;;;;;;;;;;;;;;;;;;;;;;;;;;309050.0;0.0;905.0;False;E:\Experiments\PTT\Spheroids\22042025\24042025 after laser\Analysis\2025-04-24_153122_tube3_cropped_8bits\3_0905_0_8bits.tiff;E:\Experiments\PTT\Spheroids\22042025\24042025 after laser\Analysis\2025-04-24_153122_tube3_segmentationDebug\3_0905_0_segmented.tiff;2846.5;(74. 82);230.26702558994293;0.9273497312265842;60.2019631248736;0.6746174177567209;0.775938293261812;1085.192520906339;0.951574127135122;0.8659266173330212;0.8746153466174547;37.0;103.87699551239609;Alive
3;Tube 3;310050.0;;;;;;;;;;;;;;;;;;310050.0;0.0;1005.0;False;G:\Experiments\PTT\Spheroids\22042025\24042025 before laser\Analysis\2025-04-24_100828_tube3_cropped_8bits2\3_1005_0_8bits.tiff;G:\Experiments\PTT\Spheroids\22042025\24042025 before laser\Analysis\2025-04-24_100828_tube3_segmentationDebug2\3_1005_0_segmented.tiff;2703.0;(73. 50);219.195958256721;0.939847009735744;58.6648658859725;0.706953462368202;0.846891686504356;1149.86502089675;0.956508187623987;0.847680000779453;0.844419315987717;;;;;;;;;;;;;;;;;;;;
3;Tube 3;312050.0;312050.0;0.0;1205.0;False;G:\Experiments\PTT\Spheroids\22042025\23042025\Analysis\2025-04-23_130029_tube3_cropped_8bits2\3_1205_0_8bits.tiff;G:\Experiments\PTT\Spheroids\22042025\23042025\Analysis\2025-04-23_130029_tube3_segmentationDebug2\3_1205_0_segmented.tiff;2188.0;(76. 75);240.024385333061;0.846094354215003;52.7811341662959;0.477250562877384;0.729243388853825;614.569259158705;0.953625751378059;0.894902064735981;0.914071198166854;;;;;;;;;;;;;;;;;;;;;;;;;;;;;;;;;;;;;
3;Tube 3;412050.0;;;;;;;;;;;;;;;;;;;;;;;;;;;;;;;;;;;412050.0;0.0;1205.0;False;E:\Experiments\PTT\Spheroids\22042025\24042025 after laser\Analysis\2025-04-24_153122_tube3_cropped_8bits\4_1205_0_8bits.tiff;E:\Experiments\PTT\Spheroids\22042025\24042025 after laser\Analysis\2025-04-24_153122_tube3_segmentationDebug\4_1205_0_segmented.tiff;2545.0;(70. 79);221.19595789909363;0.8904828551434569;56.92446434838882;0.6536470082444024;0.9389109089597556;973.0833246614015;0.9610817720572162;0.8795204148471637;0.8690310465976657;37.0;111.41028470536305;Alive
3;Tube 3;414050.0;;;;;;;;;;;;;;;;;;414050.0;0.0;1405.0;False;G:\Experiments\PTT\Spheroids\22042025\24042025 before laser\Analysis\2025-04-24_100828_tube3_cropped_8bits2\4_1405_0_8bits.tiff;G:\Experiments\PTT\Spheroids\22042025\24042025 before laser\Analysis\2025-04-24_100828_tube3_segmentationDebug2\4_1405_0_segmented.tiff;2498.0;(76. 77);231.681239008903;0.851397409679618;56.3963862561107;0.584817774664434;0.830572542740107;1225.12525764921;0.95943749190402;0.881626228563204;0.857544725335466;;;;;;;;;;;;;;;;;;;;
3;Tube 3;415040.0;415040.0;0.0;1504.0;False;G:\Experiments\PTT\Spheroids\22042025\23042025\Analysis\2025-04-23_130029_tube3_cropped_8bits2\4_1504_0_8bits.tiff;G:\Experiments\PTT\Spheroids\22042025\23042025\Analysis\2025-04-23_130029_tube3_segmentationDebug2\4_1504_0_segmented.tiff;1739.0;(76. 72);168.568541526794;0.949494949494949;47.0548995142317;0.769053206917769;0.823868236489009;672.582748996315;0.962576775196782;0.916936111242029;0.899776680217948;;;;;;;;;;;;;;;;;;;;;;;;;;;;;;;;;;;;;
3;Tube 3;514010.0;514010.0;0.0;1401.0;False;G:\Experiments\PTT\Spheroids\22042025\23042025\Analysis\2025-04-23_130029_tube3_cropped_8bits2\5_1401_0_8bits.tiff;G:\Experiments\PTT\Spheroids\22042025\23042025\Analysis\2025-04-23_130029_tube3_segmentationDebug2\5_1401_0_segmented.tiff;1720.0;(78. 77);166.024384856224;0.959553695955369;46.7971368455857;0.784141702633959;0.844618979921075;538.34118199515;0.965753668427825;0.917763520104327;0.907639465812132;;;;;;;;;;;;;;;;;;;;;;;;;;;;;;;;;;;;;
3;Tube 3;515020.0;;;;;;;;;;;;;;;;;;515020.0;0.0;1502.0;False;G:\Experiments\PTT\Spheroids\22042025\24042025 before laser\Analysis\2025-04-24_100828_tube3_cropped_8bits2\5_1502_0_8bits.tiff;G:\Experiments\PTT\Spheroids\22042025\24042025 before laser\Analysis\2025-04-24_100828_tube3_segmentationDebug2\5_1502_0_segmented.tiff;2500.5;(74. 76);226.124890208244;0.884819532908704;56.4245999685445;0.614525607636486;0.872350701845132;1092.74962507882;0.960757920494517;0.881599380490728;0.878582385365035;;;;;;;;;;;;;;;;;;;;
3;Tube 3;611010.0;611010.0;0.0;1101.0;False;G:\Experiments\PTT\Spheroids\22042025\23042025\Analysis\2025-04-23_130029_tube3_cropped_8bits2\6_1101_0_8bits.tiff;G:\Experiments\PTT\Spheroids\22042025\23042025\Analysis\2025-04-23_130029_tube3_segmentationDebug2\6_1101_0_segmented.tiff;1496.0;(70. 76);163.053822517395;0.923171860536871;43.6436290760037;0.707097803951201;0.882988152392456;569.011963768335;0.963700285436397;0.927728265251258;0.889715000341786;;;;;;;;;;;;;;;;;;;;;;;;;;;;;;;;;;;;;
3;Tube 3;612010.0;;;;;;;;;;;;;;;;;;612010.0;0.0;1201.0;False;G:\Experiments\PTT\Spheroids\22042025\24042025 before laser\Analysis\2025-04-24_100828_tube3_cropped_8bits2\6_1201_0_8bits.tiff;G:\Experiments\PTT\Spheroids\22042025\24042025 before laser\Analysis\2025-04-24_100828_tube3_segmentationDebug2\6_1201_0_segmented.tiff;2116.0;(71. 74);196.509666323661;0.916017316017316;51.9054416863935;0.688585210995201;0.943020939757097;991.064201144435;0.966958474840353;0.899443792671363;0.855117096204044;;;;;;;;;;;;;;;;;;;;
3;Tube 3;613010.0;;;;;;;;;;;;;;;;;;;;;;;;;;;;;;;;;;;613010.0;0.0;1301.0;False;E:\Experiments\PTT\Spheroids\22042025\24042025 after laser\Analysis\2025-04-24_153122_tube3_cropped_8bits\6_1301_0_8bits.tiff;E:\Experiments\PTT\Spheroids\22042025\24042025 after laser\Analysis\2025-04-24_153122_tube3_segmentationDebug\6_1301_0_segmented.tiff;2230.5;(71. 76);206.61017096042636;0.9120834185238192;53.29128263170048;0.6566118215945401;0.9349680731595972;725.0054898250597;0.9591070410319548;0.8719807451433461;0.8712736322109259;37.0;66.21054954756124;Alive
3;Tube 3;709010.0;709010.0;0.0;901.0;False;G:\Experiments\PTT\Spheroids\22042025\23042025\Analysis\2025-04-23_130029_tube3_cropped_8bits2\7_0901_0_8bits.tiff;G:\Experiments\PTT\Spheroids\22042025\23042025\Analysis\2025-04-23_130029_tube3_segmentationDebug2\7_0901_0_segmented.tiff;1691.5;(77. 75);181.982755184173;0.879386534962308;46.4078085015822;0.641832041889475;0.839892033647903;606.718036557315;0.961060572301676;0.918194595200546;0.901884340970276;709010.0;0.0;901.0;False;G:\Experiments\PTT\Spheroids\22042025\24042025 before laser\Analysis\2025-04-24_100828_tube3_cropped_8bits2\7_0901_0_8bits.tiff;G:\Experiments\PTT\Spheroids\22042025\24042025 before laser\Analysis\2025-04-24_100828_tube3_segmentationDebug2\7_0901_0_segmented.tiff;2094.5;(78. 72);190.610171437263;0.925541316836058;51.6410711202604;0.724432765367844;0.879259567759926;1117.0448360947;0.970103267444917;0.900816631966366;0.871273998106243;;;;;;;;;;;;;;;;;;;;
3;Tube 3;711010.0;;;;;;;;;;;;;;;;;;;;;;;;;;;;;;;;;;;711010.0;0.0;1101.0;False;E:\Experiments\PTT\Spheroids\22042025\24042025 after laser\Analysis\2025-04-24_153122_tube3_cropped_8bits\7_1101_0_8bits.tiff;E:\Experiments\PTT\Spheroids\22042025\24042025 after laser\Analysis\2025-04-24_153122_tube3_segmentationDebug\7_1101_0_segmented.tiff;2208.0;(61. 54);198.71067678928372;0.9279260348812776;53.02181546095191;0.7026944574736946;0.9209436946790966;870.2448379885583;0.9607342995894124;0.8754184482439096;0.8810171356732115;37.0;69.44750974766424;Alive
3;Tube 3;903010.0;903010.0;0.0;301.0;False;G:\Experiments\PTT\Spheroids\22042025\23042025\Analysis\2025-04-23_130029_tube3_cropped_8bits2\9_0301_0_8bits.tiff;G:\Experiments\PTT\Spheroids\22042025\23042025\Analysis\2025-04-23_130029_tube3_segmentationDebug2\9_0301_0_segmented.tiff;1242.5;(80. 77);142.325900554656;0.938089845224613;39.7743652913964;0.770794097886002;0.867500900819862;533.065678533831;0.972085525532319;0.939706033978676;0.904278117904433;903010.0;0.0;301.0;False;G:\Experiments\PTT\Spheroids\22042025\24042025 before laser\Analysis\2025-04-24_100828_tube3_cropped_8bits2\9_0301_0_8bits.tiff;G:\Experiments\PTT\Spheroids\22042025\24042025 before laser\Analysis\2025-04-24_100828_tube3_segmentationDebug2\9_0301_0_segmented.tiff;1687.5;(74. 73);177.639608740806;0.907258064516129;46.3529042427827;0.672007360061084;0.898782639958903;988.526165323354;0.976716155506838;0.919121842106588;0.881782059252708;;;;;;;;;;;;;;;;;;;;
3;Tube 4;1002030.0;;;;;;;;;;;;;;;;;;;;;;;;;;;;;;;;;;;1002030.0;0.0;203.0;False;E:\Experiments\PTT\Spheroids\22042025\24042025 after laser\Analysis\2025-04-24_152108_tube4_cropped_8bits\10_0203_0_8bits.tiff;E:\Experiments\PTT\Spheroids\22042025\24042025 after laser\Analysis\2025-04-24_152108_tube4_segmentationDebug\10_0203_0_segmented.tiff;2771.5;(80. 77);248.4091612100601;0.8805401111993646;59.4035638512834;0.5644032816108615;0.5222920709999582;831.9920339648664;0.9532227806536532;0.8688973226695212;0.8932887384367911;66.5;15.949385713234753;Dead
3;Tube 4;1002040.0;1002040.0;0.0;204.0;False;G:\Experiments\PTT\Spheroids\22042025\23042025\Analysis\2025-04-23_131037_tube4_cropped_8bits2\10_0204_0_8bits.tiff;G:\Experiments\PTT\Spheroids\22042025\23042025\Analysis\2025-04-23_131037_tube4_segmentationDebug2\10_0204_0_segmented.tiff;2178.5;(79. 76);239.580734014511;0.805807286850379;52.6664252461238;0.476939888676555;0.486099211577271;409.511384362087;0.957702206029406;0.894979904535959;0.91413925598656;1002040.0;0.0;204.0;False;G:\Experiments\PTT\Spheroids\22042025\24042025 before laser\Analysis\2025-04-24_101849_tube4_cropped_8bits2\10_0204_0_8bits.tiff;G:\Experiments\PTT\Spheroids\22042025\24042025 before laser\Analysis\2025-04-24_101849_tube4_segmentationDebug2\10_0204_0_segmented.tiff;2505.5;(79. 75);230.267025589942;0.902070207020702;56.4809851129913;0.593800786997879;0.609756298965561;1065.639748711;0.952534078472064;0.881144289871353;0.86409532954654;;;;;;;;;;;;;;;;;;;;
3;Tube 4;105050.0;;;;;;;;;;;;;;;;;;;;;;;;;;;;;;;;;;;105050.0;0.0;505.0;False;E:\Experiments\PTT\Spheroids\22042025\24042025 after laser\Analysis\2025-04-24_152108_tube4_cropped_8bits\1_0505_0_8bits.tiff;E:\Experiments\PTT\Spheroids\22042025\24042025 after laser\Analysis\2025-04-24_152108_tube4_segmentationDebug\1_0505_0_segmented.tiff;2841.0;(71. 80);227.6812391281128;0.9207583859990276;60.14377396366641;0.6886944847607676;0.8586665639206083;1272.4442359556715;0.9499183964156594;0.8660630480912589;0.8277802928059634;37.0;107.93790921797984;Alive
3;Tube 4;106050.0;;;;;;;;;;;;;;;;;;106050.0;0.0;605.0;False;G:\Experiments\PTT\Spheroids\22042025\24042025 before laser\Analysis\2025-04-24_101849_tube4_cropped_8bits2\1_0605_0_8bits.tiff;G:\Experiments\PTT\Spheroids\22042025\24042025 before laser\Analysis\2025-04-24_101849_tube4_segmentationDebug2\1_0605_0_segmented.tiff;3249.0;(78. 75);260.509666204452;0.903880929197384;64.3176125244442;0.601605628158425;0.893189289937567;1021.47853631157;0.939562586712084;0.847013014451106;0.873183148484845;;;;;;;;;;;;;;;;;;;;
3;Tube 4;107050.0;107050.0;0.0;705.0;False;G:\Experiments\PTT\Spheroids\22042025\23042025\Analysis\2025-04-23_131037_tube4_cropped_8bits2\1_0705_0_8bits.tiff;G:\Experiments\PTT\Spheroids\22042025\23042025\Analysis\2025-04-23_131037_tube4_segmentationDebug2\1_0705_0_segmented.tiff;2354.5;(80. 67);211.438598871231;0.914724164724164;54.7525570916915;0.661820193681614;0.770483649984494;657.244307534053;0.952839110299828;0.887737159742608;0.894153476592624;;;;;;;;;;;;;;;;;;;;;;;;;;;;;;;;;;;;;
3;Tube 4;1102060.0;;;;;;;;;;;;;;;;;;;;;;;;;;;;;;;;;;;1102060.0;0.0;206.0;False;E:\Experiments\PTT\Spheroids\22042025\24042025 after laser\Analysis\2025-04-24_152108_tube4_cropped_8bits\11_0206_0_8bits.tiff;E:\Experiments\PTT\Spheroids\22042025\24042025 after laser\Analysis\2025-04-24_152108_tube4_segmentationDebug\11_0206_0_segmented.tiff;1835.0;(70. 81);232.5096662044525;0.804295419680035;48.33626552174903;0.4265440686984919;0.7971670633763587;813.9376934853718;0.9684606707469716;0.9105146282340872;0.8839157452256023;52.4;37.019053924814244;Dead
3;Tube 4;1102090.0;1102090.0;0.0;209.0;False;G:\Experiments\PTT\Spheroids\22042025\23042025\Analysis\2025-04-23_131037_tube4_cropped_8bits2\11_0209_0_8bits.tiff;G:\Experiments\PTT\Spheroids\22042025\23042025\Analysis\2025-04-23_131037_tube4_segmentationDebug2\11_0209_0_segmented.tiff;1136.5;(77. 64);135.497473835945;0.940811258278145;38.0399361538832;0.777887704838218;0.915080963784592;262.334062038936;0.984571608202086;0.944841159242901;0.939549945806554;;;;;;;;;;;;;;;;;;;;;;;;;;;;;;;;;;;;;
3;Tube 4;1202090.0;;;;;;;;;;;;;;;;;;;;;;;;;;;;;;;;;;;1202090.0;0.0;209.0;False;E:\Experiments\PTT\Spheroids\22042025\24042025 after laser\Analysis\2025-04-24_152108_tube4_cropped_8bits\12_0209_0_8bits.tiff;E:\Experiments\PTT\Spheroids\22042025\24042025 after laser\Analysis\2025-04-24_152108_tube4_segmentationDebug\12_0209_0_segmented.tiff;1596.5;(70. 77);170.81118214130402;0.9122857142857144;45.08577306833817;0.6876163429004214;0.7745493010800438;821.9299921273688;0.9748827141332472;0.923338572889044;0.8996541458862404;56.5;14.837048480835724;Dead
3;Tube 4;1202100.0;1202100.0;0.0;210.0;False;G:\Experiments\PTT\Spheroids\22042025\23042025\Analysis\2025-04-23_131037_tube4_cropped_8bits2\12_0210_0_8bits.tiff;G:\Experiments\PTT\Spheroids\22042025\23042025\Analysis\2025-04-23_131037_tube4_segmentationDebug2\12_0210_0_segmented.tiff;1073.5;(69. 100);152.468036413192;0.882449650637073;36.9705646599182;0.580302308726407;0.861657468233803;370.119880576452;0.982032959255225;0.946965749457057;0.903342120797275;;;;;;;;;;;;;;;;;;;;;;;;;;;;;;;;;;;;;
3;Tube 4;1302120.0;;;;;;;;;;;;;;;;;;;;;;;;;;;;;;;;;;;1302120.0;0.0;212.0;False;E:\Experiments\PTT\Spheroids\22042025\24042025 after laser\Analysis\2025-04-24_152108_tube4_cropped_8bits\13_0212_0_8bits.tiff;E:\Experiments\PTT\Spheroids\22042025\24042025 after laser\Analysis\2025-04-24_152108_tube4_segmentationDebug\13_0212_0_segmented.tiff;1547.0;(76. 81);162.9116871356964;0.932208496535101;44.38132012125481;0.7324798719797604;0.9340973963164838;1076.5602540910456;0.9764123538522276;0.9256228284931716;0.8874762953098264;56.7;40.16773339218715;Dead
3;Tube 4;1302130.0;;;;;;;;;;;;;;;;;;1302130.0;0.0;213.0;False;G:\Experiments\PTT\Spheroids\22042025\24042025 before laser\Analysis\2025-04-24_101849_tube4_cropped_8bits2\13_0213_0_8bits.tiff;G:\Experiments\PTT\Spheroids\22042025\24042025 before laser\Analysis\2025-04-24_101849_tube4_segmentationDebug2\13_0213_0_segmented.tiff;1512.5;(76. 72);172.124890327453;0.895765472312703;43.8836508441575;0.641531365010116;0.917835225519974;1169.65298015707;0.972935173054557;0.926769457337603;0.863447660027781;;;;;;;;;;;;;;;;;;;;
3;Tube 4;1402150.0;;;;;;;;;;;;;;;;;;;;;;;;;;;;;;;;;;;1402150.0;0.0;215.0;False;E:\Experiments\PTT\Spheroids\22042025\24042025 after laser\Analysis\2025-04-24_152108_tube4_cropped_8bits\14_0215_0_8bits.tiff;E:\Experiments\PTT\Spheroids\22042025\24042025 after laser\Analysis\2025-04-24_152108_tube4_segmentationDebug\14_0215_0_segmented.tiff;1745.0;(74. 75);200.7106766700745;0.8503898635477583;47.13600540524048;0.5443326002203756;0.9114359287148228;997.0066925136158;0.9678466030791336;0.9155491455280668;0.8954538259054213;51.7;19.304053556977856;Dead
3;Tube 4;1402170.0;;;;;;;;;;;;;;;;;;1402170.0;0.0;217.0;False;G:\Experiments\PTT\Spheroids\22042025\24042025 before laser\Analysis\2025-04-24_101849_tube4_cropped_8bits2\14_0217_0_8bits.tiff;G:\Experiments\PTT\Spheroids\22042025\24042025 before laser\Analysis\2025-04-24_101849_tube4_segmentationDebug2\14_0217_0_segmented.tiff;1565.5;(71. 67);175.639608502388;0.880483689538807;44.6459013492044;0.637702346720958;0.965041886843162;949.923135538305;0.969657335260493;0.924348222669952;0.864876675437444;;;;;;;;;;;;;;;;;;;;
3;Tube 4;1402180.0;1402180.0;0.0;218.0;False;G:\Experiments\PTT\Spheroids\22042025\23042025\Analysis\2025-04-23_131037_tube4_cropped_8bits2\14_0218_0_8bits.tiff;G:\Experiments\PTT\Spheroids\22042025\23042025\Analysis\2025-04-23_131037_tube4_segmentationDebug2\14_0218_0_segmented.tiff;1020.0;(75. 72);138.225395321846;0.907069808803912;36.0375406434715;0.670863794681034;0.840005425184169;465.44936983331;0.984577063564825;0.949819611408385;0.900086142102178;;;;;;;;;;;;;;;;;;;;;;;;;;;;;;;;;;;;;
3;Tube 4;1502180.0;;;;;;;;;;;;;;;;;;;;;;;;;;;;;;;;;;;1502180.0;0.0;218.0;False;E:\Experiments\PTT\Spheroids\22042025\24042025 after laser\Analysis\2025-04-24_152108_tube4_cropped_8bits\15_0218_0_8bits.tiff;E:\Experiments\PTT\Spheroids\22042025\24042025 after laser\Analysis\2025-04-24_152108_tube4_segmentationDebug\15_0218_0_segmented.tiff;1280.0;(73. 74);186.56854128837583;0.8093582042364843;40.370120352322566;0.4621074836005577;0.792982161051951;1023.5914569572192;0.9735646917104476;0.9365218699626487;0.8774440753581154;58.0;22.585154123445893;Dead
3;Tube 4;1502190.0;1502190.0;0.0;219.0;False;G:\Experiments\PTT\Spheroids\22042025\23042025\Analysis\2025-04-23_131037_tube4_cropped_8bits2\15_0219_0_8bits.tiff;G:\Experiments\PTT\Spheroids\22042025\23042025\Analysis\2025-04-23_131037_tube4_segmentationDebug2\15_0219_0_segmented.tiff;869.0;(75. 80);119.254833102226;0.933404940923737;33.2632705002808;0.767852252439468;0.841448472580626;396.014772128324;0.987122132001721;0.957344351494282;0.930685343030869;1502190.0;0.0;219.0;False;G:\Experiments\PTT\Spheroids\22042025\24042025 before laser\Analysis\2025-04-24_101849_tube4_cropped_8bits2\15_0219_0_8bits.tiff;G:\Experiments\PTT\Spheroids\22042025\24042025 before laser\Analysis\2025-04-24_101849_tube4_segmentationDebug2\15_0219_0_segmented.tiff;1145.5;(70. 77);155.154327869415;0.855489171023151;38.1902592095697;0.597966933545747;0.747233393491374;854.316808259176;0.973294155183456;0.94360212518146;0.869975537466575;;;;;;;;;;;;;;;;;;;;
3;Tube 4;1602210.0;;;;;;;;;;;;;;;;;;;;;;;;;;;;;;;;;;;1602210.0;0.0;221.0;False;E:\Experiments\PTT\Spheroids\22042025\24042025 after laser\Analysis\2025-04-24_152108_tube4_cropped_8bits\16_0221_0_8bits.tiff;E:\Experiments\PTT\Spheroids\22042025\24042025 after laser\Analysis\2025-04-24_152108_tube4_segmentationDebug\16_0221_0_segmented.tiff;1142.0;(70. 75);144.225395321846;0.920967741935484;38.13187066074199;0.6899100824939955;0.718981861735181;1002.9275928367392;0.9759947338486772;0.9441497481349516;0.8640109912978293;49.0;22.967703965276247;Dead
3;Tube 4;1602220.0;1602220.0;0.0;222.0;False;G:\Experiments\PTT\Spheroids\22042025\23042025\Analysis\2025-04-23_131037_tube4_cropped_8bits2\16_0222_0_8bits.tiff;G:\Experiments\PTT\Spheroids\22042025\23042025\Analysis\2025-04-23_131037_tube4_segmentationDebug2\16_0222_0_segmented.tiff;951.5;(76. 75);136.811181902885;0.888422035480859;34.8064279525421;0.638815532315974;0.901915153936914;401.405872707336;0.980614199865996;0.952900177828299;0.89852388072632;1602220.0;0.0;222.0;False;G:\Experiments\PTT\Spheroids\22042025\24042025 before laser\Analysis\2025-04-24_101849_tube4_cropped_8bits2\16_0222_0_8bits.tiff;G:\Experiments\PTT\Spheroids\22042025\24042025 before laser\Analysis\2025-04-24_101849_tube4_segmentationDebug2\16_0222_0_segmented.tiff;1135.0;(75. 75);151.396968603134;0.886372510737993;38.0148245198423;0.622259257833536;0.831394778332677;1036.49039176033;0.977699560534144;0.944364012622177;0.874131083511132;;;;;;;;;;;;;;;;;;;;
3;Tube 4;1703240.0;;;;;;;;;;;;;;;;;;;;;;;;;;;;;;;;;;;1703240.0;0.0;324.0;False;E:\Experiments\PTT\Spheroids\22042025\24042025 after laser\Analysis\2025-04-24_152108_tube4_cropped_8bits\17_0324_0_8bits.tiff;E:\Experiments\PTT\Spheroids\22042025\24042025 after laser\Analysis\2025-04-24_152108_tube4_segmentationDebug\17_0324_0_segmented.tiff;774.5;(71. 72);117.01219248771667;0.9236732259988074;31.40261179261024;0.7108354073919909;0.8269559046757744;1112.0818390804598;0.9832827704925612;0.9615104792947986;0.8790494816045857;53.4;16.891046862355623;Dead
3;Tube 4;1704240.0;;;;;;;;;;;;;;;;;;1704240.0;0.0;424.0;False;G:\Experiments\PTT\Spheroids\22042025\24042025 before laser\Analysis\2025-04-24_101849_tube4_cropped_8bits2\17_0424_0_8bits.tiff;G:\Experiments\PTT\Spheroids\22042025\24042025 before laser\Analysis\2025-04-24_101849_tube4_segmentationDebug2\17_0424_0_segmented.tiff;684.5;(73. 61);109.840619683265;0.91571906354515;29.521728749706;0.71294720002523;0.859943157641352;921.310095939312;0.984045633287149;0.962516721674514;0.862948181335085;;;;;;;;;;;;;;;;;;;;
3;Tube 4;1705240.0;1705240.0;0.0;524.0;False;G:\Experiments\PTT\Spheroids\22042025\23042025\Analysis\2025-04-23_131037_tube4_cropped_8bits2\17_0524_0_8bits.tiff;G:\Experiments\PTT\Spheroids\22042025\23042025\Analysis\2025-04-23_131037_tube4_segmentationDebug2\17_0524_0_segmented.tiff;721.5;(78. 28);119.497473478317;0.872958257713248;30.3091130112119;0.634934247794444;0.793565085435714;434.646114967502;0.979172437491216;0.949945286496223;0.886241743088349;;;;;;;;;;;;;;;;;;;;;;;;;;;;;;;;;;;;;
3;Tube 4;1806240.0;;;;;;;;;;;;;;;;;;1806240.0;0.0;624.0;False;G:\Experiments\PTT\Spheroids\22042025\24042025 before laser\Analysis\2025-04-24_101849_tube4_cropped_8bits2\18_0624_0_8bits.tiff;G:\Experiments\PTT\Spheroids\22042025\24042025 before laser\Analysis\2025-04-24_101849_tube4_segmentationDebug2\18_0624_0_segmented.tiff;1154.0;(77. 73);136.568541407585;0.95332507228418;38.3316896917469;0.777524944204022;0.879248800789339;838.402086906803;0.976677714733774;0.943749708160818;0.885328540990876;1806240.0;0.0;624.0;False;E:\Experiments\PTT\Spheroids\22042025\24042025 after laser\Analysis\2025-04-24_152108_tube4_cropped_8bits\18_0624_0_8bits.tiff;E:\Experiments\PTT\Spheroids\22042025\24042025 after laser\Analysis\2025-04-24_152108_tube4_segmentationDebug\18_0624_0_segmented.tiff;1158.0;(71. 74);156.71067667007446;0.8822857142857143;38.39806496170502;0.5925448824317882;0.8471011531677844;1096.1693225220656;0.9758777333378202;0.9431789035247086;0.8511736652714342;48.0;38.872949312145956;Dead
3;Tube 4;1807240.0;1807240.0;0.0;724.0;False;G:\Experiments\PTT\Spheroids\22042025\23042025\Analysis\2025-04-23_131037_tube4_cropped_8bits2\18_0724_0_8bits.tiff;G:\Experiments\PTT\Spheroids\22042025\23042025\Analysis\2025-04-23_131037_tube4_segmentationDebug2\18_0724_0_segmented.tiff;918.5;(77. 76);128.325900912284;0.906265416872225;34.1975221593501;0.700906973396497;0.893150245884862;438.752987012987;0.978051353285825;0.95466989522633;0.90409571793016;;;;;;;;;;;;;;;;;;;;;;;;;;;;;;;;;;;;;
3;Tube 4;1909240.0;;;;;;;;;;;;;;;;;;1909240.0;0.0;924.0;False;G:\Experiments\PTT\Spheroids\22042025\24042025 before laser\Analysis\2025-04-24_101849_tube4_cropped_8bits2\19_0924_0_8bits.tiff;G:\Experiments\PTT\Spheroids\22042025\24042025 before laser\Analysis\2025-04-24_101849_tube4_segmentationDebug2\19_0924_0_segmented.tiff;1116.5;(78. 77);132.669046759605;0.953865869286629;37.7037392269892;0.797130403638879;0.89771162888084;802.09573456957;0.977770505857675;0.945629824537925;0.893422120947327;1909240.0;0.0;924.0;False;E:\Experiments\PTT\Spheroids\22042025\24042025 after laser\Analysis\2025-04-24_152108_tube4_cropped_8bits\19_0924_0_8bits.tiff;E:\Experiments\PTT\Spheroids\22042025\24042025 after laser\Analysis\2025-04-24_152108_tube4_segmentationDebug\19_0924_0_segmented.tiff;1094.5;(76. 72);148.81118190288544;0.8798231511254019;37.33042568351767;0.6210899443508537;0.8090582972572317;852.0844834307991;0.9756823442410494;0.9459803286734012;0.8701276851255125;44.3;34.51776649746193;Dead
3;Tube 4;1910240.0;1910240.0;0.0;1024.0;False;G:\Experiments\PTT\Spheroids\22042025\23042025\Analysis\2025-04-23_131037_tube4_cropped_8bits2\19_1024_0_8bits.tiff;G:\Experiments\PTT\Spheroids\22042025\23042025\Analysis\2025-04-23_131037_tube4_segmentationDebug2\19_1024_0_segmented.tiff;881.5;(70. 79);126.325900912284;0.898572884811417;33.5016515814376;0.694140480907956;0.815963125742321;318.406201550387;0.980697792438495;0.956470792936586;0.908659214101034;;;;;;;;;;;;;;;;;;;;;;;;;;;;;;;;;;;;;
3;Tube 4;2012240.0;;;;;;;;;;;;;;;;;;;;;;;;;;;;;;;;;;;2012240.0;0.0;1224.0;False;E:\Experiments\PTT\Spheroids\22042025\24042025 after laser\Analysis\2025-04-24_152108_tube4_cropped_8bits\20_1224_0_8bits.tiff;E:\Experiments\PTT\Spheroids\22042025\24042025 after laser\Analysis\2025-04-24_152108_tube4_segmentationDebug\20_1224_0_segmented.tiff;808.5;(70. 79);119.84061968326569;0.9192723138146676;32.084484909662784;0.7074272685619933;0.8375904103861872;971.2432667648824;0.9829213162143284;0.9597262735628108;0.8715145389789961;47.0;23.909365114397115;Dead
3;Tube 4;2013240.0;2013240.0;0.0;1324.0;False;G:\Experiments\PTT\Spheroids\22042025\23042025\Analysis\2025-04-23_131037_tube4_cropped_8bits2\20_1324_0_8bits.tiff;G:\Experiments\PTT\Spheroids\22042025\23042025\Analysis\2025-04-23_131037_tube4_segmentationDebug2\20_1324_0_segmented.tiff;643.0;(73. 71);97.2548329830169;0.964741185296324;28.6128122921307;0.854276485320665;0.886301186549532;486.155115383079;0.987925163147903;0.967955289389626;0.897665286707101;2013240.0;0.0;1324.0;False;G:\Experiments\PTT\Spheroids\22042025\24042025 before laser\Analysis\2025-04-24_101849_tube4_cropped_8bits2\20_1324_0_8bits.tiff;G:\Experiments\PTT\Spheroids\22042025\24042025 before laser\Analysis\2025-04-24_101849_tube4_segmentationDebug2\20_1324_0_segmented.tiff;695.0;(78. 76);103.254833102226;0.961937716262975;29.7472937187727;0.819169719918048;0.830571410795429;618.929742077722;0.987559660848251;0.96559686947255;0.891893182977114;;;;;;;;;;;;;;;;;;;;
3;Tube 4;208050.0;;;;;;;;;;;;;;;;;;;;;;;;;;;;;;;;;;;208050.0;0.0;805.0;False;E:\Experiments\PTT\Spheroids\22042025\24042025 after laser\Analysis\2025-04-24_152108_tube4_cropped_8bits\2_0805_0_8bits.tiff;E:\Experiments\PTT\Spheroids\22042025\24042025 after laser\Analysis\2025-04-24_152108_tube4_segmentationDebug\2_0805_0_segmented.tiff;2494.5;(83. 72);220.9533174037933;0.8985951008645533;56.35686332951705;0.6420846969982077;0.916803604120255;1123.2576193797076;0.9543001330462836;0.8817315250179675;0.854644136889752;37.0;110.52747737806224;Alive
3;Tube 4;210050.0;210050.0;0.0;1005.0;False;G:\Experiments\PTT\Spheroids\22042025\23042025\Analysis\2025-04-23_131037_tube4_cropped_8bits2\2_1005_0_8bits.tiff;G:\Experiments\PTT\Spheroids\22042025\23042025\Analysis\2025-04-23_131037_tube4_segmentationDebug2\2_1005_0_segmented.tiff;1887.5;(75. 69);215.296463370323;0.809564657945528;49.0228481494865;0.511708973163922;0.806352001751088;699.186156171872;0.966864459406109;0.908538957392819;0.903142405014898;;;;;;;;;;;;;;;;;;;;;;;;;;;;;;;;;;;;;
3;Tube 4;311050.0;;;;;;;;;;;;;;;;;;;;;;;;;;;;;;;;;;;311050.0;0.0;1105.0;False;E:\Experiments\PTT\Spheroids\22042025\24042025 after laser\Analysis\2025-04-24_152108_tube4_cropped_8bits\3_1105_0_8bits.tiff;E:\Experiments\PTT\Spheroids\22042025\24042025 after laser\Analysis\2025-04-24_152108_tube4_segmentationDebug\3_1105_0_segmented.tiff;2660.5;(72. 73);219.09545266628265;0.929107735288982;58.20183681609972;0.6964763912815339;0.8771191086364967;1251.9408887990453;0.9523916116484352;0.8742096868948039;0.8560668181692793;37.0;99.16868976679173;Alive
3;Tube 4;313050.0;313050.0;0.0;1305.0;False;G:\Experiments\PTT\Spheroids\22042025\23042025\Analysis\2025-04-23_131037_tube4_cropped_8bits2\3_1305_0_8bits.tiff;G:\Experiments\PTT\Spheroids\22042025\23042025\Analysis\2025-04-23_131037_tube4_segmentationDebug2\3_1305_0_segmented.tiff;1908.5;(76. 74);177.639609575271;0.9305216967333;49.2948036929558;0.760015427927232;0.991482660057635;585.906762574442;0.962571537178406;0.908933547617897;0.915231853957744;313050.0;0.0;1305.0;False;G:\Experiments\PTT\Spheroids\22042025\24042025 before laser\Analysis\2025-04-24_101849_tube4_cropped_8bits2\3_1305_0_8bits.tiff;G:\Experiments\PTT\Spheroids\22042025\24042025 before laser\Analysis\2025-04-24_101849_tube4_segmentationDebug2\3_1305_0_segmented.tiff;2560.5;(75. 77);218.610171437263;0.919885036824142;57.0975468325425;0.673277210643503;0.915338548807281;1245.12574071849;0.96137387351287;0.879046750546358;0.852217933618467;;;;;;;;;;;;;;;;;;;;
3;Tube 4;414050.0;;;;;;;;;;;;;;;;;;;;;;;;;;;;;;;;;;;414050.0;0.0;1405.0;False;E:\Experiments\PTT\Spheroids\22042025\24042025 after laser\Analysis\2025-04-24_152108_tube4_cropped_8bits\4_1405_0_8bits.tiff;E:\Experiments\PTT\Spheroids\22042025\24042025 after laser\Analysis\2025-04-24_152108_tube4_segmentationDebug\4_1405_0_segmented.tiff;2814.5;(77. 72);228.7523068189621;0.9190204081632654;59.86261520061678;0.6758964296560042;0.7639070363587548;1076.1431938517271;0.9545934950928396;0.867267727066702;0.8591973784727035;37.0;85.45574928271904;Alive
3;Tube 4;415030.0;415030.0;0.0;1503.0;False;G:\Experiments\PTT\Spheroids\22042025\23042025\Analysis\2025-04-23_131037_tube4_cropped_8bits2\4_1503_0_8bits.tiff;G:\Experiments\PTT\Spheroids\22042025\23042025\Analysis\2025-04-23_131037_tube4_segmentationDebug2\4_1503_0_segmented.tiff;1959.0;(78. 72);184.367531180381;0.937769267592149;49.9427298826984;0.7242281804170561;0.794781243881849;595.265447346923;0.959205882161428;0.906521559135249;0.8991095632946;;;;;;;;;;;;;;;;;;;;;;;;;;;;;;;;;;;;;
3;Tube 4;415040.0;;;;;;;;;;;;;;;;;;415040.0;0.0;1504.0;False;G:\Experiments\PTT\Spheroids\22042025\24042025 before laser\Analysis\2025-04-24_101849_tube4_cropped_8bits2\4_1504_0_8bits.tiff;G:\Experiments\PTT\Spheroids\22042025\24042025 before laser\Analysis\2025-04-24_101849_tube4_segmentationDebug2\4_1504_0_segmented.tiff;2912.0;(69. 75);236.509665727615;0.905331882480957;60.8906688604156;0.654189314516373;0.818355664332616;1181.82148893121;0.953140157899099;0.862720473106472;0.853757140177331;;;;;;;;;;;;;;;;;;;;
3;Tube 4;513010.0;513010.0;0.0;1301.0;False;G:\Experiments\PTT\Spheroids\22042025\23042025\Analysis\2025-04-23_131037_tube4_cropped_8bits2\5_1301_0_8bits.tiff;G:\Experiments\PTT\Spheroids\22042025\23042025\Analysis\2025-04-23_131037_tube4_segmentationDebug2\5_1301_0_segmented.tiff;1968.5;(77. 74);178.124889969825;0.953038005325587;50.0636798868318;0.779643504517626;0.855794818892158;486.759831612089;0.96642396813893;0.906501412737336;0.919691783925046;;;;;;;;;;;;;;;;;;;;;;;;;;;;;;;;;;;;;
3;Tube 4;514010.0;;;;;;;;;;;;;;;;;;514010.0;0.0;1401.0;False;G:\Experiments\PTT\Spheroids\22042025\24042025 before laser\Analysis\2025-04-24_101849_tube4_cropped_8bits2\5_1401_0_8bits.tiff;G:\Experiments\PTT\Spheroids\22042025\24042025 before laser\Analysis\2025-04-24_101849_tube4_segmentationDebug2\5_1401_0_segmented.tiff;2643.5;(72. 72);234.267025589942;0.889917522302642;58.0155904607322;0.60529467290747;0.982705784633557;1203.19501709964;0.956731823396174;0.87481213465449;0.844467928008921;;;;;;;;;;;;;;;;;;;;
3;Tube 4;515020.0;;;;;;;;;;;;;;;;;;;;;;;;;;;;;;;;;;;515020.0;0.0;1502.0;False;E:\Experiments\PTT\Spheroids\22042025\24042025 after laser\Analysis\2025-04-24_152108_tube4_cropped_8bits\5_1502_0_8bits.tiff;E:\Experiments\PTT\Spheroids\22042025\24042025 after laser\Analysis\2025-04-24_152108_tube4_segmentationDebug\5_1502_0_segmented.tiff;2789.5;(77. 75);226.26702547073364;0.9198680956306676;59.59615516154324;0.6846895421182876;0.9061038840904778;1062.4873674360574;0.9518599506035902;0.8684186629617896;0.8619040765492485;37.0;77.27506804973147;Alive
3;Tube 4;610010.0;610010.0;0.0;1001.0;False;G:\Experiments\PTT\Spheroids\22042025\23042025\Analysis\2025-04-23_131037_tube4_cropped_8bits2\6_1001_0_8bits.tiff;G:\Experiments\PTT\Spheroids\22042025\23042025\Analysis\2025-04-23_131037_tube4_segmentationDebug2\6_1001_0_segmented.tiff;1730.5;(76. 78);165.63960969448;0.945628415300546;46.9397596091437;0.792598179889519;0.894214379852865;418.987907122405;0.979346949853069;0.917543899713548;0.940053469272451;;;;;;;;;;;;;;;;;;;;;;;;;;;;;;;;;;;;;
3;Tube 4;611010.0;;;;;;;;;;;;;;;;;;611010.0;0.0;1101.0;False;G:\Experiments\PTT\Spheroids\22042025\24042025 before laser\Analysis\2025-04-24_101849_tube4_cropped_8bits2\6_1101_0_8bits.tiff;G:\Experiments\PTT\Spheroids\22042025\24042025 before laser\Analysis\2025-04-24_101849_tube4_segmentationDebug2\6_1101_0_segmented.tiff;2442.5;(77. 77);202.610171675682;0.941777520724889;55.766366100147;0.74769064584203;0.867164099927235;1260.02806557412;0.958441465571982;0.884604820828502;0.837249586999434;;;;;;;;;;;;;;;;;;;;
3;Tube 4;612010.0;;;;;;;;;;;;;;;;;;;;;;;;;;;;;;;;;;;612010.0;0.0;1201.0;False;E:\Experiments\PTT\Spheroids\22042025\24042025 after laser\Analysis\2025-04-24_152108_tube4_cropped_8bits\6_1201_0_8bits.tiff;E:\Experiments\PTT\Spheroids\22042025\24042025 after laser\Analysis\2025-04-24_152108_tube4_segmentationDebug\6_1201_0_segmented.tiff;2703.5;(77. 85);221.78174436092377;0.930957300275482;58.67029153832042;0.6906923533980613;0.8513030127271949;1058.5018804767583;0.9549478906705912;0.872354250204954;0.8692857691653997;37.0;97.4030751121901;Alive
3;Tube 4;708010.0;708010.0;0.0;801.0;False;G:\Experiments\PTT\Spheroids\22042025\23042025\Analysis\2025-04-23_131037_tube4_cropped_8bits2\7_0801_0_8bits.tiff;G:\Experiments\PTT\Spheroids\22042025\23042025\Analysis\2025-04-23_131037_tube4_segmentationDebug2\7_0801_0_segmented.tiff;1809.0;(75. 74);175.195958137512;0.943661971830985;47.9926071017808;0.740628236933532;0.821675817566687;583.743777139208;0.964407432097286;0.913241234352827;0.902578417388367;;;;;;;;;;;;;;;;;;;;;;;;;;;;;;;;;;;;;
3;Tube 4;709010.0;;;;;;;;;;;;;;;;;;709010.0;0.0;901.0;False;G:\Experiments\PTT\Spheroids\22042025\24042025 before laser\Analysis\2025-04-24_101849_tube4_cropped_8bits2\7_0901_0_8bits.tiff;G:\Experiments\PTT\Spheroids\22042025\24042025 before laser\Analysis\2025-04-24_101849_tube4_segmentationDebug2\7_0901_0_segmented.tiff;2489.0;(77. 68);226.710676789283;0.888769862524549;56.2946998113127;0.608542359141126;0.94736128392852;1321.52992885031;0.955905228019035;0.88163252747241;0.850237791117071;709010.0;0.0;901.0;False;E:\Experiments\PTT\Spheroids\22042025\24042025 after laser\Analysis\2025-04-24_152108_tube4_cropped_8bits\7_0901_0_8bits.tiff;E:\Experiments\PTT\Spheroids\22042025\24042025 after laser\Analysis\2025-04-24_152108_tube4_segmentationDebug\7_0901_0_segmented.tiff;2560.5;(77. 76);215.78174448013303;0.9228689854027752;57.0975468325425;0.6910432744305184;0.9017269394436896;1167.7819299898615;0.959188958827332;0.8787679782897657;0.8681061932813033;48.7;76.15684543515044;Alive
3;Tube 4;806010.0;;;;;;;;;;;;;;;;;;806010.0;0.0;601.0;False;G:\Experiments\PTT\Spheroids\22042025\24042025 before laser\Analysis\2025-04-24_101849_tube4_cropped_8bits2\8_0601_0_8bits.tiff;G:\Experiments\PTT\Spheroids\22042025\24042025 before laser\Analysis\2025-04-24_101849_tube4_segmentationDebug2\8_0601_0_segmented.tiff;2105.0;(73. 71);210.367530703544;0.882969798657718;51.7703509903836;0.597729301066383;0.77481304762877;1120.0262419947;0.956108298403203;0.899048863444146;0.846271916125367;806010.0;0.0;601.0;False;E:\Experiments\PTT\Spheroids\22042025\24042025 after laser\Analysis\2025-04-24_152108_tube4_cropped_8bits\8_0601_0_8bits.tiff;E:\Experiments\PTT\Spheroids\22042025\24042025 after laser\Analysis\2025-04-24_152108_tube4_segmentationDebug\8_0601_0_segmented.tiff;2576.0;(74. 74);232.85281229019165;0.8849192717279285;57.27010622687703;0.5970253167346213;0.7141771683189165;919.7526390818384;0.943423842011777;0.8770347846367651;0.8769572403559843;55.2;10.069888913411315;Dead
3;Tube 4;903010.0;903010.0;0.0;301.0;False;G:\Experiments\PTT\Spheroids\22042025\23042025\Analysis\2025-04-23_131037_tube4_cropped_8bits2\9_0301_0_8bits.tiff;G:\Experiments\PTT\Spheroids\22042025\23042025\Analysis\2025-04-23_131037_tube4_segmentationDebug2\9_0301_0_segmented.tiff;1718.5;(71. 80);172.124890208244;0.928918918918918;46.7767266664457;0.728906877551717;0.90535508260006;578.749542915185;0.97549802236261;0.917809345760536;0.905680927144541;903010.0;0.0;301.0;False;G:\Experiments\PTT\Spheroids\22042025\24042025 before laser\Analysis\2025-04-24_101849_tube4_cropped_8bits2\9_0301_0_8bits.tiff;G:\Experiments\PTT\Spheroids\22042025\24042025 before laser\Analysis\2025-04-24_101849_tube4_segmentationDebug2\9_0301_0_segmented.tiff;2277.0;(69. 68);210.024385094642;0.888238736102984;53.8439081360367;0.648684395610138;0.904143014753566;1329.7197228008;0.959444228522298;0.891395955985094;0.832031810327355;903010.0;0.0;301.0;False;E:\Experiments\PTT\Spheroids\22042025\24042025 after laser\Analysis\2025-04-24_152108_tube4_cropped_8bits\9_0301_0_8bits.tiff;E:\Experiments\PTT\Spheroids\22042025\24042025 after laser\Analysis\2025-04-24_152108_tube4_segmentationDebug\9_0301_0_segmented.tiff;2481.5;(77. 80);223.4385985136032;0.8953635215587227;56.209820585555214;0.624608293199312;0.8786775715797678;1074.1624619026975;0.9587872884002532;0.8823409170193931;0.8757981322993417;52.0;60.50172883101597;Alive
