Experiment ID;Sheet;merge_number;Name_day0;Index_day0;Wells_day0;multiple_day0;Path 8bcrop_day0;Path segmented_day0;Area (pix2)_day0;Centroid_day0;Perimeter (pix)_day0;Solidity_day0;Equivalent Diameter (pix)_day0;Circularity_day0;Aspect ratio_day0;Mean grey value_day0;Homogeneity_day0;Energy_day0;Correlation_day0;Name_day1;Index_day1;Wells_day1;multiple_day1;Path 8bcrop_day1;Path segmented_day1;Area (pix2)_day1;Centroid_day1;Perimeter (pix)_day1;Solidity_day1;Equivalent Diameter (pix)_day1;Circularity_day1;Aspect ratio_day1;Mean grey value_day1;Homogeneity_day1;Energy_day1;Correlation_day1;Name_day2;Index_day2;Wells_day2;multiple_day2;Path 8bcrop_day2;Path segmented_day2;Area (pix2)_day2;Centroid_day2;Perimeter (pix)_day2;Solidity_day2;Equivalent Diameter (pix)_day2;Circularity_day2;Aspect ratio_day2;Mean grey value_day2;Homogeneity_day2;Energy_day2;Correlation_day2;Max temp (°C)_day2;Normalised alb_day2;Label_day2;Name_delta;Index_delta;Wells_delta;multiple_delta;Path 8bcrop_delta;Path segmented_delta;Area (pix2)_delta;Centroid_delta;Perimeter (pix)_delta;Solidity_delta;Equivalent Diameter (pix)_delta;Circularity_delta;Aspect ratio_delta;Mean grey value_delta;Homogeneity_delta;Energy_delta;Correlation_delta
1;Tube 1;1002040.0;1002040.0;0.0;204.0;False;G:\Experiments\PTT\Spheroids\14042025\15042025\Analysis\2025-04-15_155122_tube1_cropped_8bits2\10_0204_0_8bits.tiff;G:\Experiments\PTT\Spheroids\14042025\15042025\Analysis\2025-04-15_155122_tube1_segmentationDebug2\10_0204_0_segmented.tiff;2525.5;(75. 74);212.752306938171;0.932090791658977;56.7059650321608;0.701146355468346;0.894556060350414;572.124321598826;0.967070656358931;0.880682747081184;0.926774963940769;1002040.0;0.0;204.0;False;G:\Experiments\PTT\Spheroids\14042025\16042025 before laser\Analysis\2025-04-16_092220_tube1_cropped_8bits2\10_0204_0_8bits.tiff;G:\Experiments\PTT\Spheroids\14042025\16042025 before laser\Analysis\2025-04-16_092220_tube1_segmentationDebug2\10_0204_0_segmented.tiff;3089.0;(77. 76);231.823375225067;0.943206106870229;62.7139295028378;0.722292862081446;0.762388543683626;840.344156138957;0.934876079639199;0.854644555084941;0.913212930306172;;;;;;;;;;;;;;;;;;;;;;;;;;;;;;;;;;;;;
1;Tube 1;1002050.0;;;;;;;;;;;;;;;;;;;;;;;;;;;;;;;;;;;1002050.0;0.0;205.0;False;E:\Experiments\PTT\Spheroids\14042025\16042025 after laser\Analysis\2025-04-16_154549_tube1_cropped_8bits\10_0205_0_8bits.tiff;E:\Experiments\PTT\Spheroids\14042025\16042025 after laser\Analysis\2025-04-16_154549_tube1_segmentationDebug\10_0205_0_segmented.tiff;3018.0;(78. 78);207.33809435367584;0.9805068226120858;61.98900665449255;0.8822078019927732;0.9031890646068926;351.1090397741168;0.9600167876340004;0.8593786026318329;0.9333091936615872;;;Dead;;;;;;;;;;;;;;;;;
1;Tube 1;106050.0;106050.0;0.0;605.0;False;G:\Experiments\PTT\Spheroids\14042025\15042025\Analysis\2025-04-15_155122_tube1_cropped_8bits2\1_0605_0_8bits.tiff;G:\Experiments\PTT\Spheroids\14042025\15042025\Analysis\2025-04-15_155122_tube1_segmentationDebug2\1_0605_0_segmented.tiff;2661.0;(76. 75);200.994947314262;0.964130434782608;58.2073056285915;0.827721923606323;0.912607040791416;621.65963054145;0.942273838044893;0.87479954555537;0.917992499823723;;;;;;;;;;;;;;;;;;;;;;;;;;;;;;;;;;;;;;;;;;;;;;;;;;;;;;
1;Tube 1;1102070.0;1102070.0;0.0;207.0;False;G:\Experiments\PTT\Spheroids\14042025\15042025\Analysis\2025-04-15_155122_tube1_cropped_8bits2\11_0207_0_8bits.tiff;G:\Experiments\PTT\Spheroids\14042025\15042025\Analysis\2025-04-15_155122_tube1_segmentationDebug2\11_0207_0_segmented.tiff;2231.5;(75. 77);181.923880338668;0.974879860200961;53.3032273326532;0.847280738913207;0.879122497153764;603.705533063427;0.9746056081895;0.895180241638573;0.893124317449018;;;;;;;;;;;;;;;;;;;;;;;;;;;;;;;;;;;;;;;;;;;;;;;;;;;;;;
1;Tube 1;1202100.0;1202100.0;0.0;210.0;False;G:\Experiments\PTT\Spheroids\14042025\15042025\Analysis\2025-04-15_155122_tube1_cropped_8bits2\12_0210_0_8bits.tiff;G:\Experiments\PTT\Spheroids\14042025\15042025\Analysis\2025-04-15_155122_tube1_segmentationDebug2\12_0210_0_segmented.tiff;3028.0;(78. 71);244.79393684864;0.899316899316899;62.0916205414069;0.634986396225449;0.73830457899695;479.901621682784;0.945536491449621;0.857460865214432;0.937784946990611;;;;;;;;;;;;;;;;;;;;;;;;;;;;;;;;;;;;;;;;;;;;;;;;;;;;;;
1;Tube 1;1302130.0;1302130.0;0.0;213.0;False;G:\Experiments\PTT\Spheroids\14042025\15042025\Analysis\2025-04-15_155122_tube1_cropped_8bits2\13_0213_0_8bits.tiff;G:\Experiments\PTT\Spheroids\14042025\15042025\Analysis\2025-04-15_155122_tube1_segmentationDebug2\13_0213_0_segmented.tiff;2484.5;(78. 74);202.752306938171;0.948463447222752;56.2437876471216;0.759481599524964;0.725727953595289;574.261287412423;0.946098107205865;0.882796079010235;0.92419937999685;1302130.0;0.0;213.0;False;G:\Experiments\PTT\Spheroids\14042025\16042025 before laser\Analysis\2025-04-16_092220_tube1_cropped_8bits2\13_0213_0_8bits.tiff;G:\Experiments\PTT\Spheroids\14042025\16042025 before laser\Analysis\2025-04-16_092220_tube1_segmentationDebug2\13_0213_0_segmented.tiff;3206.5;(75. 80);229.237587571144;0.949652006515622;63.895560097657;0.766777656771893;0.95634711158973;614.76324039653;0.946354412513572;0.850137021292449;0.937205493811929;;;;;;;;;;;;;;;;;;;;;;;;;;;;;;;;;;;;;
1;Tube 1;1302140.0;;;;;;;;;;;;;;;;;;;;;;;;;;;;;;;;;;;1302140.0;0.0;214.0;False;E:\Experiments\PTT\Spheroids\14042025\16042025 after laser\Analysis\2025-04-16_154549_tube1_cropped_8bits\13_0214_0_8bits.tiff;E:\Experiments\PTT\Spheroids\14042025\16042025 after laser\Analysis\2025-04-16_154549_tube1_segmentationDebug\13_0214_0_segmented.tiff;3312.5;(74. 83);228.89444279670715;0.963356114584848;64.94309810853827;0.7945024730213299;0.9125367499204142;661.195084279125;0.9459868967330476;0.8453288453129739;0.9238087523930324;;;Dead;;;;;;;;;;;;;;;;;
1;Tube 1;1502190.0;1502190.0;0.0;219.0;False;G:\Experiments\PTT\Spheroids\14042025\15042025\Analysis\2025-04-15_155122_tube1_cropped_8bits2\15_0219_0_8bits.tiff;G:\Experiments\PTT\Spheroids\14042025\15042025\Analysis\2025-04-15_155122_tube1_segmentationDebug2\15_0219_0_segmented.tiff;2119.5;(74. 78);189.095452785491;0.940536942533836;51.9483514181747;0.744871082081243;0.948452337424767;521.859740327085;0.953363364309135;0.899283042785442;0.918389180253189;1502190.0;0.0;219.0;False;G:\Experiments\PTT\Spheroids\14042025\16042025 before laser\Analysis\2025-04-16_092220_tube1_cropped_8bits2\15_0219_0_8bits.tiff;G:\Experiments\PTT\Spheroids\14042025\16042025 before laser\Analysis\2025-04-16_092220_tube1_segmentationDebug2\15_0219_0_segmented.tiff;2874.5;(80. 73);272.551296114921;0.862824553504427;60.4973311092417;0.486267980913747;0.837983931618406;730.199834245419;0.939746014373867;0.86289140765814;0.908127754502465;;;;;;;;;;;;;;;;;;;;;;;;;;;;;;;;;;;;;
1;Tube 1;1502200.0;;;;;;;;;;;;;;;;;;;;;;;;;;;;;;;;;;;1502200.0;0.0;220.0;False;E:\Experiments\PTT\Spheroids\14042025\16042025 after laser\Analysis\2025-04-16_154549_tube1_cropped_8bits\15_0220_0_8bits.tiff;E:\Experiments\PTT\Spheroids\14042025\16042025 after laser\Analysis\2025-04-16_154549_tube1_segmentationDebug\15_0220_0_segmented.tiff;2855.0;(69. 71);204.65180146694183;0.9734060688714626;60.29178136544723;0.8566133388355968;0.9854029666555016;794.08173408471;0.9507508480024864;0.8662811397447652;0.9147084256550764;;;Dead;;;;;;;;;;;;;;;;;
1;Tube 1;1602220.0;1602220.0;0.0;222.0;False;G:\Experiments\PTT\Spheroids\14042025\15042025\Analysis\2025-04-15_155122_tube1_cropped_8bits2\16_0222_0_8bits.tiff;G:\Experiments\PTT\Spheroids\14042025\15042025\Analysis\2025-04-15_155122_tube1_segmentationDebug2\16_0222_0_segmented.tiff;1851.0;(74. 74);167.539103865623;0.967337339952965;48.5465384688217;0.828674369372082;0.969123012059686;584.619182316987;0.957734647625066;0.91182179296611;0.914918525233017;1602220.0;0.0;222.0;False;G:\Experiments\PTT\Spheroids\14042025\16042025 before laser\Analysis\2025-04-16_092220_tube1_cropped_8bits2\16_0222_0_8bits.tiff;G:\Experiments\PTT\Spheroids\14042025\16042025 before laser\Analysis\2025-04-16_092220_tube1_segmentationDebug2\16_0222_0_segmented.tiff;2545.5;(72. 72);194.752306938171;0.970268724985706;56.93005586791;0.843369214220302;0.939408443669061;619.902044275751;0.950793959923055;0.880133911456376;0.914029126837216;;;;;;;;;;;;;;;;;;;;;;;;;;;;;;;;;;;;;
1;Tube 1;1602230.0;;;;;;;;;;;;;;;;;;;;;;;;;;;;;;;;;;;1602230.0;0.0;223.0;False;E:\Experiments\PTT\Spheroids\14042025\16042025 after laser\Analysis\2025-04-16_154549_tube1_cropped_8bits\16_0223_0_8bits.tiff;E:\Experiments\PTT\Spheroids\14042025\16042025 after laser\Analysis\2025-04-16_154549_tube1_segmentationDebug\16_0223_0_segmented.tiff;2511.0;(69. 77);195.8233745098114;0.9644709045515651;56.54294382882796;0.8228629649985127;0.9747275611801312;756.6046007539767;0.9412280406026192;0.8814482918992949;0.898597207545495;;;Dead;;;;;;;;;;;;;;;;;
1;Tube 1;1704240.0;1704240.0;0.0;424.0;False;G:\Experiments\PTT\Spheroids\14042025\15042025\Analysis\2025-04-15_155122_tube1_cropped_8bits2\17_0424_0_8bits.tiff;G:\Experiments\PTT\Spheroids\14042025\15042025\Analysis\2025-04-15_155122_tube1_segmentationDebug2\17_0424_0_segmented.tiff;1894.5;(77. 74);176.468036293983;0.942537313432835;49.1136673187898;0.764490983588752;0.92051611183987;489.700178657645;0.956228559118201;0.909406088917379;0.921169466371675;1704240.0;0.0;424.0;False;G:\Experiments\PTT\Spheroids\14042025\16042025 before laser\Analysis\2025-04-16_092220_tube1_cropped_8bits2\17_0424_0_8bits.tiff;G:\Experiments\PTT\Spheroids\14042025\16042025 before laser\Analysis\2025-04-16_092220_tube1_segmentationDebug2\17_0424_0_segmented.tiff;2370.5;(76. 75);192.468036174774;0.959910913140311;54.9382775557689;0.804141718231425;0.992790493011836;621.034565063811;0.945768664997863;0.879796249028492;0.910081753029137;;;;;;;;;;;;;;;;;;;;;;;;;;;;;;;;;;;;;
1;Tube 1;1705240.0;;;;;;;;;;;;;;;;;;;;;;;;;;;;;;;;;;;1705240.0;0.0;524.0;False;E:\Experiments\PTT\Spheroids\14042025\16042025 after laser\Analysis\2025-04-16_154549_tube1_cropped_8bits\17_0524_0_8bits.tiff;E:\Experiments\PTT\Spheroids\14042025\16042025 after laser\Analysis\2025-04-16_154549_tube1_segmentationDebug\17_0524_0_segmented.tiff;4034.0;(86. 92);397.6223640441895;0.8255397523790033;71.66762395574202;0.3206299976039223;0.5513359611009184;381.4553202377933;0.9061351866554704;0.8065289486078101;0.920890589624998;;;Dead;;;;;;;;;;;;;;;;;
1;Tube 1;1909240.0;;;;;;;;;;;;;;;;;;1909240.0;0.0;924.0;False;G:\Experiments\PTT\Spheroids\14042025\16042025 before laser\Analysis\2025-04-16_092220_tube1_cropped_8bits2\19_0924_0_8bits.tiff;G:\Experiments\PTT\Spheroids\14042025\16042025 before laser\Analysis\2025-04-16_092220_tube1_segmentationDebug2\19_0924_0_segmented.tiff;2432.5;(76. 77);197.580735087394;0.960892751333201;55.6520906396901;0.783021197579166;0.909283440830761;517.943802216217;0.94316515393193;0.873832944300485;0.906709686432762;;;;;;;;;;;;;;;;;;;;;;;;;;;;;;;;;;;;;
1;Tube 1;1910240.0;1910240.0;0.0;1024.0;False;G:\Experiments\PTT\Spheroids\14042025\15042025\Analysis\2025-04-15_155122_tube1_cropped_8bits2\19_1024_0_8bits.tiff;G:\Experiments\PTT\Spheroids\14042025\15042025\Analysis\2025-04-15_155122_tube1_segmentationDebug2\19_1024_0_segmented.tiff;1874.0;(74. 76);170.024385333061;0.96523306721607;48.8472200522577;0.814623667518475;0.85633254666683;543.866178403061;0.960899752147804;0.910881449635243;0.93027934581649;;;;;;;;;;;;;;;;;;;;;;;;;;;;;;;;;;;;;;;;;;;;;;;;;;;;;;
1;Tube 1;1911240.0;;;;;;;;;;;;;;;;;;;;;;;;;;;;;;;;;;;1911240.0;0.0;1124.0;False;E:\Experiments\PTT\Spheroids\14042025\16042025 after laser\Analysis\2025-04-16_154549_tube1_cropped_8bits\19_1124_0_8bits.tiff;E:\Experiments\PTT\Spheroids\14042025\16042025 after laser\Analysis\2025-04-16_154549_tube1_segmentationDebug\19_1124_0_segmented.tiff;2496.5;(76. 87);193.4385985136032;0.9704567541302236;56.37945125159816;0.8384075110793404;0.9846925884531992;716.1714153942285;0.9485764987652232;0.8822019625284608;0.922533220854476;;;Dead;;;;;;;;;;;;;;;;;
1;Tube 1;209050.0;209050.0;0.0;905.0;False;G:\Experiments\PTT\Spheroids\14042025\15042025\Analysis\2025-04-15_155122_tube1_cropped_8bits2\2_0905_0_8bits.tiff;G:\Experiments\PTT\Spheroids\14042025\15042025\Analysis\2025-04-15_155122_tube1_segmentationDebug2\2_0905_0_segmented.tiff;2832.0;(75. 74);202.166520118713;0.98077922077922;60.0484337072165;0.870732273331007;0.991655988528749;565.462831054048;0.941290238647028;0.867009835747435;0.926338664616899;209050.0;0.0;905.0;False;G:\Experiments\PTT\Spheroids\14042025\16042025 before laser\Analysis\2025-04-16_092220_tube1_cropped_8bits2\2_0905_0_8bits.tiff;G:\Experiments\PTT\Spheroids\14042025\16042025 before laser\Analysis\2025-04-16_092220_tube1_segmentationDebug2\2_0905_0_segmented.tiff;3831.5;(74. 70);237.237589001655;0.975308641975308;69.8456678374026;0.855483604146107;0.927472810987781;697.284937579057;0.919088215508301;0.821553839336739;0.92723938022645;209050.0;0.0;905.0;False;E:\Experiments\PTT\Spheroids\14042025\16042025 after laser\Analysis\2025-04-16_154549_tube1_cropped_8bits\2_0905_0_8bits.tiff;E:\Experiments\PTT\Spheroids\14042025\16042025 after laser\Analysis\2025-04-16_154549_tube1_segmentationDebug\2_0905_0_segmented.tiff;3799.5;(79. 84);235.03657722473145;0.978874146592812;69.55338705067676;0.8643017750220281;0.9281928999214152;724.3807460891537;0.9184970588318706;0.8229961714229046;0.9029323989143032;;;Dead;0.0;0.0;0.0;;;;-32.0;;-2.201011776923565;0.003565504617504045;-0.2922807867258399;0.008818170875921072;0.0007200889336341776;27.09580851009673;-0.0005911566764303933;0.0014423320861656208;-0.024306981312146814
1;Tube 1;312050.0;312050.0;0.0;1205.0;False;G:\Experiments\PTT\Spheroids\14042025\15042025\Analysis\2025-04-15_155122_tube1_cropped_8bits2\3_1205_0_8bits.tiff;G:\Experiments\PTT\Spheroids\14042025\15042025\Analysis\2025-04-15_155122_tube1_segmentationDebug2\3_1205_0_segmented.tiff;2907.5;(72. 67);211.095452547073;0.966107326798471;60.8436025915419;0.819920664116592;0.924228647302038;621.156823636062;0.936424350125092;0.863411499137627;0.922654415129326;;;;;;;;;;;;;;;;;;;;;;;;;;;;;;;;;;;;;;;;;;;;;;;;;;;;;;
1;Tube 1;313050.0;;;;;;;;;;;;;;;;;;313050.0;0.0;1305.0;False;G:\Experiments\PTT\Spheroids\14042025\16042025 before laser\Analysis\2025-04-16_092220_tube1_cropped_8bits2\3_1305_0_8bits.tiff;G:\Experiments\PTT\Spheroids\14042025\16042025 before laser\Analysis\2025-04-16_092220_tube1_segmentationDebug2\3_1305_0_segmented.tiff;3682.5;(72. 72);262.066014885902;0.921085542771385;68.474116449117;0.673800315906243;0.881143696522975;752.383354543075;0.927423884680969;0.827328465079995;0.912550236920742;313050.0;0.0;1305.0;False;E:\Experiments\PTT\Spheroids\14042025\16042025 after laser\Analysis\2025-04-16_154549_tube1_cropped_8bits\3_1305_0_8bits.tiff;E:\Experiments\PTT\Spheroids\14042025\16042025 after laser\Analysis\2025-04-16_154549_tube1_segmentationDebug\3_1305_0_segmented.tiff;4603.5;(61. 81);354.00713992118835;0.8459983460442893;76.55950786276203;0.4616086823561646;0.7487529872711168;1002.7802870597797;0.913136652981346;0.784165836310272;0.9068907780179192;;;Dead;0.0;0.0;0.0;;;;921.0;;91.94112503528635;-0.07508719672709574;8.085391413645027;-0.21219163355007842;-0.13239070925185814;250.39693251670462;-0.014287231699622982;-0.04316262876972299;-0.005659458902822823
1;Tube 1;415030.0;;;;;;;;;;;;;;;;;;415030.0;0.0;1503.0;False;G:\Experiments\PTT\Spheroids\14042025\16042025 before laser\Analysis\2025-04-16_092220_tube1_cropped_8bits2\4_1503_0_8bits.tiff;G:\Experiments\PTT\Spheroids\14042025\16042025 before laser\Analysis\2025-04-16_092220_tube1_segmentationDebug2\4_1503_0_segmented.tiff;3416.0;(74. 75);219.823374271392;0.985716346847496;65.9498770644443;0.888341571392216;0.969943073995169;714.504289142329;0.93146553815648;0.84068187469684;0.904393812609107;;;;;;;;;;;;;;;;;;;;;;;;;;;;;;;;;;;;;
1;Tube 1;415040.0;415040.0;0.0;1504.0;False;G:\Experiments\PTT\Spheroids\14042025\15042025\Analysis\2025-04-15_155122_tube1_cropped_8bits2\4_1504_0_8bits.tiff;G:\Experiments\PTT\Spheroids\14042025\15042025\Analysis\2025-04-15_155122_tube1_segmentationDebug2\4_1504_0_segmented.tiff;2765.5;(76. 54);199.923880338668;0.976173667490293;59.3392278426766;0.869469159382741;0.979041717351834;559.8157611456;0.938838084170447;0.847955383566247;0.923251908101317;;;;;;;;;;;;;;;;;;415040.0;0.0;1504.0;False;E:\Experiments\PTT\Spheroids\14042025\16042025 after laser\Analysis\2025-04-16_154549_tube1_cropped_8bits\4_1504_0_8bits.tiff;E:\Experiments\PTT\Spheroids\14042025\16042025 after laser\Analysis\2025-04-16_154549_tube1_segmentationDebug\4_1504_0_segmented.tiff;3559.0;(71. 74);249.1370829343796;0.939794032215474;67.31611649309876;0.7205449882161717;0.8436490073207517;895.8058138910246;0.9234077105238574;0.833176975557013;0.890187808139436;;;Dead;;;;;;;;;;;;;;;;;
1;Tube 1;515020.0;515020.0;0.0;1502.0;False;G:\Experiments\PTT\Spheroids\14042025\15042025\Analysis\2025-04-15_155122_tube1_cropped_8bits2\5_1502_0_8bits.tiff;G:\Experiments\PTT\Spheroids\14042025\15042025\Analysis\2025-04-15_155122_tube1_segmentationDebug2\5_1502_0_segmented.tiff;2679.5;(78. 75);222.610171437263;0.919526424159231;58.4092917275827;0.679475211017172;0.880028752217002;639.867112570953;0.942264830962026;0.873086125654614;0.912963489041973;;;;;;;;;;;;;;;;;;;;;;;;;;;;;;;;;;;;;;;;;;;;;;;;;;;;;;
1;Tube 1;612010.0;612010.0;0.0;1201.0;False;G:\Experiments\PTT\Spheroids\14042025\15042025\Analysis\2025-04-15_155122_tube1_cropped_8bits2\6_1201_0_8bits.tiff;G:\Experiments\PTT\Spheroids\14042025\15042025\Analysis\2025-04-15_155122_tube1_segmentationDebug2\6_1201_0_segmented.tiff;3624.5;(81. 78);328.208150506019;0.801437258153676;67.9327368055534;0.422823624220541;0.687112143218852;742.084828097178;0.923813577162291;0.82773694116174;0.917425365682706;;;;;;;;;;;;;;;;;;;;;;;;;;;;;;;;;;;;;;;;;;;;;;;;;;;;;;
1;Tube 1;707010.0;;;;;;;;;;;;;;;;;;707010.0;0.0;701.0;False;G:\Experiments\PTT\Spheroids\14042025\16042025 before laser\Analysis\2025-04-16_092220_tube1_cropped_8bits2\7_0701_0_8bits.tiff;G:\Experiments\PTT\Spheroids\14042025\16042025 before laser\Analysis\2025-04-16_092220_tube1_segmentationDebug2\7_0701_0_segmented.tiff;3054.0;(79. 76);212.166519880294;0.974784551548037;62.3576263950223;0.852560467926292;0.961693416071778;542.666951273244;0.942406203612123;0.855103497281195;0.929967175517392;707010.0;0.0;701.0;False;E:\Experiments\PTT\Spheroids\14042025\16042025 after laser\Analysis\2025-04-16_154549_tube1_cropped_8bits\7_0701_0_8bits.tiff;E:\Experiments\PTT\Spheroids\14042025\16042025 after laser\Analysis\2025-04-16_154549_tube1_segmentationDebug\7_0701_0_segmented.tiff;3082.5;(77. 75);210.40916109085083;0.98043893129771;62.64791214913821;0.8749508545450094;0.9659038757168884;866.8495182511365;0.931148827228966;0.8556023766520995;0.8947000408344472;;;Dead;0.0;0.0;0.0;;;;28.5;;-1.757358789443174;0.0056543797496729775;0.2902857541159065;0.022390386618717395;0.004210459645110354;324.1825669778925;-0.011257376383157047;0.0004988793709045369;-0.035267134682944845
1;Tube 1;709010.0;709010.0;0.0;901.0;False;G:\Experiments\PTT\Spheroids\14042025\15042025\Analysis\2025-04-15_155122_tube1_cropped_8bits2\7_0901_0_8bits.tiff;G:\Experiments\PTT\Spheroids\14042025\15042025\Analysis\2025-04-15_155122_tube1_segmentationDebug2\7_0901_0_segmented.tiff;2514.0;(73. 74);212.651801586151;0.932665553700612;56.5767108929478;0.698613549657939;0.858320760465176;778.694563134157;0.939745632694288;0.880642987326832;0.900227591879533;;;;;;;;;;;;;;;;;;;;;;;;;;;;;;;;;;;;;;;;;;;;;;;;;;;;;;
1;Tube 1;902020.0;;;;;;;;;;;;;;;;;;902020.0;0.0;202.0;False;G:\Experiments\PTT\Spheroids\14042025\16042025 before laser\Analysis\2025-04-16_092220_tube1_cropped_8bits2\9_0202_0_8bits.tiff;G:\Experiments\PTT\Spheroids\14042025\16042025 before laser\Analysis\2025-04-16_092220_tube1_segmentationDebug2\9_0202_0_segmented.tiff;3030.5;(81. 70);209.438598394393;0.979793081150986;62.117247526914;0.868181858729641;0.990376279694757;384.416883123012;0.956168069378996;0.858343514379404;0.936214974384123;;;;;;;;;;;;;;;;;;;;;;;;;;;;;;;;;;;;;
1;Tube 1;902030.0;;;;;;;;;;;;;;;;;;;;;;;;;;;;;;;;;;;902030.0;0.0;203.0;False;E:\Experiments\PTT\Spheroids\14042025\16042025 after laser\Analysis\2025-04-16_154549_tube1_cropped_8bits\9_0203_0_8bits.tiff;E:\Experiments\PTT\Spheroids\14042025\16042025 after laser\Analysis\2025-04-16_154549_tube1_segmentationDebug\9_0203_0_segmented.tiff;3206.0;(72. 80);212.9949473142624;0.9854003380974335;63.89057818192704;0.8880446038782808;0.990288275567474;529.4701476924149;0.9563084292467632;0.8509863264060018;0.9220259600109972;;;Dead;;;;;;;;;;;;;;;;;
1;Tube 2;1002050.0;1002050.0;0.0;205.0;False;G:\Experiments\PTT\Spheroids\14042025\15042025\Analysis\2025-04-15_160201_tube2_cropped_8bits2\10_0205_0_8bits.tiff;G:\Experiments\PTT\Spheroids\14042025\15042025\Analysis\2025-04-15_160201_tube2_segmentationDebug2\10_0205_0_segmented.tiff;2545.0;(74. 72);194.509666323661;0.973417479441575;56.9244643483888;0.845308571985347;0.935105358897715;392.069406196213;0.960288865889181;0.880453712466763;0.927971979352932;;;;;;;;;;;;;;;;;;1002050.0;0.0;205.0;False;E:\Experiments\PTT\Spheroids\14042025\16042025 after laser\Analysis\2025-04-16_160604_tube2_cropped_8bits\10_0205_0_8bits.tiff;E:\Experiments\PTT\Spheroids\14042025\16042025 after laser\Analysis\2025-04-16_160604_tube2_segmentationDebug\10_0205_0_segmented.tiff;4577.0;(74. 78);297.8233745098114;0.9175102736293476;76.33883281956072;0.6484451050137922;0.9554564960822548;1135.4082135406595;0.9312405143580824;0.788497498747956;0.8639970711467205;64.6;39.520702245008934;Dead;;;;;;;;;;;;;;;;;
1;Tube 2;1002060.0;;;;;;;;;;;;;;;;;;1002060.0;0.0;206.0;False;G:\Experiments\PTT\Spheroids\14042025\16042025 before laser\Analysis\2025-04-16_093235_tube2_cropped_8bits2\10_0206_0_8bits.tiff;G:\Experiments\PTT\Spheroids\14042025\16042025 before laser\Analysis\2025-04-16_093235_tube2_segmentationDebug2\10_0206_0_segmented.tiff;3896.0;(78. 76);315.137082695961;0.876786317092382;70.4311100742292;0.492980557462105;0.756018721174989;899.144676281951;0.948922985872689;0.817647157559373;0.874554482645508;;;;;;;;;;;;;;;;;;;;;;;;;;;;;;;;;;;;;
1;Tube 2;108050.0;108050.0;0.0;805.0;False;G:\Experiments\PTT\Spheroids\14042025\15042025\Analysis\2025-04-15_160201_tube2_cropped_8bits2\1_0805_0_8bits.tiff;G:\Experiments\PTT\Spheroids\14042025\15042025\Analysis\2025-04-15_160201_tube2_segmentationDebug2\1_0805_0_segmented.tiff;2951.0;(74. 78);214.651801109313;0.966273739358218;61.2970627070617;0.804840828904735;0.884467026773618;566.469374706581;0.946377157296383;0.861797723382236;0.919654484812661;;;;;;;;;;;;;;;;;;;;;;;;;;;;;;;;;;;;;;;;;;;;;;;;;;;;;;
1;Tube 2;1102080.0;1102080.0;0.0;208.0;False;G:\Experiments\PTT\Spheroids\14042025\15042025\Analysis\2025-04-15_160201_tube2_cropped_8bits2\11_0208_0_8bits.tiff;G:\Experiments\PTT\Spheroids\14042025\15042025\Analysis\2025-04-15_160201_tube2_segmentationDebug2\11_0208_0_segmented.tiff;2109.5;(74. 73);190.610171556472;0.934440753045404;51.8256579275056;0.729620872108846;0.902463557905216;511.656154489955;0.966639502133856;0.899802996431958;0.914186801677336;1102080.0;0.0;208.0;False;G:\Experiments\PTT\Spheroids\14042025\16042025 before laser\Analysis\2025-04-16_093235_tube2_cropped_8bits2\11_0208_0_8bits.tiff;G:\Experiments\PTT\Spheroids\14042025\16042025 before laser\Analysis\2025-04-16_093235_tube2_segmentationDebug2\11_0208_0_segmented.tiff;3326.0;(77. 73);240.651801466941;0.937429537767756;65.0753004279592;0.721695296341098;0.959147772798648;813.309888545195;0.959980589414462;0.845684567779684;0.887132599976777;;;;;;;;;;;;;;;;;;;;;;;;;;;;;;;;;;;;;
1;Tube 2;1102090.0;;;;;;;;;;;;;;;;;;;;;;;;;;;;;;;;;;;1102090.0;0.0;209.0;False;E:\Experiments\PTT\Spheroids\14042025\16042025 after laser\Analysis\2025-04-16_160604_tube2_cropped_8bits\11_0209_0_8bits.tiff;E:\Experiments\PTT\Spheroids\14042025\16042025 after laser\Analysis\2025-04-16_160604_tube2_segmentationDebug\11_0209_0_segmented.tiff;3568.0;(75. 75);256.99494767189026;0.914754518651455;67.40117725689264;0.6788683142145167;0.9763274482938462;1241.881163348498;0.953916971130078;0.8339594398840628;0.8502551228366286;68.9;2.960848287112561;Dead;;;;;;;;;;;;;;;;;
1;Tube 2;1202110.0;1202110.0;0.0;211.0;False;G:\Experiments\PTT\Spheroids\14042025\15042025\Analysis\2025-04-15_160201_tube2_cropped_8bits2\12_0211_0_8bits.tiff;G:\Experiments\PTT\Spheroids\14042025\15042025\Analysis\2025-04-15_160201_tube2_segmentationDebug2\12_0211_0_segmented.tiff;2426.0;(75. 73);192.024385094642;0.96422893481717;55.5776855898795;0.826776063096494;0.860981220862442;528.796186920564;0.965652513091913;0.88587551695321;0.924563023232264;1202110.0;0.0;211.0;False;G:\Experiments\PTT\Spheroids\14042025\16042025 before laser\Analysis\2025-04-16_093235_tube2_cropped_8bits2\12_0211_0_8bits.tiff;G:\Experiments\PTT\Spheroids\14042025\16042025 before laser\Analysis\2025-04-16_093235_tube2_segmentationDebug2\12_0211_0_segmented.tiff;4215.0;(74. 73);287.480229139328;0.908600991593015;73.2577960428698;0.640901780777567;0.895083281047424;746.863577775635;0.964008087287992;0.807543124689209;0.915658053615658;1202110.0;0.0;211.0;False;E:\Experiments\PTT\Spheroids\14042025\16042025 after laser\Analysis\2025-04-16_160604_tube2_cropped_8bits\12_0211_0_8bits.tiff;E:\Experiments\PTT\Spheroids\14042025\16042025 after laser\Analysis\2025-04-16_160604_tube2_segmentationDebug\12_0211_0_segmented.tiff;4669.5;(74. 79);309.23758804798126;0.9066990291262136;77.1063684408807;0.6136146068166018;0.9748807427982984;1134.5829745125352;0.9271902062646136;0.7833637527512451;0.8709567309458258;63.9;41.849219296201355;Dead;0.0;0.0;0.0;;;;454.5;;21.75735890865326;-0.0019019624668014101;3.8485723980109015;-0.02728717396096514;0.07979746175087443;387.7193967369002;-0.03681788102337846;-0.024179371937963823;-0.04470132266983218
1;Tube 2;1302140.0;1302140.0;0.0;214.0;False;G:\Experiments\PTT\Spheroids\14042025\15042025\Analysis\2025-04-15_160201_tube2_cropped_8bits2\13_0214_0_8bits.tiff;G:\Experiments\PTT\Spheroids\14042025\15042025\Analysis\2025-04-15_160201_tube2_segmentationDebug2\13_0214_0_segmented.tiff;2547.5;(76. 73);194.752306461334;0.976427750095822;56.9524164563087;0.844031853760375;0.872106906749401;408.849680595404;0.973158673082873;0.881288567047809;0.940434327691899;1302140.0;0.0;214.0;False;G:\Experiments\PTT\Spheroids\14042025\16042025 before laser\Analysis\2025-04-16_093235_tube2_cropped_8bits2\13_0214_0_8bits.tiff;G:\Experiments\PTT\Spheroids\14042025\16042025 before laser\Analysis\2025-04-16_093235_tube2_segmentationDebug2\13_0214_0_segmented.tiff;4061.0;(70. 72);295.965510129928;0.917221908526256;71.9070635693705;0.582586806417833;0.890509099639176;783.025130025776;0.959930705402477;0.813224141609676;0.91045627263338;1302140.0;0.0;214.0;False;E:\Experiments\PTT\Spheroids\14042025\16042025 after laser\Analysis\2025-04-16_160604_tube2_cropped_8bits\13_0214_0_8bits.tiff;E:\Experiments\PTT\Spheroids\14042025\16042025 after laser\Analysis\2025-04-16_160604_tube2_segmentationDebug\13_0214_0_segmented.tiff;4563.5;(73. 73);284.8944420814514;0.9300927341281972;76.22616783230622;0.706545224359682;0.974410669671384;1215.8601501921062;0.9422847748595874;0.7897631798302615;0.8721149723453068;73.0;2.9288044744814727;Dead;0.0;0.0;0.0;;;;502.5;;-11.071068048476604;0.012870825601941194;4.319104262935724;0.12395841794184903;0.083901570032208;432.8350201663302;-0.017645930542889654;-0.02346096177941459;-0.038341300288073255
1;Tube 2;1402160.0;;;;;;;;;;;;;;;;;;1402160.0;0.0;216.0;False;G:\Experiments\PTT\Spheroids\14042025\16042025 before laser\Analysis\2025-04-16_093235_tube2_cropped_8bits2\14_0216_0_8bits.tiff;G:\Experiments\PTT\Spheroids\14042025\16042025 before laser\Analysis\2025-04-16_093235_tube2_segmentationDebug2\14_0216_0_segmented.tiff;4838.5;(73. 86);298.894441723823;0.927982355197545;78.4892956854696;0.680589009429948;0.802781239756265;784.042407932384;0.938464324253191;0.77782784305174;0.892487173421676;;;;;;;;;;;;;;;;;;;;;;;;;;;;;;;;;;;;;
1;Tube 2;1402170.0;1402170.0;0.0;217.0;False;G:\Experiments\PTT\Spheroids\14042025\15042025\Analysis\2025-04-15_160201_tube2_cropped_8bits2\14_0217_0_8bits.tiff;G:\Experiments\PTT\Spheroids\14042025\15042025\Analysis\2025-04-15_160201_tube2_segmentationDebug2\14_0217_0_segmented.tiff;2790.0;(73. 79);210.651801347732;0.958927650799106;59.601496036686;0.790103003575311;0.938918305620855;387.530226788244;0.956843971427469;0.869161998515569;0.923493798906524;;;;;;;;;;;;;;;;;;1402170.0;0.0;217.0;False;E:\Experiments\PTT\Spheroids\14042025\16042025 after laser\Analysis\2025-04-16_160604_tube2_cropped_8bits\14_0217_0_8bits.tiff;E:\Experiments\PTT\Spheroids\14042025\16042025 after laser\Analysis\2025-04-16_160604_tube2_segmentationDebug\14_0217_0_segmented.tiff;5593.5;(71. 80);339.3797231912613;0.9068579766536964;84.39114523145264;0.610269582710659;0.877717396052448;1000.435447914443;0.9079210635796656;0.7416343597454175;0.8797891936685812;54.0;94.89241047152956;Alive;;;;;;;;;;;;;;;;;
1;Tube 2;1502190.0;;;;;;;;;;;;;;;;;;1502190.0;0.0;219.0;False;G:\Experiments\PTT\Spheroids\14042025\16042025 before laser\Analysis\2025-04-16_093235_tube2_cropped_8bits2\15_0219_0_8bits.tiff;G:\Experiments\PTT\Spheroids\14042025\16042025 before laser\Analysis\2025-04-16_093235_tube2_segmentationDebug2\15_0219_0_segmented.tiff;4071.0;(80. 74);279.338093400001;0.921666289336653;71.9955428246558;0.655617650710058;0.938042962360152;751.470370323942;0.950747137042597;0.811901604213991;0.89389721517851;1502190.0;0.0;219.0;False;E:\Experiments\PTT\Spheroids\14042025\16042025 after laser\Analysis\2025-04-16_160604_tube2_cropped_8bits\15_0219_0_8bits.tiff;E:\Experiments\PTT\Spheroids\14042025\16042025 after laser\Analysis\2025-04-16_160604_tube2_segmentationDebug\15_0219_0_segmented.tiff;3859.0;(70. 81);273.4802285432816;0.9165182282389264;70.09587293937491;0.6483847239835574;0.8774975782063253;1152.167825469813;0.9477221674041256;0.820340539327079;0.8560410349331008;59.7;2.542142468733007;Dead;0.0;0.0;0.0;;;;-212.0;;-5.857864856719402;-0.005148061097726586;-1.8996698852808862;-0.007232926726500555;-0.06054538415382671;400.6974551458709;-0.00302496963847132;0.008438935113087909;-0.037856180245409154
1;Tube 2;1602220.0;;;;;;;;;;;;;;;;;;1602220.0;0.0;222.0;False;G:\Experiments\PTT\Spheroids\14042025\16042025 before laser\Analysis\2025-04-16_093235_tube2_cropped_8bits2\16_0222_0_8bits.tiff;G:\Experiments\PTT\Spheroids\14042025\16042025 before laser\Analysis\2025-04-16_093235_tube2_segmentationDebug2\16_0222_0_segmented.tiff;3283.0;(80. 75);237.681238770484;0.931479642502482;64.6532708017586;0.730282581599061;0.861539393287867;889.866947740707;0.947684503842419;0.846309314423618;0.873331770659773;1602220.0;0.0;222.0;False;E:\Experiments\PTT\Spheroids\14042025\16042025 after laser\Analysis\2025-04-16_160604_tube2_cropped_8bits\16_0222_0_8bits.tiff;E:\Experiments\PTT\Spheroids\14042025\16042025 after laser\Analysis\2025-04-16_160604_tube2_segmentationDebug\16_0222_0_segmented.tiff;3590.5;(70. 77);259.2375881671905;0.9169965521644744;67.61336099745081;0.6713806967708337;0.822399251361116;1042.9582792893027;0.9347887326155168;0.831818001569025;0.851377529921592;58.4;37.89714907170046;Dead;0.0;0.0;0.0;;;;307.5;;21.55634939670651;-0.014483090338007654;2.960090195692217;-0.058901884828227336;-0.03914014192675097;153.0913315485957;-0.01289577122690222;-0.014491312854593041;-0.021954240738180975
1;Tube 2;1602230.0;1602230.0;0.0;223.0;False;G:\Experiments\PTT\Spheroids\14042025\15042025\Analysis\2025-04-15_160201_tube2_cropped_8bits2\16_0223_0_8bits.tiff;G:\Experiments\PTT\Spheroids\14042025\15042025\Analysis\2025-04-15_160201_tube2_segmentationDebug2\16_0223_0_segmented.tiff;2128.5;(78. 72);176.6101719141;0.971252566735113;52.0585283211962;0.857535468598879;0.912396854026057;564.135825781071;0.968765573104459;0.899263761598254;0.92076822086118;;;;;;;;;;;;;;;;;;;;;;;;;;;;;;;;;;;;;;;;;;;;;;;;;;;;;;
1;Tube 2;1704240.0;;;;;;;;;;;;;;;;;;1704240.0;0.0;424.0;False;G:\Experiments\PTT\Spheroids\14042025\16042025 before laser\Analysis\2025-04-16_093235_tube2_cropped_8bits2\17_0424_0_8bits.tiff;G:\Experiments\PTT\Spheroids\14042025\16042025 before laser\Analysis\2025-04-16_093235_tube2_segmentationDebug2\17_0424_0_segmented.tiff;3239.0;(73. 78);241.338093280792;0.920955359681546;64.2185556159369;0.698826004745351;0.957405498331017;799.595603881104;0.937151937542936;0.847857349612217;0.895758013434075;1704240.0;0.0;424.0;False;E:\Experiments\PTT\Spheroids\14042025\16042025 after laser\Analysis\2025-04-16_160604_tube2_cropped_8bits\17_0424_0_8bits.tiff;E:\Experiments\PTT\Spheroids\14042025\16042025 after laser\Analysis\2025-04-16_160604_tube2_segmentationDebug\17_0424_0_segmented.tiff;2985.5;(64. 76);225.9238795042038;0.938541339201509;61.65433205223156;0.7350259388707963;0.8543499545795536;1191.3203651427775;0.9429044790033494;0.8596171614674736;0.8551049934607836;49.5;23.30653305367824;Dead;0.0;0.0;0.0;;;;-253.5;;-15.414213776588213;0.01758597951996299;-2.5642235637053474;0.03619993412544531;-0.10305554375146331;391.7247612616735;0.005752541460413374;0.011759811855256541;-0.040653019973291404
1;Tube 2;1705240.0;1705240.0;0.0;524.0;False;G:\Experiments\PTT\Spheroids\14042025\15042025\Analysis\2025-04-15_160201_tube2_cropped_8bits2\17_0524_0_8bits.tiff;G:\Experiments\PTT\Spheroids\14042025\15042025\Analysis\2025-04-15_160201_tube2_segmentationDebug2\17_0524_0_segmented.tiff;1817.0;(72. 78);183.053823113441;0.92704081632653;48.0986096762036;0.681407930981221;0.945170359507977;421.111284279129;0.963557061315924;0.912895943658844;0.915353313405803;;;;;;;;;;;;;;;;;;;;;;;;;;;;;;;;;;;;;;;;;;;;;;;;;;;;;;
1;Tube 2;1807240.0;;;;;;;;;;;;;;;;;;1807240.0;0.0;724.0;False;G:\Experiments\PTT\Spheroids\14042025\16042025 before laser\Analysis\2025-04-16_093235_tube2_cropped_8bits2\18_0724_0_8bits.tiff;G:\Experiments\PTT\Spheroids\14042025\16042025 before laser\Analysis\2025-04-16_093235_tube2_segmentationDebug2\18_0724_0_segmented.tiff;3654.5;(78. 72);250.752306818962;0.945047840703387;68.2132972098157;0.730378459096459;0.957172069324584;860.340952857272;0.933485434312942;0.829223583373276;0.890059695904416;1807240.0;0.0;724.0;False;E:\Experiments\PTT\Spheroids\14042025\16042025 after laser\Analysis\2025-04-16_160604_tube2_cropped_8bits\18_0724_0_8bits.tiff;E:\Experiments\PTT\Spheroids\14042025\16042025 after laser\Analysis\2025-04-16_160604_tube2_segmentationDebug\18_0724_0_segmented.tiff;3859.5;(74. 76);272.40916085243225;0.9173995721416688;70.10041385687649;0.6535781015504442;0.9530453205965108;1111.275410353535;0.9359385126421998;0.8199402200014215;0.8853270535511363;64.08;4.325914705196924;Dead;0.0;0.0;0.0;;;;205.0;;21.65685403347024;-0.027648268561718203;1.887116647060779;-0.07680035754601489;-0.004126748728073171;250.93445749626312;0.002453078329257896;-0.009283363371854425;-0.004732642353279748
1;Tube 2;1808240.0;1808240.0;0.0;824.0;False;G:\Experiments\PTT\Spheroids\14042025\15042025\Analysis\2025-04-15_160201_tube2_cropped_8bits2\18_0824_0_8bits.tiff;G:\Experiments\PTT\Spheroids\14042025\15042025\Analysis\2025-04-15_160201_tube2_segmentationDebug2\18_0824_0_segmented.tiff;2149.0;(75. 67);206.024384737014;0.910979228486646;52.3086205288943;0.636222505776553;0.83293286579263;450.562049700074;0.960370475270435;0.897338273037167;0.913738464441251;;;;;;;;;;;;;;;;;;;;;;;;;;;;;;;;;;;;;;;;;;;;;;;;;;;;;;
1;Tube 2;1910240.0;;;;;;;;;;;;;;;;;;1910240.0;0.0;1024.0;False;G:\Experiments\PTT\Spheroids\14042025\16042025 before laser\Analysis\2025-04-16_093235_tube2_cropped_8bits2\19_1024_0_8bits.tiff;G:\Experiments\PTT\Spheroids\14042025\16042025 before laser\Analysis\2025-04-16_093235_tube2_segmentationDebug2\19_1024_0_segmented.tiff;3316.0;(85. 81);251.338093280792;0.921111111111111;64.9773986116849;0.659641170637126;0.881366219142824;859.28133717223;0.941773875378612;0.844587875765035;0.890123818105142;1910240.0;0.0;1024.0;False;E:\Experiments\PTT\Spheroids\14042025\16042025 after laser\Analysis\2025-04-16_160604_tube2_cropped_8bits\19_1024_0_8bits.tiff;E:\Experiments\PTT\Spheroids\14042025\16042025 after laser\Analysis\2025-04-16_160604_tube2_segmentationDebug\19_1024_0_segmented.tiff;3485.5;(75. 80);262.4091604948044;0.903213267685929;66.61738836951213;0.6360876555989624;0.8820835624009751;1057.3937844446282;0.9366718663799268;0.8363861000348204;0.8677650705316102;45.6;106.32137030995106;Alive;0.0;0.0;0.0;;;;169.5;;11.071067214012373;-0.01789784342518197;1.6399897578272231;-0.023553515038163608;0.000717343258151093;198.11244727239819;-0.005102008998685181;-0.008201775730214633;-0.022358747573531734
1;Tube 2;1911240.0;1911240.0;0.0;1124.0;False;G:\Experiments\PTT\Spheroids\14042025\15042025\Analysis\2025-04-15_160201_tube2_cropped_8bits2\19_1124_0_8bits.tiff;G:\Experiments\PTT\Spheroids\14042025\15042025\Analysis\2025-04-15_160201_tube2_segmentationDebug2\19_1124_0_segmented.tiff;1990.5;(74. 79);172.610171556472;0.970265659273702;50.3426589861455;0.839535910619812;0.887001869089014;530.819005756148;0.968019832569062;0.905742251095352;0.929668955637171;;;;;;;;;;;;;;;;;;;;;;;;;;;;;;;;;;;;;;;;;;;;;;;;;;;;;;
1;Tube 2;2013240.0;;;;;;;;;;;;;;;;;;2013240.0;0.0;1324.0;False;G:\Experiments\PTT\Spheroids\14042025\16042025 before laser\Analysis\2025-04-16_093235_tube2_cropped_8bits2\20_1324_0_8bits.tiff;G:\Experiments\PTT\Spheroids\14042025\16042025 before laser\Analysis\2025-04-16_093235_tube2_segmentationDebug2\20_1324_0_segmented.tiff;3177.5;(76. 72);284.066014885902;0.873539518900343;63.605963976627;0.49483096190834;0.824615745914516;908.795223174716;0.939042379517736;0.849072125274167;0.880047174128287;2013240.0;0.0;1324.0;False;E:\Experiments\PTT\Spheroids\14042025\16042025 after laser\Analysis\2025-04-16_160604_tube2_cropped_8bits\20_1324_0_8bits.tiff;E:\Experiments\PTT\Spheroids\14042025\16042025 after laser\Analysis\2025-04-16_160604_tube2_segmentationDebug\20_1324_0_segmented.tiff;3336.0;(77. 74);258.9949469566345;0.8973772696704775;65.17305517801435;0.6249615863774798;0.8205455186689363;1108.1534231206529;0.9419670230108754;0.8427724725545284;0.8665148991527251;59.9;43.83593567932883;Dead;0.0;0.0;0.0;;;;158.5;;-25.071067929267485;0.023837750770134503;1.567091201387349;0.1301306244691398;-0.004070227245579705;199.3581999459368;0.0029246434931394782;-0.006299652719638615;-0.013532274975561975
1;Tube 2;2014240.0;2014240.0;0.0;1424.0;False;G:\Experiments\PTT\Spheroids\14042025\15042025\Analysis\2025-04-15_160201_tube2_cropped_8bits2\20_1424_0_8bits.tiff;G:\Experiments\PTT\Spheroids\14042025\15042025\Analysis\2025-04-15_160201_tube2_segmentationDebug2\20_1424_0_segmented.tiff;1926.0;(76. 76);178.8528124094;0.95630585898709;49.5202924381502;0.756614394470371;0.850707037947478;659.145191192133;0.963519951498159;0.90820997975457;0.906643305027425;;;;;;;;;;;;;;;;;;;;;;;;;;;;;;;;;;;;;;;;;;;;;;;;;;;;;;
1;Tube 2;210050.0;;;;;;;;;;;;;;;;;;;;;;;;;;;;;;;;;;;210050.0;0.0;1005.0;False;E:\Experiments\PTT\Spheroids\14042025\16042025 after laser\Analysis\2025-04-16_160604_tube2_cropped_8bits\2_1005_0_8bits.tiff;E:\Experiments\PTT\Spheroids\14042025\16042025 after laser\Analysis\2025-04-16_160604_tube2_segmentationDebug\2_1005_0_segmented.tiff;5426.0;(79. 76);330.79393672943115;0.9190379403794038;83.11797500981959;0.6231241343036446;0.868556756758121;1035.4887037095773;0.9024046160880724;0.7487081103219808;0.8944417357531468;37.0;137.19024314456615;Alive;;;;;;;;;;;;;;;;;
1;Tube 2;313050.0;313050.0;0.0;1305.0;False;G:\Experiments\PTT\Spheroids\14042025\15042025\Analysis\2025-04-15_160201_tube2_cropped_8bits2\3_1305_0_8bits.tiff;G:\Experiments\PTT\Spheroids\14042025\15042025\Analysis\2025-04-15_160201_tube2_segmentationDebug2\3_1305_0_segmented.tiff;2570.0;(75. 69);202.16652059555;0.959313176558417;57.2033707920203;0.790177235841971;0.976390024114752;576.505280448717;0.956542318430672;0.878990653228395;0.917233095793241;313050.0;0.0;1305.0;False;G:\Experiments\PTT\Spheroids\14042025\16042025 before laser\Analysis\2025-04-16_093235_tube2_cropped_8bits2\3_1305_0_8bits.tiff;G:\Experiments\PTT\Spheroids\14042025\16042025 before laser\Analysis\2025-04-16_093235_tube2_segmentationDebug2\3_1305_0_segmented.tiff;4143.5;(75. 75);274.066015362739;0.934694337920144;72.6337941567845;0.693213219242241;0.899034884277063;1031.53334000615;0.936803319618321;0.807849111702706;0.885735476122979;313050.0;0.0;1305.0;False;E:\Experiments\PTT\Spheroids\14042025\16042025 after laser\Analysis\2025-04-16_160604_tube2_cropped_8bits\3_1305_0_8bits.tiff;E:\Experiments\PTT\Spheroids\14042025\16042025 after laser\Analysis\2025-04-16_160604_tube2_segmentationDebug\3_1305_0_segmented.tiff;4148.5;(81. 78);306.83556711673737;0.8776179394965095;72.67760488165403;0.5537191694426202;0.8157340024935208;1117.0583773408523;0.9379713244903928;0.8072821196594094;0.8826502541910874;37.0;105.4668686397887;Alive;0.0;0.0;0.0;;;;5.0;;32.76955175399837;-0.057076398423634545;0.043810724869530304;-0.13949404979962077;-0.08330088178354222;85.52503733470235;0.001168004872071804;-0.0005669920432965769;-0.0030852219318915353
1;Tube 2;415030.0;415030.0;0.0;1503.0;False;G:\Experiments\PTT\Spheroids\14042025\15042025\Analysis\2025-04-15_160201_tube2_cropped_8bits2\4_1503_0_8bits.tiff;G:\Experiments\PTT\Spheroids\14042025\15042025\Analysis\2025-04-15_160201_tube2_segmentationDebug2\4_1503_0_segmented.tiff;2620.5;(73. 77);198.752307534217;0.970915153760652;57.7626542584263;0.833622962487089;0.912398920650022;564.226513978343;0.947718253000858;0.876556532428792;0.905654676594533;415030.0;0.0;1503.0;False;G:\Experiments\PTT\Spheroids\14042025\16042025 before laser\Analysis\2025-04-16_093235_tube2_cropped_8bits2\4_1503_0_8bits.tiff;G:\Experiments\PTT\Spheroids\14042025\16042025 before laser\Analysis\2025-04-16_093235_tube2_segmentationDebug2\4_1503_0_segmented.tiff;4527.5;(78. 72);333.37972331047;0.875979491148302;75.9249105286825;0.511905692933523;0.913923467329625;945.730979405504;0.936959753157147;0.789536247394051;0.879485051966895;415030.0;0.0;1503.0;False;E:\Experiments\PTT\Spheroids\14042025\16042025 after laser\Analysis\2025-04-16_160604_tube2_cropped_8bits\4_1503_0_8bits.tiff;E:\Experiments\PTT\Spheroids\14042025\16042025 after laser\Analysis\2025-04-16_160604_tube2_segmentationDebug\4_1503_0_segmented.tiff;4729.0;(75. 79);346.16652059555054;0.8499281092739037;77.59606824480596;0.4959170640833872;0.8050123517226385;1045.9687722329636;0.9238384484428952;0.7794428261385526;0.8743563490962325;37.0;101.30117299774723;Alive;0.0;0.0;0.0;;;;201.5;;12.786797285080524;-0.02605138187439826;1.67115771612346;-0.015988628850135744;-0.10891111560698652;100.23779282745966;-0.01312130471425177;-0.010093421255498392;-0.0051287028706624715
1;Tube 2;513010.0;;;;;;;;;;;;;;;;;;513010.0;0.0;1301.0;False;G:\Experiments\PTT\Spheroids\14042025\16042025 before laser\Analysis\2025-04-16_093235_tube2_cropped_8bits2\5_1301_0_8bits.tiff;G:\Experiments\PTT\Spheroids\14042025\16042025 before laser\Analysis\2025-04-16_093235_tube2_segmentationDebug2\5_1301_0_segmented.tiff;3895.5;(69. 76);284.06601524353;0.906984866123399;70.4265904791352;0.606644848862426;0.846038006997636;995.388469422583;0.942449310131899;0.818382730469259;0.873208136416406;513010.0;0.0;1301.0;False;E:\Experiments\PTT\Spheroids\14042025\16042025 after laser\Analysis\2025-04-16_160604_tube2_cropped_8bits\5_1301_0_8bits.tiff;E:\Experiments\PTT\Spheroids\14042025\16042025 after laser\Analysis\2025-04-16_160604_tube2_segmentationDebug\5_1301_0_segmented.tiff;4076.5;(79. 77);284.89444231987;0.9023796347537356;72.04416009721322;0.6311453056385462;0.8085617717937791;1088.552514923134;0.9392001170960508;0.8107956345656928;0.8712727332338885;37.0;101.40798570651752;Alive;0.0;0.0;0.0;;;;181.0;;0.8284270763400059;-0.004605231369663398;1.6175696180780221;0.024500456776120227;-0.0374762352038569;93.16404550055097;-0.0032491930358482524;-0.00758709590356621;-0.0019354031825175033
1;Tube 2;514010.0;514010.0;0.0;1401.0;False;G:\Experiments\PTT\Spheroids\14042025\15042025\Analysis\2025-04-15_160201_tube2_cropped_8bits2\5_1401_0_8bits.tiff;G:\Experiments\PTT\Spheroids\14042025\15042025\Analysis\2025-04-15_160201_tube2_segmentationDebug2\5_1401_0_segmented.tiff;2539.0;(76. 75);191.195957660675;0.981256038647343;56.8573232229813;0.872800834601245;0.958239879223314;587.030575944049;0.959544073941231;0.880880600225376;0.9187836538392;;;;;;;;;;;;;;;;;;;;;;;;;;;;;;;;;;;;;;;;;;;;;;;;;;;;;;
1;Tube 2;610010.0;;;;;;;;;;;;;;;;;;610010.0;0.0;1001.0;False;G:\Experiments\PTT\Spheroids\14042025\16042025 before laser\Analysis\2025-04-16_093235_tube2_cropped_8bits2\6_1001_0_8bits.tiff;G:\Experiments\PTT\Spheroids\14042025\16042025 before laser\Analysis\2025-04-16_093235_tube2_segmentationDebug2\6_1001_0_segmented.tiff;4305.0;(75. 72);289.823374152183;0.908419497784342;74.0357767574898;0.644044985706196;0.788371000417862;951.262806933533;0.939504402674714;0.800821736254618;0.898379906635929;610010.0;0.0;1001.0;False;E:\Experiments\PTT\Spheroids\14042025\16042025 after laser\Analysis\2025-04-16_160604_tube2_cropped_8bits\6_1001_0_8bits.tiff;E:\Experiments\PTT\Spheroids\14042025\16042025 after laser\Analysis\2025-04-16_160604_tube2_segmentationDebug\6_1001_0_segmented.tiff;4527.0;(75. 74);313.6812392473221;0.8808249829749976;75.92071798274883;0.5781536455435439;0.7744991794489176;943.4487690355132;0.9273578901261492;0.7889914122558154;0.8925809716862523;37.0;80.42996970403169;Alive;0.0;0.0;0.0;;;;222.0;;23.85786509513906;-0.027594514809344384;1.884941225259027;-0.06589134016265208;-0.01387182096894446;-7.814037898019819;-0.012146512548564803;-0.011830323998802683;-0.0057989349496767595
1;Tube 2;611010.0;611010.0;0.0;1101.0;False;G:\Experiments\PTT\Spheroids\14042025\15042025\Analysis\2025-04-15_160201_tube2_cropped_8bits2\6_1101_0_8bits.tiff;G:\Experiments\PTT\Spheroids\14042025\15042025\Analysis\2025-04-15_160201_tube2_segmentationDebug2\6_1101_0_segmented.tiff;2673.5;(75. 76);226.409160733222;0.910282601293837;58.3438593414033;0.655393398745788;0.871208508980439;603.379505061873;0.950730221150118;0.873623970019795;0.90879919523404;;;;;;;;;;;;;;;;;;;;;;;;;;;;;;;;;;;;;;;;;;;;;;;;;;;;;;
1;Tube 2;707010.0;;;;;;;;;;;;;;;;;;;;;;;;;;;;;;;;;;;707010.0;0.0;701.0;False;E:\Experiments\PTT\Spheroids\14042025\16042025 after laser\Analysis\2025-04-16_160604_tube2_cropped_8bits\7_0701_0_8bits.tiff;E:\Experiments\PTT\Spheroids\14042025\16042025 after laser\Analysis\2025-04-16_160604_tube2_segmentationDebug\7_0701_0_segmented.tiff;4219.5;(75. 77);306.0660153627396;0.8949098621420997;73.2968911960802;0.5660315463332581;0.927912928617376;1150.2929910406988;0.9398767130674114;0.8033284717255939;0.8795569235758355;54.7;30.03573370620679;Dead;;;;;;;;;;;;;;;;;
1;Tube 2;708010.0;708010.0;0.0;801.0;False;G:\Experiments\PTT\Spheroids\14042025\15042025\Analysis\2025-04-15_160201_tube2_cropped_8bits2\7_0801_0_8bits.tiff;G:\Experiments\PTT\Spheroids\14042025\15042025\Analysis\2025-04-15_160201_tube2_segmentationDebug2\7_0801_0_segmented.tiff;2941.5;(75. 83);293.521859169006;0.830228619813717;61.1983179575916;0.42904003322337;0.645958791743797;539.362617522212;0.946566646065422;0.859409159724951;0.91365245366094;708010.0;0.0;801.0;False;G:\Experiments\PTT\Spheroids\14042025\16042025 before laser\Analysis\2025-04-16_093235_tube2_cropped_8bits2\7_0801_0_8bits.tiff;G:\Experiments\PTT\Spheroids\14042025\16042025 before laser\Analysis\2025-04-16_093235_tube2_segmentationDebug2\7_0801_0_segmented.tiff;4220.0;(74. 72);301.82337462902;0.890483224308925;73.301233814871;0.582125432844049;0.911741014286818;974.277890013063;0.940663506495958;0.804051649209887;0.891344094873642;;;;;;;;;;;;;;;;;;;;;;;;;;;;;;;;;;;;;
1;Tube 2;803010.0;;;;;;;;;;;;;;;;;;;;;;;;;;;;;;;;;;;803010.0;0.0;301.0;False;E:\Experiments\PTT\Spheroids\14042025\16042025 after laser\Analysis\2025-04-16_160604_tube2_cropped_8bits\8_0301_0_8bits.tiff;E:\Experiments\PTT\Spheroids\14042025\16042025 after laser\Analysis\2025-04-16_160604_tube2_segmentationDebug\8_0301_0_segmented.tiff;4117.5;(72. 76);313.72286903858185;0.899901650092886;72.40555106790524;0.5257159043117965;0.8600731965684051;1232.227956790308;0.9476971751672107;0.8081656276754644;0.8600948582921415;73.7;2.715179056940884;Dead;;;;;;;;;;;;;;;;;
1;Tube 2;805010.0;805010.0;0.0;501.0;False;G:\Experiments\PTT\Spheroids\14042025\15042025\Analysis\2025-04-15_160201_tube2_cropped_8bits2\8_0501_0_8bits.tiff;G:\Experiments\PTT\Spheroids\14042025\15042025\Analysis\2025-04-15_160201_tube2_segmentationDebug2\8_0501_0_segmented.tiff;2567.5;(76. 77);201.92387998104;0.956594634873323;57.175541371355;0.791306896944283;0.979047462374908;542.733077103172;0.95464331333672;0.879126186632887;0.91288125714063;805010.0;0.0;501.0;False;G:\Experiments\PTT\Spheroids\14042025\16042025 before laser\Analysis\2025-04-16_093235_tube2_cropped_8bits2\8_0501_0_8bits.tiff;G:\Experiments\PTT\Spheroids\14042025\16042025 before laser\Analysis\2025-04-16_093235_tube2_segmentationDebug2\8_0501_0_segmented.tiff;3978.0;(74. 76);287.480229020118;0.905428473881871;71.1684403999165;0.604865311043314;0.812549480225628;1054.65622932478;0.943517238371719;0.815178736312098;0.875894564538303;;;;;;;;;;;;;;;;;;;;;;;;;;;;;;;;;;;;;
1;Tube 2;902020.0;902020.0;0.0;202.0;False;G:\Experiments\PTT\Spheroids\14042025\15042025\Analysis\2025-04-15_160201_tube2_cropped_8bits2\9_0202_0_8bits.tiff;G:\Experiments\PTT\Spheroids\14042025\15042025\Analysis\2025-04-15_160201_tube2_segmentationDebug2\9_0202_0_segmented.tiff;2437.0;(74. 76);192.50966656208;0.968216130313865;55.7035436082803;0.826342918410698;0.90373369228103;310.98028514467;0.964302906252847;0.885092406521781;0.934351077516345;;;;;;;;;;;;;;;;;;;;;;;;;;;;;;;;;;;;;;;;;;;;;;;;;;;;;;
1;Tube 2;902030.0;;;;;;;;;;;;;;;;;;902030.0;0.0;203.0;False;G:\Experiments\PTT\Spheroids\14042025\16042025 before laser\Analysis\2025-04-16_093235_tube2_cropped_8bits2\9_0203_0_8bits.tiff;G:\Experiments\PTT\Spheroids\14042025\16042025 before laser\Analysis\2025-04-16_093235_tube2_segmentationDebug2\9_0203_0_segmented.tiff;3116.0;(75. 74);237.681238770484;0.926002971768202;62.987414785771;0.693134488048332;0.927106351405604;810.502148227592;0.963323098153575;0.854866338450677;0.889303816368524;902030.0;0.0;203.0;False;E:\Experiments\PTT\Spheroids\14042025\16042025 after laser\Analysis\2025-04-16_160604_tube2_cropped_8bits\9_0203_0_8bits.tiff;E:\Experiments\PTT\Spheroids\14042025\16042025 after laser\Analysis\2025-04-16_160604_tube2_segmentationDebug\9_0203_0_segmented.tiff;3373.0;(76. 80);284.6518015861511;0.8815995818086775;65.53347987396751;0.5231163950621792;0.922419783579335;1153.4304201834907;0.954063672121342;0.8415720215831046;0.8477842274460012;59.0;1.6395750796240194;Dead;0.0;0.0;0.0;;;;257.0;;46.97056281566714;-0.04440338995952453;2.5460650881965066;-0.17001809298615278;-0.0046865678262690835;342.9282719558987;-0.009259426032232954;-0.013294316867572431;-0.04151958892252272
1;Tube 3;1002040.0;1002040.0;0.0;204.0;False;G:\Experiments\PTT\Spheroids\14042025\15042025\Analysis\2025-04-15_161200_tube3_cropped_8bits2\10_0204_0_8bits.tiff;G:\Experiments\PTT\Spheroids\14042025\15042025\Analysis\2025-04-15_161200_tube3_segmentationDebug2\10_0204_0_segmented.tiff;2843.5;(74. 76);211.923879861831;0.951799163179916;60.1702305584284;0.795615625608907;0.93133894106732;569.765794066317;0.945553893046984;0.86638748262131;0.916502244168814;1002040.0;0.0;204.0;False;G:\Experiments\PTT\Spheroids\14042025\16042025 before laser\Analysis\2025-04-16_094236_tube3_cropped_8bits2\10_0204_0_8bits.tiff;G:\Experiments\PTT\Spheroids\14042025\16042025 before laser\Analysis\2025-04-16_094236_tube3_segmentationDebug2\10_0204_0_segmented.tiff;4997.5;(75. 72);319.237587690353;0.911869354985859;79.7685064722536;0.616218348881017;0.893007147475471;1004.14708961701;0.913928564925639;0.768305581302308;0.88722004995649;;;;;;;;;;;;;;;;;;;;;;;;;;;;;;;;;;;;;
1;Tube 3;106050.0;106050.0;0.0;605.0;False;G:\Experiments\PTT\Spheroids\14042025\15042025\Analysis\2025-04-15_161200_tube3_cropped_8bits2\1_0605_0_8bits.tiff;G:\Experiments\PTT\Spheroids\14042025\15042025\Analysis\2025-04-15_161200_tube3_segmentationDebug2\1_0605_0_segmented.tiff;2768.0;(76. 74);202.509666442871;0.973105994023554;59.3660429860954;0.848172979995784;0.831421526642874;664.395667341977;0.946411917858281;0.870154413372403;0.913782200143276;106050.0;0.0;605.0;False;G:\Experiments\PTT\Spheroids\14042025\16042025 before laser\Analysis\2025-04-16_094236_tube3_cropped_8bits2\1_0605_0_8bits.tiff;G:\Experiments\PTT\Spheroids\14042025\16042025 before laser\Analysis\2025-04-16_094236_tube3_segmentationDebug2\1_0605_0_segmented.tiff;4639.5;(75. 70);299.722869157791;0.917259786476868;76.858277809217;0.648994894695436;0.804929028733783;1108.98481780042;0.927176168107841;0.785353155910397;0.882459815980006;;;;;;;;;;;;;;;;;;;;;;;;;;;;;;;;;;;;;
1;Tube 3;1102070.0;1102070.0;0.0;207.0;False;G:\Experiments\PTT\Spheroids\14042025\15042025\Analysis\2025-04-15_161200_tube3_cropped_8bits2\11_0207_0_8bits.tiff;G:\Experiments\PTT\Spheroids\14042025\15042025\Analysis\2025-04-15_161200_tube3_segmentationDebug2\11_0207_0_segmented.tiff;2532.5;(73. 75);195.237589240074;0.971795855717574;56.7844974182373;0.834896124684921;0.957281162487007;643.609584733483;0.958733424110131;0.881067283456756;0.909955930744442;;;;;;;;;;;;;;;;;;;;;;;;;;;;;;;;;;;;;;;;;;;;;;;;;;;;;;
1;Tube 3;1102080.0;;;;;;;;;;;;;;;;;;1102080.0;0.0;208.0;False;G:\Experiments\PTT\Spheroids\14042025\16042025 before laser\Analysis\2025-04-16_094236_tube3_cropped_8bits2\11_0208_0_8bits.tiff;G:\Experiments\PTT\Spheroids\14042025\16042025 before laser\Analysis\2025-04-16_094236_tube3_segmentationDebug2\11_0208_0_segmented.tiff;4179.5;(64. 72);289.923879861831;0.912156263640331;72.9486441081711;0.624836250687837;0.875803987437433;942.175431980148;0.92840215095596;0.805163355517226;0.884637003696289;;;;;;;;;;;;;;;;;;;;;;;;;;;;;;;;;;;;;
1;Tube 3;1202110.0;1202110.0;0.0;211.0;False;G:\Experiments\PTT\Spheroids\14042025\15042025\Analysis\2025-04-15_161200_tube3_cropped_8bits2\12_0211_0_8bits.tiff;G:\Experiments\PTT\Spheroids\14042025\15042025\Analysis\2025-04-15_161200_tube3_segmentationDebug2\12_0211_0_segmented.tiff;2378.0;(77. 74);188.367530584335;0.970810369463155;55.0251182404928;0.84218911786645;0.928301531131886;458.149802496409;0.954884509314197;0.887734924962758;0.921852198918707;1202110.0;0.0;211.0;False;G:\Experiments\PTT\Spheroids\14042025\16042025 before laser\Analysis\2025-04-16_094236_tube3_cropped_8bits2\12_0211_0_8bits.tiff;G:\Experiments\PTT\Spheroids\14042025\16042025 before laser\Analysis\2025-04-16_094236_tube3_segmentationDebug2\12_0211_0_segmented.tiff;3921.0;(78. 73);278.166520357131;0.906904128599514;70.6567212295233;0.636791108297728;0.982114481253455;1045.44154591004;0.933811681198039;0.81691314193297;0.873825056395336;;;;;;;;;;;;;;;;;;;;;;;;;;;;;;;;;;;;;
1;Tube 3;1302140.0;1302140.0;0.0;214.0;False;G:\Experiments\PTT\Spheroids\14042025\15042025\Analysis\2025-04-15_161200_tube3_cropped_8bits2\13_0214_0_8bits.tiff;G:\Experiments\PTT\Spheroids\14042025\15042025\Analysis\2025-04-15_161200_tube3_segmentationDebug2\13_0214_0_segmented.tiff;2432.5;(73. 71);192.409160614013;0.964130003963535;55.6520906396901;0.825678969452644;0.918611192100405;557.653066733428;0.950342742438755;0.885169017533413;0.901064495991934;1302140.0;0.0;214.0;False;G:\Experiments\PTT\Spheroids\14042025\16042025 before laser\Analysis\2025-04-16_094236_tube3_cropped_8bits2\13_0214_0_8bits.tiff;G:\Experiments\PTT\Spheroids\14042025\16042025 before laser\Analysis\2025-04-16_094236_tube3_segmentationDebug2\13_0214_0_segmented.tiff;4360.0;(73. 79);291.965510249137;0.912993403832059;74.5072104902962;0.642736924499179;0.901741271073713;954.39671262869;0.93835683927117;0.798362567110381;0.889997836133835;;;;;;;;;;;;;;;;;;;;;;;;;;;;;;;;;;;;;
1;Tube 3;1402170.0;1402170.0;0.0;217.0;False;G:\Experiments\PTT\Spheroids\14042025\15042025\Analysis\2025-04-15_161200_tube3_cropped_8bits2\14_0217_0_8bits.tiff;G:\Experiments\PTT\Spheroids\14042025\15042025\Analysis\2025-04-15_161200_tube3_segmentationDebug2\14_0217_0_segmented.tiff;2373.0;(74. 68);190.509666085243;0.968769136558481;54.9672396947176;0.821624858708906;0.898407510936455;634.078635555768;0.959676155222306;0.88796817428442;0.909268792880884;1402170.0;0.0;217.0;False;G:\Experiments\PTT\Spheroids\14042025\16042025 before laser\Analysis\2025-04-16_094236_tube3_cropped_8bits2\14_0217_0_8bits.tiff;G:\Experiments\PTT\Spheroids\14042025\16042025 before laser\Analysis\2025-04-16_094236_tube3_segmentationDebug2\14_0217_0_segmented.tiff;4000.0;(73. 71);278.651801466941;0.917852225791647;71.3649646461108;0.647360423453125;0.860644895204383;1010.47822222657;0.926068203634409;0.812929369455019;0.870852697507296;;;;;;;;;;;;;;;;;;;;;;;;;;;;;;;;;;;;;
1;Tube 3;1502200.0;1502200.0;0.0;220.0;False;G:\Experiments\PTT\Spheroids\14042025\15042025\Analysis\2025-04-15_161200_tube3_cropped_8bits2\15_0220_0_8bits.tiff;G:\Experiments\PTT\Spheroids\14042025\15042025\Analysis\2025-04-15_161200_tube3_segmentationDebug2\15_0220_0_segmented.tiff;2587.5;(75. 74);190.267026305198;0.986465878764773;57.3977989299435;0.898179546999887;0.965393605826696;560.817142805411;0.946315095951732;0.878397183761355;0.909456225479116;1502200.0;0.0;220.0;False;G:\Experiments\PTT\Spheroids\14042025\16042025 before laser\Analysis\2025-04-16_094236_tube3_cropped_8bits2\15_0220_0_8bits.tiff;G:\Experiments\PTT\Spheroids\14042025\16042025 before laser\Analysis\2025-04-16_094236_tube3_segmentationDebug2\15_0220_0_segmented.tiff;4394.5;(75. 75);303.036577820777;0.895374898125509;74.8014116132755;0.601352647143552;0.823165884437216;999.558989263991;0.924334382653545;0.795495804491821;0.883088208908128;;;;;;;;;;;;;;;;;;;;;;;;;;;;;;;;;;;;;
1;Tube 3;1602220.0;;;;;;;;;;;;;;;;;;1602220.0;0.0;222.0;False;G:\Experiments\PTT\Spheroids\14042025\16042025 before laser\Analysis\2025-04-16_094236_tube3_cropped_8bits2\16_0222_0_8bits.tiff;G:\Experiments\PTT\Spheroids\14042025\16042025 before laser\Analysis\2025-04-16_094236_tube3_segmentationDebug2\16_0222_0_segmented.tiff;3610.5;(69. 72);266.409160971641;0.909102354274203;67.8014113147086;0.639262021502083;0.909064935334392;896.185835868358;0.947408603659689;0.83183300100753;0.879237679614946;;;;;;;;;;;;;;;;;;;;;;;;;;;;;;;;;;;;;
1;Tube 3;1602230.0;1602230.0;0.0;223.0;False;G:\Experiments\PTT\Spheroids\14042025\15042025\Analysis\2025-04-15_161200_tube3_cropped_8bits2\16_0223_0_8bits.tiff;G:\Experiments\PTT\Spheroids\14042025\15042025\Analysis\2025-04-15_161200_tube3_segmentationDebug2\16_0223_0_segmented.tiff;2217.0;(75. 76);181.882249355316;0.975792253521126;53.1297663337404;0.842160609189499;0.922164270784617;491.950564248458;0.95458438841526;0.895021858527218;0.924540281548437;;;;;;;;;;;;;;;;;;;;;;;;;;;;;;;;;;;;;;;;;;;;;;;;;;;;;;
1;Tube 3;1705240.0;1705240.0;0.0;524.0;False;G:\Experiments\PTT\Spheroids\14042025\15042025\Analysis\2025-04-15_161200_tube3_cropped_8bits2\17_0524_0_8bits.tiff;G:\Experiments\PTT\Spheroids\14042025\15042025\Analysis\2025-04-15_161200_tube3_segmentationDebug2\17_0524_0_segmented.tiff;2188.0;(70. 73);180.710676550865;0.972444444444444;52.7811341662959;0.841956313751004;0.977983133714606;492.02575415788;0.953283259341214;0.896366822888108;0.922496408759433;1705240.0;0.0;524.0;False;G:\Experiments\PTT\Spheroids\14042025\16042025 before laser\Analysis\2025-04-16_094236_tube3_cropped_8bits2\17_0524_0_8bits.tiff;G:\Experiments\PTT\Spheroids\14042025\16042025 before laser\Analysis\2025-04-16_094236_tube3_segmentationDebug2\17_0524_0_segmented.tiff;4196.5;(74. 74);322.066015124321;0.852167732764747;73.0968518438455;0.508402048483924;0.938812254860669;841.619531971586;0.921997644276758;0.803060643170091;0.889325202358053;;;;;;;;;;;;;;;;;;;;;;;;;;;;;;;;;;;;;
1;Tube 3;1910240.0;1910240.0;0.0;1024.0;False;G:\Experiments\PTT\Spheroids\14042025\15042025\Analysis\2025-04-15_161200_tube3_cropped_8bits2\19_1024_0_8bits.tiff;G:\Experiments\PTT\Spheroids\14042025\15042025\Analysis\2025-04-15_161200_tube3_segmentationDebug2\19_1024_0_segmented.tiff;2090.0;(72. 72);172.8528124094;0.983529411764705;51.5855662806612;0.879029094621887;0.982524214297551;534.205067924306;0.957483018637696;0.90103940800284;0.903153780862456;1910240.0;0.0;1024.0;False;G:\Experiments\PTT\Spheroids\14042025\16042025 before laser\Analysis\2025-04-16_094236_tube3_cropped_8bits2\19_1024_0_8bits.tiff;G:\Experiments\PTT\Spheroids\14042025\16042025 before laser\Analysis\2025-04-16_094236_tube3_segmentationDebug2\19_1024_0_segmented.tiff;3270.5;(78. 78);276.409160494804;0.893823449029789;64.530069975604;0.537921810701428;0.842882531781358;947.04272969271;0.944141786245536;0.845889754430328;0.872810437752388;;;;;;;;;;;;;;;;;;;;;;;;;;;;;;;;;;;;;
1;Tube 3;2012240.0;2012240.0;0.0;1224.0;False;G:\Experiments\PTT\Spheroids\14042025\15042025\Analysis\2025-04-15_161200_tube3_cropped_8bits2\20_1224_0_8bits.tiff;G:\Experiments\PTT\Spheroids\14042025\15042025\Analysis\2025-04-15_161200_tube3_segmentationDebug2\20_1224_0_segmented.tiff;1916.5;(78. 75);165.438598752021;0.984082156611039;49.398011979076;0.879923672447372;0.891169317381286;626.999350249903;0.964373726149376;0.909179551640681;0.902109436090898;;;;;;;;;;;;;;;;;;;;;;;;;;;;;;;;;;;;;;;;;;;;;;;;;;;;;;
1;Tube 3;2014240.0;;;;;;;;;;;;;;;;;;2014240.0;0.0;1424.0;False;G:\Experiments\PTT\Spheroids\14042025\16042025 before laser\Analysis\2025-04-16_094236_tube3_cropped_8bits2\20_1424_0_8bits.tiff;G:\Experiments\PTT\Spheroids\14042025\16042025 before laser\Analysis\2025-04-16_094236_tube3_segmentationDebug2\20_1424_0_segmented.tiff;3202.5;(67. 68);382.55129623413;0.750439367311072;63.8556938887548;0.2749917385473;0.761347292899602;1026.51083327916;0.934763103983206;0.845079928102106;0.902071788806465;;;;;;;;;;;;;;;;;;;;;;;;;;;;;;;;;;;;;
1;Tube 3;209050.0;209050.0;0.0;905.0;False;G:\Experiments\PTT\Spheroids\14042025\15042025\Analysis\2025-04-15_161200_tube3_cropped_8bits2\2_0905_0_8bits.tiff;G:\Experiments\PTT\Spheroids\14042025\15042025\Analysis\2025-04-15_161200_tube3_segmentationDebug2\2_0905_0_segmented.tiff;3217.5;(77. 72);313.237588524818;0.804676753782668;64.0050641370304;0.412079183027189;0.796056060395472;714.073720280554;0.923088634024719;0.845543861619807;0.896359077971485;209050.0;0.0;905.0;False;G:\Experiments\PTT\Spheroids\14042025\16042025 before laser\Analysis\2025-04-16_094236_tube3_cropped_8bits2\2_0905_0_8bits.tiff;G:\Experiments\PTT\Spheroids\14042025\16042025 before laser\Analysis\2025-04-16_094236_tube3_segmentationDebug2\2_0905_0_segmented.tiff;3518.0;(75. 72);228.166520476341;0.978309232480533;66.9272494457848;0.849184112239943;0.838927335586305;741.021362525351;0.923952970710224;0.835835919728804;0.920800674569076;;;;;;;;;;;;;;;;;;;;;;;;;;;;;;;;;;;;;
1;Tube 3;312050.0;312050.0;0.0;1205.0;False;G:\Experiments\PTT\Spheroids\14042025\15042025\Analysis\2025-04-15_161200_tube3_cropped_8bits2\3_1205_0_8bits.tiff;G:\Experiments\PTT\Spheroids\14042025\15042025\Analysis\2025-04-15_161200_tube3_segmentationDebug2\3_1205_0_segmented.tiff;2760.0;(74. 72);204.994946956634;0.97457627118644;59.2801918305689;0.825339506718581;0.825649268078712;573.887644871294;0.943969640323553;0.859906444337095;0.904577187765286;312050.0;0.0;1205.0;False;G:\Experiments\PTT\Spheroids\14042025\16042025 before laser\Analysis\2025-04-16_094236_tube3_cropped_8bits2\3_1205_0_8bits.tiff;G:\Experiments\PTT\Spheroids\14042025\16042025 before laser\Analysis\2025-04-16_094236_tube3_segmentationDebug2\3_1205_0_segmented.tiff;5005.5;(75. 68);336.894442081451;0.902461011448661;79.8323276697595;0.554203976011152;0.93975973032672;999.416782882035;0.908961872910125;0.767003483759111;0.884351166287102;;;;;;;;;;;;;;;;;;;;;;;;;;;;;;;;;;;;;
1;Tube 3;415040.0;415040.0;0.0;1504.0;False;G:\Experiments\PTT\Spheroids\14042025\15042025\Analysis\2025-04-15_161200_tube3_cropped_8bits2\4_1504_0_8bits.tiff;G:\Experiments\PTT\Spheroids\14042025\15042025\Analysis\2025-04-15_161200_tube3_segmentationDebug2\4_1504_0_segmented.tiff;2726.5;(71. 69);200.752306818962;0.979170407613575;58.9193314517435;0.850147490603412;0.78461349369829;496.641822124219;0.946532360341756;0.872140272183849;0.916163691609788;415040.0;0.0;1504.0;False;G:\Experiments\PTT\Spheroids\14042025\16042025 before laser\Analysis\2025-04-16_094236_tube3_cropped_8bits2\4_1504_0_8bits.tiff;G:\Experiments\PTT\Spheroids\14042025\16042025 before laser\Analysis\2025-04-16_094236_tube3_segmentationDebug2\4_1504_0_segmented.tiff;4434.0;(79. 71);293.82337462902;0.924327704815509;75.1368361148891;0.645405806066111;0.753361323974654;1034.70410398804;0.925171373400081;0.794253513624541;0.879196112457214;;;;;;;;;;;;;;;;;;;;;;;;;;;;;;;;;;;;;
1;Tube 3;514010.0;514010.0;0.0;1401.0;False;G:\Experiments\PTT\Spheroids\14042025\15042025\Analysis\2025-04-15_161200_tube3_cropped_8bits2\5_1401_0_8bits.tiff;G:\Experiments\PTT\Spheroids\14042025\15042025\Analysis\2025-04-15_161200_tube3_segmentationDebug2\5_1401_0_segmented.tiff;2378.0;(76. 73);186.852812647819;0.972796072816526;55.0251182404928;0.855898834893378;0.962046091305491;598.210289866928;0.948814903260398;0.887724365495498;0.905660669080623;514010.0;0.0;1401.0;False;G:\Experiments\PTT\Spheroids\14042025\16042025 before laser\Analysis\2025-04-16_094236_tube3_cropped_8bits2\5_1401_0_8bits.tiff;G:\Experiments\PTT\Spheroids\14042025\16042025 before laser\Analysis\2025-04-16_094236_tube3_segmentationDebug2\5_1401_0_segmented.tiff;4042.5;(81. 70);271.237588047981;0.936197313571097;71.7430892810721;0.690494374957746;0.910497846768436;924.265737769292;0.927359312126496;0.811628000817606;0.880551135868028;;;;;;;;;;;;;;;;;;;;;;;;;;;;;;;;;;;;;
1;Tube 3;611010.0;;;;;;;;;;;;;;;;;;611010.0;0.0;1101.0;False;G:\Experiments\PTT\Spheroids\14042025\16042025 before laser\Analysis\2025-04-16_094236_tube3_cropped_8bits2\6_1101_0_8bits.tiff;G:\Experiments\PTT\Spheroids\14042025\16042025 before laser\Analysis\2025-04-16_094236_tube3_segmentationDebug2\6_1101_0_segmented.tiff;3441.5;(76. 71);263.095452427864;0.897041574351622;66.1955730635067;0.624785518943344;0.926893323781914;887.127114198814;0.933176355787662;0.838123412491329;0.880314197465107;;;;;;;;;;;;;;;;;;;;;;;;;;;;;;;;;;;;;
1;Tube 3;612010.0;612010.0;0.0;1201.0;False;G:\Experiments\PTT\Spheroids\14042025\15042025\Analysis\2025-04-15_161200_tube3_cropped_8bits2\6_1201_0_8bits.tiff;G:\Experiments\PTT\Spheroids\14042025\15042025\Analysis\2025-04-15_161200_tube3_segmentationDebug2\6_1201_0_segmented.tiff;2088.0;(70. 77);181.195957660675;0.955387783115991;51.5608782838987;0.799177685313975;0.920684215048674;531.396993090126;0.957009130909547;0.900813441806002;0.905185100746305;;;;;;;;;;;;;;;;;;;;;;;;;;;;;;;;;;;;;;;;;;;;;;;;;;;;;;
1;Tube 3;708010.0;;;;;;;;;;;;;;;;;;708010.0;0.0;801.0;False;G:\Experiments\PTT\Spheroids\14042025\16042025 before laser\Analysis\2025-04-16_094236_tube3_cropped_8bits2\7_0801_0_8bits.tiff;G:\Experiments\PTT\Spheroids\14042025\16042025 before laser\Analysis\2025-04-16_094236_tube3_segmentationDebug2\7_0801_0_segmented.tiff;3450.0;(78. 83);244.509666085243;0.934832678498848;66.2772693261899;0.725165098883633;0.92535406733928;903.464057725284;0.942774563783012;0.838919450532338;0.885440315340994;;;;;;;;;;;;;;;;;;;;;;;;;;;;;;;;;;;;;
1;Tube 3;709010.0;709010.0;0.0;901.0;False;G:\Experiments\PTT\Spheroids\14042025\15042025\Analysis\2025-04-15_161200_tube3_cropped_8bits2\7_0901_0_8bits.tiff;G:\Experiments\PTT\Spheroids\14042025\15042025\Analysis\2025-04-15_161200_tube3_segmentationDebug2\7_0901_0_segmented.tiff;2392.5;(78. 72);197.43859899044;0.947712418300653;55.1926227930769;0.77125446125087;0.887081493921632;438.569945347865;0.95336798566613;0.886731312327104;0.923489649190329;;;;;;;;;;;;;;;;;;;;;;;;;;;;;;;;;;;;;;;;;;;;;;;;;;;;;;
1;Tube 3;805010.0;;;;;;;;;;;;;;;;;;805010.0;0.0;501.0;False;G:\Experiments\PTT\Spheroids\14042025\16042025 before laser\Analysis\2025-04-16_094236_tube3_cropped_8bits2\8_0501_0_8bits.tiff;G:\Experiments\PTT\Spheroids\14042025\16042025 before laser\Analysis\2025-04-16_094236_tube3_segmentationDebug2\8_0501_0_segmented.tiff;3943.5;(74. 70);286.409160852432;0.900959561343385;70.8591570981698;0.604112607735838;0.776515839554802;983.975063062493;0.940656216301392;0.807521081970117;0.866028872656729;;;;;;;;;;;;;;;;;;;;;;;;;;;;;;;;;;;;;
1;Tube 3;806010.0;806010.0;0.0;601.0;False;G:\Experiments\PTT\Spheroids\14042025\15042025\Analysis\2025-04-15_161200_tube3_cropped_8bits2\8_0601_0_8bits.tiff;G:\Experiments\PTT\Spheroids\14042025\15042025\Analysis\2025-04-15_161200_tube3_segmentationDebug2\8_0601_0_segmented.tiff;2508.0;(74. 74);195.338093042373;0.967779278410187;56.509156587192;0.825968545475635;0.850768516387302;559.803728338876;0.95067951571481;0.881977313882281;0.907670103022023;;;;;;;;;;;;;;;;;;;;;;;;;;;;;;;;;;;;;;;;;;;;;;;;;;;;;;
1;Tube 3;903010.0;903010.0;0.0;301.0;False;G:\Experiments\PTT\Spheroids\14042025\15042025\Analysis\2025-04-15_161200_tube3_cropped_8bits2\9_0301_0_8bits.tiff;G:\Experiments\PTT\Spheroids\14042025\15042025\Analysis\2025-04-15_161200_tube3_segmentationDebug2\9_0301_0_segmented.tiff;2542.0;(71. 75);202.852811932563;0.944981412639405;56.8909036904563;0.776288845364449;0.939170957191547;605.081422235961;0.954257438294074;0.88007697412429;0.915772063633582;903010.0;0.0;301.0;False;G:\Experiments\PTT\Spheroids\14042025\16042025 before laser\Analysis\2025-04-16_094236_tube3_cropped_8bits2\9_0301_0_8bits.tiff;G:\Experiments\PTT\Spheroids\14042025\16042025 before laser\Analysis\2025-04-16_094236_tube3_segmentationDebug2\9_0301_0_segmented.tiff;4500.5;(75. 82);345.036576867103;0.876436222005842;75.6981807646696;0.475051131742995;0.839616223126007;865.004676425594;0.935920581299815;0.790236614933616;0.879290111416501;;;;;;;;;;;;;;;;;;;;;;;;;;;;;;;;;;;;;
1;Tube 4;1002040.0;1002040.0;0.0;204.0;False;G:\Experiments\PTT\Spheroids\14042025\15042025\Analysis\2025-04-15_162203_tube4_cropped_8bits2\10_0204_0_8bits.tiff;G:\Experiments\PTT\Spheroids\14042025\15042025\Analysis\2025-04-15_162203_tube4_segmentationDebug2\10_0204_0_segmented.tiff;2790.5;(78. 72);211.09545302391;0.954996577686516;59.6068364332772;0.786926432633126;0.936196316373575;342.837406104289;0.954734147269441;0.838263944923092;0.934405201267836;1002040.0;0.0;204.0;False;G:\Experiments\PTT\Spheroids\14042025\16042025 before laser\Analysis\2025-04-16_095240_tube4_cropped_8bits2\10_0204_0_8bits.tiff;G:\Experiments\PTT\Spheroids\14042025\16042025 before laser\Analysis\2025-04-16_095240_tube4_segmentationDebug2\10_0204_0_segmented.tiff;4169.0;(77. 74);275.823374032974;0.926547394154906;72.8569534224489;0.688619990014184;0.854181191680353;850.276339925845;0.948279605670841;0.807698141854603;0.895432312228235;;;;;;;;;;;;;;;;;;;;;;;;;;;;;;;;;;;;;
1;Tube 4;1002050.0;;;;;;;;;;;;;;;;;;;;;;;;;;;;;;;;;;;1002050.0;0.0;205.0;False;E:\Experiments\PTT\Spheroids\14042025\16042025 after laser\Analysis\2025-04-16_155601_tube4_cropped_8bits\10_0205_0_8bits.tiff;E:\Experiments\PTT\Spheroids\14042025\16042025 after laser\Analysis\2025-04-16_155601_tube4_segmentationDebug\10_0205_0_segmented.tiff;4502.5;(72. 79);289.7228693962097;0.9300764304895682;75.71499884547362;0.6740591834841593;0.874281642089384;747.9347736560533;0.9422714368533556;0.7927301401654576;0.9011480043559204;53.0;68.68057173929931;Alive;;;;;;;;;;;;;;;;;
1;Tube 4;106050.0;;;;;;;;;;;;;;;;;;106050.0;0.0;605.0;False;G:\Experiments\PTT\Spheroids\14042025\16042025 before laser\Analysis\2025-04-16_095240_tube4_cropped_8bits2\1_0605_0_8bits.tiff;G:\Experiments\PTT\Spheroids\14042025\16042025 before laser\Analysis\2025-04-16_095240_tube4_segmentationDebug2\1_0605_0_segmented.tiff;4165.5;(75. 77);276.409160971641;0.925049966688874;72.8263642068881;0.685128663735157;0.809504843632179;981.556925417511;0.939667498650522;0.806947637140773;0.880075338735583;106050.0;0.0;605.0;False;E:\Experiments\PTT\Spheroids\14042025\16042025 after laser\Analysis\2025-04-16_155601_tube4_cropped_8bits\1_0605_0_8bits.tiff;E:\Experiments\PTT\Spheroids\14042025\16042025 after laser\Analysis\2025-04-16_155601_tube4_segmentationDebug\1_0605_0_segmented.tiff;4326.0;(75. 71);309.4802289009094;0.8699849170437406;74.21613214473194;0.5675845436423714;0.8787630668559571;677.8791659234738;0.9477230610549204;0.7997639992172654;0.9049934507916912;37.0;73.85030684378155;Alive;0.0;0.0;0.0;;;;160.5;;33.07106792926845;-0.05506504964513337;1.3897679378438426;-0.11754412009278559;0.06925822322377806;-303.6777594940372;0.00805556240439842;-0.007183637923507624;0.024918112056108277
1;Tube 4;107050.0;107050.0;0.0;705.0;False;G:\Experiments\PTT\Spheroids\14042025\15042025\Analysis\2025-04-15_162203_tube4_cropped_8bits2\1_0705_0_8bits.tiff;G:\Experiments\PTT\Spheroids\14042025\15042025\Analysis\2025-04-15_162203_tube4_segmentationDebug2\1_0705_0_segmented.tiff;2591.0;(77. 76);201.681238532066;0.954503591821698;57.4366055787492;0.800472244107949;0.939610857759595;517.725910756564;0.948256066081569;0.877770831686423;0.911027448416792;;;;;;;;;;;;;;;;;;;;;;;;;;;;;;;;;;;;;;;;;;;;;;;;;;;;;;
1;Tube 4;1102070.0;;;;;;;;;;;;;;;;;;1102070.0;0.0;207.0;False;G:\Experiments\PTT\Spheroids\14042025\16042025 before laser\Analysis\2025-04-16_095240_tube4_cropped_8bits2\11_0207_0_8bits.tiff;G:\Experiments\PTT\Spheroids\14042025\16042025 before laser\Analysis\2025-04-16_095240_tube4_segmentationDebug2\11_0207_0_segmented.tiff;4494.0;(76. 71);298.793936491012;0.908429351121892;75.6434961780576;0.6325565718913;0.930724117967449;745.64116674272;0.934087724530993;0.792033935166609;0.89843431287591;;;;;;;;;;;;;;;;;;;;;;;;;;;;;;;;;;;;;
1;Tube 4;1102080.0;1102080.0;0.0;208.0;False;G:\Experiments\PTT\Spheroids\14042025\15042025\Analysis\2025-04-15_162203_tube4_cropped_8bits2\11_0208_0_8bits.tiff;G:\Experiments\PTT\Spheroids\14042025\15042025\Analysis\2025-04-15_162203_tube4_segmentationDebug2\11_0208_0_segmented.tiff;2507.5;(75. 73);199.58073413372;0.958341295623925;56.5035234160085;0.791067557713493;0.90355185021813;511.813083125519;0.962940447301442;0.882247658364026;0.922359189586649;;;;;;;;;;;;;;;;;;1102080.0;0.0;208.0;False;E:\Experiments\PTT\Spheroids\14042025\16042025 after laser\Analysis\2025-04-16_155601_tube4_cropped_8bits\11_0208_0_8bits.tiff;E:\Experiments\PTT\Spheroids\14042025\16042025 after laser\Analysis\2025-04-16_155601_tube4_segmentationDebug\11_0208_0_segmented.tiff;4392.5;(71. 80);296.89444267749786;0.903063322368421;74.78438807832289;0.6262063932735465;0.8979464565183586;756.8329406215715;0.9522284456402104;0.7503051794840755;0.8878317178739624;64.9;0.8352753825837023;Dead;;;;;;;;;;;;;;;;;
1;Tube 4;1202110.0;1202110.0;0.0;211.0;False;G:\Experiments\PTT\Spheroids\14042025\15042025\Analysis\2025-04-15_162203_tube4_cropped_8bits2\12_0211_0_8bits.tiff;G:\Experiments\PTT\Spheroids\14042025\15042025\Analysis\2025-04-15_162203_tube4_segmentationDebug2\12_0211_0_segmented.tiff;2793.5;(73. 68);200.752306699752;0.982070662682369;59.6388687704392;0.871038700832976;0.884032902547313;532.635442307692;0.960145934509929;0.869597727226718;0.919673478937778;1202110.0;0.0;211.0;False;G:\Experiments\PTT\Spheroids\14042025\16042025 before laser\Analysis\2025-04-16_095240_tube4_cropped_8bits2\12_0211_0_8bits.tiff;G:\Experiments\PTT\Spheroids\14042025\16042025 before laser\Analysis\2025-04-16_095240_tube4_segmentationDebug2\12_0211_0_segmented.tiff;4895.5;(68. 73);318.894442081451;0.913424759772366;78.9502640353468;0.604940998314794;0.82396633180133;811.723193413776;0.934980327808752;0.774290188273978;0.900483543839209;;;;;;;;;;;;;;;;;;;;;;;;;;;;;;;;;;;;;
1;Tube 4;1302140.0;1302140.0;0.0;214.0;False;G:\Experiments\PTT\Spheroids\14042025\15042025\Analysis\2025-04-15_162203_tube4_cropped_8bits2\13_0214_0_8bits.tiff;G:\Experiments\PTT\Spheroids\14042025\15042025\Analysis\2025-04-15_162203_tube4_segmentationDebug2\13_0214_0_segmented.tiff;2462.5;(74. 76);198.267025470733;0.95132316013135;55.9942173702815;0.787200064564763;0.955423448188693;474.376700768909;0.966803834293767;0.884186956575553;0.921637489911907;1302140.0;0.0;214.0;False;G:\Experiments\PTT\Spheroids\14042025\16042025 before laser\Analysis\2025-04-16_095240_tube4_cropped_8bits2\13_0214_0_8bits.tiff;G:\Experiments\PTT\Spheroids\14042025\16042025 before laser\Analysis\2025-04-16_095240_tube4_segmentationDebug2\13_0214_0_segmented.tiff;4053.0;(72. 82);269.13708281517;0.940698619008935;71.8362017008946;0.703136084502871;0.881361722440243;844.377479415741;0.951727693899979;0.81306044317533;0.900187102286991;1302140.0;0.0;214.0;False;E:\Experiments\PTT\Spheroids\14042025\16042025 after laser\Analysis\2025-04-16_155601_tube4_cropped_8bits\13_0214_0_8bits.tiff;E:\Experiments\PTT\Spheroids\14042025\16042025 after laser\Analysis\2025-04-16_155601_tube4_segmentationDebug\13_0214_0_segmented.tiff;3971.0;(73. 74);276.99494755268097;0.926937441643324;71.10579605168155;0.6503783202991977;0.9047453461736876;861.0127655369697;0.963472349874245;0.8168360564958848;0.885495737681557;62.5;0.7711877573215256;Dead;0.0;0.0;0.0;;;;-82.0;;7.857864737510965;-0.013761177365611;-0.7304056492130542;-0.052757764203673285;0.023383623733444603;16.63528612122866;0.011744655974265994;0.0037756133205547604;-0.014691364605433965
1;Tube 4;1402160.0;1402160.0;0.0;216.0;False;G:\Experiments\PTT\Spheroids\14042025\15042025\Analysis\2025-04-15_162203_tube4_cropped_8bits2\14_0216_0_8bits.tiff;G:\Experiments\PTT\Spheroids\14042025\15042025\Analysis\2025-04-15_162203_tube4_segmentationDebug2\14_0216_0_segmented.tiff;2496.5;(73. 73);218.610171556472;0.924629629629629;56.3794512515981;0.656448566505904;0.943524659742538;459.156727242239;0.966728811182344;0.882099060938968;0.929913673100089;;;;;;;;;;;;;;;;;;;;;;;;;;;;;;;;;;;;;;;;;;;;;;;;;;;;;;
1;Tube 4;1402170.0;;;;;;;;;;;;;;;;;;1402170.0;0.0;217.0;False;G:\Experiments\PTT\Spheroids\14042025\16042025 before laser\Analysis\2025-04-16_095240_tube4_cropped_8bits2\14_0217_0_8bits.tiff;G:\Experiments\PTT\Spheroids\14042025\16042025 before laser\Analysis\2025-04-16_095240_tube4_segmentationDebug2\14_0217_0_segmented.tiff;4083.5;(77. 78);266.409160971641;0.936260460850624;72.1059892167497;0.723009684199905;0.955775952634007;831.895626656611;0.946369335717934;0.811438536819998;0.899067851695234;1402170.0;0.0;217.0;False;E:\Experiments\PTT\Spheroids\14042025\16042025 after laser\Analysis\2025-04-16_155601_tube4_cropped_8bits\14_0217_0_8bits.tiff;E:\Experiments\PTT\Spheroids\14042025\16042025 after laser\Analysis\2025-04-16_155601_tube4_segmentationDebug\14_0217_0_segmented.tiff;4142.0;(79. 74);279.96550941467285;0.9275557048482812;72.62064578543105;0.6640654660511494;0.853371224076126;796.7923338522527;0.9439903473457364;0.8083163962853044;0.8913629070992459;47.0;91.15396566456926;Alive;0.0;0.0;0.0;;;;58.5;;13.55634844303188;-0.008704756002342773;0.514656568681346;-0.05894421814875561;-0.10240472855788108;-35.10329280435826;-0.0023789883721976324;-0.003122140534693618;-0.007704944595988028
1;Tube 4;1502190.0;1502190.0;0.0;219.0;False;G:\Experiments\PTT\Spheroids\14042025\15042025\Analysis\2025-04-15_162203_tube4_cropped_8bits2\15_0219_0_8bits.tiff;G:\Experiments\PTT\Spheroids\14042025\15042025\Analysis\2025-04-15_162203_tube4_segmentationDebug2\15_0219_0_segmented.tiff;2303.0;(74. 74);194.85281252861;0.945984801807352;54.1504447952653;0.76223773388687;0.89533736025585;450.526135977843;0.960879661866002;0.89106001733696;0.920913281870439;;;;;;;;;;;;;;;;;;;;;;;;;;;;;;;;;;;;;;;;;;;;;;;;;;;;;;
1;Tube 4;1502200.0;;;;;;;;;;;;;;;;;;1502200.0;0.0;220.0;False;G:\Experiments\PTT\Spheroids\14042025\16042025 before laser\Analysis\2025-04-16_095240_tube4_cropped_8bits2\15_0220_0_8bits.tiff;G:\Experiments\PTT\Spheroids\14042025\16042025 before laser\Analysis\2025-04-16_095240_tube4_segmentationDebug2\15_0220_0_segmented.tiff;3398.5;(76. 75);258.066015481948;0.909541014318212;65.7807311663716;0.641262000431532;0.895184966374162;840.010941327945;0.948226420206838;0.841130151900094;0.875926437241849;1502200.0;0.0;220.0;False;E:\Experiments\PTT\Spheroids\14042025\16042025 after laser\Analysis\2025-04-16_155601_tube4_cropped_8bits\15_0220_0_8bits.tiff;E:\Experiments\PTT\Spheroids\14042025\16042025 after laser\Analysis\2025-04-16_155601_tube4_segmentationDebug\15_0220_0_segmented.tiff;3680.0;(78. 82);265.8233743906021;0.9077454366058214;68.45086942198323;0.654442280489271;0.8719953996549741;1027.0984096362677;0.9465783574214682;0.8284011922681307;0.8760031046821884;55.35;33.64600326264274;Dead;0.0;0.0;0.0;;;;281.5;;7.757358908654112;-0.0017955777123905836;2.670138255611633;0.013180280057738969;-0.023189566719187926;187.08746830832263;-0.001648062785369775;-0.0127289596319633;7.666744033940631e-05
1;Tube 4;1602220.0;1602220.0;0.0;222.0;False;G:\Experiments\PTT\Spheroids\14042025\15042025\Analysis\2025-04-15_162203_tube4_cropped_8bits2\16_0222_0_8bits.tiff;G:\Experiments\PTT\Spheroids\14042025\15042025\Analysis\2025-04-15_162203_tube4_segmentationDebug2\16_0222_0_segmented.tiff;2405.0;(74. 77);237.338092923164;0.899738121960344;55.3366163140471;0.53652510472707;0.766240474183317;460.627769627411;0.957889285465124;0.885368025227809;0.916701738907472;;;;;;;;;;;;;;;;;;;;;;;;;;;;;;;;;;;;;;;;;;;;;;;;;;;;;;
1;Tube 4;1602230.0;;;;;;;;;;;;;;;;;;1602230.0;0.0;223.0;False;G:\Experiments\PTT\Spheroids\14042025\16042025 before laser\Analysis\2025-04-16_095240_tube4_cropped_8bits2\16_0223_0_8bits.tiff;G:\Experiments\PTT\Spheroids\14042025\16042025 before laser\Analysis\2025-04-16_095240_tube4_segmentationDebug2\16_0223_0_segmented.tiff;4226.5;(77. 75);277.237588047981;0.928492970123022;73.3576644654337;0.691013470671381;0.843502263726025;856.867566546598;0.929635026922716;0.803715844061746;0.884807793637797;1602230.0;0.0;223.0;False;E:\Experiments\PTT\Spheroids\14042025\16042025 after laser\Analysis\2025-04-16_155601_tube4_cropped_8bits\16_0223_0_8bits.tiff;E:\Experiments\PTT\Spheroids\14042025\16042025 after laser\Analysis\2025-04-16_155601_tube4_segmentationDebug\16_0223_0_segmented.tiff;4590.5;(71. 80);316.20815002918243;0.9143511602430036;76.45133177457907;0.5769308162533767;0.8202682995873475;880.1521122545117;0.9230586844288056;0.7864259111681391;0.877620570030791;49.6;82.48077371242135;Alive;0.0;0.0;0.0;;;;364.0;;38.970561981201456;-0.014141809880018452;3.093667309145374;-0.11408265441800425;-0.02323396413867751;23.284545707913708;-0.006576342493910481;-0.01728993289360692;-0.007187223607006077
1;Tube 4;1704240.0;1704240.0;0.0;424.0;False;G:\Experiments\PTT\Spheroids\14042025\15042025\Analysis\2025-04-15_162203_tube4_cropped_8bits2\17_0424_0_8bits.tiff;G:\Experiments\PTT\Spheroids\14042025\15042025\Analysis\2025-04-15_162203_tube4_segmentationDebug2\17_0424_0_segmented.tiff;1858.0;(77. 73);168.367531180381;0.963692946058091;48.6382470296569;0.823642761738162;0.93988599778345;498.116957970143;0.962081415789745;0.911594653667971;0.906239700019778;;;;;;;;;;;;;;;;;;;;;;;;;;;;;;;;;;;;;;;;;;;;;;;;;;;;;;
1;Tube 4;1705240.0;;;;;;;;;;;;;;;;;;1705240.0;1.0;524.0;False;G:\Experiments\PTT\Spheroids\14042025\16042025 before laser\Analysis\2025-04-16_095240_tube4_cropped_8bits2\17_0524_0_8bits.tiff;G:\Experiments\PTT\Spheroids\14042025\16042025 before laser\Analysis\2025-04-16_095240_tube4_segmentationDebug2\17_0524_0_segmented.tiff;3345.5;(74. 77);238.267025470733;0.936721265574688;65.2657865723802;0.740530605089211;0.893848832188355;879.440197703859;0.943104947554375;0.843695946310979;0.893988012641221;1705240.0;0.0;524.0;False;E:\Experiments\PTT\Spheroids\14042025\16042025 after laser\Analysis\2025-04-16_155601_tube4_cropped_8bits\17_0524_0_8bits.tiff;E:\Experiments\PTT\Spheroids\14042025\16042025 after laser\Analysis\2025-04-16_155601_tube4_segmentationDebug\17_0524_0_segmented.tiff;3415.0;(69. 78);268.5096660852432;0.8842568617296738;65.94022327282931;0.5952243960817752;0.8852176815496153;1062.3588833867136;0.9462869737243016;0.8394175712213952;0.8624545609922991;50.5;39.264351743960226;Dead;0.0;-1.0;0.0;;;;69.5;;30.242640614510236;-0.052464403845014274;0.674436700449121;-0.14530620900743574;-0.008631150638739649;182.91868568285463;0.0031820261699265773;-0.004278375089583841;-0.03153345164892185
1;Tube 4;1808240.0;;;;;;;;;;;;;;;;;;1808240.0;0.0;824.0;False;G:\Experiments\PTT\Spheroids\14042025\16042025 before laser\Analysis\2025-04-16_095240_tube4_cropped_8bits2\18_0824_0_8bits.tiff;G:\Experiments\PTT\Spheroids\14042025\16042025 before laser\Analysis\2025-04-16_095240_tube4_segmentationDebug2\18_0824_0_segmented.tiff;2327.5;(75. 72);204.752306461334;0.927845325891967;54.4377170753062;0.697656987619346;0.971565475200621;760.227723245153;0.958439092352396;0.889446742818498;0.897493837304847;1808240.0;0.0;824.0;False;E:\Experiments\PTT\Spheroids\14042025\16042025 after laser\Analysis\2025-04-16_155601_tube4_cropped_8bits\18_0824_0_8bits.tiff;E:\Experiments\PTT\Spheroids\14042025\16042025 after laser\Analysis\2025-04-16_155601_tube4_segmentationDebug\18_0824_0_segmented.tiff;2678.5;(73. 80);242.61017167568207;0.8851619299405156;58.39839142110965;0.5718518157719327;0.8971577427790937;783.9347986824366;0.9523515015463212;0.8727915241440021;0.8878385218581564;58.5;33.64600326264274;Dead;0.0;0.0;0.0;;;;351.0;;37.85786521434807;-0.04268339595145143;3.9606743458034472;-0.12580517184741336;-0.07440773242152732;23.707075437283606;-0.006087590806074794;-0.01665521867449593;-0.009655315446690627
1;Tube 4;1910240.0;1910240.0;0.0;1024.0;False;G:\Experiments\PTT\Spheroids\14042025\15042025\Analysis\2025-04-15_162203_tube4_cropped_8bits2\19_1024_0_8bits.tiff;G:\Experiments\PTT\Spheroids\14042025\15042025\Analysis\2025-04-15_162203_tube4_segmentationDebug2\19_1024_0_segmented.tiff;1650.5;(79. 70);160.953317284584;0.958756898054022;45.8419226100453;0.800618329398859;0.899261654189312;598.155719351137;0.971772987965645;0.921077257924593;0.913717199909611;1910240.0;0.0;1024.0;False;G:\Experiments\PTT\Spheroids\14042025\16042025 before laser\Analysis\2025-04-16_095240_tube4_cropped_8bits2\19_1024_0_8bits.tiff;G:\Experiments\PTT\Spheroids\14042025\16042025 before laser\Analysis\2025-04-16_095240_tube4_segmentationDebug2\19_1024_0_segmented.tiff;2680.5;(72. 72);219.781744360923;0.923196142586533;58.4201900002268;0.697336573868021;0.950897219857359;755.475845313805;0.957996703472581;0.873701331168358;0.900646231554592;;;;;;;;;;;;;;;;;;;;;;;;;;;;;;;;;;;;;
1;Tube 4;1911240.0;;;;;;;;;;;;;;;;;;;;;;;;;;;;;;;;;;;1911240.0;0.0;1124.0;False;E:\Experiments\PTT\Spheroids\14042025\16042025 after laser\Analysis\2025-04-16_155601_tube4_cropped_8bits\19_1124_0_8bits.tiff;E:\Experiments\PTT\Spheroids\14042025\16042025 after laser\Analysis\2025-04-16_155601_tube4_segmentationDebug\19_1124_0_segmented.tiff;2796.5;(80. 78);227.43859839439392;0.9185416324519624;59.67088391210476;0.6793543288002774;0.975857615801132;932.7266229863594;0.9531123533871264;0.868129182844115;0.8840833828210466;45.6;71.97040316942437;Alive;;;;;;;;;;;;;;;;;
1;Tube 4;2013240.0;2013240.0;0.0;1324.0;False;G:\Experiments\PTT\Spheroids\14042025\15042025\Analysis\2025-04-15_162203_tube4_cropped_8bits2\20_1324_0_8bits.tiff;G:\Experiments\PTT\Spheroids\14042025\15042025\Analysis\2025-04-15_162203_tube4_segmentationDebug2\20_1324_0_segmented.tiff;1783.5;(76. 68);162.124889850616;0.975389663658736;47.6531502425092;0.852675117340707;0.954467185431021;473.173998203054;0.965327765033094;0.914975492592672;0.915931265723668;2013240.0;0.0;1324.0;False;G:\Experiments\PTT\Spheroids\14042025\16042025 before laser\Analysis\2025-04-16_095240_tube4_cropped_8bits2\20_1324_0_8bits.tiff;G:\Experiments\PTT\Spheroids\14042025\16042025 before laser\Analysis\2025-04-16_095240_tube4_segmentationDebug2\20_1324_0_segmented.tiff;2848.5;(70. 70);231.438598632812;0.916800772449308;60.2231088800479;0.668273909434643;0.922571907869968;812.452659949159;0.948612908526371;0.865706636119146;0.891197964250599;;;;;;;;;;;;;;;;;;;;;;;;;;;;;;;;;;;;;
1;Tube 4;210050.0;210050.0;0.0;1005.0;False;G:\Experiments\PTT\Spheroids\14042025\15042025\Analysis\2025-04-15_162203_tube4_cropped_8bits2\2_1005_0_8bits.tiff;G:\Experiments\PTT\Spheroids\14042025\15042025\Analysis\2025-04-15_162203_tube4_segmentationDebug2\2_1005_0_segmented.tiff;2836.5;(76. 75);211.923879504203;0.946762349799733;60.0961227421644;0.793657017638958;0.948136272834472;512.212501469028;0.944147122761256;0.866543505689776;0.918094122294198;210050.0;0.0;1005.0;False;G:\Experiments\PTT\Spheroids\14042025\16042025 before laser\Analysis\2025-04-16_095240_tube4_cropped_8bits2\2_1005_0_8bits.tiff;G:\Experiments\PTT\Spheroids\14042025\16042025 before laser\Analysis\2025-04-16_095240_tube4_segmentationDebug2\2_1005_0_segmented.tiff;4549.0;(75. 73);335.62236380577;0.856766173839344;76.1049715130375;0.507485943107369;0.956477396694564;987.450120403353;0.933034041955952;0.788178119865647;0.873221813294834;;;;;;;;;;;;;;;;;;;;;;;;;;;;;;;;;;;;;
1;Tube 4;312050.0;;;;;;;;;;;;;;;;;;;;;;;;;;;;;;;;;;;312050.0;0.0;1205.0;False;E:\Experiments\PTT\Spheroids\14042025\16042025 after laser\Analysis\2025-04-16_155601_tube4_cropped_8bits\3_1205_0_8bits.tiff;E:\Experiments\PTT\Spheroids\14042025\16042025 after laser\Analysis\2025-04-16_155601_tube4_segmentationDebug\3_1205_0_segmented.tiff;4019.5;(73. 71);272.7523066997528;0.914978374687002;71.53870525850316;0.6789613187551542;0.913752967842975;909.3687420541772;0.948565293332447;0.8140191852828028;0.8553200981133561;37.0;88.41956032004971;Alive;;;;;;;;;;;;;;;;;
1;Tube 4;313050.0;;;;;;;;;;;;;;;;;;313050.0;0.0;1305.0;False;G:\Experiments\PTT\Spheroids\14042025\16042025 before laser\Analysis\2025-04-16_095240_tube4_cropped_8bits2\3_1305_0_8bits.tiff;G:\Experiments\PTT\Spheroids\14042025\16042025 before laser\Analysis\2025-04-16_095240_tube4_segmentationDebug2\3_1305_0_segmented.tiff;5228.5;(71. 76);355.521858572959;0.880292953952352;81.591255411642;0.519821647204156;0.89041918569197;943.566820913556;0.915147164179947;0.757272528160252;0.884481147560556;;;;;;;;;;;;;;;;;;;;;;;;;;;;;;;;;;;;;
1;Tube 4;314050.0;314050.0;0.0;1405.0;False;G:\Experiments\PTT\Spheroids\14042025\15042025\Analysis\2025-04-15_162203_tube4_cropped_8bits2\3_1405_0_8bits.tiff;G:\Experiments\PTT\Spheroids\14042025\15042025\Analysis\2025-04-15_162203_tube4_segmentationDebug2\3_1405_0_segmented.tiff;2594.5;(75. 72);193.095452666282;0.984256449165402;57.4753860258056;0.874418719188115;0.910190781998265;702.060168837216;0.951785920622557;0.877905716530537;0.908148121683729;;;;;;;;;;;;;;;;;;;;;;;;;;;;;;;;;;;;;;;;;;;;;;;;;;;;;;
1;Tube 4;415030.0;415030.0;0.0;1503.0;False;G:\Experiments\PTT\Spheroids\14042025\15042025\Analysis\2025-04-15_162203_tube4_cropped_8bits2\4_1503_0_8bits.tiff;G:\Experiments\PTT\Spheroids\14042025\15042025\Analysis\2025-04-15_162203_tube4_segmentationDebug2\4_1503_0_segmented.tiff;2899.0;(77. 76);208.509665966033;0.970214190093708;60.7546001565909;0.837926053922384;0.965891926290225;440.919042307858;0.951105939259433;0.864124020241222;0.925416483843489;;;;;;;;;;;;;;;;;;;;;;;;;;;;;;;;;;;;;;;;;;;;;;;;;;;;;;
1;Tube 4;415040.0;;;;;;;;;;;;;;;;;;415040.0;0.0;1504.0;False;G:\Experiments\PTT\Spheroids\14042025\16042025 before laser\Analysis\2025-04-16_095240_tube4_cropped_8bits2\4_1504_0_8bits.tiff;G:\Experiments\PTT\Spheroids\14042025\16042025 before laser\Analysis\2025-04-16_095240_tube4_segmentationDebug2\4_1504_0_segmented.tiff;4783.5;(77. 77);286.551295995712;0.938217122683142;78.041920544286;0.732067097917929;0.876888997123794;903.401769803306;0.932327946203666;0.780053166271255;0.880016502815243;415040.0;0.0;1504.0;False;E:\Experiments\PTT\Spheroids\14042025\16042025 after laser\Analysis\2025-04-16_155601_tube4_cropped_8bits\4_1504_0_8bits.tiff;E:\Experiments\PTT\Spheroids\14042025\16042025 after laser\Analysis\2025-04-16_155601_tube4_segmentationDebug\4_1504_0_segmented.tiff;5757.5;(75. 72);386.3502861261368;0.8561338289962825;85.61937093212435;0.4847092796027086;0.9153366331818978;970.3259493922358;0.9124978501657538;0.7331721919830687;0.8980970750437709;37.0;103.757865299464;Alive;0.0;0.0;0.0;;;;974.0;;99.79899013042478;-0.0820832936868594;7.577450387838354;-0.2473578183152204;0.03844763605810386;66.92417958892975;-0.019830096037912193;-0.04688097428818627;0.01808057222852788
1;Tube 4;513010.0;513010.0;0.0;1301.0;False;G:\Experiments\PTT\Spheroids\14042025\15042025\Analysis\2025-04-15_162203_tube4_cropped_8bits2\5_1301_0_8bits.tiff;G:\Experiments\PTT\Spheroids\14042025\15042025\Analysis\2025-04-15_162203_tube4_segmentationDebug2\5_1301_0_segmented.tiff;2754.5;(76. 82);199.580733656883;0.98182142220638;59.2210969669847;0.86899126545719;0.970895328558296;531.268308278867;0.949474094824272;0.870878778305804;0.911215404382403;;;;;;;;;;;;;;;;;;513010.0;0.0;1301.0;False;E:\Experiments\PTT\Spheroids\14042025\16042025 after laser\Analysis\2025-04-16_155601_tube4_cropped_8bits\5_1301_0_8bits.tiff;E:\Experiments\PTT\Spheroids\14042025\16042025 after laser\Analysis\2025-04-16_155601_tube4_segmentationDebug\5_1301_0_segmented.tiff;4658.0;(66. 93);510.5096658468247;0.5987916184599563;77.01136149540785;0.2245956857189935;0.7085507778082241;815.6645476655776;0.9334887532651782;0.7607229147353063;0.8924977210511875;37.0;90.72671482948807;Alive;;;;;;;;;;;;;;;;;
1;Tube 4;514010.0;;;;;;;;;;;;;;;;;;514010.0;0.0;1401.0;False;G:\Experiments\PTT\Spheroids\14042025\16042025 before laser\Analysis\2025-04-16_095240_tube4_cropped_8bits2\5_1401_0_8bits.tiff;G:\Experiments\PTT\Spheroids\14042025\16042025 before laser\Analysis\2025-04-16_095240_tube4_segmentationDebug2\5_1401_0_segmented.tiff;4810.0;(74. 77);298.651801347732;0.934615758282327;78.2577932871617;0.677679991419278;0.931663860985362;916.127788022873;0.936722605638831;0.779122771352283;0.889951483971011;;;;;;;;;;;;;;;;;;;;;;;;;;;;;;;;;;;;;
1;Tube 4;610010.0;610010.0;0.0;1001.0;False;G:\Experiments\PTT\Spheroids\14042025\15042025\Analysis\2025-04-15_162203_tube4_cropped_8bits2\6_1001_0_8bits.tiff;G:\Experiments\PTT\Spheroids\14042025\15042025\Analysis\2025-04-15_162203_tube4_segmentationDebug2\6_1001_0_segmented.tiff;2725.0;(76. 73);198.509665727615;0.981098109810981;58.9031218137317;0.868986549909898;0.844853544318425;501.822383638693;0.952505222620659;0.872196265550929;0.910895523649305;;;;;;;;;;;;;;;;;;;;;;;;;;;;;;;;;;;;;;;;;;;;;;;;;;;;;;
1;Tube 4;611010.0;;;;;;;;;;;;;;;;;;;;;;;;;;;;;;;;;;;611010.0;0.0;1101.0;False;E:\Experiments\PTT\Spheroids\14042025\16042025 after laser\Analysis\2025-04-16_155601_tube4_cropped_8bits\6_1101_0_8bits.tiff;E:\Experiments\PTT\Spheroids\14042025\16042025 after laser\Analysis\2025-04-16_155601_tube4_segmentationDebug\6_1101_0_segmented.tiff;5230.0;(68. 65);363.62236392498016;0.889607076033339;81.60295839591173;0.4970617919750184;0.8529685630266353;761.6123792350209;0.9367968883998126;0.7510084354743887;0.90937511115349;37.0;77.90918977705275;Alive;;;;;;;;;;;;;;;;;
1;Tube 4;706010.0;706010.0;0.0;601.0;False;G:\Experiments\PTT\Spheroids\14042025\15042025\Analysis\2025-04-15_162203_tube4_cropped_8bits2\7_0601_0_8bits.tiff;G:\Experiments\PTT\Spheroids\14042025\15042025\Analysis\2025-04-15_162203_tube4_segmentationDebug2\7_0601_0_segmented.tiff;4163.5;(79. 70);272.551295995712;0.934148530401615;72.8088788850978;0.704323096296892;0.975184868438268;573.527690243128;0.925969035065412;0.80629724857938;0.939824848354689;;;;;;;;;;;;;;;;;;;;;;;;;;;;;;;;;;;;;;;;;;;;;;;;;;;;;;
1;Tube 4;804010.0;804010.0;0.0;401.0;False;G:\Experiments\PTT\Spheroids\14042025\15042025\Analysis\2025-04-15_162203_tube4_cropped_8bits2\8_0401_0_8bits.tiff;G:\Experiments\PTT\Spheroids\14042025\15042025\Analysis\2025-04-15_162203_tube4_segmentationDebug2\8_0401_0_segmented.tiff;2518.5;(75. 75);197.095452785491;0.968095329617528;56.6273237352385;0.814701676025227;0.892599678972067;565.155627601368;0.96518422519212;0.881832687979731;0.917362929339918;;;;;;;;;;;;;;;;;;;;;;;;;;;;;;;;;;;;;;;;;;;;;;;;;;;;;;
1;Tube 4;805010.0;;;;;;;;;;;;;;;;;;805010.0;0.0;501.0;False;G:\Experiments\PTT\Spheroids\14042025\16042025 before laser\Analysis\2025-04-16_095240_tube4_cropped_8bits2\8_0501_0_8bits.tiff;G:\Experiments\PTT\Spheroids\14042025\16042025 before laser\Analysis\2025-04-16_095240_tube4_segmentationDebug2\8_0501_0_segmented.tiff;4658.5;(79. 66);333.379723429679;0.867423889768178;77.0154946692466;0.526717320557785;0.822359096307289;826.445568072333;0.934935106627171;0.784013025392375;0.895813481293704;805010.0;0.0;501.0;False;E:\Experiments\PTT\Spheroids\14042025\16042025 after laser\Analysis\2025-04-16_155601_tube4_cropped_8bits\8_0501_0_8bits.tiff;E:\Experiments\PTT\Spheroids\14042025\16042025 after laser\Analysis\2025-04-16_155601_tube4_segmentationDebug\8_0501_0_segmented.tiff;4593.0;(66. 75);297.96550989151;0.9161264585618828;76.47214675271384;0.6500912436609553;0.8975709249564575;749.2025938365028;0.9370531553145056;0.788101372352132;0.8991238078830301;63.3;29.565757787617496;Dead;0.0;0.0;0.0;;;;-65.5;;-35.41421353816901;0.048702568793704826;-0.5433479165327668;0.1233739231031703;0.07521182864916853;-77.24297423583016;0.0021180486873345616;0.0040883469597569055;0.0033103265893261735
1;Tube 4;902020.0;902020.0;0.0;202.0;False;G:\Experiments\PTT\Spheroids\14042025\15042025\Analysis\2025-04-15_162203_tube4_cropped_8bits2\9_0202_0_8bits.tiff;G:\Experiments\PTT\Spheroids\14042025\15042025\Analysis\2025-04-15_162203_tube4_segmentationDebug2\9_0202_0_segmented.tiff;2656.5;(74. 78);196.75230705738;0.977912755383765;58.1580678030912;0.862342950303896;0.889269743690403;537.913409738409;0.956049636031002;0.875464944540905;0.912677857578565;;;;;;;;;;;;;;;;;;902020.0;0.0;202.0;False;E:\Experiments\PTT\Spheroids\14042025\16042025 after laser\Analysis\2025-04-16_155601_tube4_cropped_8bits\9_0202_0_8bits.tiff;E:\Experiments\PTT\Spheroids\14042025\16042025 after laser\Analysis\2025-04-16_155601_tube4_segmentationDebug\9_0202_0_segmented.tiff;4302.5;(81. 84);306.066015124321;0.8805771592304543;74.01427660406496;0.577165714395784;0.8069901087768666;764.0028030193112;0.9523458864130004;0.8017544853590328;0.8800565119657414;55.9;36.807659442243455;Dead;;;;;;;;;;;;;;;;;
2;Tube 1;1003010.0;1003010.0;0.0;301.0;False;E:\Experiments\PTT\Spheroids\30062025_mcf10\01072025\Analysis\2025-07-01_124019_tube1_cropped_8bits\10_0301_0_8bits.tiff;E:\Experiments\PTT\Spheroids\30062025_mcf10\01072025\Analysis\2025-07-01_124019_tube1_segmentationDebug\10_0301_0_segmented.tiff;1912.5;(71. 76);188.26702535152435;0.9196922337100264;49.34643481859656;0.6780516644170742;0.9271320016683784;792.5989819861666;0.966753764017119;0.9086224441331028;0.9134596159628134;;;;;;;;;;;;;;;;;;1003010.0;0.0;301.0;False;E:\Experiments\PTT\Spheroids\30062025_mcf10\0207 aftr laser\Analysis\2025-07-02_163917_tube1_cropped_8bits\10_0301_0_8bits.tiff;E:\Experiments\PTT\Spheroids\30062025_mcf10\0207 aftr laser\Analysis\2025-07-02_163917_tube1_segmentationDebug\10_0301_0_segmented.tiff;1951.0;(78. 80);176.3675309419632;0.955201958384333;49.84064959225855;0.7881880812938897;0.8835961663348045;883.7809683295138;0.956114998040518;0.9069221951269876;0.906867976864968;;;Dead;;;;;;;;;;;;;;;;;
2;Tube 1;1005010.0;;;;;;;;;;;;;;;;;;1005010.0;0.0;501.0;False;E:\Experiments\PTT\Spheroids\30062025_mcf10\0207 before lqse\Analysis\2025-07-02_111545_tube1_cropped_8bits\10_0501_0_8bits.tiff;E:\Experiments\PTT\Spheroids\30062025_mcf10\0207 before lqse\Analysis\2025-07-02_111545_tube1_segmentationDebug\10_0501_0_segmented.tiff;1965.5;(61. 75);187.78174483776093;0.9301940369143398;50.025516740729046;0.7004484392211247;0.9387795230582802;685.0789491586106;0.955055394138802;0.9060826200502972;0.9057107584818042;;;;;;;;;;;;;;;;;;;;;;;;;;;;;;;;;;;;;
2;Tube 1;1102030.0;;;;;;;;;;;;;;;;;;;;;;;;;;;;;;;;;;;1102030.0;0.0;203.0;False;E:\Experiments\PTT\Spheroids\30062025_mcf10\0207 aftr laser\Analysis\2025-07-02_163917_tube1_cropped_8bits\11_0203_0_8bits.tiff;E:\Experiments\PTT\Spheroids\30062025_mcf10\0207 aftr laser\Analysis\2025-07-02_163917_tube1_segmentationDebug\11_0203_0_segmented.tiff;1909.0;(73. 80);183.0538226366043;0.9264741567580684;49.30126054067407;0.7159096021024232;0.8987127549680531;712.6607607698088;0.966319692245314;0.9088479258641085;0.9240473335040864;;;Dead;;;;;;;;;;;;;;;;;
2;Tube 1;1102040.0;1102040.0;0.0;204.0;False;E:\Experiments\PTT\Spheroids\30062025_mcf10\01072025\Analysis\2025-07-01_124019_tube1_cropped_8bits\11_0204_0_8bits.tiff;E:\Experiments\PTT\Spheroids\30062025_mcf10\01072025\Analysis\2025-07-01_124019_tube1_segmentationDebug\11_0204_0_segmented.tiff;1643.0;(62. 85);161.19595777988434;0.9591360186806772;45.73764939303148;0.7945827515716242;0.7742045285397823;802.7320631434302;0.9666006354162344;0.9211505077544762;0.90623205306821;;;;;;;;;;;;;;;;;;;;;;;;;;;;;;;;;;;;;;;;;;;;;;;;;;;;;;
2;Tube 1;1103010.0;;;;;;;;;;;;;;;;;;1103010.0;0.0;301.0;False;E:\Experiments\PTT\Spheroids\30062025_mcf10\0207 before lqse\Analysis\2025-07-02_111545_tube1_cropped_8bits\11_0301_0_8bits.tiff;E:\Experiments\PTT\Spheroids\30062025_mcf10\0207 before lqse\Analysis\2025-07-02_111545_tube1_segmentationDebug\11_0301_0_segmented.tiff;1897.0;(74. 71);192.7106766700745;0.9179772562303412;49.1460620636344;0.6418974378510233;0.9628818055092292;797.4022127356122;0.9602306932155198;0.9088249118493508;0.8960540702550791;;;;;;;;;;;;;;;;;;;;;;;;;;;;;;;;;;;;;
2;Tube 1;1202040.0;;;;;;;;;;;;;;;;;;1202040.0;0.0;204.0;False;E:\Experiments\PTT\Spheroids\30062025_mcf10\0207 before lqse\Analysis\2025-07-02_111545_tube1_cropped_8bits\12_0204_0_8bits.tiff;E:\Experiments\PTT\Spheroids\30062025_mcf10\0207 before lqse\Analysis\2025-07-02_111545_tube1_segmentationDebug\12_0204_0_segmented.tiff;2030.0;(72. 76);175.53910398483276;0.9673576364069574;50.83971160237222;0.8278623795992404;0.9324986065525904;350.6312057944704;0.9611006762657268;0.9036030273309218;0.9319417894798424;;;;;;;;;;;;;;;;;;;;;;;;;;;;;;;;;;;;;
2;Tube 1;1202060.0;;;;;;;;;;;;;;;;;;;;;;;;;;;;;;;;;;;1202060.0;0.0;206.0;False;E:\Experiments\PTT\Spheroids\30062025_mcf10\0207 aftr laser\Analysis\2025-07-02_163917_tube1_cropped_8bits\12_0206_0_8bits.tiff;E:\Experiments\PTT\Spheroids\30062025_mcf10\0207 aftr laser\Analysis\2025-07-02_163917_tube1_segmentationDebug\12_0206_0_segmented.tiff;2071.5;(68. 81);176.95331752300262;0.9704848910751932;51.35674947773554;0.8313375232120541;0.8836963743182877;708.2976861118852;0.9516004299607989;0.9014876207322364;0.91198482020617;;;Dead;;;;;;;;;;;;;;;;;
2;Tube 1;1202070.0;1202070.0;0.0;207.0;False;E:\Experiments\PTT\Spheroids\30062025_mcf10\01072025\Analysis\2025-07-01_124019_tube1_cropped_8bits\12_0207_0_8bits.tiff;E:\Experiments\PTT\Spheroids\30062025_mcf10\01072025\Analysis\2025-07-01_124019_tube1_segmentationDebug\12_0207_0_segmented.tiff;1878.0;(68. 67);180.36753106117249;0.9364248317127898;48.89932376845957;0.7254186735407943;0.8122413940313618;613.9554548935569;0.959894126448614;0.909974670238108;0.9095818349167094;;;;;;;;;;;;;;;;;;;;;;;;;;;;;;;;;;;;;;;;;;;;;;;;;;;;;;
2;Tube 1;1302060.0;;;;;;;;;;;;;;;;;;1302060.0;0.0;206.0;False;E:\Experiments\PTT\Spheroids\30062025_mcf10\0207 before lqse\Analysis\2025-07-02_111545_tube1_cropped_8bits\13_0206_0_8bits.tiff;E:\Experiments\PTT\Spheroids\30062025_mcf10\0207 before lqse\Analysis\2025-07-02_111545_tube1_segmentationDebug\13_0206_0_segmented.tiff;1821.5;(72. 76);168.9533166885376;0.9501825769431403;48.15813358857566;0.8018730103316145;0.9977644533146812;719.2437708897605;0.965583220448216;0.9131123240221044;0.9108660737466244;;;;;;;;;;;;;;;;;;;;;;;;;;;;;;;;;;;;;
2;Tube 1;1302090.0;1302090.0;0.0;209.0;False;E:\Experiments\PTT\Spheroids\30062025_mcf10\01072025\Analysis\2025-07-01_124019_tube1_cropped_8bits\13_0209_0_8bits.tiff;E:\Experiments\PTT\Spheroids\30062025_mcf10\01072025\Analysis\2025-07-01_124019_tube1_segmentationDebug\13_0209_0_segmented.tiff;1968.5;(90. 74);184.95331728458405;0.9291951852725986;50.06367988683181;0.7231377487488665;0.9679101096729482;512.5518496518498;0.9650044041794534;0.9061138976352204;0.9341087517903016;;;;;;;;;;;;;;;;;;1302090.0;0.0;209.0;False;E:\Experiments\PTT\Spheroids\30062025_mcf10\0207 aftr laser\Analysis\2025-07-02_163917_tube1_cropped_8bits\13_0209_0_8bits.tiff;E:\Experiments\PTT\Spheroids\30062025_mcf10\0207 aftr laser\Analysis\2025-07-02_163917_tube1_segmentationDebug\13_0209_0_segmented.tiff;1924.0;(73. 74);184.3675308227539;0.9281234925229136;49.49457428921329;0.7112889354406249;0.8685910925265937;778.696657948271;0.9593247621154476;0.9077739135222812;0.9071250687949792;;;Dead;;;;;;;;;;;;;;;;;
2;Tube 1;1402100.0;;;;;;;;;;;;;;;;;;1402100.0;0.0;210.0;False;E:\Experiments\PTT\Spheroids\30062025_mcf10\0207 before lqse\Analysis\2025-07-02_111545_tube1_cropped_8bits\14_0210_0_8bits.tiff;E:\Experiments\PTT\Spheroids\30062025_mcf10\0207 before lqse\Analysis\2025-07-02_111545_tube1_segmentationDebug\14_0210_0_segmented.tiff;1914.0;(82. 77);169.53910386562347;0.9705882352941176;49.36578256872974;0.8367814246547752;0.9042170665426188;541.1991531852163;0.9664591825327712;0.9089273057560916;0.9286632285734524;;;;;;;;;;;;;;;;;;;;;;;;;;;;;;;;;;;;;
2;Tube 1;1402110.0;;;;;;;;;;;;;;;;;;;;;;;;;;;;;;;;;;;1402110.0;0.0;211.0;False;E:\Experiments\PTT\Spheroids\30062025_mcf10\0207 aftr laser\Analysis\2025-07-02_163917_tube1_cropped_8bits\14_0211_0_8bits.tiff;E:\Experiments\PTT\Spheroids\30062025_mcf10\0207 aftr laser\Analysis\2025-07-02_163917_tube1_segmentationDebug\14_0211_0_segmented.tiff;2094.5;(77. 74);184.61017203330996;0.944532130777903;51.641071120260456;0.7722874451689948;0.9019866528282044;540.6096044412545;0.9665240073442204;0.9005966861161805;0.9383967526027642;;;Dead;;;;;;;;;;;;;;;;;
2;Tube 1;1402120.0;1402120.0;0.0;212.0;False;E:\Experiments\PTT\Spheroids\30062025_mcf10\01072025\Analysis\2025-07-01_124019_tube1_cropped_8bits\14_0212_0_8bits.tiff;E:\Experiments\PTT\Spheroids\30062025_mcf10\01072025\Analysis\2025-07-01_124019_tube1_segmentationDebug\14_0212_0_segmented.tiff;1898.0;(62. 80);178.8528116941452;0.9471057884231536;49.15901398428714;0.7456148142215477;0.736901346802264;637.3008248834249;0.9610055570644096;0.9091820672945948;0.9176092426012452;;;;;;;;;;;;;;;;;;;;;;;;;;;;;;;;;;;;;;;;;;;;;;;;;;;;;;
2;Tube 1;1502120.0;;;;;;;;;;;;;;;;;;1502120.0;0.0;212.0;False;E:\Experiments\PTT\Spheroids\30062025_mcf10\0207 before lqse\Analysis\2025-07-02_111545_tube1_cropped_8bits\15_0212_0_8bits.tiff;E:\Experiments\PTT\Spheroids\30062025_mcf10\0207 before lqse\Analysis\2025-07-02_111545_tube1_segmentationDebug\15_0212_0_segmented.tiff;1972.0;(79. 76);184.1665205955505;0.918704868390403;50.10816682156454;0.7306264800529443;0.9481161968291468;620.8649450609225;0.966059210001097;0.9061555598202532;0.923606002362197;;;;;;;;;;;;;;;;;;;;;;;;;;;;;;;;;;;;;
2;Tube 1;1502140.0;;;;;;;;;;;;;;;;;;;;;;;;;;;;;;;;;;;1502140.0;0.0;214.0;False;E:\Experiments\PTT\Spheroids\30062025_mcf10\0207 aftr laser\Analysis\2025-07-02_163917_tube1_cropped_8bits\15_0214_0_8bits.tiff;E:\Experiments\PTT\Spheroids\30062025_mcf10\0207 aftr laser\Analysis\2025-07-02_163917_tube1_segmentationDebug\15_0214_0_segmented.tiff;1958.0;(69. 75);170.02438509464264;0.9731610337972167;49.92998125967452;0.8511382846715484;0.9396337072049874;771.1119128082516;0.9576973474694984;0.906986486329591;0.9062567163717626;;;Dead;;;;;;;;;;;;;;;;;
2;Tube 1;1502150.0;1502150.0;0.0;215.0;False;E:\Experiments\PTT\Spheroids\30062025_mcf10\01072025\Analysis\2025-07-01_124019_tube1_cropped_8bits\15_0215_0_8bits.tiff;E:\Experiments\PTT\Spheroids\30062025_mcf10\01072025\Analysis\2025-07-01_124019_tube1_segmentationDebug\15_0215_0_segmented.tiff;2086.5;(78. 82);180.81118190288544;0.9590898643989888;51.54235452605864;0.8020061212155775;0.8381199959589661;645.062907497661;0.9584493788574326;0.900790878682615;0.9221427066035416;;;;;;;;;;;;;;;;;;;;;;;;;;;;;;;;;;;;;;;;;;;;;;;;;;;;;;
2;Tube 1;1602150.0;;;;;;;;;;;;;;;;;;1602150.0;0.0;215.0;False;E:\Experiments\PTT\Spheroids\30062025_mcf10\0207 before lqse\Analysis\2025-07-02_111545_tube1_cropped_8bits\16_0215_0_8bits.tiff;E:\Experiments\PTT\Spheroids\30062025_mcf10\0207 before lqse\Analysis\2025-07-02_111545_tube1_segmentationDebug\16_0215_0_segmented.tiff;1877.0;(78. 80);168.36753070354462;0.972035214914552;48.88630304561698;0.8320653781158882;0.9136047681645464;550.5799082731946;0.9647476379291618;0.910713464300614;0.91968575556483;;;;;;;;;;;;;;;;;;;;;;;;;;;;;;;;;;;;;
2;Tube 1;1602170.0;1602170.0;0.0;217.0;False;E:\Experiments\PTT\Spheroids\30062025_mcf10\01072025\Analysis\2025-07-01_124019_tube1_cropped_8bits\16_0217_0_8bits.tiff;E:\Experiments\PTT\Spheroids\30062025_mcf10\01072025\Analysis\2025-07-01_124019_tube1_segmentationDebug\16_0217_0_segmented.tiff;1938.0;(84. 73);173.1959582567215;0.961786600496278;49.67432171350451;0.8118730601614627;0.9269778258622856;503.9503895625919;0.9696440727647992;0.9078586211236478;0.9343402527614276;;;;;;;;;;;;;;;;;;1602170.0;0.0;217.0;False;E:\Experiments\PTT\Spheroids\30062025_mcf10\0207 aftr laser\Analysis\2025-07-02_163917_tube1_cropped_8bits\16_0217_0_8bits.tiff;E:\Experiments\PTT\Spheroids\30062025_mcf10\0207 aftr laser\Analysis\2025-07-02_163917_tube1_segmentationDebug\16_0217_0_segmented.tiff;1760.0;(67. 68);166.71067678928375;0.9554831704668838;47.33816218162558;0.795784915536734;0.930596816108304;684.8909773058688;0.9585805018536584;0.915727432524437;0.9104891515221196;;;Dead;;;;;;;;;;;;;;;;;
2;Tube 1;1702180.0;;;;;;;;;;;;;;;;;;1702180.0;0.0;218.0;False;E:\Experiments\PTT\Spheroids\30062025_mcf10\0207 before lqse\Analysis\2025-07-02_111545_tube1_cropped_8bits\17_0218_0_8bits.tiff;E:\Experiments\PTT\Spheroids\30062025_mcf10\0207 before lqse\Analysis\2025-07-02_111545_tube1_segmentationDebug\17_0218_0_segmented.tiff;1834.0;(76. 85);165.05382215976715;0.9708840656431976;48.32309308233785;0.8459759637260785;0.9459195081368468;664.0239009052962;0.9596616650529542;0.9126606196628528;0.9110401419596036;;;;;;;;;;;;;;;;;;;;;;;;;;;;;;;;;;;;;
2;Tube 1;1702200.0;1702200.0;0.0;220.0;False;E:\Experiments\PTT\Spheroids\30062025_mcf10\01072025\Analysis\2025-07-01_124019_tube1_cropped_8bits\17_0220_0_8bits.tiff;E:\Experiments\PTT\Spheroids\30062025_mcf10\01072025\Analysis\2025-07-01_124019_tube1_segmentationDebug\17_0220_0_segmented.tiff;1745.0;(83. 91);189.53910410404205;0.8903061224489796;47.13600540524048;0.6103903349582547;0.897378269944786;650.8656646932759;0.9620453825403132;0.915893978580436;0.9132985669637206;;;;;;;;;;;;;;;;;;1702200.0;0.0;220.0;False;E:\Experiments\PTT\Spheroids\30062025_mcf10\0207 aftr laser\Analysis\2025-07-02_163917_tube1_cropped_8bits\17_0220_0_8bits.tiff;E:\Experiments\PTT\Spheroids\30062025_mcf10\0207 aftr laser\Analysis\2025-07-02_163917_tube1_segmentationDebug\17_0220_0_segmented.tiff;1840.0;(70. 81);173.8822499513626;0.944558521560575;48.402073946399234;0.7647459484355509;0.8747465981815395;650.848669017144;0.9614242039952536;0.9121178052974612;0.923787635240746;;;Dead;;;;;;;;;;;;;;;;;
2;Tube 1;1802210.0;;;;;;;;;;;;;;;;;;1802210.0;0.0;221.0;False;E:\Experiments\PTT\Spheroids\30062025_mcf10\0207 before lqse\Analysis\2025-07-02_111545_tube1_cropped_8bits\18_0221_0_8bits.tiff;E:\Experiments\PTT\Spheroids\30062025_mcf10\0207 before lqse\Analysis\2025-07-02_111545_tube1_segmentationDebug\18_0221_0_segmented.tiff;1878.5;(69. 73);175.43859899044037;0.9504174045029092;48.90583282988854;0.76695655284653;0.9485269662757287;676.6701282304202;0.9617724729592232;0.9102848898804216;0.9058481658363436;;;;;;;;;;;;;;;;;;;;;;;;;;;;;;;;;;;;;
2;Tube 1;1802230.0;1802230.0;0.0;223.0;False;E:\Experiments\PTT\Spheroids\30062025_mcf10\01072025\Analysis\2025-07-01_124019_tube1_cropped_8bits\18_0223_0_8bits.tiff;E:\Experiments\PTT\Spheroids\30062025_mcf10\01072025\Analysis\2025-07-01_124019_tube1_segmentationDebug\18_0223_0_segmented.tiff;1717.0;(64. 74);169.5391036272049;0.9439252336448598;46.75630757780467;0.7506550209891276;0.8586282150244181;620.0329570651843;0.9611746747453332;0.917667501074662;0.9154748641412656;;;;;;;;;;;;;;;;;;1802230.0;0.0;223.0;False;E:\Experiments\PTT\Spheroids\30062025_mcf10\0207 aftr laser\Analysis\2025-07-02_163917_tube1_cropped_8bits\18_0223_0_8bits.tiff;E:\Experiments\PTT\Spheroids\30062025_mcf10\0207 aftr laser\Analysis\2025-07-02_163917_tube1_segmentationDebug\18_0223_0_segmented.tiff;1899.0;(71. 79);183.19595789909363;0.9243124847894864;49.17196249339733;0.7110547709417362;0.8946693384469396;701.8056214258675;0.9561983786439942;0.9090465979585332;0.9048411699081508;;;Dead;;;;;;;;;;;;;;;;;
2;Tube 1;1902230.0;;;;;;;;;;;;;;;;;;1902230.0;0.0;223.0;False;E:\Experiments\PTT\Spheroids\30062025_mcf10\0207 before lqse\Analysis\2025-07-02_111545_tube1_cropped_8bits\19_0223_0_8bits.tiff;E:\Experiments\PTT\Spheroids\30062025_mcf10\0207 before lqse\Analysis\2025-07-02_111545_tube1_segmentationDebug\19_0223_0_segmented.tiff;1900.0;(80. 81);175.19595789909363;0.9542943244600705;49.18490759365935;0.7778848280838699;0.8901986076342238;688.780433550826;0.9614725535338248;0.9092981326577232;0.9121082804411372;;;;;;;;;;;;;;;;;;;;;;;;;;;;;;;;;;;;;
2;Tube 1;1904240.0;;;;;;;;;;;;;;;;;;;;;;;;;;;;;;;;;;;1904240.0;0.0;424.0;False;E:\Experiments\PTT\Spheroids\30062025_mcf10\0207 aftr laser\Analysis\2025-07-02_163917_tube1_cropped_8bits\19_0424_0_8bits.tiff;E:\Experiments\PTT\Spheroids\30062025_mcf10\0207 aftr laser\Analysis\2025-07-02_163917_tube1_segmentationDebug\19_0424_0_segmented.tiff;2197.5;(73. 78);222.75230658054352;0.8514141805501744;52.89559433029863;0.5565373658675508;0.7790571856755177;621.0479674880462;0.9450529246103446;0.8945429809815211;0.9102489594079506;;;Dead;;;;;;;;;;;;;;;;;
2;Tube 1;1905240.0;1905240.0;0.0;524.0;False;E:\Experiments\PTT\Spheroids\30062025_mcf10\01072025\Analysis\2025-07-01_124019_tube1_cropped_8bits\19_0524_0_8bits.tiff;E:\Experiments\PTT\Spheroids\30062025_mcf10\01072025\Analysis\2025-07-01_124019_tube1_segmentationDebug\19_0524_0_segmented.tiff;1629.0;(63. 44);162.08326041698456;0.9495773826872632;45.54236728995958;0.7792101837705065;0.9686576046233724;691.5255550175639;0.9610114567311184;0.9104287295825684;0.9064228995993926;;;;;;;;;;;;;;;;;;;;;;;;;;;;;;;;;;;;;;;;;;;;;;;;;;;;;;
2;Tube 1;2005240.0;;;;;;;;;;;;;;;;;;2005240.0;0.0;524.0;False;E:\Experiments\PTT\Spheroids\30062025_mcf10\0207 before lqse\Analysis\2025-07-02_111545_tube1_cropped_8bits\20_0524_0_8bits.tiff;E:\Experiments\PTT\Spheroids\30062025_mcf10\0207 before lqse\Analysis\2025-07-02_111545_tube1_segmentationDebug\20_0524_0_segmented.tiff;2043.5;(79. 73);215.43859839439392;0.8653398263815372;51.00847978195689;0.5532704510559916;0.76496556678229;661.3257541967487;0.9509034968708084;0.901464497092781;0.9085146191529448;;;;;;;;;;;;;;;;;;;;;;;;;;;;;;;;;;;;;
2;Tube 1;2007240.0;2007240.0;0.0;724.0;False;E:\Experiments\PTT\Spheroids\30062025_mcf10\01072025\Analysis\2025-07-01_124019_tube1_cropped_8bits\20_0724_0_8bits.tiff;E:\Experiments\PTT\Spheroids\30062025_mcf10\01072025\Analysis\2025-07-01_124019_tube1_segmentationDebug\20_0724_0_segmented.tiff;1655.5;(75. 72);166.46803653240204;0.9379603399433428;45.91130651929938;0.7507188742869498;0.8608959936040939;727.5049342855318;0.9591417449174124;0.9205790943231352;0.912453451365182;;;;;;;;;;;;;;;;;;2007240.0;0.0;724.0;False;E:\Experiments\PTT\Spheroids\30062025_mcf10\0207 aftr laser\Analysis\2025-07-02_163917_tube1_cropped_8bits\20_0724_0_8bits.tiff;E:\Experiments\PTT\Spheroids\30062025_mcf10\0207 aftr laser\Analysis\2025-07-02_163917_tube1_segmentationDebug\20_0724_0_segmented.tiff;1839.0;(67. 80);175.88224983215332;0.9411463664278404;48.3889194213713;0.7470463850929274;0.8160275829781698;647.7116286973232;0.9633716968208684;0.9123453157364622;0.9298784577325028;;;Dead;;;;;;;;;;;;;;;;;
2;Tube 1;205050.0;;;;;;;;;;;;;;;;;;205050.0;0.0;505.0;False;E:\Experiments\PTT\Spheroids\30062025_mcf10\0207 before lqse\Analysis\2025-07-02_111545_tube1_cropped_8bits\2_0505_0_8bits.tiff;E:\Experiments\PTT\Spheroids\30062025_mcf10\0207 before lqse\Analysis\2025-07-02_111545_tube1_segmentationDebug\2_0505_0_segmented.tiff;2212.5;(71. 81);186.75230765342712;0.957584938325038;53.0758183425046;0.7971888016480396;0.9390651481716284;643.8284439200199;0.953016803951567;0.8949393550453543;0.922298584278624;;;;;;;;;;;;;;;;;;;;;;;;;;;;;;;;;;;;;
2;Tube 1;206050.0;;;;;;;;;;;;;;;;;;;;;;;;;;;;;;;;;;;206050.0;0.0;605.0;False;E:\Experiments\PTT\Spheroids\30062025_mcf10\0207 aftr laser\Analysis\2025-07-02_163917_tube1_cropped_8bits\2_0605_0_8bits.tiff;E:\Experiments\PTT\Spheroids\30062025_mcf10\0207 aftr laser\Analysis\2025-07-02_163917_tube1_segmentationDebug\2_0605_0_segmented.tiff;2193.0;(73. 73);178.02438461780548;0.9777084262148908;52.8414072636622;0.8695398886068112;0.9064815625647774;778.7932641317186;0.9521456299182304;0.8962417045525696;0.9135953512406793;;;Dead;;;;;;;;;;;;;;;;;
2;Tube 1;207050.0;207050.0;0.0;705.0;False;E:\Experiments\PTT\Spheroids\30062025_mcf10\01072025\Analysis\2025-07-01_124019_tube1_cropped_8bits\2_0705_0_8bits.tiff;E:\Experiments\PTT\Spheroids\30062025_mcf10\01072025\Analysis\2025-07-01_124019_tube1_segmentationDebug\2_0705_0_segmented.tiff;2146.5;(72. 80);205.09545290470123;0.9120458891013384;52.27818553444665;0.6412519415424115;0.8035673331280999;575.94182817406;0.94828150337703;0.8974743826736872;0.9046659420657482;;;;;;;;;;;;;;;;;;;;;;;;;;;;;;;;;;;;;;;;;;;;;;;;;;;;;;
2;Tube 1;308050.0;;;;;;;;;;;;;;;;;;308050.0;0.0;805.0;False;E:\Experiments\PTT\Spheroids\30062025_mcf10\0207 before lqse\Analysis\2025-07-02_111545_tube1_cropped_8bits\3_0805_0_8bits.tiff;E:\Experiments\PTT\Spheroids\30062025_mcf10\0207 before lqse\Analysis\2025-07-02_111545_tube1_segmentationDebug\3_0805_0_segmented.tiff;2209.0;(82. 68);195.68123936653137;0.92854140395124;53.03382085348909;0.724948572789587;0.9146017076807624;656.640690473859;0.9540695393815112;0.8950410706133942;0.9124770795147298;308050.0;0.0;805.0;False;E:\Experiments\PTT\Spheroids\30062025_mcf10\0207 aftr laser\Analysis\2025-07-02_163917_tube1_cropped_8bits\3_0805_0_8bits.tiff;E:\Experiments\PTT\Spheroids\30062025_mcf10\0207 aftr laser\Analysis\2025-07-02_163917_tube1_segmentationDebug\3_0805_0_segmented.tiff;2234.0;(75. 79);190.3675309419632;0.9452083774063889;53.33307738109957;0.7746531273007369;0.9647300786805914;773.1152799557408;0.9464459153422726;0.8937798708557702;0.8987610524427991;;;Dead;0.0;0.0;0.0;;;;25.0;;-5.313708424568176;0.016666973455148892;0.29925652761048127;0.04970455451114986;0.05012837099982892;116.47458948188182;-0.007623624039238552;-0.0012611997576240652;-0.013716027071930648
2;Tube 1;310050.0;310050.0;0.0;1005.0;False;E:\Experiments\PTT\Spheroids\30062025_mcf10\01072025\Analysis\2025-07-01_124019_tube1_cropped_8bits\3_1005_0_8bits.tiff;E:\Experiments\PTT\Spheroids\30062025_mcf10\01072025\Analysis\2025-07-01_124019_tube1_segmentationDebug\3_1005_0_segmented.tiff;2211.0;(77. 49);193.19595777988437;0.9428571428571428;53.05782348918437;0.7443934372871908;0.828265457188775;713.2012161336602;0.9447841905746496;0.8759804038964932;0.9108831653730056;;;;;;;;;;;;;;;;;;;;;;;;;;;;;;;;;;;;;;;;;;;;;;;;;;;;;;
2;Tube 1;410050.0;;;;;;;;;;;;;;;;;;410050.0;0.0;1005.0;False;E:\Experiments\PTT\Spheroids\30062025_mcf10\0207 before lqse\Analysis\2025-07-02_111545_tube1_cropped_8bits\4_1005_0_8bits.tiff;E:\Experiments\PTT\Spheroids\30062025_mcf10\0207 before lqse\Analysis\2025-07-02_111545_tube1_segmentationDebug\4_1005_0_segmented.tiff;2086.5;(78. 86);172.61017167568207;0.9795774647887324;51.54235452605864;0.8800259608584311;0.9432080365684824;614.6472349838352;0.9550091166909326;0.9010725619130516;0.918943730208339;;;;;;;;;;;;;;;;;;;;;;;;;;;;;;;;;;;;;
2;Tube 1;411050.0;;;;;;;;;;;;;;;;;;;;;;;;;;;;;;;;;;;411050.0;0.0;1105.0;False;E:\Experiments\PTT\Spheroids\30062025_mcf10\0207 aftr laser\Analysis\2025-07-02_163917_tube1_cropped_8bits\4_1105_0_8bits.tiff;E:\Experiments\PTT\Spheroids\30062025_mcf10\0207 aftr laser\Analysis\2025-07-02_163917_tube1_segmentationDebug\4_1105_0_segmented.tiff;2199.5;(71. 64);178.9533178806305;0.9758207630878438;52.91965966108428;0.863086494130714;0.9359949722537794;667.405715936892;0.9605385802026438;0.895910649773302;0.9351964257776014;;;Dead;;;;;;;;;;;;;;;;;
2;Tube 1;412050.0;412050.0;0.0;1205.0;False;E:\Experiments\PTT\Spheroids\30062025_mcf10\01072025\Analysis\2025-07-01_124019_tube1_cropped_8bits\4_1205_0_8bits.tiff;E:\Experiments\PTT\Spheroids\30062025_mcf10\01072025\Analysis\2025-07-01_124019_tube1_segmentationDebug\4_1205_0_segmented.tiff;1759.5;(71. 68);168.468035697937;0.9474959612277868;47.33143753322435;0.77904780985923;0.8816863512555415;600.455562200957;0.9633443949648588;0.9156948584028352;0.9157184270667428;;;;;;;;;;;;;;;;;;;;;;;;;;;;;;;;;;;;;;;;;;;;;;;;;;;;;;
2;Tube 1;513050.0;;;;;;;;;;;;;;;;;;513050.0;0.0;1305.0;False;E:\Experiments\PTT\Spheroids\30062025_mcf10\0207 before lqse\Analysis\2025-07-02_111545_tube1_cropped_8bits\5_1305_0_8bits.tiff;E:\Experiments\PTT\Spheroids\30062025_mcf10\0207 before lqse\Analysis\2025-07-02_111545_tube1_segmentationDebug\5_1305_0_segmented.tiff;2100.0;(74. 68);193.68123936653137;0.9116561753852832;51.708829458264105;0.7034837140263628;0.9311355948829216;790.3642372957079;0.9512424737795429;0.8998540265465188;0.903156252686882;;;;;;;;;;;;;;;;;;;;;;;;;;;;;;;;;;;;;
2;Tube 1;514050.0;;;;;;;;;;;;;;;;;;;;;;;;;;;;;;;;;;;514050.0;0.0;1405.0;False;E:\Experiments\PTT\Spheroids\30062025_mcf10\0207 aftr laser\Analysis\2025-07-02_163917_tube1_cropped_8bits\5_1405_0_8bits.tiff;E:\Experiments\PTT\Spheroids\30062025_mcf10\0207 aftr laser\Analysis\2025-07-02_163917_tube1_segmentationDebug\5_1405_0_segmented.tiff;1925.5;(79. 76);196.26702570915225;0.8939182915506035;49.51386415326071;0.6281432609572779;0.8454355475681675;547.0970663579017;0.9590404530888484;0.9077378793434824;0.9108353141848669;;;Dead;;;;;;;;;;;;;;;;;
2;Tube 1;515040.0;515040.0;0.0;1504.0;False;E:\Experiments\PTT\Spheroids\30062025_mcf10\01072025\Analysis\2025-07-01_124019_tube1_cropped_8bits\5_1504_0_8bits.tiff;E:\Experiments\PTT\Spheroids\30062025_mcf10\01072025\Analysis\2025-07-01_124019_tube1_segmentationDebug\5_1504_0_segmented.tiff;1575.0;(75. 71);160.2253955602646;0.9513742071881608;44.78115991081385;0.7709526707754487;0.9318561504337474;704.492455801993;0.9642720811754012;0.9241847982151058;0.8970954038399208;;;;;;;;;;;;;;;;;;;;;;;;;;;;;;;;;;;;;;;;;;;;;;;;;;;;;;
2;Tube 1;614010.0;614010.0;0.0;1401.0;False;E:\Experiments\PTT\Spheroids\30062025_mcf10\01072025\Analysis\2025-07-01_124019_tube1_cropped_8bits\6_1401_0_8bits.tiff;E:\Experiments\PTT\Spheroids\30062025_mcf10\01072025\Analysis\2025-07-01_124019_tube1_segmentationDebug\6_1401_0_segmented.tiff;2274.0;(74. 87);202.36753046512604;0.9193450576106732;53.80842614988623;0.6977802299502183;0.7202791193344462;809.9841805829685;0.9510928209624404;0.8921172242763097;0.9105041392254404;;;;;;;;;;;;;;;;;;614010.0;0.0;1401.0;False;E:\Experiments\PTT\Spheroids\30062025_mcf10\0207 aftr laser\Analysis\2025-07-02_163917_tube1_cropped_8bits\6_1401_0_8bits.tiff;E:\Experiments\PTT\Spheroids\30062025_mcf10\0207 aftr laser\Analysis\2025-07-02_163917_tube1_segmentationDebug\6_1401_0_segmented.tiff;2158.0;(76. 80);177.19595861434937;0.973826714801444;52.41804019169814;0.863681623678123;0.9320464215362766;638.4051130201115;0.9596330144107484;0.8978353019117916;0.925030555649244;;;Dead;;;;;;;;;;;;;;;;;
2;Tube 1;615030.0;;;;;;;;;;;;;;;;;;615030.0;0.0;1503.0;False;E:\Experiments\PTT\Spheroids\30062025_mcf10\0207 before lqse\Analysis\2025-07-02_111545_tube1_cropped_8bits\6_1503_0_8bits.tiff;E:\Experiments\PTT\Spheroids\30062025_mcf10\0207 before lqse\Analysis\2025-07-02_111545_tube1_segmentationDebug\6_1503_0_segmented.tiff;2115.0;(81. 77);210.85281229019165;0.9092863284608772;51.893175246027;0.5978076110179775;0.8697575689852112;495.25650969169055;0.970705377088954;0.8989339171980619;0.9411871466985134;;;;;;;;;;;;;;;;;;;;;;;;;;;;;;;;;;;;;
2;Tube 1;711010.0;711010.0;0.0;1101.0;False;E:\Experiments\PTT\Spheroids\30062025_mcf10\01072025\Analysis\2025-07-01_124019_tube1_cropped_8bits\7_1101_0_8bits.tiff;E:\Experiments\PTT\Spheroids\30062025_mcf10\01072025\Analysis\2025-07-01_124019_tube1_segmentationDebug\7_1101_0_segmented.tiff;1924.0;(65. 79);179.19595789909363;0.9484841015528716;49.49457428921329;0.7529367819317359;0.9017830258264758;732.284220075966;0.953629132809106;0.9082283689830248;0.9149299727334714;;;;;;;;;;;;;;;;;;711010.0;0.0;1101.0;False;E:\Experiments\PTT\Spheroids\30062025_mcf10\0207 aftr laser\Analysis\2025-07-02_163917_tube1_cropped_8bits\7_1101_0_8bits.tiff;E:\Experiments\PTT\Spheroids\30062025_mcf10\0207 aftr laser\Analysis\2025-07-02_163917_tube1_segmentationDebug\7_1101_0_segmented.tiff;2002.5;(67. 66);175.2964632511139;0.9615846338535414;50.49417974709722;0.8189098235709722;0.930829925572073;651.6904870397643;0.9556720095770198;0.9046581614629872;0.9210749242181632;;;Dead;;;;;;;;;;;;;;;;;
2;Tube 1;714010.0;;;;;;;;;;;;;;;;;;714010.0;0.0;1401.0;False;E:\Experiments\PTT\Spheroids\30062025_mcf10\0207 before lqse\Analysis\2025-07-02_111545_tube1_cropped_8bits\7_1401_0_8bits.tiff;E:\Experiments\PTT\Spheroids\30062025_mcf10\0207 before lqse\Analysis\2025-07-02_111545_tube1_segmentationDebug\7_1401_0_segmented.tiff;3020.0;(87. 86);395.62236416339874;0.718448911621268;62.00954301637928;0.242468395849916;0.7620151086783172;637.2587902077971;0.9304255796230332;0.851938484409563;0.9130040963762404;;;;;;;;;;;;;;;;;;;;;;;;;;;;;;;;;;;;;
2;Tube 1;808010.0;808010.0;0.0;801.0;False;E:\Experiments\PTT\Spheroids\30062025_mcf10\01072025\Analysis\2025-07-01_124019_tube1_cropped_8bits\8_0801_0_8bits.tiff;E:\Experiments\PTT\Spheroids\30062025_mcf10\01072025\Analysis\2025-07-01_124019_tube1_segmentationDebug\8_0801_0_segmented.tiff;2031.5;(81. 75);187.78174448013303;0.937038745387454;50.85849127854152;0.7239689695740198;0.9474416953274296;641.1464580444974;0.9598649315274672;0.90310979064881;0.9251660572756948;;;;;;;;;;;;;;;;;;808010.0;0.0;801.0;False;E:\Experiments\PTT\Spheroids\30062025_mcf10\0207 aftr laser\Analysis\2025-07-02_163917_tube1_cropped_8bits\8_0801_0_8bits.tiff;E:\Experiments\PTT\Spheroids\30062025_mcf10\0207 aftr laser\Analysis\2025-07-02_163917_tube1_segmentationDebug\8_0801_0_segmented.tiff;2263.0;(70. 79);196.7106766700745;0.9393939393939394;53.678124871642765;0.7349174396044031;0.91639190326972;769.0015241262654;0.9462353649663248;0.8923271987770752;0.9096475012969916;;;Dead;;;;;;;;;;;;;;;;;
2;Tube 1;811010.0;;;;;;;;;;;;;;;;;;811010.0;0.0;1101.0;False;E:\Experiments\PTT\Spheroids\30062025_mcf10\0207 before lqse\Analysis\2025-07-02_111545_tube1_cropped_8bits\8_1101_0_8bits.tiff;E:\Experiments\PTT\Spheroids\30062025_mcf10\0207 before lqse\Analysis\2025-07-02_111545_tube1_segmentationDebug\8_1101_0_segmented.tiff;2126.0;(79. 88);204.71067690849304;0.8912177740515616;52.02794702952401;0.6375175363271747;0.9097107757059792;784.7762481778191;0.9528411286919564;0.898383670836199;0.9117802620534728;;;;;;;;;;;;;;;;;;;;;;;;;;;;;;;;;;;;;
2;Tube 1;906010.0;;;;;;;;;;;;;;;;;;;;;;;;;;;;;;;;;;;906010.0;0.0;601.0;False;E:\Experiments\PTT\Spheroids\30062025_mcf10\0207 aftr laser\Analysis\2025-07-02_163917_tube1_cropped_8bits\9_0601_0_8bits.tiff;E:\Experiments\PTT\Spheroids\30062025_mcf10\0207 aftr laser\Analysis\2025-07-02_163917_tube1_segmentationDebug\9_0601_0_segmented.tiff;2057.5;(65. 74);177.43859827518463;0.9668703007518796;51.18291085208615;0.8212086437004364;0.9268273568111834;794.6157943728792;0.9532018499794666;0.90229119555635;0.9069178832495036;;;Dead;;;;;;;;;;;;;;;;;
2;Tube 1;908010.0;;;;;;;;;;;;;;;;;;908010.0;0.0;801.0;False;E:\Experiments\PTT\Spheroids\30062025_mcf10\0207 before lqse\Analysis\2025-07-02_111545_tube1_cropped_8bits\9_0801_0_8bits.tiff;E:\Experiments\PTT\Spheroids\30062025_mcf10\0207 before lqse\Analysis\2025-07-02_111545_tube1_segmentationDebug\9_0801_0_segmented.tiff;2230.5;(68. 78);199.78174436092377;0.933458882611425;53.29128263170048;0.7022641361435441;0.934570072942338;716.7537416450346;0.9480911304512666;0.8937605028663117;0.912923347827568;;;;;;;;;;;;;;;;;;;;;;;;;;;;;;;;;;;;;
2;Tube 2;1003010.0;;;;;;;;;;;;;;;;;;1003010.0;0.0;301.0;False;E:\Experiments\PTT\Spheroids\30062025_mcf10\0207 before lqse\Analysis\2025-07-02_112356_tube2_cropped_8bits\10_0301_0_8bits.tiff;E:\Experiments\PTT\Spheroids\30062025_mcf10\0207 before lqse\Analysis\2025-07-02_112356_tube2_segmentationDebug\10_0301_0_segmented.tiff;2382.0;(72. 90);233.19595777988437;0.8661818181818182;55.07137728039093;0.5504394915193508;0.8937696367923131;809.5337792984255;0.948800632313336;0.8858584489962454;0.9027079681624676;;;;;;;;;;;;;;;;;;;;;;;;;;;;;;;;;;;;;
2;Tube 2;104050.0;;;;;;;;;;;;;;;;;;104050.0;0.0;405.0;False;E:\Experiments\PTT\Spheroids\30062025_mcf10\0207 before lqse\Analysis\2025-07-02_112356_tube2_cropped_8bits\1_0405_0_8bits.tiff;E:\Experiments\PTT\Spheroids\30062025_mcf10\0207 before lqse\Analysis\2025-07-02_112356_tube2_segmentationDebug\1_0405_0_segmented.tiff;2682.5;(78. 72);255.23758721351624;0.8406455656534002;58.44198044857886;0.5174403995560747;0.9073988872206844;639.0484514513032;0.9503402606303922;0.872034645196746;0.9298363620221304;;;;;;;;;;;;;;;;;;;;;;;;;;;;;;;;;;;;;
2;Tube 2;1105010.0;1105010.0;0.0;501.0;False;E:\Experiments\PTT\Spheroids\30062025_mcf10\01072025\Analysis\2025-07-01_124914_tube2_cropped_8bits\11_0501_0_8bits.tiff;E:\Experiments\PTT\Spheroids\30062025_mcf10\01072025\Analysis\2025-07-01_124914_tube2_segmentationDebug\11_0501_0_segmented.tiff;752.0;(64. 120);157.396968126297;0.7607486090035407;30.9431113115802;0.3814476816351773;0.4323189559803926;497.3870615146232;0.9786915023990478;0.9608295789437292;0.8565743434970499;;;;;;;;;;;;;;;;;;;;;;;;;;;;;;;;;;;;;;;;;;;;;;;;;;;;;;
2;Tube 2;1105010.0;1105010.0;1.0;501.0;False;E:\Experiments\PTT\Spheroids\30062025_mcf10\01072025\Analysis\2025-07-01_124914_tube2_cropped_8bits\11_0501_0_8bits.tiff;E:\Experiments\PTT\Spheroids\30062025_mcf10\01072025\Analysis\2025-07-01_124914_tube2_segmentationDebug\11_0501_0_segmented.tiff;1441.0;(92. 73);155.5391035079956;0.93419773095624;42.83384390833222;0.748504924449654;0.8692479241580883;548.7706516889921;0.9674751894921788;0.9305166137237084;0.9083012710350412;;;;;;;;;;;;;;;;;;;;;;;;;;;;;;;;;;;;;;;;;;;;;;;;;;;;;;
2;Tube 2;1202020.0;1202020.0;0.0;202.0;False;E:\Experiments\PTT\Spheroids\30062025_mcf10\01072025\Analysis\2025-07-01_124914_tube2_cropped_8bits\12_0202_0_8bits.tiff;E:\Experiments\PTT\Spheroids\30062025_mcf10\01072025\Analysis\2025-07-01_124914_tube2_segmentationDebug\12_0202_0_segmented.tiff;2345.0;(91. 74);244.16652023792267;0.8561518802482658;54.641986900221305;0.4942884737945787;0.5660631465233108;404.3875402720871;0.9528363852262284;0.8876634659822052;0.9290295443073532;;;;;;;;;;;;;;;;;;;;;;;;;;;;;;;;;;;;;;;;;;;;;;;;;;;;;;
2;Tube 2;1202050.0;;;;;;;;;;;;;;;;;;1202050.0;0.0;205.0;False;E:\Experiments\PTT\Spheroids\30062025_mcf10\0207 before lqse\Analysis\2025-07-02_112356_tube2_cropped_8bits\12_0205_0_8bits.tiff;E:\Experiments\PTT\Spheroids\30062025_mcf10\0207 before lqse\Analysis\2025-07-02_112356_tube2_segmentationDebug\12_0205_0_segmented.tiff;2122.0;(65. 76);200.5096664428711;0.9018274543136422;51.97897953911769;0.66326123393729;0.7247655160906048;708.5501044745417;0.9598691424273736;0.8987476123158629;0.9061263310339852;;;;;;;;;;;;;;;;;;;;;;;;;;;;;;;;;;;;;
2;Tube 2;1302040.0;1302040.0;0.0;204.0;False;E:\Experiments\PTT\Spheroids\30062025_mcf10\01072025\Analysis\2025-07-01_124914_tube2_cropped_8bits\13_0204_0_8bits.tiff;E:\Experiments\PTT\Spheroids\30062025_mcf10\01072025\Analysis\2025-07-01_124914_tube2_segmentationDebug\13_0204_0_segmented.tiff;1484.0;(66. 77);161.3969684839249;0.93099121706399;43.46823534935576;0.7159010818779659;0.7420251003235472;823.742892636215;0.9631174976147968;0.9282632942597776;0.8978857375840946;;;;;;;;;;;;;;;;;;;;;;;;;;;;;;;;;;;;;;;;;;;;;;;;;;;;;;
2;Tube 2;1302050.0;;;;;;;;;;;;;;;;;;;;;;;;;;;;;;;;;;;1302050.0;0.0;205.0;False;E:\Experiments\PTT\Spheroids\30062025_mcf10\0207 aftr laser\Analysis\2025-07-02_164714_tube2_cropped_8bits\13_0205_0_8bits.tiff;E:\Experiments\PTT\Spheroids\30062025_mcf10\0207 aftr laser\Analysis\2025-07-02_164714_tube2_segmentationDebug\13_0205_0_segmented.tiff;2273.0;(85. 72);223.88224959373477;0.8789636504253674;53.79659362062829;0.5698623642451388;0.798984239650704;491.61410107075926;0.9645941418596768;0.8911715639271242;0.927350781212709;48.0;60.31385143729331;Alive;;;;;;;;;;;;;;;;;
2;Tube 2;1302080.0;;;;;;;;;;;;;;;;;;1302080.0;0.0;208.0;False;E:\Experiments\PTT\Spheroids\30062025_mcf10\0207 before lqse\Analysis\2025-07-02_112356_tube2_cropped_8bits\13_0208_0_8bits.tiff;E:\Experiments\PTT\Spheroids\30062025_mcf10\0207 before lqse\Analysis\2025-07-02_112356_tube2_segmentationDebug\13_0208_0_segmented.tiff;2355.0;(68. 69);223.88224971294403;0.9040307101727448;54.75837039075677;0.5904205307382931;0.6898201658797662;631.9507724864798;0.947141371296583;0.8871603028764672;0.9039991617347968;;;;;;;;;;;;;;;;;;;;;;;;;;;;;;;;;;;;;
2;Tube 2;1402070.0;1402070.0;0.0;207.0;False;E:\Experiments\PTT\Spheroids\30062025_mcf10\01072025\Analysis\2025-07-01_124914_tube2_cropped_8bits\14_0207_0_8bits.tiff;E:\Experiments\PTT\Spheroids\30062025_mcf10\01072025\Analysis\2025-07-01_124914_tube2_segmentationDebug\14_0207_0_segmented.tiff;1512.5;(62. 68);191.4385985136032;0.7992073976221928;43.88365084415759;0.5186163865285752;0.568395339542962;574.5665113223588;0.9681359603339864;0.926227795157184;0.9033559427853832;;;;;;;;;;;;;;;;;;;;;;;;;;;;;;;;;;;;;;;;;;;;;;;;;;;;;;
2;Tube 2;1402080.0;;;;;;;;;;;;;;;;;;;;;;;;;;;;;;;;;;;1402080.0;0.0;208.0;False;E:\Experiments\PTT\Spheroids\30062025_mcf10\0207 aftr laser\Analysis\2025-07-02_164714_tube2_cropped_8bits\14_0208_0_8bits.tiff;E:\Experiments\PTT\Spheroids\30062025_mcf10\0207 aftr laser\Analysis\2025-07-02_164714_tube2_segmentationDebug\14_0208_0_segmented.tiff;2449.0;(83. 70);244.0243848562241;0.8471117260463508;55.840519741997504;0.5168115319857924;0.7488495269199147;690.0902188894831;0.9530964499924626;0.8828537616049347;0.9153205668009968;43.0;66.32377257695244;Alive;;;;;;;;;;;;;;;;;
2;Tube 2;1402110.0;;;;;;;;;;;;;;;;;;1402110.0;0.0;211.0;False;E:\Experiments\PTT\Spheroids\30062025_mcf10\0207 before lqse\Analysis\2025-07-02_112356_tube2_cropped_8bits\14_0211_0_8bits.tiff;E:\Experiments\PTT\Spheroids\30062025_mcf10\0207 before lqse\Analysis\2025-07-02_112356_tube2_segmentationDebug\14_0211_0_segmented.tiff;2211.0;(68. 69);225.68123924732208;0.8561471442400774;53.05782348918437;0.5455162484164734;0.8332754479429296;658.674538723478;0.9610596168277968;0.8938462467688636;0.9072680754899418;;;;;;;;;;;;;;;;;;;;;;;;;;;;;;;;;;;;;
2;Tube 2;1502100.0;1502100.0;0.0;210.0;False;E:\Experiments\PTT\Spheroids\30062025_mcf10\01072025\Analysis\2025-07-01_124914_tube2_cropped_8bits\15_0210_0_8bits.tiff;E:\Experiments\PTT\Spheroids\30062025_mcf10\01072025\Analysis\2025-07-01_124914_tube2_segmentationDebug\15_0210_0_segmented.tiff;1550.0;(88. 63);195.05382251739505;0.8442265795206971;44.42433223290477;0.5119559924436483;0.5141198354951556;571.3491247519205;0.9665283883753836;0.9244464403989092;0.9192673353768356;;;;;;;;;;;;;;;;;;;;;;;;;;;;;;;;;;;;;;;;;;;;;;;;;;;;;;
2;Tube 2;1502110.0;;;;;;;;;;;;;;;;;;;;;;;;;;;;;;;;;;;1502110.0;0.0;211.0;False;E:\Experiments\PTT\Spheroids\30062025_mcf10\0207 aftr laser\Analysis\2025-07-02_164714_tube2_cropped_8bits\15_0211_0_8bits.tiff;E:\Experiments\PTT\Spheroids\30062025_mcf10\0207 aftr laser\Analysis\2025-07-02_164714_tube2_segmentationDebug\15_0211_0_segmented.tiff;2142.0;(81. 64);204.71067643165588;0.9072426937738246;52.22335784706608;0.6423154135345621;0.9170565876926344;865.0399717147516;0.963381064638388;0.8979058867204537;0.8960925132823071;40.0;108.2024294072755;Alive;;;;;;;;;;;;;;;;;
2;Tube 2;1502140.0;;;;;;;;;;;;;;;;;;1502140.0;0.0;214.0;False;E:\Experiments\PTT\Spheroids\30062025_mcf10\0207 before lqse\Analysis\2025-07-02_112356_tube2_cropped_8bits\15_0214_0_8bits.tiff;E:\Experiments\PTT\Spheroids\30062025_mcf10\0207 before lqse\Analysis\2025-07-02_112356_tube2_segmentationDebug\15_0214_0_segmented.tiff;2346.0;(71. 76);200.8528121709824;0.9350338780390594;54.65363640187808;0.7307722349127969;0.8017098050835033;932.4934930890652;0.9605564330984144;0.889284655762721;0.910990765782326;;;;;;;;;;;;;;;;;;;;;;;;;;;;;;;;;;;;;
2;Tube 2;1602130.0;1602130.0;0.0;213.0;False;E:\Experiments\PTT\Spheroids\30062025_mcf10\01072025\Analysis\2025-07-01_124914_tube2_cropped_8bits\16_0213_0_8bits.tiff;E:\Experiments\PTT\Spheroids\30062025_mcf10\01072025\Analysis\2025-07-01_124914_tube2_segmentationDebug\16_0213_0_segmented.tiff;1698.5;(80. 71);167.63960897922516;0.9407366380504016;46.50373497615728;0.7594901344732061;0.7383731858776377;574.3055359675784;0.9633974525923644;0.9188073822572576;0.9229311157256328;;;;;;;;;;;;;;;;;;;;;;;;;;;;;;;;;;;;;;;;;;;;;;;;;;;;;;
2;Tube 2;1602140.0;;;;;;;;;;;;;;;;;;;;;;;;;;;;;;;;;;;1602140.0;0.0;214.0;False;E:\Experiments\PTT\Spheroids\30062025_mcf10\0207 aftr laser\Analysis\2025-07-02_164714_tube2_cropped_8bits\16_0214_0_8bits.tiff;E:\Experiments\PTT\Spheroids\30062025_mcf10\0207 aftr laser\Analysis\2025-07-02_164714_tube2_segmentationDebug\16_0214_0_segmented.tiff;2549.0;(79. 76);216.8528115749359;0.9113335716839472;56.96918113796204;0.6811607027645427;0.7353812205574562;764.9166475311079;0.9562080886559368;0.8793992384489868;0.8998759227750271;39.0;105.2213177308573;Alive;;;;;;;;;;;;;;;;;
2;Tube 2;1602180.0;;;;;;;;;;;;;;;;;;1602180.0;0.0;218.0;False;E:\Experiments\PTT\Spheroids\30062025_mcf10\0207 before lqse\Analysis\2025-07-02_112356_tube2_cropped_8bits\16_0218_0_8bits.tiff;E:\Experiments\PTT\Spheroids\30062025_mcf10\0207 before lqse\Analysis\2025-07-02_112356_tube2_segmentationDebug\16_0218_0_segmented.tiff;2164.0;(71. 92);217.6812390089035;0.8823649337410805;52.49085991681687;0.5738853244866419;0.6590867031207532;935.3255299781748;0.9561524254480416;0.8961759075933531;0.9018926541139344;;;;;;;;;;;;;;;;;;;;;;;;;;;;;;;;;;;;;
2;Tube 2;1702160.0;1702160.0;0.0;216.0;False;E:\Experiments\PTT\Spheroids\30062025_mcf10\01072025\Analysis\2025-07-01_124914_tube2_cropped_8bits\17_0216_0_8bits.tiff;E:\Experiments\PTT\Spheroids\30062025_mcf10\01072025\Analysis\2025-07-01_124914_tube2_segmentationDebug\17_0216_0_segmented.tiff;1132.5;(114. 80);139.49747371673584;0.9290401968826908;37.97293489332332;0.7313333684823615;0.8905888208073006;470.1434097212086;0.9772116287161824;0.944922871809204;0.9151861705713008;;;;;;;;;;;;;;;;;;;;;;;;;;;;;;;;;;;;;;;;;;;;;;;;;;;;;;
2;Tube 2;1702160.0;1702160.0;1.0;216.0;False;E:\Experiments\PTT\Spheroids\30062025_mcf10\01072025\Analysis\2025-07-01_124914_tube2_cropped_8bits\17_0216_0_8bits.tiff;E:\Experiments\PTT\Spheroids\30062025_mcf10\01072025\Analysis\2025-07-01_124914_tube2_segmentationDebug\17_0216_0_segmented.tiff;910.0;(57. 50);136.56854140758514;0.8852140077821011;34.03891869182977;0.6131262558281284;0.601858355900968;519.4163887585826;0.97807111034435;0.9545812570097444;0.8952805507066092;;;;;;;;;;;;;;;;;;;;;;;;;;;;;;;;;;;;;;;;;;;;;;;;;;;;;;
2;Tube 2;1702200.0;;;;;;;;;;;;;;;;;;1702200.0;0.0;220.0;False;E:\Experiments\PTT\Spheroids\30062025_mcf10\0207 before lqse\Analysis\2025-07-02_112356_tube2_cropped_8bits\17_0220_0_8bits.tiff;E:\Experiments\PTT\Spheroids\30062025_mcf10\0207 before lqse\Analysis\2025-07-02_112356_tube2_segmentationDebug\17_0220_0_segmented.tiff;1779.0;(61. 76);241.88224959373477;0.7771952817824378;47.59299475851309;0.3821006830171737;0.7234323323591868;735.7319123077642;0.96524531934528;0.9122081665776228;0.897986808855984;;;;;;;;;;;;;;;;;;;;;;;;;;;;;;;;;;;;;
2;Tube 2;1802190.0;1802190.0;0.0;219.0;False;E:\Experiments\PTT\Spheroids\30062025_mcf10\01072025\Analysis\2025-07-01_124914_tube2_cropped_8bits\18_0219_0_8bits.tiff;E:\Experiments\PTT\Spheroids\30062025_mcf10\01072025\Analysis\2025-07-01_124914_tube2_segmentationDebug\18_0219_0_segmented.tiff;1893.5;(73. 103);201.63960909843445;0.8650068524440384;49.10070343646851;0.585225821316854;0.5239620777510455;709.2441886967868;0.9602861245176902;0.9092094291227052;0.9154333235135336;;;;;;;;;;;;;;;;;;;;;;;;;;;;;;;;;;;;;;;;;;;;;;;;;;;;;;
2;Tube 2;1802220.0;;;;;;;;;;;;;;;;;;1802220.0;0.0;222.0;False;E:\Experiments\PTT\Spheroids\30062025_mcf10\0207 before lqse\Analysis\2025-07-02_112356_tube2_cropped_8bits\18_0222_0_8bits.tiff;E:\Experiments\PTT\Spheroids\30062025_mcf10\0207 before lqse\Analysis\2025-07-02_112356_tube2_segmentationDebug\18_0222_0_segmented.tiff;1939.5;(72. 82);198.46803605556488;0.8968786127167631;49.69354180387878;0.6187546898225362;0.900129772331756;1036.531832038951;0.9571264619233062;0.906963460397476;0.874576129597855;;;;;;;;;;;;;;;;;;;;;;;;;;;;;;;;;;;;;
2;Tube 2;1902220.0;;;;;;;;;;;;;;;;;;;;;;;;;;;;;;;;;;;1902220.0;0.0;222.0;False;E:\Experiments\PTT\Spheroids\30062025_mcf10\0207 aftr laser\Analysis\2025-07-02_164714_tube2_cropped_8bits\19_0222_0_8bits.tiff;E:\Experiments\PTT\Spheroids\30062025_mcf10\0207 aftr laser\Analysis\2025-07-02_164714_tube2_segmentationDebug\19_0222_0_segmented.tiff;2432.5;(69. 67);254.6101714372635;0.840096701778622;55.65209063969011;0.4715320470455681;0.921883269432794;701.6731687052619;0.9531375507062833;0.8830018369704046;0.8943869167142645;48.0;90.12496820147545;Alive;;;;;;;;;;;;;;;;;
2;Tube 2;1903240.0;1903240.0;0.0;324.0;False;E:\Experiments\PTT\Spheroids\30062025_mcf10\01072025\Analysis\2025-07-01_124914_tube2_cropped_8bits\19_0324_0_8bits.tiff;E:\Experiments\PTT\Spheroids\30062025_mcf10\01072025\Analysis\2025-07-01_124914_tube2_segmentationDebug\19_0324_0_segmented.tiff;1490.5;(78. 76);185.2964633703232;0.8566091954022989;43.56332794252248;0.5455161140417897;0.7577581156566175;564.301484338476;0.965357765350925;0.9274664146061906;0.8963650946698033;;;;;;;;;;;;;;;;;;;;;;;;;;;;;;;;;;;;;;;;;;;;;;;;;;;;;;
2;Tube 2;1904240.0;;;;;;;;;;;;;;;;;;1904240.0;0.0;424.0;False;E:\Experiments\PTT\Spheroids\30062025_mcf10\0207 before lqse\Analysis\2025-07-02_112356_tube2_cropped_8bits\19_0424_0_8bits.tiff;E:\Experiments\PTT\Spheroids\30062025_mcf10\0207 before lqse\Analysis\2025-07-02_112356_tube2_segmentationDebug\19_0424_0_segmented.tiff;2149.5;(68. 70);200.26702499389648;0.9050526315789472;52.31470540305309;0.6734857650382399;0.8491641026755715;869.3776999521074;0.953301326353832;0.8976019207832754;0.8833325974373096;;;;;;;;;;;;;;;;;;;;;;;;;;;;;;;;;;;;;
2;Tube 2;2003240.0;;;;;;;;;;;;;;;;;;;;;;;;;;;;;;;;;;;2003240.0;0.0;324.0;False;E:\Experiments\PTT\Spheroids\30062025_mcf10\0207 aftr laser\Analysis\2025-07-02_164714_tube2_cropped_8bits\20_0324_0_8bits.tiff;E:\Experiments\PTT\Spheroids\30062025_mcf10\0207 aftr laser\Analysis\2025-07-02_164714_tube2_segmentationDebug\20_0324_0_segmented.tiff;2000.5;(67. 75);241.78174436092377;0.8396642182581322;50.46895787751807;0.4300326265167417;0.9319517390723993;701.5997275667116;0.9705264991919552;0.9029094425332213;0.920709478005112;43.0;119.12522258967184;Alive;;;;;;;;;;;;;;;;;
2;Tube 2;2005240.0;2005240.0;0.0;524.0;False;E:\Experiments\PTT\Spheroids\30062025_mcf10\01072025\Analysis\2025-07-01_124914_tube2_cropped_8bits\20_0524_0_8bits.tiff;E:\Experiments\PTT\Spheroids\30062025_mcf10\01072025\Analysis\2025-07-01_124914_tube2_segmentationDebug\20_0524_0_segmented.tiff;1719.5;(83. 84);199.2964632511139;0.8351141330743079;46.79033444176385;0.5440174880070475;0.889642903523178;671.0726556745426;0.9614241676754908;0.9164666000639228;0.8988127819653466;;;;;;;;;;;;;;;;;;;;;;;;;;;;;;;;;;;;;;;;;;;;;;;;;;;;;;
2;Tube 2;204050.0;204050.0;0.0;405.0;False;E:\Experiments\PTT\Spheroids\30062025_mcf10\01072025\Analysis\2025-07-01_124914_tube2_cropped_8bits\2_0405_0_8bits.tiff;E:\Experiments\PTT\Spheroids\30062025_mcf10\01072025\Analysis\2025-07-01_124914_tube2_segmentationDebug\2_0405_0_segmented.tiff;2065.5;(61. 69);191.2964631319046;0.9312443642921552;51.28231936691708;0.7092856646373942;0.8837776413410067;806.7389651490887;0.9516327648561244;0.9012028523506436;0.9015948990382484;;;;;;;;;;;;;;;;;;;;;;;;;;;;;;;;;;;;;;;;;;;;;;;;;;;;;;
2;Tube 2;307050.0;307050.0;0.0;705.0;False;E:\Experiments\PTT\Spheroids\30062025_mcf10\01072025\Analysis\2025-07-01_124914_tube2_cropped_8bits\3_0705_0_8bits.tiff;E:\Experiments\PTT\Spheroids\30062025_mcf10\01072025\Analysis\2025-07-01_124914_tube2_segmentationDebug\3_0705_0_segmented.tiff;2026.5;(78. 76);201.09545266628265;0.9002665482007997;50.79586535738719;0.629726503422384;0.7719706576717337;522.7420998917471;0.955775707983856;0.9032321019315088;0.9151045826717404;;;;;;;;;;;;;;;;;;307050.0;0.0;705.0;False;E:\Experiments\PTT\Spheroids\30062025_mcf10\0207 aftr laser\Analysis\2025-07-02_164714_tube2_cropped_8bits\3_0705_0_8bits.tiff;E:\Experiments\PTT\Spheroids\30062025_mcf10\0207 aftr laser\Analysis\2025-07-02_164714_tube2_segmentationDebug\3_0705_0_segmented.tiff;2414.0;(71. 74);208.5096662044525;0.9092278719397364;55.440060073837245;0.6977418039126723;0.9496171252645405;1076.5723425925926;0.9608738050882852;0.8856338338499243;0.8742896729162817;37.0;157.68888323581785;Alive;;;;;;;;;;;;;;;;;
2;Tube 2;310050.0;;;;;;;;;;;;;;;;;;310050.0;0.0;1005.0;False;E:\Experiments\PTT\Spheroids\30062025_mcf10\0207 before lqse\Analysis\2025-07-02_112356_tube2_cropped_8bits\3_1005_0_8bits.tiff;E:\Experiments\PTT\Spheroids\30062025_mcf10\0207 before lqse\Analysis\2025-07-02_112356_tube2_segmentationDebug\3_1005_0_segmented.tiff;2996.5;(80. 84);264.8944419622421;0.8745075149569531;61.7678095434743;0.5366343322469986;0.7772298930577288;896.2075332705151;0.940289215960197;0.8577896694276009;0.8944638128420961;;;;;;;;;;;;;;;;;;;;;;;;;;;;;;;;;;;;;
2;Tube 2;410050.0;410050.0;0.0;1005.0;False;E:\Experiments\PTT\Spheroids\30062025_mcf10\01072025\Analysis\2025-07-01_124914_tube2_cropped_8bits\4_1005_0_8bits.tiff;E:\Experiments\PTT\Spheroids\30062025_mcf10\01072025\Analysis\2025-07-01_124914_tube2_segmentationDebug\4_1005_0_segmented.tiff;2257.0;(72. 76);212.36753058433533;0.9031612645058024;53.60691795344386;0.6288762432685778;0.6948546040733236;678.3821814926928;0.9472810837115382;0.8919710240551008;0.9009274070497024;;;;;;;;;;;;;;;;;;410050.0;0.0;1005.0;False;E:\Experiments\PTT\Spheroids\30062025_mcf10\0207 aftr laser\Analysis\2025-07-02_164714_tube2_cropped_8bits\4_1005_0_8bits.tiff;E:\Experiments\PTT\Spheroids\30062025_mcf10\0207 aftr laser\Analysis\2025-07-02_164714_tube2_segmentationDebug\4_1005_0_segmented.tiff;3228.0;(75. 85);318.308655500412;0.8132006549943318;64.10941623821812;0.4003561402886303;0.7657146705904908;835.7959923449287;0.9311004244598384;0.8456491820044344;0.8775181397332564;37.0;141.94861358432968;Alive;;;;;;;;;;;;;;;;;
2;Tube 2;413050.0;;;;;;;;;;;;;;;;;;413050.0;0.0;1305.0;False;E:\Experiments\PTT\Spheroids\30062025_mcf10\0207 before lqse\Analysis\2025-07-02_112356_tube2_cropped_8bits\4_1305_0_8bits.tiff;E:\Experiments\PTT\Spheroids\30062025_mcf10\0207 before lqse\Analysis\2025-07-02_112356_tube2_segmentationDebug\4_1305_0_segmented.tiff;3349.0;(80. 73);294.1665201187134;0.8735002608242045;65.29991757512455;0.486338359600953;0.921720076133124;764.5985474723486;0.9377682490721884;0.8410329894524512;0.9075285992227148;;;;;;;;;;;;;;;;;;;;;;;;;;;;;;;;;;;;;
2;Tube 2;513050.0;513050.0;0.0;1305.0;False;E:\Experiments\PTT\Spheroids\30062025_mcf10\01072025\Analysis\2025-07-01_124914_tube2_cropped_8bits\5_1305_0_8bits.tiff;E:\Experiments\PTT\Spheroids\30062025_mcf10\01072025\Analysis\2025-07-01_124914_tube2_segmentationDebug\5_1305_0_segmented.tiff;2184.5;(86. 79);236.26702570915225;0.8395465026902382;52.73890201240412;0.4917628134664706;0.7129291091988762;623.9059713179424;0.9542353844019854;0.8949630968885123;0.9058559428113928;;;;;;;;;;;;;;;;;;513050.0;0.0;1305.0;False;E:\Experiments\PTT\Spheroids\30062025_mcf10\0207 aftr laser\Analysis\2025-07-02_164714_tube2_cropped_8bits\5_1305_0_8bits.tiff;E:\Experiments\PTT\Spheroids\30062025_mcf10\0207 aftr laser\Analysis\2025-07-02_164714_tube2_segmentationDebug\5_1305_0_segmented.tiff;3355.5;(71. 78);276.5512963533401;0.8728053062817012;65.36325643936996;0.5513351861430781;0.9157131113467744;787.5705148546404;0.9359019742991036;0.8414626502222733;0.8993742104567516;37.0;98.90136097685068;Alive;;;;;;;;;;;;;;;;;
2;Tube 2;515030.0;;;;;;;;;;;;;;;;;;515030.0;0.0;1503.0;False;E:\Experiments\PTT\Spheroids\30062025_mcf10\0207 before lqse\Analysis\2025-07-02_112356_tube2_cropped_8bits\5_1503_0_8bits.tiff;E:\Experiments\PTT\Spheroids\30062025_mcf10\0207 before lqse\Analysis\2025-07-02_112356_tube2_segmentationDebug\5_1503_0_segmented.tiff;2488.5;(79. 77);208.95331728458405;0.9280253589408912;56.289045178200105;0.7162241629928502;0.9118170437743368;828.4996688993517;0.9446917533241136;0.8821000901504527;0.8858913765154298;;;;;;;;;;;;;;;;;;;;;;;;;;;;;;;;;;;;;
2;Tube 2;614010.0;;;;;;;;;;;;;;;;;;614010.0;0.0;1401.0;False;E:\Experiments\PTT\Spheroids\30062025_mcf10\0207 before lqse\Analysis\2025-07-02_112356_tube2_cropped_8bits\6_1401_0_8bits.tiff;E:\Experiments\PTT\Spheroids\30062025_mcf10\0207 before lqse\Analysis\2025-07-02_112356_tube2_segmentationDebug\6_1401_0_segmented.tiff;2329.5;(72. 84);214.2670258283615;0.9039580908032596;54.46110097547204;0.6376199488208707;0.7868574674684067;794.9867038548858;0.9666531288310996;0.8892477958187256;0.8914890890812204;;;;;;;;;;;;;;;;;;;;;;;;;;;;;;;;;;;;;
2;Tube 2;615030.0;615030.0;0.0;1503.0;False;E:\Experiments\PTT\Spheroids\30062025_mcf10\01072025\Analysis\2025-07-01_124914_tube2_cropped_8bits\6_1503_0_8bits.tiff;E:\Experiments\PTT\Spheroids\30062025_mcf10\01072025\Analysis\2025-07-01_124914_tube2_segmentationDebug\6_1503_0_segmented.tiff;2040.5;(64. 82);178.95331752300262;0.962046204620462;50.97102403358304;0.8006947025745611;0.8962541144163898;531.2374466207184;0.9563685191017668;0.9029755236885124;0.9038573518283528;;;;;;;;;;;;;;;;;;;;;;;;;;;;;;;;;;;;;;;;;;;;;;;;;;;;;;
2;Tube 2;615040.0;;;;;;;;;;;;;;;;;;;;;;;;;;;;;;;;;;;615040.0;0.0;1504.0;False;E:\Experiments\PTT\Spheroids\30062025_mcf10\0207 aftr laser\Analysis\2025-07-02_164714_tube2_cropped_8bits\6_1504_0_8bits.tiff;E:\Experiments\PTT\Spheroids\30062025_mcf10\0207 aftr laser\Analysis\2025-07-02_164714_tube2_segmentationDebug\6_1504_0_segmented.tiff;2669.5;(63. 75);235.78174424171448;0.8908726847989321;58.300196952244654;0.603419633743557;0.907914236262205;896.0637373304479;0.9458631338678714;0.8729520503696314;0.8729363625934251;37.0;93.36841770541847;Alive;;;;;;;;;;;;;;;;;
2;Tube 2;712010.0;;;;;;;;;;;;;;;;;;712010.0;0.0;1201.0;False;E:\Experiments\PTT\Spheroids\30062025_mcf10\0207 before lqse\Analysis\2025-07-02_112356_tube2_cropped_8bits\7_1201_0_8bits.tiff;E:\Experiments\PTT\Spheroids\30062025_mcf10\0207 before lqse\Analysis\2025-07-02_112356_tube2_segmentationDebug\7_1201_0_segmented.tiff;3542.5;(74. 91);419.52185893058777;0.7416518371192296;67.15989195363788;0.2529359347189621;0.5996055949757173;724.291779823491;0.9265844983014084;0.8281594622599315;0.9027744463884;;;;;;;;;;;;;;;;;;;;;;;;;;;;;;;;;;;;;
2;Tube 2;713010.0;713010.0;0.0;1301.0;False;E:\Experiments\PTT\Spheroids\30062025_mcf10\01072025\Analysis\2025-07-01_124914_tube2_cropped_8bits\7_1301_0_8bits.tiff;E:\Experiments\PTT\Spheroids\30062025_mcf10\01072025\Analysis\2025-07-01_124914_tube2_segmentationDebug\7_1301_0_segmented.tiff;1637.5;(75. 85);172.81118166446686;0.923055242390079;45.66103102760415;0.6890448529356156;0.7053520643301018;646.9183952585329;0.9618939159986908;0.9213613753455804;0.9089023055888488;;;;;;;;;;;;;;;;;;;;;;;;;;;;;;;;;;;;;;;;;;;;;;;;;;;;;;
2;Tube 2;714010.0;;;;;;;;;;;;;;;;;;;;;;;;;;;;;;;;;;;714010.0;0.0;1401.0;False;E:\Experiments\PTT\Spheroids\30062025_mcf10\0207 aftr laser\Analysis\2025-07-02_164714_tube2_cropped_8bits\7_1401_0_8bits.tiff;E:\Experiments\PTT\Spheroids\30062025_mcf10\0207 aftr laser\Analysis\2025-07-02_164714_tube2_segmentationDebug\7_1401_0_segmented.tiff;2522.0;(81. 71);214.8528121709824;0.9212785388127854;56.66665802588045;0.6865510905471348;0.869938488658366;833.7409348030019;0.9505537751301666;0.8802713372216051;0.8763762825300921;46.0;103.79038412617655;Alive;;;;;;;;;;;;;;;;;
2;Tube 2;809010.0;;;;;;;;;;;;;;;;;;809010.0;0.0;901.0;False;E:\Experiments\PTT\Spheroids\30062025_mcf10\0207 before lqse\Analysis\2025-07-02_112356_tube2_cropped_8bits\8_0901_0_8bits.tiff;E:\Experiments\PTT\Spheroids\30062025_mcf10\0207 before lqse\Analysis\2025-07-02_112356_tube2_segmentationDebug\8_0901_0_segmented.tiff;2574.0;(68. 75);230.166520357132;0.8954600800139154;57.24786972585363;0.6105680889118965;0.9719684487714232;1007.2661894376436;0.9457553344748132;0.8776292050379629;0.8819772944000835;;;;;;;;;;;;;;;;;;;;;;;;;;;;;;;;;;;;;
2;Tube 2;811010.0;811010.0;0.0;1101.0;False;E:\Experiments\PTT\Spheroids\30062025_mcf10\01072025\Analysis\2025-07-01_124914_tube2_cropped_8bits\8_1101_0_8bits.tiff;E:\Experiments\PTT\Spheroids\30062025_mcf10\01072025\Analysis\2025-07-01_124914_tube2_segmentationDebug\8_1101_0_segmented.tiff;2179.0;(80. 87);204.0243848562241;0.9033996683250416;52.67246878567512;0.6578137392976019;0.9362060347936788;636.0947930375382;0.9475627235567484;0.8960647493867362;0.9089615621728764;;;;;;;;;;;;;;;;;;811010.0;0.0;1101.0;False;E:\Experiments\PTT\Spheroids\30062025_mcf10\0207 aftr laser\Analysis\2025-07-02_164714_tube2_cropped_8bits\8_1101_0_8bits.tiff;E:\Experiments\PTT\Spheroids\30062025_mcf10\0207 aftr laser\Analysis\2025-07-02_164714_tube2_segmentationDebug\8_1101_0_segmented.tiff;2726.0;(86. 75);226.50966596603396;0.918928029664588;58.91392873462144;0.6676705741917239;0.7505134301666675;884.3083173613744;0.9531836850181894;0.8711649272988903;0.8970470554280298;42.0;146.00292546425845;Alive;;;;;;;;;;;;;;;;;
2;Tube 2;906010.0;;;;;;;;;;;;;;;;;;906010.0;1.0;601.0;False;E:\Experiments\PTT\Spheroids\30062025_mcf10\0207 before lqse\Analysis\2025-07-02_112356_tube2_cropped_8bits\9_0601_0_8bits.tiff;E:\Experiments\PTT\Spheroids\30062025_mcf10\0207 before lqse\Analysis\2025-07-02_112356_tube2_segmentationDebug\9_0601_0_segmented.tiff;3254.5;(78. 84);374.8944422006607;0.7389033942558747;64.37202885058531;0.2909887076822523;0.5628887665332367;769.2970114487764;0.9313450286592236;0.8420199473290843;0.9057557203695552;;;;;;;;;;;;;;;;;;;;;;;;;;;;;;;;;;;;;
2;Tube 2;908010.0;908010.0;0.0;801.0;False;E:\Experiments\PTT\Spheroids\30062025_mcf10\01072025\Analysis\2025-07-01_124914_tube2_cropped_8bits\9_0801_0_8bits.tiff;E:\Experiments\PTT\Spheroids\30062025_mcf10\01072025\Analysis\2025-07-01_124914_tube2_segmentationDebug\9_0801_0_segmented.tiff;1905.0;(67. 96);178.56854128837583;0.9356581532416502;49.24958205630262;0.7507493108105742;0.8726689104641571;790.6257564803909;0.9543148100569968;0.9087292277201684;0.8903039486985815;;;;;;;;;;;;;;;;;;;;;;;;;;;;;;;;;;;;;;;;;;;;;;;;;;;;;;
2;Tube 2;909010.0;;;;;;;;;;;;;;;;;;;;;;;;;;;;;;;;;;;909010.0;0.0;901.0;False;E:\Experiments\PTT\Spheroids\30062025_mcf10\0207 aftr laser\Analysis\2025-07-02_164714_tube2_cropped_8bits\9_0901_0_8bits.tiff;E:\Experiments\PTT\Spheroids\30062025_mcf10\0207 aftr laser\Analysis\2025-07-02_164714_tube2_segmentationDebug\9_0901_0_segmented.tiff;2694.0;(72. 85);220.7106766700745;0.9237099262815018;58.567118193714535;0.6949615400314177;0.8468294084502398;1060.7997888901732;0.9528731830618922;0.8730059330198903;0.8851583201016108;47.0;101.88247265326889;Alive;;;;;;;;;;;;;;;;;
2;Tube 3;1003010.0;;;;;;;;;;;;;;;;;;1003010.0;0.0;301.0;False;E:\Experiments\PTT\Spheroids\30062025_mcf10\0207 before lqse\Analysis\2025-07-02_113156_tube3_cropped_8bits\10_0301_0_8bits.tiff;E:\Experiments\PTT\Spheroids\30062025_mcf10\0207 before lqse\Analysis\2025-07-02_113156_tube3_segmentationDebug\10_0301_0_segmented.tiff;2296.5;(78. 77);198.9533174037933;0.9409956976029502;54.07397354073678;0.7290779161260263;0.8268081339348615;823.130452161331;0.9627606947954362;0.8913193456433008;0.8951089692414451;1003010.0;0.0;301.0;False;E:\Experiments\PTT\Spheroids\30062025_mcf10\0207 aftr laser\Analysis\2025-07-02_165622_tube3_cropped_8bits\10_0301_0_8bits.tiff;E:\Experiments\PTT\Spheroids\30062025_mcf10\0207 aftr laser\Analysis\2025-07-02_165622_tube3_segmentationDebug\10_0301_0_segmented.tiff;3138.0;(81. 77);253.6812390089035;0.9000430230890578;63.20937977372457;0.6127539265867259;0.8679378063680134;943.8051874873524;0.9453706645365704;0.8518506420071862;0.886905334130018;49.0;71.71362248791657;Alive;0.0;0.0;0.0;;;;841.5;;54.7279216051102;-0.040952674513892395;9.13540623298779;-0.11632398953930045;0.04112967243315191;120.67473532602139;-0.017390030258865874;-0.039468703636114655;-0.008203635111427077
2;Tube 3;1004010.0;1004010.0;0.0;401.0;False;E:\Experiments\PTT\Spheroids\30062025_mcf10\01072025\Analysis\2025-07-01_125718_tube3_cropped_8bits\10_0401_0_8bits.tiff;E:\Experiments\PTT\Spheroids\30062025_mcf10\01072025\Analysis\2025-07-01_125718_tube3_segmentationDebug\10_0401_0_segmented.tiff;1638.5;(75. 82);176.1248903274536;0.8931588988825293;45.67497119920892;0.6637657486454104;0.9267416865048786;562.5504027678069;0.9658114769997912;0.9208767884069792;0.9130278358242933;;;;;;;;;;;;;;;;;;;;;;;;;;;;;;;;;;;;;;;;;;;;;;;;;;;;;;
2;Tube 3;103060.0;103060.0;0.0;306.0;False;E:\Experiments\PTT\Spheroids\30062025_mcf10\01072025\Analysis\2025-07-01_125718_tube3_cropped_8bits\1_0306_0_8bits.tiff;E:\Experiments\PTT\Spheroids\30062025_mcf10\01072025\Analysis\2025-07-01_125718_tube3_segmentationDebug\1_0306_0_segmented.tiff;2817.0;(62. 83);255.3380929231644;0.8352853965900667;59.8891959999377;0.5429570670749994;0.6386315316748183;789.5934286003851;0.9383289779594712;0.8656303256280466;0.8907668373797646;103060.0;0.0;306.0;False;E:\Experiments\PTT\Spheroids\30062025_mcf10\0207 before lqse\Analysis\2025-07-02_113156_tube3_cropped_8bits\1_0306_0_8bits.tiff;E:\Experiments\PTT\Spheroids\30062025_mcf10\0207 before lqse\Analysis\2025-07-02_113156_tube3_segmentationDebug\1_0306_0_segmented.tiff;3832.0;(67. 74);347.62236392498016;0.7546278062229224;69.8502250205763;0.3984923121964075;0.8163822759957589;1152.6901738754973;0.9330105393367144;0.8186055545111162;0.8644976502884403;;;;;;;;;;;;;;;;;;;;;;;;;;;;;;;;;;;;;
2;Tube 3;104050.0;;;;;;;;;;;;;;;;;;;;;;;;;;;;;;;;;;;104050.0;1.0;405.0;False;E:\Experiments\PTT\Spheroids\30062025_mcf10\0207 aftr laser\Analysis\2025-07-02_165622_tube3_cropped_8bits\1_0405_0_8bits.tiff;E:\Experiments\PTT\Spheroids\30062025_mcf10\0207 aftr laser\Analysis\2025-07-02_165622_tube3_segmentationDebug\1_0405_0_segmented.tiff;3641.5;(76. 62);338.89444291591644;0.7973505583534048;68.0918629657986;0.3984384880051977;0.6511235689696211;1039.3642924739995;0.9413664375906776;0.8274239421317904;0.8898545331937645;37.0;127.32924192317476;Alive;;;;;;;;;;;;;;;;;
2;Tube 3;1102030.0;1102030.0;0.0;203.0;False;E:\Experiments\PTT\Spheroids\30062025_mcf10\01072025\Analysis\2025-07-01_125718_tube3_cropped_8bits\11_0203_0_8bits.tiff;E:\Experiments\PTT\Spheroids\30062025_mcf10\01072025\Analysis\2025-07-01_125718_tube3_segmentationDebug\11_0203_0_segmented.tiff;1404.0;(78. 74);143.396968126297;0.9763560500695412;42.28035383967556;0.8580192543469096;0.9905945598699256;428.5098251928421;0.9732116164754144;0.93253215842474;0.9140416455668808;1102030.0;0.0;203.0;False;E:\Experiments\PTT\Spheroids\30062025_mcf10\0207 before lqse\Analysis\2025-07-02_113156_tube3_cropped_8bits\11_0203_0_8bits.tiff;E:\Experiments\PTT\Spheroids\30062025_mcf10\0207 before lqse\Analysis\2025-07-02_113156_tube3_segmentationDebug\11_0203_0_segmented.tiff;2468.0;(87. 81);213.19595789909363;0.9178133134994422;56.05671410639748;0.6823341167579365;0.9477343114065032;859.809336442037;0.959424359097474;0.8830457202804514;0.8830500986426157;;;;;;;;;;;;;;;;;;;;;;;;;;;;;;;;;;;;;
2;Tube 3;1102040.0;;;;;;;;;;;;;;;;;;;;;;;;;;;;;;;;;;;1102040.0;0.0;204.0;False;E:\Experiments\PTT\Spheroids\30062025_mcf10\0207 aftr laser\Analysis\2025-07-02_165622_tube3_cropped_8bits\11_0204_0_8bits.tiff;E:\Experiments\PTT\Spheroids\30062025_mcf10\0207 aftr laser\Analysis\2025-07-02_165622_tube3_segmentationDebug\11_0204_0_segmented.tiff;2660.0;(72. 71);221.5391039848328;0.9218506324727084;58.196367489694175;0.6810683692846768;0.9777893578202372;1048.397571009127;0.9501693350066028;0.8742567587732156;0.8887980237094916;47.0;76.5310989570084;Alive;;;;;;;;;;;;;;;;;
2;Tube 3;1202050.0;1202050.0;0.0;205.0;False;E:\Experiments\PTT\Spheroids\30062025_mcf10\01072025\Analysis\2025-07-01_125718_tube3_cropped_8bits\12_0205_0_8bits.tiff;E:\Experiments\PTT\Spheroids\30062025_mcf10\01072025\Analysis\2025-07-01_125718_tube3_segmentationDebug\12_0205_0_segmented.tiff;1372.0;(59. 78);148.71067655086517;0.9439284485724114;41.795749250092925;0.779614084610322;0.9165882749955028;416.68646670747466;0.977614778066116;0.9338415917130084;0.9152560061495802;;;;;;;;;;;;;;;;;;;;;;;;;;;;;;;;;;;;;;;;;;;;;;;;;;;;;;
2;Tube 3;1202060.0;;;;;;;;;;;;;;;;;;1202060.0;0.0;206.0;False;E:\Experiments\PTT\Spheroids\30062025_mcf10\0207 before lqse\Analysis\2025-07-02_113156_tube3_cropped_8bits\12_0206_0_8bits.tiff;E:\Experiments\PTT\Spheroids\30062025_mcf10\0207 before lqse\Analysis\2025-07-02_113156_tube3_segmentationDebug\12_0206_0_segmented.tiff;2049.5;(69. 76);185.78174471855164;0.9311676510676964;51.08330888788153;0.7461939309171656;0.8626327843127313;829.8662063829267;0.9635774708292671;0.9023422213981314;0.8870047259620122;;;;;;;;;;;;;;;;;;;;;;;;;;;;;;;;;;;;;
2;Tube 3;1202070.0;;;;;;;;;;;;;;;;;;;;;;;;;;;;;;;;;;;1202070.0;0.0;207.0;False;E:\Experiments\PTT\Spheroids\30062025_mcf10\0207 aftr laser\Analysis\2025-07-02_165622_tube3_cropped_8bits\12_0207_0_8bits.tiff;E:\Experiments\PTT\Spheroids\30062025_mcf10\0207 aftr laser\Analysis\2025-07-02_165622_tube3_segmentationDebug\12_0207_0_segmented.tiff;2171.5;(66. 78);208.9533174037933;0.8952793238507524;52.58174275727656;0.6249872486093541;0.9755808652025127;916.4356362083112;0.9592460803575052;0.8963236319716419;0.8939877374330164;44.0;108.5601628084457;Alive;;;;;;;;;;;;;;;;;
2;Tube 3;1302080.0;1302080.0;0.0;208.0;False;E:\Experiments\PTT\Spheroids\30062025_mcf10\01072025\Analysis\2025-07-01_125718_tube3_cropped_8bits\13_0208_0_8bits.tiff;E:\Experiments\PTT\Spheroids\30062025_mcf10\01072025\Analysis\2025-07-01_125718_tube3_segmentationDebug\13_0208_0_segmented.tiff;1172.0;(74. 91);139.88224983215332;0.9188553508428068;38.62948027646257;0.7526832615564366;0.894178720905699;513.2122913992298;0.9759238551740724;0.942914637734202;0.8958166988070553;;;;;;;;;;;;;;;;;;;;;;;;;;;;;;;;;;;;;;;;;;;;;;;;;;;;;;
2;Tube 3;1302090.0;;;;;;;;;;;;;;;;;;1302090.0;0.0;209.0;False;E:\Experiments\PTT\Spheroids\30062025_mcf10\0207 before lqse\Analysis\2025-07-02_113156_tube3_cropped_8bits\13_0209_0_8bits.tiff;E:\Experiments\PTT\Spheroids\30062025_mcf10\0207 before lqse\Analysis\2025-07-02_113156_tube3_segmentationDebug\13_0209_0_segmented.tiff;1956.0;(64. 82);204.36753106117249;0.8691401910686514;49.904474243317885;0.5885114513864513;0.9647455355490046;787.0385775643226;0.9635198600100294;0.9058715975238412;0.8832499375539085;1302090.0;0.0;209.0;False;E:\Experiments\PTT\Spheroids\30062025_mcf10\0207 aftr laser\Analysis\2025-07-02_165622_tube3_cropped_8bits\13_0209_0_8bits.tiff;E:\Experiments\PTT\Spheroids\30062025_mcf10\0207 aftr laser\Analysis\2025-07-02_165622_tube3_segmentationDebug\13_0209_0_segmented.tiff;1600.5;(72. 76);197.2964632511139;0.837081589958159;45.142218502734536;0.5166862951360367;0.8602579443441698;867.5016789147843;0.9676042041859648;0.92209521954741;0.8911654456918895;59.0;11.960220045789876;Dead;0.0;0.0;0.0;;;;-355.5;;-7.071067810058594;-0.03205860111049241;-4.762255740583349;-0.07182515625041463;-0.10448759120483475;80.46310135046167;0.004084344175935395;0.016223622023568862;0.007915508137981031
2;Tube 3;1402110.0;1402110.0;0.0;211.0;False;E:\Experiments\PTT\Spheroids\30062025_mcf10\01072025\Analysis\2025-07-01_125718_tube3_cropped_8bits\14_0211_0_8bits.tiff;E:\Experiments\PTT\Spheroids\30062025_mcf10\01072025\Analysis\2025-07-01_125718_tube3_segmentationDebug\14_0211_0_segmented.tiff;1794.0;(76. 79);200.02438509464264;0.8500355366027008;47.79321859066286;0.5634643123718;0.7544532746973038;481.9253026062168;0.9659137977176666;0.9134800669802794;0.9194406413113128;;;;;;;;;;;;;;;;;;1402110.0;0.0;211.0;False;E:\Experiments\PTT\Spheroids\30062025_mcf10\0207 aftr laser\Analysis\2025-07-02_165622_tube3_cropped_8bits\14_0211_0_8bits.tiff;E:\Experiments\PTT\Spheroids\30062025_mcf10\0207 aftr laser\Analysis\2025-07-02_165622_tube3_segmentationDebug\14_0211_0_segmented.tiff;2755.0;(71. 87);315.9655101299286;0.8008720930232558;59.226471663820845;0.3467784566515996;0.4685509943617041;732.4885216651799;0.9436004371950684;0.8674109468250282;0.9114986388405394;48.0;60.26615365047062;Alive;;;;;;;;;;;;;;;;;
2;Tube 3;1402120.0;;;;;;;;;;;;;;;;;;1402120.0;0.0;212.0;False;E:\Experiments\PTT\Spheroids\30062025_mcf10\0207 before lqse\Analysis\2025-07-02_113156_tube3_cropped_8bits\14_0212_0_8bits.tiff;E:\Experiments\PTT\Spheroids\30062025_mcf10\0207 before lqse\Analysis\2025-07-02_113156_tube3_segmentationDebug\14_0212_0_segmented.tiff;2120.0;(78. 79);190.02438497543332;0.9426411738550466;51.95447848683061;0.7377802985330877;0.78928470961109;789.8430880697769;0.9661596628728096;0.8991504870578949;0.8883025651979813;;;;;;;;;;;;;;;;;;;;;;;;;;;;;;;;;;;;;
2;Tube 3;1502130.0;1502130.0;0.0;213.0;False;E:\Experiments\PTT\Spheroids\30062025_mcf10\01072025\Analysis\2025-07-01_125718_tube3_cropped_8bits\15_0213_0_8bits.tiff;E:\Experiments\PTT\Spheroids\30062025_mcf10\01072025\Analysis\2025-07-01_125718_tube3_segmentationDebug\15_0213_0_segmented.tiff;1423.5;(68. 77);154.12489080429077;0.9328309305373526;42.57295493538714;0.7530464606876996;0.8623507207406854;603.6014024490689;0.9777674011707964;0.93154930079697;0.918981474055658;;;;;;;;;;;;;;;;;;;;;;;;;;;;;;;;;;;;;;;;;;;;;;;;;;;;;;
2;Tube 3;1502140.0;;;;;;;;;;;;;;;;;;1502140.0;0.0;214.0;False;E:\Experiments\PTT\Spheroids\30062025_mcf10\0207 before lqse\Analysis\2025-07-02_113156_tube3_cropped_8bits\15_0214_0_8bits.tiff;E:\Experiments\PTT\Spheroids\30062025_mcf10\0207 before lqse\Analysis\2025-07-02_113156_tube3_segmentationDebug\15_0214_0_segmented.tiff;2235.5;(71. 70);272.7523066997528;0.7827380952380952;53.35097939359179;0.3776136405217433;0.6862162851173448;708.7590017400142;0.9609641216058902;0.8910073646655864;0.8875245883959243;;;;;;;;;;;;;;;;;;;;;;;;;;;;;;;;;;;;;
2;Tube 3;1502150.0;;;;;;;;;;;;;;;;;;;;;;;;;;;;;;;;;;;1502150.0;0.0;215.0;False;E:\Experiments\PTT\Spheroids\30062025_mcf10\0207 aftr laser\Analysis\2025-07-02_165622_tube3_cropped_8bits\15_0215_0_8bits.tiff;E:\Experiments\PTT\Spheroids\30062025_mcf10\0207 aftr laser\Analysis\2025-07-02_165622_tube3_segmentationDebug\15_0215_0_segmented.tiff;2060.0;(76. 79);209.68123936653137;0.8869752421959096;51.21399674068052;0.588786623099083;0.9235175778173904;826.4993319479752;0.9613818710690404;0.9011226681591314;0.905510693155014;44.0;109.51411854489952;Alive;;;;;;;;;;;;;;;;;
2;Tube 3;1602160.0;1602160.0;0.0;216.0;False;E:\Experiments\PTT\Spheroids\30062025_mcf10\01072025\Analysis\2025-07-01_125718_tube3_cropped_8bits\16_0216_0_8bits.tiff;E:\Experiments\PTT\Spheroids\30062025_mcf10\01072025\Analysis\2025-07-01_125718_tube3_segmentationDebug\16_0216_0_segmented.tiff;1045.0;(93. 76);142.56854140758514;0.9008620689655172;36.47650372840365;0.6460687598693284;0.8241402177117707;558.5689052556129;0.975931445731382;0.9486502216660938;0.8984933195707885;;;;;;;;;;;;;;;;;;;;;;;;;;;;;;;;;;;;;;;;;;;;;;;;;;;;;;
2;Tube 3;1602170.0;;;;;;;;;;;;;;;;;;1602170.0;0.0;217.0;False;E:\Experiments\PTT\Spheroids\30062025_mcf10\0207 before lqse\Analysis\2025-07-02_113156_tube3_cropped_8bits\16_0217_0_8bits.tiff;E:\Experiments\PTT\Spheroids\30062025_mcf10\0207 before lqse\Analysis\2025-07-02_113156_tube3_segmentationDebug\16_0217_0_segmented.tiff;1406.5;(76. 70);187.6396089792252;0.8516500151377535;42.31797986281961;0.5019963530082289;0.788043556070212;881.1616914041928;0.9729531942462064;0.9310945692718684;0.8776227881911846;1602170.0;0.0;217.0;False;E:\Experiments\PTT\Spheroids\30062025_mcf10\0207 aftr laser\Analysis\2025-07-02_165622_tube3_cropped_8bits\16_0217_0_8bits.tiff;E:\Experiments\PTT\Spheroids\30062025_mcf10\0207 aftr laser\Analysis\2025-07-02_165622_tube3_segmentationDebug\16_0217_0_segmented.tiff;1591.5;(66. 79);175.29646337032318;0.8981376975169301;45.01511674366747;0.6508339487843229;0.8968273858796972;981.4678640726128;0.966185253699888;0.9230784937261992;0.8914172469365533;43.0;91.12662172475197;Alive;0.0;0.0;0.0;;;;185.0;;-12.343145608902006;0.046487682379176554;2.6971368808478573;0.148837595776094;0.1087838298094852;100.30617266842;-0.006767940546318463;-0.008016075545669188;0.013794458745368776
2;Tube 3;1702190.0;1702190.0;0.0;219.0;False;E:\Experiments\PTT\Spheroids\30062025_mcf10\01072025\Analysis\2025-07-01_125718_tube3_cropped_8bits\17_0219_0_8bits.tiff;E:\Experiments\PTT\Spheroids\30062025_mcf10\01072025\Analysis\2025-07-01_125718_tube3_segmentationDebug\17_0219_0_segmented.tiff;1131.0;(69. 81);132.911687374115;0.9528222409435552;37.94777892176918;0.8045371926540927;0.944915306942368;466.8171740533762;0.9758343594285164;0.944994999377854;0.8993772087855586;;;;;;;;;;;;;;;;;;;;;;;;;;;;;;;;;;;;;;;;;;;;;;;;;;;;;;
2;Tube 3;1702200.0;;;;;;;;;;;;;;;;;;1702200.0;0.0;220.0;False;E:\Experiments\PTT\Spheroids\30062025_mcf10\0207 before lqse\Analysis\2025-07-02_113156_tube3_cropped_8bits\17_0220_0_8bits.tiff;E:\Experiments\PTT\Spheroids\30062025_mcf10\0207 before lqse\Analysis\2025-07-02_113156_tube3_segmentationDebug\17_0220_0_segmented.tiff;2341.5;(65. 71);222.1248904466629;0.8943850267379679;54.60119407116829;0.5963614649464393;0.8338929261366071;717.1131848022217;0.9543459380639164;0.8883630031288946;0.9120729392509386;1702200.0;0.0;220.0;False;E:\Experiments\PTT\Spheroids\30062025_mcf10\0207 aftr laser\Analysis\2025-07-02_165622_tube3_cropped_8bits\17_0220_0_8bits.tiff;E:\Experiments\PTT\Spheroids\30062025_mcf10\0207 aftr laser\Analysis\2025-07-02_165622_tube3_segmentationDebug\17_0220_0_segmented.tiff;1362.5;(74. 79);171.63960909843445;0.8400123304562269;41.65079686754695;0.581180911062067;0.7751606582793904;908.5593152197598;0.9650933393812112;0.933353538124707;0.8686697538179236;61.0;15.358687356906639;Dead;0.0;0.0;0.0;;;;-979.0;;-50.485281348228455;-0.05437269628174102;-12.950397203621336;-0.015180553884372228;-0.05873226785721675;191.44613041753814;0.010747401317294791;0.0449905349958124;-0.043403185433015024
2;Tube 3;1802210.0;1802210.0;0.0;221.0;False;E:\Experiments\PTT\Spheroids\30062025_mcf10\01072025\Analysis\2025-07-01_125718_tube3_cropped_8bits\18_0221_0_8bits.tiff;E:\Experiments\PTT\Spheroids\30062025_mcf10\01072025\Analysis\2025-07-01_125718_tube3_segmentationDebug\18_0221_0_segmented.tiff;995.5;(74. 80);136.4680359363556;0.8956365272154746;35.60210621274891;0.6717214952177146;0.8931152159371265;595.3820049836017;0.9813644449879744;0.9511208937677724;0.8938560907484902;;;;;;;;;;;;;;;;;;;;;;;;;;;;;;;;;;;;;;;;;;;;;;;;;;;;;;
2;Tube 3;1802220.0;;;;;;;;;;;;;;;;;;1802220.0;0.0;222.0;False;E:\Experiments\PTT\Spheroids\30062025_mcf10\0207 before lqse\Analysis\2025-07-02_113156_tube3_cropped_8bits\18_0222_0_8bits.tiff;E:\Experiments\PTT\Spheroids\30062025_mcf10\0207 before lqse\Analysis\2025-07-02_113156_tube3_segmentationDebug\18_0222_0_segmented.tiff;1753.0;(70. 66);187.05382251739505;0.8975934459805428;47.24393000080264;0.629591135916462;0.8482443320184833;653.0602482404151;0.9773236255235463;0.9157517475857538;0.923385492527892;1802220.0;0.0;222.0;False;E:\Experiments\PTT\Spheroids\30062025_mcf10\0207 aftr laser\Analysis\2025-07-02_165622_tube3_cropped_8bits\18_0222_0_8bits.tiff;E:\Experiments\PTT\Spheroids\30062025_mcf10\0207 aftr laser\Analysis\2025-07-02_165622_tube3_segmentationDebug\18_0222_0_segmented.tiff;1243.5;(73. 76);163.15432786941528;0.8479372655983635;39.79036785301406;0.587027513406484;0.809548273539362;1070.9010781768957;0.9708667319449792;0.9390937027892374;0.8527359389232002;55.0;12.77108242177563;Dead;0.0;0.0;0.0;;;;-509.5;;-23.899494647979765;-0.04965618038217934;-7.453562147788581;-0.04256362250997803;-0.038696058479121276;417.84082993648053;-0.006456893578567158;0.02334195520348359;-0.07064955360469183
2;Tube 3;1903240.0;1903240.0;0.0;324.0;False;E:\Experiments\PTT\Spheroids\30062025_mcf10\01072025\Analysis\2025-07-01_125718_tube3_cropped_8bits\19_0324_0_8bits.tiff;E:\Experiments\PTT\Spheroids\30062025_mcf10\01072025\Analysis\2025-07-01_125718_tube3_segmentationDebug\19_0324_0_segmented.tiff;914.0;(67. 65);122.56854116916656;0.9437274135260711;34.11364747264559;0.7645361506316162;0.8487787887421128;642.2289866823924;0.9798231943747934;0.9549949563611188;0.8857057580153347;;;;;;;;;;;;;;;;;;;;;;;;;;;;;;;;;;;;;;;;;;;;;;;;;;;;;;
2;Tube 3;1904240.0;;;;;;;;;;;;;;;;;;1904240.0;0.0;424.0;False;E:\Experiments\PTT\Spheroids\30062025_mcf10\0207 before lqse\Analysis\2025-07-02_113156_tube3_cropped_8bits\19_0424_0_8bits.tiff;E:\Experiments\PTT\Spheroids\30062025_mcf10\0207 before lqse\Analysis\2025-07-02_113156_tube3_segmentationDebug\19_0424_0_segmented.tiff;1432.5;(69. 73);169.15432810783386;0.880184331797235;42.70732545867419;0.6291269155975865;0.8652159252295245;862.9306596495012;0.9673994328421952;0.9302447905678976;0.8970875214447526;1904240.0;0.0;424.0;False;E:\Experiments\PTT\Spheroids\30062025_mcf10\0207 aftr laser\Analysis\2025-07-02_165622_tube3_cropped_8bits\19_0424_0_8bits.tiff;E:\Experiments\PTT\Spheroids\30062025_mcf10\0207 aftr laser\Analysis\2025-07-02_165622_tube3_segmentationDebug\19_0424_0_segmented.tiff;1063.5;(79. 72);145.98275470733645;0.8847753743760399;36.79796537617054;0.6271107551487911;0.5917324012806039;960.6096612466124;0.9714094695832496;0.947547381912443;0.8733094943354613;62.0;8.686959425082676;Dead;0.0;0.0;0.0;;;;-369.0;;-23.171573400497408;0.004591042578804938;-5.909360082503653;-0.002016160448795379;-0.2734835239489206;97.67900159711121;0.004010036741054379;0.01730259134454548;-0.023778027109291222
2;Tube 3;2006240.0;2006240.0;0.0;624.0;False;E:\Experiments\PTT\Spheroids\30062025_mcf10\01072025\Analysis\2025-07-01_125718_tube3_cropped_8bits\20_0624_0_8bits.tiff;E:\Experiments\PTT\Spheroids\30062025_mcf10\01072025\Analysis\2025-07-01_125718_tube3_segmentationDebug\20_0624_0_segmented.tiff;1163.5;(71. 93);143.98275482654572;0.9132653061224488;38.48914405776468;0.7052698109628879;0.8000023268295595;590.070345449348;0.9724609072100264;0.9430474618395908;0.8931536454310702;;;;;;;;;;;;;;;;;;;;;;;;;;;;;;;;;;;;;;;;;;;;;;;;;;;;;;
2;Tube 3;2007240.0;;;;;;;;;;;;;;;;;;2007240.0;0.0;724.0;False;E:\Experiments\PTT\Spheroids\30062025_mcf10\0207 before lqse\Analysis\2025-07-02_113156_tube3_cropped_8bits\20_0724_0_8bits.tiff;E:\Experiments\PTT\Spheroids\30062025_mcf10\0207 before lqse\Analysis\2025-07-02_113156_tube3_segmentationDebug\20_0724_0_segmented.tiff;1813.0;(73. 78);211.0538228750229;0.8383815028901734;48.04563762304389;0.5114712442722532;0.9593586950720292;792.0650475180453;0.9642755604947472;0.9120367758933604;0.8926983580672788;2007240.0;0.0;724.0;False;E:\Experiments\PTT\Spheroids\30062025_mcf10\0207 aftr laser\Analysis\2025-07-02_165622_tube3_cropped_8bits\20_0724_0_8bits.tiff;E:\Experiments\PTT\Spheroids\30062025_mcf10\0207 aftr laser\Analysis\2025-07-02_165622_tube3_segmentationDebug\20_0724_0_segmented.tiff;2801.5;(81. 71);265.78174448013306;0.8482967448902347;59.72420434443274;0.4983680538185153;0.911351004440005;524.0594555929292;0.9426235194918314;0.866018714541036;0.9323197164929694;48.0;83.87655812770288;Alive;0.0;0.0;0.0;;;;988.5;;54.72792160511017;0.00991524200006122;11.678566721388854;-0.013103190453737923;-0.04800769063202415;-268.00559192511605;-0.021652041002915734;-0.046018061352324446;0.03962135842569059
2;Tube 3;205050.0;205050.0;0.0;505.0;False;E:\Experiments\PTT\Spheroids\30062025_mcf10\01072025\Analysis\2025-07-01_125718_tube3_cropped_8bits\2_0505_0_8bits.tiff;E:\Experiments\PTT\Spheroids\30062025_mcf10\01072025\Analysis\2025-07-01_125718_tube3_segmentationDebug\2_0505_0_segmented.tiff;1915.5;(69. 75);179.4385985136032;0.933252131546894;49.38512273894036;0.747584491061707;0.8451091971829456;555.5161360539005;0.9620364489364096;0.9085811803972778;0.8996335254323057;;;;;;;;;;;;;;;;;;;;;;;;;;;;;;;;;;;;;;;;;;;;;;;;;;;;;;
2;Tube 3;206050.0;;;;;;;;;;;;;;;;;;206050.0;0.0;605.0;False;E:\Experiments\PTT\Spheroids\30062025_mcf10\0207 before lqse\Analysis\2025-07-02_113156_tube3_cropped_8bits\2_0605_0_8bits.tiff;E:\Experiments\PTT\Spheroids\30062025_mcf10\0207 before lqse\Analysis\2025-07-02_113156_tube3_segmentationDebug\2_0605_0_segmented.tiff;3082.5;(76. 74);252.12489020824432;0.8869227449287872;62.64791214913821;0.6093706110657271;0.8805389877685936;745.6540528110356;0.9415899892725792;0.8545500583881488;0.9001991148531059;206050.0;0.0;605.0;False;E:\Experiments\PTT\Spheroids\30062025_mcf10\0207 aftr laser\Analysis\2025-07-02_165622_tube3_cropped_8bits\2_0605_0_8bits.tiff;E:\Experiments\PTT\Spheroids\30062025_mcf10\0207 aftr laser\Analysis\2025-07-02_165622_tube3_segmentationDebug\2_0605_0_segmented.tiff;3129.0;(69. 79);253.68123924732208;0.8866534429016718;63.118670260679;0.6109965049987125;0.8923505970934313;708.8813749096419;0.9437890150813734;0.8520571537934711;0.9170163777399588;37.0;162.57790638514373;Alive;0.0;0.0;0.0;;;;46.5;;1.5563490390777588;-0.0002693020271153923;0.47075811154079616;0.0016258939329854005;0.011811609324837713;-36.77267790139376;0.002199025808794164;-0.0024929045946776585;0.016817262886852924
2;Tube 3;308050.0;308050.0;0.0;805.0;False;E:\Experiments\PTT\Spheroids\30062025_mcf10\01072025\Analysis\2025-07-01_125718_tube3_cropped_8bits\3_0805_0_8bits.tiff;E:\Experiments\PTT\Spheroids\30062025_mcf10\01072025\Analysis\2025-07-01_125718_tube3_segmentationDebug\3_0805_0_segmented.tiff;2029.0;(61. 78);186.02438521385196;0.938049006010171;50.82718796340838;0.7368043058686562;0.8988059000578732;564.8720846233232;0.9571663496565348;0.903187501030227;0.9076104113776902;;;;;;;;;;;;;;;;;;;;;;;;;;;;;;;;;;;;;;;;;;;;;;;;;;;;;;
2;Tube 3;309050.0;;;;;;;;;;;;;;;;;;309050.0;0.0;905.0;False;E:\Experiments\PTT\Spheroids\30062025_mcf10\0207 before lqse\Analysis\2025-07-02_113156_tube3_cropped_8bits\3_0905_0_8bits.tiff;E:\Experiments\PTT\Spheroids\30062025_mcf10\0207 before lqse\Analysis\2025-07-02_113156_tube3_segmentationDebug\3_0905_0_segmented.tiff;3229.0;(72. 81);302.5096664428711;0.8357706742590915;64.11934567624533;0.4434037845418869;0.8627032570021289;867.9208287440542;0.9439748293831198;0.84654950652279;0.8902251064525455;309050.0;0.0;905.0;False;E:\Experiments\PTT\Spheroids\30062025_mcf10\0207 aftr laser\Analysis\2025-07-02_165622_tube3_cropped_8bits\3_0905_0_8bits.tiff;E:\Experiments\PTT\Spheroids\30062025_mcf10\0207 aftr laser\Analysis\2025-07-02_165622_tube3_segmentationDebug\3_0905_0_segmented.tiff;4064.0;(68. 76);300.3675309419632;0.887917850120166;71.93361877316963;0.5660536486265535;0.8715298887439256;704.824259592179;0.9327944426433176;0.8096171442872919;0.90984347096532;37.0;89.07561689137624;Alive;0.0;0.0;0.0;;;;835.0;;-2.142135500907898;0.052147175861074535;7.814273096924296;0.1226498640846666;0.008826631741796653;-163.0965691518752;-0.011180386739802262;-0.03693236223549812;0.019618364512774544
2;Tube 3;411050.0;;;;;;;;;;;;;;;;;;411050.0;0.0;1105.0;False;E:\Experiments\PTT\Spheroids\30062025_mcf10\0207 before lqse\Analysis\2025-07-02_113156_tube3_cropped_8bits\4_1105_0_8bits.tiff;E:\Experiments\PTT\Spheroids\30062025_mcf10\0207 before lqse\Analysis\2025-07-02_113156_tube3_segmentationDebug\4_1105_0_segmented.tiff;2946.5;(67. 73);295.03657722473145;0.8294159042927516;61.250308722178346;0.42536777673292;0.7934685012783746;685.323601488786;0.9513798888627156;0.859432489562112;0.8955085771691118;;;;;;;;;;;;;;;;;;;;;;;;;;;;;;;;;;;;;
2;Tube 3;412050.0;;;;;;;;;;;;;;;;;;;;;;;;;;;;;;;;;;;412050.0;0.0;1205.0;False;E:\Experiments\PTT\Spheroids\30062025_mcf10\0207 aftr laser\Analysis\2025-07-02_165622_tube3_cropped_8bits\4_1205_0_8bits.tiff;E:\Experiments\PTT\Spheroids\30062025_mcf10\0207 aftr laser\Analysis\2025-07-02_165622_tube3_segmentationDebug\4_1205_0_segmented.tiff;3197.5;(75. 77);308.40916097164154;0.8145459177174882;63.80582609990002;0.4224408205299789;0.9221203515866048;782.7885266681571;0.952266866496002;0.8480751606205366;0.8882515984602145;37.0;104.74433986263037;Alive;;;;;;;;;;;;;;;;;
2;Tube 3;514050.0;514050.0;0.0;1405.0;False;E:\Experiments\PTT\Spheroids\30062025_mcf10\01072025\Analysis\2025-07-01_125718_tube3_cropped_8bits\5_1405_0_8bits.tiff;E:\Experiments\PTT\Spheroids\30062025_mcf10\01072025\Analysis\2025-07-01_125718_tube3_segmentationDebug\5_1405_0_segmented.tiff;2078.0;(80. 72);188.85281205177307;0.9291303375810418;51.43726056041154;0.7321642094978524;0.9374239386128322;620.2468602330337;0.9597310042000784;0.9010806033159612;0.9250575582209748;;;;;;;;;;;;;;;;;;;;;;;;;;;;;;;;;;;;;;;;;;;;;;;;;;;;;;
2;Tube 3;614010.0;;;;;;;;;;;;;;;;;;614010.0;0.0;1401.0;False;E:\Experiments\PTT\Spheroids\30062025_mcf10\0207 before lqse\Analysis\2025-07-02_113156_tube3_cropped_8bits\6_1401_0_8bits.tiff;E:\Experiments\PTT\Spheroids\30062025_mcf10\0207 before lqse\Analysis\2025-07-02_113156_tube3_segmentationDebug\6_1401_0_segmented.tiff;2713.0;(78. 80);233.1370825767517;0.8992376532979781;58.77328376793742;0.6272446168123532;0.796448500975997;670.110942373039;0.9606123762317998;0.8717948268028081;0.898089643507167;;;;;;;;;;;;;;;;;;;;;;;;;;;;;;;;;;;;;
2;Tube 3;615020.0;615020.0;0.0;1502.0;False;E:\Experiments\PTT\Spheroids\30062025_mcf10\01072025\Analysis\2025-07-01_125718_tube3_cropped_8bits\6_1502_0_8bits.tiff;E:\Experiments\PTT\Spheroids\30062025_mcf10\01072025\Analysis\2025-07-01_125718_tube3_segmentationDebug\6_1502_0_segmented.tiff;2026.0;(69. 68);182.3675309419632;0.9576932167336328;50.78959851813597;0.76551599333483;0.7275642309409991;403.1048516136825;0.9535576596001388;0.9033645845016108;0.9113301145412226;;;;;;;;;;;;;;;;;;615020.0;0.0;1502.0;False;E:\Experiments\PTT\Spheroids\30062025_mcf10\0207 aftr laser\Analysis\2025-07-02_165622_tube3_cropped_8bits\6_1502_0_8bits.tiff;E:\Experiments\PTT\Spheroids\30062025_mcf10\0207 aftr laser\Analysis\2025-07-02_165622_tube3_segmentationDebug\6_1502_0_segmented.tiff;3053.0;(72. 82);258.50966596603394;0.8859547301218804;62.34741638653884;0.574094115491896;0.7507288388331954;686.3977963081842;0.9448341513367964;0.8558935236384461;0.9105463803161812;37.0;98.78211650979395;Alive;;;;;;;;;;;;;;;;;
2;Tube 3;712010.0;;;;;;;;;;;;;;;;;;712010.0;0.0;1201.0;False;E:\Experiments\PTT\Spheroids\30062025_mcf10\0207 before lqse\Analysis\2025-07-02_113156_tube3_cropped_8bits\7_1201_0_8bits.tiff;E:\Experiments\PTT\Spheroids\30062025_mcf10\0207 before lqse\Analysis\2025-07-02_113156_tube3_segmentationDebug\7_1201_0_segmented.tiff;2307.0;(75. 42);243.1959581375122;0.8473829201101928;54.19745039855676;0.4901677714507141;0.7709607606952645;808.7324350690022;0.9523243060939612;0.8648808304407996;0.8947301467504499;712010.0;0.0;1201.0;False;E:\Experiments\PTT\Spheroids\30062025_mcf10\0207 aftr laser\Analysis\2025-07-02_165622_tube3_cropped_8bits\7_1201_0_8bits.tiff;E:\Experiments\PTT\Spheroids\30062025_mcf10\0207 aftr laser\Analysis\2025-07-02_165622_tube3_segmentationDebug\7_1201_0_segmented.tiff;1320.5;(74. 77);171.982754945755;0.855800388852884;41.00381468623112;0.5610201584827269;0.7740477744341673;765.8659598030208;0.9666721022028852;0.934974476814764;0.883315576423432;57.0;11.137433223098448;Dead;0.0;0.0;0.0;;;;-986.5;;-71.2132031917572;0.008417468742691225;-13.193635712325644;0.0708523870320128;0.003087013738902744;-42.86647526598142;0.014347796108924005;0.07009364637396442;-0.011414570327017981
2;Tube 3;713010.0;713010.0;0.0;1301.0;False;E:\Experiments\PTT\Spheroids\30062025_mcf10\01072025\Analysis\2025-07-01_125718_tube3_cropped_8bits\7_1301_0_8bits.tiff;E:\Experiments\PTT\Spheroids\30062025_mcf10\01072025\Analysis\2025-07-01_125718_tube3_segmentationDebug\7_1301_0_segmented.tiff;1175.5;(74. 71);142.81118178367615;0.923046721633294;38.68711781505807;0.7242826325342886;0.9081560652452996;462.042008660304;0.9749157298545532;0.9428118587300006;0.912461811286926;;;;;;;;;;;;;;;;;;;;;;;;;;;;;;;;;;;;;;;;;;;;;;;;;;;;;;
2;Tube 3;809010.0;809010.0;1.0;901.0;False;E:\Experiments\PTT\Spheroids\30062025_mcf10\01072025\Analysis\2025-07-01_125718_tube3_cropped_8bits\8_0901_0_8bits.tiff;E:\Experiments\PTT\Spheroids\30062025_mcf10\01072025\Analysis\2025-07-01_125718_tube3_segmentationDebug\8_0901_0_segmented.tiff;1456.5;(72. 67);163.8406195640564;0.9086088583905176;43.0635971199198;0.6818317016561563;0.863399148519653;458.48193729415743;0.9700536224401998;0.9292009119074456;0.90710154229057;809010.0;0.0;901.0;False;E:\Experiments\PTT\Spheroids\30062025_mcf10\0207 before lqse\Analysis\2025-07-02_113156_tube3_cropped_8bits\8_0901_0_8bits.tiff;E:\Experiments\PTT\Spheroids\30062025_mcf10\0207 before lqse\Analysis\2025-07-02_113156_tube3_segmentationDebug\8_0901_0_segmented.tiff;2214.5;(78. 76);203.43859827518463;0.910754678182192;53.09980199413194;0.672386273650984;0.8727568983827807;900.7306782046902;0.9604017388216362;0.8943656046562987;0.8994359514543777;809010.0;0.0;901.0;False;E:\Experiments\PTT\Spheroids\30062025_mcf10\0207 aftr laser\Analysis\2025-07-02_165622_tube3_cropped_8bits\8_0901_0_8bits.tiff;E:\Experiments\PTT\Spheroids\30062025_mcf10\0207 aftr laser\Analysis\2025-07-02_165622_tube3_segmentationDebug\8_0901_0_segmented.tiff;2303.5;(67. 76);247.4385986328125;0.8598357596117955;54.15632272687509;0.4727844519624948;0.8940905331017069;788.600527814169;0.9508442459959549;0.8892635746326485;0.9013613691067556;46.0;68.56556855761893;Alive;0.0;0.0;0.0;;;;89.0;;44.00000035762787;-0.05091891857039654;1.0565207327431523;-0.19960182168848922;0.021333634718926242;-112.13015039052118;-0.009557492825681302;-0.0051020300236501726;0.0019254176523778588
2;Tube 3;905010.0;;;;;;;;;;;;;;;;;;;;;;;;;;;;;;;;;;;905010.0;0.0;501.0;False;E:\Experiments\PTT\Spheroids\30062025_mcf10\0207 aftr laser\Analysis\2025-07-02_165622_tube3_cropped_8bits\9_0501_0_8bits.tiff;E:\Experiments\PTT\Spheroids\30062025_mcf10\0207 aftr laser\Analysis\2025-07-02_165622_tube3_segmentationDebug\9_0501_0_segmented.tiff;3305.0;(68. 79);262.1665199995041;0.8994421009661179;64.86953595756418;0.6042642060110082;0.9090669299044046;875.0614039238628;0.9422747941175104;0.8442524936123595;0.8946177684279687;55.0;48.6755914525566;Dead;;;;;;;;;;;;;;;;;
2;Tube 3;906010.0;;;;;;;;;;;;;;;;;;906010.0;0.0;601.0;False;E:\Experiments\PTT\Spheroids\30062025_mcf10\0207 before lqse\Analysis\2025-07-02_113156_tube3_cropped_8bits\9_0601_0_8bits.tiff;E:\Experiments\PTT\Spheroids\30062025_mcf10\0207 before lqse\Analysis\2025-07-02_113156_tube3_segmentationDebug\9_0601_0_segmented.tiff;2536.5;(82. 82);206.1248903274536;0.9466318342974436;56.829324342461966;0.7502117389869558;0.8688652498137714;794.3638367617299;0.9563876187888825;0.8803861756220428;0.9061675638626432;;;;;;;;;;;;;;;;;;;;;;;;;;;;;;;;;;;;;
2;Tube 4;1004010.0;1004010.0;0.0;401.0;False;E:\Experiments\PTT\Spheroids\30062025_mcf10\01072025\Analysis\2025-07-01_130535_tube4_cropped_8bits\10_0401_0_8bits.tiff;E:\Experiments\PTT\Spheroids\30062025_mcf10\01072025\Analysis\2025-07-01_130535_tube4_segmentationDebug\10_0401_0_segmented.tiff;1334.5;(66. 83);149.15432786941528;0.9309382629926752;41.22060373707637;0.7538010244901072;0.9013954570716456;601.6698254008227;0.9683650017413934;0.9353331823445082;0.8995597053914245;1004010.0;0.0;401.0;False;E:\Experiments\PTT\Spheroids\30062025_mcf10\0207 before lqse\Analysis\2025-07-02_114636_tube4_cropped_8bits\10_0401_0_8bits.tiff;E:\Experiments\PTT\Spheroids\30062025_mcf10\0207 before lqse\Analysis\2025-07-02_114636_tube4_segmentationDebug\10_0401_0_segmented.tiff;2050.0;(78. 88);191.53910338878632;0.9230076542098156;51.08953969950291;0.7021805972986918;0.8742667553210273;861.749676673703;0.9632959793195444;0.9014992407952898;0.8929400079099139;;;;;;;;;;;;;;;;;;;;;;;;;;;;;;;;;;;;;
2;Tube 4;1006010.0;;;;;;;;;;;;;;;;;;;;;;;;;;;;;;;;;;;1006010.0;0.0;601.0;False;E:\Experiments\PTT\Spheroids\30062025_mcf10\0207 aftr laser\Analysis\2025-07-02_170436_tube4_cropped_8bits\10_0601_0_8bits.tiff;E:\Experiments\PTT\Spheroids\30062025_mcf10\0207 aftr laser\Analysis\2025-07-02_170436_tube4_segmentationDebug\10_0601_0_segmented.tiff;1898.5;(77. 70);245.0954523086548;0.8248968064305887;49.16548866511658;0.3971457865328143;0.6437187195004775;1006.158143542566;0.9641895060598576;0.907007463433726;0.8661622097483276;62.0;6.027807809717629;Dead;;;;;;;;;;;;;;;;;
2;Tube 4;103060.0;103060.0;0.0;306.0;False;E:\Experiments\PTT\Spheroids\30062025_mcf10\01072025\Analysis\2025-07-01_130535_tube4_cropped_8bits\1_0306_0_8bits.tiff;E:\Experiments\PTT\Spheroids\30062025_mcf10\01072025\Analysis\2025-07-01_130535_tube4_segmentationDebug\1_0306_0_segmented.tiff;2055.0;(68. 85);192.02438497543332;0.9260928346101848;51.151806072031896;0.7003399883647213;0.7995925471756072;744.5603943298045;0.959051856306383;0.9017244652307552;0.888257959414231;103060.0;0.0;306.0;False;E:\Experiments\PTT\Spheroids\30062025_mcf10\0207 before lqse\Analysis\2025-07-02_114636_tube4_cropped_8bits\1_0306_0_8bits.tiff;E:\Experiments\PTT\Spheroids\30062025_mcf10\0207 before lqse\Analysis\2025-07-02_114636_tube4_segmentationDebug\1_0306_0_segmented.tiff;2579.0;(76. 80);225.3380929231644;0.9225541048113038;57.30344479934853;0.6382516955309064;0.7897551144050787;1078.250133683434;0.9485013216614486;0.8772201976058854;0.8762387710023324;;;;;;;;;;;;;;;;;;;;;;;;;;;;;;;;;;;;;
2;Tube 4;103070.0;;;;;;;;;;;;;;;;;;;;;;;;;;;;;;;;;;;103070.0;0.0;307.0;False;E:\Experiments\PTT\Spheroids\30062025_mcf10\0207 aftr laser\Analysis\2025-07-02_170436_tube4_cropped_8bits\1_0307_0_8bits.tiff;E:\Experiments\PTT\Spheroids\30062025_mcf10\0207 aftr laser\Analysis\2025-07-02_170436_tube4_segmentationDebug\1_0307_0_segmented.tiff;2654.0;(71. 81);225.5391039848328;0.911088225197391;58.13069543474533;0.6556424750063076;0.8695418813699678;819.8524643261912;0.9663270995007276;0.8748108731782881;0.9089689029080172;37.0;148.2685703383363;Alive;;;;;;;;;;;;;;;;;
2;Tube 4;1102030.0;1102030.0;0.0;203.0;False;E:\Experiments\PTT\Spheroids\30062025_mcf10\01072025\Analysis\2025-07-01_130535_tube4_cropped_8bits\11_0203_0_8bits.tiff;E:\Experiments\PTT\Spheroids\30062025_mcf10\01072025\Analysis\2025-07-01_130535_tube4_segmentationDebug\11_0203_0_segmented.tiff;1465.0;(79. 78);167.74011421203613;0.9029275808936826;43.18907191682884;0.6542950277577955;0.9357994839260928;514.8652275337354;0.9694930771804507;0.9288327941525948;0.910620466107871;;;;;;;;;;;;;;;;;;;;;;;;;;;;;;;;;;;;;;;;;;;;;;;;;;;;;;
2;Tube 4;1103010.0;;;;;;;;;;;;;;;;;;1103010.0;0.0;301.0;False;E:\Experiments\PTT\Spheroids\30062025_mcf10\0207 before lqse\Analysis\2025-07-02_114636_tube4_cropped_8bits\11_0301_0_8bits.tiff;E:\Experiments\PTT\Spheroids\30062025_mcf10\0207 before lqse\Analysis\2025-07-02_114636_tube4_segmentationDebug\11_0301_0_segmented.tiff;2443.5;(82. 75);220.61017179489136;0.9109040074557316;55.77778076941006;0.6309154196473835;0.8676735801805394;762.6574134535655;0.9545892294067582;0.8840142858579882;0.9071980511917054;1103010.0;0.0;301.0;False;E:\Experiments\PTT\Spheroids\30062025_mcf10\0207 aftr laser\Analysis\2025-07-02_170436_tube4_cropped_8bits\11_0301_0_8bits.tiff;E:\Experiments\PTT\Spheroids\30062025_mcf10\0207 aftr laser\Analysis\2025-07-02_170436_tube4_segmentationDebug\11_0301_0_segmented.tiff;2452.5;(79. 84);223.9238797426224;0.8773028080844214;55.88040786772218;0.6146360932267055;0.9311211950630276;668.4761285992952;0.9632106636065804;0.8814026088129321;0.90257539900701;53.0;81.84940218773849;Alive;0.0;0.0;0.0;;;;9.0;;3.3137079477310465;-0.03360119937131023;0.10262709831211936;-0.016279326420677975;0.06344761488248818;-94.1812848542703;0.008621434199822198;-0.00261167704505616;-0.004622652184695375
2;Tube 4;1202040.0;;;;;;;;;;;;;;;;;;1202040.0;0.0;204.0;False;E:\Experiments\PTT\Spheroids\30062025_mcf10\0207 before lqse\Analysis\2025-07-02_114636_tube4_cropped_8bits\12_0204_0_8bits.tiff;E:\Experiments\PTT\Spheroids\30062025_mcf10\0207 before lqse\Analysis\2025-07-02_114636_tube4_segmentationDebug\12_0204_0_segmented.tiff;2164.0;(70. 73);238.50966608524325;0.8436647173489279;52.49085991681687;0.4780299988319926;0.9145564103871148;838.5417313232913;0.95627670322088;0.895319946111243;0.8775580797418374;1202040.0;0.0;204.0;False;E:\Experiments\PTT\Spheroids\30062025_mcf10\0207 aftr laser\Analysis\2025-07-02_170436_tube4_cropped_8bits\12_0204_0_8bits.tiff;E:\Experiments\PTT\Spheroids\30062025_mcf10\0207 aftr laser\Analysis\2025-07-02_170436_tube4_segmentationDebug\12_0204_0_segmented.tiff;2362.5;(77. 78);253.4385985136032;0.8100462883593348;54.84549593573589;0.4622066233582374;0.8329980723324777;696.6326046478318;0.951887507241348;0.8861818396534369;0.905047471928984;52.0;23.348066649707455;Dead;0.0;0.0;0.0;;;;198.5;;14.928932428359957;-0.03361842898959311;2.3546360189190167;-0.015823375473755175;-0.08155833805463708;-141.90912667545945;-0.0043891959795320235;-0.009138106457806106;0.027489392187146633
2;Tube 4;1202050.0;1202050.0;0.0;205.0;False;E:\Experiments\PTT\Spheroids\30062025_mcf10\01072025\Analysis\2025-07-01_130535_tube4_cropped_8bits\12_0205_0_8bits.tiff;E:\Experiments\PTT\Spheroids\30062025_mcf10\01072025\Analysis\2025-07-01_130535_tube4_segmentationDebug\12_0205_0_segmented.tiff;1590.5;(79. 85);160.81118178367615;0.9518252543387192;45.00097216617966;0.7728781871082252;0.8391838780297272;592.1257496940023;0.9708463066729156;0.9238040881938456;0.9203756747332948;;;;;;;;;;;;;;;;;;;;;;;;;;;;;;;;;;;;;;;;;;;;;;;;;;;;;;
2;Tube 4;1402090.0;;;;;;;;;;;;;;;;;;;;;;;;;;;;;;;;;;;1402090.0;0.0;209.0;False;E:\Experiments\PTT\Spheroids\30062025_mcf10\0207 aftr laser\Analysis\2025-07-02_170436_tube4_cropped_8bits\14_0209_0_8bits.tiff;E:\Experiments\PTT\Spheroids\30062025_mcf10\0207 aftr laser\Analysis\2025-07-02_170436_tube4_segmentationDebug\14_0209_0_segmented.tiff;1828.5;(68. 89);193.15432786941528;0.8818422956353991;48.250580385610334;0.6158797739093165;0.8313433397999009;872.8566715263138;0.9613894225551856;0.9116496236546558;0.8850131702507777;59.0;3.4521273212922923;Dead;;;;;;;;;;;;;;;;;
2;Tube 4;1402100.0;;;;;;;;;;;;;;;;;;1402100.0;0.0;210.0;False;E:\Experiments\PTT\Spheroids\30062025_mcf10\0207 before lqse\Analysis\2025-07-02_114636_tube4_cropped_8bits\14_0210_0_8bits.tiff;E:\Experiments\PTT\Spheroids\30062025_mcf10\0207 before lqse\Analysis\2025-07-02_114636_tube4_segmentationDebug\14_0210_0_segmented.tiff;1869.5;(75. 73);196.9533171653748;0.859935602575897;48.78853685941388;0.6056318883076938;0.8950258216417675;934.4979985422008;0.9674895708730686;0.9100007163431668;0.8837754729508633;;;;;;;;;;;;;;;;;;;;;;;;;;;;;;;;;;;;;
2;Tube 4;1402110.0;1402110.0;0.0;211.0;False;E:\Experiments\PTT\Spheroids\30062025_mcf10\01072025\Analysis\2025-07-01_130535_tube4_cropped_8bits\14_0211_0_8bits.tiff;E:\Experiments\PTT\Spheroids\30062025_mcf10\01072025\Analysis\2025-07-01_130535_tube4_segmentationDebug\14_0211_0_segmented.tiff;1322.0;(79. 82);159.19595801830292;0.8965751102068498;41.02709687681892;0.6555068668231688;0.9385371122170092;517.0069354262498;0.9741429815941596;0.9356683498302882;0.911479630102192;;;;;;;;;;;;;;;;;;;;;;;;;;;;;;;;;;;;;;;;;;;;;;;;;;;;;;
2;Tube 4;1502110.0;;;;;;;;;;;;;;;;;;;;;;;;;;;;;;;;;;;1502110.0;0.0;211.0;False;E:\Experiments\PTT\Spheroids\30062025_mcf10\0207 aftr laser\Analysis\2025-07-02_170436_tube4_cropped_8bits\15_0211_0_8bits.tiff;E:\Experiments\PTT\Spheroids\30062025_mcf10\0207 aftr laser\Analysis\2025-07-02_170436_tube4_segmentationDebug\15_0211_0_segmented.tiff;1693.0;(69. 78);177.74011421203613;0.9124225276205874;46.42838085951986;0.6734353541444222;0.7633799610281706;787.0129973982247;0.9768765679038084;0.9188958711350266;0.910274287570065;49.0;24.96979140167896;Dead;;;;;;;;;;;;;;;;;
2;Tube 4;1502130.0;;;;;;;;;;;;;;;;;;1502130.0;0.0;213.0;False;E:\Experiments\PTT\Spheroids\30062025_mcf10\0207 before lqse\Analysis\2025-07-02_114636_tube4_cropped_8bits\15_0213_0_8bits.tiff;E:\Experiments\PTT\Spheroids\30062025_mcf10\0207 before lqse\Analysis\2025-07-02_114636_tube4_segmentationDebug\15_0213_0_segmented.tiff;1627.5;(64. 81);179.2964632511139;0.8925143953934741;45.52139452012072;0.6361908454754983;0.8930027972879895;1028.8537381664178;0.9688491479483976;0.9215192205149376;0.8937732511663576;;;;;;;;;;;;;;;;;;;;;;;;;;;;;;;;;;;;;
2;Tube 4;1502140.0;1502140.0;0.0;214.0;False;E:\Experiments\PTT\Spheroids\30062025_mcf10\01072025\Analysis\2025-07-01_130535_tube4_cropped_8bits\15_0214_0_8bits.tiff;E:\Experiments\PTT\Spheroids\30062025_mcf10\01072025\Analysis\2025-07-01_130535_tube4_segmentationDebug\15_0214_0_segmented.tiff;1222.0;(70. 71);156.56854128837583;0.8949102892713292;39.44488209725527;0.6264292947783567;0.7127440482918469;493.6583380037955;0.9797152593937434;0.9402658003380734;0.9335189983263964;;;;;;;;;;;;;;;;;;;;;;;;;;;;;;;;;;;;;;;;;;;;;;;;;;;;;;
2;Tube 4;1602160.0;1602160.0;0.0;216.0;False;E:\Experiments\PTT\Spheroids\30062025_mcf10\01072025\Analysis\2025-07-01_130535_tube4_cropped_8bits\16_0216_0_8bits.tiff;E:\Experiments\PTT\Spheroids\30062025_mcf10\01072025\Analysis\2025-07-01_130535_tube4_segmentationDebug\16_0216_0_segmented.tiff;1400.5;(103. 76);161.29646265506744;0.911487146111292;42.22762108385453;0.67646182192369;0.754560118122093;658.3508009525722;0.9707314321640416;0.9323190977608188;0.910008778367508;1602160.0;0.0;216.0;False;E:\Experiments\PTT\Spheroids\30062025_mcf10\0207 before lqse\Analysis\2025-07-02_114636_tube4_cropped_8bits\16_0216_0_8bits.tiff;E:\Experiments\PTT\Spheroids\30062025_mcf10\0207 before lqse\Analysis\2025-07-02_114636_tube4_segmentationDebug\16_0216_0_segmented.tiff;1745.5;(68. 75);192.1248903274536;0.8760351317440401;47.14275793094021;0.5942407798181346;0.8404906401324487;835.380174876017;0.9629783368449136;0.9157507889866604;0.8921311739712915;;;;;;;;;;;;;;;;;;;;;;;;;;;;;;;;;;;;;
2;Tube 4;1702180.0;;;;;;;;;;;;;;;;;;;;;;;;;;;;;;;;;;;1702180.0;0.0;218.0;False;E:\Experiments\PTT\Spheroids\30062025_mcf10\0207 aftr laser\Analysis\2025-07-02_170436_tube4_cropped_8bits\17_0218_0_8bits.tiff;E:\Experiments\PTT\Spheroids\30062025_mcf10\0207 aftr laser\Analysis\2025-07-02_170436_tube4_segmentationDebug\17_0218_0_segmented.tiff;627.5;(68. 78);144.18376553058624;0.7434834123222749;28.265841829340843;0.3793070084849101;0.5589490638976218;561.0674453946781;0.9843343980866286;0.967491528678392;0.8900983620577422;64.0;8.555790511320275;Dead;;;;;;;;;;;;;;;;;
2;Tube 4;1702190.0;1702190.0;0.0;219.0;False;E:\Experiments\PTT\Spheroids\30062025_mcf10\01072025\Analysis\2025-07-01_130535_tube4_cropped_8bits\17_0219_0_8bits.tiff;E:\Experiments\PTT\Spheroids\30062025_mcf10\01072025\Analysis\2025-07-01_130535_tube4_segmentationDebug\17_0219_0_segmented.tiff;833.5;(69. 74);120.66904664039612;0.9129244249726176;32.57675798075613;0.7193225995125043;0.9177627363641938;678.2386495085884;0.9790603496858808;0.9586862159716092;0.8971062898324159;;;;;;;;;;;;;;;;;;;;;;;;;;;;;;;;;;;;;;;;;;;;;;;;;;;;;;
2;Tube 4;1802200.0;;;;;;;;;;;;;;;;;;1802200.0;0.0;220.0;False;E:\Experiments\PTT\Spheroids\30062025_mcf10\0207 before lqse\Analysis\2025-07-02_114636_tube4_cropped_8bits\18_0220_0_8bits.tiff;E:\Experiments\PTT\Spheroids\30062025_mcf10\0207 before lqse\Analysis\2025-07-02_114636_tube4_segmentationDebug\18_0220_0_segmented.tiff;1788.0;(66. 83);191.53910374641416;0.8608570052961001;47.71322988424144;0.6124384894057114;0.7691274372024357;1017.4457018553434;0.9679692490396312;0.913927835884864;0.8935098951265932;;;;;;;;;;;;;;;;;;;;;;;;;;;;;;;;;;;;;
2;Tube 4;1802210.0;;;;;;;;;;;;;;;;;;;;;;;;;;;;;;;;;;;1802210.0;0.0;221.0;False;E:\Experiments\PTT\Spheroids\30062025_mcf10\0207 aftr laser\Analysis\2025-07-02_170436_tube4_cropped_8bits\18_0221_0_8bits.tiff;E:\Experiments\PTT\Spheroids\30062025_mcf10\0207 aftr laser\Analysis\2025-07-02_170436_tube4_segmentationDebug\18_0221_0_segmented.tiff;1545.5;(73. 79);181.9827550649643;0.8598052851182197;44.35979842591932;0.5864330015014815;0.816359029441575;771.3679605074435;0.9702811987243098;0.9247919800674688;0.8765322011774915;70.0;5.568716611549224;Dead;;;;;;;;;;;;;;;;;
2;Tube 4;1802220.0;1802220.0;0.0;222.0;False;E:\Experiments\PTT\Spheroids\30062025_mcf10\01072025\Analysis\2025-07-01_130535_tube4_cropped_8bits\18_0222_0_8bits.tiff;E:\Experiments\PTT\Spheroids\30062025_mcf10\01072025\Analysis\2025-07-01_130535_tube4_segmentationDebug\18_0222_0_segmented.tiff;1200.0;(71. 77);144.56854128837583;0.925925925925926;39.08820095223359;0.7215119228709943;0.7246137079981532;638.3196688310077;0.971391527541868;0.94145363341558;0.8978909155621546;;;;;;;;;;;;;;;;;;;;;;;;;;;;;;;;;;;;;;;;;;;;;;;;;;;;;;
2;Tube 4;1902230.0;;;;;;;;;;;;;;;;;;;;;;;;;;;;;;;;;;;1902230.0;0.0;223.0;False;E:\Experiments\PTT\Spheroids\30062025_mcf10\0207 aftr laser\Analysis\2025-07-02_170436_tube4_cropped_8bits\19_0223_0_8bits.tiff;E:\Experiments\PTT\Spheroids\30062025_mcf10\0207 aftr laser\Analysis\2025-07-02_170436_tube4_segmentationDebug\19_0223_0_segmented.tiff;1077.5;(68. 71);163.15432798862457;0.8288461538461539;37.03937917206683;0.5086627621802794;0.7823830195184196;763.2764303814806;0.975923283044957;0.9464602292500738;0.8822551738445548;70.0;6.075505596540321;Dead;;;;;;;;;;;;;;;;;
2;Tube 4;1903240.0;1903240.0;0.0;324.0;False;E:\Experiments\PTT\Spheroids\30062025_mcf10\01072025\Analysis\2025-07-01_130535_tube4_cropped_8bits\19_0324_0_8bits.tiff;E:\Experiments\PTT\Spheroids\30062025_mcf10\01072025\Analysis\2025-07-01_130535_tube4_segmentationDebug\19_0324_0_segmented.tiff;995.5;(76. 96);131.63960886001587;0.9128839981659788;35.60210621274891;0.7219015295196796;0.8626244561596815;703.0663783550774;0.9752726868618704;0.951002368691856;0.8832728374695245;1903240.0;0.0;324.0;False;E:\Experiments\PTT\Spheroids\30062025_mcf10\0207 before lqse\Analysis\2025-07-02_114636_tube4_cropped_8bits\19_0324_0_8bits.tiff;E:\Experiments\PTT\Spheroids\30062025_mcf10\0207 before lqse\Analysis\2025-07-02_114636_tube4_segmentationDebug\19_0324_0_segmented.tiff;1476.5;(70. 79);178.81118190288544;0.8762611275964391;43.35825397547124;0.5803018669194688;0.8046742196375569;988.3856028128362;0.966453480155286;0.9278523088084376;0.8756085915353798;;;;;;;;;;;;;;;;;;;;;;;;;;;;;;;;;;;;;
2;Tube 4;2005240.0;;;;;;;;;;;;;;;;;;;;;;;;;;;;;;;;;;;2005240.0;0.0;524.0;False;E:\Experiments\PTT\Spheroids\30062025_mcf10\0207 aftr laser\Analysis\2025-07-02_170436_tube4_cropped_8bits\20_0524_0_8bits.tiff;E:\Experiments\PTT\Spheroids\30062025_mcf10\0207 aftr laser\Analysis\2025-07-02_170436_tube4_segmentationDebug\20_0524_0_segmented.tiff;1206.0;(66. 60);145.0538227558136;0.9259117082533588;39.1857996084118;0.7202757849382968;0.820877319230222;762.0537847866419;0.973345835466155;0.9385224692352966;0.8915189271563625;58.0;4.638609768506742;Dead;;;;;;;;;;;;;;;;;
2;Tube 4;2006240.0;2006240.0;0.0;624.0;False;E:\Experiments\PTT\Spheroids\30062025_mcf10\01072025\Analysis\2025-07-01_130535_tube4_cropped_8bits\20_0624_0_8bits.tiff;E:\Experiments\PTT\Spheroids\30062025_mcf10\01072025\Analysis\2025-07-01_130535_tube4_segmentationDebug\20_0624_0_segmented.tiff;967.0;(68. 35);129.5979791879654;0.9218303145853194;35.088782249586586;0.723502237869178;0.8621979197983877;732.6751843681977;0.9741255586301572;0.9437312999861296;0.8849503959181588;2006240.0;0.0;624.0;False;E:\Experiments\PTT\Spheroids\30062025_mcf10\0207 before lqse\Analysis\2025-07-02_114636_tube4_cropped_8bits\20_0624_0_8bits.tiff;E:\Experiments\PTT\Spheroids\30062025_mcf10\0207 before lqse\Analysis\2025-07-02_114636_tube4_segmentationDebug\20_0624_0_segmented.tiff;1322.5;(67. 78);173.9827550649643;0.8573743922204214;41.034854671513735;0.5490262852189384;0.7448002826816179;972.8407253599114;0.9715028845739292;0.935261209727824;0.8777587533013609;;;;;;;;;;;;;;;;;;;;;;;;;;;;;;;;;;;;;
2;Tube 4;205050.0;205050.0;0.0;505.0;False;E:\Experiments\PTT\Spheroids\30062025_mcf10\01072025\Analysis\2025-07-01_130535_tube4_cropped_8bits\2_0505_0_8bits.tiff;E:\Experiments\PTT\Spheroids\30062025_mcf10\01072025\Analysis\2025-07-01_130535_tube4_segmentationDebug\2_0505_0_segmented.tiff;2181.0;(72. 84);198.3675309419632;0.9104571070757672;52.69663601281765;0.6965051855106756;0.9151645832357692;650.3523340831073;0.9478061084591464;0.8957833831990204;0.8967338993549459;205050.0;0.0;505.0;False;E:\Experiments\PTT\Spheroids\30062025_mcf10\0207 before lqse\Analysis\2025-07-02_114636_tube4_cropped_8bits\2_0505_0_8bits.tiff;E:\Experiments\PTT\Spheroids\30062025_mcf10\0207 before lqse\Analysis\2025-07-02_114636_tube4_segmentationDebug\2_0505_0_segmented.tiff;3492.5;(76. 76);274.61017167568207;0.8881118881118881;66.6842493396121;0.581986672628666;0.8833506669432135;789.5091258691779;0.9427679299060424;0.8357912468990178;0.9081586467676096;205050.0;0.0;505.0;False;E:\Experiments\PTT\Spheroids\30062025_mcf10\0207 aftr laser\Analysis\2025-07-02_170436_tube4_cropped_8bits\2_0505_0_8bits.tiff;E:\Experiments\PTT\Spheroids\30062025_mcf10\0207 aftr laser\Analysis\2025-07-02_170436_tube4_segmentationDebug\2_0505_0_segmented.tiff;3054.0;(74. 75);232.5096662044525;0.9289733840304184;62.35762639502234;0.7098995018011959;0.786368426827669;1077.3559663860656;0.9473057541491812;0.8564997987562708;0.8815429153996532;37.0;101.95401933350293;Alive;0.0;0.0;0.0;;;;-438.5;;-42.10050547122958;0.04086149591853028;-4.326622944589751;0.12791282917252988;-0.09698224011554446;287.8468405168877;0.004537824243138755;0.020708551857252955;-0.026615731367956363
2;Tube 4;308050.0;308050.0;0.0;805.0;False;E:\Experiments\PTT\Spheroids\30062025_mcf10\01072025\Analysis\2025-07-01_130535_tube4_cropped_8bits\3_0805_0_8bits.tiff;E:\Experiments\PTT\Spheroids\30062025_mcf10\01072025\Analysis\2025-07-01_130535_tube4_segmentationDebug\3_0805_0_segmented.tiff;1873.5;(84. 75);176.95331716537476;0.934647044150661;48.84070317943147;0.7518758658138228;0.8924801473466792;650.2724559989272;0.9619944790661732;0.9103521877581208;0.911350977112742;308050.0;0.0;805.0;False;E:\Experiments\PTT\Spheroids\30062025_mcf10\0207 before lqse\Analysis\2025-07-02_114636_tube4_cropped_8bits\3_0805_0_8bits.tiff;E:\Experiments\PTT\Spheroids\30062025_mcf10\0207 before lqse\Analysis\2025-07-02_114636_tube4_segmentationDebug\3_0805_0_segmented.tiff;2791.5;(75. 80);234.6101714372635;0.8996132774734128;59.617515791319306;0.6373145336663053;0.9961495126464126;771.4467668877226;0.9356346431375404;0.8677444204730996;0.8985358594172805;308050.0;0.0;805.0;False;E:\Experiments\PTT\Spheroids\30062025_mcf10\0207 aftr laser\Analysis\2025-07-02_170436_tube4_cropped_8bits\3_0805_0_8bits.tiff;E:\Experiments\PTT\Spheroids\30062025_mcf10\0207 aftr laser\Analysis\2025-07-02_170436_tube4_segmentationDebug\3_0805_0_segmented.tiff;2801.5;(72. 76);265.72286880016327;0.8465024928236894;59.72420434443274;0.4985889230931348;0.9197933321276818;851.5848968916139;0.9479998449271402;0.8663632523065165;0.8990375202728309;37.0;111.49357669804121;Alive;0.0;0.0;0.0;;;;10.0;;31.11269736289978;-0.05311078464972341;0.10668855311343606;-0.1387256105731705;-0.07635618051873083;80.13813000389132;0.012365201789599767;-0.0013811681665831799;0.0005016608555503677
2;Tube 4;411050.0;;;;;;;;;;;;;;;;;;;;;;;;;;;;;;;;;;;411050.0;0.0;1105.0;False;E:\Experiments\PTT\Spheroids\30062025_mcf10\0207 aftr laser\Analysis\2025-07-02_170436_tube4_cropped_8bits\4_1105_0_8bits.tiff;E:\Experiments\PTT\Spheroids\30062025_mcf10\0207 aftr laser\Analysis\2025-07-02_170436_tube4_segmentationDebug\4_1105_0_segmented.tiff;2667.0;(74. 82);222.3675308227539;0.9146090534979424;58.27289134587951;0.6777821581855884;0.8558307895412811;1141.3571621052822;0.9499116764080664;0.8738941382521411;0.8716632309418048;37.0;101.04776138387179;Alive;;;;;;;;;;;;;;;;;
2;Tube 4;412050.0;412050.0;0.0;1205.0;False;E:\Experiments\PTT\Spheroids\30062025_mcf10\01072025\Analysis\2025-07-01_130535_tube4_cropped_8bits\4_1205_0_8bits.tiff;E:\Experiments\PTT\Spheroids\30062025_mcf10\01072025\Analysis\2025-07-01_130535_tube4_segmentationDebug\4_1205_0_segmented.tiff;2243.5;(92. 76);330.20815074443817;0.7474596035315676;53.446355522274274;0.2585594169843567;0.6622977622515868;739.1764630796442;0.9468182630095412;0.8887981265815503;0.8756720700854016;;;;;;;;;;;;;;;;;;;;;;;;;;;;;;;;;;;;;;;;;;;;;;;;;;;;;;
2;Tube 4;514050.0;;;;;;;;;;;;;;;;;;514050.0;0.0;1405.0;False;E:\Experiments\PTT\Spheroids\30062025_mcf10\0207 before lqse\Analysis\2025-07-02_114636_tube4_cropped_8bits\5_1405_0_8bits.tiff;E:\Experiments\PTT\Spheroids\30062025_mcf10\0207 before lqse\Analysis\2025-07-02_114636_tube4_segmentationDebug\5_1405_0_segmented.tiff;3200.0;(57. 75);244.16652071475983;0.9131117135112;63.83076486422923;0.6745087888975273;0.8532321608692542;782.1288817829459;0.944767541757884;0.8496442732688188;0.9029237093544298;514050.0;0.0;1405.0;False;E:\Experiments\PTT\Spheroids\30062025_mcf10\0207 aftr laser\Analysis\2025-07-02_170436_tube4_cropped_8bits\5_1405_0_8bits.tiff;E:\Experiments\PTT\Spheroids\30062025_mcf10\0207 aftr laser\Analysis\2025-07-02_170436_tube4_segmentationDebug\5_1405_0_segmented.tiff;3476.0;(68. 77);290.5096662044525;0.8492548253115074;66.52654100056176;0.5175692393940413;0.8847808697717147;797.2231556882291;0.9351051250376612;0.8357029073652051;0.9084165641136448;37.0;85.9752607479013;Alive;0.0;0.0;0.0;;;;276.0;;46.34314548969269;-0.0638568881996926;2.695776136332533;-0.156939549503486;0.03154870890246042;15.094273905283217;-0.009662416720222833;-0.013941365903613612;0.005492854759215016
2;Tube 4;515040.0;515040.0;0.0;1504.0;False;E:\Experiments\PTT\Spheroids\30062025_mcf10\01072025\Analysis\2025-07-01_130535_tube4_cropped_8bits\5_1504_0_8bits.tiff;E:\Experiments\PTT\Spheroids\30062025_mcf10\01072025\Analysis\2025-07-01_130535_tube4_segmentationDebug\5_1504_0_segmented.tiff;2158.0;(68. 73);188.02438509464264;0.9491972729272048;52.41804019169814;0.7670663833973023;0.9796592622305385;492.2377003894133;0.9576417082309608;0.8918062035944743;0.9191462790559408;;;;;;;;;;;;;;;;;;;;;;;;;;;;;;;;;;;;;;;;;;;;;;;;;;;;;;
2;Tube 4;615020.0;;;;;;;;;;;;;;;;;;615020.0;0.0;1502.0;False;E:\Experiments\PTT\Spheroids\30062025_mcf10\0207 before lqse\Analysis\2025-07-02_114636_tube4_cropped_8bits\6_1502_0_8bits.tiff;E:\Experiments\PTT\Spheroids\30062025_mcf10\0207 before lqse\Analysis\2025-07-02_114636_tube4_segmentationDebug\6_1502_0_segmented.tiff;2413.5;(68. 79);214.6101714372635;0.9080135440180588;55.434318262411374;0.6585011901339178;0.9409201185620624;887.8394045092839;0.9507882353434972;0.885145233501595;0.8818278720941848;;;;;;;;;;;;;;;;;;;;;;;;;;;;;;;;;;;;;
2;Tube 4;615030.0;615030.0;0.0;1503.0;False;E:\Experiments\PTT\Spheroids\30062025_mcf10\01072025\Analysis\2025-07-01_130535_tube4_cropped_8bits\6_1503_0_8bits.tiff;E:\Experiments\PTT\Spheroids\30062025_mcf10\01072025\Analysis\2025-07-01_130535_tube4_segmentationDebug\6_1503_0_segmented.tiff;1786.5;(73. 64);175.29646289348602;0.9307111226882;47.69321174621571;0.7305779804139302;0.8472686532442524;666.1650055502696;0.9616449907017792;0.9142555574779312;0.8954922468342383;;;;;;;;;;;;;;;;;;615030.0;0.0;1503.0;False;E:\Experiments\PTT\Spheroids\30062025_mcf10\0207 aftr laser\Analysis\2025-07-02_170436_tube4_cropped_8bits\6_1503_0_8bits.tiff;E:\Experiments\PTT\Spheroids\30062025_mcf10\0207 aftr laser\Analysis\2025-07-02_170436_tube4_segmentationDebug\6_1503_0_segmented.tiff;2631.0;(77. 74);236.0243848562241;0.8819979886020785;57.87826225966199;0.5934948616430497;0.8399651996998679;927.1256567296924;0.9496504804357944;0.8749157439827625;0.8688321943976205;37.0;102.3594505214958;Alive;;;;;;;;;;;;;;;;;
2;Tube 4;712010.0;712010.0;0.0;1201.0;False;E:\Experiments\PTT\Spheroids\30062025_mcf10\01072025\Analysis\2025-07-01_130535_tube4_cropped_8bits\7_1201_0_8bits.tiff;E:\Experiments\PTT\Spheroids\30062025_mcf10\01072025\Analysis\2025-07-01_130535_tube4_segmentationDebug\7_1201_0_segmented.tiff;1873.5;(69. 77);180.95331728458405;0.9179323860852524;48.84070317943147;0.719002603916359;0.9651562237262012;582.350848776787;0.9569246156821568;0.9102951117725194;0.9093933455786336;;;;;;;;;;;;;;;;;;;;;;;;;;;;;;;;;;;;;;;;;;;;;;;;;;;;;;
2;Tube 4;713010.0;;;;;;;;;;;;;;;;;;;;;;;;;;;;;;;;;;;713010.0;0.0;1301.0;False;E:\Experiments\PTT\Spheroids\30062025_mcf10\0207 aftr laser\Analysis\2025-07-02_170436_tube4_cropped_8bits\7_1301_0_8bits.tiff;E:\Experiments\PTT\Spheroids\30062025_mcf10\0207 aftr laser\Analysis\2025-07-02_170436_tube4_segmentationDebug\7_1301_0_segmented.tiff;2589.5;(80. 79);235.78174459934235;0.8952463267070009;57.41997736930679;0.5853362565419935;0.7905827153417662;645.6408316383167;0.9455542682655562;0.8707668844199445;0.9003261810058071;62.0;11.542864411091326;Dead;;;;;;;;;;;;;;;;;
2;Tube 4;714010.0;;;;;;;;;;;;;;;;;;714010.0;1.0;1401.0;False;E:\Experiments\PTT\Spheroids\30062025_mcf10\0207 before lqse\Analysis\2025-07-02_114636_tube4_cropped_8bits\7_1401_0_8bits.tiff;E:\Experiments\PTT\Spheroids\30062025_mcf10\0207 before lqse\Analysis\2025-07-02_114636_tube4_segmentationDebug\7_1401_0_segmented.tiff;2614.0;(75. 78);228.85281193256375;0.9089012517385258;57.69097130346928;0.6271955108893031;0.8326673652038231;1036.409414767145;0.9536187522212;0.8763775635765746;0.8846912423487936;;;;;;;;;;;;;;;;;;;;;;;;;;;;;;;;;;;;;
2;Tube 4;809010.0;809010.0;0.0;901.0;False;E:\Experiments\PTT\Spheroids\30062025_mcf10\01072025\Analysis\2025-07-01_130535_tube4_cropped_8bits\8_0901_0_8bits.tiff;E:\Experiments\PTT\Spheroids\30062025_mcf10\01072025\Analysis\2025-07-01_130535_tube4_segmentationDebug\8_0901_0_segmented.tiff;1622.5;(78. 73);177.63960897922516;0.8883109772789488;45.45141539416348;0.6461226303836071;0.791200737223497;622.439414157179;0.9615728894162529;0.9217740223707996;0.8972979405620488;;;;;;;;;;;;;;;;;;;;;;;;;;;;;;;;;;;;;;;;;;;;;;;;;;;;;;
2;Tube 4;810010.0;;;;;;;;;;;;;;;;;;;;;;;;;;;;;;;;;;;810010.0;0.0;1001.0;False;E:\Experiments\PTT\Spheroids\30062025_mcf10\0207 aftr laser\Analysis\2025-07-02_170436_tube4_cropped_8bits\8_1001_0_8bits.tiff;E:\Experiments\PTT\Spheroids\30062025_mcf10\0207 aftr laser\Analysis\2025-07-02_170436_tube4_segmentationDebug\8_1001_0_segmented.tiff;2476.0;(84. 74);237.6812391281128;0.8464957264957265;56.14749426968458;0.5507705350587601;0.957505324993168;705.0300036567421;0.9530829315189826;0.8817623677351297;0.8955532318374954;55.0;9.193748410073773;Dead;;;;;;;;;;;;;;;;;
2;Tube 4;811010.0;;;;;;;;;;;;;;;;;;811010.0;0.0;1101.0;False;E:\Experiments\PTT\Spheroids\30062025_mcf10\0207 before lqse\Analysis\2025-07-02_114636_tube4_cropped_8bits\8_1101_0_8bits.tiff;E:\Experiments\PTT\Spheroids\30062025_mcf10\0207 before lqse\Analysis\2025-07-02_114636_tube4_segmentationDebug\8_1101_0_segmented.tiff;2632.5;(70. 82);362.2081509828568;0.6509643916913946;57.89475884322618;0.2521516447436482;0.6642413051105971;994.7787328903923;0.9414306733580424;0.870896458203885;0.8836826446329188;;;;;;;;;;;;;;;;;;;;;;;;;;;;;;;;;;;;;
2;Tube 4;907010.0;907010.0;0.0;701.0;False;E:\Experiments\PTT\Spheroids\30062025_mcf10\01072025\Analysis\2025-07-01_130535_tube4_cropped_8bits\9_0701_0_8bits.tiff;E:\Experiments\PTT\Spheroids\30062025_mcf10\01072025\Analysis\2025-07-01_130535_tube4_segmentationDebug\9_0701_0_segmented.tiff;1705.5;(78. 66);171.4385986328125;0.9312039312039312;46.59946398346037;0.7291961578084842;0.8825187956584586;484.73432831394166;0.9603195419978928;0.9085351181141336;0.9093690347795588;;;;;;;;;;;;;;;;;;;;;;;;;;;;;;;;;;;;;;;;;;;;;;;;;;;;;;
2;Tube 4;908010.0;;;;;;;;;;;;;;;;;;908010.0;0.0;801.0;False;E:\Experiments\PTT\Spheroids\30062025_mcf10\0207 before lqse\Analysis\2025-07-02_114636_tube4_cropped_8bits\9_0801_0_8bits.tiff;E:\Experiments\PTT\Spheroids\30062025_mcf10\0207 before lqse\Analysis\2025-07-02_114636_tube4_segmentationDebug\9_0801_0_segmented.tiff;3663.0;(63. 87);400.5929261445999;0.792085630879014;68.29257977529404;0.2868403413015939;0.6548070059987409;894.7567712848788;0.9192879811884106;0.8232286405682765;0.8975732580504271;908010.0;0.0;801.0;False;E:\Experiments\PTT\Spheroids\30062025_mcf10\0207 aftr laser\Analysis\2025-07-02_170436_tube4_cropped_8bits\9_0801_0_8bits.tiff;E:\Experiments\PTT\Spheroids\30062025_mcf10\0207 aftr laser\Analysis\2025-07-02_170436_tube4_segmentationDebug\9_0801_0_segmented.tiff;3069.0;(84. 79);250.50966596603396;0.8938401048492791;62.51057640745456;0.6145507835319126;0.8467360553510224;839.0330970408436;0.938391693397804;0.855064147672727;0.8987156561638112;58.0;41.52092342915289;Dead;0.0;0.0;0.0;;;;-594.0;;-150.08326017856592;0.10175447397026516;-5.782003367839486;0.3277104422303187;0.1919290493522815;-55.72367424403524;0.019103712209393442;0.03183550710445049;0.0011423981133841243
3;Tube 5;1002020.0;;;;;;;;;;;;;;;;;;;;;;;;;;;;;;;;;;;1002020.0;0.0;202.0;False;F:\1612025mcf10_PTT\after laser\Analysis\2025-12-18_181631_tube5_cropped_8bits\10_0202_0_8bits.tiff;F:\1612025mcf10_PTT\after laser\Analysis\2025-12-18_181631_tube5_segmentationDebug\10_0202_0_segmented.tiff;2782.5;(77. 76);239.237587928772;0.8865700175242951;59.52133258946401;0.6109226218271324;0.909526378925478;728.5893582567994;0.9714512988496408;0.8697985478176342;0.8790841036291076;66.0;2.0731690150758006;Dead;;;;;;;;;;;;;;;;;
3;Tube 5;103070.0;;;;;;;;;;;;;;;;;;;;;;;;;;;;;;;;;;;103070.0;0.0;307.0;False;F:\1612025mcf10_PTT\after laser\Analysis\2025-12-18_181631_tube5_cropped_8bits\1_0307_0_8bits.tiff;F:\1612025mcf10_PTT\after laser\Analysis\2025-12-18_181631_tube5_segmentationDebug\1_0307_0_segmented.tiff;2096.0;(69. 81);173.1959582567215;0.9796681467632624;51.65955948094119;0.8780629174914477;0.970835734560632;292.08748099129343;0.9673955884883638;0.9010114786776564;0.9289405151351336;37.0;54.43054011064033;Alive;;;;;;;;;;;;;;;;;
3;Tube 5;1102060.0;;;;;;;;;;;;;;;;;;;;;;;;;;;;;;;;;;;1102060.0;0.0;206.0;False;F:\1612025mcf10_PTT\after laser\Analysis\2025-12-18_181631_tube5_cropped_8bits\11_0206_0_8bits.tiff;F:\1612025mcf10_PTT\after laser\Analysis\2025-12-18_181631_tube5_segmentationDebug\11_0206_0_segmented.tiff;2267.5;(64. 72);204.26702558994293;0.9001587931718936;53.73146813262207;0.6829055302820639;0.9071812061435284;1025.8222805649934;0.9633139202307778;0.8924306808131677;0.8494654350688722;71.0;114.8125730212131;Alive;;;;;;;;;;;;;;;;;
3;Tube 5;1202090.0;;;;;;;;;;;;;;;;;;;;;;;;;;;;;;;;;;;1202090.0;0.0;209.0;False;F:\1612025mcf10_PTT\after laser\Analysis\2025-12-18_181631_tube5_cropped_8bits\12_0209_0_8bits.tiff;F:\1612025mcf10_PTT\after laser\Analysis\2025-12-18_181631_tube5_segmentationDebug\12_0209_0_segmented.tiff;2867.0;(74. 79);225.82337474823;0.9306930693069309;60.4183562732032;0.706479835078609;0.8977617681151275;859.2943299055431;0.9596011526847692;0.8657445180073562;0.8839582894643003;56.0;49.77970467758055;Dead;;;;;;;;;;;;;;;;;
3;Tube 5;1302120.0;;;;;;;;;;;;;;;;;;;;;;;;;;;;;;;;;;;1302120.0;0.0;212.0;False;F:\1612025mcf10_PTT\after laser\Analysis\2025-12-18_181631_tube5_cropped_8bits\13_0212_0_8bits.tiff;F:\1612025mcf10_PTT\after laser\Analysis\2025-12-18_181631_tube5_segmentationDebug\13_0212_0_segmented.tiff;2450.0;(72. 78);223.68123936653137;0.9114583333333334;55.85191925620058;0.6153423809115853;0.9298313940810706;462.9579685746353;0.9518054535570524;0.8834164779781126;0.9123104126046864;57.0;121.43410143438295;Alive;;;;;;;;;;;;;;;;;
3;Tube 5;1402150.0;;;;;;;;;;;;;;;;;;;;;;;;;;;;;;;;;;;1402150.0;0.0;215.0;False;F:\1612025mcf10_PTT\after laser\Analysis\2025-12-18_181631_tube5_cropped_8bits\14_0215_0_8bits.tiff;F:\1612025mcf10_PTT\after laser\Analysis\2025-12-18_181631_tube5_segmentationDebug\14_0215_0_segmented.tiff;2770.0;(76. 78);243.8233742713928;0.8893883448386579;59.38748638321377;0.585516258174171;0.8674383003410516;899.460817738681;0.9568119276007157;0.8689021367977995;0.8503990782389859;73.0;2.132289804479103;Dead;;;;;;;;;;;;;;;;;
3;Tube 5;1602210.0;;;;;;;;;;;;;;;;;;;;;;;;;;;;;;;;;;;1602210.0;0.0;221.0;False;F:\1612025mcf10_PTT\after laser\Analysis\2025-12-18_181631_tube5_cropped_8bits\16_0221_0_8bits.tiff;F:\1612025mcf10_PTT\after laser\Analysis\2025-12-18_181631_tube5_segmentationDebug\16_0221_0_segmented.tiff;2218.0;(83. 74);199.6812390089035;0.9251303441084464;53.14174733881632;0.6990317152996695;0.8738379099265872;761.6484480350487;0.961303339234646;0.8945110901136281;0.8745742161441993;56.0;30.604861981109497;Dead;;;;;;;;;;;;;;;;;
3;Tube 5;1703240.0;;;;;;;;;;;;;;;;;;;;;;;;;;;;;;;;;;;1703240.0;0.0;324.0;False;F:\1612025mcf10_PTT\after laser\Analysis\2025-12-18_181631_tube5_cropped_8bits\17_0324_0_8bits.tiff;F:\1612025mcf10_PTT\after laser\Analysis\2025-12-18_181631_tube5_segmentationDebug\17_0324_0_segmented.tiff;2300.0;(71. 68);223.88224959373477;0.8835958509412216;54.1151637980601;0.5766315168340604;0.8907643966310856;781.2633079843373;0.960146817873782;0.8902796031989828;0.8635193188485365;79.0;5.281457186695007;Dead;;;;;;;;;;;;;;;;;
3;Tube 5;1808240.0;;;;;;;;;;;;;;;;;;;;;;;;;;;;;;;;;;;1808240.0;0.0;824.0;False;F:\1612025mcf10_PTT\after laser\Analysis\2025-12-18_181631_tube5_cropped_8bits\18_0824_0_8bits.tiff;F:\1612025mcf10_PTT\after laser\Analysis\2025-12-18_181631_tube5_segmentationDebug\18_0824_0_segmented.tiff;2777.0;(67. 78);245.33809328079224;0.8807484934982557;59.4624773763215;0.5797700443087639;0.9732299134607352;659.390826641673;0.9527181982310288;0.8684479897062564;0.8969033006001311;58.0;7.65614222772765;Dead;;;;;;;;;;;;;;;;;
3;Tube 5;1911240.0;;;;;;;;;;;;;;;;;;;;;;;;;;;;;;;;;;;1911240.0;0.0;1124.0;False;F:\1612025mcf10_PTT\after laser\Analysis\2025-12-18_181631_tube5_cropped_8bits\19_1124_0_8bits.tiff;F:\1612025mcf10_PTT\after laser\Analysis\2025-12-18_181631_tube5_segmentationDebug\19_1124_0_segmented.tiff;2813.0;(78. 76);230.85281193256375;0.905812268555788;59.84666105423103;0.6632988714600011;0.8523339889914732;536.3681046118938;0.94687672122303;0.867136022352667;0.9016935644399928;57.0;155.3694345518785;Alive;;;;;;;;;;;;;;;;;
3;Tube 5;2013240.0;;;;;;;;;;;;;;;;;;;;;;;;;;;;;;;;;;;2013240.0;0.0;1324.0;False;F:\1612025mcf10_PTT\after laser\Analysis\2025-12-18_181631_tube5_cropped_8bits\20_1324_0_8bits.tiff;F:\1612025mcf10_PTT\after laser\Analysis\2025-12-18_181631_tube5_segmentationDebug\20_1324_0_segmented.tiff;2485.0;(76. 51);216.0243847370148;0.9127640036730946;56.24944682987451;0.6691611260583572;0.8637524697926257;873.5510610348919;0.9591506318564884;0.8559189792603408;0.889460799542491;75.0;4.365084950943821;Dead;;;;;;;;;;;;;;;;;
3;Tube 5;206050.0;;;;;;;;;;;;;;;;;;;;;;;;;;;;;;;;;;;206050.0;0.0;605.0;False;F:\1612025mcf10_PTT\after laser\Analysis\2025-12-18_181631_tube5_cropped_8bits\2_0605_0_8bits.tiff;F:\1612025mcf10_PTT\after laser\Analysis\2025-12-18_181631_tube5_segmentationDebug\2_0605_0_segmented.tiff;2552.5;(77. 86);200.4680358171463;0.9572473279579974;57.008279556012766;0.7981515188181986;0.8779669856933634;464.9756256412242;0.9518086171202635;0.8794122295063234;0.9117931336659496;37.0;78.70947762559648;Alive;;;;;;;;;;;;;;;;;
3;Tube 5;309050.0;;;;;;;;;;;;;;;;;;;;;;;;;;;;;;;;;;;309050.0;0.0;905.0;False;F:\1612025mcf10_PTT\after laser\Analysis\2025-12-18_181631_tube5_cropped_8bits\3_0905_0_8bits.tiff;F:\1612025mcf10_PTT\after laser\Analysis\2025-12-18_181631_tube5_segmentationDebug\3_0905_0_segmented.tiff;2720.5;(68. 79);237.9238797426224;0.8788564044580843;58.85446611304881;0.6039243325656705;0.9059225282651028;479.0665398593487;0.95527491345699;0.8708335088897279;0.9156669472276784;37.0;77.60588955673484;Alive;;;;;;;;;;;;;;;;;
3;Tube 5;412050.0;;;;;;;;;;;;;;;;;;;;;;;;;;;;;;;;;;;412050.0;0.0;1205.0;False;F:\1612025mcf10_PTT\after laser\Analysis\2025-12-18_181631_tube5_cropped_8bits\4_1205_0_8bits.tiff;F:\1612025mcf10_PTT\after laser\Analysis\2025-12-18_181631_tube5_segmentationDebug\4_1205_0_segmented.tiff;2591.0;(74. 81);220.36753106117249;0.9124845923578094;57.43660557874923;0.6704741912135016;0.9424053459315196;421.3180081028788;0.9513436538728288;0.8770769881607993;0.9087828743918072;37.0;101.37244689686237;Alive;;;;;;;;;;;;;;;;;
3;Tube 5;515040.0;;;;;;;;;;;;;;;;;;;;;;;;;;;;;;;;;;;515040.0;0.0;1504.0;False;F:\1612025mcf10_PTT\after laser\Analysis\2025-12-18_181631_tube5_cropped_8bits\5_1504_0_8bits.tiff;F:\1612025mcf10_PTT\after laser\Analysis\2025-12-18_181631_tube5_segmentationDebug\5_1504_0_segmented.tiff;2678.0;(76. 83);219.33809316158292;0.9255227233454294;58.39294050483128;0.699507394148829;0.8909845917848913;392.47334105869936;0.9472941010128536;0.8735746881421493;0.9091936450825988;37.0;118.28099266620683;Alive;;;;;;;;;;;;;;;;;
3;Tube 5;614010.0;;;;;;;;;;;;;;;;;;;;;;;;;;;;;;;;;;;614010.0;0.0;1401.0;False;F:\1612025mcf10_PTT\after laser\Analysis\2025-12-18_181631_tube5_cropped_8bits\6_1401_0_8bits.tiff;F:\1612025mcf10_PTT\after laser\Analysis\2025-12-18_181631_tube5_segmentationDebug\6_1401_0_segmented.tiff;3147.5;(79. 86);253.23758816719052;0.9000571918787532;63.304987694919625;0.6167643537911754;0.8926438210595307;341.8065039067226;0.9404014610741812;0.8513962768401725;0.917383774554982;37.0;105.35324671668472;Alive;;;;;;;;;;;;;;;;;
3;Tube 5;711010.0;;;;;;;;;;;;;;;;;;;;;;;;;;;;;;;;;;;711010.0;0.0;1101.0;False;F:\1612025mcf10_PTT\after laser\Analysis\2025-12-18_181631_tube5_cropped_8bits\7_1101_0_8bits.tiff;F:\1612025mcf10_PTT\after laser\Analysis\2025-12-18_181631_tube5_segmentationDebug\7_1101_0_segmented.tiff;3087.5;(71. 40);232.6101715564728;0.9374525580689236;62.69870089858174;0.7170664893370331;0.9296257266552124;423.34490764777456;0.937790889839226;0.8112677832356914;0.9192298004489858;50.0;98.57406286510606;Alive;;;;;;;;;;;;;;;;;
3;Tube 5;807010.0;;;;;;;;;;;;;;;;;;;;;;;;;;;;;;;;;;;807010.0;0.0;701.0;False;F:\1612025mcf10_PTT\after laser\Analysis\2025-12-18_181631_tube5_cropped_8bits\8_0701_0_8bits.tiff;F:\1612025mcf10_PTT\after laser\Analysis\2025-12-18_181631_tube5_segmentationDebug\8_0701_0_segmented.tiff;2732.0;(78. 82);244.8528124094009;0.8784565916398713;58.978728675824;0.5726382654478831;0.8868815483051334;1009.187349053256;0.9675994441767832;0.8714453753824005;0.8237751766201703;72.0;2.276150392027139;Dead;;;;;;;;;;;;;;;;;
3;Tube 5;904010.0;;;;;;;;;;;;;;;;;;;;;;;;;;;;;;;;;;;904010.0;0.0;401.0;False;F:\1612025mcf10_PTT\after laser\Analysis\2025-12-18_181631_tube5_cropped_8bits\9_0401_0_8bits.tiff;F:\1612025mcf10_PTT\after laser\Analysis\2025-12-18_181631_tube5_segmentationDebug\9_0401_0_segmented.tiff;2608.0;(76. 82);209.3380935192108;0.9418562657999278;57.624723276292656;0.7478610617754365;0.962029199219822;444.5928765739693;0.9575647223524052;0.8770377120550121;0.91603273073095;56.0;114.33960670598668;Alive;;;;;;;;;;;;;;;;;
3;Tube 6;1002030.0;;;;;;;;;;;;;;;;;;;;;;;;;;;;;;;;;;;1002030.0;0.0;203.0;False;F:\1612025mcf10_PTT\after laser\Analysis\2025-12-18_182533_tube6_cropped_8bits\10_0203_0_8bits.tiff;F:\1612025mcf10_PTT\after laser\Analysis\2025-12-18_182533_tube6_segmentationDebug\10_0203_0_segmented.tiff;2674.0;(74. 76);216.5096663236618;0.9334962471635538;58.34931484277965;0.7168308465521023;0.8466517732929509;737.1127722955208;0.9721392895826372;0.8750604338435997;0.8745897668318415;55.0;83.04500218183865;Alive;;;;;;;;;;;;;;;;;
3;Tube 6;103070.0;;;;;;;;;;;;;;;;;;;;;;;;;;;;;;;;;;;103070.0;0.0;307.0;False;F:\1612025mcf10_PTT\after laser\Analysis\2025-12-18_182533_tube6_cropped_8bits\1_0307_0_8bits.tiff;F:\1612025mcf10_PTT\after laser\Analysis\2025-12-18_182533_tube6_segmentationDebug\1_0307_0_segmented.tiff;2639.0;(69. 81);198.0243853330612;0.9693296602387512;57.96618978815232;0.8456913848545513;0.9517119285766168;326.72571653474427;0.9673454090003636;0.8767143119200306;0.934558499409471;37.0;76.02933517264678;Alive;;;;;;;;;;;;;;;;;
3;Tube 6;1102060.0;;;;;;;;;;;;;;;;;;;;;;;;;;;;;;;;;;;1102060.0;0.0;206.0;False;F:\1612025mcf10_PTT\after laser\Analysis\2025-12-18_182533_tube6_cropped_8bits\11_0206_0_8bits.tiff;F:\1612025mcf10_PTT\after laser\Analysis\2025-12-18_182533_tube6_segmentationDebug\11_0206_0_segmented.tiff;2894.0;(68. 74);235.68123924732208;0.905365243234788;60.70218482446543;0.6547241562171585;0.9372786626718774;548.3379646373318;0.9527993645050254;0.8636876636511766;0.9059280115041338;55.0;112.92070776030742;Alive;;;;;;;;;;;;;;;;;
3;Tube 6;1202090.0;;;;;;;;;;;;;;;;;;;;;;;;;;;;;;;;;;;1202090.0;0.0;209.0;False;F:\1612025mcf10_PTT\after laser\Analysis\2025-12-18_182533_tube6_cropped_8bits\12_0209_0_8bits.tiff;F:\1612025mcf10_PTT\after laser\Analysis\2025-12-18_182533_tube6_segmentationDebug\12_0209_0_segmented.tiff;2680.0;(68. 82);233.19595789909363;0.8843425177363471;58.41474111806228;0.619302198053587;0.8780155456536773;680.8028048434679;0.9680662829308704;0.8739420397416698;0.898413267290622;51.0;59.357272560915526;Alive;;;;;;;;;;;;;;;;;
3;Tube 6;1302120.0;;;;;;;;;;;;;;;;;;;;;;;;;;;;;;;;;;;1302120.0;0.0;212.0;False;F:\1612025mcf10_PTT\after laser\Analysis\2025-12-18_182533_tube6_cropped_8bits\13_0212_0_8bits.tiff;F:\1612025mcf10_PTT\after laser\Analysis\2025-12-18_182533_tube6_segmentationDebug\13_0212_0_segmented.tiff;2955.0;(66. 80);270.99494755268097;0.8462199312714777;61.3385918871016;0.5056441200658321;0.9623165402856918;466.8832664516326;0.9499751860336147;0.8595525220508324;0.9068103146033362;51.0;86.74990498444559;Alive;;;;;;;;;;;;;;;;;
3;Tube 6;1402150.0;;;;;;;;;;;;;;;;;;;;;;;;;;;;;;;;;;;1402150.0;0.0;215.0;False;F:\1612025mcf10_PTT\after laser\Analysis\2025-12-18_182533_tube6_cropped_8bits\14_0215_0_8bits.tiff;F:\1612025mcf10_PTT\after laser\Analysis\2025-12-18_182533_tube6_segmentationDebug\14_0215_0_segmented.tiff;2423.0;(78. 71);241.68123924732208;0.8618175351235995;55.54331118049499;0.5212876065470022;0.8097765534783433;767.0397714481137;0.9780716731794504;0.8857567152076249;0.9017228927696126;68.0;0.10050534198561382;Dead;;;;;;;;;;;;;;;;;
3;Tube 6;1502180.0;;;;;;;;;;;;;;;;;;;;;;;;;;;;;;;;;;;1502180.0;0.0;218.0;False;F:\1612025mcf10_PTT\after laser\Analysis\2025-12-18_182533_tube6_cropped_8bits\15_0218_0_8bits.tiff;F:\1612025mcf10_PTT\after laser\Analysis\2025-12-18_182533_tube6_segmentationDebug\15_0218_0_segmented.tiff;2639.0;(73. 76);328.6518017053604;0.7708485468088214;57.96618978815232;0.307027459675823;0.7666476318131998;664.7975646192373;0.96282798015605;0.8720380996132304;0.8847660837064266;67.0;45.995974155769204;Dead;;;;;;;;;;;;;;;;;
3;Tube 6;1602210.0;;;;;;;;;;;;;;;;;;;;;;;;;;;;;;;;;;;1602210.0;0.0;221.0;False;F:\1612025mcf10_PTT\after laser\Analysis\2025-12-18_182533_tube6_cropped_8bits\16_0221_0_8bits.tiff;F:\1612025mcf10_PTT\after laser\Analysis\2025-12-18_182533_tube6_segmentationDebug\16_0221_0_segmented.tiff;2834.5;(77. 79);232.6101713180542;0.9147974826528964;60.074932289198784;0.6583076820056282;0.8177625843628997;704.8034116608537;0.9658078842303082;0.8670065258125745;0.8743103250940754;56.0;54.469953970242535;Alive;;;;;;;;;;;;;;;;;
3;Tube 6;206050.0;;;;;;;;;;;;;;;;;;;;;;;;;;;;;;;;;;;206050.0;0.0;605.0;False;F:\1612025mcf10_PTT\after laser\Analysis\2025-12-18_182533_tube6_cropped_8bits\2_0605_0_8bits.tiff;F:\1612025mcf10_PTT\after laser\Analysis\2025-12-18_182533_tube6_segmentationDebug\2_0605_0_segmented.tiff;3202.5;(78. 71);256.2670257091522;0.9003373629463031;63.855693888754814;0.6127926471925794;0.8945500232746965;500.902241852328;0.9447863568874229;0.8491769809500558;0.9145040409530422;37.0;93.37143339761546;Alive;;;;;;;;;;;;;;;;;
3;Tube 6;412050.0;;;;;;;;;;;;;;;;;;;;;;;;;;;;;;;;;;;412050.0;0.0;1205.0;False;F:\1612025mcf10_PTT\after laser\Analysis\2025-12-18_182533_tube6_cropped_8bits\4_1205_0_8bits.tiff;F:\1612025mcf10_PTT\after laser\Analysis\2025-12-18_182533_tube6_segmentationDebug\4_1205_0_segmented.tiff;3851.0;(73. 77);296.16652023792267;0.8556827019220087;70.02317821104032;0.5517107640266904;0.9224559485680108;443.5510773500436;0.951445595068177;0.8208653793846918;0.9230313095152308;37.0;132.9035345786236;Alive;;;;;;;;;;;;;;;;;
3;Tube 6;515040.0;;;;;;;;;;;;;;;;;;;;;;;;;;;;;;;;;;;515040.0;0.0;1504.0;False;F:\1612025mcf10_PTT\after laser\Analysis\2025-12-18_182533_tube6_cropped_8bits\5_1504_0_8bits.tiff;F:\1612025mcf10_PTT\after laser\Analysis\2025-12-18_182533_tube6_segmentationDebug\5_1504_0_segmented.tiff;3385.0;(74. 88);255.6812391281128;0.9109257265877287;65.64994942060905;0.6506850255222025;0.8714233969361042;575.7350863029245;0.942692062501932;0.8412223776205804;0.8898942405365924;37.0;106.14152390872876;Alive;;;;;;;;;;;;;;;;;
3;Tube 6;614010.0;;;;;;;;;;;;;;;;;;;;;;;;;;;;;;;;;;;614010.0;0.0;1401.0;False;F:\1612025mcf10_PTT\after laser\Analysis\2025-12-18_182533_tube6_cropped_8bits\6_1401_0_8bits.tiff;F:\1612025mcf10_PTT\after laser\Analysis\2025-12-18_182533_tube6_segmentationDebug\6_1401_0_segmented.tiff;3417.5;(81. 79);242.6101714372635;0.929805468643722;65.96435510283125;0.7296261281469696;0.91380516616945;481.718526922142;0.9374416646899868;0.8400062851454895;0.9094223211693028;37.0;93.76557199363747;Alive;;;;;;;;;;;;;;;;;
3;Tube 6;710010.0;;;;;;;;;;;;;;;;;;;;;;;;;;;;;;;;;;;710010.0;0.0;1001.0;False;F:\1612025mcf10_PTT\after laser\Analysis\2025-12-18_182533_tube6_cropped_8bits\7_1001_0_8bits.tiff;F:\1612025mcf10_PTT\after laser\Analysis\2025-12-18_182533_tube6_segmentationDebug\7_1001_0_segmented.tiff;3214.0;(75. 76);244.99494743347168;0.9197310058663616;63.97024227544252;0.672885981506948;0.9020438862130732;463.8944377296599;0.9436131299692296;0.8490191817976569;0.909968519193624;46.0;114.77315916161089;Alive;;;;;;;;;;;;;;;;;
3;Tube 6;807010.0;;;;;;;;;;;;;;;;;;;;;;;;;;;;;;;;;;;807010.0;0.0;701.0;False;F:\1612025mcf10_PTT\after laser\Analysis\2025-12-18_182533_tube6_cropped_8bits\8_0701_0_8bits.tiff;F:\1612025mcf10_PTT\after laser\Analysis\2025-12-18_182533_tube6_segmentationDebug\8_0701_0_segmented.tiff;3096.0;(68. 76);253.33809304237369;0.8769296133692112;62.7849474834539;0.6061914711384868;0.9139362254467562;911.6719471381396;0.9629706567693144;0.854757210231925;0.870499113651457;64.0;0.9065187708506355;Dead;;;;;;;;;;;;;;;;;
3;Tube 6;904010.0;;;;;;;;;;;;;;;;;;;;;;;;;;;;;;;;;;;904010.0;0.0;401.0;False;F:\1612025mcf10_PTT\after laser\Analysis\2025-12-18_182533_tube6_cropped_8bits\9_0401_0_8bits.tiff;F:\1612025mcf10_PTT\after laser\Analysis\2025-12-18_182533_tube6_segmentationDebug\9_0401_0_segmented.tiff;2983.0;(76. 65);230.85281193256375;0.9241016109045848;61.628512572874826;0.7033844769161689;0.8930564288117533;526.785117574947;0.9488316081094484;0.8527986514189759;0.907021273173022;48.0;109.05814951929167;Alive;;;;;;;;;;;;;;;;;
3;Tube 7;1002020.0;;;;;;;;;;;;;;;;;;;;;;;;;;;;;;;;;;;1002020.0;0.0;202.0;False;F:\1612025mcf10_PTT\after laser\Analysis\2025-12-18_183455_tube7_cropped_8bits\10_0202_0_8bits.tiff;F:\1612025mcf10_PTT\after laser\Analysis\2025-12-18_183455_tube7_segmentationDebug\10_0202_0_segmented.tiff;3556.0;(83. 72);270.8528118133545;0.9008233058898036;67.2877390100027;0.6091228890438565;0.865218623029498;650.1127971847604;0.9429268254193638;0.8332045429958947;0.8945998475192019;46.0;111.10767021860615;Alive;;;;;;;;;;;;;;;;;
3;Tube 7;103070.0;;;;;;;;;;;;;;;;;;;;;;;;;;;;;;;;;;;103070.0;0.0;307.0;False;F:\1612025mcf10_PTT\after laser\Analysis\2025-12-18_183455_tube7_cropped_8bits\1_0307_0_8bits.tiff;F:\1612025mcf10_PTT\after laser\Analysis\2025-12-18_183455_tube7_segmentationDebug\1_0307_0_segmented.tiff;2934.5;(72. 78);226.06601524353027;0.9363433312061265;61.1254565956389;0.7215616106523508;0.7966092106009011;345.9589981574786;0.9541412766041272;0.8624189091665478;0.9271697572709812;37.0;93.09553638040005;Alive;;;;;;;;;;;;;;;;;
3;Tube 7;1102050.0;;;;;;;;;;;;;;;;;;;;;;;;;;;;;;;;;;;1102050.0;0.0;205.0;False;F:\1612025mcf10_PTT\after laser\Analysis\2025-12-18_183455_tube7_cropped_8bits\11_0205_0_8bits.tiff;F:\1612025mcf10_PTT\after laser\Analysis\2025-12-18_183455_tube7_segmentationDebug\11_0205_0_segmented.tiff;3688.0;(78. 80);257.1959578990936;0.9405763835756183;68.52523214833555;0.7006038161522478;0.9066567326196542;567.9941270429142;0.9512915187713452;0.8286320985532656;0.9174365988081166;48.0;115.36436705564392;Alive;;;;;;;;;;;;;;;;;
3;Tube 7;1202080.0;;;;;;;;;;;;;;;;;;;;;;;;;;;;;;;;;;;1202080.0;0.0;208.0;False;F:\1612025mcf10_PTT\after laser\Analysis\2025-12-18_183455_tube7_cropped_8bits\12_0208_0_8bits.tiff;F:\1612025mcf10_PTT\after laser\Analysis\2025-12-18_183455_tube7_segmentationDebug\12_0208_0_segmented.tiff;3381.0;(79. 77);336.3086556196213;0.7747479376718607;65.61114921070644;0.3756461523979453;0.6526875351413949;623.5938721005505;0.9442576327551118;0.8367043348780886;0.8897294908669767;44.0;158.3254740220436;Alive;;;;;;;;;;;;;;;;;
3;Tube 7;1302120.0;;;;;;;;;;;;;;;;;;;;;;;;;;;;;;;;;;;1302120.0;0.0;212.0;False;F:\1612025mcf10_PTT\after laser\Analysis\2025-12-18_183455_tube7_cropped_8bits\13_0212_0_8bits.tiff;F:\1612025mcf10_PTT\after laser\Analysis\2025-12-18_183455_tube7_segmentationDebug\13_0212_0_segmented.tiff;3199.0;(75. 77);240.9949473142624;0.9251012145748988;63.82079052791328;0.6921627600602771;0.9233629579497488;707.6738562097188;0.9388930835904384;0.8497148531370498;0.8804154632955935;47.0;108.66401092326966;Alive;;;;;;;;;;;;;;;;;
3;Tube 7;1402150.0;;;;;;;;;;;;;;;;;;;;;;;;;;;;;;;;;;;1402150.0;0.0;215.0;False;F:\1612025mcf10_PTT\after laser\Analysis\2025-12-18_183455_tube7_cropped_8bits\14_0215_0_8bits.tiff;F:\1612025mcf10_PTT\after laser\Analysis\2025-12-18_183455_tube7_segmentationDebug\14_0215_0_segmented.tiff;3071.5;(72. 69);242.61017167568207;0.9154992548435172;62.53603170696117;0.6557561516309469;0.9244575580440006;842.6393403650272;0.9502427739288378;0.8555400230486832;0.8802304926656945;57.0;37.20668346447826;Dead;;;;;;;;;;;;;;;;;
3;Tube 7;1502180.0;;;;;;;;;;;;;;;;;;;;;;;;;;;;;;;;;;;1502180.0;0.0;218.0;False;F:\1612025mcf10_PTT\after laser\Analysis\2025-12-18_183455_tube7_cropped_8bits\15_0218_0_8bits.tiff;F:\1612025mcf10_PTT\after laser\Analysis\2025-12-18_183455_tube7_segmentationDebug\15_0218_0_segmented.tiff;3073.5;(66. 77);244.26702535152435;0.9038376709307456;62.55638848865496;0.6473116065396168;0.8669804936327529;790.729485944867;0.9535783834124142;0.8556067332906866;0.8922383464376493;62.0;36.93078644726285;Dead;;;;;;;;;;;;;;;;;
3;Tube 7;1602210.0;;;;;;;;;;;;;;;;;;;;;;;;;;;;;;;;;;;1602210.0;0.0;221.0;False;F:\1612025mcf10_PTT\after laser\Analysis\2025-12-18_183455_tube7_cropped_8bits\16_0221_0_8bits.tiff;F:\1612025mcf10_PTT\after laser\Analysis\2025-12-18_183455_tube7_segmentationDebug\16_0221_0_segmented.tiff;2626.0;(81. 77);224.5096662044525;0.9175401816911252;57.823239657377705;0.6546881760128755;0.9022853765308902;773.3454894952797;0.9501645410723976;0.8758446409966669;0.8729418960913893;49.0;67.39769991976463;Alive;;;;;;;;;;;;;;;;;
3;Tube 7;1703240.0;;;;;;;;;;;;;;;;;;;;;;;;;;;;;;;;;;;1703240.0;0.0;324.0;False;F:\1612025mcf10_PTT\after laser\Analysis\2025-12-18_183455_tube7_cropped_8bits\17_0324_0_8bits.tiff;F:\1612025mcf10_PTT\after laser\Analysis\2025-12-18_183455_tube7_segmentationDebug\17_0324_0_segmented.tiff;2757.5;(71. 78);234.6101715564728;0.8998205253711862;59.25333783515669;0.6295521493100178;0.9798602401003405;720.6968766389374;0.9465841807065656;0.8693583131265009;0.8739286542037357;51.0;91.716051294323;Alive;;;;;;;;;;;;;;;;;
3;Tube 7;1807240.0;;;;;;;;;;;;;;;;;;;;;;;;;;;;;;;;;;;1807240.0;0.0;724.0;False;F:\1612025mcf10_PTT\after laser\Analysis\2025-12-18_183455_tube7_cropped_8bits\18_0724_0_8bits.tiff;F:\1612025mcf10_PTT\after laser\Analysis\2025-12-18_183455_tube7_segmentationDebug\18_0724_0_segmented.tiff;3044.0;(65. 64);251.6812391281128;0.909607052144031;62.25545095952511;0.6038830295429585;0.7664356678264584;507.67421022097983;0.942909874945248;0.8558309450523605;0.912542781888114;46.0;97.31281935783561;Alive;;;;;;;;;;;;;;;;;
3;Tube 7;1910240.0;;;;;;;;;;;;;;;;;;;;;;;;;;;;;;;;;;;1910240.0;0.0;1024.0;False;F:\1612025mcf10_PTT\after laser\Analysis\2025-12-18_183455_tube7_cropped_8bits\19_1024_0_8bits.tiff;F:\1612025mcf10_PTT\after laser\Analysis\2025-12-18_183455_tube7_segmentationDebug\19_1024_0_segmented.tiff;2395.0;(70. 74);216.8528121709824;0.8953271028037383;55.2214515350757;0.6400077968430703;0.7389501246546478;653.4708456978465;0.9528171587273202;0.8859510603660353;0.877494718480221;48.0;101.96365479089539;Alive;;;;;;;;;;;;;;;;;
3;Tube 7;205050.0;;;;;;;;;;;;;;;;;;;;;;;;;;;;;;;;;;;205050.0;0.0;505.0;False;F:\1612025mcf10_PTT\after laser\Analysis\2025-12-18_183455_tube7_cropped_8bits\2_0505_0_8bits.tiff;F:\1612025mcf10_PTT\after laser\Analysis\2025-12-18_183455_tube7_segmentationDebug\2_0505_0_segmented.tiff;3113.5;(69. 77);232.26702570915225;0.935546875;62.96214197859639;0.72524311877667;0.9503462877591418;587.1167118673397;0.9439003722724212;0.8537955043562319;0.8905828295435193;37.0;100.07178952998972;Alive;;;;;;;;;;;;;;;;;
3;Tube 7;309050.0;;;;;;;;;;;;;;;;;;;;;;;;;;;;;;;;;;;309050.0;0.0;905.0;False;F:\1612025mcf10_PTT\after laser\Analysis\2025-12-18_183455_tube7_cropped_8bits\3_0905_0_8bits.tiff;F:\1612025mcf10_PTT\after laser\Analysis\2025-12-18_183455_tube7_segmentationDebug\3_0905_0_segmented.tiff;3471.0;(68. 85);251.8233743906021;0.9231382978723404;66.47867673002938;0.6878161984494374;0.953284316979796;624.3567431860512;0.94852259704814;0.8378971956532089;0.904397863371471;37.0;95.46036795653214;Alive;;;;;;;;;;;;;;;;;
3;Tube 7;412050.0;;;;;;;;;;;;;;;;;;;;;;;;;;;;;;;;;;;412050.0;0.0;1205.0;False;F:\1612025mcf10_PTT\after laser\Analysis\2025-12-18_183455_tube7_cropped_8bits\4_1205_0_8bits.tiff;F:\1612025mcf10_PTT\after laser\Analysis\2025-12-18_183455_tube7_segmentationDebug\4_1205_0_segmented.tiff;4022.0;(89. 80);275.48022866249084;0.9118113806393108;71.56094918965807;0.6659951410742184;0.8505631165610493;481.2457089540664;0.9308264537488384;0.8122152118377097;0.9119688672750322;37.0;107.79690601202122;Alive;;;;;;;;;;;;;;;;;
3;Tube 7;515040.0;;;;;;;;;;;;;;;;;;;;;;;;;;;;;;;;;;;515040.0;0.0;1504.0;False;F:\1612025mcf10_PTT\after laser\Analysis\2025-12-18_183455_tube7_cropped_8bits\5_1504_0_8bits.tiff;F:\1612025mcf10_PTT\after laser\Analysis\2025-12-18_183455_tube7_segmentationDebug\5_1504_0_segmented.tiff;3509.0;(72. 86);258.166520357132;0.913445268775218;66.84158557721149;0.6615967905187623;0.7409379811644055;576.6367744983124;0.9365508298909008;0.8352221580099726;0.8996502418138358;37.0;122.3800340648358;Alive;;;;;;;;;;;;;;;;;
3;Tube 7;614010.0;;;;;;;;;;;;;;;;;;;;;;;;;;;;;;;;;;;614010.0;0.0;1401.0;False;F:\1612025mcf10_PTT\after laser\Analysis\2025-12-18_183455_tube7_cropped_8bits\6_1401_0_8bits.tiff;F:\1612025mcf10_PTT\after laser\Analysis\2025-12-18_183455_tube7_segmentationDebug\6_1401_0_segmented.tiff;3221.5;(67. 81);248.61017167568207;0.9087447108603668;64.044837366991;0.6549832785566215;0.8463296341384069;644.0445914086421;0.9383874195067248;0.8483940043571918;0.8951555545155183;37.0;105.43207443588913;Alive;;;;;;;;;;;;;;;;;
3;Tube 7;711010.0;;;;;;;;;;;;;;;;;;;;;;;;;;;;;;;;;;;711010.0;0.0;1101.0;False;F:\1612025mcf10_PTT\after laser\Analysis\2025-12-18_183455_tube7_cropped_8bits\7_1101_0_8bits.tiff;F:\1612025mcf10_PTT\after laser\Analysis\2025-12-18_183455_tube7_segmentationDebug\7_1101_0_segmented.tiff;3647.5;(80. 70);285.237587928772;0.8950920245398774;68.14793642819646;0.5633673244410512;0.9323068619991912;751.3887458458703;0.9400244857691364;0.8288058263178053;0.8813304382320211;43.0;105.98386847031995;Alive;;;;;;;;;;;;;;;;;
3;Tube 7;808010.0;;;;;;;;;;;;;;;;;;;;;;;;;;;;;;;;;;;808010.0;0.0;801.0;False;F:\1612025mcf10_PTT\after laser\Analysis\2025-12-18_183455_tube7_cropped_8bits\8_0801_0_8bits.tiff;F:\1612025mcf10_PTT\after laser\Analysis\2025-12-18_183455_tube7_segmentationDebug\8_0801_0_segmented.tiff;3012.5;(66. 81);267.5807341337204;0.8625626342161775;61.932496546761925;0.5287218247721112;0.7764553431276722;909.8743232060076;0.9528924634191118;0.8576888671506451;0.8629980211667581;55.0;48.40021959150349;Dead;;;;;;;;;;;;;;;;;
3;Tube 7;905010.0;;;;;;;;;;;;;;;;;;;;;;;;;;;;;;;;;;;905010.0;0.0;501.0;False;F:\1612025mcf10_PTT\after laser\Analysis\2025-12-18_183455_tube7_cropped_8bits\9_0501_0_8bits.tiff;F:\1612025mcf10_PTT\after laser\Analysis\2025-12-18_183455_tube7_segmentationDebug\9_0501_0_segmented.tiff;3692.0;(79. 82);274.16652023792267;0.9039050067327702;68.56238326635255;0.6172238745698735;0.9119035759085208;695.4539465282846;0.9443134359237004;0.8272613807796685;0.8962993622577768;43.0;108.86108022128066;Alive;;;;;;;;;;;;;;;;;
3;Tube 8;1002020.0;;;;;;;;;;;;;;;;;;;;;;;;;;;;;;;;;;;1002020.0;0.0;202.0;False;F:\1612025mcf10_PTT\after laser\Analysis\2025-12-18_184355_tube8_cropped_8bits\10_0202_0_8bits.tiff;F:\1612025mcf10_PTT\after laser\Analysis\2025-12-18_184355_tube8_segmentationDebug\10_0202_0_segmented.tiff;2267.0;(60. 83);198.16652023792267;0.9383278145695364;53.72554371911571;0.725438862546619;0.7509647017635309;365.447694057994;0.9678218468342676;0.887382162296676;0.9055729527214864;42.0;91.16425725989217;Alive;;;;;;;;;;;;;;;;;
3;Tube 8;1102050.0;;;;;;;;;;;;;;;;;;;;;;;;;;;;;;;;;;;1102050.0;0.0;205.0;False;F:\1612025mcf10_PTT\after laser\Analysis\2025-12-18_184355_tube8_cropped_8bits\11_0205_0_8bits.tiff;F:\1612025mcf10_PTT\after laser\Analysis\2025-12-18_184355_tube8_segmentationDebug\11_0205_0_segmented.tiff;2486.0;(68. 81);199.1959582567215;0.9591049382716048;56.260763487635096;0.78731757091667;0.8494075387380415;284.05103949527904;0.969744966442953;0.88344807593896;0.934534528532723;43.0;94.31736602806829;Alive;;;;;;;;;;;;;;;;;
3;Tube 8;1202080.0;;;;;;;;;;;;;;;;;;;;;;;;;;;;;;;;;;;1202080.0;0.0;208.0;False;F:\1612025mcf10_PTT\after laser\Analysis\2025-12-18_184355_tube8_cropped_8bits\12_0208_0_8bits.tiff;F:\1612025mcf10_PTT\after laser\Analysis\2025-12-18_184355_tube8_segmentationDebug\12_0208_0_segmented.tiff;2467.0;(83. 75);203.19595789909363;0.9446678154317442;56.04535624707587;0.7508425649694063;0.9008846096893404;383.17627625437626;0.9674755607136184;0.8840119584435785;0.9293930401726844;41.0;101.72717163328218;Alive;;;;;;;;;;;;;;;;;
3;Tube 8;1402140.0;;;;;;;;;;;;;;;;;;;;;;;;;;;;;;;;;;;1402140.0;0.0;214.0;False;F:\1612025mcf10_PTT\after laser\Analysis\2025-12-18_184355_tube8_cropped_8bits\14_0214_0_8bits.tiff;F:\1612025mcf10_PTT\after laser\Analysis\2025-12-18_184355_tube8_segmentationDebug\14_0214_0_segmented.tiff;2213.5;(76. 73);189.15432798862457;0.9506119819626369;53.08781152271473;0.7774219972865442;0.852186147809045;308.3692584862083;0.9684763325079156;0.895266522634436;0.9229170527909284;46.0;100.86006672203375;Alive;;;;;;;;;;;;;;;;;
3;Tube 8;1502170.0;;;;;;;;;;;;;;;;;;;;;;;;;;;;;;;;;;;1502170.0;0.0;217.0;False;F:\1612025mcf10_PTT\after laser\Analysis\2025-12-18_184355_tube8_cropped_8bits\15_0217_0_8bits.tiff;F:\1612025mcf10_PTT\after laser\Analysis\2025-12-18_184355_tube8_segmentationDebug\15_0217_0_segmented.tiff;2320.5;(84. 80);199.78174483776093;0.9213817748659916;54.35579420409516;0.7306002780282662;0.8541782010958185;310.92465104084727;0.9626813189939916;0.890230060507059;0.9211102905368896;47.0;78.07885587196125;Alive;;;;;;;;;;;;;;;;;
3;Tube 8;1602210.0;;;;;;;;;;;;;;;;;;;;;;;;;;;;;;;;;;;1602210.0;0.0;221.0;False;F:\1612025mcf10_PTT\after laser\Analysis\2025-12-18_184355_tube8_cropped_8bits\16_0221_0_8bits.tiff;F:\1612025mcf10_PTT\after laser\Analysis\2025-12-18_184355_tube8_segmentationDebug\16_0221_0_segmented.tiff;2333.0;(63. 74);196.8528118133545;0.9337602561536922;54.50199865938069;0.7565564839782789;0.8191647861174838;324.21872316888584;0.9588761460297188;0.8894000359595714;0.9122156419585952;43.0;89.4300474373953;Alive;;;;;;;;;;;;;;;;;
3;Tube 8;1704240.0;;;;;;;;;;;;;;;;;;;;;;;;;;;;;;;;;;;1704240.0;0.0;424.0;False;F:\1612025mcf10_PTT\after laser\Analysis\2025-12-18_184355_tube8_cropped_8bits\17_0424_0_8bits.tiff;F:\1612025mcf10_PTT\after laser\Analysis\2025-12-18_184355_tube8_segmentationDebug\17_0424_0_segmented.tiff;2518.5;(77. 73);227.09545242786407;0.901395848246242;56.62732373523851;0.6136700724170182;0.9297674107761436;351.80078920361234;0.9520831023011836;0.8801648664503074;0.912707876697062;44.0;116.34971354569896;Alive;;;;;;;;;;;;;;;;;
3;Tube 8;1806240.0;;;;;;;;;;;;;;;;;;;;;;;;;;;;;;;;;;;1806240.0;0.0;624.0;False;F:\1612025mcf10_PTT\after laser\Analysis\2025-12-18_184355_tube8_cropped_8bits\18_0624_0_8bits.tiff;F:\1612025mcf10_PTT\after laser\Analysis\2025-12-18_184355_tube8_segmentationDebug\18_0624_0_segmented.tiff;2542.5;(67. 77);214.95331752300265;0.9314892837516028;56.89649850816086;0.6914846137881238;0.8845840298321771;353.21959684805006;0.9499521034472476;0.879587948750098;0.9149471851061788;42.0;92.30725918835601;Alive;;;;;;;;;;;;;;;;;
3;Tube 8;1910240.0;;;;;;;;;;;;;;;;;;;;;;;;;;;;;;;;;;;1910240.0;0.0;1024.0;False;F:\1612025mcf10_PTT\after laser\Analysis\2025-12-18_184355_tube8_cropped_8bits\19_1024_0_8bits.tiff;F:\1612025mcf10_PTT\after laser\Analysis\2025-12-18_184355_tube8_segmentationDebug\19_1024_0_segmented.tiff;2667.5;(64. 78);220.7523069381714;0.9222126188418324;58.27835349064905;0.6878659159664988;0.8911725679708706;479.7824524740767;0.957620984706654;0.8740416186070661;0.9136750879411478;42.0;96.44571444658717;Alive;;;;;;;;;;;;;;;;;
3;Tube 8;2013240.0;;;;;;;;;;;;;;;;;;;;;;;;;;;;;;;;;;;2013240.0;0.0;1324.0;False;F:\1612025mcf10_PTT\after laser\Analysis\2025-12-18_184355_tube8_cropped_8bits\20_1324_0_8bits.tiff;F:\1612025mcf10_PTT\after laser\Analysis\2025-12-18_184355_tube8_segmentationDebug\20_1324_0_segmented.tiff;2047.0;(61. 78);182.16652131080627;0.9487833140208576;51.052143422905154;0.7751586123982394;0.9581801781713454;331.6554706808106;0.9628074548598828;0.902611773772931;0.9144134797054267;48.0;102.67310426373503;Alive;;;;;;;;;;;;;;;;;
3;Tube 8;205050.0;;;;;;;;;;;;;;;;;;;;;;;;;;;;;;;;;;;205050.0;0.0;505.0;False;F:\1612025mcf10_PTT\after laser\Analysis\2025-12-18_184355_tube8_cropped_8bits\2_0505_0_8bits.tiff;F:\1612025mcf10_PTT\after laser\Analysis\2025-12-18_184355_tube8_segmentationDebug\2_0505_0_segmented.tiff;2633.5;(87. 74);197.7817441225052;0.9728481714074622;57.905753954680975;0.8460008161086927;0.8752343542992128;404.6729453785172;0.9605335300984728;0.8762830591537021;0.93106564469458;37.0;88.16880393012485;Alive;;;;;;;;;;;;;;;;;
3;Tube 8;308050.0;;;;;;;;;;;;;;;;;;;;;;;;;;;;;;;;;;;308050.0;0.0;805.0;False;F:\1612025mcf10_PTT\after laser\Analysis\2025-12-18_184355_tube8_cropped_8bits\3_0805_0_8bits.tiff;F:\1612025mcf10_PTT\after laser\Analysis\2025-12-18_184355_tube8_segmentationDebug\3_0805_0_segmented.tiff;2643.5;(72. 76);213.9238798618317;0.9319583994359244;58.01559046073221;0.7258897191558308;0.881197119722888;505.908945503084;0.9582564901443702;0.875460973704847;0.9168766687133408;37.0;107.2451119775904;Alive;;;;;;;;;;;;;;;;;
3;Tube 8;411050.0;;;;;;;;;;;;;;;;;;;;;;;;;;;;;;;;;;;411050.0;0.0;1105.0;False;F:\1612025mcf10_PTT\after laser\Analysis\2025-12-18_184355_tube8_cropped_8bits\4_1105_0_8bits.tiff;F:\1612025mcf10_PTT\after laser\Analysis\2025-12-18_184355_tube8_segmentationDebug\4_1105_0_segmented.tiff;2400.5;(77. 77);214.61017179489136;0.9085919757759272;55.28482185136132;0.6549542579855744;0.941530474670689;417.8777967093531;0.961651686853424;0.8862432554823948;0.918541269165076;37.0;102.83075970214382;Alive;;;;;;;;;;;;;;;;;
3;Tube 8;514050.0;;;;;;;;;;;;;;;;;;;;;;;;;;;;;;;;;;;514050.0;0.0;1405.0;False;F:\1612025mcf10_PTT\after laser\Analysis\2025-12-18_184355_tube8_cropped_8bits\5_1405_0_8bits.tiff;F:\1612025mcf10_PTT\after laser\Analysis\2025-12-18_184355_tube8_segmentationDebug\5_1405_0_segmented.tiff;2584.0;(74. 66);257.6812387704849;0.8178509257793954;57.3589660262078;0.489031432247502;0.7247732569034161;449.5514479673941;0.9503562653910858;0.8760429555411396;0.9008965251167884;37.0;104.5649695246407;Alive;;;;;;;;;;;;;;;;;
3;Tube 8;615020.0;;;;;;;;;;;;;;;;;;;;;;;;;;;;;;;;;;;615020.0;0.0;1502.0;False;F:\1612025mcf10_PTT\after laser\Analysis\2025-12-18_184355_tube8_cropped_8bits\6_1502_0_8bits.tiff;F:\1612025mcf10_PTT\after laser\Analysis\2025-12-18_184355_tube8_segmentationDebug\6_1502_0_segmented.tiff;2834.0;(72. 70);390.7939367294312;0.6782338159626661;60.06963350795018;0.2331922302955885;0.606057137951646;405.5047951736062;0.9445465113447744;0.8608411353580928;0.8968357557046176;37.0;102.2001379485086;Alive;;;;;;;;;;;;;;;;;
3;Tube 8;712010.0;;;;;;;;;;;;;;;;;;;;;;;;;;;;;;;;;;;712010.0;0.0;1201.0;False;F:\1612025mcf10_PTT\after laser\Analysis\2025-12-18_184355_tube8_cropped_8bits\7_1201_0_8bits.tiff;F:\1612025mcf10_PTT\after laser\Analysis\2025-12-18_184355_tube8_segmentationDebug\7_1201_0_segmented.tiff;2787.0;(75. 75);208.16652011871335;0.961365988271818;59.56944360304953;0.8082115791491479;0.8701218746683173;431.3519363393471;0.9711079393037544;0.8704081139454094;0.9451015263400512;42.0;87.38052673808082;Alive;;;;;;;;;;;;;;;;;
3;Tube 8;809010.0;;;;;;;;;;;;;;;;;;;;;;;;;;;;;;;;;;;809010.0;0.0;901.0;False;F:\1612025mcf10_PTT\after laser\Analysis\2025-12-18_184355_tube8_cropped_8bits\8_0901_0_8bits.tiff;F:\1612025mcf10_PTT\after laser\Analysis\2025-12-18_184355_tube8_segmentationDebug\8_0901_0_segmented.tiff;3174.0;(64. 70);261.3380935192108;0.8847386759581881;63.57092350272573;0.5839979858942169;0.8553018486488257;485.2766254910848;0.9502530965476088;0.8507410270357267;0.9120330260962944;44.0;99.7958925127743;Alive;;;;;;;;;;;;;;;;;
3;Tube 8;905010.0;;;;;;;;;;;;;;;;;;;;;;;;;;;;;;;;;;;905010.0;0.0;501.0;False;F:\1612025mcf10_PTT\after laser\Analysis\2025-12-18_184355_tube8_cropped_8bits\9_0501_0_8bits.tiff;F:\1612025mcf10_PTT\after laser\Analysis\2025-12-18_184355_tube8_segmentationDebug\9_0501_0_segmented.tiff;2596.0;(80. 70);204.8528115749359;0.945719489981785;57.49199820959855;0.7773752226940008;0.8665370814075973;413.5825516861928;0.956944925732924;0.877544991084141;0.910193818351157;41.0;94.31736602806829;Alive;;;;;;;;;;;;;;;;;
