Experiment ID;Sheet;merge_number;Name_day1;Index_day1;Wells_day1;multiple_day1;Path 8bcrop_day1;Path segmented_day1;Area (um2)_day1;Centroid_day1;Perimeter (pix)_day1;Solidity_day1;Equivalent Diameter (pix)_day1;Circularity_day1;Aspect ratio_day1;Mean grey value_day1;Homogeneity_day1;Energy_day1;Correlation_day1;Name_day2;Index_day2;Wells_day2;multiple_day2;Path 8bcrop_day2;Path segmented_day2;Area (um2)_day2;Centroid_day2;Perimeter (pix)_day2;Solidity_day2;Equivalent Diameter (pix)_day2;Circularity_day2;Aspect ratio_day2;Mean grey value_day2;Homogeneity_day2;Energy_day2;Correlation_day2;Normalised alb_day2;Max temp (°C)_day2;Label_day2;Name_delta;Index_delta;Wells_delta;multiple_delta;Path 8bcrop_delta;Path segmented_delta;Area (um2)_delta;Centroid_delta;Perimeter (pix)_delta;Solidity_delta;Equivalent Diameter (pix)_delta;Circularity_delta;Aspect ratio_delta;Mean grey value_delta;Homogeneity_delta;Energy_delta;Correlation_delta
1;Tube 1;1002020.0;1002020.0;0.0;202.0;False;G:\Experiments\PTT\Spheroids\01072025_mcf7\0307 before laser\Analysis\2025-07-03_100539_tube1_cropped_8bits2\10_0202_0_8bits.tiff;G:\Experiments\PTT\Spheroids\01072025_mcf7\0307 before laser\Analysis\2025-07-03_100539_tube1_segmentationDebug2\10_0202_0_segmented.tiff;484.0;(90. 82);94.769551873207;0.878402903811252;24.8243416761012;0.67720097016537;0.97177841593098;141.023285418544;0.991134301673898;0.975190758852043;0.929096729602184;;;;;;;;;;;;;;;;;;;;;;;;;;;;;;;;;;;;;
1;Tube 1;1002020.0;1002020.0;1.0;202.0;False;G:\Experiments\PTT\Spheroids\01072025_mcf7\0307 before laser\Analysis\2025-07-03_100539_tube1_cropped_8bits2\10_0202_0_8bits.tiff;G:\Experiments\PTT\Spheroids\01072025_mcf7\0307 before laser\Analysis\2025-07-03_100539_tube1_segmentationDebug2\10_0202_0_segmented.tiff;1165.0;(48. 74);137.396968364715;0.947539650264335;38.5139464300461;0.775499440749724;0.971412265574466;295.447907585004;0.979237635765073;0.9433667369928;0.921801682615;;;;;;;;;;;;;;;;;;;;;;;;;;;;;;;;;;;;;
1;Tube 1;1002040.0;;;;;;;;;;;;;;;;;;1002040.0;0.0;204.0;False;E:\Experiments\PTT\Spheroids\01072025_mcf7\0307 after\Analysis\2025-07-03_150150_tube1_cropped_8bits\10_0204_0_8bits.tiff;E:\Experiments\PTT\Spheroids\01072025_mcf7\0307 after\Analysis\2025-07-03_150150_tube1_segmentationDebug\10_0204_0_segmented.tiff;1821.0;(79. 70);197.53910326957703;0.8876431879112844;48.15152345422449;0.5864265898218066;0.6447769250883325;411.5470548721057;0.9609750329320824;0.9122573973110856;0.9386038669128982;;;Dead;;;;;;;;;;;;;;;;;
1;Tube 1;105050.0;105050.0;0.0;505.0;False;G:\Experiments\PTT\Spheroids\01072025_mcf7\0307 before laser\Analysis\2025-07-03_100539_tube1_cropped_8bits2\1_0505_0_8bits.tiff;G:\Experiments\PTT\Spheroids\01072025_mcf7\0307 before laser\Analysis\2025-07-03_100539_tube1_segmentationDebug2\1_0505_0_segmented.tiff;2442.5;(76. 77);217.095452666282;0.919615963855421;55.766366100147;0.651242872157238;0.660136278929888;548.080757227967;0.950665315628766;0.883532627897155;0.925779067524642;;;;;;;;;;;;;;;;;;;;;;;;;;;;;;;;;;;;;
1;Tube 1;106050.0;;;;;;;;;;;;;;;;;;106050.0;0.0;605.0;False;E:\Experiments\PTT\Spheroids\01072025_mcf7\0307 after\Analysis\2025-07-03_150150_tube1_cropped_8bits\1_0605_0_8bits.tiff;E:\Experiments\PTT\Spheroids\01072025_mcf7\0307 after\Analysis\2025-07-03_150150_tube1_segmentationDebug\1_0605_0_segmented.tiff;2263.5;(72. 82);210.1248904466629;0.9227476559315124;53.68405451815316;0.6442217197092468;0.6312542156428222;523.8912165545535;0.9504613961661962;0.8924116228354863;0.9386660818302692;;;Dead;;;;;;;;;;;;;;;;;
1;Tube 1;1102050.0;1102050.0;0.0;205.0;False;G:\Experiments\PTT\Spheroids\01072025_mcf7\0307 before laser\Analysis\2025-07-03_100539_tube1_cropped_8bits2\11_0205_0_8bits.tiff;G:\Experiments\PTT\Spheroids\01072025_mcf7\0307 before laser\Analysis\2025-07-03_100539_tube1_segmentationDebug2\11_0205_0_segmented.tiff;1147.0;(64. 64);134.083260297775;0.95503746877602;38.2152555638613;0.801722660393906;0.875429617087416;425.358234426411;0.983909014836452;0.944190344217117;0.936761452110941;;;;;;;;;;;;;;;;;;;;;;;;;;;;;;;;;;;;;
1;Tube 1;1102060.0;;;;;;;;;;;;;;;;;;1102060.0;0.0;206.0;False;E:\Experiments\PTT\Spheroids\01072025_mcf7\0307 after\Analysis\2025-07-03_150150_tube1_cropped_8bits\11_0206_0_8bits.tiff;E:\Experiments\PTT\Spheroids\01072025_mcf7\0307 after\Analysis\2025-07-03_150150_tube1_segmentationDebug\11_0206_0_segmented.tiff;1539.5;(68. 67);211.78174424171448;0.7695576105973506;44.27360702630613;0.4313328307363278;0.6680820256001604;360.45896415080847;0.966667929547708;0.9242758825379058;0.9225229104001338;;;Dead;;;;;;;;;;;;;;;;;
1;Tube 1;1202080.0;1202080.0;0.0;208.0;False;G:\Experiments\PTT\Spheroids\01072025_mcf7\0307 before laser\Analysis\2025-07-03_100539_tube1_cropped_8bits2\12_0208_0_8bits.tiff;G:\Experiments\PTT\Spheroids\01072025_mcf7\0307 before laser\Analysis\2025-07-03_100539_tube1_segmentationDebug2\12_0208_0_segmented.tiff;1299.5;(78. 90);176.468036055564;0.826391096979332;40.6764647970216;0.524389567621017;0.66429812920911;178.860811755759;0.973085785598425;0.936205387136387;0.934759059897371;;;;;;;;;;;;;;;;;;;;;;;;;;;;;;;;;;;;;
1;Tube 1;1202090.0;;;;;;;;;;;;;;;;;;1202090.0;0.0;209.0;False;E:\Experiments\PTT\Spheroids\01072025_mcf7\0307 after\Analysis\2025-07-03_150150_tube1_cropped_8bits\12_0209_0_8bits.tiff;E:\Experiments\PTT\Spheroids\01072025_mcf7\0307 after\Analysis\2025-07-03_150150_tube1_segmentationDebug\12_0209_0_segmented.tiff;1282.5;(76. 69);174.46803641319275;0.8236994219653179;40.40952506678155;0.5294628479090414;0.6770880267432395;345.6582495702471;0.976209531235508;0.9369627525871812;0.9351909958016033;;;Dead;;;;;;;;;;;;;;;;;
1;Tube 1;1402140.0;1402140.0;0.0;214.0;False;G:\Experiments\PTT\Spheroids\01072025_mcf7\0307 before laser\Analysis\2025-07-03_100539_tube1_cropped_8bits2\14_0214_0_8bits.tiff;G:\Experiments\PTT\Spheroids\01072025_mcf7\0307 before laser\Analysis\2025-07-03_100539_tube1_segmentationDebug2\14_0214_0_segmented.tiff;1532.5;(72. 74);158.811182022094;0.942207193359975;44.1728378339748;0.763568828750681;0.674599433378785;352.895725034199;0.969466863317032;0.926624895618938;0.949829069046203;;;;;;;;;;;;;;;;;;;;;;;;;;;;;;;;;;;;;
1;Tube 1;1402150.0;;;;;;;;;;;;;;;;;;1402150.0;0.0;215.0;False;E:\Experiments\PTT\Spheroids\01072025_mcf7\0307 after\Analysis\2025-07-03_150150_tube1_cropped_8bits\14_0215_0_8bits.tiff;E:\Experiments\PTT\Spheroids\01072025_mcf7\0307 after\Analysis\2025-07-03_150150_tube1_segmentationDebug\14_0215_0_segmented.tiff;1546.0;(74. 79);175.88224983215332;0.9004076878276063;44.36697348434488;0.6280226815408732;0.6856283839835139;414.6532757139719;0.967693068236426;0.925314788124318;0.9331490989142064;;;Dead;;;;;;;;;;;;;;;;;
1;Tube 1;1502170.0;1502170.0;0.0;217.0;False;G:\Experiments\PTT\Spheroids\01072025_mcf7\0307 before laser\Analysis\2025-07-03_100539_tube1_cropped_8bits2\15_0217_0_8bits.tiff;G:\Experiments\PTT\Spheroids\01072025_mcf7\0307 before laser\Analysis\2025-07-03_100539_tube1_segmentationDebug2\15_0217_0_segmented.tiff;995.0;(112. 74);130.225395917892;0.920018492834026;35.5931643298469;0.737295480615995;0.890511909448848;771.23747451611;0.991212092629542;0.95151269169904;0.921577975448044;;;;;;;;;;;;;;;;;;;;;;;;;;;;;;;;;;;;;
1;Tube 1;1502180.0;;;;;;;;;;;;;;;;;;1502180.0;0.0;218.0;False;E:\Experiments\PTT\Spheroids\01072025_mcf7\0307 after\Analysis\2025-07-03_150150_tube1_cropped_8bits\15_0218_0_8bits.tiff;E:\Experiments\PTT\Spheroids\01072025_mcf7\0307 after\Analysis\2025-07-03_150150_tube1_segmentationDebug\15_0218_0_segmented.tiff;945.5;(78. 76);138.32590067386627;0.8650503202195792;34.696512642441405;0.6209610844008212;0.8063423632918598;391.2345213932172;0.9765103042102417;0.9530120411163436;0.9215843570705156;;;Dead;;;;;;;;;;;;;;;;;
1;Tube 1;1602200.0;1602200.0;0.0;220.0;False;G:\Experiments\PTT\Spheroids\01072025_mcf7\0307 before laser\Analysis\2025-07-03_100539_tube1_cropped_8bits2\16_0220_0_8bits.tiff;G:\Experiments\PTT\Spheroids\01072025_mcf7\0307 before laser\Analysis\2025-07-03_100539_tube1_segmentationDebug2\16_0220_0_segmented.tiff;960.0;(69. 79);123.740114808082;0.949554896142433;34.9615497789465;0.78787998469691;0.948595715442545;360.830957728926;0.978939428125389;0.952930356233843;0.922991334879899;;;;;;;;;;;;;;;;;;;;;;;;;;;;;;;;;;;;;
1;Tube 1;1602210.0;;;;;;;;;;;;;;;;;;1602210.0;0.0;221.0;False;E:\Experiments\PTT\Spheroids\01072025_mcf7\0307 after\Analysis\2025-07-03_150150_tube1_cropped_8bits\16_0221_0_8bits.tiff;E:\Experiments\PTT\Spheroids\01072025_mcf7\0307 after\Analysis\2025-07-03_150150_tube1_segmentationDebug\16_0221_0_segmented.tiff;976.5;(66. 69);123.15432798862456;0.9550122249388752;35.26072057451303;0.8090637705063759;0.8785351890662368;357.97684051995134;0.9754268244277644;0.9522893107976924;0.9167853562974344;;;Dead;;;;;;;;;;;;;;;;;
1;Tube 1;1702220.0;1702220.0;0.0;222.0;False;G:\Experiments\PTT\Spheroids\01072025_mcf7\0307 before laser\Analysis\2025-07-03_100539_tube1_cropped_8bits2\17_0222_0_8bits.tiff;G:\Experiments\PTT\Spheroids\01072025_mcf7\0307 before laser\Analysis\2025-07-03_100539_tube1_segmentationDebug2\17_0222_0_segmented.tiff;744.0;(88. 56);116.083260416984;0.918518518518518;30.7780802078843;0.693814871444331;0.947163451751642;120.09368872549;0.98585607176688;0.962895725720378;0.924811621831249;;;;;;;;;;;;;;;;;;;;;;;;;;;;;;;;;;;;;
1;Tube 1;1703240.0;;;;;;;;;;;;;;;;;;1703240.0;0.0;324.0;False;E:\Experiments\PTT\Spheroids\01072025_mcf7\0307 after\Analysis\2025-07-03_150150_tube1_cropped_8bits\17_0324_0_8bits.tiff;E:\Experiments\PTT\Spheroids\01072025_mcf7\0307 after\Analysis\2025-07-03_150150_tube1_segmentationDebug\17_0324_0_segmented.tiff;632.5;(74. 103);101.0121923685074;0.9301470588235294;28.37823130579125;0.7789737080496523;0.9900078866896412;276.4145998212748;0.9832578736824724;0.968336798706277;0.9215838046878164;;;Dead;;;;;;;;;;;;;;;;;
1;Tube 1;1703240.0;;;;;;;;;;;;;;;;;;1703240.0;1.0;324.0;False;E:\Experiments\PTT\Spheroids\01072025_mcf7\0307 after\Analysis\2025-07-03_150150_tube1_cropped_8bits\17_0324_0_8bits.tiff;E:\Experiments\PTT\Spheroids\01072025_mcf7\0307 after\Analysis\2025-07-03_150150_tube1_segmentationDebug\17_0324_0_segmented.tiff;858.5;(76. 39);139.15432786941528;0.8387884709330727;33.06170215150964;0.5571302345874685;0.8468924599138554;517.3526528714508;0.9787630909230562;0.95711347719529;0.9170834797560612;;;Dead;;;;;;;;;;;;;;;;;
1;Tube 1;1805240.0;1805240.0;0.0;524.0;False;G:\Experiments\PTT\Spheroids\01072025_mcf7\0307 before laser\Analysis\2025-07-03_100539_tube1_cropped_8bits2\18_0524_0_8bits.tiff;G:\Experiments\PTT\Spheroids\01072025_mcf7\0307 before laser\Analysis\2025-07-03_100539_tube1_segmentationDebug2\18_0524_0_segmented.tiff;995.5;(75. 72);147.982754945755;0.85450643776824;35.6021062127489;0.571253550084559;0.873711776006078;203.77892804392;0.974497585009497;0.950456556145618;0.918588635665315;;;;;;;;;;;;;;;;;;;;;;;;;;;;;;;;;;;;;
1;Tube 1;1806240.0;;;;;;;;;;;;;;;;;;1806240.0;0.0;624.0;False;E:\Experiments\PTT\Spheroids\01072025_mcf7\0307 after\Analysis\2025-07-03_150150_tube1_cropped_8bits\18_0624_0_8bits.tiff;E:\Experiments\PTT\Spheroids\01072025_mcf7\0307 after\Analysis\2025-07-03_150150_tube1_segmentationDebug\18_0624_0_segmented.tiff;986.5;(73. 77);134.32590067386627;0.906293063849334;35.44080714206772;0.6870485558795282;0.8535942597258436;189.49837801087824;0.9756585575560152;0.9513490758581996;0.927418174251646;;;Dead;;;;;;;;;;;;;;;;;
1;Tube 1;208050.0;208050.0;0.0;805.0;False;G:\Experiments\PTT\Spheroids\01072025_mcf7\0307 before laser\Analysis\2025-07-03_100539_tube1_cropped_8bits2\2_0805_0_8bits.tiff;G:\Experiments\PTT\Spheroids\01072025_mcf7\0307 before laser\Analysis\2025-07-03_100539_tube1_segmentationDebug2\2_0805_0_segmented.tiff;1727.5;(74. 83);168.468036293983;0.946056955093099;46.8990545057146;0.764879273662289;0.906885337158769;427.458690841422;0.964567146820696;0.917231746039421;0.936639150139834;;;;;;;;;;;;;;;;;;;;;;;;;;;;;;;;;;;;;
1;Tube 1;209050.0;;;;;;;;;;;;;;;;;;209050.0;0.0;905.0;False;E:\Experiments\PTT\Spheroids\01072025_mcf7\0307 after\Analysis\2025-07-03_150150_tube1_cropped_8bits\2_0905_0_8bits.tiff;E:\Experiments\PTT\Spheroids\01072025_mcf7\0307 after\Analysis\2025-07-03_150150_tube1_segmentationDebug\2_0905_0_segmented.tiff;1648.5;(71. 73);172.12488996982574;0.9140560022179096;45.8141396240933;0.6992161716455066;0.9774843843038428;364.0473733270769;0.9635272843492596;0.9205958779050378;0.93244075141535;;;Dead;;;;;;;;;;;;;;;;;
1;Tube 1;311050.0;311050.0;0.0;1105.0;False;G:\Experiments\PTT\Spheroids\01072025_mcf7\0307 before laser\Analysis\2025-07-03_100539_tube1_cropped_8bits2\3_1105_0_8bits.tiff;G:\Experiments\PTT\Spheroids\01072025_mcf7\0307 before laser\Analysis\2025-07-03_100539_tube1_segmentationDebug2\3_1105_0_segmented.tiff;404.0;(61. 126);103.455843687057;0.803180914512922;22.6801405655477;0.474330635917222;0.659721028595548;318.70500504946;0.987360189150929;0.978350538475964;0.885244366907634;;;;;;;;;;;;;;;;;;;;;;;;;;;;;;;;;;;;;
1;Tube 1;311050.0;311050.0;1.0;1105.0;False;G:\Experiments\PTT\Spheroids\01072025_mcf7\0307 before laser\Analysis\2025-07-03_100539_tube1_cropped_8bits2\3_1105_0_8bits.tiff;G:\Experiments\PTT\Spheroids\01072025_mcf7\0307 before laser\Analysis\2025-07-03_100539_tube1_segmentationDebug2\3_1105_0_segmented.tiff;1750.0;(76. 65);168.710676908493;0.948509485094851;47.2034871941314;0.772614361914421;0.953132305229374;295.089408400507;0.960237327096823;0.916106731895762;0.932042597836204;;;;;;;;;;;;;;;;;;;;;;;;;;;;;;;;;;;;;
1;Tube 1;312050.0;;;;;;;;;;;;;;;;;;312050.0;0.0;1205.0;False;E:\Experiments\PTT\Spheroids\01072025_mcf7\0307 after\Analysis\2025-07-03_150150_tube1_cropped_8bits\3_1205_0_8bits.tiff;E:\Experiments\PTT\Spheroids\01072025_mcf7\0307 after\Analysis\2025-07-03_150150_tube1_segmentationDebug\3_1205_0_segmented.tiff;389.0;(58. 134);99.4558436870575;0.7850655903128153;22.255115881567058;0.4941955763201047;0.6517448688754304;164.67728096676728;0.9899927350862427;0.979157081833305;0.8978802382004231;;;Dead;;;;;;;;;;;;;;;;;
1;Tube 1;312050.0;;;;;;;;;;;;;;;;;;312050.0;1.0;1205.0;False;E:\Experiments\PTT\Spheroids\01072025_mcf7\0307 after\Analysis\2025-07-03_150150_tube1_cropped_8bits\3_1205_0_8bits.tiff;E:\Experiments\PTT\Spheroids\01072025_mcf7\0307 after\Analysis\2025-07-03_150150_tube1_segmentationDebug\3_1205_0_segmented.tiff;1832.0;(75. 71);192.02438509464264;0.8925700365408039;48.296737425573774;0.6243420229154067;0.7748032442999425;374.76511713270656;0.9702203680817818;0.9117309646771428;0.9382832229280276;;;Dead;;;;;;;;;;;;;;;;;
1;Tube 1;414050.0;414050.0;0.0;1405.0;False;G:\Experiments\PTT\Spheroids\01072025_mcf7\0307 before laser\Analysis\2025-07-03_100539_tube1_cropped_8bits2\4_1405_0_8bits.tiff;G:\Experiments\PTT\Spheroids\01072025_mcf7\0307 before laser\Analysis\2025-07-03_100539_tube1_segmentationDebug2\4_1405_0_segmented.tiff;1354.0;(74. 120);150.911687254905;0.927397260273972;41.5206736887952;0.747106954211812;0.814956121555631;935.774029340349;0.969035197234643;0.934390432117671;0.910653758825048;;;;;;;;;;;;;;;;;;;;;;;;;;;;;;;;;;;;;
1;Tube 1;414050.0;414050.0;1.0;1405.0;False;G:\Experiments\PTT\Spheroids\01072025_mcf7\0307 before laser\Analysis\2025-07-03_100539_tube1_cropped_8bits2\4_1405_0_8bits.tiff;G:\Experiments\PTT\Spheroids\01072025_mcf7\0307 before laser\Analysis\2025-07-03_100539_tube1_segmentationDebug2\4_1405_0_segmented.tiff;656.5;(79. 34);99.8406195640564;0.952830188679245;28.9116198286888;0.827618251661481;0.90025451683224;158.602709932251;0.984388573891246;0.967314375335753;0.929372332385412;;;;;;;;;;;;;;;;;;;;;;;;;;;;;;;;;;;;;
1;Tube 1;415040.0;;;;;;;;;;;;;;;;;;415040.0;0.0;1504.0;True;E:\Experiments\PTT\Spheroids\01072025_mcf7\0307 after\Analysis\2025-07-03_150150_tube1_cropped_8bits\4_1504_0_8bits.tiff;E:\Experiments\PTT\Spheroids\01072025_mcf7\0307 after\Analysis\2025-07-03_150150_tube1_segmentationDebug\4_1504_0_segmented.tiff;1243.0;(71. 75);172.56854152679443;0.8328308207705193;39.7823673768393;0.5245147859438292;0.8344351631429501;845.2401496036903;0.9695955553896032;0.938670561919752;0.8985677283644914;;;Dead;;;;;;;;;;;;;;;;;
1;Tube 1;415041.0;;;;;;;;;;;;;;;;;;415041.0;0.0;1504.0;True;E:\Experiments\PTT\Spheroids\01072025_mcf7\0307 after\Analysis\2025-07-03_150150_tube1_cropped_8bits\4_1504_1_8bits.tiff;E:\Experiments\PTT\Spheroids\01072025_mcf7\0307 after\Analysis\2025-07-03_150150_tube1_segmentationDebug\4_1504_1_segmented.tiff;691.5;(41. 102);111.3553385734558;0.9110671936758892;29.672295920342343;0.700777199256502;0.753470966437131;350.57544178564603;0.9830747878435676;0.965256587061864;0.9149682396294864;;;Dead;;;;;;;;;;;;;;;;;
1;Tube 1;415041.0;;;;;;;;;;;;;;;;;;415041.0;1.0;1504.0;True;E:\Experiments\PTT\Spheroids\01072025_mcf7\0307 after\Analysis\2025-07-03_150150_tube1_cropped_8bits\4_1504_1_8bits.tiff;E:\Experiments\PTT\Spheroids\01072025_mcf7\0307 after\Analysis\2025-07-03_150150_tube1_segmentationDebug\4_1504_1_segmented.tiff;445.5;(101. 47);98.5269113779068;0.8181818181818182;23.816553427805523;0.5766971895165668;0.8648919399830759;394.1343355539973;0.987732226584306;0.9767860876687972;0.906750961905316;;;Dead;;;;;;;;;;;;;;;;;
1;Tube 1;514010.0;;;;;;;;;;;;;;;;;;514010.0;0.0;1401.0;False;E:\Experiments\PTT\Spheroids\01072025_mcf7\0307 after\Analysis\2025-07-03_150150_tube1_cropped_8bits\5_1401_0_8bits.tiff;E:\Experiments\PTT\Spheroids\01072025_mcf7\0307 after\Analysis\2025-07-03_150150_tube1_segmentationDebug\5_1401_0_segmented.tiff;1391.0;(73. 74);152.56854152679443;0.9304347826086956;42.084156243491584;0.7509430543499436;0.8737577058496948;429.4420576078289;0.969948361747736;0.9326636047561055;0.9286330349733044;;;Dead;;;;;;;;;;;;;;;;;
1;Tube 1;515020.0;515020.0;0.0;1502.0;False;G:\Experiments\PTT\Spheroids\01072025_mcf7\0307 before laser\Analysis\2025-07-03_100539_tube1_cropped_8bits2\5_1502_0_8bits.tiff;G:\Experiments\PTT\Spheroids\01072025_mcf7\0307 before laser\Analysis\2025-07-03_100539_tube1_segmentationDebug2\5_1502_0_segmented.tiff;1436.0;(73. 70);152.710676670074;0.950049619583195;42.7594666271656;0.77379425473015;0.850855152651039;444.370413160271;0.968705179552427;0.93067213445115;0.932382455468585;;;;;;;;;;;;;;;;;;;;;;;;;;;;;;;;;;;;;
1;Tube 1;611010.0;;;;;;;;;;;;;;;;;;611010.0;0.0;1101.0;False;E:\Experiments\PTT\Spheroids\01072025_mcf7\0307 after\Analysis\2025-07-03_150150_tube1_cropped_8bits\6_1101_0_8bits.tiff;E:\Experiments\PTT\Spheroids\01072025_mcf7\0307 after\Analysis\2025-07-03_150150_tube1_segmentationDebug\6_1101_0_segmented.tiff;1283.5;(71. 75);149.63960909843445;0.922385914480776;40.425276197789685;0.7202986602245589;0.933984128696783;299.663063677742;0.9685184086403508;0.9375898556267512;0.9219419695815778;;;Dead;;;;;;;;;;;;;;;;;
1;Tube 1;612010.0;612010.0;0.0;1201.0;False;G:\Experiments\PTT\Spheroids\01072025_mcf7\0307 before laser\Analysis\2025-07-03_100539_tube1_cropped_8bits2\6_1201_0_8bits.tiff;G:\Experiments\PTT\Spheroids\01072025_mcf7\0307 before laser\Analysis\2025-07-03_100539_tube1_segmentationDebug2\6_1201_0_segmented.tiff;1381.5;(79. 74);156.468035578727;0.921307102367455;41.9402006558341;0.709103278015991;0.948752838733525;277.103561147429;0.969854774188925;0.932881096452711;0.933465640260288;;;;;;;;;;;;;;;;;;;;;;;;;;;;;;;;;;;;;
1;Tube 1;709010.0;709010.0;0.0;901.0;False;G:\Experiments\PTT\Spheroids\01072025_mcf7\0307 before laser\Analysis\2025-07-03_100539_tube1_cropped_8bits2\7_0901_0_8bits.tiff;G:\Experiments\PTT\Spheroids\01072025_mcf7\0307 before laser\Analysis\2025-07-03_100539_tube1_segmentationDebug2\7_0901_0_segmented.tiff;1467.0;(88. 104);157.053822636604;0.932909379968203;43.2185424572194;0.747382552271587;0.954822797556195;404.91157799596;0.966381862735269;0.929283048629516;0.93044914441666;709010.0;1.0;901.0;False;E:\Experiments\PTT\Spheroids\01072025_mcf7\0307 after\Analysis\2025-07-03_150150_tube1_cropped_8bits\7_0901_0_8bits.tiff;E:\Experiments\PTT\Spheroids\01072025_mcf7\0307 after\Analysis\2025-07-03_150150_tube1_segmentationDebug\7_0901_0_segmented.tiff;1473.5;(56. 63);152.12489008903503;0.9602476376669924;43.31418323329279;0.8001279645172062;0.9240678014077331;375.6430092020328;0.9671644331683364;0.9289822736208644;0.92699487230197;;;Dead;0.0;1.0;0.0;;;;6.5;;-4.928932547568962;0.027338257698789392;0.09564077607338817;0.05274541224561924;-0.03075499614846189;-29.268568793927216;0.0007825704330673977;-0.00030077500865166584;-0.0034542721146900712
1;Tube 1;709010.0;709010.0;1.0;901.0;False;G:\Experiments\PTT\Spheroids\01072025_mcf7\0307 before laser\Analysis\2025-07-03_100539_tube1_cropped_8bits2\7_0901_0_8bits.tiff;G:\Experiments\PTT\Spheroids\01072025_mcf7\0307 before laser\Analysis\2025-07-03_100539_tube1_segmentationDebug2\7_0901_0_segmented.tiff;530.5;(46. 45);100.526911377906;0.873251028806584;25.9894897695588;0.659675832108832;0.896939029338295;324.955138141082;0.990013300032091;0.972863269997235;0.929081154908637;709010.0;1.0;901.0;False;E:\Experiments\PTT\Spheroids\01072025_mcf7\0307 after\Analysis\2025-07-03_150150_tube1_cropped_8bits\7_0901_0_8bits.tiff;E:\Experiments\PTT\Spheroids\01072025_mcf7\0307 after\Analysis\2025-07-03_150150_tube1_segmentationDebug\7_0901_0_segmented.tiff;1473.5;(56. 63);152.12489008903503;0.9602476376669924;43.31418323329279;0.8001279645172062;0.9240678014077331;375.6430092020328;0.9671644331683364;0.9289822736208644;0.92699487230197;;;Dead;0.0;0.0;0.0;;;;943.0;;51.59797871112903;0.08699660886040839;17.324693463733986;0.1404521324083743;0.0271287720694382;50.68787106095078;-0.022848866863754536;-0.04388099637637066;-0.0020862826066669893
1;Tube 1;806010.0;806010.0;0.0;601.0;False;G:\Experiments\PTT\Spheroids\01072025_mcf7\0307 before laser\Analysis\2025-07-03_100539_tube1_cropped_8bits2\8_0601_0_8bits.tiff;G:\Experiments\PTT\Spheroids\01072025_mcf7\0307 before laser\Analysis\2025-07-03_100539_tube1_segmentationDebug2\8_0601_0_segmented.tiff;1409.5;(86. 28);148.811181783676;0.957215619694397;42.3630869779837;0.799841277263679;0.946821371087489;327.361769370064;0.970393168774005;0.932090044049906;0.939856571191708;806010.0;0.0;601.0;False;E:\Experiments\PTT\Spheroids\01072025_mcf7\0307 after\Analysis\2025-07-03_150150_tube1_cropped_8bits\8_0601_0_8bits.tiff;E:\Experiments\PTT\Spheroids\01072025_mcf7\0307 after\Analysis\2025-07-03_150150_tube1_segmentationDebug\8_0601_0_segmented.tiff;1323.0;(74. 84);144.56854116916656;0.9559248554913294;41.04261099984527;0.7954668962771339;0.9471125684446164;337.6975210200819;0.9706133673087805;0.9360371253601804;0.9328636711999724;;;Dead;0.0;0.0;0.0;;;;-86.5;;-4.24264061450944;-0.001290764203067507;-1.3204759781384254;-0.00437438098654519;0.00029119735712745953;10.335751650017926;0.00022019853477539542;0.003947081310274325;-0.006992899991735579
1;Tube 1;903010.0;;;;;;;;;;;;;;;;;;903010.0;0.0;301.0;False;E:\Experiments\PTT\Spheroids\01072025_mcf7\0307 after\Analysis\2025-07-03_150150_tube1_cropped_8bits\9_0301_0_8bits.tiff;E:\Experiments\PTT\Spheroids\01072025_mcf7\0307 after\Analysis\2025-07-03_150150_tube1_segmentationDebug\9_0301_0_segmented.tiff;1069.5;(81. 82);133.15432822704315;0.9324324324324323;36.90162182200474;0.758018974925579;0.9434260665470108;448.5749423127636;0.9747452665124215;0.9476913603929332;0.91794251825468;;;Dead;;;;;;;;;;;;;;;;;
1;Tube 1;903010.0;;;;;;;;;;;;;;;;;;903010.0;1.0;301.0;False;E:\Experiments\PTT\Spheroids\01072025_mcf7\0307 after\Analysis\2025-07-03_150150_tube1_cropped_8bits\9_0301_0_8bits.tiff;E:\Experiments\PTT\Spheroids\01072025_mcf7\0307 after\Analysis\2025-07-03_150150_tube1_segmentationDebug\9_0301_0_segmented.tiff;408.5;(101. 21);85.35533845424652;0.9087875417130143;22.80610343799032;0.7045966067862192;0.8373576598002236;516.0670061779631;0.9895179245760568;0.9787115411847404;0.9033870011824155;;;Dead;;;;;;;;;;;;;;;;;
1;Tube 1;904010.0;904010.0;0.0;401.0;False;G:\Experiments\PTT\Spheroids\01072025_mcf7\0307 before laser\Analysis\2025-07-03_100539_tube1_cropped_8bits2\9_0401_0_8bits.tiff;G:\Experiments\PTT\Spheroids\01072025_mcf7\0307 before laser\Analysis\2025-07-03_100539_tube1_segmentationDebug2\9_0401_0_segmented.tiff;1116.0;(49. 82);140.911687374115;0.918140682846565;37.6952958858853;0.706285072885492;0.801818538297939;512.445127044557;0.978315606444604;0.945536965086764;0.928351545497714;;;;;;;;;;;;;;;;;;;;;;;;;;;;;;;;;;;;;
1;Tube 2;1002050.0;1002050.0;0.0;205.0;False;G:\Experiments\PTT\Spheroids\01072025_mcf7\0307 before laser\Analysis\2025-07-03_101416_tube2_cropped_8bits2\10_0205_0_8bits.tiff;G:\Experiments\PTT\Spheroids\01072025_mcf7\0307 before laser\Analysis\2025-07-03_101416_tube2_segmentationDebug2\10_0205_0_segmented.tiff;1575.0;(77. 72);160.225395441055;0.943113772455089;44.7811599108138;0.770952671922641;0.941027926538864;424.000511695906;0.970210273200607;0.924443888865623;0.937197486614913;1002050.0;0.0;205.0;False;E:\Experiments\PTT\Spheroids\01072025_mcf7\0307 after\Analysis\2025-07-03_151031_tube2_cropped_8bits\10_0205_0_8bits.tiff;E:\Experiments\PTT\Spheroids\01072025_mcf7\0307 after\Analysis\2025-07-03_151031_tube2_segmentationDebug\10_0205_0_segmented.tiff;1320.0;(79. 71);163.74011409282684;0.8767851212221853;40.99605101775554;0.6186907427788598;0.8116947868245731;556.2983559978979;0.9704776370785672;0.9357199442581358;0.9032198593581096;133.04781538870785;40.0;Alive;0.0;0.0;0.0;;;;-255.0;;3.5147186517718296;-0.06632865123290366;-3.7851088930582577;-0.15226192914378123;-0.12933313971429095;132.29784430199192;0.00026736387796011396;0.011276055392512752;-0.03397762725680342
1;Tube 2;107050.0;107050.0;0.0;705.0;False;G:\Experiments\PTT\Spheroids\01072025_mcf7\0307 before laser\Analysis\2025-07-03_101416_tube2_cropped_8bits2\1_0705_0_8bits.tiff;G:\Experiments\PTT\Spheroids\01072025_mcf7\0307 before laser\Analysis\2025-07-03_101416_tube2_segmentationDebug2\1_0705_0_segmented.tiff;2209.5;(73. 68);195.781745076179;0.937818336162988;53.0398225307395;0.724368371949453;0.756979640287596;410.213084195052;0.951623509820129;0.894549580011247;0.927956524248127;;;;;;;;;;;;;;;;;;;;;;;;;;;;;;;;;;;;;
1;Tube 2;108050.0;;;;;;;;;;;;;;;;;;108050.0;0.0;805.0;False;E:\Experiments\PTT\Spheroids\01072025_mcf7\0307 after\Analysis\2025-07-03_151031_tube2_cropped_8bits\1_0805_0_8bits.tiff;E:\Experiments\PTT\Spheroids\01072025_mcf7\0307 after\Analysis\2025-07-03_151031_tube2_segmentationDebug\1_0805_0_segmented.tiff;2174.5;(76. 77);189.78174436092377;0.9460517728953666;52.61805194062786;0.7586830960934903;0.7240954362788935;426.0489658563447;0.9568780126720908;0.8964187939544317;0.9235289819828708;132.62219857684377;37.0;Alive;;;;;;;;;;;;;;;;;
1;Tube 2;1102080.0;1102080.0;0.0;208.0;False;G:\Experiments\PTT\Spheroids\01072025_mcf7\0307 before laser\Analysis\2025-07-03_101416_tube2_cropped_8bits2\11_0208_0_8bits.tiff;G:\Experiments\PTT\Spheroids\01072025_mcf7\0307 before laser\Analysis\2025-07-03_101416_tube2_segmentationDebug2\11_0208_0_segmented.tiff;1544.0;(70. 77);167.882249832153;0.918774174352871;44.3382662840022;0.688410678947423;0.832463140796361;325.825982603747;0.968065869360537;0.925653205759994;0.929870955815551;1102080.0;0.0;208.0;False;E:\Experiments\PTT\Spheroids\01072025_mcf7\0307 after\Analysis\2025-07-03_151031_tube2_cropped_8bits\11_0208_0_8bits.tiff;E:\Experiments\PTT\Spheroids\01072025_mcf7\0307 after\Analysis\2025-07-03_151031_tube2_segmentationDebug\11_0208_0_segmented.tiff;1693.0;(65. 72);254.85281193256375;0.7154024931333193;46.42838085951986;0.3275578128493407;0.4790950259902029;373.2126632870852;0.9687630862907608;0.9162040261184674;0.9285238733210696;131.87736915608167;41.0;Alive;0.0;0.0;0.0;;;;149.0;;86.97056210041072;-0.20337168121955174;2.09011457551766;-0.3608528660980823;-0.35336811480615804;47.38668068333823;0.0006972169302238429;-0.009449179641526584;-0.0013470824944814552
1;Tube 2;1202110.0;1202110.0;0.0;211.0;False;G:\Experiments\PTT\Spheroids\01072025_mcf7\0307 before laser\Analysis\2025-07-03_101416_tube2_cropped_8bits2\12_0211_0_8bits.tiff;G:\Experiments\PTT\Spheroids\01072025_mcf7\0307 before laser\Analysis\2025-07-03_101416_tube2_segmentationDebug2\12_0211_0_segmented.tiff;1245.5;(66. 68);195.781744599342;0.802512886597938;39.8223536844276;0.40832804329385;0.747575994222933;450.855533632103;0.980268241882138;0.93820816667125;0.921203815230856;1202110.0;0.0;211.0;False;E:\Experiments\PTT\Spheroids\01072025_mcf7\0307 after\Analysis\2025-07-03_151031_tube2_cropped_8bits\12_0211_0_8bits.tiff;E:\Experiments\PTT\Spheroids\01072025_mcf7\0307 after\Analysis\2025-07-03_151031_tube2_segmentationDebug\12_0211_0_segmented.tiff;1838.5;(65. 83);261.09545278549194;0.7883790737564322;48.38234081765367;0.3389025852011518;0.4535747574238387;572.5899649998296;0.9704777714761134;0.9100800149327908;0.9289774479724446;124.42907494846047;44.0;Alive;0.0;0.0;0.0;;;;593.0;;65.31370818614994;-0.014133812841505722;8.559987133226073;-0.06942545809269818;-0.2940012367990943;121.73443136772659;-0.009790470406024654;-0.028128151738459173;0.007773632741588599
1;Tube 2;1302130.0;;;;;;;;;;;;;;;;;;1302130.0;0.0;213.0;False;E:\Experiments\PTT\Spheroids\01072025_mcf7\0307 after\Analysis\2025-07-03_151031_tube2_cropped_8bits\13_0213_0_8bits.tiff;E:\Experiments\PTT\Spheroids\01072025_mcf7\0307 after\Analysis\2025-07-03_151031_tube2_segmentationDebug\13_0213_0_segmented.tiff;2491.0;(54. 73);310.30865573883057;0.7244437981678057;56.31731266613571;0.3250841622571925;0.6058214806269655;527.955828535898;0.95705333938512;0.8789408505997458;0.9168776178907498;65.31089978054133;50.0;Alive;;;;;;;;;;;;;;;;;
1;Tube 2;1302140.0;1302140.0;0.0;214.0;False;G:\Experiments\PTT\Spheroids\01072025_mcf7\0307 before laser\Analysis\2025-07-03_101416_tube2_cropped_8bits2\13_0214_0_8bits.tiff;G:\Experiments\PTT\Spheroids\01072025_mcf7\0307 before laser\Analysis\2025-07-03_101416_tube2_segmentationDebug2\13_0214_0_segmented.tiff;1700.5;(78. 74);190.12489080429;0.858621560212067;46.5311062174771;0.5911647704242;0.779036764142277;509.448425328119;0.967783471454691;0.917776614862583;0.925439406304126;;;;;;;;;;;;;;;;;;;;;;;;;;;;;;;;;;;;;
1;Tube 2;1402160.0;1402160.0;0.0;216.0;False;G:\Experiments\PTT\Spheroids\01072025_mcf7\0307 before laser\Analysis\2025-07-03_101416_tube2_cropped_8bits2\14_0216_0_8bits.tiff;G:\Experiments\PTT\Spheroids\01072025_mcf7\0307 before laser\Analysis\2025-07-03_101416_tube2_segmentationDebug2\14_0216_0_segmented.tiff;1636.5;(72. 77);182.811181783676;0.868169761273209;45.6470865988081;0.615347387836105;0.973378515297778;528.592040837615;0.961409620556404;0.890220147484255;0.917933810542821;1402160.0;0.0;216.0;False;E:\Experiments\PTT\Spheroids\01072025_mcf7\0307 after\Analysis\2025-07-03_151031_tube2_cropped_8bits\14_0216_0_8bits.tiff;E:\Experiments\PTT\Spheroids\01072025_mcf7\0307 after\Analysis\2025-07-03_151031_tube2_segmentationDebug\14_0216_0_segmented.tiff;1541.0;(75. 72);170.2253955602646;0.8977570637926012;44.29517059947829;0.6682882089681971;0.8785124770950185;685.6358552919401;0.971950244246494;0.92569938207574;0.9114456572469906;126.87637161667885;46.0;Alive;0.0;0.0;0.0;;;;-95.5;;-12.585786223411418;0.029587302519392233;-1.3519159993298118;0.052940821132092086;-0.09486603820275952;157.04381445432512;0.010540623690090012;0.03547923459148494;-0.006488153295830412
1;Tube 2;1502190.0;;;;;;;;;;;;;;;;;;1502190.0;0.0;219.0;False;E:\Experiments\PTT\Spheroids\01072025_mcf7\0307 after\Analysis\2025-07-03_151031_tube2_cropped_8bits\15_0219_0_8bits.tiff;E:\Experiments\PTT\Spheroids\01072025_mcf7\0307 after\Analysis\2025-07-03_151031_tube2_segmentationDebug\15_0219_0_segmented.tiff;891.5;(70. 72);129.49747335910797;0.8941825476429288;33.691142072233134;0.6680494667641503;0.7283237953756122;737.0616756510083;0.9801537046536654;0.9557111841940285;0.889890091457186;96.01915275653388;46.0;Alive;;;;;;;;;;;;;;;;;
1;Tube 2;1602210.0;1602210.0;0.0;221.0;False;G:\Experiments\PTT\Spheroids\01072025_mcf7\0307 before laser\Analysis\2025-07-03_101416_tube2_cropped_8bits2\16_0221_0_8bits.tiff;G:\Experiments\PTT\Spheroids\01072025_mcf7\0307 before laser\Analysis\2025-07-03_101416_tube2_segmentationDebug2\16_0221_0_segmented.tiff;1362.0;(78. 73);152.568541169166;0.939634356674715;41.6431538182363;0.735287163781116;0.846692764988397;511.923491225174;0.974445914346427;0.934258740725428;0.922411827668191;;;;;;;;;;;;;;;;;;;;;;;;;;;;;;;;;;;;;
1;Tube 2;1602220.0;;;;;;;;;;;;;;;;;;1602220.0;0.0;222.0;False;E:\Experiments\PTT\Spheroids\01072025_mcf7\0307 after\Analysis\2025-07-03_151031_tube2_cropped_8bits\16_0222_0_8bits.tiff;E:\Experiments\PTT\Spheroids\01072025_mcf7\0307 after\Analysis\2025-07-03_151031_tube2_segmentationDebug\16_0222_0_segmented.tiff;1238.5;(78. 79);150.81118142604828;0.9242537313432836;39.71029055741722;0.6842877897998788;0.9050614380337676;567.4719701194883;0.9764948347782934;0.9397949445935956;0.919329249029474;131.494314025404;41.0;Alive;;;;;;;;;;;;;;;;;
1;Tube 2;1703240.0;1703240.0;0.0;324.0;False;G:\Experiments\PTT\Spheroids\01072025_mcf7\0307 before laser\Analysis\2025-07-03_101416_tube2_cropped_8bits2\17_0324_0_8bits.tiff;G:\Experiments\PTT\Spheroids\01072025_mcf7\0307 before laser\Analysis\2025-07-03_101416_tube2_segmentationDebug2\17_0324_0_segmented.tiff;1556.0;(72. 74);164.225395560264;0.941034169942546;44.5102317631341;0.725001363717037;0.879382728053505;595.421838794233;0.963622556967365;0.925158343015652;0.916614572974311;;;;;;;;;;;;;;;;;;;;;;;;;;;;;;;;;;;;;
1;Tube 2;1704240.0;;;;;;;;;;;;;;;;;;1704240.0;0.0;424.0;False;E:\Experiments\PTT\Spheroids\01072025_mcf7\0307 after\Analysis\2025-07-03_151031_tube2_cropped_8bits\17_0424_0_8bits.tiff;E:\Experiments\PTT\Spheroids\01072025_mcf7\0307 after\Analysis\2025-07-03_151031_tube2_segmentationDebug\17_0424_0_segmented.tiff;1307.0;(75. 77);157.74011421203613;0.915266106442577;40.79367702192164;0.6600869544648993;0.8709210196648414;661.845721372468;0.9720039651760296;0.9363945841633612;0.9099372328117432;126.02513799295072;41.0;Alive;;;;;;;;;;;;;;;;;
1;Tube 2;1806240.0;1806240.0;0.0;624.0;False;G:\Experiments\PTT\Spheroids\01072025_mcf7\0307 before laser\Analysis\2025-07-03_101416_tube2_cropped_8bits2\18_0624_0_8bits.tiff;G:\Experiments\PTT\Spheroids\01072025_mcf7\0307 before laser\Analysis\2025-07-03_101416_tube2_segmentationDebug2\18_0624_0_segmented.tiff;1130.0;(76. 73);135.396968126297;0.948384389425094;37.9309990054405;0.774587400518109;0.847916540677933;745.000542550058;0.974445252037071;0.945175811812834;0.898940587721327;;;;;;;;;;;;;;;;;;;;;;;;;;;;;;;;;;;;;
1;Tube 2;1807240.0;;;;;;;;;;;;;;;;;;1807240.0;0.0;724.0;False;E:\Experiments\PTT\Spheroids\01072025_mcf7\0307 after\Analysis\2025-07-03_151031_tube2_cropped_8bits\18_0724_0_8bits.tiff;E:\Experiments\PTT\Spheroids\01072025_mcf7\0307 after\Analysis\2025-07-03_151031_tube2_segmentationDebug\18_0724_0_segmented.tiff;1127.5;(75. 71);130.81118202209473;0.9620307167235496;37.88901670258673;0.8280120833188117;0.8772564021353628;744.881666369525;0.9780253002980204;0.9452470178679078;0.9030182635960536;119.91753674270133;42.0;Alive;;;;;;;;;;;;;;;;;
1;Tube 2;1909240.0;1909240.0;0.0;924.0;False;G:\Experiments\PTT\Spheroids\01072025_mcf7\0307 before laser\Analysis\2025-07-03_101416_tube2_cropped_8bits2\19_0924_0_8bits.tiff;G:\Experiments\PTT\Spheroids\01072025_mcf7\0307 before laser\Analysis\2025-07-03_101416_tube2_segmentationDebug2\19_0924_0_segmented.tiff;1224.0;(80. 36);138.568541288375;0.952529182879377;39.4771478548772;0.801054365419924;0.862885097820937;610.140429592582;0.968336138699552;0.922007363848717;0.911578114146251;1909240.0;0.0;924.0;False;E:\Experiments\PTT\Spheroids\01072025_mcf7\0307 after\Analysis\2025-07-03_151031_tube2_cropped_8bits\19_0924_0_8bits.tiff;E:\Experiments\PTT\Spheroids\01072025_mcf7\0307 after\Analysis\2025-07-03_151031_tube2_segmentationDebug\19_0924_0_segmented.tiff;1203.5;(76. 69);178.1248904466629;0.8112571621166161;39.14516307398359;0.4766578372686479;0.7731921236409847;715.2614952891056;0.9696350357748138;0.9402805031960302;0.8828784561683214;77.01536210680322;49.0;Alive;0.0;0.0;0.0;;;;-20.5;;39.5563491582879;-0.1412720207627609;-0.33198478089361316;-0.3243965281512761;-0.08969297417995237;105.1210656965236;0.0012988970752617623;0.018273139347313228;-0.028699657977929616
1;Tube 2;2011240.0;2011240.0;0.0;1124.0;False;G:\Experiments\PTT\Spheroids\01072025_mcf7\0307 before laser\Analysis\2025-07-03_101416_tube2_cropped_8bits2\20_1124_0_8bits.tiff;G:\Experiments\PTT\Spheroids\01072025_mcf7\0307 before laser\Analysis\2025-07-03_101416_tube2_segmentationDebug2\20_1124_0_segmented.tiff;1354.5;(72. 84);145.982754945755;0.946871723173715;41.5283392798674;0.798703822354953;0.944109193277446;622.471575729787;0.975400487261837;0.934664088908917;0.923190959850155;;;;;;;;;;;;;;;;;;;;;;;;;;;;;;;;;;;;;
1;Tube 2;211050.0;211050.0;0.0;1105.0;False;G:\Experiments\PTT\Spheroids\01072025_mcf7\0307 before laser\Analysis\2025-07-03_101416_tube2_cropped_8bits2\2_1105_0_8bits.tiff;G:\Experiments\PTT\Spheroids\01072025_mcf7\0307 before laser\Analysis\2025-07-03_101416_tube2_segmentationDebug2\2_1105_0_segmented.tiff;1788.0;(78. 75);168.024384617805;0.956917313352956;47.7132298842414;0.795852805375296;0.857370558882571;413.49084817642;0.963841114666854;0.914462829952827;0.935292399577194;211050.0;0.0;1105.0;False;E:\Experiments\PTT\Spheroids\01072025_mcf7\0307 after\Analysis\2025-07-03_151031_tube2_cropped_8bits\2_1105_0_8bits.tiff;E:\Experiments\PTT\Spheroids\01072025_mcf7\0307 after\Analysis\2025-07-03_151031_tube2_segmentationDebug\2_1105_0_segmented.tiff;1846.5;(70. 73);219.43859839439392;0.8620448179271709;48.4874913699758;0.4818736011643543;0.698622026755869;521.6421592053787;0.9644739089479712;0.9105110422130432;0.9200620878609542;119.85369422092172;37.0;Alive;0.0;0.0;0.0;;;;58.5;;51.41421377658892;-0.09487249542578513;0.7742614857343995;-0.3139792042109417;-0.15874853212670192;108.15131102895867;0.0006327942811172882;-0.003951787739783774;-0.015230311716239786
1;Tube 2;314050.0;314050.0;0.0;1405.0;False;G:\Experiments\PTT\Spheroids\01072025_mcf7\0307 before laser\Analysis\2025-07-03_101416_tube2_cropped_8bits2\3_1405_0_8bits.tiff;G:\Experiments\PTT\Spheroids\01072025_mcf7\0307 before laser\Analysis\2025-07-03_101416_tube2_segmentationDebug2\3_1405_0_segmented.tiff;1925.5;(72. 82);180.124890208244;0.935844471445929;49.5138641532607;0.745771751036469;0.826058492628753;350.308002016709;0.955963518657318;0.908116900994639;0.934337873362049;314050.0;0.0;1405.0;False;E:\Experiments\PTT\Spheroids\01072025_mcf7\0307 after\Analysis\2025-07-03_151031_tube2_cropped_8bits\3_1405_0_8bits.tiff;E:\Experiments\PTT\Spheroids\01072025_mcf7\0307 after\Analysis\2025-07-03_151031_tube2_segmentationDebug\3_1405_0_segmented.tiff;1797.5;(71. 45);184.81118202209475;0.9085165529441496;47.83981690664644;0.6613361665315982;0.772817268194408;407.3520372331923;0.9533797056274584;0.8908467696136445;0.9259428250081876;112.72461262219858;37.0;Alive;0.0;0.0;0.0;;;;-128.0;;4.686291813850744;-0.027327918501779402;-1.6740472466142577;-0.08443558450487076;-0.05324122443434498;57.04403521648328;-0.0025838130298595496;-0.017270131380994536;-0.0083950483538614
1;Tube 2;415030.0;415030.0;0.0;1503.0;False;G:\Experiments\PTT\Spheroids\01072025_mcf7\0307 before laser\Analysis\2025-07-03_101416_tube2_cropped_8bits2\4_1503_0_8bits.tiff;G:\Experiments\PTT\Spheroids\01072025_mcf7\0307 before laser\Analysis\2025-07-03_101416_tube2_segmentationDebug2\4_1503_0_segmented.tiff;1612.5;(73. 77);172.811182141304;0.923539518900343;45.3111329132857;0.678525080444004;0.904770795632495;414.884989350438;0.960390046642171;0.922001188889504;0.916803543745891;;;;;;;;;;;;;;;;;;;;;;;;;;;;;;;;;;;;;
1;Tube 2;513010.0;513010.0;0.0;1301.0;False;G:\Experiments\PTT\Spheroids\01072025_mcf7\0307 before laser\Analysis\2025-07-03_101416_tube2_cropped_8bits2\5_1301_0_8bits.tiff;G:\Experiments\PTT\Spheroids\01072025_mcf7\0307 before laser\Analysis\2025-07-03_101416_tube2_segmentationDebug2\5_1301_0_segmented.tiff;1753.0;(74. 75);169.396968483924;0.951941352158566;47.2439300008026;0.767680505381279;0.924378607117739;283.464690317611;0.96651013886611;0.915953051932053;0.940098122245006;513010.0;0.0;1301.0;False;E:\Experiments\PTT\Spheroids\01072025_mcf7\0307 after\Analysis\2025-07-03_151031_tube2_cropped_8bits\5_1301_0_8bits.tiff;E:\Experiments\PTT\Spheroids\01072025_mcf7\0307 after\Analysis\2025-07-03_151031_tube2_segmentationDebug\5_1301_0_segmented.tiff;1735.0;(78. 79);170.56854140758514;0.929796355841372;47.00075116543891;0.7493961745529979;0.961512737994362;292.73551963812884;0.9696894351182548;0.9168618238326984;0.9460061688374328;116.66156813194121;37.0;Alive;0.0;0.0;0.0;;;;-18.0;;1.171572923661131;-0.02214499631719402;-0.24317883536368612;-0.01828433082828107;0.037134130876622984;9.270829320517862;0.0031792962521447476;0.000908771900645422;0.00590804659242683
1;Tube 2;610010.0;610010.0;0.0;1001.0;False;G:\Experiments\PTT\Spheroids\01072025_mcf7\0307 before laser\Analysis\2025-07-03_101416_tube2_cropped_8bits2\6_1001_0_8bits.tiff;G:\Experiments\PTT\Spheroids\01072025_mcf7\0307 before laser\Analysis\2025-07-03_101416_tube2_segmentationDebug2\6_1001_0_segmented.tiff;1661.0;(76. 69);156.710677504539;0.96964389959136;45.9875079103565;0.849928358581633;0.930468657567357;314.757789229805;0.980420213295381;0.920945380071688;0.954428510166519;610010.0;0.0;1001.0;False;E:\Experiments\PTT\Spheroids\01072025_mcf7\0307 after\Analysis\2025-07-03_151031_tube2_cropped_8bits\6_1001_0_8bits.tiff;E:\Experiments\PTT\Spheroids\01072025_mcf7\0307 after\Analysis\2025-07-03_151031_tube2_segmentationDebug\6_1001_0_segmented.tiff;1563.5;(69. 85);157.2964632511139;0.9609711124769514;44.61737361380012;0.7940901957244715;0.8622827628972313;478.205389790844;0.9660815645046664;0.9247843072004284;0.916849679934028;126.55715900778081;41.0;Alive;0.0;0.0;0.0;;;;-97.5;;0.585785746574885;-0.008672787114408553;-1.3701342965563796;-0.05583816285716148;-0.0681858946701257;163.447600561039;-0.014338648790714559;0.0038389271287403437;-0.03757883023249098
1;Tube 2;707010.0;;;;;;;;;;;;;;;;;;707010.0;0.0;701.0;False;E:\Experiments\PTT\Spheroids\01072025_mcf7\0307 after\Analysis\2025-07-03_151031_tube2_cropped_8bits\7_0701_0_8bits.tiff;E:\Experiments\PTT\Spheroids\01072025_mcf7\0307 after\Analysis\2025-07-03_151031_tube2_segmentationDebug\7_0701_0_segmented.tiff;1218.5;(74. 78);139.49747347831726;0.96096214511041;39.388353421535605;0.7868695033482218;0.8671703529544506;526.1667460794063;0.9733668514759712;0.9408933434087552;0.913315413637949;84.95311564806809;48.0;Alive;;;;;;;;;;;;;;;;;
1;Tube 2;708010.0;708010.0;0.0;801.0;False;G:\Experiments\PTT\Spheroids\01072025_mcf7\0307 before laser\Analysis\2025-07-03_101416_tube2_cropped_8bits2\7_0801_0_8bits.tiff;G:\Experiments\PTT\Spheroids\01072025_mcf7\0307 before laser\Analysis\2025-07-03_101416_tube2_segmentationDebug2\7_0801_0_segmented.tiff;1338.0;(76. 83);151.053822636604;0.942585417400493;41.2746230855673;0.736889786381069;0.794642556946359;334.438949081505;0.97038539176186;0.935033818784844;0.924329657942254;;;;;;;;;;;;;;;;;;;;;;;;;;;;;;;;;;;;;
1;Tube 2;804010.0;804010.0;0.0;401.0;False;G:\Experiments\PTT\Spheroids\01072025_mcf7\0307 before laser\Analysis\2025-07-03_101416_tube2_cropped_8bits2\8_0401_0_8bits.tiff;G:\Experiments\PTT\Spheroids\01072025_mcf7\0307 before laser\Analysis\2025-07-03_101416_tube2_segmentationDebug2\8_0401_0_segmented.tiff;1768.5;(75. 73);170.953317165374;0.934725158562367;47.4523353994736;0.760431088513687;0.906231908322498;370.15096801847;0.960184683234663;0.915319981858298;0.927293035931985;804010.0;0.0;401.0;False;E:\Experiments\PTT\Spheroids\01072025_mcf7\0307 after\Analysis\2025-07-03_151031_tube2_cropped_8bits\8_0401_0_8bits.tiff;E:\Experiments\PTT\Spheroids\01072025_mcf7\0307 after\Analysis\2025-07-03_151031_tube2_segmentationDebug\8_0401_0_segmented.tiff;1542.5;(68. 77);171.2964631319046;0.8965417029933159;44.3167236802766;0.6605995065137408;0.8591343606020879;528.7162647017019;0.9716499186158152;0.9219390586095504;0.9182382935605472;128.89805147303318;43.0;Alive;0.0;0.0;0.0;;;;-226.0;;0.3431459665306136;-0.03818345556905112;-3.1356117191969943;-0.09983158199994624;-0.04709754772041008;158.5652966832319;0.011465235381152183;0.006619076751252395;-0.009054742371437774
1;Tube 2;902020.0;902020.0;0.0;202.0;False;G:\Experiments\PTT\Spheroids\01072025_mcf7\0307 before laser\Analysis\2025-07-03_101416_tube2_cropped_8bits2\9_0202_0_8bits.tiff;G:\Experiments\PTT\Spheroids\01072025_mcf7\0307 before laser\Analysis\2025-07-03_101416_tube2_segmentationDebug2\9_0202_0_segmented.tiff;1593.0;(77. 82);159.053823113441;0.9530361950344;45.0363252804124;0.791293165630184;0.890464002603493;540.186780905752;0.969562721213728;0.923611163851326;0.914160633840973;902020.0;0.0;202.0;False;E:\Experiments\PTT\Spheroids\01072025_mcf7\0307 after\Analysis\2025-07-03_151031_tube2_cropped_8bits\9_0202_0_8bits.tiff;E:\Experiments\PTT\Spheroids\01072025_mcf7\0307 after\Analysis\2025-07-03_151031_tube2_segmentationDebug\9_0202_0_segmented.tiff;1375.5;(71. 71);160.81118202209473;0.8984323971260614;41.84902619874465;0.6684023534832308;0.9176638093741368;735.80156525182;0.9742907677698046;0.9332149865661448;0.9028935598246566;114.53348407262087;44.0;Alive;0.0;0.0;0.0;;;;-217.5;;1.757358908653714;-0.05460379790833858;-3.187299081667746;-0.12289081214695319;0.02719980677064382;195.61478434606795;0.004728046556076615;0.009603822714818744;-0.011267074016316436
1;Tube 3;1002020.0;1002020.0;0.0;202.0;False;G:\Experiments\PTT\Spheroids\01072025_mcf7\0307 before laser\Analysis\2025-07-03_102246_tube3_cropped_8bits2\10_0202_0_8bits.tiff;G:\Experiments\PTT\Spheroids\01072025_mcf7\0307 before laser\Analysis\2025-07-03_102246_tube3_segmentationDebug2\10_0202_0_segmented.tiff;1598.5;(75. 75);158.9533174037933;0.9635322483423748;45.1140046134142;0.795029625466242;0.8124674540692173;491.285733375993;0.970666387387114;0.9232135840488336;0.9203390003355256;;;;;;;;;;;;;;;;;;;;;;;;;;;;;;;;;;;;;
1;Tube 3;1002050.0;;;;;;;;;;;;;;;;;;1002050.0;0.0;205.0;False;E:\Experiments\PTT\Spheroids\01072025_mcf7\0307 after\Analysis\2025-07-03_151929_tube3_cropped_8bits\10_0205_0_8bits.tiff;E:\Experiments\PTT\Spheroids\01072025_mcf7\0307 after\Analysis\2025-07-03_151929_tube3_segmentationDebug\10_0205_0_segmented.tiff;1502.0;(73. 78);162.71067678928375;0.9283065512978986;43.73106214342632;0.7129313190288016;0.9508874602758196;965.710804788291;0.976269967899814;0.9276996116059076;0.8931648086953807;15.598856154818115;54.0;Dead;;;;;;;;;;;;;;;;;
1;Tube 3;105050.0;105050.0;0.0;505.0;False;G:\Experiments\PTT\Spheroids\01072025_mcf7\0307 before laser\Analysis\2025-07-03_102246_tube3_cropped_8bits2\1_0505_0_8bits.tiff;G:\Experiments\PTT\Spheroids\01072025_mcf7\0307 before laser\Analysis\2025-07-03_102246_tube3_segmentationDebug2\1_0505_0_segmented.tiff;2061.5;(75. 74);225.9238797426224;0.84992784992785;51.232639220242575;0.5075384256519955;0.6870785495918053;356.7576020388801;0.959918947645754;0.9001098348633076;0.9116996059990968;;;;;;;;;;;;;;;;;;;;;;;;;;;;;;;;;;;;;
1;Tube 3;1102050.0;1102050.0;0.0;205.0;False;G:\Experiments\PTT\Spheroids\01072025_mcf7\0307 before laser\Analysis\2025-07-03_102246_tube3_cropped_8bits2\11_0205_0_8bits.tiff;G:\Experiments\PTT\Spheroids\01072025_mcf7\0307 before laser\Analysis\2025-07-03_102246_tube3_segmentationDebug2\11_0205_0_segmented.tiff;1435.5;(76. 76);158.12489008903503;0.9297279792746114;42.752021782218975;0.7214605483863152;0.9392725172291108;450.9787257827811;0.9703435174614016;0.9307613821472852;0.9200362385042228;;;;;;;;;;;;;;;;;;;;;;;;;;;;;;;;;;;;;
1;Tube 3;1102080.0;;;;;;;;;;;;;;;;;;1102080.0;0.0;208.0;False;E:\Experiments\PTT\Spheroids\01072025_mcf7\0307 after\Analysis\2025-07-03_151929_tube3_cropped_8bits\11_0208_0_8bits.tiff;E:\Experiments\PTT\Spheroids\01072025_mcf7\0307 after\Analysis\2025-07-03_151929_tube3_segmentationDebug\11_0208_0_segmented.tiff;1346.0;(74. 85);153.05382251739502;0.9231824417009602;41.397831189731775;0.7220488203162055;0.982209335109716;680.4227444469411;0.9745366705707804;0.9348545079680958;0.9201946980563922;124.21626654252843;41.0;Alive;;;;;;;;;;;;;;;;;
1;Tube 3;1202080.0;1202080.0;0.0;208.0;False;G:\Experiments\PTT\Spheroids\01072025_mcf7\0307 before laser\Analysis\2025-07-03_102246_tube3_cropped_8bits2\12_0208_0_8bits.tiff;G:\Experiments\PTT\Spheroids\01072025_mcf7\0307 before laser\Analysis\2025-07-03_102246_tube3_segmentationDebug2\12_0208_0_segmented.tiff;1449.0;(77. 71);166.71067678928375;0.8963810702134241;42.952579670157775;0.6551661037572316;0.9175919257242604;527.8647820570234;0.971601531988425;0.9299610762613724;0.9147693731386786;;;;;;;;;;;;;;;;;;;;;;;;;;;;;;;;;;;;;
1;Tube 3;1202110.0;;;;;;;;;;;;;;;;;;1202110.0;0.0;211.0;False;E:\Experiments\PTT\Spheroids\01072025_mcf7\0307 after\Analysis\2025-07-03_151929_tube3_cropped_8bits\12_0211_0_8bits.tiff;E:\Experiments\PTT\Spheroids\01072025_mcf7\0307 after\Analysis\2025-07-03_151929_tube3_segmentationDebug\12_0211_0_segmented.tiff;1343.0;(71. 80);149.53910398483276;0.9313453536754508;41.351671170332686;0.754703438190747;0.8526549157142503;672.5643278768771;0.974632645120446;0.934950845817742;0.9105432110441632;114.32067566668883;44.0;Alive;;;;;;;;;;;;;;;;;
1;Tube 3;1302110.0;1302110.0;0.0;211.0;False;G:\Experiments\PTT\Spheroids\01072025_mcf7\0307 before laser\Analysis\2025-07-03_102246_tube3_cropped_8bits2\13_0211_0_8bits.tiff;G:\Experiments\PTT\Spheroids\01072025_mcf7\0307 before laser\Analysis\2025-07-03_102246_tube3_segmentationDebug2\13_0211_0_segmented.tiff;1316.0;(77. 72);147.53910374641418;0.9330024813895782;40.93388866051544;0.759716347209316;0.9182040951498116;432.45603368043976;0.9768490695925358;0.9363509947086904;0.920899878928252;;;;;;;;;;;;;;;;;;;;;;;;;;;;;;;;;;;;;
1;Tube 3;1302130.0;;;;;;;;;;;;;;;;;;1302130.0;0.0;213.0;False;E:\Experiments\PTT\Spheroids\01072025_mcf7\0307 after\Analysis\2025-07-03_151929_tube3_cropped_8bits\13_0213_0_8bits.tiff;E:\Experiments\PTT\Spheroids\01072025_mcf7\0307 after\Analysis\2025-07-03_151929_tube3_segmentationDebug\13_0213_0_segmented.tiff;1156.5;(68. 74);153.1543276309967;0.9304102976669348;38.373187689925054;0.6195793790564054;0.8682176437132786;790.837177766844;0.9786236409813196;0.9432189821330382;0.902124401554812;71.39722019019752;52.0;Alive;;;;;;;;;;;;;;;;;
1;Tube 3;1402130.0;1402130.0;0.0;213.0;False;G:\Experiments\PTT\Spheroids\01072025_mcf7\0307 before laser\Analysis\2025-07-03_102246_tube3_cropped_8bits2\14_0213_0_8bits.tiff;G:\Experiments\PTT\Spheroids\01072025_mcf7\0307 before laser\Analysis\2025-07-03_102246_tube3_segmentationDebug2\14_0213_0_segmented.tiff;1147.5;(74. 70);217.43859839439392;0.7952182952182952;38.22358404942686;0.3049925832216895;0.9323508228534862;424.1409365655022;0.982713517124887;0.9417585211731048;0.905136544242474;;;;;;;;;;;;;;;;;;;;;;;;;;;;;;;;;;;;;
1;Tube 3;1402160.0;;;;;;;;;;;;;;;;;;1402160.0;0.0;216.0;False;E:\Experiments\PTT\Spheroids\01072025_mcf7\0307 after\Analysis\2025-07-03_151929_tube3_cropped_8bits\14_0216_0_8bits.tiff;E:\Experiments\PTT\Spheroids\01072025_mcf7\0307 after\Analysis\2025-07-03_151929_tube3_segmentationDebug\14_0216_0_segmented.tiff;2586.0;(57. 72);397.9655096530914;0.6348349085552965;57.38115947491068;0.2051859006289622;0.3982929202872659;853.6947844820029;0.9422696167296964;0.87210327813969;0.891404821495607;7.3738112655449894;67.0;Dead;;;;;;;;;;;;;;;;;
1;Tube 3;1502160.0;1502160.0;0.0;216.0;False;G:\Experiments\PTT\Spheroids\01072025_mcf7\0307 before laser\Analysis\2025-07-03_102246_tube3_cropped_8bits2\15_0216_0_8bits.tiff;G:\Experiments\PTT\Spheroids\01072025_mcf7\0307 before laser\Analysis\2025-07-03_102246_tube3_segmentationDebug2\15_0216_0_segmented.tiff;1290.5;(79. 75);142.81118166446686;0.945075064079092;40.53536274021398;0.7951397182866254;0.9424018034858476;493.2680452456698;0.9766624620429596;0.9375695974680184;0.91334604579013;;;;;;;;;;;;;;;;;;;;;;;;;;;;;;;;;;;;;
1;Tube 3;1502190.0;;;;;;;;;;;;;;;;;;1502190.0;0.0;219.0;False;E:\Experiments\PTT\Spheroids\01072025_mcf7\0307 after\Analysis\2025-07-03_151929_tube3_cropped_8bits\15_0219_0_8bits.tiff;E:\Experiments\PTT\Spheroids\01072025_mcf7\0307 after\Analysis\2025-07-03_151929_tube3_segmentationDebug\15_0219_0_segmented.tiff;1207.0;(69. 83);169.25483298301697;0.8609129814550642;39.202042427599885;0.5294622208111335;0.75710411306652;793.9698818579061;0.96913809632213;0.9403669953970952;0.8925165130761131;38.050142980647735;56.0;Dead;;;;;;;;;;;;;;;;;
1;Tube 3;1602190.0;1602190.0;0.0;219.0;False;G:\Experiments\PTT\Spheroids\01072025_mcf7\0307 before laser\Analysis\2025-07-03_102246_tube3_cropped_8bits2\16_0219_0_8bits.tiff;G:\Experiments\PTT\Spheroids\01072025_mcf7\0307 before laser\Analysis\2025-07-03_102246_tube3_segmentationDebug2\16_0219_0_segmented.tiff;454.5;(29. 79);122.04163014888763;0.7487644151565074;24.0559217882444;0.3834667842983557;0.4090923042975129;96.85488991295438;0.9889270636605814;0.9759013557735596;0.9141318518200768;;;;;;;;;;;;;;;;;;;;;;;;;;;;;;;;;;;;;
1;Tube 3;1602190.0;1602190.0;1.0;219.0;False;G:\Experiments\PTT\Spheroids\01072025_mcf7\0307 before laser\Analysis\2025-07-03_102246_tube3_cropped_8bits2\16_0219_0_8bits.tiff;G:\Experiments\PTT\Spheroids\01072025_mcf7\0307 before laser\Analysis\2025-07-03_102246_tube3_segmentationDebug2\16_0219_0_segmented.tiff;1421.0;(77. 79);168.56854140758514;0.8892365456821026;42.53555445822549;0.6284212815272054;0.8607761664477951;772.1226275540395;0.9713595132743968;0.9309150055853548;0.8905499827016955;;;;;;;;;;;;;;;;;;;;;;;;;;;;;;;;;;;;;
1;Tube 3;1602220.0;;;;;;;;;;;;;;;;;;1602220.0;0.0;222.0;False;E:\Experiments\PTT\Spheroids\01072025_mcf7\0307 after\Analysis\2025-07-03_151929_tube3_cropped_8bits\16_0222_0_8bits.tiff;E:\Experiments\PTT\Spheroids\01072025_mcf7\0307 after\Analysis\2025-07-03_151929_tube3_segmentationDebug\16_0222_0_segmented.tiff;2570.5;(49. 73);377.0954529047012;0.6102801519468186;57.208935051631016;0.2271563496088285;0.5556723712417897;930.1327115300098;0.9413469657025416;0.8739776027976537;0.8736433707969156;7.427013367027998;58.0;Dead;;;;;;;;;;;;;;;;;
1;Tube 3;1702220.0;1702220.0;0.0;222.0;False;G:\Experiments\PTT\Spheroids\01072025_mcf7\0307 before laser\Analysis\2025-07-03_102246_tube3_cropped_8bits2\17_0222_0_8bits.tiff;G:\Experiments\PTT\Spheroids\01072025_mcf7\0307 before laser\Analysis\2025-07-03_102246_tube3_segmentationDebug2\17_0222_0_segmented.tiff;1317.0;(75. 74);153.0538226366043;0.9152189020152884;40.94943809646488;0.7064920467125742;0.9362139358904218;639.8146183837509;0.9748841223500524;0.9360387208363736;0.906978672720012;;;;;;;;;;;;;;;;;;;;;;;;;;;;;;;;;;;;;
1;Tube 3;1704240.0;;;;;;;;;;;;;;;;;;1704240.0;0.0;424.0;False;E:\Experiments\PTT\Spheroids\01072025_mcf7\0307 after\Analysis\2025-07-03_151929_tube3_cropped_8bits\17_0424_0_8bits.tiff;E:\Experiments\PTT\Spheroids\01072025_mcf7\0307 after\Analysis\2025-07-03_151929_tube3_segmentationDebug\17_0424_0_segmented.tiff;1373.5;(84. 68);172.46803617477417;0.8695789806900918;41.81859053930137;0.5802582064199836;0.867270252094793;699.0958063902626;0.9700681041548151;0.9329971199648468;0.8996586648671241;95.59353594466981;47.0;Alive;;;;;;;;;;;;;;;;;
1;Tube 3;1804240.0;1804240.0;0.0;424.0;False;G:\Experiments\PTT\Spheroids\01072025_mcf7\0307 before laser\Analysis\2025-07-03_102246_tube3_cropped_8bits2\18_0424_0_8bits.tiff;G:\Experiments\PTT\Spheroids\01072025_mcf7\0307 before laser\Analysis\2025-07-03_102246_tube3_segmentationDebug2\18_0424_0_segmented.tiff;1479.0;(69. 70);197.53910386562347;0.8079759628516798;43.39494540454344;0.4762904564043878;0.6888761927268737;519.2812535719265;0.9688131972720996;0.9274223547953144;0.9193196237009128;;;;;;;;;;;;;;;;;;;;;;;;;;;;;;;;;;;;;
1;Tube 3;1806240.0;;;;;;;;;;;;;;;;;;1806240.0;0.0;624.0;False;E:\Experiments\PTT\Spheroids\01072025_mcf7\0307 after\Analysis\2025-07-03_151929_tube3_cropped_8bits\18_0624_0_8bits.tiff;E:\Experiments\PTT\Spheroids\01072025_mcf7\0307 after\Analysis\2025-07-03_151929_tube3_segmentationDebug\18_0624_0_segmented.tiff;1263.5;(79. 82);196.12489008903503;0.7536534446764092;40.10907833362514;0.4127809857685311;0.5889495120363925;653.1945129656408;0.9684725596833976;0.9368390349176132;0.8896660784109816;91.55017623196116;46.0;Alive;;;;;;;;;;;;;;;;;
1;Tube 3;1906240.0;1906240.0;0.0;624.0;False;G:\Experiments\PTT\Spheroids\01072025_mcf7\0307 before laser\Analysis\2025-07-03_102246_tube3_cropped_8bits2\19_0624_0_8bits.tiff;G:\Experiments\PTT\Spheroids\01072025_mcf7\0307 before laser\Analysis\2025-07-03_102246_tube3_segmentationDebug2\19_0624_0_segmented.tiff;1205.5;(69. 75);165.49747371673584;0.8573968705547653;39.17767567350364;0.5530881340712599;0.8709901492622731;673.3871675802122;0.9732441876716368;0.9407007540141104;0.8958464950249577;;;;;;;;;;;;;;;;;;;;;;;;;;;;;;;;;;;;;
1;Tube 3;1909240.0;;;;;;;;;;;;;;;;;;1909240.0;0.0;924.0;False;E:\Experiments\PTT\Spheroids\01072025_mcf7\0307 after\Analysis\2025-07-03_151929_tube3_cropped_8bits\19_0924_0_8bits.tiff;E:\Experiments\PTT\Spheroids\01072025_mcf7\0307 after\Analysis\2025-07-03_151929_tube3_segmentationDebug\19_0924_0_segmented.tiff;1073.0;(74. 67);153.3969682455063;0.8816762530813476;36.961953837707625;0.5730282506448013;0.842602890318912;785.1417884321884;0.9748078646933914;0.9469921511809644;0.882162843502497;88.78366695484472;48.0;Alive;;;;;;;;;;;;;;;;;
1;Tube 3;2009240.0;2009240.0;0.0;924.0;False;G:\Experiments\PTT\Spheroids\01072025_mcf7\0307 before laser\Analysis\2025-07-03_102246_tube3_cropped_8bits2\20_0924_0_8bits.tiff;G:\Experiments\PTT\Spheroids\01072025_mcf7\0307 before laser\Analysis\2025-07-03_102246_tube3_segmentationDebug2\20_0924_0_segmented.tiff;1167.0;(76. 79);180.2253954410553;0.8104166666666667;38.54699143520717;0.451490634407046;0.7009333469564335;650.5370355961875;0.9735308664862864;0.9415976300004508;0.8870091045026003;;;;;;;;;;;;;;;;;;;;;;;;;;;;;;;;;;;;;
1;Tube 3;2012240.0;;;;;;;;;;;;;;;;;;2012240.0;0.0;1224.0;False;E:\Experiments\PTT\Spheroids\01072025_mcf7\0307 after\Analysis\2025-07-03_151929_tube3_cropped_8bits\20_1224_0_8bits.tiff;E:\Experiments\PTT\Spheroids\01072025_mcf7\0307 after\Analysis\2025-07-03_151929_tube3_segmentationDebug\20_1224_0_segmented.tiff;826.5;(77. 73);119.49747371673584;0.9107438016528926;32.439674531715205;0.7273363183757144;0.927451573546662;1375.2723174603177;0.9831322276297846;0.9590806822922482;0.8097542889932174;7.783467446964155;67.0;Dead;;;;;;;;;;;;;;;;;
1;Tube 3;209050.0;209050.0;0.0;905.0;False;G:\Experiments\PTT\Spheroids\01072025_mcf7\0307 before laser\Analysis\2025-07-03_102246_tube3_cropped_8bits2\2_0905_0_8bits.tiff;G:\Experiments\PTT\Spheroids\01072025_mcf7\0307 before laser\Analysis\2025-07-03_102246_tube3_segmentationDebug2\2_0905_0_segmented.tiff;2286.0;(80. 67);208.8528121709824;0.907322881524112;53.95021407987722;0.6585752954579233;0.9699942036650148;143.710401891253;0.953174281877006;0.891096623154957;0.9312121710874928;;;;;;;;;;;;;;;;;;;;;;;;;;;;;;;;;;;;;
1;Tube 3;211050.0;;;;;;;;;;;;;;;;;;211050.0;0.0;1105.0;False;E:\Experiments\PTT\Spheroids\01072025_mcf7\0307 after\Analysis\2025-07-03_151929_tube3_cropped_8bits\2_1105_0_8bits.tiff;E:\Experiments\PTT\Spheroids\01072025_mcf7\0307 after\Analysis\2025-07-03_151929_tube3_segmentationDebug\2_1105_0_segmented.tiff;2218.5;(79. 62);209.5807341337204;0.9007308160779536;53.14773682853258;0.6346972001003738;0.9733638298091056;353.6088112672512;0.9549329535305836;0.8903501822136919;0.929124839023854;136.77196249251844;37.0;Alive;;;;;;;;;;;;;;;;;
1;Tube 3;311050.0;311050.0;0.0;1105.0;False;G:\Experiments\PTT\Spheroids\01072025_mcf7\0307 before laser\Analysis\2025-07-03_102246_tube3_cropped_8bits2\3_1105_0_8bits.tiff;G:\Experiments\PTT\Spheroids\01072025_mcf7\0307 before laser\Analysis\2025-07-03_102246_tube3_segmentationDebug2\3_1105_0_segmented.tiff;1849.0;(74. 44);174.3675309419632;0.9414460285132384;48.52030418510704;0.7642149674809792;0.9601790839027078;408.190322151911;0.956570639957928;0.894928896653046;0.925903253817684;;;;;;;;;;;;;;;;;;;;;;;;;;;;;;;;;;;;;
1;Tube 3;313050.0;;;;;;;;;;;;;;;;;;313050.0;0.0;1305.0;False;E:\Experiments\PTT\Spheroids\01072025_mcf7\0307 after\Analysis\2025-07-03_151929_tube3_cropped_8bits\3_1305_0_8bits.tiff;E:\Experiments\PTT\Spheroids\01072025_mcf7\0307 after\Analysis\2025-07-03_151929_tube3_segmentationDebug\3_1305_0_segmented.tiff;1991.5;(75. 74);183.2964631319046;0.9458560911897412;50.35530313025706;0.7448726098631799;0.8441992252581336;535.4901554126516;0.956292502977398;0.9046938597037648;0.9186731240510804;102.40340493449492;37.0;Alive;;;;;;;;;;;;;;;;;
1;Tube 3;413050.0;413050.0;0.0;1305.0;False;G:\Experiments\PTT\Spheroids\01072025_mcf7\0307 before laser\Analysis\2025-07-03_102246_tube3_cropped_8bits2\4_1305_0_8bits.tiff;G:\Experiments\PTT\Spheroids\01072025_mcf7\0307 before laser\Analysis\2025-07-03_102246_tube3_segmentationDebug2\4_1305_0_segmented.tiff;2022.5;(74. 81);183.2964630126953;0.9464202152550304;50.74570897353654;0.756467414214327;0.9550592337039652;447.0012961467694;0.9566146280991188;0.9036200359425058;0.9260369626434524;;;;;;;;;;;;;;;;;;;;;;;;;;;;;;;;;;;;;
1;Tube 3;513010.0;;;;;;;;;;;;;;;;;;513010.0;0.0;1301.0;False;E:\Experiments\PTT\Spheroids\01072025_mcf7\0307 after\Analysis\2025-07-03_151929_tube3_cropped_8bits\5_1301_0_8bits.tiff;E:\Experiments\PTT\Spheroids\01072025_mcf7\0307 after\Analysis\2025-07-03_151929_tube3_segmentationDebug\5_1301_0_segmented.tiff;1719.5;(67. 82);171.29646360874176;0.9403882964178288;46.79033444176385;0.7364024927885727;0.9062284785036796;496.754463645329;0.9639104692350644;0.9174532402405404;0.9238265356625872;80.05852231163131;37.0;Alive;;;;;;;;;;;;;;;;;
1;Tube 3;515020.0;515020.0;0.0;1502.0;False;G:\Experiments\PTT\Spheroids\01072025_mcf7\0307 before laser\Analysis\2025-07-03_102246_tube3_cropped_8bits2\5_1502_0_8bits.tiff;G:\Experiments\PTT\Spheroids\01072025_mcf7\0307 before laser\Analysis\2025-07-03_102246_tube3_segmentationDebug2\5_1502_0_segmented.tiff;1651.0;(81. 78);164.7106763124466;0.9431590974007428;45.84886572596702;0.7647393479541167;0.8719314151288431;458.10537390159584;0.9681435923700432;0.9207680256927184;0.9250452535795184;;;;;;;;;;;;;;;;;;;;;;;;;;;;;;;;;;;;;
1;Tube 3;612010.0;612010.0;0.0;1201.0;False;G:\Experiments\PTT\Spheroids\01072025_mcf7\0307 before laser\Analysis\2025-07-03_102246_tube3_cropped_8bits2\6_1201_0_8bits.tiff;G:\Experiments\PTT\Spheroids\01072025_mcf7\0307 before laser\Analysis\2025-07-03_102246_tube3_segmentationDebug2\6_1201_0_segmented.tiff;1512.5;(74. 73);154.1248903274536;0.9621501272264632;43.88365084415759;0.8001284010100442;0.9420847800230356;418.70753290656194;0.9714079709032728;0.9274085905320114;0.9210270770272132;;;;;;;;;;;;;;;;;;;;;;;;;;;;;;;;;;;;;
1;Tube 3;708010.0;;;;;;;;;;;;;;;;;;708010.0;0.0;801.0;False;E:\Experiments\PTT\Spheroids\01072025_mcf7\0307 after\Analysis\2025-07-03_151929_tube3_cropped_8bits\7_0801_0_8bits.tiff;E:\Experiments\PTT\Spheroids\01072025_mcf7\0307 after\Analysis\2025-07-03_151929_tube3_segmentationDebug\7_0801_0_segmented.tiff;1546.0;(63. 79);150.36753070354462;0.9753943217665616;44.36697348434488;0.8592335330699425;0.9256089999726704;694.1493109937473;0.970177982166928;0.9260219205561332;0.9143484995016212;99.74329986034448;43.0;Alive;;;;;;;;;;;;;;;;;
1;Tube 3;710010.0;710010.0;0.0;1001.0;False;G:\Experiments\PTT\Spheroids\01072025_mcf7\0307 before laser\Analysis\2025-07-03_102246_tube3_cropped_8bits2\7_1001_0_8bits.tiff;G:\Experiments\PTT\Spheroids\01072025_mcf7\0307 before laser\Analysis\2025-07-03_102246_tube3_segmentationDebug2\7_1001_0_segmented.tiff;1721.0;(68. 74);170.36753118038175;0.9394104803493448;46.81073868771156;0.7451043078504955;0.9307022390261288;481.5812100310188;0.9651248686568072;0.9175100051236904;0.9186369913127372;;;;;;;;;;;;;;;;;;;;;;;;;;;;;;;;;;;;;
1;Tube 3;805010.0;;;;;;;;;;;;;;;;;;805010.0;0.0;501.0;False;E:\Experiments\PTT\Spheroids\01072025_mcf7\0307 after\Analysis\2025-07-03_151929_tube3_cropped_8bits\8_0501_0_8bits.tiff;E:\Experiments\PTT\Spheroids\01072025_mcf7\0307 after\Analysis\2025-07-03_151929_tube3_segmentationDebug\8_0501_0_segmented.tiff;1903.0;(64. 87);214.02438509464264;0.841476895865576;49.223722468247104;0.5220620643862066;0.7701332222281694;1204.035425258464;0.9651015173714372;0.9080335221002476;0.8656948627012491;5.5809004455676;67.0;Dead;;;;;;;;;;;;;;;;;
1;Tube 3;807010.0;807010.0;0.0;701.0;False;G:\Experiments\PTT\Spheroids\01072025_mcf7\0307 before laser\Analysis\2025-07-03_102246_tube3_cropped_8bits2\8_0701_0_8bits.tiff;G:\Experiments\PTT\Spheroids\01072025_mcf7\0307 before laser\Analysis\2025-07-03_102246_tube3_segmentationDebug2\8_0701_0_segmented.tiff;1763.5;(78. 79);177.63960897922516;0.9213688610240336;47.3852079993373;0.7022725785402102;0.8489265244129096;378.0064215462339;0.9678157921534156;0.9154610012156352;0.934430626789191;;;;;;;;;;;;;;;;;;;;;;;;;;;;;;;;;;;;;
1;Tube 3;902020.0;;;;;;;;;;;;;;;;;;902020.0;0.0;202.0;False;E:\Experiments\PTT\Spheroids\01072025_mcf7\0307 after\Analysis\2025-07-03_151929_tube3_cropped_8bits\9_0202_0_8bits.tiff;E:\Experiments\PTT\Spheroids\01072025_mcf7\0307 after\Analysis\2025-07-03_151929_tube3_segmentationDebug\9_0202_0_segmented.tiff;1322.5;(68. 74);149.9827550649643;0.9293745607870696;41.034854671513735;0.7387932022228925;0.8878509892531158;697.4058962469983;0.9696887489412692;0.9358805089712864;0.9017910166573352;59.94812795105407;50.0;Alive;;;;;;;;;;;;;;;;;
1;Tube 3;905010.0;905010.0;0.0;501.0;False;G:\Experiments\PTT\Spheroids\01072025_mcf7\0307 before laser\Analysis\2025-07-03_102246_tube3_cropped_8bits2\9_0501_0_8bits.tiff;G:\Experiments\PTT\Spheroids\01072025_mcf7\0307 before laser\Analysis\2025-07-03_102246_tube3_segmentationDebug2\9_0501_0_segmented.tiff;1607.5;(81. 42);158.95331704616547;0.95855694692904;45.24082855299817;0.7995058671803282;0.9673387320896552;541.9257625575005;0.9650175991534063;0.903906705232534;0.9212462174597946;;;;;;;;;;;;;;;;;;;;;;;;;;;;;;;;;;;;;
1;Tube 4;1002040.0;1002040.0;0.0;204.0;False;G:\Experiments\PTT\Spheroids\01072025_mcf7\0307 before laser\Analysis\2025-07-03_103532_tube4_cropped_8bits2\10_0204_0_8bits.tiff;G:\Experiments\PTT\Spheroids\01072025_mcf7\0307 before laser\Analysis\2025-07-03_103532_tube4_segmentationDebug2\10_0204_0_segmented.tiff;1379.5;(72. 70);158.468035817146;0.918442077230359;41.9098312089437;0.690316444161578;0.759999556234126;392.808977102908;0.972725449431331;0.932929244858363;0.923367083103721;;;;;;;;;;;;;;;;;;;;;;;;;;;;;;;;;;;;;
1;Tube 4;1002050.0;;;;;;;;;;;;;;;;;;1002050.0;0.0;205.0;False;E:\Experiments\PTT\Spheroids\01072025_mcf7\0307 after\Analysis\2025-07-03_152759_tube4_cropped_8bits\10_0205_0_8bits.tiff;E:\Experiments\PTT\Spheroids\01072025_mcf7\0307 after\Analysis\2025-07-03_152759_tube4_segmentationDebug\10_0205_0_segmented.tiff;1193.5;(73. 77);143.49747335910797;0.9309672386895476;38.982193327741534;0.7283561285471231;0.8130005902550791;944.8417418019102;0.9801205340783709;0.9418210284557292;0.870968810773239;5.969275786393562;63.0;Dead;;;;;;;;;;;;;;;;;
1;Tube 4;106050.0;;;;;;;;;;;;;;;;;;106050.0;0.0;605.0;False;E:\Experiments\PTT\Spheroids\01072025_mcf7\0307 after\Analysis\2025-07-03_152759_tube4_cropped_8bits\1_0605_0_8bits.tiff;E:\Experiments\PTT\Spheroids\01072025_mcf7\0307 after\Analysis\2025-07-03_152759_tube4_segmentationDebug\1_0605_0_segmented.tiff;1960.5;(69. 76);174.61017179489136;0.961029411764706;49.96184671780344;0.8080488776731349;0.9433478475294392;354.8951278611323;0.9680646319859902;0.9069391999855392;0.944974260585784;136.23994147768838;37.0;Alive;;;;;;;;;;;;;;;;;
1;Tube 4;107050.0;107050.0;0.0;705.0;False;G:\Experiments\PTT\Spheroids\01072025_mcf7\0307 before laser\Analysis\2025-07-03_103532_tube4_cropped_8bits2\1_0705_0_8bits.tiff;G:\Experiments\PTT\Spheroids\01072025_mcf7\0307 before laser\Analysis\2025-07-03_103532_tube4_segmentationDebug2\1_0705_0_segmented.tiff;1755.0;(74. 83);162.710676908493;0.95796943231441;47.2708726491294;0.833018950107977;0.970552890572249;126.749144678138;0.961374951335707;0.91629081483925;0.933324681402616;;;;;;;;;;;;;;;;;;;;;;;;;;;;;;;;;;;;;
1;Tube 4;1102070.0;1102070.0;0.0;207.0;False;G:\Experiments\PTT\Spheroids\01072025_mcf7\0307 before laser\Analysis\2025-07-03_103532_tube4_cropped_8bits2\11_0207_0_8bits.tiff;G:\Experiments\PTT\Spheroids\01072025_mcf7\0307 before laser\Analysis\2025-07-03_103532_tube4_segmentationDebug2\11_0207_0_segmented.tiff;1303.0;(74. 71);145.396968841552;0.949016751638747;40.7312058106547;0.774539506331048;0.853503562640071;697.587342601119;0.973678425569795;0.936940452658703;0.907800055766795;1102070.0;0.0;207.0;False;E:\Experiments\PTT\Spheroids\01072025_mcf7\0307 after\Analysis\2025-07-03_152759_tube4_cropped_8bits\11_0207_0_8bits.tiff;E:\Experiments\PTT\Spheroids\01072025_mcf7\0307 after\Analysis\2025-07-03_152759_tube4_segmentationDebug\11_0207_0_segmented.tiff;1237.0;(69. 81);144.56854104995728;0.92347891004106;39.68623586128314;0.7437585429460233;0.9039631406692552;757.887380329022;0.9798872885944344;0.940046104070049;0.9098752010218736;77.29201303451487;46.0;Alive;0.0;0.0;0.0;;;;-66.0;;-0.82842779159472;-0.025537841597687017;-1.0449699493715627;-0.030780963385024673;0.050459578029184216;60.30003772790303;0.0062088630246394105;0.003105651411346;0.00207514525507857
1;Tube 4;1202110.0;1202110.0;0.0;211.0;False;G:\Experiments\PTT\Spheroids\01072025_mcf7\0307 before laser\Analysis\2025-07-03_103532_tube4_cropped_8bits2\12_0211_0_8bits.tiff;G:\Experiments\PTT\Spheroids\01072025_mcf7\0307 before laser\Analysis\2025-07-03_103532_tube4_segmentationDebug2\12_0211_0_segmented.tiff;1553.0;(77. 73);169.539103865623;0.908984489318115;44.4673027400325;0.678955879043294;0.882207163533957;584.78787473444;0.972117862089025;0.925247239251933;0.908708179637051;1202110.0;0.0;211.0;False;E:\Experiments\PTT\Spheroids\01072025_mcf7\0307 after\Analysis\2025-07-03_152759_tube4_cropped_8bits\12_0211_0_8bits.tiff;E:\Experiments\PTT\Spheroids\01072025_mcf7\0307 after\Analysis\2025-07-03_152759_tube4_segmentationDebug\12_0211_0_segmented.tiff;1181.5;(67. 80);145.15432786941528;0.9148277197057684;38.78572575193862;0.7046664776066444;0.9348625793580404;991.6042952546874;0.979690317716058;0.9423338131095796;0.8799299554971433;7.8845514397818715;55.0;Dead;0.0;0.0;0.0;;;;-371.5;;-24.384775996207708;0.005843230387653331;-5.68157698809388;0.02571059856335034;0.052655415824083396;406.81642052024733;0.0075724556270330146;0.01708657385764667;-0.028778224139907715
1;Tube 4;1302130.0;1302130.0;0.0;213.0;False;G:\Experiments\PTT\Spheroids\01072025_mcf7\0307 before laser\Analysis\2025-07-03_103532_tube4_cropped_8bits2\13_0213_0_8bits.tiff;G:\Experiments\PTT\Spheroids\01072025_mcf7\0307 before laser\Analysis\2025-07-03_103532_tube4_segmentationDebug2\13_0213_0_segmented.tiff;1248.5;(74. 70);147.154327869415;0.933457943925233;39.8702843180463;0.724523258897215;0.870185992453551;873.658580599254;0.974269680631465;0.939253513323206;0.899969428778963;1302130.0;0.0;213.0;False;E:\Experiments\PTT\Spheroids\01072025_mcf7\0307 after\Analysis\2025-07-03_152759_tube4_cropped_8bits\13_0213_0_8bits.tiff;E:\Experiments\PTT\Spheroids\01072025_mcf7\0307 after\Analysis\2025-07-03_152759_tube4_segmentationDebug\13_0213_0_segmented.tiff;1034.5;(71. 81);148.81118202209473;0.8574388727724824;36.29278590889002;0.5870420707186345;0.941055009319503;974.7969625755768;0.9819312095721096;0.9489709544069588;0.8895500740126892;22.962027000066502;59.0;Dead;0.0;0.0;0.0;;;;-214.0;;1.6568541526797276;-0.07601907115275053;-3.5774984091562843;-0.13748118817858057;0.07086901686595204;101.13838197632276;0.007661528940644535;0.009717441083752831;-0.01041935476627387
1;Tube 4;1402160.0;1402160.0;0.0;216.0;False;G:\Experiments\PTT\Spheroids\01072025_mcf7\0307 before laser\Analysis\2025-07-03_103532_tube4_cropped_8bits2\14_0216_0_8bits.tiff;G:\Experiments\PTT\Spheroids\01072025_mcf7\0307 before laser\Analysis\2025-07-03_103532_tube4_segmentationDebug2\14_0216_0_segmented.tiff;1280.0;(75. 75);149.396968841552;0.925858951175406;40.3701203523225;0.72066969787289;0.808446479560581;373.419690727312;0.970965429470285;0.937692350897889;0.922112152762463;1402160.0;0.0;216.0;False;E:\Experiments\PTT\Spheroids\01072025_mcf7\0307 after\Analysis\2025-07-03_152759_tube4_cropped_8bits\14_0216_0_8bits.tiff;E:\Experiments\PTT\Spheroids\01072025_mcf7\0307 after\Analysis\2025-07-03_152759_tube4_segmentationDebug\14_0216_0_segmented.tiff;1068.0;(77. 72);130.9116871356964;0.9442970822281168;36.87573502694087;0.78311271764061;0.8676929538409406;1174.158243246556;0.9826106389422616;0.9480389015012072;0.8456470617951692;7.182283700206158;77.0;Dead;0.0;0.0;0.0;;;;-212.0;;-18.485281705855584;0.01843813105271086;-3.4943853253816286;0.06244301976771993;0.05924647428035956;800.738552519244;0.01164520947197667;0.010346550603318128;-0.07646509096729381
1;Tube 4;1502190.0;1502190.0;0.0;219.0;False;G:\Experiments\PTT\Spheroids\01072025_mcf7\0307 before laser\Analysis\2025-07-03_103532_tube4_cropped_8bits2\15_0219_0_8bits.tiff;G:\Experiments\PTT\Spheroids\01072025_mcf7\0307 before laser\Analysis\2025-07-03_103532_tube4_segmentationDebug2\15_0219_0_segmented.tiff;1275.0;(77. 69);146.911687135696;0.932699341623994;40.2911953103569;0.742347681314806;0.961689596167354;591.077117311223;0.970343672963493;0.938151951058317;0.907798445411369;1502190.0;0.0;219.0;False;E:\Experiments\PTT\Spheroids\01072025_mcf7\0307 after\Analysis\2025-07-03_152759_tube4_cropped_8bits\15_0219_0_8bits.tiff;E:\Experiments\PTT\Spheroids\01072025_mcf7\0307 after\Analysis\2025-07-03_152759_tube4_segmentationDebug\15_0219_0_segmented.tiff;1256.5;(74. 77);144.32590067386627;0.9342007434944238;39.997818540012055;0.7580254800280395;0.940376895056615;848.2614547062401;0.9775615327435304;0.9392090845961198;0.8943095189207021;9.097559353594466;66.0;Dead;0.0;0.0;0.0;;;;-18.5;;-2.5857864618297413;0.0015014018704297971;-0.29337677034484244;0.015677798713233493;-0.02131270111073902;257.1843373950171;0.007217859780037417;0.0010571335378029012;-0.013488926490666908
1;Tube 4;1602210.0;1602210.0;0.0;221.0;False;G:\Experiments\PTT\Spheroids\01072025_mcf7\0307 before laser\Analysis\2025-07-03_103532_tube4_cropped_8bits2\16_0221_0_8bits.tiff;G:\Experiments\PTT\Spheroids\01072025_mcf7\0307 before laser\Analysis\2025-07-03_103532_tube4_segmentationDebug2\16_0221_0_segmented.tiff;1342.5;(69. 72);153.154327988624;0.922680412371134;41.3439728232176;0.719226383483485;0.877960400498593;808.450142280241;0.976688442701865;0.93508368627242;0.910740096039462;;;;;;;;;;;;;;;;;;;;;;;;;;;;;;;;;;;;;
1;Tube 4;1602220.0;;;;;;;;;;;;;;;;;;1602220.0;0.0;222.0;False;E:\Experiments\PTT\Spheroids\01072025_mcf7\0307 after\Analysis\2025-07-03_152759_tube4_cropped_8bits\16_0222_0_8bits.tiff;E:\Experiments\PTT\Spheroids\01072025_mcf7\0307 after\Analysis\2025-07-03_152759_tube4_segmentationDebug\16_0222_0_segmented.tiff;857.0;(71. 78);131.25483322143555;0.8643469490670701;33.032806266468405;0.6251152257057727;0.8390214164719548;1139.3739196816084;0.9858329736460018;0.9575805001124224;0.8277997175283348;8.61874044024739;65.0;Dead;;;;;;;;;;;;;;;;;
1;Tube 4;1703240.0;1703240.0;0.0;324.0;False;G:\Experiments\PTT\Spheroids\01072025_mcf7\0307 before laser\Analysis\2025-07-03_103532_tube4_cropped_8bits2\17_0324_0_8bits.tiff;G:\Experiments\PTT\Spheroids\01072025_mcf7\0307 before laser\Analysis\2025-07-03_103532_tube4_segmentationDebug2\17_0324_0_segmented.tiff;1460.0;(76. 80);177.195958137512;0.873205741626794;43.1153074361454;0.584325846782515;0.837151414749158;861.47933046683;0.96646683753428;0.928828053561688;0.889259564082215;1703240.0;0.0;324.0;False;E:\Experiments\PTT\Spheroids\01072025_mcf7\0307 after\Analysis\2025-07-03_152759_tube4_cropped_8bits\17_0324_0_8bits.tiff;E:\Experiments\PTT\Spheroids\01072025_mcf7\0307 after\Analysis\2025-07-03_152759_tube4_segmentationDebug\17_0324_0_segmented.tiff;1082.0;(74. 83);135.74011433124542;0.9251817015818726;37.116642997494345;0.7379394079971957;0.9227626610461868;945.4231431131872;0.9776739347122294;0.9433428851469609;0.8790117481574113;20.684977056593734;60.0;Dead;0.0;0.0;0.0;;;;-378.0;;-41.455843806266586;0.05197595995507864;-5.998664438651055;0.15361356121468073;0.08561124629702876;83.94381264635717;0.011207097177949432;0.014514831585272892;-0.010247815924803616
1;Tube 4;1806240.0;1806240.0;0.0;624.0;False;G:\Experiments\PTT\Spheroids\01072025_mcf7\0307 before laser\Analysis\2025-07-03_103532_tube4_cropped_8bits2\18_0624_0_8bits.tiff;G:\Experiments\PTT\Spheroids\01072025_mcf7\0307 before laser\Analysis\2025-07-03_103532_tube4_segmentationDebug2\18_0624_0_segmented.tiff;1785.5;(72. 71);206.953317046165;0.861312108055957;47.6798616516935;0.523871696512175;0.630304035219198;750.135124916383;0.958394460714122;0.913188964536436;0.903388986457296;;;;;;;;;;;;;;;;;;;;;;;;;;;;;;;;;;;;;
1;Tube 4;1807240.0;;;;;;;;;;;;;;;;;;1807240.0;0.0;724.0;False;E:\Experiments\PTT\Spheroids\01072025_mcf7\0307 after\Analysis\2025-07-03_152759_tube4_cropped_8bits\18_0724_0_8bits.tiff;E:\Experiments\PTT\Spheroids\01072025_mcf7\0307 after\Analysis\2025-07-03_152759_tube4_segmentationDebug\18_0724_0_segmented.tiff;1307.0;(58. 77);173.0538226366043;0.8828098615332658;40.79367702192164;0.548432341555273;0.4930290467355007;975.4029861945806;0.9859672366344298;0.936559150083289;0.9264408283713708;26.23927645141983;54.0;Dead;;;;;;;;;;;;;;;;;
1;Tube 4;1909240.0;1909240.0;0.0;924.0;False;G:\Experiments\PTT\Spheroids\01072025_mcf7\0307 before laser\Analysis\2025-07-03_103532_tube4_cropped_8bits2\19_0924_0_8bits.tiff;G:\Experiments\PTT\Spheroids\01072025_mcf7\0307 before laser\Analysis\2025-07-03_103532_tube4_segmentationDebug2\19_0924_0_segmented.tiff;1577.0;(80. 70);165.396968364715;0.921952645425314;44.8095833728383;0.724413387244266;0.901514462884975;796.51409203823;0.964760507972917;0.924109594424868;0.903344287735585;;;;;;;;;;;;;;;;;;;;;;;;;;;;;;;;;;;;;
1;Tube 4;2011240.0;;;;;;;;;;;;;;;;;;2011240.0;0.0;1124.0;False;E:\Experiments\PTT\Spheroids\01072025_mcf7\0307 after\Analysis\2025-07-03_152759_tube4_cropped_8bits\20_1124_0_8bits.tiff;E:\Experiments\PTT\Spheroids\01072025_mcf7\0307 after\Analysis\2025-07-03_152759_tube4_segmentationDebug\20_1124_0_segmented.tiff;824.5;(77. 97);117.49747371673584;0.9269252388982574;32.40040130359718;0.7504875048325903;0.9701950673216654;1154.064087271629;0.986448932467108;0.959270339165316;0.8046189413715609;11.544856021812862;74.0;Dead;;;;;;;;;;;;;;;;;
1;Tube 4;2012240.0;2012240.0;0.0;1224.0;False;G:\Experiments\PTT\Spheroids\01072025_mcf7\0307 before laser\Analysis\2025-07-03_103532_tube4_cropped_8bits2\20_1224_0_8bits.tiff;G:\Experiments\PTT\Spheroids\01072025_mcf7\0307 before laser\Analysis\2025-07-03_103532_tube4_segmentationDebug2\20_1224_0_segmented.tiff;1050.5;(76. 76);126.811182022094;0.955;36.5723685552944;0.820901065581537;0.981450616077874;987.574477327396;0.976995756800257;0.948876576934077;0.873951641317534;;;;;;;;;;;;;;;;;;;;;;;;;;;;;;;;;;;;;
1;Tube 4;211050.0;211050.0;0.0;1105.0;False;G:\Experiments\PTT\Spheroids\01072025_mcf7\0307 before laser\Analysis\2025-07-03_103532_tube4_cropped_8bits2\2_1105_0_8bits.tiff;G:\Experiments\PTT\Spheroids\01072025_mcf7\0307 before laser\Analysis\2025-07-03_103532_tube4_segmentationDebug2\2_1105_0_segmented.tiff;2324.5;(78. 66);330.20815038681;0.695749775516312;54.402622379228;0.267894524663247;0.678511722064574;460.662161427627;0.953724089639763;0.885482618062534;0.916306212822715;;;;;;;;;;;;;;;;;;;;;;;;;;;;;;;;;;;;;
1;Tube 4;312050.0;;;;;;;;;;;;;;;;;;312050.0;0.0;1205.0;False;E:\Experiments\PTT\Spheroids\01072025_mcf7\0307 after\Analysis\2025-07-03_152759_tube4_cropped_8bits\3_1205_0_8bits.tiff;E:\Experiments\PTT\Spheroids\01072025_mcf7\0307 after\Analysis\2025-07-03_152759_tube4_segmentationDebug\3_1205_0_segmented.tiff;1889.0;(72. 84);194.5096663236618;0.8868544600938967;49.04232355837886;0.627421568754547;0.8228664012800068;243.65760100072865;0.9671544929727324;0.9093083353706706;0.9388553680124664;74.4616612356188;37.0;Alive;;;;;;;;;;;;;;;;;
1;Tube 4;313050.0;313050.0;0.0;1305.0;False;G:\Experiments\PTT\Spheroids\01072025_mcf7\0307 before laser\Analysis\2025-07-03_103532_tube4_cropped_8bits2\3_1305_0_8bits.tiff;G:\Experiments\PTT\Spheroids\01072025_mcf7\0307 before laser\Analysis\2025-07-03_103532_tube4_segmentationDebug2\3_1305_0_segmented.tiff;2088.5;(79. 67);238.75230705738;0.814865392118611;51.5670513911682;0.460414709221926;0.69695135118679;488.749643071805;0.956071844979936;0.898851730478326;0.920004100464124;;;;;;;;;;;;;;;;;;;;;;;;;;;;;;;;;;;;;
1;Tube 4;415030.0;415030.0;0.0;1503.0;False;G:\Experiments\PTT\Spheroids\01072025_mcf7\0307 before laser\Analysis\2025-07-03_103532_tube4_cropped_8bits2\4_1503_0_8bits.tiff;G:\Experiments\PTT\Spheroids\01072025_mcf7\0307 before laser\Analysis\2025-07-03_103532_tube4_segmentationDebug2\4_1503_0_segmented.tiff;1772.0;(49. 73);180.710676670074;0.920280446637237;47.4992681340534;0.681876867458134;0.819791262068854;465.563190474312;0.960929036272471;0.898820457661657;0.914118939154178;;;;;;;;;;;;;;;;;;;;;;;;;;;;;;;;;;;;;
1;Tube 4;415040.0;;;;;;;;;;;;;;;;;;415040.0;0.0;1504.0;False;E:\Experiments\PTT\Spheroids\01072025_mcf7\0307 after\Analysis\2025-07-03_152759_tube4_cropped_8bits\4_1504_0_8bits.tiff;E:\Experiments\PTT\Spheroids\01072025_mcf7\0307 after\Analysis\2025-07-03_152759_tube4_segmentationDebug\4_1504_0_segmented.tiff;1522.0;(75. 78);167.39696860313416;0.9160397231417394;44.02125153930676;0.6825419333626107;0.8381725395915552;367.074355066271;0.9698848985191028;0.9266390506736552;0.9302284929653788;73.56786593070426;37.0;Alive;;;;;;;;;;;;;;;;;
1;Tube 4;513010.0;513010.0;0.0;1301.0;False;G:\Experiments\PTT\Spheroids\01072025_mcf7\0307 before laser\Analysis\2025-07-03_103532_tube4_cropped_8bits2\5_1301_0_8bits.tiff;G:\Experiments\PTT\Spheroids\01072025_mcf7\0307 before laser\Analysis\2025-07-03_103532_tube4_segmentationDebug2\5_1301_0_segmented.tiff;1619.0;(79. 72);175.053822398185;0.90371197320681;45.4023658296154;0.663916582773627;0.903640099457017;625.071848631985;0.965848291448306;0.922064919378428;0.916454955473244;;;;;;;;;;;;;;;;;;;;;;;;;;;;;;;;;;;;;
1;Tube 4;514010.0;;;;;;;;;;;;;;;;;;514010.0;0.0;1401.0;False;E:\Experiments\PTT\Spheroids\01072025_mcf7\0307 after\Analysis\2025-07-03_152759_tube4_cropped_8bits\5_1401_0_8bits.tiff;E:\Experiments\PTT\Spheroids\01072025_mcf7\0307 after\Analysis\2025-07-03_152759_tube4_segmentationDebug\5_1401_0_segmented.tiff;1502.0;(79. 73);181.5391039848328;0.8657060518731988;43.73106214342632;0.5727161388979196;0.8420026789884115;468.4044534746527;0.9660104474762374;0.9268637629098576;0.9092703214419012;71.3333776684179;37.0;Alive;;;;;;;;;;;;;;;;;
1;Tube 4;610010.0;610010.0;0.0;1001.0;False;G:\Experiments\PTT\Spheroids\01072025_mcf7\0307 before laser\Analysis\2025-07-03_103532_tube4_cropped_8bits2\6_1001_0_8bits.tiff;G:\Experiments\PTT\Spheroids\01072025_mcf7\0307 before laser\Analysis\2025-07-03_103532_tube4_segmentationDebug2\6_1001_0_segmented.tiff;1617.0;(81. 69);172.710676908493;0.915110356536502;45.374313701;0.681210778966303;0.897657491534016;508.794702754913;0.961755505622517;0.922108042745851;0.915773623496662;;;;;;;;;;;;;;;;;;;;;;;;;;;;;;;;;;;;;
1;Tube 4;611010.0;;;;;;;;;;;;;;;;;;611010.0;0.0;1101.0;False;E:\Experiments\PTT\Spheroids\01072025_mcf7\0307 after\Analysis\2025-07-03_152759_tube4_cropped_8bits\6_1101_0_8bits.tiff;E:\Experiments\PTT\Spheroids\01072025_mcf7\0307 after\Analysis\2025-07-03_152759_tube4_segmentationDebug\6_1101_0_segmented.tiff;1402.0;(77. 72);161.88224911689758;0.9089141004862236;42.25022889545923;0.672294283316286;0.8897054051879213;507.6909720422898;0.9709051383552766;0.9317986045550162;0.9138346221530146;79.31369289086919;37.0;Alive;;;;;;;;;;;;;;;;;
1;Tube 4;707010.0;707010.0;0.0;701.0;False;G:\Experiments\PTT\Spheroids\01072025_mcf7\0307 before laser\Analysis\2025-07-03_103532_tube4_cropped_8bits2\7_0701_0_8bits.tiff;G:\Experiments\PTT\Spheroids\01072025_mcf7\0307 before laser\Analysis\2025-07-03_103532_tube4_segmentationDebug2\7_0701_0_segmented.tiff;1633.5;(76. 76);166.953317165374;0.941227312013828;45.6052277302162;0.736442592265874;0.938490403761208;428.993791727731;0.962608703664606;0.921538011615931;0.91601744381197;;;;;;;;;;;;;;;;;;;;;;;;;;;;;;;;;;;;;
1;Tube 4;708010.0;;;;;;;;;;;;;;;;;;708010.0;0.0;801.0;False;E:\Experiments\PTT\Spheroids\01072025_mcf7\0307 after\Analysis\2025-07-03_152759_tube4_cropped_8bits\7_0801_0_8bits.tiff;E:\Experiments\PTT\Spheroids\01072025_mcf7\0307 after\Analysis\2025-07-03_152759_tube4_segmentationDebug\7_0801_0_segmented.tiff;1494.0;(75. 70);158.71067678928375;0.9399182132746148;43.61444577011535;0.7453292656046242;0.9527745071202556;455.5469908143998;0.9728089776557206;0.9281143363785676;0.9272709067833146;83.18680587883222;44.0;Alive;;;;;;;;;;;;;;;;;
1;Tube 4;805010.0;805010.0;0.0;501.0;False;G:\Experiments\PTT\Spheroids\01072025_mcf7\0307 before laser\Analysis\2025-07-03_103532_tube4_cropped_8bits2\8_0501_0_8bits.tiff;G:\Experiments\PTT\Spheroids\01072025_mcf7\0307 before laser\Analysis\2025-07-03_103532_tube4_segmentationDebug2\8_0501_0_segmented.tiff;1645.5;(77. 72);176.124889850616;0.91163434903047;45.7724335256681;0.666601492407793;0.888450136414817;827.101733429025;0.962950109806661;0.920558858152923;0.880862712690336;;;;;;;;;;;;;;;;;;;;;;;;;;;;;;;;;;;;;
1;Tube 4;902020.0;902020.0;0.0;202.0;False;G:\Experiments\PTT\Spheroids\01072025_mcf7\0307 before laser\Analysis\2025-07-03_103532_tube4_cropped_8bits2\9_0202_0_8bits.tiff;G:\Experiments\PTT\Spheroids\01072025_mcf7\0307 before laser\Analysis\2025-07-03_103532_tube4_segmentationDebug2\9_0202_0_segmented.tiff;1746.0;(71. 77);168.568541526794;0.952277065721298;47.1495094895757;0.772148878250963;0.900350122704574;432.201229038012;0.964819118499355;0.916322520649015;0.922819586988123;902020.0;0.0;202.0;False;E:\Experiments\PTT\Spheroids\01072025_mcf7\0307 after\Analysis\2025-07-03_152759_tube4_cropped_8bits\9_0202_0_8bits.tiff;E:\Experiments\PTT\Spheroids\01072025_mcf7\0307 after\Analysis\2025-07-03_152759_tube4_segmentationDebug\9_0202_0_segmented.tiff;1588.0;(79. 75);162.56854116916656;0.9343924683730508;44.96559125642004;0.7550702252175652;0.9689872297477652;833.9881674213932;0.972625319394526;0.9237580398106908;0.8810309066482974;33.36835805014298;59.0;Dead;0.0;0.0;0.0;;;;-158.0;;-6.000000357627442;-0.01788459734824721;-2.1839182331556586;-0.01707865303339784;0.06863710704319115;401.7869383833812;0.007806200895171034;0.007435519161675841;-0.041788680339825635
2;Tube 5;1002070.0;1002070.0;0.0;207.0;False;G:\Experiments\PTT\Spheroids\02062025_mcf7\04062025 before laser\Analysis\2025-06-04_095336_tube5_cropped_8bits2\10_0207_0_8bits.tiff;G:\Experiments\PTT\Spheroids\02062025_mcf7\04062025 before laser\Analysis\2025-06-04_095336_tube5_segmentationDebug2\10_0207_0_segmented.tiff;2227.0;(76. 76);263.82337474823;0.770988402284922;53.2494550781996;0.402071729708645;0.642446768481191;822.576935416324;0.956188957568823;0.89218446098459;0.89161584383611;;;;;;;;;;;;;;;;;;;;;;;;;;;;;;;;;;;;;
2;Tube 5;1002080.0;;;;;;;;;;;;;;;;;;1002080.0;0.0;208.0;False;G:\Experiments\PTT\Spheroids\02062025_mcf7\04062025 after laser\Analysis\2025-06-04_161009_tube5_cropped_8bits2\10_0208_0_8bits.tiff;G:\Experiments\PTT\Spheroids\02062025_mcf7\04062025 after laser\Analysis\2025-06-04_161009_tube5_segmentationDebug2\10_0208_0_segmented.tiff;2149.0;(78. 79);279.823374390602;0.740141208885827;52.3086205288943;0.344888172164844;0.538878854594662;806.716132143177;0.965419680617785;0.89541283873135;0.905461773255496;74.61839035223343;46.0;Alive;;;;;;;;;;;;;;;;;
2;Tube 5;1102090.0;1102090.0;0.0;209.0;False;G:\Experiments\PTT\Spheroids\02062025_mcf7\04062025 before laser\Analysis\2025-06-04_095336_tube5_cropped_8bits2\11_0209_0_8bits.tiff;G:\Experiments\PTT\Spheroids\02062025_mcf7\04062025 before laser\Analysis\2025-06-04_095336_tube5_segmentationDebug2\11_0209_0_segmented.tiff;1949.0;(73. 79);208.024385213851;0.862007961079168;49.8150968350843;0.565969735875846;0.765611014856463;645.171188012966;0.972904827011104;0.906555970009052;0.900008356853126;;;;;;;;;;;;;;;;;;;;;;;;;;;;;;;;;;;;;
2;Tube 5;1102110.0;;;;;;;;;;;;;;;;;;1102110.0;0.0;211.0;False;G:\Experiments\PTT\Spheroids\02062025_mcf7\04062025 after laser\Analysis\2025-06-04_161009_tube5_cropped_8bits2\11_0211_0_8bits.tiff;G:\Experiments\PTT\Spheroids\02062025_mcf7\04062025 after laser\Analysis\2025-06-04_161009_tube5_segmentationDebug2\11_0211_0_segmented.tiff;1848.5;(76. 75);193.296463370323;0.886358187485015;48.5137433975461;0.621700909605107;0.793562360464236;683.462424012158;0.974639671758976;0.911573188077483;0.917281112005905;100.29797880414921;42.0;Alive;;;;;;;;;;;;;;;;;
2;Tube 5;111050.0;111050.0;0.0;1105.0;False;G:\Experiments\PTT\Spheroids\02062025_mcf7\04062025 before laser\Analysis\2025-06-04_095336_tube5_cropped_8bits2\1_1105_0_8bits.tiff;G:\Experiments\PTT\Spheroids\02062025_mcf7\04062025 before laser\Analysis\2025-06-04_095336_tube5_segmentationDebug2\1_1105_0_segmented.tiff;4202.0;(72. 75);358.793937325477;0.792456388495992;73.1447371105888;0.410181170532083;0.674830014524739;660.366159228922;0.92639945238445;0.794711000087642;0.901753794693317;;;;;;;;;;;;;;;;;;;;;;;;;;;;;;;;;;;;;
2;Tube 5;112050.0;;;;;;;;;;;;;;;;;;112050.0;0.0;1205.0;False;G:\Experiments\PTT\Spheroids\02062025_mcf7\04062025 after laser\Analysis\2025-06-04_161009_tube5_cropped_8bits2\1_1205_0_8bits.tiff;G:\Experiments\PTT\Spheroids\02062025_mcf7\04062025 after laser\Analysis\2025-06-04_161009_tube5_segmentationDebug2\1_1205_0_segmented.tiff;3697.0;(73. 71);291.480228543281;0.897330097087378;68.6087938742979;0.546815871798702;0.63013037779063;767.830991096487;0.939988875875177;0.825942769380947;0.894723593214511;128.51600933292104;37.0;Alive;;;;;;;;;;;;;;;;;
2;Tube 5;1202120.0;1202120.0;0.0;212.0;False;G:\Experiments\PTT\Spheroids\02062025_mcf7\04062025 before laser\Analysis\2025-06-04_095336_tube5_cropped_8bits2\12_0212_0_8bits.tiff;G:\Experiments\PTT\Spheroids\02062025_mcf7\04062025 before laser\Analysis\2025-06-04_095336_tube5_segmentationDebug2\12_0212_0_segmented.tiff;1843.0;(80. 68);199.539103746414;0.89422610383309;48.4415160884432;0.581673347669909;0.73283448428152;790.615258504728;0.962899288362564;0.911064295444434;0.905999777610816;;;;;;;;;;;;;;;;;;;;;;;;;;;;;;;;;;;;;
2;Tube 5;1202140.0;;;;;;;;;;;;;;;;;;1202140.0;0.0;214.0;False;G:\Experiments\PTT\Spheroids\02062025_mcf7\04062025 after laser\Analysis\2025-06-04_161009_tube5_cropped_8bits2\12_0214_0_8bits.tiff;G:\Experiments\PTT\Spheroids\02062025_mcf7\04062025 after laser\Analysis\2025-06-04_161009_tube5_segmentationDebug2\12_0214_0_segmented.tiff;1349.0;(77. 74);278.166520357131;0.747161451121573;41.4439397964012;0.219084724583941;0.65697359129029;621.680338837957;0.976774752340484;0.930116725929213;0.873771805356996;86.83833244314508;45.0;Alive;;;;;;;;;;;;;;;;;
2;Tube 5;1302140.0;1302140.0;0.0;214.0;False;G:\Experiments\PTT\Spheroids\02062025_mcf7\04062025 before laser\Analysis\2025-06-04_095336_tube5_cropped_8bits2\13_0214_0_8bits.tiff;G:\Experiments\PTT\Spheroids\02062025_mcf7\04062025 before laser\Analysis\2025-06-04_095336_tube5_segmentationDebug2\13_0214_0_segmented.tiff;2097.5;(71. 82);217.639609098434;0.867273103163117;51.6780412272176;0.556462572476549;0.711172695752277;781.800122331591;0.967555622238291;0.899717166606145;0.919616925840829;;;;;;;;;;;;;;;;;;;;;;;;;;;;;;;;;;;;;
2;Tube 5;1302160.0;;;;;;;;;;;;;;;;;;1302160.0;0.0;216.0;False;G:\Experiments\PTT\Spheroids\02062025_mcf7\04062025 after laser\Analysis\2025-06-04_161009_tube5_cropped_8bits2\13_0216_0_8bits.tiff;G:\Experiments\PTT\Spheroids\02062025_mcf7\04062025 after laser\Analysis\2025-06-04_161009_tube5_segmentationDebug2\13_0216_0_segmented.tiff;1952.5;(77. 81);215.438598394393;0.822971548998946;49.8598055661612;0.528632520522057;0.744435146630553;771.004693764437;0.96996776695916;0.906267172957448;0.912242478962331;78.57363730919518;52.0;Alive;;;;;;;;;;;;;;;;;
2;Tube 5;1402170.0;1402170.0;0.0;217.0;False;G:\Experiments\PTT\Spheroids\02062025_mcf7\04062025 before laser\Analysis\2025-06-04_095336_tube5_cropped_8bits2\14_0217_0_8bits.tiff;G:\Experiments\PTT\Spheroids\02062025_mcf7\04062025 before laser\Analysis\2025-06-04_095336_tube5_segmentationDebug2\14_0217_0_segmented.tiff;1983.5;(72. 76);228.752306342124;0.834104289318755;50.2540609004107;0.476333477993195;0.641988774674842;841.817627549103;0.963809125776753;0.903951784129424;0.895205147900483;;;;;;;;;;;;;;;;;;;;;;;;;;;;;;;;;;;;;
2;Tube 5;1402180.0;;;;;;;;;;;;;;;;;;1402180.0;0.0;218.0;True;G:\Experiments\PTT\Spheroids\02062025_mcf7\04062025 after laser\Analysis\2025-06-04_161009_tube5_cropped_8bits2\14_0218_0_8bits.tiff;G:\Experiments\PTT\Spheroids\02062025_mcf7\04062025 after laser\Analysis\2025-06-04_161009_tube5_segmentationDebug2\14_0218_0_segmented.tiff;1641.0;(67. 70);243.539103865623;0.737196765498652;45.7098030285671;0.347681063772718;0.565043243666311;945.383416434461;0.973261716950939;0.919051056457898;0.867287722518519;13.72529727602395;60.0;Dead;;;;;;;;;;;;;;;;;
2;Tube 5;1402181.0;;;;;;;;;;;;;;;;;;1402181.0;0.0;218.0;True;G:\Experiments\PTT\Spheroids\02062025_mcf7\04062025 after laser\Analysis\2025-06-04_161009_tube5_cropped_8bits2\14_0218_1_8bits.tiff;G:\Experiments\PTT\Spheroids\02062025_mcf7\04062025 after laser\Analysis\2025-06-04_161009_tube5_segmentationDebug2\14_0218_1_segmented.tiff;735.5;(72. 75);122.325900197029;0.858727378867484;30.6017595107325;0.617668850714668;0.901668950821485;775.814662930888;0.986725498567898;0.963044205478299;0.873221328587396;13.72529727602395;60.0;Dead;;;;;;;;;;;;;;;;;
2;Tube 5;1502200.0;1502200.0;0.0;220.0;False;G:\Experiments\PTT\Spheroids\02062025_mcf7\04062025 before laser\Analysis\2025-06-04_095336_tube5_cropped_8bits2\15_0220_0_8bits.tiff;G:\Experiments\PTT\Spheroids\02062025_mcf7\04062025 before laser\Analysis\2025-06-04_095336_tube5_segmentationDebug2\15_0220_0_segmented.tiff;1640.0;(72. 78);170.710676312446;0.913140311804008;45.695873482905;0.707183869766622;0.788631148291077;920.349588466292;0.971836928756628;0.921368655202598;0.90525351380814;;;;;;;;;;;;;;;;;;;;;;;;;;;;;;;;;;;;;
2;Tube 5;1502210.0;;;;;;;;;;;;;;;;;;1502210.0;0.0;221.0;False;G:\Experiments\PTT\Spheroids\02062025_mcf7\04062025 after laser\Analysis\2025-06-04_161009_tube5_cropped_8bits2\15_0221_0_8bits.tiff;G:\Experiments\PTT\Spheroids\02062025_mcf7\04062025 after laser\Analysis\2025-06-04_161009_tube5_segmentationDebug2\15_0221_0_segmented.tiff;1550.0;(71. 75);161.396968483924;0.948302233098807;44.4243322329047;0.747740348322673;0.722701945987844;828.465633938036;0.975156805127274;0.925450110108868;0.898074691693518;86.0118629297501;48.0;Alive;;;;;;;;;;;;;;;;;
2;Tube 5;1602220.0;1602220.0;0.0;222.0;False;G:\Experiments\PTT\Spheroids\02062025_mcf7\04062025 before laser\Analysis\2025-06-04_095336_tube5_cropped_8bits2\16_0222_0_8bits.tiff;G:\Experiments\PTT\Spheroids\02062025_mcf7\04062025 before laser\Analysis\2025-06-04_095336_tube5_segmentationDebug2\16_0222_0_segmented.tiff;1941.5;(76. 69);199.296463251113;0.879501698754246;49.7191570333138;0.614254116292924;0.796132477823749;752.346810207336;0.959969052493362;0.906788714537756;0.906592848539541;;;;;;;;;;;;;;;;;;;;;;;;;;;;;;;;;;;;;
2;Tube 5;1603240.0;;;;;;;;;;;;;;;;;;1603240.0;0.0;324.0;False;G:\Experiments\PTT\Spheroids\02062025_mcf7\04062025 after laser\Analysis\2025-06-04_161009_tube5_cropped_8bits2\16_0324_0_8bits.tiff;G:\Experiments\PTT\Spheroids\02062025_mcf7\04062025 after laser\Analysis\2025-06-04_161009_tube5_segmentationDebug2\16_0324_0_segmented.tiff;1570.0;(77. 70);192.225395441055;0.847046128945238;44.7100222012269;0.533934508459905;0.823612532798216;754.078693528693;0.972257165690091;0.923726947348057;0.888033145477239;29.339667725522165;52.0;Dead;;;;;;;;;;;;;;;;;
2;Tube 5;1705240.0;;;;;;;;;;;;;;;;;;1705240.0;0.0;524.0;False;G:\Experiments\PTT\Spheroids\02062025_mcf7\04062025 after laser\Analysis\2025-06-04_161009_tube5_cropped_8bits2\17_0524_0_8bits.tiff;G:\Experiments\PTT\Spheroids\02062025_mcf7\04062025 after laser\Analysis\2025-06-04_161009_tube5_segmentationDebug2\17_0524_0_segmented.tiff;1497.5;(75. 72);167.296463251113;0.907575757575757;43.6655037557212;0.672362023375397;0.801095598420069;808.368688379306;0.97375244461261;0.927703179198607;0.908555548021844;65.76335985157282;44.0;Alive;;;;;;;;;;;;;;;;;
2;Tube 5;1807240.0;1807240.0;0.0;724.0;False;G:\Experiments\PTT\Spheroids\02062025_mcf7\04062025 before laser\Analysis\2025-06-04_095336_tube5_cropped_8bits2\18_0724_0_8bits.tiff;G:\Experiments\PTT\Spheroids\02062025_mcf7\04062025 before laser\Analysis\2025-06-04_095336_tube5_segmentationDebug2\18_0724_0_segmented.tiff;1539.0;(76. 70);193.053822636604;0.85310421286031;44.2664168342934;0.51890956125303;0.900366363750091;659.141605201677;0.967557624037915;0.924895466093415;0.906910462727442;;;;;;;;;;;;;;;;;;;;;;;;;;;;;;;;;;;;;
2;Tube 5;1808240.0;;;;;;;;;;;;;;;;;;1808240.0;0.0;824.0;False;G:\Experiments\PTT\Spheroids\02062025_mcf7\04062025 after laser\Analysis\2025-06-04_161009_tube5_cropped_8bits2\18_0824_0_8bits.tiff;G:\Experiments\PTT\Spheroids\02062025_mcf7\04062025 after laser\Analysis\2025-06-04_161009_tube5_segmentationDebug2\18_0824_0_segmented.tiff;1408.0;(71. 68);196.225395441055;0.82051282051282;42.3405394272098;0.459517539617923;0.805982821461224;956.977399240031;0.96985434706777;0.930820165231663;0.881901398424999;34.03283389087229;52.0;Dead;;;;;;;;;;;;;;;;;
2;Tube 5;1909240.0;1909240.0;0.0;924.0;False;G:\Experiments\PTT\Spheroids\02062025_mcf7\04062025 before laser\Analysis\2025-06-04_095336_tube5_cropped_8bits2\19_0924_0_8bits.tiff;G:\Experiments\PTT\Spheroids\02062025_mcf7\04062025 before laser\Analysis\2025-06-04_095336_tube5_segmentationDebug2\19_0924_0_segmented.tiff;1534.5;(73. 79);175.982755064964;0.897106109324758;44.2016524735909;0.622639303923647;0.953042778921299;901.81144547064;0.967932259382112;0.925589978095707;0.90193833136901;;;;;;;;;;;;;;;;;;;;;;;;;;;;;;;;;;;;;
2;Tube 5;1910240.0;;;;;;;;;;;;;;;;;;1910240.0;0.0;1024.0;False;G:\Experiments\PTT\Spheroids\02062025_mcf7\04062025 after laser\Analysis\2025-06-04_161009_tube5_cropped_8bits2\19_1024_0_8bits.tiff;G:\Experiments\PTT\Spheroids\02062025_mcf7\04062025 after laser\Analysis\2025-06-04_161009_tube5_segmentationDebug2\19_1024_0_segmented.tiff;1461.0;(74. 67);168.911687374115;0.905204460966542;43.1300704249143;0.643488335906818;0.820095534672885;697.695539755385;0.969466028604593;0.923319950913008;0.891604999206786;98.7040733140303;42.0;Alive;;;;;;;;;;;;;;;;;
2;Tube 5;2012240.0;2012240.0;0.0;1224.0;False;G:\Experiments\PTT\Spheroids\02062025_mcf7\04062025 before laser\Analysis\2025-06-04_095336_tube5_cropped_8bits2\20_1224_0_8bits.tiff;G:\Experiments\PTT\Spheroids\02062025_mcf7\04062025 before laser\Analysis\2025-06-04_095336_tube5_segmentationDebug2\20_1224_0_segmented.tiff;1352.0;(73. 78);164.083260059356;0.901934623082054;41.489997161749;0.631041619256601;0.815747962238217;688.208979544856;0.971174684882895;0.931575302085629;0.896745482315374;;;;;;;;;;;;;;;;;;;;;;;;;;;;;;;;;;;;;
2;Tube 5;2013240.0;;;;;;;;;;;;;;;;;;2013240.0;0.0;1324.0;False;G:\Experiments\PTT\Spheroids\02062025_mcf7\04062025 after laser\Analysis\2025-06-04_161009_tube5_cropped_8bits2\20_1324_0_8bits.tiff;G:\Experiments\PTT\Spheroids\02062025_mcf7\04062025 after laser\Analysis\2025-06-04_161009_tube5_segmentationDebug2\20_1324_0_segmented.tiff;1249.0;(72. 70);154.568541526794;0.918720117690327;39.8782671561117;0.65694662270209;0.766899857625848;773.910659436478;0.97397251099075;0.939256558003229;0.907499770505375;49.82430495038372;44.0;Dead;;;;;;;;;;;;;;;;;
2;Tube 5;214050.0;214050.0;0.0;1405.0;False;G:\Experiments\PTT\Spheroids\02062025_mcf7\04062025 before laser\Analysis\2025-06-04_095336_tube5_cropped_8bits2\2_1405_0_8bits.tiff;G:\Experiments\PTT\Spheroids\02062025_mcf7\04062025 before laser\Analysis\2025-06-04_095336_tube5_segmentationDebug2\2_1405_0_segmented.tiff;2861.0;(78. 79);281.9655097723;0.824376890937905;60.3551020004713;0.45220540101198;0.625390896525388;383.346068563837;0.932675758926634;0.862866082698944;0.923602282950452;;;;;;;;;;;;;;;;;;;;;;;;;;;;;;;;;;;;;
2;Tube 5;314010.0;;;;;;;;;;;;;;;;;;314010.0;0.0;1401.0;False;G:\Experiments\PTT\Spheroids\02062025_mcf7\04062025 after laser\Analysis\2025-06-04_161009_tube5_cropped_8bits2\3_1401_0_8bits.tiff;G:\Experiments\PTT\Spheroids\02062025_mcf7\04062025 after laser\Analysis\2025-06-04_161009_tube5_segmentationDebug2\3_1401_0_segmented.tiff;2824.5;(72. 74);263.923879861831;0.862837941041698;59.9688677073735;0.509558521793205;0.691605043173562;851.473429405181;0.949512849677397;0.865202965924466;0.90166448224053;131.5857532398167;37.0;Alive;;;;;;;;;;;;;;;;;
2;Tube 5;315020.0;315020.0;0.0;1502.0;False;G:\Experiments\PTT\Spheroids\02062025_mcf7\04062025 before laser\Analysis\2025-06-04_095336_tube5_cropped_8bits2\3_1502_0_8bits.tiff;G:\Experiments\PTT\Spheroids\02062025_mcf7\04062025 before laser\Analysis\2025-06-04_095336_tube5_segmentationDebug2\3_1502_0_segmented.tiff;2923.5;(72. 68);287.923879504203;0.817419264644205;61.0107843666449;0.443156977245896;0.698234152297852;823.550028714074;0.940678258943476;0.860140633282207;0.893889319183757;;;;;;;;;;;;;;;;;;;;;;;;;;;;;;;;;;;;;
2;Tube 5;411010.0;;;;;;;;;;;;;;;;;;411010.0;0.0;1101.0;False;G:\Experiments\PTT\Spheroids\02062025_mcf7\04062025 after laser\Analysis\2025-06-04_161009_tube5_cropped_8bits2\4_1101_0_8bits.tiff;G:\Experiments\PTT\Spheroids\02062025_mcf7\04062025 after laser\Analysis\2025-06-04_161009_tube5_segmentationDebug2\4_1101_0_segmented.tiff;1925.0;(76. 72);215.539103627204;0.842819614711033;49.5074350336915;0.52070104954772;0.847445659015763;793.274517967377;0.965243463099286;0.907156102468315;0.900917863348161;68.89213729513958;37.0;Alive;;;;;;;;;;;;;;;;;
2;Tube 5;413010.0;413010.0;0.0;1301.0;False;G:\Experiments\PTT\Spheroids\02062025_mcf7\04062025 before laser\Analysis\2025-06-04_095336_tube5_cropped_8bits2\4_1301_0_8bits.tiff;G:\Experiments\PTT\Spheroids\02062025_mcf7\04062025 before laser\Analysis\2025-06-04_095336_tube5_segmentationDebug2\4_1301_0_segmented.tiff;1969.0;(74. 73);194.024384975433;0.903625516291877;50.0700375832047;0.657268697157045;0.957044225221811;899.957131119183;0.95904875074402;0.905595151799582;0.891551551808811;;;;;;;;;;;;;;;;;;;;;;;;;;;;;;;;;;;;;
2;Tube 5;511010.0;511010.0;0.0;1101.0;False;G:\Experiments\PTT\Spheroids\02062025_mcf7\04062025 before laser\Analysis\2025-06-04_095336_tube5_cropped_8bits2\5_1101_0_8bits.tiff;G:\Experiments\PTT\Spheroids\02062025_mcf7\04062025 before laser\Analysis\2025-06-04_095336_tube5_segmentationDebug2\5_1101_0_segmented.tiff;2423.0;(64. 61);224.8528124094;0.903598732052955;55.5433111804949;0.60223588530687;0.747462346968032;890.901788252568;0.949567207875744;0.871370477922732;0.903929447401955;;;;;;;;;;;;;;;;;;;;;;;;;;;;;;;;;;;;;
2;Tube 5;606010.0;;;;;;;;;;;;;;;;;;606010.0;0.0;601.0;False;G:\Experiments\PTT\Spheroids\02062025_mcf7\04062025 after laser\Analysis\2025-06-04_161009_tube5_cropped_8bits2\6_0601_0_8bits.tiff;G:\Experiments\PTT\Spheroids\02062025_mcf7\04062025 after laser\Analysis\2025-06-04_161009_tube5_segmentationDebug2\6_0601_0_segmented.tiff;2519.0;(76. 75);205.539103507995;0.943092474728566;56.6329445922413;0.749288583635273;0.898375320838415;875.073886399253;0.958023512558688;0.881012103845572;0.894956345950687;120.25131419897113;37.0;Alive;;;;;;;;;;;;;;;;;
2;Tube 5;608010.0;608010.0;0.0;801.0;False;G:\Experiments\PTT\Spheroids\02062025_mcf7\04062025 before laser\Analysis\2025-06-04_095336_tube5_cropped_8bits2\6_0801_0_8bits.tiff;G:\Experiments\PTT\Spheroids\02062025_mcf7\04062025 before laser\Analysis\2025-06-04_095336_tube5_segmentationDebug2\6_0801_0_segmented.tiff;2625.5;(72. 78);221.438598394393;0.925123326286116;57.8177345172064;0.672845324404078;0.835490004175373;916.477009370317;0.947599046044872;0.875593832009747;0.896127288997772;;;;;;;;;;;;;;;;;;;;;;;;;;;;;;;;;;;;;
2;Tube 5;703010.0;;;;;;;;;;;;;;;;;;703010.0;0.0;301.0;False;G:\Experiments\PTT\Spheroids\02062025_mcf7\04062025 after laser\Analysis\2025-06-04_161009_tube5_cropped_8bits2\7_0301_0_8bits.tiff;G:\Experiments\PTT\Spheroids\02062025_mcf7\04062025 after laser\Analysis\2025-06-04_161009_tube5_segmentationDebug2\7_0301_0_segmented.tiff;2182.5;(74. 69);202.610171675682;0.904288377874456;52.7147541622314;0.668100239324557;0.891798806837898;728.298113657837;0.962887765678764;0.896173312986722;0.899577720917253;56.02282630084615;43.0;Alive;;;;;;;;;;;;;;;;;
2;Tube 5;705010.0;705010.0;0.0;501.0;False;G:\Experiments\PTT\Spheroids\02062025_mcf7\04062025 before laser\Analysis\2025-06-04_095336_tube5_cropped_8bits2\7_0501_0_8bits.tiff;G:\Experiments\PTT\Spheroids\02062025_mcf7\04062025 before laser\Analysis\2025-06-04_095336_tube5_segmentationDebug2\7_0501_0_segmented.tiff;2253.5;(73. 73);200.953317165374;0.919983670136762;53.5653368705984;0.701256770527106;0.8911382469905;890.708268821313;0.955350763901257;0.89298640953537;0.891403230782292;;;;;;;;;;;;;;;;;;;;;;;;;;;;;;;;;;;;;
2;Tube 5;802040.0;;;;;;;;;;;;;;;;;;802040.0;0.0;204.0;False;G:\Experiments\PTT\Spheroids\02062025_mcf7\04062025 after laser\Analysis\2025-06-04_161009_tube5_cropped_8bits2\8_0204_0_8bits.tiff;G:\Experiments\PTT\Spheroids\02062025_mcf7\04062025 after laser\Analysis\2025-06-04_161009_tube5_segmentationDebug2\8_0204_0_segmented.tiff;1692.5;(76. 72);172.468035817146;0.921339139902014;46.4215244198665;0.715025131735502;0.895837826932553;1168.66412648497;0.971546382481731;0.918718230059065;0.850784868147714;14.271357490231356;53.0;Dead;;;;;;;;;;;;;;;;;
2;Tube 5;803010.0;803010.0;0.0;301.0;False;G:\Experiments\PTT\Spheroids\02062025_mcf7\04062025 before laser\Analysis\2025-06-04_095336_tube5_cropped_8bits2\8_0301_0_8bits.tiff;G:\Experiments\PTT\Spheroids\02062025_mcf7\04062025 before laser\Analysis\2025-06-04_095336_tube5_segmentationDebug2\8_0301_0_segmented.tiff;2347.0;(72. 74);242.024385213851;0.850208295598623;54.6652834209558;0.503506060560463;0.895169742722925;741.846119175203;0.96365801977993;0.887778865204841;0.906362431628758;;;;;;;;;;;;;;;;;;;;;;;;;;;;;;;;;;;;;
2;Tube 5;902040.0;902040.0;0.0;204.0;False;G:\Experiments\PTT\Spheroids\02062025_mcf7\04062025 before laser\Analysis\2025-06-04_095336_tube5_cropped_8bits2\9_0204_0_8bits.tiff;G:\Experiments\PTT\Spheroids\02062025_mcf7\04062025 before laser\Analysis\2025-06-04_095336_tube5_segmentationDebug2\9_0204_0_segmented.tiff;2143.5;(72. 75);208.953317403793;0.90366779089376;52.2416401363875;0.616928467600345;0.776428577106774;861.417994135839;0.965060410454488;0.897521096483695;0.906697438763646;;;;;;;;;;;;;;;;;;;;;;;;;;;;;;;;;;;;;
2;Tube 5;902050.0;;;;;;;;;;;;;;;;;;902050.0;0.0;205.0;False;G:\Experiments\PTT\Spheroids\02062025_mcf7\04062025 after laser\Analysis\2025-06-04_161009_tube5_cropped_8bits2\9_0205_0_8bits.tiff;G:\Experiments\PTT\Spheroids\02062025_mcf7\04062025 after laser\Analysis\2025-06-04_161009_tube5_segmentationDebug2\9_0205_0_segmented.tiff;2022.5;(75. 75);196.953317403793;0.911241270556431;50.7457089735365;0.655196839334992;0.769279192246564;695.470270977961;0.972878504913246;0.903948591745667;0.926882361394606;63.461051921401065;48.0;Alive;;;;;;;;;;;;;;;;;
2;Tube 6;1002060.0;1002060.0;0.0;206.0;False;G:\Experiments\PTT\Spheroids\02062025_mcf7\04062025 before laser\Analysis\2025-06-04_100208_tube6_cropped_8bits2\10_0206_0_8bits.tiff;G:\Experiments\PTT\Spheroids\02062025_mcf7\04062025 before laser\Analysis\2025-06-04_100208_tube6_segmentationDebug2\10_0206_0_segmented.tiff;1859.0;(75. 68);189.539103627204;0.898936170212766;48.6513341406242;0.650266841488118;0.8049723306431;897.812624489148;0.97163652116388;0.911069489925316;0.90022279046209;;;;;;;;;;;;;;;;;;;;;;;;;;;;;;;;;;;;;
2;Tube 6;1002070.0;;;;;;;;;;;;;;;;;;1002070.0;0.0;207.0;False;G:\Experiments\PTT\Spheroids\02062025_mcf7\04062025 after laser\Analysis\2025-06-04_161757_tube6_cropped_8bits2\10_0207_0_8bits.tiff;G:\Experiments\PTT\Spheroids\02062025_mcf7\04062025 after laser\Analysis\2025-06-04_161757_tube6_segmentationDebug2\10_0207_0_segmented.tiff;1795.0;(67. 77);193.539103984832;0.896155766350474;47.806537029988;0.602194611036664;0.780414134815212;1066.61055243759;0.973188505216929;0.913826698378368;0.889992169248372;9.592949709048998;66.0;Dead;;;;;;;;;;;;;;;;;
2;Tube 6;110050.0;110050.0;0.0;1005.0;False;G:\Experiments\PTT\Spheroids\02062025_mcf7\04062025 before laser\Analysis\2025-06-04_100208_tube6_cropped_8bits2\1_1005_0_8bits.tiff;G:\Experiments\PTT\Spheroids\02062025_mcf7\04062025 before laser\Analysis\2025-06-04_100208_tube6_segmentationDebug2\1_1005_0_segmented.tiff;3369.5;(75. 76);246.124890208244;0.9345444459853;65.4994705778995;0.698979202506706;0.873915763077811;744.75819702592;0.942592120913163;0.841964534636164;0.915358051101725;;;;;;;;;;;;;;;;;;;;;;;;;;;;;;;;;;;;;
2;Tube 6;1102080.0;1102080.0;0.0;208.0;False;G:\Experiments\PTT\Spheroids\02062025_mcf7\04062025 before laser\Analysis\2025-06-04_100208_tube6_cropped_8bits2\11_0208_0_8bits.tiff;G:\Experiments\PTT\Spheroids\02062025_mcf7\04062025 before laser\Analysis\2025-06-04_100208_tube6_segmentationDebug2\11_0208_0_segmented.tiff;1694.5;(77. 74);236.267025470733;0.740441337120384;46.4489441059076;0.381456667017942;0.543423466736245;771.919769608539;0.971390933975063;0.917133358670206;0.90454254975637;;;;;;;;;;;;;;;;;;;;;;;;;;;;;;;;;;;;;
2;Tube 6;1102100.0;;;;;;;;;;;;;;;;;;1102100.0;0.0;210.0;False;G:\Experiments\PTT\Spheroids\02062025_mcf7\04062025 after laser\Analysis\2025-06-04_161757_tube6_cropped_8bits2\11_0210_0_8bits.tiff;G:\Experiments\PTT\Spheroids\02062025_mcf7\04062025 after laser\Analysis\2025-06-04_161757_tube6_segmentationDebug2\11_0210_0_segmented.tiff;1437.5;(75. 69);199.781744480133;0.788319166438168;42.7817933887395;0.452591210267476;0.662528746571157;894.263175593054;0.975567218574892;0.929635466786071;0.900626340895663;33.76718297585247;52.0;Dead;;;;;;;;;;;;;;;;;
2;Tube 6;111050.0;;;;;;;;;;;;;;;;;;111050.0;0.0;1105.0;False;G:\Experiments\PTT\Spheroids\02062025_mcf7\04062025 after laser\Analysis\2025-06-04_161757_tube6_cropped_8bits2\1_1105_0_8bits.tiff;G:\Experiments\PTT\Spheroids\02062025_mcf7\04062025 after laser\Analysis\2025-06-04_161757_tube6_segmentationDebug2\1_1105_0_segmented.tiff;3131.5;(79. 71);251.438598752021;0.901670025914195;63.143880418756;0.622441276378097;0.917562364078072;774.210738560522;0.944099774371231;0.852393529930291;0.907734897645243;101.65575014758384;37.0;Alive;;;;;;;;;;;;;;;;;
2;Tube 6;1202110.0;1202110.0;0.0;211.0;False;G:\Experiments\PTT\Spheroids\02062025_mcf7\04062025 before laser\Analysis\2025-06-04_100208_tube6_cropped_8bits2\12_0211_0_8bits.tiff;G:\Experiments\PTT\Spheroids\02062025_mcf7\04062025 before laser\Analysis\2025-06-04_100208_tube6_segmentationDebug2\12_0211_0_segmented.tiff;1855.0;(83. 73);185.882249712944;0.913793103448275;48.5989645515594;0.674649088380144;0.762719757861016;710.337626746258;0.974259169345785;0.911132294876063;0.914787190822587;;;;;;;;;;;;;;;;;;;;;;;;;;;;;;;;;;;;;
2;Tube 6;1202120.0;;;;;;;;;;;;;;;;;;1202120.0;0.0;212.0;False;G:\Experiments\PTT\Spheroids\02062025_mcf7\04062025 after laser\Analysis\2025-06-04_161757_tube6_cropped_8bits2\12_0212_0_8bits.tiff;G:\Experiments\PTT\Spheroids\02062025_mcf7\04062025 after laser\Analysis\2025-06-04_161757_tube6_segmentationDebug2\12_0212_0_segmented.tiff;1626.0;(75. 72);171.539103865623;0.910924369747899;45.500412083182;0.694391076826769;0.924155983376079;1227.56987210967;0.97380444718496;0.921982276407035;0.858841646649955;15.112585387794113;71.0;Dead;;;;;;;;;;;;;;;;;
2;Tube 6;1302140.0;1302140.0;0.0;214.0;False;G:\Experiments\PTT\Spheroids\02062025_mcf7\04062025 before laser\Analysis\2025-06-04_100208_tube6_cropped_8bits2\13_0214_0_8bits.tiff;G:\Experiments\PTT\Spheroids\02062025_mcf7\04062025 before laser\Analysis\2025-06-04_100208_tube6_segmentationDebug2\13_0214_0_segmented.tiff;1557.0;(68. 68);167.539104104042;0.919126328217237;44.5245322395715;0.697053478897964;0.87625166428509;562.859491184651;0.984313560461369;0.925526521160257;0.932989605087891;;;;;;;;;;;;;;;;;;;;;;;;;;;;;;;;;;;;;
2;Tube 6;1302150.0;;;;;;;;;;;;;;;;;;1302150.0;0.0;215.0;False;G:\Experiments\PTT\Spheroids\02062025_mcf7\04062025 after laser\Analysis\2025-06-04_161757_tube6_cropped_8bits2\13_0215_0_8bits.tiff;G:\Experiments\PTT\Spheroids\02062025_mcf7\04062025 after laser\Analysis\2025-06-04_161757_tube6_segmentationDebug2\13_0215_0_segmented.tiff;1300.5;(73. 75);172.811182141304;0.830194701563996;40.6921126009461;0.547238367204606;0.943949001601486;1165.70819149366;0.971837788367123;0.936092205142626;0.844234025675216;16.17518904787339;64.0;Dead;;;;;;;;;;;;;;;;;
2;Tube 6;1402160.0;1402160.0;0.0;216.0;False;G:\Experiments\PTT\Spheroids\02062025_mcf7\04062025 before laser\Analysis\2025-06-04_100208_tube6_cropped_8bits2\14_0216_0_8bits.tiff;G:\Experiments\PTT\Spheroids\02062025_mcf7\04062025 before laser\Analysis\2025-06-04_100208_tube6_segmentationDebug2\14_0216_0_segmented.tiff;1513.5;(69. 73);184.468035936355;0.856536502546689;43.8981554391146;0.558920503683622;0.780727075104824;764.763430918861;0.977076096728998;0.926442446838969;0.897004441280136;;;;;;;;;;;;;;;;;;;;;;;;;;;;;;;;;;;;;
2;Tube 6;1402170.0;;;;;;;;;;;;;;;;;;1402170.0;0.0;217.0;False;G:\Experiments\PTT\Spheroids\02062025_mcf7\04062025 after laser\Analysis\2025-06-04_161757_tube6_cropped_8bits2\14_0217_0_8bits.tiff;G:\Experiments\PTT\Spheroids\02062025_mcf7\04062025 after laser\Analysis\2025-06-04_161757_tube6_segmentationDebug2\14_0217_0_segmented.tiff;1596.5;(81. 75);175.296462893486;0.891152665364219;45.0857730683381;0.652878670994032;0.917455431374728;841.630784612454;0.981576021792997;0.9233010885294;0.908976693758198;13.105445140977707;70.0;Dead;;;;;;;;;;;;;;;;;
2;Tube 6;1502190.0;1502190.0;0.0;219.0;False;G:\Experiments\PTT\Spheroids\02062025_mcf7\04062025 before laser\Analysis\2025-06-04_100208_tube6_cropped_8bits2\15_0219_0_8bits.tiff;G:\Experiments\PTT\Spheroids\02062025_mcf7\04062025 before laser\Analysis\2025-06-04_100208_tube6_segmentationDebug2\15_0219_0_segmented.tiff;1671.5;(75. 73);178.811182022094;0.915138242540377;46.132633775071;0.656941801058295;0.791010971191066;578.790722195082;0.978983220190642;0.919971698080235;0.913211601658701;;;;;;;;;;;;;;;;;;;;;;;;;;;;;;;;;;;;;
2;Tube 6;1502200.0;;;;;;;;;;;;;;;;;;1502200.0;0.0;220.0;False;G:\Experiments\PTT\Spheroids\02062025_mcf7\04062025 after laser\Analysis\2025-06-04_161757_tube6_cropped_8bits2\15_0220_0_8bits.tiff;G:\Experiments\PTT\Spheroids\02062025_mcf7\04062025 after laser\Analysis\2025-06-04_161757_tube6_segmentationDebug2\15_0220_0_segmented.tiff;1382.5;(66. 69);161.639609456062;0.913747521480502;41.9553771356707;0.664935345556182;0.844167132651336;1039.47604600834;0.96855193309745;0.932877350161141;0.851535081014734;17.48868523880471;62.0;Dead;;;;;;;;;;;;;;;;;
2;Tube 6;1602210.0;1602210.0;0.0;221.0;False;G:\Experiments\PTT\Spheroids\02062025_mcf7\04062025 before laser\Analysis\2025-06-04_100208_tube6_cropped_8bits2\16_0221_0_8bits.tiff;G:\Experiments\PTT\Spheroids\02062025_mcf7\04062025 before laser\Analysis\2025-06-04_100208_tube6_segmentationDebug2\16_0221_0_segmented.tiff;1940.0;(78. 73);207.053822517395;0.885844748858447;49.6999468489274;0.56865005920759;0.838029899373453;572.432359818109;0.973770337983524;0.907018019121503;0.907902014464117;;;;;;;;;;;;;;;;;;;;;;;;;;;;;;;;;;;;;
2;Tube 6;1602230.0;;;;;;;;;;;;;;;;;;1602230.0;0.0;223.0;False;G:\Experiments\PTT\Spheroids\02062025_mcf7\04062025 after laser\Analysis\2025-06-04_161757_tube6_cropped_8bits2\16_0223_0_8bits.tiff;G:\Experiments\PTT\Spheroids\02062025_mcf7\04062025 after laser\Analysis\2025-06-04_161757_tube6_segmentationDebug2\16_0223_0_segmented.tiff;1536.0;(75. 71);171.882249712944;0.902998236331569;44.2232511323309;0.653339658116667;0.824811233230949;1311.14873169901;0.969906364400574;0.925938364347819;0.842130608463668;9.82908385573328;71.0;Dead;;;;;;;;;;;;;;;;;
2;Tube 6;1704240.0;1704240.0;0.0;424.0;False;G:\Experiments\PTT\Spheroids\02062025_mcf7\04062025 before laser\Analysis\2025-06-04_100208_tube6_cropped_8bits2\17_0424_0_8bits.tiff;G:\Experiments\PTT\Spheroids\02062025_mcf7\04062025 before laser\Analysis\2025-06-04_100208_tube6_segmentationDebug2\17_0424_0_segmented.tiff;1611.5;(76. 69);184.811182022094;0.869670804101457;45.297080770627;0.592903049994809;0.697925125570879;804.335866522842;0.965398647973017;0.921649344830592;0.898410234829624;;;;;;;;;;;;;;;;;;;;;;;;;;;;;;;;;;;;;
2;Tube 6;1705240.0;;;;;;;;;;;;;;;;;;1705240.0;0.0;524.0;False;G:\Experiments\PTT\Spheroids\02062025_mcf7\04062025 after laser\Analysis\2025-06-04_161757_tube6_cropped_8bits2\17_0524_0_8bits.tiff;G:\Experiments\PTT\Spheroids\02062025_mcf7\04062025 after laser\Analysis\2025-06-04_161757_tube6_segmentationDebug2\17_0524_0_segmented.tiff;1409.0;(73. 68);175.740114331245;0.871636251159913;42.3555724613874;0.573296179919883;0.791480250318971;998.392852324574;0.970379190475657;0.931143928031025;0.900663738834533;21.94571725747055;57.0;Dead;;;;;;;;;;;;;;;;;
2;Tube 6;1806240.0;1806240.0;0.0;624.0;False;G:\Experiments\PTT\Spheroids\02062025_mcf7\04062025 before laser\Analysis\2025-06-04_100208_tube6_cropped_8bits2\18_0624_0_8bits.tiff;G:\Experiments\PTT\Spheroids\02062025_mcf7\04062025 before laser\Analysis\2025-06-04_100208_tube6_segmentationDebug2\18_0624_0_segmented.tiff;1644.0;(75. 77);180.225395441055;0.902057613168724;45.7515662195799;0.636033078804784;0.708738604879377;845.228363097535;0.970197744259489;0.92053036083482;0.901867481960178;;;;;;;;;;;;;;;;;;;;;;;;;;;;;;;;;;;;;
2;Tube 6;1807240.0;;;;;;;;;;;;;;;;;;1807240.0;0.0;724.0;False;G:\Experiments\PTT\Spheroids\02062025_mcf7\04062025 after laser\Analysis\2025-06-04_161757_tube6_cropped_8bits2\18_0724_0_8bits.tiff;G:\Experiments\PTT\Spheroids\02062025_mcf7\04062025 after laser\Analysis\2025-06-04_161757_tube6_segmentationDebug2\18_0724_0_segmented.tiff;1327.0;(71. 73);171.539103746414;0.860291734197731;41.1046089369983;0.566701697558325;0.861410912411084;971.433915791879;0.978644078504827;0.934942231751652;0.854694703485245;24.292300340145616;79.0;Dead;;;;;;;;;;;;;;;;;
2;Tube 6;1908240.0;1908240.0;0.0;824.0;False;G:\Experiments\PTT\Spheroids\02062025_mcf7\04062025 before laser\Analysis\2025-06-04_100208_tube6_cropped_8bits2\19_0824_0_8bits.tiff;G:\Experiments\PTT\Spheroids\02062025_mcf7\04062025 before laser\Analysis\2025-06-04_100208_tube6_segmentationDebug2\19_0824_0_segmented.tiff;1365.5;(75. 72);151.497473597526;0.940103270223752;41.6966257428087;0.747637002264394;0.730664414634453;742.415912707981;0.974422731298214;0.933832328038674;0.899760221372353;;;;;;;;;;;;;;;;;;;;;;;;;;;;;;;;;;;;;
2;Tube 6;1910240.0;;;;;;;;;;;;;;;;;;1910240.0;0.0;1024.0;False;G:\Experiments\PTT\Spheroids\02062025_mcf7\04062025 after laser\Analysis\2025-06-04_161757_tube6_cropped_8bits2\19_1024_0_8bits.tiff;G:\Experiments\PTT\Spheroids\02062025_mcf7\04062025 after laser\Analysis\2025-06-04_161757_tube6_segmentationDebug2\19_1024_0_segmented.tiff;1409.0;(79. 72);171.740114450454;0.893468611287254;42.3555724613874;0.600312464920745;0.723892874569025;772.625203252032;0.970041520727003;0.931206650139015;0.898829685290922;27.39156101537683;57.0;Dead;;;;;;;;;;;;;;;;;
2;Tube 6;2012240.0;2012240.0;0.0;1224.0;False;G:\Experiments\PTT\Spheroids\02062025_mcf7\04062025 before laser\Analysis\2025-06-04_100208_tube6_cropped_8bits2\20_1224_0_8bits.tiff;G:\Experiments\PTT\Spheroids\02062025_mcf7\04062025 before laser\Analysis\2025-06-04_100208_tube6_segmentationDebug2\20_1224_0_segmented.tiff;1401.5;(82. 73);154.124890327453;0.926917989417989;42.2426943026404;0.741408234059885;0.964940655342115;789.667373554454;0.975028390812994;0.932344292047934;0.901355772614454;2012240.0;0.0;1224.0;False;G:\Experiments\PTT\Spheroids\02062025_mcf7\04062025 after laser\Analysis\2025-06-04_161757_tube6_cropped_8bits2\20_1224_0_8bits.tiff;G:\Experiments\PTT\Spheroids\02062025_mcf7\04062025 after laser\Analysis\2025-06-04_161757_tube6_segmentationDebug2\20_1224_0_segmented.tiff;1437.5;(72. 79);178.468036055564;0.854891465953018;42.7817933887395;0.56714855302169;0.69858831340579;1206.07795951622;0.974867133135747;0.929693158815271;0.830424269227626;18.46273859387738;69.0;Dead;0.0;0.0;0.0;;;;36.0;;24.34314572811101;-0.07202652346497096;0.5390990860990996;-0.174259681038195;-0.26635234193632507;416.41058596176606;-0.00016125767724695095;-0.002651133232662972;-0.07093150338682797
2;Tube 6;213050.0;213050.0;0.0;1305.0;False;G:\Experiments\PTT\Spheroids\02062025_mcf7\04062025 before laser\Analysis\2025-06-04_100208_tube6_cropped_8bits2\2_1305_0_8bits.tiff;G:\Experiments\PTT\Spheroids\02062025_mcf7\04062025 before laser\Analysis\2025-06-04_100208_tube6_segmentationDebug2\2_1305_0_segmented.tiff;2404.5;(75. 73);227.296463251113;0.874204690056353;55.3308637680246;0.584856457220262;0.861006427100257;856.593539865613;0.96224335919022;0.885749159611757;0.913171048283438;;;;;;;;;;;;;;;;;;;;;;;;;;;;;;;;;;;;;
2;Tube 6;214050.0;;;;;;;;;;;;;;;;;;214050.0;0.0;1405.0;False;G:\Experiments\PTT\Spheroids\02062025_mcf7\04062025 after laser\Analysis\2025-06-04_161757_tube6_cropped_8bits2\2_1405_0_8bits.tiff;G:\Experiments\PTT\Spheroids\02062025_mcf7\04062025 after laser\Analysis\2025-06-04_161757_tube6_segmentationDebug2\2_1405_0_segmented.tiff;2204.0;(72. 79);207.195957899093;0.894117647058823;52.9737666831073;0.645147318990755;0.982108695283042;1080.56398981696;0.962052816663491;0.894994971091098;0.887975832044994;88.25513732325078;37.0;Alive;;;;;;;;;;;;;;;;;
2;Tube 6;315030.0;;;;;;;;;;;;;;;;;;315030.0;0.0;1503.0;False;G:\Experiments\PTT\Spheroids\02062025_mcf7\04062025 after laser\Analysis\2025-06-04_161757_tube6_cropped_8bits2\3_1503_0_8bits.tiff;G:\Experiments\PTT\Spheroids\02062025_mcf7\04062025 after laser\Analysis\2025-06-04_161757_tube6_segmentationDebug2\3_1503_0_segmented.tiff;2042.0;(77. 78);196.367530465126;0.887247447316967;50.9897553470224;0.66546657232844;0.936327003258216;943.580875189229;0.970235992425964;0.902559845457504;0.880663101941389;94.09945745368678;37.0;Alive;;;;;;;;;;;;;;;;;
2;Tube 6;315040.0;315040.0;0.0;1504.0;False;G:\Experiments\PTT\Spheroids\02062025_mcf7\04062025 before laser\Analysis\2025-06-04_100208_tube6_cropped_8bits2\3_1504_0_8bits.tiff;G:\Experiments\PTT\Spheroids\02062025_mcf7\04062025 before laser\Analysis\2025-06-04_100208_tube6_segmentationDebug2\3_1504_0_segmented.tiff;2132.5;(74. 75);188.953316926956;0.938393839383938;52.1074210563882;0.750567687582633;0.921667227042885;847.110611395375;0.971483631586276;0.899088944815143;0.886871238948763;;;;;;;;;;;;;;;;;;;;;;;;;;;;;;;;;;;;;
2;Tube 6;413010.0;;;;;;;;;;;;;;;;;;413010.0;0.0;1301.0;False;G:\Experiments\PTT\Spheroids\02062025_mcf7\04062025 after laser\Analysis\2025-06-04_161757_tube6_cropped_8bits2\4_1301_0_8bits.tiff;G:\Experiments\PTT\Spheroids\02062025_mcf7\04062025 after laser\Analysis\2025-06-04_161757_tube6_segmentationDebug2\4_1301_0_segmented.tiff;2507.0;(74. 69);233.195958018302;0.879186393126424;56.4978896831647;0.57932485407947;0.950621785818135;885.235272742082;0.949334716161088;0.880505379703111;0.904810815281146;87.4286678098558;37.0;Alive;;;;;;;;;;;;;;;;;
2;Tube 6;414010.0;414010.0;0.0;1401.0;False;G:\Experiments\PTT\Spheroids\02062025_mcf7\04062025 before laser\Analysis\2025-06-04_100208_tube6_cropped_8bits2\4_1401_0_8bits.tiff;G:\Experiments\PTT\Spheroids\02062025_mcf7\04062025 before laser\Analysis\2025-06-04_100208_tube6_segmentationDebug2\4_1401_0_segmented.tiff;2292.0;(69. 74);204.024384856224;0.92549969715324;54.0209684894022;0.691927072267142;0.867382830383315;798.951747682195;0.958971160172897;0.891360517979244;0.909701561789642;;;;;;;;;;;;;;;;;;;;;;;;;;;;;;;;;;;;;
2;Tube 6;510010.0;;;;;;;;;;;;;;;;;;510010.0;0.0;1001.0;False;G:\Experiments\PTT\Spheroids\02062025_mcf7\04062025 after laser\Analysis\2025-06-04_161757_tube6_cropped_8bits2\5_1001_0_8bits.tiff;G:\Experiments\PTT\Spheroids\02062025_mcf7\04062025 after laser\Analysis\2025-06-04_161757_tube6_segmentationDebug2\5_1001_0_segmented.tiff;1984.5;(79. 81);213.639608740806;0.853364867770372;50.2667273305805;0.546383303237072;0.850102576617358;994.763575545193;0.959776109612366;0.90409745578678;0.883306980093851;67.2391982683496;37.0;Alive;;;;;;;;;;;;;;;;;
2;Tube 6;607010.0;;;;;;;;;;;;;;;;;;607010.0;0.0;701.0;False;G:\Experiments\PTT\Spheroids\02062025_mcf7\04062025 after laser\Analysis\2025-06-04_161757_tube6_cropped_8bits2\6_0701_0_8bits.tiff;G:\Experiments\PTT\Spheroids\02062025_mcf7\04062025 after laser\Analysis\2025-06-04_161757_tube6_segmentationDebug2\6_0701_0_segmented.tiff;1916.0;(79. 75);209.195957899093;0.86131714992133;49.3915677794557;0.55017238912352;0.902081373729384;875.719369233529;0.96581379046756;0.907510641074416;0.883603082802348;63.81525314142748;37.0;Alive;;;;;;;;;;;;;;;;;
2;Tube 6;609010.0;609010.0;0.0;901.0;False;G:\Experiments\PTT\Spheroids\02062025_mcf7\04062025 before laser\Analysis\2025-06-04_100208_tube6_cropped_8bits2\6_0901_0_8bits.tiff;G:\Experiments\PTT\Spheroids\02062025_mcf7\04062025 before laser\Analysis\2025-06-04_100208_tube6_segmentationDebug2\6_0901_0_segmented.tiff;2388.0;(73. 73);226.710676670074;0.874725274725274;55.1406930753283;0.583848595884795;0.815784488637953;842.477127597993;0.958133933798251;0.885811455755719;0.904689175670896;;;;;;;;;;;;;;;;;;;;;;;;;;;;;;;;;;;;;
2;Tube 6;706010.0;706010.0;0.0;601.0;False;G:\Experiments\PTT\Spheroids\02062025_mcf7\04062025 before laser\Analysis\2025-06-04_100208_tube6_cropped_8bits2\7_0601_0_8bits.tiff;G:\Experiments\PTT\Spheroids\02062025_mcf7\04062025 before laser\Analysis\2025-06-04_100208_tube6_segmentationDebug2\7_0601_0_segmented.tiff;2063.0;(79. 71);211.539103865623;0.889799439292646;51.2512749186655;0.579332338366938;0.733064660680388;858.82506993007;0.966246003809999;0.901124020542056;0.908063450611872;;;;;;;;;;;;;;;;;;;;;;;;;;;;;;;;;;;;;
2;Tube 6;802020.0;;;;;;;;;;;;;;;;;;802020.0;0.0;202.0;False;G:\Experiments\PTT\Spheroids\02062025_mcf7\04062025 after laser\Analysis\2025-06-04_161757_tube6_cropped_8bits2\8_0202_0_8bits.tiff;G:\Experiments\PTT\Spheroids\02062025_mcf7\04062025 after laser\Analysis\2025-06-04_161757_tube6_segmentationDebug2\8_0202_0_segmented.tiff;1903.5;(77. 73);211.781744360923;0.858012170385395;49.2301886387141;0.533317338345106;0.894399506098619;1230.01900059646;0.968666719189895;0.908337609448251;0.858700393333245;13.607230202681809;85.0;Dead;;;;;;;;;;;;;;;;;
2;Tube 6;804010.0;804010.0;0.0;401.0;False;G:\Experiments\PTT\Spheroids\02062025_mcf7\04062025 before laser\Analysis\2025-06-04_100208_tube6_cropped_8bits2\8_0401_0_8bits.tiff;G:\Experiments\PTT\Spheroids\02062025_mcf7\04062025 before laser\Analysis\2025-06-04_100208_tube6_segmentationDebug2\8_0401_0_segmented.tiff;2433.5;(77. 66);251.781744480133;0.831255337318531;55.6635287429122;0.482383826366725;0.735201059597007;755.628022988505;0.959380669794882;0.883367405309925;0.911222849022565;;;;;;;;;;;;;;;;;;;;;;;;;;;;;;;;;;;;;
2;Tube 6;902030.0;902030.0;0.0;203.0;False;G:\Experiments\PTT\Spheroids\02062025_mcf7\04062025 before laser\Analysis\2025-06-04_100208_tube6_cropped_8bits2\9_0203_0_8bits.tiff;G:\Experiments\PTT\Spheroids\02062025_mcf7\04062025 before laser\Analysis\2025-06-04_100208_tube6_segmentationDebug2\9_0203_0_segmented.tiff;1943.0;(77. 77);213.882249712944;0.842036836403033;49.7383597982525;0.533744210757102;0.864617449673469;809.537112651132;0.963312320170764;0.905977728667114;0.88790133086672;;;;;;;;;;;;;;;;;;;;;;;;;;;;;;;;;;;;;
2;Tube 6;902040.0;;;;;;;;;;;;;;;;;;902040.0;0.0;204.0;False;G:\Experiments\PTT\Spheroids\02062025_mcf7\04062025 after laser\Analysis\2025-06-04_161757_tube6_cropped_8bits2\9_0204_0_8bits.tiff;G:\Experiments\PTT\Spheroids\02062025_mcf7\04062025 after laser\Analysis\2025-06-04_161757_tube6_segmentationDebug2\9_0204_0_segmented.tiff;1636.0;(81. 69);172.225395560264;0.926125106142088;45.6401127867441;0.693104600610651;0.829834642489735;1145.78681818736;0.972411155970571;0.921358127039828;0.87342995646802;13.607230202681809;68.0;Dead;;;;;;;;;;;;;;;;;
2;Tube 7;1002070.0;1002070.0;0.0;207.0;False;G:\Experiments\PTT\Spheroids\02062025_mcf7\04062025 before laser\Analysis\2025-06-04_101025_tube7_cropped_8bits2\10_0207_0_8bits.tiff;G:\Experiments\PTT\Spheroids\02062025_mcf7\04062025 before laser\Analysis\2025-06-04_101025_tube7_segmentationDebug2\10_0207_0_segmented.tiff;2455.0;(73. 66);250.024385094642;0.869796279893711;55.908881962751;0.493510758584263;0.72862692016138;771.992704918302;0.963056230344347;0.882364064236793;0.915575947050806;;;;;;;;;;;;;;;;;;;;;;;;;;;;;;;;;;;;;
2;Tube 7;1102090.0;;;;;;;;;;;;;;;;;;1102090.0;0.0;209.0;False;G:\Experiments\PTT\Spheroids\02062025_mcf7\04062025 after laser\Analysis\2025-06-04_162543_tube7_cropped_8bits2\11_0209_0_8bits.tiff;G:\Experiments\PTT\Spheroids\02062025_mcf7\04062025 after laser\Analysis\2025-06-04_162543_tube7_segmentationDebug2\11_0209_0_segmented.tiff;1361.0;(71. 77);160.083260297775;0.898053447707027;41.6278635097281;0.667384549063935;0.772423536850841;861.717003683077;0.978340545629294;0.934226545422712;0.911420798580474;41.11685829140078;49.0;Dead;;;;;;;;;;;;;;;;;
2;Tube 7;1102100.0;1102100.0;0.0;210.0;False;G:\Experiments\PTT\Spheroids\02062025_mcf7\04062025 before laser\Analysis\2025-06-04_101025_tube7_cropped_8bits2\11_0210_0_8bits.tiff;G:\Experiments\PTT\Spheroids\02062025_mcf7\04062025 before laser\Analysis\2025-06-04_101025_tube7_segmentationDebug2\11_0210_0_segmented.tiff;1771.5;(75. 74);186.325900912284;0.92002077382498;47.4925662972463;0.641216310846354;0.630210489835691;681.026345755693;0.968190696718766;0.915075892762172;0.928701282035895;;;;;;;;;;;;;;;;;;;;;;;;;;;;;;;;;;;;;
2;Tube 7;1202130.0;1202130.0;0.0;213.0;False;G:\Experiments\PTT\Spheroids\02062025_mcf7\04062025 before laser\Analysis\2025-06-04_101025_tube7_cropped_8bits2\12_0213_0_8bits.tiff;G:\Experiments\PTT\Spheroids\02062025_mcf7\04062025 before laser\Analysis\2025-06-04_101025_tube7_segmentationDebug2\12_0213_0_segmented.tiff;1494.5;(80. 75);172.124889731407;0.888525564803805;43.6217434269505;0.63389661596549;0.651361759991064;709.306744668899;0.96945847792657;0.927624016200118;0.909927414128045;;;;;;;;;;;;;;;;;;;;;;;;;;;;;;;;;;;;;
2;Tube 7;1302150.0;1302150.0;0.0;215.0;False;G:\Experiments\PTT\Spheroids\02062025_mcf7\04062025 before laser\Analysis\2025-06-04_101025_tube7_cropped_8bits2\13_0215_0_8bits.tiff;G:\Experiments\PTT\Spheroids\02062025_mcf7\04062025 before laser\Analysis\2025-06-04_101025_tube7_segmentationDebug2\13_0215_0_segmented.tiff;1634.0;(75. 75);194.225395441055;0.858418702390333;45.6122068759806;0.544314479809875;0.738453097622616;882.479284444262;0.969579912008336;0.920239017351388;0.892898085698642;;;;;;;;;;;;;;;;;;;;;;;;;;;;;;;;;;;;;
2;Tube 7;1402180.0;1402180.0;0.0;218.0;False;G:\Experiments\PTT\Spheroids\02062025_mcf7\04062025 before laser\Analysis\2025-06-04_101025_tube7_cropped_8bits2\14_0218_0_8bits.tiff;G:\Experiments\PTT\Spheroids\02062025_mcf7\04062025 before laser\Analysis\2025-06-04_101025_tube7_segmentationDebug2\14_0218_0_segmented.tiff;1903.0;(77. 67);253.195958137512;0.777686963628933;49.2237224682471;0.373022574479913;0.565240678642009;909.732506988956;0.959886369554589;0.906517533314434;0.888574957962294;;;;;;;;;;;;;;;;;;;;;;;;;;;;;;;;;;;;;
2;Tube 7;1502210.0;1502210.0;0.0;221.0;False;G:\Experiments\PTT\Spheroids\02062025_mcf7\04062025 before laser\Analysis\2025-06-04_101025_tube7_cropped_8bits2\15_0221_0_8bits.tiff;G:\Experiments\PTT\Spheroids\02062025_mcf7\04062025 before laser\Analysis\2025-06-04_101025_tube7_segmentationDebug2\15_0221_0_segmented.tiff;1688.5;(76. 78);217.781744241714;0.825470545098997;46.3666364025397;0.44737116177888;0.701994204975181;670.935646920744;0.96668280206472;0.917437084337422;0.911755481124642;;;;;;;;;;;;;;;;;;;;;;;;;;;;;;;;;;;;;
2;Tube 7;1602220.0;;;;;;;;;;;;;;;;;;1602220.0;0.0;222.0;False;G:\Experiments\PTT\Spheroids\02062025_mcf7\04062025 after laser\Analysis\2025-06-04_162543_tube7_cropped_8bits2\16_0222_0_8bits.tiff;G:\Experiments\PTT\Spheroids\02062025_mcf7\04062025 after laser\Analysis\2025-06-04_162543_tube7_segmentationDebug2\16_0222_0_segmented.tiff;1567.5;(75. 68);185.639609217643;0.866980088495575;44.6744108676585;0.571578813335984;0.692274296553887;878.161239829265;0.972861524453786;0.924150666831188;0.872247664712751;10.86217074747702;58.0;Dead;;;;;;;;;;;;;;;;;
2;Tube 7;1602230.0;1602230.0;0.0;223.0;False;G:\Experiments\PTT\Spheroids\02062025_mcf7\04062025 before laser\Analysis\2025-06-04_101025_tube7_cropped_8bits2\16_0223_0_8bits.tiff;G:\Experiments\PTT\Spheroids\02062025_mcf7\04062025 before laser\Analysis\2025-06-04_101025_tube7_segmentationDebug2\16_0223_0_segmented.tiff;1708.5;(67. 73);189.154327988624;0.878180416345412;46.6404305531158;0.600056689570391;0.618946723990659;781.869883018632;0.96191744717477;0.917092457683533;0.883308119107341;;;;;;;;;;;;;;;;;;;;;;;;;;;;;;;;;;;;;
2;Tube 7;1704240.0;;;;;;;;;;;;;;;;;;1704240.0;0.0;424.0;False;G:\Experiments\PTT\Spheroids\02062025_mcf7\04062025 after laser\Analysis\2025-06-04_162543_tube7_cropped_8bits2\17_0424_0_8bits.tiff;G:\Experiments\PTT\Spheroids\02062025_mcf7\04062025 after laser\Analysis\2025-06-04_162543_tube7_segmentationDebug2\17_0424_0_segmented.tiff;1698.5;(78. 67);188.325900793075;0.879140786749482;46.5037349761572;0.601804330320454;0.830807396626121;846.577075048623;0.964595700980113;0.917974598713116;0.903891872643655;32.40941163241784;55.0;Dead;;;;;;;;;;;;;;;;;
2;Tube 7;1705240.0;1705240.0;0.0;524.0;False;G:\Experiments\PTT\Spheroids\02062025_mcf7\04062025 before laser\Analysis\2025-06-04_101025_tube7_cropped_8bits2\17_0524_0_8bits.tiff;G:\Experiments\PTT\Spheroids\02062025_mcf7\04062025 before laser\Analysis\2025-06-04_101025_tube7_segmentationDebug2\17_0524_0_segmented.tiff;1706.0;(76. 74);205.882250070571;0.838123311225743;46.6062942457152;0.505767686602866;0.820699090085835;852.414464680404;0.962901367314761;0.917160335406086;0.89190378257918;;;;;;;;;;;;;;;;;;;;;;;;;;;;;;;;;;;;;
2;Tube 7;1807240.0;1807240.0;0.0;724.0;False;G:\Experiments\PTT\Spheroids\02062025_mcf7\04062025 before laser\Analysis\2025-06-04_101025_tube7_cropped_8bits2\18_0724_0_8bits.tiff;G:\Experiments\PTT\Spheroids\02062025_mcf7\04062025 before laser\Analysis\2025-06-04_101025_tube7_segmentationDebug2\18_0724_0_segmented.tiff;1302.0;(71. 75);172.083260059356;0.859122401847575;40.7155730310305;0.552514395975241;0.798316050384667;658.768443243913;0.971069354513491;0.936278680184192;0.907080859061314;1807240.0;0.0;724.0;False;G:\Experiments\PTT\Spheroids\02062025_mcf7\04062025 after laser\Analysis\2025-06-04_162543_tube7_cropped_8bits2\18_0724_0_8bits.tiff;G:\Experiments\PTT\Spheroids\02062025_mcf7\04062025 after laser\Analysis\2025-06-04_162543_tube7_segmentationDebug2\18_0724_0_segmented.tiff;826.5;(79. 79);120.669046401977;0.919354838709677;32.4396745317152;0.713281500715533;0.909970512114048;1309.28222329472;0.986391263540256;0.959023386676604;0.800328583301917;14.256599106063588;63.0;Dead;0.0;0.0;0.0;;;;-475.5;;-51.41421365737901;0.060232436862102;-8.275898499315304;0.160767104740292;0.11165446172938098;650.5137800508071;0.015321909026765002;0.022744706492412003;-0.10675227575939694
2;Tube 7;1909240.0;;;;;;;;;;;;;;;;;;1909240.0;0.0;924.0;False;G:\Experiments\PTT\Spheroids\02062025_mcf7\04062025 after laser\Analysis\2025-06-04_162543_tube7_cropped_8bits2\19_0924_0_8bits.tiff;G:\Experiments\PTT\Spheroids\02062025_mcf7\04062025 after laser\Analysis\2025-06-04_162543_tube7_segmentationDebug2\19_0924_0_segmented.tiff;1443.0;(75. 73);172.911687493324;0.8732223903177;42.8635586839548;0.606495379612921;0.830539489551343;746.96745185496;0.969934991446243;0.92967238781464;0.900066409301514;35.56770584432013;51.0;Dead;;;;;;;;;;;;;;;;;
2;Tube 7;1910240.0;1910240.0;0.0;1024.0;False;G:\Experiments\PTT\Spheroids\02062025_mcf7\04062025 before laser\Analysis\2025-06-04_101025_tube7_cropped_8bits2\19_1024_0_8bits.tiff;G:\Experiments\PTT\Spheroids\02062025_mcf7\04062025 before laser\Analysis\2025-06-04_101025_tube7_segmentationDebug2\19_1024_0_segmented.tiff;1665.0;(75. 77);221.740114450454;0.78556263269639;46.0428478917632;0.425535275144155;0.673836267449778;699.16739586034;0.962024548582479;0.917970067560983;0.88675671406388;;;;;;;;;;;;;;;;;;;;;;;;;;;;;;;;;;;;;
2;Tube 7;2012240.0;;;;;;;;;;;;;;;;;;2012240.0;0.0;1224.0;False;G:\Experiments\PTT\Spheroids\02062025_mcf7\04062025 after laser\Analysis\2025-06-04_162543_tube7_cropped_8bits2\20_1224_0_8bits.tiff;G:\Experiments\PTT\Spheroids\02062025_mcf7\04062025 after laser\Analysis\2025-06-04_162543_tube7_segmentationDebug2\20_1224_0_segmented.tiff;1526.0;(77. 71);203.882249712944;0.793139293139293;44.0790601676789;0.461323484190193;0.825587758853072;765.426670019658;0.967082914561808;0.925048652685031;0.89217700990696;14.566525173586708;53.0;Dead;;;;;;;;;;;;;;;;;
2;Tube 7;215040.0;215040.0;0.0;1504.0;False;G:\Experiments\PTT\Spheroids\02062025_mcf7\04062025 before laser\Analysis\2025-06-04_101025_tube7_cropped_8bits2\2_1504_0_8bits.tiff;G:\Experiments\PTT\Spheroids\02062025_mcf7\04062025 before laser\Analysis\2025-06-04_101025_tube7_segmentationDebug2\2_1504_0_segmented.tiff;2904.0;(78. 71);272.852812170982;0.87312086590499;60.806970306955;0.490173250678914;0.888910610804618;880.284823579874;0.944409923272392;0.861405558757028;0.895031538288646;;;;;;;;;;;;;;;;;;;;;;;;;;;;;;;;;;;;;
2;Tube 7;315030.0;;;;;;;;;;;;;;;;;;315030.0;0.0;1503.0;False;G:\Experiments\PTT\Spheroids\02062025_mcf7\04062025 after laser\Analysis\2025-06-04_162543_tube7_cropped_8bits2\3_1503_0_8bits.tiff;G:\Experiments\PTT\Spheroids\02062025_mcf7\04062025 after laser\Analysis\2025-06-04_162543_tube7_segmentationDebug2\3_1503_0_segmented.tiff;2728.0;(77. 68);230.852812170982;0.909788227447056;58.9355366314545;0.643256067403241;0.637182122457076;689.041468224232;0.959733577155764;0.87185637953561;0.90712433597484;105.07969527450595;37.0;Alive;;;;;;;;;;;;;;;;;
2;Tube 7;412010.0;412010.0;0.0;1201.0;False;G:\Experiments\PTT\Spheroids\02062025_mcf7\04062025 before laser\Analysis\2025-06-04_101025_tube7_cropped_8bits2\4_1201_0_8bits.tiff;G:\Experiments\PTT\Spheroids\02062025_mcf7\04062025 before laser\Analysis\2025-06-04_101025_tube7_segmentationDebug2\4_1201_0_segmented.tiff;2375.5;(71. 87);243.781744360923;0.836296426685442;54.9961865816019;0.502299259848714;0.779769185298322;1001.95619055691;0.95307612328714;0.885735862578362;0.890621283176051;;;;;;;;;;;;;;;;;;;;;;;;;;;;;;;;;;;;;
2;Tube 7;413010.0;;;;;;;;;;;;;;;;;;413010.0;0.0;1301.0;False;G:\Experiments\PTT\Spheroids\02062025_mcf7\04062025 after laser\Analysis\2025-06-04_162543_tube7_cropped_8bits2\4_1301_0_8bits.tiff;G:\Experiments\PTT\Spheroids\02062025_mcf7\04062025 after laser\Analysis\2025-06-04_162543_tube7_segmentationDebug2\4_1301_0_segmented.tiff;2283.0;(73. 73);219.681239008903;0.881297046902142;53.914802055005;0.59446985498797;0.888165861794767;897.743201554591;0.966007770253171;0.89132597022406;0.898251717823844;92.09231720687038;37.0;Alive;;;;;;;;;;;;;;;;;
2;Tube 7;509010.0;509010.0;0.0;901.0;False;G:\Experiments\PTT\Spheroids\02062025_mcf7\04062025 before laser\Analysis\2025-06-04_101025_tube7_cropped_8bits2\5_0901_0_8bits.tiff;G:\Experiments\PTT\Spheroids\02062025_mcf7\04062025 before laser\Analysis\2025-06-04_101025_tube7_segmentationDebug2\5_0901_0_segmented.tiff;2663.5;(68. 75);245.438598394393;0.884589837263367;58.2346419874124;0.555618683069761;0.794507367800568;828.548626661329;0.942337275696472;0.873440012290249;0.896576058244415;;;;;;;;;;;;;;;;;;;;;;;;;;;;;;;;;;;;;
2;Tube 7;511010.0;;;;;;;;;;;;;;;;;;511010.0;0.0;1101.0;False;G:\Experiments\PTT\Spheroids\02062025_mcf7\04062025 after laser\Analysis\2025-06-04_162543_tube7_cropped_8bits2\5_1101_0_8bits.tiff;G:\Experiments\PTT\Spheroids\02062025_mcf7\04062025 after laser\Analysis\2025-06-04_162543_tube7_segmentationDebug2\5_1101_0_segmented.tiff;2604.5;(75. 76);242.953317523002;0.889363155198907;57.5860433982291;0.554483412099714;0.823126339607674;674.592381751505;0.956554133969372;0.876100693736979;0.912011157771556;82.41081719281478;37.0;Alive;;;;;;;;;;;;;;;;;
2;Tube 7;607010.0;607010.0;0.0;701.0;False;G:\Experiments\PTT\Spheroids\02062025_mcf7\04062025 before laser\Analysis\2025-06-04_101025_tube7_cropped_8bits2\6_0701_0_8bits.tiff;G:\Experiments\PTT\Spheroids\02062025_mcf7\04062025 before laser\Analysis\2025-06-04_101025_tube7_segmentationDebug2\6_0701_0_segmented.tiff;2872.0;(79. 73);239.195957899093;0.907855223644697;60.4710176239774;0.630792653741931;0.757962381095577;775.241399816483;0.941020200973203;0.864189376949095;0.914091687888384;;;;;;;;;;;;;;;;;;;;;;;;;;;;;;;;;;;;;
2;Tube 7;608010.0;;;;;;;;;;;;;;;;;;608010.0;0.0;801.0;False;G:\Experiments\PTT\Spheroids\02062025_mcf7\04062025 after laser\Analysis\2025-06-04_162543_tube7_cropped_8bits2\6_0801_0_8bits.tiff;G:\Experiments\PTT\Spheroids\02062025_mcf7\04062025 after laser\Analysis\2025-06-04_162543_tube7_segmentationDebug2\6_0801_0_segmented.tiff;2465.0;(67. 76);212.710677027702;0.928611791297796;56.0226336204589;0.684617833553312;0.800628845198941;857.098151940951;0.957572185419954;0.883368689693631;0.913875649002591;75.68099401231271;37.0;Alive;;;;;;;;;;;;;;;;;
2;Tube 7;704010.0;704010.0;0.0;401.0;False;G:\Experiments\PTT\Spheroids\02062025_mcf7\04062025 before laser\Analysis\2025-06-04_101025_tube7_cropped_8bits2\7_0401_0_8bits.tiff;G:\Experiments\PTT\Spheroids\02062025_mcf7\04062025 before laser\Analysis\2025-06-04_101025_tube7_segmentationDebug2\7_0401_0_segmented.tiff;2818.0;(74. 65);278.16652059555;0.840190816935003;59.8998250169705;0.457658082149165;0.625243411587312;812.223567477298;0.937297737746071;0.864695287099596;0.890468842752934;;;;;;;;;;;;;;;;;;;;;;;;;;;;;;;;;;;;;
2;Tube 7;705010.0;;;;;;;;;;;;;;;;;;705010.0;0.0;501.0;False;G:\Experiments\PTT\Spheroids\02062025_mcf7\04062025 after laser\Analysis\2025-06-04_162543_tube7_cropped_8bits2\7_0501_0_8bits.tiff;G:\Experiments\PTT\Spheroids\02062025_mcf7\04062025 after laser\Analysis\2025-06-04_162543_tube7_segmentationDebug2\7_0501_0_segmented.tiff;2590.5;(77. 73);250.468036174774;0.83780724450194;57.4310633772041;0.518906175604357;0.641023521211073;729.820089738599;0.949192587382244;0.875755141834959;0.907939230866215;21.635791189947433;50.0;Dead;;;;;;;;;;;;;;;;;
2;Tube 7;802020.0;802020.0;0.0;202.0;False;G:\Experiments\PTT\Spheroids\02062025_mcf7\04062025 before laser\Analysis\2025-06-04_101025_tube7_cropped_8bits2\8_0202_0_8bits.tiff;G:\Experiments\PTT\Spheroids\02062025_mcf7\04062025 before laser\Analysis\2025-06-04_101025_tube7_segmentationDebug2\8_0202_0_segmented.tiff;2182.5;(83. 81);217.438598752021;0.887736424649176;52.7147541622314;0.58008393088603;0.60246041002997;906.522870834324;0.959652124262025;0.895627748205416;0.893764782137714;;;;;;;;;;;;;;;;;;;;;;;;;;;;;;;;;;;;;
2;Tube 7;803010.0;;;;;;;;;;;;;;;;;;803010.0;0.0;301.0;False;G:\Experiments\PTT\Spheroids\02062025_mcf7\04062025 after laser\Analysis\2025-06-04_162543_tube7_cropped_8bits2\8_0301_0_8bits.tiff;G:\Experiments\PTT\Spheroids\02062025_mcf7\04062025 after laser\Analysis\2025-06-04_162543_tube7_segmentationDebug2\8_0301_0_segmented.tiff;1969.0;(77. 74);208.367530941963;0.87491668518107;50.0700375832047;0.569895842886426;0.890112033848082;1152.07695593142;0.967794860851315;0.90553496390817;0.868592206492599;9.430607483203554;68.0;Dead;;;;;;;;;;;;;;;;;
2;Tube 7;902050.0;902050.0;0.0;205.0;False;G:\Experiments\PTT\Spheroids\02062025_mcf7\04062025 before laser\Analysis\2025-06-04_101025_tube7_cropped_8bits2\9_0205_0_8bits.tiff;G:\Experiments\PTT\Spheroids\02062025_mcf7\04062025 before laser\Analysis\2025-06-04_101025_tube7_segmentationDebug2\9_0205_0_segmented.tiff;2242.0;(75. 71);236.024384975433;0.852309446873218;53.4284854669888;0.505745145746713;0.882840614384601;796.581947910758;0.967077517968635;0.892703421650253;0.908440603076689;;;;;;;;;;;;;;;;;;;;;;;;;;;;;;;;;;;;;
2;Tube 8;1002060.0;1002060.0;0.0;206.0;False;G:\Experiments\PTT\Spheroids\02062025_mcf7\04062025 before laser\Analysis\2025-06-04_101909_tube8_cropped_8bits2\10_0206_0_8bits.tiff;G:\Experiments\PTT\Spheroids\02062025_mcf7\04062025 before laser\Analysis\2025-06-04_101909_tube8_segmentationDebug2\10_0206_0_segmented.tiff;2679.5;(75. 73);240.752306461334;0.868698330361484;58.4092917275827;0.580928539149852;0.728370040715922;674.642255665764;0.953177401553887;0.872929332401251;0.922754415945406;1002060.0;0.0;206.0;False;G:\Experiments\PTT\Spheroids\02062025_mcf7\04062025 after laser\Analysis\2025-06-04_163330_tube8_cropped_8bits2\10_0206_0_8bits.tiff;G:\Experiments\PTT\Spheroids\02062025_mcf7\04062025 after laser\Analysis\2025-06-04_163330_tube8_segmentationDebug2\10_0206_0_segmented.tiff;2615.0;(73. 74);251.681239366531;0.852207919178751;57.7020052466329;0.518775991873508;0.757190724115054;926.752613387438;0.952507181517209;0.875224423785894;0.905459162582907;122.7307227391561;41.0;Alive;0.0;0.0;0.0;;;;-64.5;;10.928932905197001;-0.016490411182732978;-0.7072864809497972;-0.062152547276344006;0.028820683399131908;252.11035772167406;-0.0006702200366779376;0.002295091384643011;-0.01729525336249893
2;Tube 8;110050.0;110050.0;0.0;1005.0;False;G:\Experiments\PTT\Spheroids\02062025_mcf7\04062025 before laser\Analysis\2025-06-04_101909_tube8_cropped_8bits2\1_1005_0_8bits.tiff;G:\Experiments\PTT\Spheroids\02062025_mcf7\04062025 before laser\Analysis\2025-06-04_101909_tube8_segmentationDebug2\1_1005_0_segmented.tiff;3307.5;(76. 72);262.267025709152;0.907656421514818;64.8940659398958;0.604257896795244;0.842896283809583;729.695961884369;0.942895660141297;0.844270759546504;0.910199756257872;;;;;;;;;;;;;;;;;;;;;;;;;;;;;;;;;;;;;
2;Tube 8;1102090.0;1102090.0;0.0;209.0;False;G:\Experiments\PTT\Spheroids\02062025_mcf7\04062025 before laser\Analysis\2025-06-04_101909_tube8_cropped_8bits2\11_0209_0_8bits.tiff;G:\Experiments\PTT\Spheroids\02062025_mcf7\04062025 before laser\Analysis\2025-06-04_101909_tube8_segmentationDebug2\11_0209_0_segmented.tiff;2216.0;(72. 65);238.852812051773;0.869019607843137;53.1177826262836;0.488111345918732;0.602342890966105;512.002670621913;0.969769296156978;0.893910578691837;0.910058214042897;1102090.0;0.0;209.0;False;G:\Experiments\PTT\Spheroids\02062025_mcf7\04062025 after laser\Analysis\2025-06-04_163330_tube8_cropped_8bits2\11_0209_0_8bits.tiff;G:\Experiments\PTT\Spheroids\02062025_mcf7\04062025 after laser\Analysis\2025-06-04_163330_tube8_segmentationDebug2\11_0209_0_segmented.tiff;2279.5;(75. 76);228.468035578727;0.866730038022813;53.8734586064771;0.548780366598414;0.648285171708353;795.671375546942;0.952977158445456;0.89076225605599;0.905015240254896;-2.7421077783712366;39.0;Dead;0.0;0.0;0.0;;;;63.5;;-10.384776473045974;-0.0022895698203240222;0.7556759801935016;0.060669020679681995;0.04594228074224793;283.66870492502903;-0.016792137711521993;-0.0031483226358469674;-0.005042973788001004
2;Tube 8;1202120.0;1202120.0;0.0;212.0;False;G:\Experiments\PTT\Spheroids\02062025_mcf7\04062025 before laser\Analysis\2025-06-04_101909_tube8_cropped_8bits2\12_0212_0_8bits.tiff;G:\Experiments\PTT\Spheroids\02062025_mcf7\04062025 before laser\Analysis\2025-06-04_101909_tube8_segmentationDebug2\12_0212_0_segmented.tiff;2113.0;(78. 60);186.367530822753;0.944991055456171;51.8686336626038;0.764484806303275;0.913172559805082;701.95568740815;0.969361472936996;0.899957912712391;0.914035600297346;1202120.0;0.0;212.0;False;G:\Experiments\PTT\Spheroids\02062025_mcf7\04062025 after laser\Analysis\2025-06-04_163330_tube8_cropped_8bits2\12_0212_0_8bits.tiff;G:\Experiments\PTT\Spheroids\02062025_mcf7\04062025 after laser\Analysis\2025-06-04_163330_tube8_segmentationDebug2\12_0212_0_segmented.tiff;2199.5;(72. 75);205.296463370323;0.901434426229508;52.9196596610842;0.655799218195947;0.976078542169516;771.720351418466;0.962493270834684;0.895144102494587;0.911556479443527;53.77955190734546;40.0;Alive;0.0;0.0;0.0;;;;86.5;;18.928932547570014;-0.043556629226663035;1.051025998480398;-0.10868558810732798;0.0629059823644339;69.76466401031598;-0.006868202102312093;-0.0048138102178040265;-0.0024791208538189613
2;Tube 8;1302150.0;1302150.0;0.0;215.0;False;G:\Experiments\PTT\Spheroids\02062025_mcf7\04062025 before laser\Analysis\2025-06-04_101909_tube8_cropped_8bits2\13_0215_0_8bits.tiff;G:\Experiments\PTT\Spheroids\02062025_mcf7\04062025 before laser\Analysis\2025-06-04_101909_tube8_segmentationDebug2\13_0215_0_segmented.tiff;2076.5;(67. 73);188.124890208244;0.937048736462093;51.4186922688876;0.737308567654216;0.958063445667434;813.920438761284;0.969424805704;0.901460595256711;0.907679065514399;1302150.0;0.0;215.0;False;G:\Experiments\PTT\Spheroids\02062025_mcf7\04062025 after laser\Analysis\2025-06-04_163330_tube8_cropped_8bits2\13_0215_0_8bits.tiff;G:\Experiments\PTT\Spheroids\02062025_mcf7\04062025 after laser\Analysis\2025-06-04_163330_tube8_segmentationDebug2\13_0215_0_segmented.tiff;2170.0;(74. 76);198.024385094642;0.918907474063095;52.5635787601577;0.695396100626512;0.947878930880025;910.959816775823;0.962066286867881;0.896832136481727;0.900689967769347;-3.0490821690608043;45.0;Dead;0.0;0.0;0.0;;;;93.5;;9.899494886398003;-0.018141262398997937;1.1448864912700998;-0.041912467027704015;-0.010184514787409005;97.03937801453901;-0.0073585188361190434;-0.004628458774983968;-0.006989097745052075
2;Tube 8;1402170.0;1402170.0;1.0;217.0;False;G:\Experiments\PTT\Spheroids\02062025_mcf7\04062025 before laser\Analysis\2025-06-04_101909_tube8_cropped_8bits2\14_0217_0_8bits.tiff;G:\Experiments\PTT\Spheroids\02062025_mcf7\04062025 before laser\Analysis\2025-06-04_101909_tube8_segmentationDebug2\14_0217_0_segmented.tiff;2301.0;(76. 79);210.024384617805;0.89533073929961;54.1269266856673;0.655521651768379;0.950958535883897;725.317545232348;0.962614227990935;0.890482598421483;0.90429131096058;;;;;;;;;;;;;;;;;;;;;;;;;;;;;;;;;;;;;
2;Tube 8;1402180.0;;;;;;;;;;;;;;;;;;1402180.0;0.0;218.0;False;G:\Experiments\PTT\Spheroids\02062025_mcf7\04062025 after laser\Analysis\2025-06-04_163330_tube8_cropped_8bits2\14_0218_0_8bits.tiff;G:\Experiments\PTT\Spheroids\02062025_mcf7\04062025 after laser\Analysis\2025-06-04_163330_tube8_segmentationDebug2\14_0218_0_segmented.tiff;2146.0;(81. 86);206.024385094642;0.89640768588137;52.2720964090943;0.635334338137017;0.909213870345992;983.651263172899;0.960353530155993;0.897616781076877;0.891625035627666;69.12827144182386;45.0;Alive;;;;;;;;;;;;;;;;;
2;Tube 8;1502200.0;;;;;;;;;;;;;;;;;;1502200.0;0.0;220.0;False;G:\Experiments\PTT\Spheroids\02062025_mcf7\04062025 after laser\Analysis\2025-06-04_163330_tube8_cropped_8bits2\15_0220_0_8bits.tiff;G:\Experiments\PTT\Spheroids\02062025_mcf7\04062025 after laser\Analysis\2025-06-04_163330_tube8_segmentationDebug2\15_0220_0_segmented.tiff;2479.0;(88. 70);250.024384856224;0.832997311827957;56.1814990134516;0.498335304628772;0.739969872407933;858.813192855472;0.963787131855351;0.881522209443689;0.915458906045864;90.38034464340933;42.0;Alive;;;;;;;;;;;;;;;;;
2;Tube 8;1502210.0;1502210.0;1.0;221.0;False;G:\Experiments\PTT\Spheroids\02062025_mcf7\04062025 before laser\Analysis\2025-06-04_101909_tube8_cropped_8bits2\15_0221_0_8bits.tiff;G:\Experiments\PTT\Spheroids\02062025_mcf7\04062025 before laser\Analysis\2025-06-04_101909_tube8_segmentationDebug2\15_0221_0_segmented.tiff;2346.0;(81. 77);225.539103984832;0.897475133894414;54.653636401878;0.57955435055192;0.665202546124988;735.729629183097;0.963012050989311;0.888684386462088;0.911173995158149;;;;;;;;;;;;;;;;;;;;;;;;;;;;;;;;;;;;;
2;Tube 8;1602230.0;1602230.0;0.0;223.0;False;G:\Experiments\PTT\Spheroids\02062025_mcf7\04062025 before laser\Analysis\2025-06-04_101909_tube8_cropped_8bits2\16_0223_0_8bits.tiff;G:\Experiments\PTT\Spheroids\02062025_mcf7\04062025 before laser\Analysis\2025-06-04_101909_tube8_segmentationDebug2\16_0223_0_segmented.tiff;2610.5;(74. 71);244.752306580543;0.895386726119019;57.6523358722883;0.54762084982515;0.622772658895277;816.532199145098;0.951868427044439;0.87523405674977;0.900089908418101;1602230.0;0.0;223.0;False;G:\Experiments\PTT\Spheroids\02062025_mcf7\04062025 after laser\Analysis\2025-06-04_163330_tube8_cropped_8bits2\16_0223_0_8bits.tiff;G:\Experiments\PTT\Spheroids\02062025_mcf7\04062025 after laser\Analysis\2025-06-04_163330_tube8_segmentationDebug2\16_0223_0_segmented.tiff;2434.0;(73. 77);223.195957899093;0.914865626761886;55.6692469132229;0.613985037129779;0.570166373723781;749.792560386267;0.946745821826833;0.883491646481379;0.891801653964569;83.94568914626261;42.0;Alive;0.0;0.0;0.0;;;;-176.5;;-21.556348681450004;0.019478900642866948;-1.9830889590653982;0.06636418730462901;-0.052606285171496014;-66.739638758831;-0.005122605217605991;0.00825758973160906;-0.008288254453531985
2;Tube 8;1704240.0;1704240.0;1.0;424.0;False;G:\Experiments\PTT\Spheroids\02062025_mcf7\04062025 before laser\Analysis\2025-06-04_101909_tube8_cropped_8bits2\17_0424_0_8bits.tiff;G:\Experiments\PTT\Spheroids\02062025_mcf7\04062025 before laser\Analysis\2025-06-04_101909_tube8_segmentationDebug2\17_0424_0_segmented.tiff;2490.0;(78. 67);212.852811932563;0.927374301675977;56.3060073739077;0.690637931798463;0.865145224732881;646.642204464006;0.948634506613506;0.881830993862292;0.907354944174802;;;;;;;;;;;;;;;;;;;;;;;;;;;;;;;;;;;;;
2;Tube 8;1705240.0;;;;;;;;;;;;;;;;;;1705240.0;0.0;524.0;False;G:\Experiments\PTT\Spheroids\02062025_mcf7\04062025 after laser\Analysis\2025-06-04_163330_tube8_cropped_8bits2\17_0524_0_8bits.tiff;G:\Experiments\PTT\Spheroids\02062025_mcf7\04062025 after laser\Analysis\2025-06-04_163330_tube8_segmentationDebug2\17_0524_0_segmented.tiff;2461.0;(73. 73);225.195957660675;0.896375887816426;55.9771606960663;0.609818080577941;0.893260131871248;807.298426878631;0.950241095947533;0.882639144569199;0.906043455990851;133.94709470665956;42.0;Alive;;;;;;;;;;;;;;;;;
2;Tube 8;1807240.0;;;;;;;;;;;;;;;;;;1807240.0;0.0;724.0;False;G:\Experiments\PTT\Spheroids\02062025_mcf7\04062025 after laser\Analysis\2025-06-04_163330_tube8_cropped_8bits2\18_0724_0_8bits.tiff;G:\Experiments\PTT\Spheroids\02062025_mcf7\04062025 after laser\Analysis\2025-06-04_163330_tube8_segmentationDebug2\18_0724_0_segmented.tiff;1871.5;(76. 70);193.639609098434;0.891402714932126;48.8146269879414;0.627207583850919;0.898852097816077;912.988015479841;0.961585038733415;0.909910437812217;0.89551848849952;148.70547887442723;43.0;Alive;;;;;;;;;;;;;;;;;
2;Tube 8;1909240.0;1909240.0;0.0;924.0;False;G:\Experiments\PTT\Spheroids\02062025_mcf7\04062025 before laser\Analysis\2025-06-04_101909_tube8_cropped_8bits2\19_0924_0_8bits.tiff;G:\Experiments\PTT\Spheroids\02062025_mcf7\04062025 before laser\Analysis\2025-06-04_101909_tube8_segmentationDebug2\19_0924_0_segmented.tiff;2158.0;(76. 73);203.539103984832;0.906532241125813;52.4180401916981;0.654584304522906;0.646597038449136;871.89757000602;0.958127350491187;0.896601823867868;0.898997410580122;;;;;;;;;;;;;;;;;;;;;;;;;;;;;;;;;;;;;
2;Tube 8;1910240.0;;;;;;;;;;;;;;;;;;1910240.0;0.0;1024.0;False;G:\Experiments\PTT\Spheroids\02062025_mcf7\04062025 after laser\Analysis\2025-06-04_163330_tube8_cropped_8bits2\19_1024_0_8bits.tiff;G:\Experiments\PTT\Spheroids\02062025_mcf7\04062025 after laser\Analysis\2025-06-04_163330_tube8_segmentationDebug2\19_1024_0_segmented.tiff;2251.5;(73. 69);206.468036174774;0.909880783996767;53.5415617531952;0.663706638161963;0.711945850101559;831.202288743362;0.953161007001747;0.892350405519126;0.904327964949769;51.03449245214067;40.0;Alive;;;;;;;;;;;;;;;;;
2;Tube 8;2012240.0;2012240.0;0.0;1224.0;False;G:\Experiments\PTT\Spheroids\02062025_mcf7\04062025 before laser\Analysis\2025-06-04_101909_tube8_cropped_8bits2\20_1224_0_8bits.tiff;G:\Experiments\PTT\Spheroids\02062025_mcf7\04062025 before laser\Analysis\2025-06-04_101909_tube8_segmentationDebug2\20_1224_0_segmented.tiff;1941.0;(75. 74);244.852811932563;0.800247371675943;49.7127544633261;0.406841463236996;0.755709619546018;919.89330197179;0.960812449933981;0.905374272307963;0.895895068167669;2012240.0;0.0;1224.0;False;G:\Experiments\PTT\Spheroids\02062025_mcf7\04062025 after laser\Analysis\2025-06-04_163330_tube8_cropped_8bits2\20_1224_0_8bits.tiff;G:\Experiments\PTT\Spheroids\02062025_mcf7\04062025 after laser\Analysis\2025-06-04_163330_tube8_segmentationDebug2\20_1224_0_segmented.tiff;1833.5;(77. 71);188.811182022094;0.89613880742913;48.3165055159406;0.646301786152662;0.758995881896176;732.059235306421;0.959026972719788;0.89479451100679;0.899633554554345;78.51460377252411;41.0;Alive;0.0;0.0;0.0;;;;-107.5;;-56.041629910469;0.09589143575318704;-1.3962489473855015;0.239460322915666;0.0032862623501579424;-187.83406666536905;-0.0017854772141929764;-0.010579761301172996;0.0037384863866760654
2;Tube 8;213050.0;213050.0;0.0;1305.0;False;G:\Experiments\PTT\Spheroids\02062025_mcf7\04062025 before laser\Analysis\2025-06-04_101909_tube8_cropped_8bits2\2_1305_0_8bits.tiff;G:\Experiments\PTT\Spheroids\02062025_mcf7\04062025 before laser\Analysis\2025-06-04_101909_tube8_segmentationDebug2\2_1305_0_segmented.tiff;2570.0;(76. 75);244.651801466941;0.890814558058925;57.2033707920203;0.539567957992525;0.922157751089663;830.232602112848;0.957277822144778;0.877519618498761;0.891821192123143;213050.0;0.0;1305.0;False;G:\Experiments\PTT\Spheroids\02062025_mcf7\04062025 after laser\Analysis\2025-06-04_163330_tube8_cropped_8bits2\2_1305_0_8bits.tiff;G:\Experiments\PTT\Spheroids\02062025_mcf7\04062025 after laser\Analysis\2025-06-04_163330_tube8_segmentationDebug2\2_1305_0_segmented.tiff;2548.5;(78. 76);218.610171198844;0.911480686695278;56.963593458959;0.670121841463624;0.946086889344284;892.690638416655;0.953935005998503;0.879219075090966;0.896486444116958;91.0297135467911;37.0;Alive;0.0;0.0;0.0;;;;-21.5;;-26.04163026809701;0.020666128636353087;-0.2397773330613049;0.13055388347109897;0.023929138254620952;62.458036303807035;-0.003342816146274963;0.0016994565922049398;0.004665251993814956
2;Tube 8;315030.0;315030.0;0.0;1503.0;False;G:\Experiments\PTT\Spheroids\02062025_mcf7\04062025 before laser\Analysis\2025-06-04_101909_tube8_cropped_8bits2\3_1503_0_8bits.tiff;G:\Experiments\PTT\Spheroids\02062025_mcf7\04062025 before laser\Analysis\2025-06-04_101909_tube8_segmentationDebug2\3_1503_0_segmented.tiff;3465.0;(75. 81);296.166520476341;0.861083499005964;66.4211940761933;0.496410748967702;0.781811783956527;801.069402364692;0.940343456169479;0.836021930752182;0.893404012356316;;;;;;;;;;;;;;;;;;;;;;;;;;;;;;;;;;;;;
2;Tube 8;315040.0;;;;;;;;;;;;;;;;;;315040.0;0.0;1504.0;False;G:\Experiments\PTT\Spheroids\02062025_mcf7\04062025 after laser\Analysis\2025-06-04_163330_tube8_cropped_8bits2\3_1504_0_8bits.tiff;G:\Experiments\PTT\Spheroids\02062025_mcf7\04062025 after laser\Analysis\2025-06-04_163330_tube8_segmentationDebug2\3_1504_0_segmented.tiff;3471.0;(76. 80);344.308655858039;0.77755376344086;66.4786767300293;0.367932876549012;0.912926665182956;918.498617438172;0.942451146022879;0.834586748015546;0.88871241728408;115.76476541196975;37.0;Alive;;;;;;;;;;;;;;;;;
2;Tube 8;414010.0;414010.0;0.0;1401.0;False;G:\Experiments\PTT\Spheroids\02062025_mcf7\04062025 before laser\Analysis\2025-06-04_101909_tube8_cropped_8bits2\4_1401_0_8bits.tiff;G:\Experiments\PTT\Spheroids\02062025_mcf7\04062025 before laser\Analysis\2025-06-04_101909_tube8_segmentationDebug2\4_1401_0_segmented.tiff;2971.5;(75. 78);310.752306938171;0.805830508474576;61.5096033736239;0.386684599541344;0.707094295956657;666.034557672963;0.944730281337008;0.857235419356205;0.909745528702721;414010.0;0.0;1401.0;False;G:\Experiments\PTT\Spheroids\02062025_mcf7\04062025 after laser\Analysis\2025-06-04_163330_tube8_cropped_8bits2\4_1401_0_8bits.tiff;G:\Experiments\PTT\Spheroids\02062025_mcf7\04062025 after laser\Analysis\2025-06-04_163330_tube8_segmentationDebug2\4_1401_0_segmented.tiff;2460.5;(75. 75);236.124890208244;0.881583661769974;55.9714739829215;0.554561474040816;0.674777736523098;849.433712946245;0.955386888580098;0.882944620346305;0.919716966446921;125.68239957270964;37.0;Alive;0.0;0.0;0.0;;;;-511.0;;-74.62741672992698;0.075753153295398;-5.5381293907023945;0.16787687449947203;-0.03231655943355893;183.39915527328196;0.010656607243090033;0.0257092009901001;0.009971437744200062
2;Tube 8;511010.0;511010.0;0.0;1101.0;False;G:\Experiments\PTT\Spheroids\02062025_mcf7\04062025 before laser\Analysis\2025-06-04_101909_tube8_cropped_8bits2\5_1101_0_8bits.tiff;G:\Experiments\PTT\Spheroids\02062025_mcf7\04062025 before laser\Analysis\2025-06-04_101909_tube8_segmentationDebug2\5_1101_0_segmented.tiff;2707.5;(70. 75);236.610171437263;0.903704939919893;58.7136787075248;0.607731166339495;0.845425300523561;720.577830744929;0.952559545120145;0.871849030680969;0.920679509539599;511010.0;0.0;1101.0;False;G:\Experiments\PTT\Spheroids\02062025_mcf7\04062025 after laser\Analysis\2025-06-04_163330_tube8_cropped_8bits2\5_1101_0_8bits.tiff;G:\Experiments\PTT\Spheroids\02062025_mcf7\04062025 after laser\Analysis\2025-06-04_163330_tube8_segmentationDebug2\5_1101_0_segmented.tiff;2507.5;(87. 78);224.610171675682;0.900844260822705;56.5035234160085;0.624585598427788;0.872578908114238;937.126618261691;0.950058153396073;0.880738991198834;0.905993884232462;140.55885081381948;37.0;Alive;0.0;0.0;0.0;;;;-200.0;;-11.999999761580995;-0.0028606790971880125;-2.210155291516301;0.01685443208829307;0.027153607590676976;216.548787516762;-0.002501391724071933;0.008889960517865059;-0.014685625307137018
2;Tube 8;608010.0;608010.0;0.0;801.0;False;G:\Experiments\PTT\Spheroids\02062025_mcf7\04062025 before laser\Analysis\2025-06-04_101909_tube8_cropped_8bits2\6_0801_0_8bits.tiff;G:\Experiments\PTT\Spheroids\02062025_mcf7\04062025 before laser\Analysis\2025-06-04_101909_tube8_segmentationDebug2\6_0801_0_segmented.tiff;2791.0;(76. 79);242.99494767189;0.889136667728576;59.6121763514455;0.593984637471943;0.629057718848951;829.670442552359;0.953830278248122;0.867435678680037;0.900878033614853;;;;;;;;;;;;;;;;;;;;;;;;;;;;;;;;;;;;;
2;Tube 8;705010.0;;;;;;;;;;;;;;;;;;705010.0;1.0;501.0;False;G:\Experiments\PTT\Spheroids\02062025_mcf7\04062025 after laser\Analysis\2025-06-04_163330_tube8_cropped_8bits2\7_0501_0_8bits.tiff;G:\Experiments\PTT\Spheroids\02062025_mcf7\04062025 after laser\Analysis\2025-06-04_163330_tube8_segmentationDebug2\7_0501_0_segmented.tiff;2421.0;(76. 75);223.195957779884;0.891384388807069;55.5203830840875;0.610705742185305;0.823695687846729;886.068271972828;0.956105241328801;0.884436592878718;0.893976554211572;120.01518005228685;39.0;Alive;;;;;;;;;;;;;;;;;
2;Tube 8;706010.0;706010.0;0.0;601.0;False;G:\Experiments\PTT\Spheroids\02062025_mcf7\04062025 before laser\Analysis\2025-06-04_101909_tube8_cropped_8bits2\7_0601_0_8bits.tiff;G:\Experiments\PTT\Spheroids\02062025_mcf7\04062025 before laser\Analysis\2025-06-04_101909_tube8_segmentationDebug2\7_0601_0_segmented.tiff;2450.5;(82. 73);222.124890208244;0.896141890656427;55.8576181408902;0.624122901126804;0.907056170156869;763.448671945237;0.957856807398062;0.883419540609623;0.910534431877007;;;;;;;;;;;;;;;;;;;;;;;;;;;;;;;;;;;;;
2;Tube 8;803010.0;803010.0;0.0;301.0;False;G:\Experiments\PTT\Spheroids\02062025_mcf7\04062025 before laser\Analysis\2025-06-04_101909_tube8_cropped_8bits2\8_0301_0_8bits.tiff;G:\Experiments\PTT\Spheroids\02062025_mcf7\04062025 before laser\Analysis\2025-06-04_101909_tube8_segmentationDebug2\8_0301_0_segmented.tiff;2518.0;(63. 70);231.338093280792;0.920826476503931;56.6217023202511;0.591250180456654;0.88948373604423;583.421170050575;0.972369233395684;0.881341092214239;0.912061954156388;803010.0;0.0;301.0;False;G:\Experiments\PTT\Spheroids\02062025_mcf7\04062025 after laser\Analysis\2025-06-04_163330_tube8_cropped_8bits2\8_0301_0_8bits.tiff;G:\Experiments\PTT\Spheroids\02062025_mcf7\04062025 after laser\Analysis\2025-06-04_163330_tube8_segmentationDebug2\8_0301_0_segmented.tiff;2567.5;(82. 72);212.953317523002;0.92924357582338;57.175541371355;0.711461651157705;0.876346077543031;897.56375446585;0.954250263914364;0.878623010378524;0.908742242716344;85.7757287830658;44.0;Alive;0.0;0.0;0.0;;;;49.5;;-18.38477575779001;0.008417099319449006;0.5538390511038997;0.12021147070105098;-0.013137658501199079;314.142584415275;-0.01811896948132008;-0.0027180818357149805;-0.0033197114400440597
2;Tube 8;902030.0;902030.0;0.0;203.0;False;G:\Experiments\PTT\Spheroids\02062025_mcf7\04062025 before laser\Analysis\2025-06-04_101909_tube8_cropped_8bits2\9_0203_0_8bits.tiff;G:\Experiments\PTT\Spheroids\02062025_mcf7\04062025 before laser\Analysis\2025-06-04_101909_tube8_segmentationDebug2\9_0203_0_segmented.tiff;2643.0;(77. 76);241.681238889694;0.870983687592684;58.0101035745932;0.568618715716557;0.835853765501353;690.945693139174;0.952168260448148;0.87440362677994;0.90340177855087;;;;;;;;;;;;;;;;;;;;;;;;;;;;;;;;;;;;;
2;Tube 8;902040.0;;;;;;;;;;;;;;;;;;902040.0;0.0;204.0;False;G:\Experiments\PTT\Spheroids\02062025_mcf7\04062025 after laser\Analysis\2025-06-04_163330_tube8_cropped_8bits2\9_0204_0_8bits.tiff;G:\Experiments\PTT\Spheroids\02062025_mcf7\04062025 after laser\Analysis\2025-06-04_163330_tube8_segmentationDebug2\9_0204_0_segmented.tiff;2615.5;(77. 72);227.781744360923;0.90439142461964;57.7075214270619;0.63347103145282;0.823798654115789;842.518434226523;0.948875671946859;0.875787258512405;0.907311252671194;110.03851235487589;41.0;Alive;;;;;;;;;;;;;;;;;
3;Tube 1;1002030.0;;;;;;;;;;;;;;;;;;1002030.0;0.0;203.0;False;G:\Experiments\PTT\Spheroids\05052025\07052025 after laser\Analysis\2025-05-07_135107_tube1_cropped_8bits2\10_0203_0_8bits.tiff;G:\Experiments\PTT\Spheroids\05052025\07052025 after laser\Analysis\2025-05-07_135107_tube1_segmentationDebug2\10_0203_0_segmented.tiff;1777.0;(66. 72);170.367531061172;0.941706412294647;47.5662345681722;0.769349422953663;0.942351070253951;183.535544750672;0.975606529253904;0.915238320564745;0.939006589896161;79.55156437009393;37.0;Alive;;;;;;;;;;;;;;;;;
3;Tube 1;1002050.0;1002050.0;0.0;205.0;False;G:\Experiments\PTT\Spheroids\05052025\06052025\Analysis\2025-05-06_105729_tube1_cropped_8bits2\10_0205_0_8bits.tiff;G:\Experiments\PTT\Spheroids\05052025\06052025\Analysis\2025-05-06_105729_tube1_segmentationDebug2\10_0205_0_segmented.tiff;1498.0;(78. 77);169.882249355316;0.901594944327414;43.672792880846;0.652267398087797;0.899183883039217;339.7880145642;0.965978804223215;0.927382742996745;0.915747843449856;;;;;;;;;;;;;;;;;;;;;;;;;;;;;;;;;;;;;
3;Tube 1;105050.0;105050.0;0.0;505.0;False;G:\Experiments\PTT\Spheroids\05052025\06052025\Analysis\2025-05-06_105729_tube1_cropped_8bits2\1_0505_0_8bits.tiff;G:\Experiments\PTT\Spheroids\05052025\06052025\Analysis\2025-05-06_105729_tube1_segmentationDebug2\1_0505_0_segmented.tiff;1766.5;(74. 73);196.124890446662;0.869126691266912;47.4254958411049;0.577109306451003;0.80372277715805;430.161005922576;0.959317128771523;0.914616465920083;0.915523685547799;105050.0;0.0;505.0;False;G:\Experiments\PTT\Spheroids\05052025\07052025 after laser\Analysis\2025-05-07_135107_tube1_cropped_8bits2\1_0505_0_8bits.tiff;G:\Experiments\PTT\Spheroids\05052025\07052025 after laser\Analysis\2025-05-07_135107_tube1_segmentationDebug2\1_0505_0_segmented.tiff;2277.0;(74. 72);260.024384737014;0.812923955730096;53.8439081360367;0.423199104228508;0.873702516662417;569.956779493921;0.956810626737527;0.889873669554345;0.921210766700159;88.6810379325738;37.0;Alive;0.0;0.0;0.0;;;;510.5;;63.89949429035198;-0.056202735536815984;6.418412294931805;-0.15391020222249502;0.06997973950436709;139.79577357134497;-0.0025065020339959387;-0.024742796365738062;0.005687081152360052
3;Tube 1;1102080.0;1102080.0;0.0;208.0;True;G:\Experiments\PTT\Spheroids\05052025\06052025\Analysis\2025-05-06_105729_tube1_cropped_8bits2\11_0208_0_8bits.tiff;G:\Experiments\PTT\Spheroids\05052025\06052025\Analysis\2025-05-06_105729_tube1_segmentationDebug2\11_0208_0_segmented.tiff;430.0;(32. 92);87.1126977205276;0.91684434968017;23.3985684227928;0.712058037679964;0.816376041621284;342.433665841399;0.988515038771651;0.977860233959069;0.895692915039762;;;;;;;;;;;;;;;;;;;;;;;;;;;;;;;;;;;;;
3;Tube 1;1102080.0;1102080.0;1.0;208.0;True;G:\Experiments\PTT\Spheroids\05052025\06052025\Analysis\2025-05-06_105729_tube1_cropped_8bits2\11_0208_0_8bits.tiff;G:\Experiments\PTT\Spheroids\05052025\06052025\Analysis\2025-05-06_105729_tube1_segmentationDebug2\11_0208_0_segmented.tiff;1104.5;(96. 67);133.497473835945;0.942808365343576;37.5005743577346;0.778806359041195;0.954715870805841;489.495482064376;0.979678774778671;0.946179735868615;0.917798690066718;;;;;;;;;;;;;;;;;;;;;;;;;;;;;;;;;;;;;
3;Tube 1;1202100.0;1202100.0;0.0;210.0;False;G:\Experiments\PTT\Spheroids\05052025\06052025\Analysis\2025-05-06_105729_tube1_cropped_8bits2\12_0210_0_8bits.tiff;G:\Experiments\PTT\Spheroids\05052025\06052025\Analysis\2025-05-06_105729_tube1_segmentationDebug2\12_0210_0_segmented.tiff;1478.5;(75. 69);165.781744122505;0.901524390243902;43.3876096010247;0.676017259564729;0.876330680425331;347.606217372439;0.971713705627641;0.928522212761822;0.925737050523245;1202100.0;0.0;210.0;False;G:\Experiments\PTT\Spheroids\05052025\07052025 after laser\Analysis\2025-05-07_135107_tube1_cropped_8bits2\12_0210_0_8bits.tiff;G:\Experiments\PTT\Spheroids\05052025\07052025 after laser\Analysis\2025-05-07_135107_tube1_segmentationDebug2\12_0210_0_segmented.tiff;1557.0;(74. 72);156.225395917892;0.950839694656488;44.5245322395715;0.801669218960796;0.911169163455402;357.32936116382;0.975910914200057;0.925404733126911;0.942407265515286;99.3164040414421;37.0;Alive;0.0;0.0;0.0;;;;78.5;;-9.556348204612988;0.049315304412586025;1.1369226385467996;0.125651959396067;0.03483848303007098;9.723143791381005;0.004197208572416011;-0.0031174796349110467;0.01667021499204102
3;Tube 1;1302130.0;1302130.0;0.0;213.0;False;G:\Experiments\PTT\Spheroids\05052025\06052025\Analysis\2025-05-06_105729_tube1_cropped_8bits2\13_0213_0_8bits.tiff;G:\Experiments\PTT\Spheroids\05052025\06052025\Analysis\2025-05-06_105729_tube1_segmentationDebug2\13_0213_0_segmented.tiff;1125.5;(76. 77);143.639608860015;0.916904276985743;37.8553973377565;0.685499173769105;0.919437232169862;323.549711633464;0.976430779944777;0.944947332296926;0.924266549822853;1302130.0;0.0;213.0;False;G:\Experiments\PTT\Spheroids\05052025\07052025 after laser\Analysis\2025-05-07_135107_tube1_cropped_8bits2\13_0213_0_8bits.tiff;G:\Experiments\PTT\Spheroids\05052025\07052025 after laser\Analysis\2025-05-07_135107_tube1_segmentationDebug2\13_0213_0_segmented.tiff;1564.5;(71. 74);162.953317284584;0.935705741626794;44.6316397608037;0.740387400602385;0.883001440842071;353.395479781828;0.971306007820812;0.924674422032618;0.937032528833758;101.4246536063859;37.0;Alive;0.0;0.0;0.0;;;;439.0;;19.313708424569;0.018801464641051036;6.776242423047201;0.054888226833279985;-0.036435791327790956;29.84576814836396;-0.005124772123965005;-0.020272910264307997;0.012765979010905038
3;Tube 1;1402160.0;1402160.0;0.0;216.0;False;G:\Experiments\PTT\Spheroids\05052025\06052025\Analysis\2025-05-06_105729_tube1_cropped_8bits2\14_0216_0_8bits.tiff;G:\Experiments\PTT\Spheroids\05052025\06052025\Analysis\2025-05-06_105729_tube1_segmentationDebug2\14_0216_0_segmented.tiff;1199.0;(72. 80);150.426406145095;0.890787518573551;39.0719108073493;0.665856873788147;0.8786695616006;412.145229816702;0.97724030632108;0.941349684741892;0.925946907704942;1402160.0;0.0;216.0;False;G:\Experiments\PTT\Spheroids\05052025\07052025 after laser\Analysis\2025-05-07_135107_tube1_cropped_8bits2\14_0216_0_8bits.tiff;G:\Experiments\PTT\Spheroids\05052025\07052025 after laser\Analysis\2025-05-07_135107_tube1_segmentationDebug2\14_0216_0_segmented.tiff;1475.5;(73. 76);160.468036055564;0.92132375897596;43.3435687069804;0.720065499546458;0.898792561356581;369.907730658177;0.971379619213492;0.928636306067366;0.921675155060383;110.04588843445968;37.0;Alive;0.0;0.0;0.0;;;;276.5;;10.041629910468998;0.030536240402408987;4.271657899631101;0.05420862575831109;0.020122999755981086;-42.237499158525;-0.005860687107588025;-0.012713378674525933;-0.004271752644559035
3;Tube 1;1502190.0;1502190.0;0.0;219.0;False;G:\Experiments\PTT\Spheroids\05052025\06052025\Analysis\2025-05-06_105729_tube1_cropped_8bits2\15_0219_0_8bits.tiff;G:\Experiments\PTT\Spheroids\05052025\06052025\Analysis\2025-05-06_105729_tube1_segmentationDebug2\15_0219_0_segmented.tiff;1231.5;(76. 76);157.982754826545;0.898577161619846;39.5979102900816;0.620047434708424;0.895741249339212;349.599080105414;0.971990620817196;0.939577160751132;0.918455215661544;1502190.0;0.0;219.0;False;G:\Experiments\PTT\Spheroids\05052025\07052025 after laser\Analysis\2025-05-07_135107_tube1_cropped_8bits2\15_0219_0_8bits.tiff;G:\Experiments\PTT\Spheroids\05052025\07052025 after laser\Analysis\2025-05-07_135107_tube1_segmentationDebug2\15_0219_0_segmented.tiff;1419.5;(76. 72);155.639608860015;0.925660254320182;42.5130983786357;0.736385111978549;0.977571596146924;456.684769395274;0.972670215333618;0.931528320818495;0.929188436400973;106.75174848923498;37.0;Alive;0.0;0.0;0.0;;;;188.0;;-2.3431459665300167;0.02708309270033593;2.9151880885541033;0.1163376772701249;0.08183034680771206;107.08568928986;0.0006795945164219663;-0.008048839932636942;0.010733220739429061
3;Tube 1;1602210.0;1602210.0;0.0;221.0;False;G:\Experiments\PTT\Spheroids\05052025\06052025\Analysis\2025-05-06_105729_tube1_cropped_8bits2\16_0221_0_8bits.tiff;G:\Experiments\PTT\Spheroids\05052025\06052025\Analysis\2025-05-06_105729_tube1_segmentationDebug2\16_0221_0_segmented.tiff;1320.5;(78. 74);153.154327750206;0.918608695652174;41.0038146862311;0.707440180519104;0.86412527886017;509.595063321632;0.975855467578484;0.935935248788279;0.917566739779271;1602210.0;0.0;221.0;False;G:\Experiments\PTT\Spheroids\05052025\07052025 after laser\Analysis\2025-05-07_135107_tube1_cropped_8bits2\16_0221_0_8bits.tiff;G:\Experiments\PTT\Spheroids\05052025\07052025 after laser\Analysis\2025-05-07_135107_tube1_segmentationDebug2\16_0221_0_segmented.tiff;1516.0;(73. 73);152.367530465126;0.960101329955668;43.9343959764841;0.820586197969434;0.84113173831002;311.488290822705;0.970358774967381;0.927294278165132;0.929885579360473;99.91876105999748;37.0;Alive;0.0;0.0;0.0;;;;195.5;;-0.7867972850799845;0.041492634303494036;2.930581290252995;0.11314601745033004;-0.022993540550150016;-198.106772498927;-0.005496692611102971;-0.00864097062314706;0.012318839581202057
3;Tube 1;1703240.0;;;;;;;;;;;;;;;;;;1703240.0;0.0;324.0;False;G:\Experiments\PTT\Spheroids\05052025\07052025 after laser\Analysis\2025-05-07_135107_tube1_cropped_8bits2\17_0324_0_8bits.tiff;G:\Experiments\PTT\Spheroids\05052025\07052025 after laser\Analysis\2025-05-07_135107_tube1_segmentationDebug2\17_0324_0_segmented.tiff;1671.5;(77. 74);201.095453143119;0.832420318725099;46.132633775071;0.519411717482717;0.70011626941391;1019.67458565056;0.961481011680251;0.918387773480171;0.878881664157246;106.2811570684886;37.0;Alive;;;;;;;;;;;;;;;;;
3;Tube 1;1704240.0;1704240.0;0.0;424.0;False;G:\Experiments\PTT\Spheroids\05052025\06052025\Analysis\2025-05-06_105729_tube1_cropped_8bits2\17_0424_0_8bits.tiff;G:\Experiments\PTT\Spheroids\05052025\06052025\Analysis\2025-05-06_105729_tube1_segmentationDebug2\17_0424_0_segmented.tiff;1132.0;(77. 71);144.568541049957;0.897344431232659;37.964551421559;0.680626249486579;0.944187335590593;577.13063256403;0.973110984987846;0.944564830806872;0.906863507505456;;;;;;;;;;;;;;;;;;;;;;;;;;;;;;;;;;;;;
3;Tube 1;1806240.0;;;;;;;;;;;;;;;;;;1806240.0;0.0;624.0;False;G:\Experiments\PTT\Spheroids\05052025\07052025 after laser\Analysis\2025-05-07_135107_tube1_cropped_8bits2\18_0624_0_8bits.tiff;G:\Experiments\PTT\Spheroids\05052025\07052025 after laser\Analysis\2025-05-07_135107_tube1_segmentationDebug2\18_0624_0_segmented.tiff;1513.0;(74. 78);181.053822398185;0.856253537068477;43.8909037408014;0.580007214921239;0.873278218414095;411.682070667828;0.965643744874503;0.926136749330751;0.912498182371112;113.9988563687293;37.0;Alive;;;;;;;;;;;;;;;;;
3;Tube 1;1807240.0;1807240.0;0.0;724.0;False;G:\Experiments\PTT\Spheroids\05052025\06052025\Analysis\2025-05-06_105729_tube1_cropped_8bits2\18_0724_0_8bits.tiff;G:\Experiments\PTT\Spheroids\05052025\06052025\Analysis\2025-05-06_105729_tube1_segmentationDebug2\18_0724_0_segmented.tiff;1061.0;(77. 75);137.396968007087;0.924216027874564;36.7546889112669;0.70627030980153;0.886063082979775;309.090060669612;0.975687952808236;0.947877075763505;0.918828677880635;;;;;;;;;;;;;;;;;;;;;;;;;;;;;;;;;;;;;
3;Tube 1;1909240.0;;;;;;;;;;;;;;;;;;1909240.0;0.0;924.0;False;G:\Experiments\PTT\Spheroids\05052025\07052025 after laser\Analysis\2025-05-07_135107_tube1_cropped_8bits2\19_0924_0_8bits.tiff;G:\Experiments\PTT\Spheroids\05052025\07052025 after laser\Analysis\2025-05-07_135107_tube1_segmentationDebug2\19_0924_0_segmented.tiff;1476.0;(78. 79);168.225395321846;0.904411764705882;43.3509119630614;0.655410064914807;0.807881253497258;388.478895274585;0.970408181728213;0.928516088568759;0.931092579552771;132.72839491443543;37.0;Alive;;;;;;;;;;;;;;;;;
3;Tube 1;1910240.0;1910240.0;0.0;1024.0;False;G:\Experiments\PTT\Spheroids\05052025\06052025\Analysis\2025-05-06_105729_tube1_cropped_8bits2\19_1024_0_8bits.tiff;G:\Experiments\PTT\Spheroids\05052025\06052025\Analysis\2025-05-06_105729_tube1_segmentationDebug2\19_1024_0_segmented.tiff;1140.0;(73. 74);145.053822875022;0.898699251083957;38.0984655989986;0.680857706036508;0.802471065783725;300.461357595583;0.974140234003525;0.944256484433396;0.920120270128367;;;;;;;;;;;;;;;;;;;;;;;;;;;;;;;;;;;;;
3;Tube 1;2012240.0;2012240.0;0.0;1224.0;True;G:\Experiments\PTT\Spheroids\05052025\06052025\Analysis\2025-05-06_105729_tube1_cropped_8bits2\20_1224_0_8bits.tiff;G:\Experiments\PTT\Spheroids\05052025\06052025\Analysis\2025-05-06_105729_tube1_segmentationDebug2\20_1224_0_segmented.tiff;1052.0;(75. 75);139.254833221435;0.901456726649528;36.5984699278725;0.681718451529191;0.954311927728111;312.894795851335;0.971970377757599;0.948265280248542;0.90764294560006;;;;;;;;;;;;;;;;;;;;;;;;;;;;;;;;;;;;;
3;Tube 1;208050.0;208050.0;0.0;805.0;False;G:\Experiments\PTT\Spheroids\05052025\06052025\Analysis\2025-05-06_105729_tube1_cropped_8bits2\2_0805_0_8bits.tiff;G:\Experiments\PTT\Spheroids\05052025\06052025\Analysis\2025-05-06_105729_tube1_segmentationDebug2\2_0805_0_segmented.tiff;1597.5;(69. 74);179.639608860015;0.877024430414493;45.0998910499174;0.622080415951446;0.901582909307329;385.632280448553;0.961515573936402;0.922640777895063;0.920524339866501;208050.0;0.0;805.0;False;G:\Experiments\PTT\Spheroids\05052025\07052025 after laser\Analysis\2025-05-07_135107_tube1_cropped_8bits2\2_0805_0_8bits.tiff;G:\Experiments\PTT\Spheroids\05052025\07052025 after laser\Analysis\2025-05-07_135107_tube1_segmentationDebug2\2_0805_0_segmented.tiff;2110.5;(77. 69);231.92387998104;0.809085681426106;51.8379403445349;0.4930651239483;0.62321656223832;466.80293339074;0.952346123477118;0.897553726286315;0.915577226790674;94.13989841323186;37.0;Alive;0.0;0.0;0.0;;;;513.0;;52.284271121025;-0.06793874898838692;6.738049294617497;-0.12901529200314604;-0.278366347069009;81.17065294218702;-0.009169450459283968;-0.025087051608748023;-0.004947113075826959
3;Tube 1;311050.0;311050.0;0.0;1105.0;False;G:\Experiments\PTT\Spheroids\05052025\06052025\Analysis\2025-05-06_105729_tube1_cropped_8bits2\3_1105_0_8bits.tiff;G:\Experiments\PTT\Spheroids\05052025\06052025\Analysis\2025-05-06_105729_tube1_segmentationDebug2\3_1105_0_segmented.tiff;1637.5;(74. 74);185.639608979225;0.858003667801938;45.6610310276041;0.597103865545007;0.842840928217744;405.690458282247;0.960812111636487;0.920406737740195;0.910882501096456;311050.0;0.0;1105.0;False;G:\Experiments\PTT\Spheroids\05052025\07052025 after laser\Analysis\2025-05-07_135107_tube1_cropped_8bits2\3_1105_0_8bits.tiff;G:\Experiments\PTT\Spheroids\05052025\07052025 after laser\Analysis\2025-05-07_135107_tube1_segmentationDebug2\3_1105_0_segmented.tiff;2201.0;(75. 76);212.509666085243;0.888574888978603;52.937701479778;0.612452665060147;0.955371380437424;305.302192645809;0.950623384199614;0.894616151679701;0.928289425619332;108.95411633832806;37.0;Alive;0.0;0.0;0.0;;;;563.5;;26.87005710601801;0.030571221176664998;7.276670452173896;0.0153487995151399;0.11253045221967994;-100.388265636438;-0.010188727436873046;-0.025790586060494003;0.017406924522876066
3;Tube 1;414050.0;414050.0;0.0;1405.0;False;G:\Experiments\PTT\Spheroids\05052025\06052025\Analysis\2025-05-06_105729_tube1_cropped_8bits2\4_1405_0_8bits.tiff;G:\Experiments\PTT\Spheroids\05052025\06052025\Analysis\2025-05-06_105729_tube1_segmentationDebug2\4_1405_0_segmented.tiff;1724.0;(77. 76);176.225395441055;0.911445942373777;46.8515205209331;0.697605888713742;0.941121632720206;581.207626462578;0.962402956260227;0.917009401512084;0.918535297905911;;;;;;;;;;;;;;;;;;;;;;;;;;;;;;;;;;;;;
3;Tube 1;515020.0;515020.0;0.0;1502.0;False;G:\Experiments\PTT\Spheroids\05052025\06052025\Analysis\2025-05-06_105729_tube1_cropped_8bits2\5_1502_0_8bits.tiff;G:\Experiments\PTT\Spheroids\05052025\06052025\Analysis\2025-05-06_105729_tube1_segmentationDebug2\5_1502_0_segmented.tiff;1728.5;(103. 81);179.781744599342;0.892129032258064;46.9126267978539;0.672029081049817;0.856467415956419;450.617597782119;0.959675302355272;0.916690279549495;0.910120981447235;515020.0;0.0;1502.0;False;G:\Experiments\PTT\Spheroids\05052025\07052025 after laser\Analysis\2025-05-07_135107_tube1_cropped_8bits2\5_1502_0_8bits.tiff;G:\Experiments\PTT\Spheroids\05052025\07052025 after laser\Analysis\2025-05-07_135107_tube1_segmentationDebug2\5_1502_0_segmented.tiff;1971.0;(68. 79);187.053822517395;0.929278642149929;50.0954603000412;0.707885983394949;0.946541295218925;358.592036120278;0.956047462418708;0.90561802296739;0.929321981338357;97.65992224041482;37.0;Alive;0.0;0.0;0.0;;;;242.5;;7.272077918052986;0.037149609891865;3.1828335021873;0.03585690234513206;0.0900738792625061;-92.02556166184098;-0.0036278399365640146;-0.011072256582104978;0.019200999891122006
3;Tube 1;612010.0;612010.0;0.0;1201.0;True;G:\Experiments\PTT\Spheroids\05052025\06052025\Analysis\2025-05-06_105729_tube1_cropped_8bits2\6_1201_0_8bits.tiff;G:\Experiments\PTT\Spheroids\05052025\06052025\Analysis\2025-05-06_105729_tube1_segmentationDebug2\6_1201_0_segmented.tiff;1593.0;(76. 75);254.994947195053;0.728894989704873;45.0363252804124;0.307866539507831;0.620538076502168;421.289761334649;0.965803876587942;0.920373908346636;0.90901631670469;612010.0;0.0;1201.0;False;G:\Experiments\PTT\Spheroids\05052025\07052025 after laser\Analysis\2025-05-07_135107_tube1_cropped_8bits2\6_1201_0_8bits.tiff;G:\Experiments\PTT\Spheroids\05052025\07052025 after laser\Analysis\2025-05-07_135107_tube1_segmentationDebug2\6_1201_0_segmented.tiff;1958.5;(84. 76);263.237588644027;0.800695012264922;49.9363559780228;0.355171109717292;0.853344065752254;563.671614731024;0.956929164809513;0.903628744223286;0.90633925022214;101.85759771347259;37.0;Alive;0.0;0.0;0.0;;;;365.5;;8.242641448974041;0.07180002256004903;4.900030697610404;0.047304570209460994;0.232805989250086;142.381853396375;-0.008874711778429023;-0.01674516412335003;-0.00267706648254995
3;Tube 1;612011.0;612011.0;0.0;1201.0;True;G:\Experiments\PTT\Spheroids\05052025\06052025\Analysis\2025-05-06_105729_tube1_cropped_8bits2\6_1201_1_8bits.tiff;G:\Experiments\PTT\Spheroids\05052025\06052025\Analysis\2025-05-06_105729_tube1_segmentationDebug2\6_1201_1_segmented.tiff;436.5;(74. 75);91.3553384542465;0.893551688843398;23.5747547447878;0.657243425073764;0.774671857419111;461.953816515672;0.989905663372382;0.977282965319953;0.891811812666624;;;;;;;;;;;;;;;;;;;;;;;;;;;;;;;;;;;;;
3;Tube 1;708010.0;708010.0;0.0;801.0;False;G:\Experiments\PTT\Spheroids\05052025\06052025\Analysis\2025-05-06_105729_tube1_cropped_8bits2\7_0801_0_8bits.tiff;G:\Experiments\PTT\Spheroids\05052025\06052025\Analysis\2025-05-06_105729_tube1_segmentationDebug2\7_0801_0_segmented.tiff;1336.0;(75. 77);157.740114212036;0.912880081995217;41.2437635499741;0.674733107241855;0.873943294468608;477.405345904643;0.975428259818627;0.935301744268636;0.929536703597008;;;;;;;;;;;;;;;;;;;;;;;;;;;;;;;;;;;;;
3;Tube 1;709010.0;;;;;;;;;;;;;;;;;;709010.0;0.0;901.0;False;G:\Experiments\PTT\Spheroids\05052025\07052025 after laser\Analysis\2025-05-07_135107_tube1_cropped_8bits2\7_0901_0_8bits.tiff;G:\Experiments\PTT\Spheroids\05052025\07052025 after laser\Analysis\2025-05-07_135107_tube1_segmentationDebug2\7_0901_0_segmented.tiff;1892.5;(76. 72);191.639608979225;0.895646000946521;49.0877361304358;0.647552821609628;0.721336977598977;484.501948924174;0.961818608034509;0.908886891747152;0.926322045895362;93.4434231105272;37.0;Alive;;;;;;;;;;;;;;;;;
3;Tube 1;805010.0;805010.0;0.0;501.0;False;G:\Experiments\PTT\Spheroids\05052025\06052025\Analysis\2025-05-06_105729_tube1_cropped_8bits2\8_0501_0_8bits.tiff;G:\Experiments\PTT\Spheroids\05052025\06052025\Analysis\2025-05-06_105729_tube1_segmentationDebug2\8_0501_0_segmented.tiff;1521.5;(75. 81);165.982754826545;0.924642965663931;44.0140201221673;0.693994268996564;0.854301841873957;541.637527440154;0.967118360960202;0.926371024983247;0.916434852493014;;;;;;;;;;;;;;;;;;;;;;;;;;;;;;;;;;;;;
3;Tube 1;806010.0;;;;;;;;;;;;;;;;;;806010.0;0.0;601.0;False;G:\Experiments\PTT\Spheroids\05052025\07052025 after laser\Analysis\2025-05-07_135107_tube1_cropped_8bits2\8_0601_0_8bits.tiff;G:\Experiments\PTT\Spheroids\05052025\07052025 after laser\Analysis\2025-05-07_135107_tube1_segmentationDebug2\8_0601_0_segmented.tiff;1644.0;(77. 68);164.710676789283;0.946187050359712;45.7515662195799;0.761496959877166;0.84632506793314;461.494614345369;0.966952796335836;0.92093524106797;0.924393064776839;86.98690881788681;37.0;Alive;;;;;;;;;;;;;;;;;
3;Tube 1;902020.0;902020.0;0.0;202.0;False;G:\Experiments\PTT\Spheroids\05052025\06052025\Analysis\2025-05-06_105729_tube1_cropped_8bits2\9_0202_0_8bits.tiff;G:\Experiments\PTT\Spheroids\05052025\06052025\Analysis\2025-05-06_105729_tube1_segmentationDebug2\9_0202_0_segmented.tiff;1446.0;(77. 75);152.225395321846;0.947264985260399;42.9080922634302;0.784158647020515;0.882084074678386;505.174393199997;0.972110546551288;0.930330314642115;0.921381039319578;;;;;;;;;;;;;;;;;;;;;;;;;;;;;;;;;;;;;
3;Tube 1;903010.0;;;;;;;;;;;;;;;;;;903010.0;0.0;301.0;False;G:\Experiments\PTT\Spheroids\05052025\07052025 after laser\Analysis\2025-05-07_135107_tube1_cropped_8bits2\9_0301_0_8bits.tiff;G:\Experiments\PTT\Spheroids\05052025\07052025 after laser\Analysis\2025-05-07_135107_tube1_segmentationDebug2\9_0301_0_segmented.tiff;1886.0;(78. 76);186.367531299591;0.92405683488486;49.0033650004825;0.682356051732109;0.850528002338611;449.084072136079;0.966648031632269;0.909923566381433;0.936292650161986;66.82677235311168;37.0;Alive;;;;;;;;;;;;;;;;;
3;Tube 2;1002040.0;;;;;;;;;;;;;;;;;;1002040.0;0.0;204.0;False;G:\Experiments\PTT\Spheroids\05052025\07052025 after laser\Analysis\2025-05-07_145019_tube2_cropped_8bits2\10_0204_0_8bits.tiff;G:\Experiments\PTT\Spheroids\05052025\07052025 after laser\Analysis\2025-05-07_145019_tube2_segmentationDebug2\10_0204_0_segmented.tiff;1935.0;(78. 74);181.053822517395;0.925837320574162;49.6358592054427;0.741780541569525;0.89628799003033;985.428511841248;0.973101137774173;0.907938491556972;0.890524650955062;39.92217726167401;54.0;Dead;;;;;;;;;;;;;;;;;
3;Tube 2;1002050.0;1002050.0;0.0;205.0;False;G:\Experiments\PTT\Spheroids\05052025\06052025\Analysis\2025-05-06_104657_tube2_cropped_8bits2\10_0205_0_8bits.tiff;G:\Experiments\PTT\Spheroids\05052025\06052025\Analysis\2025-05-06_104657_tube2_segmentationDebug2\10_0205_0_segmented.tiff;1450.5;(77. 74);158.468035817146;0.923591212989493;42.9748061035573;0.725845597866161;0.82947138866077;377.234937542268;0.967407741627764;0.929805385466428;0.915182477902254;;;;;;;;;;;;;;;;;;;;;;;;;;;;;;;;;;;;;
3;Tube 2;106050.0;106050.0;0.0;605.0;False;G:\Experiments\PTT\Spheroids\05052025\06052025\Analysis\2025-05-06_104657_tube2_cropped_8bits2\1_0605_0_8bits.tiff;G:\Experiments\PTT\Spheroids\05052025\06052025\Analysis\2025-05-06_104657_tube2_segmentationDebug2\1_0605_0_segmented.tiff;1635.5;(79. 76);169.154327750206;0.926628895184135;45.6331379089183;0.718280680496078;0.902405679565933;489.906218729972;0.962217908511221;0.92125564906395;0.908668270138107;;;;;;;;;;;;;;;;;;;;;;;;;;;;;;;;;;;;;
3;Tube 2;107050.0;;;;;;;;;;;;;;;;;;107050.0;0.0;705.0;False;G:\Experiments\PTT\Spheroids\05052025\07052025 after laser\Analysis\2025-05-07_145019_tube2_cropped_8bits2\1_0705_0_8bits.tiff;G:\Experiments\PTT\Spheroids\05052025\07052025 after laser\Analysis\2025-05-07_145019_tube2_segmentationDebug2\1_0705_0_segmented.tiff;2082.5;(79. 79);200.468035817146;0.889387144992526;51.4929252607673;0.651185323384485;0.950196525995806;483.654544466188;0.968774431037676;0.900629247278927;0.915595490471031;182.20488823976922;37.0;Alive;;;;;;;;;;;;;;;;;
3;Tube 2;1102070.0;;;;;;;;;;;;;;;;;;1102070.0;0.0;207.0;False;G:\Experiments\PTT\Spheroids\05052025\07052025 after laser\Analysis\2025-05-07_145019_tube2_cropped_8bits2\11_0207_0_8bits.tiff;G:\Experiments\PTT\Spheroids\05052025\07052025 after laser\Analysis\2025-05-07_145019_tube2_segmentationDebug2\11_0207_0_segmented.tiff;1998.0;(74. 75);212.852811813354;0.847328244274809;50.4374128041958;0.554174533846973;0.953235951841126;914.516138981791;0.964104950016675;0.903878776709051;0.88683844862872;30.894914602155662;66.0;Dead;;;;;;;;;;;;;;;;;
3;Tube 2;1102080.0;1102080.0;0.0;208.0;False;G:\Experiments\PTT\Spheroids\05052025\06052025\Analysis\2025-05-06_104657_tube2_cropped_8bits2\11_0208_0_8bits.tiff;G:\Experiments\PTT\Spheroids\05052025\06052025\Analysis\2025-05-06_104657_tube2_segmentationDebug2\11_0208_0_segmented.tiff;1522.5;(75. 75);157.982754826545;0.946239900559353;44.0284817687288;0.766562906490926;0.813637129866674;231.56280223301;0.964333028828883;0.926541615791937;0.912224108329933;;;;;;;;;;;;;;;;;;;;;;;;;;;;;;;;;;;;;
3;Tube 2;1202100.0;;;;;;;;;;;;;;;;;;1202100.0;0.0;210.0;False;G:\Experiments\PTT\Spheroids\05052025\07052025 after laser\Analysis\2025-05-07_145019_tube2_cropped_8bits2\12_0210_0_8bits.tiff;G:\Experiments\PTT\Spheroids\05052025\07052025 after laser\Analysis\2025-05-07_145019_tube2_segmentationDebug2\12_0210_0_segmented.tiff;1502.5;(82. 70);186.124890208244;0.865994236311239;43.7383403430512;0.545023760039909;0.744903193137903;883.37715367301;0.981525570248191;0.9273593880692;0.908621893157346;24.260420358413263;57.0;Dead;;;;;;;;;;;;;;;;;
3;Tube 2;1202110.0;1202110.0;0.0;211.0;True;G:\Experiments\PTT\Spheroids\05052025\06052025\Analysis\2025-05-06_104657_tube2_cropped_8bits2\12_0211_0_8bits.tiff;G:\Experiments\PTT\Spheroids\05052025\06052025\Analysis\2025-05-06_104657_tube2_segmentationDebug2\12_0211_0_segmented.tiff;1129.5;(77. 74);138.325900554656;0.928483353884093;37.9226062629978;0.741803856202663;0.911924099022953;262.38860062893;0.978109024081088;0.944832935157304;0.926864506023457;;;;;;;;;;;;;;;;;;;;;;;;;;;;;;;;;;;;;
3;Tube 2;1302130.0;1302130.0;0.0;213.0;False;G:\Experiments\PTT\Spheroids\05052025\06052025\Analysis\2025-05-06_104657_tube2_cropped_8bits2\13_0213_0_8bits.tiff;G:\Experiments\PTT\Spheroids\05052025\06052025\Analysis\2025-05-06_104657_tube2_segmentationDebug2\13_0213_0_segmented.tiff;1420.0;(77. 80);155.740114212036;0.933596318211702;42.5205850562281;0.735694028060413;0.818963169284343;288.657214414776;0.972865285097421;0.931504024284722;0.934932774680158;1302130.0;0.0;213.0;False;G:\Experiments\PTT\Spheroids\05052025\07052025 after laser\Analysis\2025-05-07_145019_tube2_cropped_8bits2\13_0213_0_8bits.tiff;G:\Experiments\PTT\Spheroids\05052025\07052025 after laser\Analysis\2025-05-07_145019_tube2_segmentationDebug2\13_0213_0_segmented.tiff;1535.0;(74. 74);179.539103388786;0.873151308304892;44.2088531989744;0.598411787729432;0.86454780061314;770.643871906435;0.975417459404194;0.925733399052581;0.912120695875669;134.17550040310292;46.0;Alive;0.0;0.0;0.0;;;;115.0;;23.798989176750013;-0.06044500990681001;1.6882681427463027;-0.1372822403309809;0.045584631328796976;481.98665749165906;0.002552174306773014;-0.005770625232141002;-0.02281207880448899
3;Tube 2;1402160.0;;;;;;;;;;;;;;;;;;1402160.0;0.0;216.0;False;G:\Experiments\PTT\Spheroids\05052025\07052025 after laser\Analysis\2025-05-07_145019_tube2_cropped_8bits2\14_0216_0_8bits.tiff;G:\Experiments\PTT\Spheroids\05052025\07052025 after laser\Analysis\2025-05-07_145019_tube2_segmentationDebug2\14_0216_0_segmented.tiff;1762.0;(77. 76);199.539103507995;0.836657169990503;47.3650512279186;0.556108758026911;0.985356520241488;1176.96418716053;0.979079740604888;0.915228766335753;0.868075909409809;10.523754407844983;61.0;Dead;;;;;;;;;;;;;;;;;
3;Tube 2;1402170.0;1402170.0;0.0;217.0;False;G:\Experiments\PTT\Spheroids\05052025\06052025\Analysis\2025-05-06_104657_tube2_cropped_8bits2\14_0217_0_8bits.tiff;G:\Experiments\PTT\Spheroids\05052025\06052025\Analysis\2025-05-06_104657_tube2_segmentationDebug2\14_0217_0_segmented.tiff;1358.0;(73. 79);157.740114331245;0.909882747068676;41.5819588493658;0.685843980725676;0.934952287528511;353.006190782547;0.969121122677538;0.933993148131571;0.915370703750171;;;;;;;;;;;;;;;;;;;;;;;;;;;;;;;;;;;;;
3;Tube 2;1502190.0;;;;;;;;;;;;;;;;;;1502190.0;0.0;219.0;False;G:\Experiments\PTT\Spheroids\05052025\07052025 after laser\Analysis\2025-05-07_145019_tube2_cropped_8bits2\15_0219_0_8bits.tiff;G:\Experiments\PTT\Spheroids\05052025\07052025 after laser\Analysis\2025-05-07_145019_tube2_segmentationDebug2\15_0219_0_segmented.tiff;1680.5;(75. 78);216.124890327453;0.819356411506582;46.2566649784378;0.452104478393035;0.786024877268041;676.479446530294;0.968192471763573;0.917709821079898;0.906483741158975;109.24720399874624;49.0;Alive;;;;;;;;;;;;;;;;;
3;Tube 2;1502200.0;1502200.0;0.0;220.0;False;G:\Experiments\PTT\Spheroids\05052025\06052025\Analysis\2025-05-06_104657_tube2_cropped_8bits2\15_0220_0_8bits.tiff;G:\Experiments\PTT\Spheroids\05052025\06052025\Analysis\2025-05-06_104657_tube2_segmentationDebug2\15_0220_0_segmented.tiff;1354.0;(77. 77);180.710676670074;0.846514535792435;41.5206736887952;0.521027809558867;0.881102524912302;407.407280741937;0.968352722628316;0.933464597147203;0.904972348345249;;;;;;;;;;;;;;;;;;;;;;;;;;;;;;;;;;;;;
3;Tube 2;1602220.0;1602220.0;0.0;222.0;False;G:\Experiments\PTT\Spheroids\05052025\06052025\Analysis\2025-05-06_104657_tube2_cropped_8bits2\16_0222_0_8bits.tiff;G:\Experiments\PTT\Spheroids\05052025\06052025\Analysis\2025-05-06_104657_tube2_segmentationDebug2\16_0222_0_segmented.tiff;1163.0;(73. 74);147.740114212036;0.897376543209876;38.4808730478791;0.669564960060622;0.883211280581726;264.10484961604;0.97194943770223;0.94292053624708;0.908491549475017;1602220.0;0.0;222.0;False;G:\Experiments\PTT\Spheroids\05052025\07052025 after laser\Analysis\2025-05-07_145019_tube2_cropped_8bits2\16_0222_0_8bits.tiff;G:\Experiments\PTT\Spheroids\05052025\07052025 after laser\Analysis\2025-05-07_145019_tube2_segmentationDebug2\16_0222_0_segmented.tiff;1390.0;(74. 80);171.053822636604;0.8522378908645;42.0690262209844;0.596979057729568;0.917093890432288;850.784609195402;0.97244259264883;0.93231023391654;0.882105825337719;25.304537485297313;52.0;Dead;0.0;0.0;0.0;;;;227.0;;23.313708424568006;-0.04513865234537606;3.5881531731052974;-0.072585902331054;0.03388260985056191;586.6797595793621;0.0004931549466000718;-0.010610302330540056;-0.026385724137298006
3;Tube 2;1704240.0;;;;;;;;;;;;;;;;;;1704240.0;0.0;424.0;False;G:\Experiments\PTT\Spheroids\05052025\07052025 after laser\Analysis\2025-05-07_145019_tube2_cropped_8bits2\17_0424_0_8bits.tiff;G:\Experiments\PTT\Spheroids\05052025\07052025 after laser\Analysis\2025-05-07_145019_tube2_segmentationDebug2\17_0424_0_segmented.tiff;1469.5;(79. 75);192.953317403793;0.810758620689655;43.2553523969961;0.495992323598398;0.595807464897805;1004.05986891035;0.96997743208374;0.928319082203989;0.888269569171808;13.036161244409728;67.0;Dead;;;;;;;;;;;;;;;;;
3;Tube 2;1705240.0;1705240.0;0.0;524.0;False;G:\Experiments\PTT\Spheroids\05052025\06052025\Analysis\2025-05-06_104657_tube2_cropped_8bits2\17_0524_0_8bits.tiff;G:\Experiments\PTT\Spheroids\05052025\06052025\Analysis\2025-05-06_104657_tube2_segmentationDebug2\17_0524_0_segmented.tiff;1058.0;(94. 66);155.053822636604;0.855987055016181;36.7026897969318;0.55300693351594;0.868801358008543;434.905694892833;0.974252377867759;0.94764837611835;0.905592564937785;;;;;;;;;;;;;;;;;;;;;;;;;;;;;;;;;;;;;
3;Tube 2;1807240.0;;;;;;;;;;;;;;;;;;1807240.0;0.0;724.0;False;G:\Experiments\PTT\Spheroids\05052025\07052025 after laser\Analysis\2025-05-07_145019_tube2_cropped_8bits2\18_0724_0_8bits.tiff;G:\Experiments\PTT\Spheroids\05052025\07052025 after laser\Analysis\2025-05-07_145019_tube2_segmentationDebug2\18_0724_0_segmented.tiff;1309.5;(82. 74);171.154327869415;0.864071263609369;40.832672993948;0.561745492271055;0.833934688094061;807.845024359076;0.979199554378393;0.936064008557027;0.910060397395619;36.98559784231262;52.0;Dead;;;;;;;;;;;;;;;;;
3;Tube 2;1808240.0;1808240.0;0.0;824.0;False;G:\Experiments\PTT\Spheroids\05052025\06052025\Analysis\2025-05-06_104657_tube2_cropped_8bits2\18_0824_0_8bits.tiff;G:\Experiments\PTT\Spheroids\05052025\06052025\Analysis\2025-05-06_104657_tube2_segmentationDebug2\18_0824_0_segmented.tiff;1068.5;(72. 68);132.325900793075;0.936869793950021;36.8843659773286;0.766822190929464;0.945647247929489;219.095311805658;0.973255629488396;0.947821443121582;0.918139622069883;;;;;;;;;;;;;;;;;;;;;;;;;;;;;;;;;;;;;
3;Tube 2;1910240.0;;;;;;;;;;;;;;;;;;1910240.0;0.0;1024.0;False;G:\Experiments\PTT\Spheroids\05052025\07052025 after laser\Analysis\2025-05-07_145019_tube2_cropped_8bits2\19_1024_0_8bits.tiff;G:\Experiments\PTT\Spheroids\05052025\07052025 after laser\Analysis\2025-05-07_145019_tube2_segmentationDebug2\19_1024_0_segmented.tiff;1706.0;(73. 74);271.539103865623;0.677118475888073;46.6062942457152;0.290752950155394;0.736833655907844;647.070934776666;0.96486103593344;0.914669189290956;0.892830263463129;110.94389432993282;47.0;Alive;;;;;;;;;;;;;;;;;
3;Tube 2;1911240.0;1911240.0;0.0;1124.0;False;G:\Experiments\PTT\Spheroids\05052025\06052025\Analysis\2025-05-06_104657_tube2_cropped_8bits2\19_1124_0_8bits.tiff;G:\Experiments\PTT\Spheroids\05052025\06052025\Analysis\2025-05-06_104657_tube2_segmentationDebug2\19_1124_0_segmented.tiff;438.0;(88. 123);93.4558436870575;0.876876876876876;23.615226456547;0.630189335579977;0.761296376141866;85.3324434195972;0.990506155996562;0.977374499960009;0.927906886901725;;;;;;;;;;;;;;;;;;;;;;;;;;;;;;;;;;;;;
3;Tube 2;1911240.0;1911240.0;1.0;1124.0;False;G:\Experiments\PTT\Spheroids\05052025\06052025\Analysis\2025-05-06_104657_tube2_cropped_8bits2\19_1124_0_8bits.tiff;G:\Experiments\PTT\Spheroids\05052025\06052025\Analysis\2025-05-06_104657_tube2_segmentationDebug2\19_1124_0_segmented.tiff;1052.0;(74. 65);136.225395679473;0.935526900844819;36.5984699278725;0.7123762758356;0.87090597693207;289.259957561728;0.974052092851349;0.948238117525756;0.899834495141839;;;;;;;;;;;;;;;;;;;;;;;;;;;;;;;;;;;;;
3;Tube 2;2012240.0;;;;;;;;;;;;;;;;;;2012240.0;0.0;1224.0;False;G:\Experiments\PTT\Spheroids\05052025\07052025 after laser\Analysis\2025-05-07_145019_tube2_cropped_8bits2\20_1224_0_8bits.tiff;G:\Experiments\PTT\Spheroids\05052025\07052025 after laser\Analysis\2025-05-07_145019_tube2_segmentationDebug2\20_1224_0_segmented.tiff;1376.0;(75. 78);193.882249474525;0.788312804354053;41.8566316556359;0.459994033070189;0.95160387851659;1015.04884008073;0.97475975802703;0.932034384628536;0.846578466117392;9.936438523972706;58.0;Dead;;;;;;;;;;;;;;;;;
3;Tube 2;2013240.0;2013240.0;0.0;1324.0;False;G:\Experiments\PTT\Spheroids\05052025\06052025\Analysis\2025-05-06_104657_tube2_cropped_8bits2\20_1324_0_8bits.tiff;G:\Experiments\PTT\Spheroids\05052025\06052025\Analysis\2025-05-06_104657_tube2_segmentationDebug2\20_1324_0_segmented.tiff;1168.5;(81. 70);140.811182022094;0.936673346693386;38.5717566105439;0.740566892045735;0.835320038269145;281.525804542029;0.974513748198075;0.943203417729331;0.930784633793013;;;;;;;;;;;;;;;;;;;;;;;;;;;;;;;;;;;;;
3;Tube 2;209050.0;;;;;;;;;;;;;;;;;;209050.0;0.0;905.0;False;G:\Experiments\PTT\Spheroids\05052025\07052025 after laser\Analysis\2025-05-07_145019_tube2_cropped_8bits2\2_0905_0_8bits.tiff;G:\Experiments\PTT\Spheroids\05052025\07052025 after laser\Analysis\2025-05-07_145019_tube2_segmentationDebug2\2_0905_0_segmented.tiff;1909.5;(70. 69);212.468036174774;0.829496090356212;49.3077165428677;0.531547792893854;0.9294880048544;680.584619985255;0.966415748215037;0.907863580362117;0.915920670011326;154.7968136590629;37.0;Alive;;;;;;;;;;;;;;;;;
3;Tube 2;210050.0;210050.0;0.0;1005.0;False;G:\Experiments\PTT\Spheroids\05052025\06052025\Analysis\2025-05-06_104657_tube2_cropped_8bits2\2_1005_0_8bits.tiff;G:\Experiments\PTT\Spheroids\05052025\06052025\Analysis\2025-05-06_104657_tube2_segmentationDebug2\2_1005_0_segmented.tiff;1671.0;(77. 73);174.710676550865;0.913863822805578;46.1257333736002;0.687935027530444;0.905049825922748;579.863077672102;0.96075584623687;0.919532076098066;0.902478356280972;;;;;;;;;;;;;;;;;;;;;;;;;;;;;;;;;;;;;
3;Tube 2;312050.0;312050.0;0.0;1205.0;False;G:\Experiments\PTT\Spheroids\05052025\06052025\Analysis\2025-05-06_104657_tube2_cropped_8bits2\3_1205_0_8bits.tiff;G:\Experiments\PTT\Spheroids\05052025\06052025\Analysis\2025-05-06_104657_tube2_segmentationDebug2\3_1205_0_segmented.tiff;1389.5;(73. 76);158.811181783676;0.912044634066294;42.0614591688104;0.692319015161308;0.972737117375701;309.198364726498;0.967844679524429;0.932560800974057;0.910798653527043;312050.0;0.0;1205.0;False;G:\Experiments\PTT\Spheroids\05052025\07052025 after laser\Analysis\2025-05-07_145019_tube2_cropped_8bits2\3_1205_0_8bits.tiff;G:\Experiments\PTT\Spheroids\05052025\07052025 after laser\Analysis\2025-05-07_145019_tube2_segmentationDebug2\3_1205_0_segmented.tiff;1718.0;(78. 78);210.367530822753;0.831357367529639;46.7699212940861;0.487837975329319;0.87439712409961;646.860710848546;0.967677567704428;0.916339340684911;0.906604958983463;117.73065565467914;37.0;Alive;0.0;0.0;0.0;;;;328.5;;51.55634903907699;-0.08068726653665503;4.708462125275702;-0.204481039831989;-0.098339993276091;337.66234612204795;-0.0001671118200009536;-0.01622146028914606;-0.004193694543579984
3;Tube 2;415040.0;415040.0;0.0;1504.0;False;G:\Experiments\PTT\Spheroids\05052025\06052025\Analysis\2025-05-06_104657_tube2_cropped_8bits2\4_1504_0_8bits.tiff;G:\Experiments\PTT\Spheroids\05052025\06052025\Analysis\2025-05-06_104657_tube2_segmentationDebug2\4_1504_0_segmented.tiff;1496.5;(75. 79);160.124889731407;0.927774333539987;43.6509218539101;0.733447272420771;0.891568240776646;389.538226433448;0.96266191048506;0.927762828740408;0.907481361859733;415040.0;0.0;1504.0;False;G:\Experiments\PTT\Spheroids\05052025\07052025 after laser\Analysis\2025-05-07_145019_tube2_cropped_8bits2\4_1504_0_8bits.tiff;G:\Experiments\PTT\Spheroids\05052025\07052025 after laser\Analysis\2025-05-07_145019_tube2_segmentationDebug2\4_1504_0_segmented.tiff;1776.0;(75. 80);180.367530584335;0.915463917525773;47.5528488258027;0.686018940905448;0.970685084533269;826.228224710115;0.971371960475158;0.914873982390739;0.892485499450886;130.26006117728775;37.0;Alive;0.0;0.0;0.0;;;;279.5;;20.24264085292799;-0.012310416014213899;3.9019269718925997;-0.047428331515323;0.07911684375662298;436.689998276667;0.008710049990097946;-0.012888846349669025;-0.014995862408847094
3;Tube 2;514010.0;514010.0;0.0;1401.0;False;G:\Experiments\PTT\Spheroids\05052025\06052025\Analysis\2025-05-06_104657_tube2_cropped_8bits2\5_1401_0_8bits.tiff;G:\Experiments\PTT\Spheroids\05052025\06052025\Analysis\2025-05-06_104657_tube2_segmentationDebug2\5_1401_0_segmented.tiff;1630.5;(76. 73);176.124890089035;0.897111416781293;45.5633304060478;0.66052490454468;0.843935098665008;325.211942141772;0.970369471507977;0.919263350993704;0.92659642289999;514010.0;0.0;1401.0;False;G:\Experiments\PTT\Spheroids\05052025\07052025 after laser\Analysis\2025-05-07_145019_tube2_cropped_8bits2\5_1401_0_8bits.tiff;G:\Experiments\PTT\Spheroids\05052025\07052025 after laser\Analysis\2025-05-07_145019_tube2_segmentationDebug2\5_1401_0_segmented.tiff;1872.0;(78. 75);184.024384856224;0.925129725722757;48.8211473415386;0.694648270985495;0.846397741522352;554.852614601465;0.975053850762193;0.906178632247194;0.900492036089685;137.30785178375507;37.0;Alive;0.0;0.0;0.0;;;;241.5;;7.8994947671889975;0.028018308941463954;3.2578169354908013;0.03412336644081493;0.0024626428573439885;229.640672459693;0.004684379254215942;-0.013084718746510071;-0.026104386810305025
3;Tube 2;611010.0;611010.0;0.0;1101.0;False;G:\Experiments\PTT\Spheroids\05052025\06052025\Analysis\2025-05-06_104657_tube2_cropped_8bits2\6_1101_0_8bits.tiff;G:\Experiments\PTT\Spheroids\05052025\06052025\Analysis\2025-05-06_104657_tube2_segmentationDebug2\6_1101_0_segmented.tiff;1468.0;(79. 72);165.053822636604;0.918648310387985;43.233270194044;0.677149786027413;0.786471529124853;472.172336744639;0.964329936824848;0.928799937125137;0.905325776018263;;;;;;;;;;;;;;;;;;;;;;;;;;;;;;;;;;;;;
3;Tube 2;612010.0;;;;;;;;;;;;;;;;;;612010.0;0.0;1201.0;False;G:\Experiments\PTT\Spheroids\05052025\07052025 after laser\Analysis\2025-05-07_145019_tube2_cropped_8bits2\6_1201_0_8bits.tiff;G:\Experiments\PTT\Spheroids\05052025\07052025 after laser\Analysis\2025-05-07_145019_tube2_segmentationDebug2\6_1201_0_segmented.tiff;1706.5;(77. 70);179.296463131904;0.905785562632696;46.6131235071257;0.667071999537688;0.878489784843883;625.694609982647;0.97224894866624;0.914762565957925;0.916940244059147;135.21961752998698;37.0;Alive;;;;;;;;;;;;;;;;;
3;Tube 2;708010.0;708010.0;0.0;801.0;False;G:\Experiments\PTT\Spheroids\05052025\06052025\Analysis\2025-05-06_104657_tube2_cropped_8bits2\7_0801_0_8bits.tiff;G:\Experiments\PTT\Spheroids\05052025\06052025\Analysis\2025-05-06_104657_tube2_segmentationDebug2\7_0801_0_segmented.tiff;1386.0;(79. 72);167.195958018302;0.894770819883796;42.0084516377708;0.623048057120654;0.895757943189939;393.593951743846;0.966938244563274;0.932644479191809;0.910488032020065;708010.0;0.0;801.0;False;G:\Experiments\PTT\Spheroids\05052025\07052025 after laser\Analysis\2025-05-07_145019_tube2_cropped_8bits2\7_0801_0_8bits.tiff;G:\Experiments\PTT\Spheroids\05052025\07052025 after laser\Analysis\2025-05-07_145019_tube2_segmentationDebug2\7_0801_0_segmented.tiff;1764.5;(75. 73);207.296463370323;0.84144015259895;47.3986410847947;0.515997670717927;0.860100651069909;804.380651466819;0.968882952593335;0.914383891204877;0.886425049103018;57.21536717569108;49.0;Alive;0.0;0.0;0.0;;;;378.5;;40.100505352021;-0.053330667284846034;5.3901894470239;-0.10705038640272702;-0.03565729212002999;410.786699722973;0.001944708030060971;-0.018260587986932086;-0.024062982917047004
3;Tube 2;804010.0;804010.0;0.0;401.0;False;G:\Experiments\PTT\Spheroids\05052025\06052025\Analysis\2025-05-06_104657_tube2_cropped_8bits2\8_0401_0_8bits.tiff;G:\Experiments\PTT\Spheroids\05052025\06052025\Analysis\2025-05-06_104657_tube2_segmentationDebug2\8_0401_0_segmented.tiff;1676.0;(79. 72);173.396968245506;0.908647329899701;46.1946910042283;0.700488288552212;0.924355110417723;423.824335920195;0.964661486422259;0.919471422312901;0.915303664133196;;;;;;;;;;;;;;;;;;;;;;;;;;;;;;;;;;;;;
3;Tube 2;805010.0;;;;;;;;;;;;;;;;;;805010.0;0.0;501.0;False;G:\Experiments\PTT\Spheroids\05052025\07052025 after laser\Analysis\2025-05-07_145019_tube2_cropped_8bits2\8_0501_0_8bits.tiff;G:\Experiments\PTT\Spheroids\05052025\07052025 after laser\Analysis\2025-05-07_145019_tube2_segmentationDebug2\8_0501_0_segmented.tiff;1880.0;(79. 68);188.367530703544;0.909090909090909;48.9253548183567;0.665818141120651;0.97596772554895;982.680013952904;0.964780842648351;0.909940452449383;0.858831788268381;61.696369845235125;51.0;Alive;;;;;;;;;;;;;;;;;
3;Tube 2;902020.0;902020.0;0.0;202.0;False;G:\Experiments\PTT\Spheroids\05052025\06052025\Analysis\2025-05-06_104657_tube2_cropped_8bits2\9_0202_0_8bits.tiff;G:\Experiments\PTT\Spheroids\05052025\06052025\Analysis\2025-05-06_104657_tube2_segmentationDebug2\9_0202_0_segmented.tiff;1499.0;(75. 69);168.710676550865;0.901654135338345;43.6873674825802;0.661799390525563;0.92168920788909;333.798075551412;0.966275451275387;0.927481294464616;0.914271472363239;;;;;;;;;;;;;;;;;;;;;;;;;;;;;;;;;;;;;
3;Tube 2;903010.0;;;;;;;;;;;;;;;;;;903010.0;0.0;301.0;False;G:\Experiments\PTT\Spheroids\05052025\07052025 after laser\Analysis\2025-05-07_145019_tube2_cropped_8bits2\9_0301_0_8bits.tiff;G:\Experiments\PTT\Spheroids\05052025\07052025 after laser\Analysis\2025-05-07_145019_tube2_segmentationDebug2\9_0301_0_segmented.tiff;1659.5;(74. 72);187.639609217643;0.873650960779152;45.9667382406888;0.592295020049871;0.812764611392279;638.450009022115;0.973799917321433;0.919666282244552;0.903210910153003;68.57014093055511;53.0;Alive;;;;;;;;;;;;;;;;;
3;Tube 3;1002020.0;;;;;;;;;;;;;;;;;;1002020.0;1.0;202.0;False;G:\Experiments\PTT\Spheroids\05052025\07052025 after laser\Analysis\2025-05-07_140511_tube3_cropped_8bits2\10_0202_0_8bits.tiff;G:\Experiments\PTT\Spheroids\05052025\07052025 after laser\Analysis\2025-05-07_140511_tube3_segmentationDebug2\10_0202_0_segmented.tiff;959.0;(101. 57);149.396968483924;0.811336717428088;34.9433358940016;0.539939252788228;0.948778668339762;937.27593829773;0.982442310195646;0.952139567561968;0.874843852551469;71.3139482628111;;Alive;;;;;;;;;;;;;;;;;
3;Tube 3;1002040.0;1002040.0;0.0;204.0;False;G:\Experiments\PTT\Spheroids\05052025\06052025\Analysis\2025-05-06_103638_tube3_cropped_8bits2\10_0204_0_8bits.tiff;G:\Experiments\PTT\Spheroids\05052025\06052025\Analysis\2025-05-06_103638_tube3_segmentationDebug2\10_0204_0_segmented.tiff;552.5;(46. 77);116.669046640396;0.785917496443812;26.5229117644759;0.510071253436027;0.925321863962629;443.068602305475;0.98675606063715;0.97142956667474;0.897679596796362;;;;;;;;;;;;;;;;;;;;;;;;;;;;;;;;;;;;;
3;Tube 3;1002040.0;1002040.0;1.0;204.0;False;G:\Experiments\PTT\Spheroids\05052025\06052025\Analysis\2025-05-06_103638_tube3_cropped_8bits2\10_0204_0_8bits.tiff;G:\Experiments\PTT\Spheroids\05052025\06052025\Analysis\2025-05-06_103638_tube3_segmentationDebug2\10_0204_0_segmented.tiff;1080.0;(114. 62);149.597978949546;0.852743782076589;37.0823233942262;0.606432079550626;0.8721412919404;688.776340249957;0.980774798741162;0.946805957761768;0.910085287968872;;;;;;;;;;;;;;;;;;;;;;;;;;;;;;;;;;;;;
3;Tube 3;105050.0;105050.0;0.0;505.0;True;G:\Experiments\PTT\Spheroids\05052025\06052025\Analysis\2025-05-06_103638_tube3_cropped_8bits2\1_0505_0_8bits.tiff;G:\Experiments\PTT\Spheroids\05052025\06052025\Analysis\2025-05-06_103638_tube3_segmentationDebug2\1_0505_0_segmented.tiff;1244.5;(70. 51);150.669046640396;0.907731582786287;39.8063639814403;0.688900792586499;0.803542023781784;561.643818910308;0.975275630646361;0.928824915829773;0.908136681223529;;;;;;;;;;;;;;;;;;;;;;;;;;;;;;;;;;;;;
3;Tube 3;1102050.0;;;;;;;;;;;;;;;;;;1102050.0;0.0;205.0;False;G:\Experiments\PTT\Spheroids\05052025\07052025 after laser\Analysis\2025-05-07_140511_tube3_cropped_8bits2\11_0205_0_8bits.tiff;G:\Experiments\PTT\Spheroids\05052025\07052025 after laser\Analysis\2025-05-07_140511_tube3_segmentationDebug2\11_0205_0_segmented.tiff;1125.0;(76. 76);147.740113973617;0.877535101404056;37.8469878303024;0.64768751719637;0.868948055472232;1082.26672643558;0.976156701319637;0.944938438080721;0.858837271156132;65.9072052069321;;Alive;;;;;;;;;;;;;;;;;
3;Tube 3;1102070.0;1102070.0;0.0;207.0;False;G:\Experiments\PTT\Spheroids\05052025\06052025\Analysis\2025-05-06_103638_tube3_cropped_8bits2\11_0207_0_8bits.tiff;G:\Experiments\PTT\Spheroids\05052025\06052025\Analysis\2025-05-06_103638_tube3_segmentationDebug2\11_0207_0_segmented.tiff;1199.5;(74. 72);147.154327750206;0.908712121212121;39.0800567285901;0.696087825755118;0.799243207019563;739.166014636852;0.981741723210653;0.941737017708791;0.909438678417699;;;;;;;;;;;;;;;;;;;;;;;;;;;;;;;;;;;;;
3;Tube 3;1202090.0;1202090.0;0.0;209.0;False;G:\Experiments\PTT\Spheroids\05052025\06052025\Analysis\2025-05-06_103638_tube3_cropped_8bits2\12_0209_0_8bits.tiff;G:\Experiments\PTT\Spheroids\05052025\06052025\Analysis\2025-05-06_103638_tube3_segmentationDebug2\12_0209_0_segmented.tiff;1207.5;(71. 72);148.669046401977;0.913043478260869;39.210161313972;0.686524265077553;0.762248915926975;460.83355528954;0.981613566288813;0.941370328340978;0.927609246675073;1202090.0;0.0;209.0;False;G:\Experiments\PTT\Spheroids\05052025\07052025 after laser\Analysis\2025-05-07_140511_tube3_cropped_8bits2\12_0209_0_8bits.tiff;G:\Experiments\PTT\Spheroids\05052025\07052025 after laser\Analysis\2025-05-07_140511_tube3_segmentationDebug2\12_0209_0_segmented.tiff;1028.0;(75. 87);162.911687374115;0.820758483033932;36.1785883083868;0.486741632961356;0.864886631624653;1061.00609467931;0.980797089451807;0.948441141173952;0.866223853162405;60.0358201696885;;Alive;0.0;0.0;0.0;;;;-179.5;;14.242640972137991;-0.092284995226937;-3.0315730055852015;-0.19978263211619707;0.10263771569767799;600.17253938977;-0.0008164768370060305;0.0070708128329739495;-0.06138539351266803
3;Tube 3;1302120.0;1302120.0;0.0;212.0;False;G:\Experiments\PTT\Spheroids\05052025\06052025\Analysis\2025-05-06_103638_tube3_cropped_8bits2\13_0212_0_8bits.tiff;G:\Experiments\PTT\Spheroids\05052025\06052025\Analysis\2025-05-06_103638_tube3_segmentationDebug2\13_0212_0_segmented.tiff;683.0;(59. 105);121.597979068756;0.834963325183374;29.489364337912;0.580467425922562;0.885133399581237;515.665374514627;0.988119712655046;0.965380264920711;0.897872684497699;1302120.0;0.0;212.0;False;G:\Experiments\PTT\Spheroids\05052025\07052025 after laser\Analysis\2025-05-07_140511_tube3_cropped_8bits2\13_0212_0_8bits.tiff;G:\Experiments\PTT\Spheroids\05052025\07052025 after laser\Analysis\2025-05-07_140511_tube3_segmentationDebug2\13_0212_0_segmented.tiff;695.5;(49. 78);114.526911377906;0.884297520661157;29.757992260287;0.666333888382533;0.934565963657632;801.808293844473;0.985686824861242;0.965087752810046;0.886147034802314;60.16254071006066;;Alive;0.0;0.0;0.0;;;;12.5;;-7.0710676908500005;0.04933419547778295;0.2686279223749999;0.0858664624599711;0.04943256407639496;286.142919329846;-0.002432887793803906;-0.0002925121106650552;-0.011725649695384921
3;Tube 3;1302120.0;1302120.0;1.0;212.0;False;G:\Experiments\PTT\Spheroids\05052025\06052025\Analysis\2025-05-06_103638_tube3_cropped_8bits2\13_0212_0_8bits.tiff;G:\Experiments\PTT\Spheroids\05052025\06052025\Analysis\2025-05-06_103638_tube3_segmentationDebug2\13_0212_0_segmented.tiff;590.5;(93. 40);110.183765292167;0.862673484295105;27.4198459362213;0.611215764762571;0.73137373040474;482.427267503166;0.990004128456556;0.970025152302906;0.909874148900901;1302120.0;0.0;212.0;False;G:\Experiments\PTT\Spheroids\05052025\07052025 after laser\Analysis\2025-05-07_140511_tube3_cropped_8bits2\13_0212_0_8bits.tiff;G:\Experiments\PTT\Spheroids\05052025\07052025 after laser\Analysis\2025-05-07_140511_tube3_segmentationDebug2\13_0212_0_segmented.tiff;695.5;(49. 78);114.526911377906;0.884297520661157;29.757992260287;0.666333888382533;0.934565963657632;801.808293844473;0.985686824861242;0.965087752810046;0.886147034802314;60.16254071006066;;Alive;0.0;-1.0;0.0;;;;105.0;;4.343146085739008;0.021624036366051924;2.3381463240657006;0.055118123619962045;0.20319223325289204;319.38102634130706;-0.004317303595314015;-0.004937399492859984;-0.023727114098586966
3;Tube 3;1402160.0;1402160.0;0.0;216.0;False;G:\Experiments\PTT\Spheroids\05052025\06052025\Analysis\2025-05-06_103638_tube3_cropped_8bits2\14_0216_0_8bits.tiff;G:\Experiments\PTT\Spheroids\05052025\06052025\Analysis\2025-05-06_103638_tube3_segmentationDebug2\14_0216_0_segmented.tiff;947.0;(73. 68);152.568541526794;0.847806624888093;34.7240240880028;0.511245918382024;0.678458937983089;618.478439297907;0.980496119770655;0.952676020469697;0.900124769520055;;;;;;;;;;;;;;;;;;;;;;;;;;;;;;;;;;;;;
3;Tube 3;1602210.0;1602210.0;0.0;221.0;False;G:\Experiments\PTT\Spheroids\05052025\06052025\Analysis\2025-05-06_103638_tube3_cropped_8bits2\16_0221_0_8bits.tiff;G:\Experiments\PTT\Spheroids\05052025\06052025\Analysis\2025-05-06_103638_tube3_segmentationDebug2\16_0221_0_segmented.tiff;865.0;(41. 89);156.083260297775;0.788873689010487;33.186626918021;0.446183304144786;0.585410007334433;419.920925675058;0.983336404861237;0.956479717529228;0.92171236778547;1602210.0;1.0;221.0;False;G:\Experiments\PTT\Spheroids\05052025\07052025 after laser\Analysis\2025-05-07_140511_tube3_cropped_8bits2\16_0221_0_8bits.tiff;G:\Experiments\PTT\Spheroids\05052025\07052025 after laser\Analysis\2025-05-07_140511_tube3_segmentationDebug2\16_0221_0_segmented.tiff;965.0;(106. 76);160.568541407585;0.782643957826439;35.0524772401243;0.470344698016374;0.864679054654366;809.262546133657;0.975925043094423;0.951445474690589;0.898857735890385;69.62434105784891;;Alive;0.0;1.0;0.0;;;;100.0;;4.485281109809989;-0.006229731184048015;1.8658503221032987;0.024161393871588;0.27926904731993296;389.341620458599;-0.007411361766814006;-0.005034242838638958;-0.022854631895085076
3;Tube 3;1703240.0;1703240.0;0.0;324.0;True;G:\Experiments\PTT\Spheroids\05052025\06052025\Analysis\2025-05-06_103638_tube3_cropped_8bits2\17_0324_0_8bits.tiff;G:\Experiments\PTT\Spheroids\05052025\06052025\Analysis\2025-05-06_103638_tube3_segmentationDebug2\17_0324_0_segmented.tiff;460.0;(60. 117);95.9411249160766;0.872865275142315;24.2010369731996;0.627997743316142;0.787620329995974;578.132855630773;0.989134625055983;0.976121110243436;0.873142831817741;;;;;;;;;;;;;;;;;;;;;;;;;;;;;;;;;;;;;
3;Tube 3;1703241.0;1703241.0;0.0;324.0;True;G:\Experiments\PTT\Spheroids\05052025\06052025\Analysis\2025-05-06_103638_tube3_cropped_8bits2\17_0324_1_8bits.tiff;G:\Experiments\PTT\Spheroids\05052025\06052025\Analysis\2025-05-06_103638_tube3_segmentationDebug2\17_0324_1_segmented.tiff;591.0;(75. 68);165.053822398185;0.588645418326693;27.4314522207352;0.272612755244113;0.441100719470478;339.129562526601;0.985727305950914;0.967819130594873;0.867182877311979;;;;;;;;;;;;;;;;;;;;;;;;;;;;;;;;;;;;;
3;Tube 3;1704240.0;;;;;;;;;;;;;;;;;;1704240.0;0.0;424.0;True;G:\Experiments\PTT\Spheroids\05052025\07052025 after laser\Analysis\2025-05-07_140511_tube3_cropped_8bits2\17_0424_0_8bits.tiff;G:\Experiments\PTT\Spheroids\05052025\07052025 after laser\Analysis\2025-05-07_140511_tube3_segmentationDebug2\17_0424_0_segmented.tiff;484.0;(84. 98);96.769551873207;0.881602914389799;24.8243416761012;0.649497921916085;0.788122074533251;794.229374939243;0.98944928249942;0.974958334127354;0.877947051012275;80.05766554849042;;Alive;;;;;;;;;;;;;;;;;
3;Tube 3;1704241.0;;;;;;;;;;;;;;;;;;1704241.0;0.0;424.0;True;G:\Experiments\PTT\Spheroids\05052025\07052025 after laser\Analysis\2025-05-07_140511_tube3_cropped_8bits2\17_0424_1_8bits.tiff;G:\Experiments\PTT\Spheroids\05052025\07052025 after laser\Analysis\2025-05-07_140511_tube3_segmentationDebug2\17_0424_1_segmented.tiff;566.5;(69. 44);130.183765530586;0.758874748827863;26.8568464658915;0.420045290433619;0.735802528338817;866.288823001885;0.986478098031828;0.970529236181662;0.888372713770313;80.05766554849042;;Alive;;;;;;;;;;;;;;;;;
3;Tube 3;1806240.0;1806240.0;0.0;624.0;False;G:\Experiments\PTT\Spheroids\05052025\06052025\Analysis\2025-05-06_103638_tube3_cropped_8bits2\18_0624_0_8bits.tiff;G:\Experiments\PTT\Spheroids\05052025\06052025\Analysis\2025-05-06_103638_tube3_segmentationDebug2\18_0624_0_segmented.tiff;939.0;(77. 77);133.597979068756;0.896848137535816;34.5770434321142;0.661112972433521;0.902633391953969;226.139035087719;0.977004970040895;0.951140178583537;0.912057385767782;1806240.0;0.0;624.0;False;G:\Experiments\PTT\Spheroids\05052025\07052025 after laser\Analysis\2025-05-07_140511_tube3_cropped_8bits2\18_0624_0_8bits.tiff;G:\Experiments\PTT\Spheroids\05052025\07052025 after laser\Analysis\2025-05-07_140511_tube3_segmentationDebug2\18_0624_0_segmented.tiff;800.5;(86. 74);157.497473716735;0.755545068428504;31.9253544312431;0.405530960436224;0.87455714622623;780.256889777001;0.980860991483706;0.955530366784568;0.849493789269562;91.67371508260545;;Alive;0.0;0.0;0.0;;;;-138.5;;23.899494647978997;-0.14130306910731205;-2.6516890008711016;-0.25558201199729697;-0.028076245727738924;554.117854689282;0.003856021442810942;0.004390188201030987;-0.06256359649821996
3;Tube 3;1909240.0;1909240.0;0.0;924.0;False;G:\Experiments\PTT\Spheroids\05052025\06052025\Analysis\2025-05-06_103638_tube3_cropped_8bits2\19_0924_0_8bits.tiff;G:\Experiments\PTT\Spheroids\05052025\06052025\Analysis\2025-05-06_103638_tube3_segmentationDebug2\19_0924_0_segmented.tiff;1042.5;(78. 81);148.811181783676;0.867665418227216;36.4328454198461;0.591581788965864;0.554068895429621;502.258258707694;0.977696274403104;0.948739675125613;0.913108154667147;1909240.0;0.0;924.0;False;G:\Experiments\PTT\Spheroids\05052025\07052025 after laser\Analysis\2025-05-07_140511_tube3_cropped_8bits2\19_0924_0_8bits.tiff;G:\Experiments\PTT\Spheroids\05052025\07052025 after laser\Analysis\2025-05-07_140511_tube3_segmentationDebug2\19_0924_0_segmented.tiff;1169.5;(73. 50);167.154327988624;0.836552217453505;38.5882578975492;0.525986791512191;0.665660055712003;710.069031084884;0.974661814512742;0.941862748861529;0.884413381242381;91.67371508260545;;Alive;0.0;0.0;0.0;;;;127.0;;18.343146204948;-0.031113200773710936;2.155412477703095;-0.06559499745367303;0.11159116028238203;207.81077237719006;-0.0030344598903619957;-0.006876926264083982;-0.028694773424766007
3;Tube 3;207050.0;;;;;;;;;;;;;;;;;;207050.0;0.0;705.0;False;G:\Experiments\PTT\Spheroids\05052025\07052025 after laser\Analysis\2025-05-07_140511_tube3_cropped_8bits2\2_0705_0_8bits.tiff;G:\Experiments\PTT\Spheroids\05052025\07052025 after laser\Analysis\2025-05-07_140511_tube3_segmentationDebug2\2_0705_0_segmented.tiff;1637.5;(75. 76);159.639609098434;0.955646337904873;45.6610310276041;0.807439258337333;0.942550948995252;736.820293550946;0.983345827044208;0.921837623063925;0.941507156501757;208.34109258524452;;Alive;;;;;;;;;;;;;;;;;
3;Tube 3;209050.0;209050.0;0.0;905.0;True;G:\Experiments\PTT\Spheroids\05052025\06052025\Analysis\2025-05-06_103638_tube3_cropped_8bits2\2_0905_0_8bits.tiff;G:\Experiments\PTT\Spheroids\05052025\06052025\Analysis\2025-05-06_103638_tube3_segmentationDebug2\2_0905_0_segmented.tiff;1135.0;(70. 80);130.225395560264;0.963497453310696;38.0148245198423;0.841035552859697;0.942450624407627;394.549285628481;0.981771554906967;0.945051351813738;0.895829911313908;;;;;;;;;;;;;;;;;;;;;;;;;;;;;;;;;;;;;
3;Tube 3;209051.0;209051.0;0.0;905.0;True;G:\Experiments\PTT\Spheroids\05052025\06052025\Analysis\2025-05-06_103638_tube3_cropped_8bits2\2_0905_1_8bits.tiff;G:\Experiments\PTT\Spheroids\05052025\06052025\Analysis\2025-05-06_103638_tube3_segmentationDebug2\2_0905_1_segmented.tiff;568.0;(72. 76);119.254833221435;0.810849393290506;26.8923792441199;0.501887317046801;0.617504628701366;285.882043650793;0.986864402061875;0.970580261942748;0.89647320727707;;;;;;;;;;;;;;;;;;;;;;;;;;;;;;;;;;;;;
3;Tube 3;310050.0;;;;;;;;;;;;;;;;;;310050.0;0.0;1005.0;False;G:\Experiments\PTT\Spheroids\05052025\07052025 after laser\Analysis\2025-05-07_140511_tube3_cropped_8bits2\3_1005_0_8bits.tiff;G:\Experiments\PTT\Spheroids\05052025\07052025 after laser\Analysis\2025-05-07_140511_tube3_segmentationDebug2\3_1005_0_segmented.tiff;1689.5;(61. 74);180.953317284584;0.911764705882352;46.38036449652;0.648387990027589;0.644502606718972;1028.58153479472;0.978347772972644;0.919256745681574;0.895343209007627;187.22100252321718;;Alive;;;;;;;;;;;;;;;;;
3;Tube 3;310050.0;;;;;;;;;;;;;;;;;;310050.0;1.0;1005.0;False;G:\Experiments\PTT\Spheroids\05052025\07052025 after laser\Analysis\2025-05-07_140511_tube3_cropped_8bits2\3_1005_0_8bits.tiff;G:\Experiments\PTT\Spheroids\05052025\07052025 after laser\Analysis\2025-05-07_140511_tube3_segmentationDebug2\3_1005_0_segmented.tiff;489.5;(117. 47);106.526911139488;0.828257191201353;24.9649906298372;0.542055669788124;0.864976465079932;641.801342680581;0.988007584322152;0.974509276638962;0.893159890248582;187.22100252321718;;Alive;;;;;;;;;;;;;;;;;
3;Tube 3;413050.0;;;;;;;;;;;;;;;;;;413050.0;0.0;1305.0;True;G:\Experiments\PTT\Spheroids\05052025\07052025 after laser\Analysis\2025-05-07_140511_tube3_cropped_8bits2\4_1305_0_8bits.tiff;G:\Experiments\PTT\Spheroids\05052025\07052025 after laser\Analysis\2025-05-07_140511_tube3_segmentationDebug2\4_1305_0_segmented.tiff;1555.0;(114. 46);212.024385213851;0.792558613659531;44.495926690689;0.434678972882126;0.424105376663412;844.150009201887;0.970889173457827;0.924146056024634;0.895854583675874;88.4634613931773;;Alive;;;;;;;;;;;;;;;;;
3;Tube 3;413051.0;;;;;;;;;;;;;;;;;;413051.0;0.0;1305.0;True;G:\Experiments\PTT\Spheroids\05052025\07052025 after laser\Analysis\2025-05-07_140511_tube3_cropped_8bits2\4_1305_1_8bits.tiff;G:\Experiments\PTT\Spheroids\05052025\07052025 after laser\Analysis\2025-05-07_140511_tube3_segmentationDebug2\4_1305_1_segmented.tiff;793.0;(47. 113);120.769551873207;0.897058823529411;31.7754458501369;0.683231910087544;0.892679501394348;899.899451485022;0.984630450609131;0.960489266649001;0.886719458046767;88.4634613931773;;Alive;;;;;;;;;;;;;;;;;
3;Tube 3;415040.0;415040.0;0.0;1504.0;False;G:\Experiments\PTT\Spheroids\05052025\06052025\Analysis\2025-05-06_103638_tube3_cropped_8bits2\4_1504_0_8bits.tiff;G:\Experiments\PTT\Spheroids\05052025\06052025\Analysis\2025-05-06_103638_tube3_segmentationDebug2\4_1504_0_segmented.tiff;899.5;(32. 108);154.325900793075;0.806726457399103;33.8419705467822;0.47460618162921;0.957543301444962;686.477857419604;0.980696078108857;0.95055395278254;0.90058898452704;;;;;;;;;;;;;;;;;;;;;;;;;;;;;;;;;;;;;
3;Tube 3;515020.0;515020.0;0.0;1502.0;False;G:\Experiments\PTT\Spheroids\05052025\06052025\Analysis\2025-05-06_103638_tube3_cropped_8bits2\5_1502_0_8bits.tiff;G:\Experiments\PTT\Spheroids\05052025\06052025\Analysis\2025-05-06_103638_tube3_segmentationDebug2\5_1502_0_segmented.tiff;1645.0;(77. 64);183.053822755813;0.890392422192151;45.7654788141601;0.616904816094618;0.811792998792249;859.753864898689;0.971292409139073;0.920647009621543;0.898274060927219;;;;;;;;;;;;;;;;;;;;;;;;;;;;;;;;;;;;;
3;Tube 3;515040.0;;;;;;;;;;;;;;;;;;515040.0;0.0;1504.0;False;G:\Experiments\PTT\Spheroids\05052025\07052025 after laser\Analysis\2025-05-07_140511_tube3_cropped_8bits2\5_1504_0_8bits.tiff;G:\Experiments\PTT\Spheroids\05052025\07052025 after laser\Analysis\2025-05-07_140511_tube3_segmentationDebug2\5_1504_0_segmented.tiff;1447.5;(69. 80);189.639608979225;0.830464716006884;42.9303417294126;0.505790111160831;0.807409199830428;861.389217827693;0.973855318855555;0.929020364302964;0.860992543797964;61.21854521316203;;Alive;;;;;;;;;;;;;;;;;
3;Tube 3;613010.0;613010.0;0.0;1301.0;False;G:\Experiments\PTT\Spheroids\05052025\06052025\Analysis\2025-05-06_103638_tube3_cropped_8bits2\6_1301_0_8bits.tiff;G:\Experiments\PTT\Spheroids\05052025\06052025\Analysis\2025-05-06_103638_tube3_segmentationDebug2\6_1301_0_segmented.tiff;1232.0;(74. 72);150.225395560264;0.899926953981008;39.6059480269532;0.686015391027491;0.880346767481788;970.804078371363;0.979732124508121;0.940105832884286;0.89540679291982;;;;;;;;;;;;;;;;;;;;;;;;;;;;;;;;;;;;;
3;Tube 3;614010.0;;;;;;;;;;;;;;;;;;614010.0;0.0;1401.0;False;G:\Experiments\PTT\Spheroids\05052025\07052025 after laser\Analysis\2025-05-07_140511_tube3_cropped_8bits2\6_1401_0_8bits.tiff;G:\Experiments\PTT\Spheroids\05052025\07052025 after laser\Analysis\2025-05-07_140511_tube3_segmentationDebug2\6_1401_0_segmented.tiff;958.0;(69. 70);185.740114212036;0.733818460360015;34.9251125102881;0.34895060576317;0.748787731929693;1206.90630281668;0.982776082529734;0.951007791296815;0.830746854956151;55.38940035604248;;Alive;;;;;;;;;;;;;;;;;
3;Tube 3;710010.0;710010.0;0.0;1001.0;False;G:\Experiments\PTT\Spheroids\05052025\06052025\Analysis\2025-05-06_103638_tube3_cropped_8bits2\7_1001_0_8bits.tiff;G:\Experiments\PTT\Spheroids\05052025\06052025\Analysis\2025-05-06_103638_tube3_segmentationDebug2\7_1001_0_segmented.tiff;1435.0;(72. 71);167.195957660675;0.903652392947103;42.7445756405998;0.645075011394619;0.828198943668043;699.594894512827;0.975105114990784;0.930530632667032;0.909690019801404;710010.0;0.0;1001.0;False;G:\Experiments\PTT\Spheroids\05052025\07052025 after laser\Analysis\2025-05-07_140511_tube3_cropped_8bits2\7_1001_0_8bits.tiff;G:\Experiments\PTT\Spheroids\05052025\07052025 after laser\Analysis\2025-05-07_140511_tube3_segmentationDebug2\7_1001_0_segmented.tiff;1131.0;(73. 79);146.083260178565;0.902273633825289;37.9477789217691;0.66599591264359;0.888502596245902;938.762615124317;0.972688853657498;0.92396711240906;0.873949370373225;66.58304808891697;;Alive;0.0;0.0;0.0;;;;-304.0;;-21.11269748210998;-0.001378759121813955;-4.796796718830699;0.020920901248971058;0.06030365257785897;239.16772061149004;-0.002416261333285985;-0.006563520257971911;-0.035740649428179005
3;Tube 3;806010.0;806010.0;0.0;601.0;False;G:\Experiments\PTT\Spheroids\05052025\06052025\Analysis\2025-05-06_103638_tube3_cropped_8bits2\8_0601_0_8bits.tiff;G:\Experiments\PTT\Spheroids\05052025\06052025\Analysis\2025-05-06_103638_tube3_segmentationDebug2\8_0601_0_segmented.tiff;1328.5;(73. 66);161.982754945755;0.896726290921363;41.1278340686774;0.636258885966875;0.769646251326985;948.147033381062;0.977528162995514;0.935509019280158;0.896647590971877;;;;;;;;;;;;;;;;;;;;;;;;;;;;;;;;;;;;;
3;Tube 3;807010.0;;;;;;;;;;;;;;;;;;807010.0;0.0;701.0;False;G:\Experiments\PTT\Spheroids\05052025\07052025 after laser\Analysis\2025-05-07_140511_tube3_cropped_8bits2\8_0701_0_8bits.tiff;G:\Experiments\PTT\Spheroids\05052025\07052025 after laser\Analysis\2025-05-07_140511_tube3_segmentationDebug2\8_0701_0_segmented.tiff;1202.5;(73. 70);154.811181664466;0.882568807339449;39.1288966435808;0.630507559414526;0.771731224817039;659.865200938661;0.979146625212476;0.941032714178174;0.886523158776046;76.55173059819388;;Alive;;;;;;;;;;;;;;;;;
3;Tube 3;904010.0;904010.0;0.0;401.0;False;G:\Experiments\PTT\Spheroids\05052025\06052025\Analysis\2025-05-06_103638_tube3_cropped_8bits2\9_0401_0_8bits.tiff;G:\Experiments\PTT\Spheroids\05052025\06052025\Analysis\2025-05-06_103638_tube3_segmentationDebug2\9_0401_0_segmented.tiff;1482.0;(72. 38);173.740114331245;0.87511071744907;43.4389342099632;0.616961212971302;0.781230913455392;723.386025657224;0.967641613684375;0.905656047108768;0.910124150097964;904010.0;0.0;401.0;False;G:\Experiments\PTT\Spheroids\05052025\07052025 after laser\Analysis\2025-05-07_140511_tube3_cropped_8bits2\9_0401_0_8bits.tiff;G:\Experiments\PTT\Spheroids\05052025\07052025 after laser\Analysis\2025-05-07_140511_tube3_segmentationDebug2\9_0401_0_segmented.tiff;1012.0;(80. 72);146.083260297775;0.877710320901994;35.8959387573578;0.595922071171809;0.744110724372437;564.330325185508;0.983636064808072;0.945960221258632;0.89348238884;63.11935331874449;;Alive;0.0;0.0;0.0;;;;-470.0;;-27.656854033469983;0.002599603452923982;-7.542995452605403;-0.021039141799493066;-0.037120189082955;-159.05570047171602;0.015994451123697018;0.04030417414986398;-0.016641761257964016
3;Tube 4;1002040.0;1002040.0;0.0;204.0;False;G:\Experiments\PTT\Spheroids\05052025\06052025\Analysis\2025-05-06_102612_tube4_cropped_8bits2\10_0204_0_8bits.tiff;G:\Experiments\PTT\Spheroids\05052025\06052025\Analysis\2025-05-06_102612_tube4_segmentationDebug2\10_0204_0_segmented.tiff;1025.0;(74. 71);129.254832983016;0.941230486685032;36.1257599692178;0.770974737476834;0.943525615285467;473.918497434816;0.977545739441041;0.949805599476198;0.906788476578115;1002040.0;0.0;204.0;False;G:\Experiments\PTT\Spheroids\05052025\07052025 after laser\Analysis\2025-05-07_143332_tube4_cropped_8bits2\10_0204_0_8bits.tiff;G:\Experiments\PTT\Spheroids\05052025\07052025 after laser\Analysis\2025-05-07_143332_tube4_segmentationDebug2\10_0204_0_segmented.tiff;1400.5;(86. 73);180.811181783676;0.840131973605278;42.2276210838545;0.538322345671452;0.813190591332788;925.829607656926;0.972171544401153;0.931329195954917;0.875924217813255;50.863654653813114;48.0;Alive;0.0;0.0;0.0;;;;375.5;;51.556348800660004;-0.10109851307975393;6.101861114636698;-0.232652391805382;-0.13033502395267893;451.91111022211;-0.005374195039887897;-0.018476403521280993;-0.030864258764859986
3;Tube 4;1102070.0;1102070.0;0.0;207.0;False;G:\Experiments\PTT\Spheroids\05052025\06052025\Analysis\2025-05-06_102612_tube4_cropped_8bits2\11_0207_0_8bits.tiff;G:\Experiments\PTT\Spheroids\05052025\06052025\Analysis\2025-05-06_102612_tube4_segmentationDebug2\11_0207_0_segmented.tiff;793.0;(59. 112);113.254833102226;0.945172824791418;31.7754458501369;0.776907944562637;0.808182955571741;556.547888014696;0.981356867888569;0.960700822575543;0.903250621362978;;;;;;;;;;;;;;;;;;;;;;;;;;;;;;;;;;;;;
3;Tube 4;1102070.0;1102070.0;1.0;207.0;False;G:\Experiments\PTT\Spheroids\05052025\06052025\Analysis\2025-05-06_102612_tube4_cropped_8bits2\11_0207_0_8bits.tiff;G:\Experiments\PTT\Spheroids\05052025\06052025\Analysis\2025-05-06_102612_tube4_segmentationDebug2\11_0207_0_segmented.tiff;768.5;(89. 42);110.325900912284;0.947595561035758;31.28073832455;0.793412011084318;0.918442299513365;529.278195285056;0.984431271427891;0.962013953463544;0.907720835741152;;;;;;;;;;;;;;;;;;;;;;;;;;;;;;;;;;;;;
3;Tube 4;1102080.0;;;;;;;;;;;;;;;;;;1102080.0;1.0;208.0;False;G:\Experiments\PTT\Spheroids\05052025\07052025 after laser\Analysis\2025-05-07_143332_tube4_cropped_8bits2\11_0208_0_8bits.tiff;G:\Experiments\PTT\Spheroids\05052025\07052025 after laser\Analysis\2025-05-07_143332_tube4_segmentationDebug2\11_0208_0_segmented.tiff;897.5;(66. 59);130.183765411376;0.902463549522373;33.8043265189503;0.6654733430796;0.760702760516598;704.450606295149;0.983569983685893;0.955690260701683;0.918657818589889;63.784604099003225;51.0;Alive;;;;;;;;;;;;;;;;;
3;Tube 4;1202100.0;1202100.0;0.0;210.0;False;G:\Experiments\PTT\Spheroids\05052025\06052025\Analysis\2025-05-06_102612_tube4_cropped_8bits2\12_0210_0_8bits.tiff;G:\Experiments\PTT\Spheroids\05052025\06052025\Analysis\2025-05-06_102612_tube4_segmentationDebug2\12_0210_0_segmented.tiff;1124.5;(70. 78);160.468035936355;0.865665896843726;37.838576453861;0.548772385932253;0.535190558490029;403.437235387049;0.975836135129937;0.944818440336748;0.919221770147231;1202100.0;0.0;210.0;False;G:\Experiments\PTT\Spheroids\05052025\07052025 after laser\Analysis\2025-05-07_143332_tube4_cropped_8bits2\12_0210_0_8bits.tiff;G:\Experiments\PTT\Spheroids\05052025\07052025 after laser\Analysis\2025-05-07_143332_tube4_segmentationDebug2\12_0210_0_segmented.tiff;1159.0;(86. 69);171.396968245506;0.834713719841555;38.4146408592876;0.495777746040857;0.753101248781641;766.649631190188;0.976271342914821;0.925455465900807;0.872266363708628;12.198692298888147;56.0;Dead;0.0;0.0;0.0;;;;34.5;;10.928932309151008;-0.03095217700217101;0.5760644054265995;-0.05299463989139597;0.21791069029161203;363.212395803139;0.00043520778488392864;-0.01936297443594104;-0.046955406438603076
3;Tube 4;1302130.0;1302130.0;0.0;213.0;False;G:\Experiments\PTT\Spheroids\05052025\06052025\Analysis\2025-05-06_102612_tube4_cropped_8bits2\13_0213_0_8bits.tiff;G:\Experiments\PTT\Spheroids\05052025\06052025\Analysis\2025-05-06_102612_tube4_segmentationDebug2\13_0213_0_segmented.tiff;623.5;(96. 97);100.183765411376;0.949010654490106;28.1756074671403;0.780641473569825;0.817276326665128;345.304217260738;0.985806098898558;0.968656866387258;0.909731749456056;1302130.0;0.0;213.0;False;G:\Experiments\PTT\Spheroids\05052025\07052025 after laser\Analysis\2025-05-07_143332_tube4_cropped_8bits2\13_0213_0_8bits.tiff;G:\Experiments\PTT\Spheroids\05052025\07052025 after laser\Analysis\2025-05-07_143332_tube4_segmentationDebug2\13_0213_0_segmented.tiff;632.0;(33. 87);120.769551873207;0.828852459016393;28.3670123959613;0.544517739187046;0.913647988940956;592.072141035011;0.988133440689619;0.967788687819701;0.902882610812481;79.14182684025613;40.0;Alive;0.0;0.0;0.0;;;;8.5;;20.585786461831006;-0.12015819547371298;0.1914049288210009;-0.236123734382779;0.09637166227582805;246.76792377427296;0.0023273417910609773;-0.0008681785675570541;-0.006849138643574948
3;Tube 4;1302130.0;1302130.0;0.0;213.0;False;G:\Experiments\PTT\Spheroids\05052025\06052025\Analysis\2025-05-06_102612_tube4_cropped_8bits2\13_0213_0_8bits.tiff;G:\Experiments\PTT\Spheroids\05052025\06052025\Analysis\2025-05-06_102612_tube4_segmentationDebug2\13_0213_0_segmented.tiff;623.5;(96. 97);100.183765411376;0.949010654490106;28.1756074671403;0.780641473569825;0.817276326665128;345.304217260738;0.985806098898558;0.968656866387258;0.909731749456056;1302130.0;1.0;213.0;False;G:\Experiments\PTT\Spheroids\05052025\07052025 after laser\Analysis\2025-05-07_143332_tube4_cropped_8bits2\13_0213_0_8bits.tiff;G:\Experiments\PTT\Spheroids\05052025\07052025 after laser\Analysis\2025-05-07_143332_tube4_segmentationDebug2\13_0213_0_segmented.tiff;891.5;(101. 62);121.355338454246;0.938421052631578;33.6911420722331;0.760700041403841;0.908052897026529;647.254528869511;0.985783668110395;0.956028639830401;0.918580945257672;79.14182684025613;40.0;Alive;0.0;1.0;0.0;;;;268.0;;21.171573042869994;-0.010589601858527975;5.5155346050928;-0.019941432165984097;0.09077657036140108;301.95031160877295;-2.243078816299704e-05;-0.012628226556857025;0.008849195801616028
3;Tube 4;1302130.0;1302130.0;1.0;213.0;False;G:\Experiments\PTT\Spheroids\05052025\06052025\Analysis\2025-05-06_102612_tube4_cropped_8bits2\13_0213_0_8bits.tiff;G:\Experiments\PTT\Spheroids\05052025\06052025\Analysis\2025-05-06_102612_tube4_segmentationDebug2\13_0213_0_segmented.tiff;422.5;(63. 23);108.183765411376;0.737347294938917;23.193613509986;0.453641095682176;0.639860983317701;243.813048200309;0.993784568327324;0.977521953951821;0.927067499991131;1302130.0;0.0;213.0;False;G:\Experiments\PTT\Spheroids\05052025\07052025 after laser\Analysis\2025-05-07_143332_tube4_cropped_8bits2\13_0213_0_8bits.tiff;G:\Experiments\PTT\Spheroids\05052025\07052025 after laser\Analysis\2025-05-07_143332_tube4_segmentationDebug2\13_0213_0_segmented.tiff;632.0;(33. 87);120.769551873207;0.828852459016393;28.3670123959613;0.544517739187046;0.913647988940956;592.072141035011;0.988133440689619;0.967788687819701;0.902882610812481;79.14182684025613;40.0;Alive;0.0;-1.0;0.0;;;;209.5;;12.585786461831006;0.091505164077476;5.173398885975299;0.09087664350487007;0.273787005623255;348.25909283470196;-0.0056511276377050335;-0.00973326613212;-0.024184889178650026
3;Tube 4;1302130.0;1302130.0;1.0;213.0;False;G:\Experiments\PTT\Spheroids\05052025\06052025\Analysis\2025-05-06_102612_tube4_cropped_8bits2\13_0213_0_8bits.tiff;G:\Experiments\PTT\Spheroids\05052025\06052025\Analysis\2025-05-06_102612_tube4_segmentationDebug2\13_0213_0_segmented.tiff;422.5;(63. 23);108.183765411376;0.737347294938917;23.193613509986;0.453641095682176;0.639860983317701;243.813048200309;0.993784568327324;0.977521953951821;0.927067499991131;1302130.0;1.0;213.0;False;G:\Experiments\PTT\Spheroids\05052025\07052025 after laser\Analysis\2025-05-07_143332_tube4_cropped_8bits2\13_0213_0_8bits.tiff;G:\Experiments\PTT\Spheroids\05052025\07052025 after laser\Analysis\2025-05-07_143332_tube4_segmentationDebug2\13_0213_0_segmented.tiff;891.5;(101. 62);121.355338454246;0.938421052631578;33.6911420722331;0.760700041403841;0.908052897026529;647.254528869511;0.985783668110395;0.956028639830401;0.918580945257672;79.14182684025613;40.0;Alive;0.0;0.0;0.0;;;;469.0;;13.171573042869994;0.201073757692661;10.497528562247098;0.307058945721665;0.268191913708828;403.44148066920195;-0.008000900216929008;-0.02149331412141997;-0.00848655473345905
3;Tube 4;1402150.0;1402150.0;0.0;215.0;False;G:\Experiments\PTT\Spheroids\05052025\06052025\Analysis\2025-05-06_102612_tube4_cropped_8bits2\14_0215_0_8bits.tiff;G:\Experiments\PTT\Spheroids\05052025\06052025\Analysis\2025-05-06_102612_tube4_segmentationDebug2\14_0215_0_segmented.tiff;1242.5;(70. 73);155.497473835945;0.893242271746944;39.7743652913964;0.645742819188606;0.824503725180997;384.487855661226;0.972995245955056;0.939275841457961;0.921422466005823;;;;;;;;;;;;;;;;;;;;;;;;;;;;;;;;;;;;;
3;Tube 4;1402170.0;;;;;;;;;;;;;;;;;;1402170.0;0.0;217.0;False;G:\Experiments\PTT\Spheroids\05052025\07052025 after laser\Analysis\2025-05-07_143332_tube4_cropped_8bits2\14_0217_0_8bits.tiff;G:\Experiments\PTT\Spheroids\05052025\07052025 after laser\Analysis\2025-05-07_143332_tube4_segmentationDebug2\14_0217_0_segmented.tiff;1321.5;(73. 78);162.325900793075;0.895628600474415;41.0193376149288;0.630233360695107;0.937281050640731;1044.40983748063;0.973082144682633;0.935526813592265;0.863383421080813;65.87283835277132;48.0;Alive;;;;;;;;;;;;;;;;;
3;Tube 4;1502190.0;1502190.0;0.0;219.0;False;G:\Experiments\PTT\Spheroids\05052025\06052025\Analysis\2025-05-06_102612_tube4_cropped_8bits2\15_0219_0_8bits.tiff;G:\Experiments\PTT\Spheroids\05052025\06052025\Analysis\2025-05-06_102612_tube4_segmentationDebug2\15_0219_0_segmented.tiff;1031.5;(79. 68);153.497473835945;0.850370981038746;36.2401240394444;0.550144317283966;0.787539102146049;482.727439767573;0.974154488869559;0.948763835176207;0.89675372997136;;;;;;;;;;;;;;;;;;;;;;;;;;;;;;;;;;;;;
3;Tube 4;1502200.0;;;;;;;;;;;;;;;;;;1502200.0;0.0;220.0;False;G:\Experiments\PTT\Spheroids\05052025\07052025 after laser\Analysis\2025-05-07_143332_tube4_cropped_8bits2\15_0220_0_8bits.tiff;G:\Experiments\PTT\Spheroids\05052025\07052025 after laser\Analysis\2025-05-07_143332_tube4_segmentationDebug2\15_0220_0_segmented.tiff;1132.5;(79. 71);146.811181902885;0.885803676183027;37.9729348933233;0.660282527074017;0.905524708811657;848.394864105174;0.975988103916726;0.944470217588821;0.897495093320032;65.52479931047664;42.0;Alive;;;;;;;;;;;;;;;;;
3;Tube 4;1602210.0;1602210.0;0.0;221.0;False;G:\Experiments\PTT\Spheroids\05052025\06052025\Analysis\2025-05-06_102612_tube4_cropped_8bits2\16_0221_0_8bits.tiff;G:\Experiments\PTT\Spheroids\05052025\06052025\Analysis\2025-05-06_102612_tube4_segmentationDebug2\16_0221_0_segmented.tiff;1001.5;(74. 70);140.669046759605;0.871248368856024;35.7092341566192;0.636009684498964;0.74608559167721;271.701559658015;0.974629193191861;0.95041805971702;0.909513531524435;;;;;;;;;;;;;;;;;;;;;;;;;;;;;;;;;;;;;
3;Tube 4;1602220.0;;;;;;;;;;;;;;;;;;1602220.0;1.0;222.0;False;G:\Experiments\PTT\Spheroids\05052025\07052025 after laser\Analysis\2025-05-07_143332_tube4_cropped_8bits2\16_0222_0_8bits.tiff;G:\Experiments\PTT\Spheroids\05052025\07052025 after laser\Analysis\2025-05-07_143332_tube4_segmentationDebug2\16_0222_0_segmented.tiff;1028.5;(76. 71);133.840619564056;0.92950745594216;36.1873855336374;0.721503236090184;0.85773604740935;764.606967574235;0.981093509346821;0.949703631046241;0.90539963597908;70.96290934633106;43.0;Alive;;;;;;;;;;;;;;;;;
3;Tube 4;1703240.0;1703240.0;0.0;324.0;False;G:\Experiments\PTT\Spheroids\05052025\06052025\Analysis\2025-05-06_102612_tube4_cropped_8bits2\17_0324_0_8bits.tiff;G:\Experiments\PTT\Spheroids\05052025\06052025\Analysis\2025-05-06_102612_tube4_segmentationDebug2\17_0324_0_segmented.tiff;716.5;(106. 76);115.012192606925;0.908111533586818;30.2039092470286;0.680672637731481;0.648079244676877;277.607364431235;0.981914697048434;0.963824756916293;0.883571442928471;;;;;;;;;;;;;;;;;;;;;;;;;;;;;;;;;;;;;
3;Tube 4;1704240.0;;;;;;;;;;;;;;;;;;1704240.0;0.0;424.0;False;G:\Experiments\PTT\Spheroids\05052025\07052025 after laser\Analysis\2025-05-07_143332_tube4_cropped_8bits2\17_0424_0_8bits.tiff;G:\Experiments\PTT\Spheroids\05052025\07052025 after laser\Analysis\2025-05-07_143332_tube4_segmentationDebug2\17_0424_0_segmented.tiff;1026.0;(77. 70);194.568541288375;0.731029568934805;36.1433779951221;0.34057438333117;0.574633400925052;695.636247085891;0.97343395012033;0.94742330635781;0.883267105716989;23.868876435831744;54.0;Dead;;;;;;;;;;;;;;;;;
3;Tube 4;1807240.0;1807240.0;0.0;724.0;False;G:\Experiments\PTT\Spheroids\05052025\06052025\Analysis\2025-05-06_102612_tube4_cropped_8bits2\18_0724_0_8bits.tiff;G:\Experiments\PTT\Spheroids\05052025\06052025\Analysis\2025-05-06_102612_tube4_segmentationDebug2\18_0724_0_segmented.tiff;804.5;(66. 72);124.669046521186;0.882611080636313;32.0050185711465;0.650457066997847;0.775211888010354;468.946606309553;0.981819476301592;0.960030804445324;0.909219690339809;1807240.0;0.0;724.0;False;G:\Experiments\PTT\Spheroids\05052025\07052025 after laser\Analysis\2025-05-07_143332_tube4_cropped_8bits2\18_0724_0_8bits.tiff;G:\Experiments\PTT\Spheroids\05052025\07052025 after laser\Analysis\2025-05-07_143332_tube4_segmentationDebug2\18_0724_0_segmented.tiff;1002.5;(79. 83);186.124889969825;0.710237336167198;35.7270575838117;0.363651461457443;0.762597692792313;400.235886183958;0.979345561991278;0.949083002382229;0.901025411097259;60.69575759863791;46.0;Alive;0.0;0.0;0.0;;;;198.0;;61.455843448639;-0.17237374446911502;3.722039012665199;-0.286805605540404;-0.012614195218040969;-68.710720125595;-0.0024739143103140737;-0.01094780206309498;-0.008194279242550007
3;Tube 4;1909240.0;1909240.0;0.0;924.0;False;G:\Experiments\PTT\Spheroids\05052025\06052025\Analysis\2025-05-06_102612_tube4_cropped_8bits2\19_0924_0_8bits.tiff;G:\Experiments\PTT\Spheroids\05052025\06052025\Analysis\2025-05-06_102612_tube4_segmentationDebug2\19_0924_0_segmented.tiff;434.5;(40. 87);85.0121924877166;0.937432578209277;23.520684135191;0.755504770599328;0.727773010942609;478.004155628279;0.989335439300601;0.977592087430326;0.883614002512865;;;;;;;;;;;;;;;;;;;;;;;;;;;;;;;;;;;;;
3;Tube 4;1909240.0;1909240.0;1.0;924.0;False;G:\Experiments\PTT\Spheroids\05052025\06052025\Analysis\2025-05-06_102612_tube4_cropped_8bits2\19_0924_0_8bits.tiff;G:\Experiments\PTT\Spheroids\05052025\06052025\Analysis\2025-05-06_102612_tube4_segmentationDebug2\19_0924_0_segmented.tiff;481.0;(122. 65);89.5979790687561;0.925;24.7472871446066;0.752936779928185;0.916890406870998;476.937525655016;0.98836355697311;0.975494177014587;0.891793342867024;;;;;;;;;;;;;;;;;;;;;;;;;;;;;;;;;;;;;
3;Tube 4;1910240.0;;;;;;;;;;;;;;;;;;1910240.0;0.0;1024.0;False;G:\Experiments\PTT\Spheroids\05052025\07052025 after laser\Analysis\2025-05-07_143332_tube4_cropped_8bits2\19_1024_0_8bits.tiff;G:\Experiments\PTT\Spheroids\05052025\07052025 after laser\Analysis\2025-05-07_143332_tube4_segmentationDebug2\19_1024_0_segmented.tiff;1175.5;(76. 80);214.610171556472;0.726289774482545;38.687117815058;0.320724320755118;0.479010699073791;568.04121989456;0.973704902307104;0.940359290480723;0.903077338509099;63.2625455355612;42.0;Alive;;;;;;;;;;;;;;;;;
3;Tube 4;2012240.0;2012240.0;0.0;1224.0;False;G:\Experiments\PTT\Spheroids\05052025\06052025\Analysis\2025-05-06_102612_tube4_cropped_8bits2\20_1224_0_8bits.tiff;G:\Experiments\PTT\Spheroids\05052025\06052025\Analysis\2025-05-06_102612_tube4_segmentationDebug2\20_1224_0_segmented.tiff;793.5;(80. 81);118.183765530586;0.927527761542957;31.7854617513628;0.713906191856793;0.718569077270672;504.297090173394;0.98372782806264;0.960796214368112;0.918176166824102;;;;;;;;;;;;;;;;;;;;;;;;;;;;;;;;;;;;;
3;Tube 4;2013240.0;;;;;;;;;;;;;;;;;;2013240.0;0.0;1324.0;False;G:\Experiments\PTT\Spheroids\05052025\07052025 after laser\Analysis\2025-05-07_143332_tube4_cropped_8bits2\20_1324_0_8bits.tiff;G:\Experiments\PTT\Spheroids\05052025\07052025 after laser\Analysis\2025-05-07_143332_tube4_segmentationDebug2\20_1324_0_segmented.tiff;929.0;(68. 78);196.568541526794;0.702457466918714;34.3924342996968;0.30213257167428;0.807504661984594;737.796856323147;0.977012397790605;0.951857496804528;0.877970447617412;62.566467450971835;47.0;Alive;;;;;;;;;;;;;;;;;
3;Tube 4;208050.0;208050.0;0.0;805.0;False;G:\Experiments\PTT\Spheroids\05052025\06052025\Analysis\2025-05-06_102612_tube4_cropped_8bits2\2_0805_0_8bits.tiff;G:\Experiments\PTT\Spheroids\05052025\06052025\Analysis\2025-05-06_102612_tube4_segmentationDebug2\2_0805_0_segmented.tiff;1433.5;(73. 65);169.296463251113;0.880257906048511;42.7222294289267;0.62850941892996;0.902181095972121;421.444323928005;0.964843264238856;0.93045298878554;0.912538220004682;;;;;;;;;;;;;;;;;;;;;;;;;;;;;;;;;;;;;
3;Tube 4;312050.0;312050.0;0.0;1205.0;False;G:\Experiments\PTT\Spheroids\05052025\06052025\Analysis\2025-05-06_102612_tube4_cropped_8bits2\3_1205_0_8bits.tiff;G:\Experiments\PTT\Spheroids\05052025\06052025\Analysis\2025-05-06_102612_tube4_segmentationDebug2\3_1205_0_segmented.tiff;1332.0;(74. 78);153.882249116897;0.914835164835164;41.1819751054661;0.706865911440122;0.869274300118708;317.651263212278;0.96546789067673;0.935318409742832;0.902187920617288;312050.0;0.0;1205.0;False;G:\Experiments\PTT\Spheroids\05052025\07052025 after laser\Analysis\2025-05-07_143332_tube4_cropped_8bits2\3_1205_0_8bits.tiff;G:\Experiments\PTT\Spheroids\05052025\07052025 after laser\Analysis\2025-05-07_143332_tube4_segmentationDebug2\3_1205_0_segmented.tiff;1519.0;(75. 76);178.710676431655;0.855052068674359;43.9778452001995;0.597677133603204;0.880820131488706;674.983067247218;0.970218205645288;0.926328267017504;0.90980993912966;104.8967159700627;37.0;Alive;0.0;0.0;0.0;;;;187.0;;24.828427314758017;-0.059783096160805016;2.7958700947334023;-0.10918877783691805;0.011545831369997983;357.3318040349399;0.004750314968558045;-0.008990142725327943;0.007622018512371986
3;Tube 4;415040.0;415040.0;0.0;1504.0;False;G:\Experiments\PTT\Spheroids\05052025\06052025\Analysis\2025-05-06_102612_tube4_cropped_8bits2\4_1504_0_8bits.tiff;G:\Experiments\PTT\Spheroids\05052025\06052025\Analysis\2025-05-06_102612_tube4_segmentationDebug2\4_1504_0_segmented.tiff;1554.0;(32. 75);179.053822398185;0.875739644970414;44.4816170178023;0.60910713270643;0.832049469161343;322.744140112779;0.961543843005003;0.92451190731367;0.907697958216548;415040.0;0.0;1504.0;False;G:\Experiments\PTT\Spheroids\05052025\07052025 after laser\Analysis\2025-05-07_143332_tube4_cropped_8bits2\4_1504_0_8bits.tiff;G:\Experiments\PTT\Spheroids\05052025\07052025 after laser\Analysis\2025-05-07_143332_tube4_segmentationDebug2\4_1504_0_segmented.tiff;2427.5;(71. 74);250.752306818962;0.875879487642071;55.5948648244116;0.48515356668673;0.52990930525296;770.037222798369;0.950405745588015;0.883881046661788;0.915745550699645;134.78456872711863;37.0;Alive;0.0;0.0;0.0;;;;873.5;;71.69848442077702;0.00013984267165700892;11.113247806609301;-0.12395356601970003;-0.30214016390838305;447.29308268559004;-0.011138097416987902;-0.04063086065188193;0.008047592483097055
3;Tube 4;415040.0;415040.0;1.0;1504.0;False;G:\Experiments\PTT\Spheroids\05052025\06052025\Analysis\2025-05-06_102612_tube4_cropped_8bits2\4_1504_0_8bits.tiff;G:\Experiments\PTT\Spheroids\05052025\06052025\Analysis\2025-05-06_102612_tube4_segmentationDebug2\4_1504_0_segmented.tiff;888.0;(117. 58);170.568541526794;0.746532156368221;33.6249418694638;0.383552623673132;0.543930378367165;315.955779888382;0.975465943825095;0.954743214979428;0.910189572516769;415040.0;0.0;1504.0;False;G:\Experiments\PTT\Spheroids\05052025\07052025 after laser\Analysis\2025-05-07_143332_tube4_cropped_8bits2\4_1504_0_8bits.tiff;G:\Experiments\PTT\Spheroids\05052025\07052025 after laser\Analysis\2025-05-07_143332_tube4_segmentationDebug2\4_1504_0_segmented.tiff;2427.5;(71. 74);250.752306818962;0.875879487642071;55.5948648244116;0.48515356668673;0.52990930525296;770.037222798369;0.950405745588015;0.883881046661788;0.915745550699645;134.78456872711863;37.0;Alive;0.0;-1.0;0.0;;;;1539.5;;80.183765292168;0.12934733127385;21.969922954947805;0.10160094301359801;-0.014021073114204974;454.08144290998706;-0.025060198237079945;-0.07086216831764003;0.005555978182876009
3;Tube 4;514010.0;;;;;;;;;;;;;;;;;;514010.0;0.0;1401.0;False;G:\Experiments\PTT\Spheroids\05052025\07052025 after laser\Analysis\2025-05-07_143332_tube4_cropped_8bits2\5_1401_0_8bits.tiff;G:\Experiments\PTT\Spheroids\05052025\07052025 after laser\Analysis\2025-05-07_143332_tube4_segmentationDebug2\5_1401_0_segmented.tiff;1524.0;(78. 73);197.396968483924;0.835526315789473;44.0501653365386;0.491489080611509;0.846675410505697;875.673478607417;0.970104953628048;0.925202791931;0.863755647944023;145.3562546368196;37.0;Alive;;;;;;;;;;;;;;;;;
3;Tube 4;515020.0;515020.0;0.0;1502.0;False;G:\Experiments\PTT\Spheroids\05052025\06052025\Analysis\2025-05-06_102612_tube4_cropped_8bits2\5_1502_0_8bits.tiff;G:\Experiments\PTT\Spheroids\05052025\06052025\Analysis\2025-05-06_102612_tube4_segmentationDebug2\5_1502_0_segmented.tiff;1533.5;(80. 78);200.953317284584;0.850055432372505;44.1872475025472;0.477203131274661;0.689147185978973;352.004922340306;0.96860080079155;0.924924498804473;0.913412492430265;;;;;;;;;;;;;;;;;;;;;;;;;;;;;;;;;;;;;
3;Tube 4;612010.0;612010.0;0.0;1201.0;False;G:\Experiments\PTT\Spheroids\05052025\06052025\Analysis\2025-05-06_102612_tube4_cropped_8bits2\6_1201_0_8bits.tiff;G:\Experiments\PTT\Spheroids\05052025\06052025\Analysis\2025-05-06_102612_tube4_segmentationDebug2\6_1201_0_segmented.tiff;1503.5;(98. 81);161.982755064964;0.9215445908673;43.7528931101626;0.720071685090838;0.916790927109741;458.286658685378;0.96500218620572;0.927373301472752;0.917788320797503;;;;;;;;;;;;;;;;;;;;;;;;;;;;;;;;;;;;;
3;Tube 4;709010.0;709010.0;0.0;901.0;False;G:\Experiments\PTT\Spheroids\05052025\06052025\Analysis\2025-05-06_102612_tube4_cropped_8bits2\7_0901_0_8bits.tiff;G:\Experiments\PTT\Spheroids\05052025\06052025\Analysis\2025-05-06_102612_tube4_segmentationDebug2\7_0901_0_segmented.tiff;1329.5;(77. 82);161.639608860015;0.880172128434293;41.1433102062218;0.639444158001216;0.878093188330527;351.165023039409;0.966170845072212;0.935400577506546;0.910999121964732;;;;;;;;;;;;;;;;;;;;;;;;;;;;;;;;;;;;;
3;Tube 4;805010.0;;;;;;;;;;;;;;;;;;805010.0;0.0;501.0;False;G:\Experiments\PTT\Spheroids\05052025\07052025 after laser\Analysis\2025-05-07_143332_tube4_cropped_8bits2\8_0501_0_8bits.tiff;G:\Experiments\PTT\Spheroids\05052025\07052025 after laser\Analysis\2025-05-07_143332_tube4_segmentationDebug2\8_0501_0_segmented.tiff;1749.5;(75. 74);204.610171318054;0.82251998119417;47.1967433570809;0.525133075083526;0.704558940488995;841.079309992333;0.96941897979245;0.915566387012772;0.909628137578737;77.66266091050372;44.0;Alive;;;;;;;;;;;;;;;;;
3;Tube 4;806010.0;806010.0;0.0;601.0;False;G:\Experiments\PTT\Spheroids\05052025\06052025\Analysis\2025-05-06_102612_tube4_cropped_8bits2\8_0601_0_8bits.tiff;G:\Experiments\PTT\Spheroids\05052025\06052025\Analysis\2025-05-06_102612_tube4_segmentationDebug2\8_0601_0_segmented.tiff;1198.5;(56. 75);149.639608740806;0.911753518448079;39.0637631874489;0.672596765411357;0.837362571423438;234.827873995983;0.97070813836704;0.941534582709933;0.91836119050476;;;;;;;;;;;;;;;;;;;;;;;;;;;;;;;;;;;;;
3;Tube 4;806010.0;806010.0;1.0;601.0;False;G:\Experiments\PTT\Spheroids\05052025\06052025\Analysis\2025-05-06_102612_tube4_cropped_8bits2\8_0601_0_8bits.tiff;G:\Experiments\PTT\Spheroids\05052025\06052025\Analysis\2025-05-06_102612_tube4_segmentationDebug2\8_0601_0_segmented.tiff;435.5;(96. 42);86.5269112586975;0.916842105263157;23.5477349596975;0.730963382024109;0.818620576826691;289.285298326623;0.989308362108046;0.97759347737272;0.901114743702412;;;;;;;;;;;;;;;;;;;;;;;;;;;;;;;;;;;;;
3;Tube 4;903010.0;903010.0;0.0;301.0;False;G:\Experiments\PTT\Spheroids\05052025\06052025\Analysis\2025-05-06_102612_tube4_cropped_8bits2\9_0301_0_8bits.tiff;G:\Experiments\PTT\Spheroids\05052025\06052025\Analysis\2025-05-06_102612_tube4_segmentationDebug2\9_0301_0_segmented.tiff;1334.5;(66. 85);163.296462893486;0.905666779776043;41.2206037370763;0.62889028615612;0.592213339430619;383.362326869645;0.967984041878041;0.93488049475331;0.913079189812525;;;;;;;;;;;;;;;;;;;;;;;;;;;;;;;;;;;;;
3;Tube 5;1002040.0;;;;;;;;;;;;;;;;;;1002040.0;0.0;204.0;False;G:\Experiments\PTT\Spheroids\05052025\07052025 after laser\Analysis\2025-05-07_150413_tube5_cropped_8bits2\10_0204_0_8bits.tiff;G:\Experiments\PTT\Spheroids\05052025\07052025 after laser\Analysis\2025-05-07_150413_tube5_segmentationDebug2\10_0204_0_segmented.tiff;916.5;(74. 73);139.497473716735;0.885935234412759;34.160269945505;0.591847269063209;0.665217426220545;1374.18220523523;0.98270590062868;0.954645780843016;0.85010666882463;11.807148376306628;63.0;Dead;;;;;;;;;;;;;;;;;
3;Tube 5;1002050.0;1002050.0;0.0;205.0;False;G:\Experiments\PTT\Spheroids\05052025\06052025\Analysis\2025-05-06_101526_tube5_cropped_8bits2\10_0205_0_8bits.tiff;G:\Experiments\PTT\Spheroids\05052025\06052025\Analysis\2025-05-06_101526_tube5_segmentationDebug2\10_0205_0_segmented.tiff;1227.5;(88. 76);154.325900793075;0.892078488372093;39.5335495644194;0.647669914341141;0.853751260143661;568.376701962192;0.979708599583214;0.94015624634845;0.915181901555261;;;;;;;;;;;;;;;;;;;;;;;;;;;;;;;;;;;;;
3;Tube 5;106050.0;106050.0;0.0;605.0;False;G:\Experiments\PTT\Spheroids\05052025\06052025\Analysis\2025-05-06_101526_tube5_cropped_8bits2\1_0605_0_8bits.tiff;G:\Experiments\PTT\Spheroids\05052025\06052025\Analysis\2025-05-06_101526_tube5_segmentationDebug2\1_0605_0_segmented.tiff;1697.5;(72. 71);175.154327988624;0.919804930913031;46.4900433123904;0.695309080146132;0.866327486117312;466.817579383891;0.965281345969857;0.918506980155473;0.918580684524621;106050.0;0.0;605.0;False;G:\Experiments\PTT\Spheroids\05052025\07052025 after laser\Analysis\2025-05-07_150413_tube5_cropped_8bits2\1_0605_0_8bits.tiff;G:\Experiments\PTT\Spheroids\05052025\07052025 after laser\Analysis\2025-05-07_150413_tube5_segmentationDebug2\1_0605_0_segmented.tiff;2186.0;(79. 72);227.195957779884;0.85574476414171;52.757005646559;0.53218033327983;0.893605824344526;547.790831313734;0.954676723575894;0.895003855559237;0.912055798035918;140.1791738826862;37.0;Alive;0.0;0.0;0.0;;;;488.5;;52.04162979125999;-0.06406016677132098;6.266962334168603;-0.16312874686630197;0.027278338227213927;80.973251929843;-0.010604622393963092;-0.023503124596236047;-0.0065248864887030855
3;Tube 5;1102070.0;;;;;;;;;;;;;;;;;;1102070.0;0.0;207.0;False;G:\Experiments\PTT\Spheroids\05052025\07052025 after laser\Analysis\2025-05-07_150413_tube5_cropped_8bits2\11_0207_0_8bits.tiff;G:\Experiments\PTT\Spheroids\05052025\07052025 after laser\Analysis\2025-05-07_150413_tube5_segmentationDebug2\11_0207_0_segmented.tiff;663.5;(72. 79);122.183765292167;0.84846547314578;29.0653477173726;0.558500777743578;0.872796131625202;1008.83621216602;0.986028000292193;0.966336537661874;0.865936914696135;12.427092920394033;61.0;Dead;;;;;;;;;;;;;;;;;
3;Tube 5;1102080.0;1102080.0;0.0;208.0;False;G:\Experiments\PTT\Spheroids\05052025\06052025\Analysis\2025-05-06_101526_tube5_cropped_8bits2\11_0208_0_8bits.tiff;G:\Experiments\PTT\Spheroids\05052025\06052025\Analysis\2025-05-06_101526_tube5_segmentationDebug2\11_0208_0_segmented.tiff;974.5;(72. 78);139.012192487716;0.892399267399267;35.2245927775526;0.633703230942801;0.926029454503429;719.792107279693;0.980266621579215;0.951793907638991;0.899311944684751;;;;;;;;;;;;;;;;;;;;;;;;;;;;;;;;;;;;;
3;Tube 5;1202100.0;;;;;;;;;;;;;;;;;;1202100.0;0.0;210.0;False;G:\Experiments\PTT\Spheroids\05052025\07052025 after laser\Analysis\2025-05-07_150413_tube5_cropped_8bits2\12_0210_0_8bits.tiff;G:\Experiments\PTT\Spheroids\05052025\07052025 after laser\Analysis\2025-05-07_150413_tube5_segmentationDebug2\12_0210_0_segmented.tiff;1137.0;(75. 78);240.852811932563;0.638405390230207;38.0483030155601;0.246301403541132;0.431475363488966;1086.84346159686;0.976554901112658;0.941710743415233;0.85365939879639;15.167900378464665;59.0;Dead;;;;;;;;;;;;;;;;;
3;Tube 5;1202110.0;1202110.0;0.0;211.0;False;G:\Experiments\PTT\Spheroids\05052025\06052025\Analysis\2025-05-06_101526_tube5_cropped_8bits2\12_0211_0_8bits.tiff;G:\Experiments\PTT\Spheroids\05052025\06052025\Analysis\2025-05-06_101526_tube5_segmentationDebug2\12_0211_0_segmented.tiff;875.5;(82. 83);120.325900912284;0.941397849462365;33.3874410731885;0.759884822692349;0.867463451782769;471.471514578137;0.984817987266625;0.956781022794102;0.911118178931267;;;;;;;;;;;;;;;;;;;;;;;;;;;;;;;;;;;;;
3;Tube 5;1302130.0;;;;;;;;;;;;;;;;;;1302130.0;0.0;213.0;False;G:\Experiments\PTT\Spheroids\05052025\07052025 after laser\Analysis\2025-05-07_150413_tube5_cropped_8bits2\13_0213_0_8bits.tiff;G:\Experiments\PTT\Spheroids\05052025\07052025 after laser\Analysis\2025-05-07_150413_tube5_segmentationDebug2\13_0213_0_segmented.tiff;1200.0;(73. 73);145.882249116897;0.930593253198914;39.0882009522335;0.708575626342481;0.864369382756894;852.780804478;0.97808137770617;0.94145664971641;0.891205514215434;41.18381878999224;46.0;Dead;;;;;;;;;;;;;;;;;
3;Tube 5;1302140.0;1302140.0;0.0;214.0;False;G:\Experiments\PTT\Spheroids\05052025\06052025\Analysis\2025-05-06_101526_tube5_cropped_8bits2\13_0214_0_8bits.tiff;G:\Experiments\PTT\Spheroids\05052025\06052025\Analysis\2025-05-06_101526_tube5_segmentationDebug2\13_0214_0_segmented.tiff;1158.5;(72. 70);143.639608740806;0.905431809300508;38.4063538047506;0.705598217796242;0.867189730902091;444.313920375189;0.978191805191568;0.943422829667025;0.910962632395481;;;;;;;;;;;;;;;;;;;;;;;;;;;;;;;;;;;;;
3;Tube 5;1402160.0;1402160.0;0.0;216.0;False;G:\Experiments\PTT\Spheroids\05052025\06052025\Analysis\2025-05-06_101526_tube5_cropped_8bits2\14_0216_0_8bits.tiff;G:\Experiments\PTT\Spheroids\05052025\06052025\Analysis\2025-05-06_101526_tube5_segmentationDebug2\14_0216_0_segmented.tiff;1040.0;(71. 72);134.083260178565;0.922394678492239;36.3891347317378;0.726932491972327;0.828167405660153;515.916168745577;0.979689195344939;0.948992135214738;0.911723624225236;1402160.0;0.0;216.0;False;G:\Experiments\PTT\Spheroids\05052025\07052025 after laser\Analysis\2025-05-07_150413_tube5_cropped_8bits2\14_0216_0_8bits.tiff;G:\Experiments\PTT\Spheroids\05052025\07052025 after laser\Analysis\2025-05-07_150413_tube5_segmentationDebug2\14_0216_0_segmented.tiff;2296.0;(66. 71);265.681239247322;0.782816229116945;54.0680866566585;0.408752075716436;0.534265631946462;980.845465331571;0.944339390976852;0.888594877217568;0.843504074348924;16.320779706065803;77.0;Dead;0.0;0.0;0.0;;;;1256.0;;131.597979068757;-0.13957844937529396;17.678951924920703;-0.318180416255891;-0.293901773713691;464.92929658599394;-0.03534980436808699;-0.060397257997169995;-0.06821954987631196
3;Tube 5;1502190.0;1502190.0;0.0;219.0;False;G:\Experiments\PTT\Spheroids\05052025\06052025\Analysis\2025-05-06_101526_tube5_cropped_8bits2\15_0219_0_8bits.tiff;G:\Experiments\PTT\Spheroids\05052025\06052025\Analysis\2025-05-06_101526_tube5_segmentationDebug2\15_0219_0_segmented.tiff;801.5;(73. 78);121.497473716735;0.916;31.9452890909635;0.682305536177696;0.939513679221481;448.634153918851;0.985067566883595;0.960151893991183;0.911207429376138;1502190.0;0.0;219.0;False;G:\Experiments\PTT\Spheroids\05052025\07052025 after laser\Analysis\2025-05-07_150413_tube5_cropped_8bits2\15_0219_0_8bits.tiff;G:\Experiments\PTT\Spheroids\05052025\07052025 after laser\Analysis\2025-05-07_150413_tube5_segmentationDebug2\15_0219_0_segmented.tiff;1338.0;(76. 67);253.396968603134;0.685450819672131;41.2746230855673;0.261856372476788;0.894677532777239;916.331171699658;0.96921188065286;0.9315880021106;0.871058792696005;22.737749548374023;52.0;Dead;0.0;0.0;0.0;;;;536.5;;131.899494886399;-0.23054918032786909;9.3293339946038;-0.42044916370090796;-0.04483614644424194;467.69701778080696;-0.015855686230734967;-0.028563891880582948;-0.04014863668013302
3;Tube 5;1602220.0;1602220.0;0.0;222.0;False;G:\Experiments\PTT\Spheroids\05052025\06052025\Analysis\2025-05-06_101526_tube5_cropped_8bits2\16_0222_0_8bits.tiff;G:\Experiments\PTT\Spheroids\05052025\06052025\Analysis\2025-05-06_101526_tube5_segmentationDebug2\16_0222_0_segmented.tiff;866.0;(92. 81);133.254832983016;0.850687622789783;33.2058043983375;0.612860762884979;0.901846213306931;459.105078412153;0.981733591491823;0.956789844061611;0.90877859896575;1602220.0;0.0;222.0;False;G:\Experiments\PTT\Spheroids\05052025\07052025 after laser\Analysis\2025-05-07_150413_tube5_cropped_8bits2\16_0222_0_8bits.tiff;G:\Experiments\PTT\Spheroids\05052025\07052025 after laser\Analysis\2025-05-07_150413_tube5_segmentationDebug2\16_0222_0_segmented.tiff;940.5;(78. 71);160.325900673866;0.809380378657487;34.6046498584138;0.459791869301641;0.495978561318402;1055.74359506181;0.979056694351127;0.953149139476289;0.878391291099155;13.59084846806688;63.0;Dead;0.0;0.0;0.0;;;;74.5;;27.071067690849986;-0.04130724413229603;1.398845460076302;-0.15306889358333803;-0.40586765198852903;596.638516649657;-0.0026768971406960773;-0.003640704585322063;-0.030387307866594937
3;Tube 5;1704240.0;;;;;;;;;;;;;;;;;;1704240.0;0.0;424.0;False;G:\Experiments\PTT\Spheroids\05052025\07052025 after laser\Analysis\2025-05-07_150413_tube5_cropped_8bits2\17_0424_0_8bits.tiff;G:\Experiments\PTT\Spheroids\05052025\07052025 after laser\Analysis\2025-05-07_150413_tube5_segmentationDebug2\17_0424_0_segmented.tiff;1359.5;(72. 71);256.752306461334;0.674020823004462;41.6049175106435;0.259155463265837;0.438627556975296;551.103774190756;0.962580591955833;0.930392503113824;0.862460620324458;12.394464260178907;66.0;Dead;;;;;;;;;;;;;;;;;
3;Tube 5;1807240.0;1807240.0;0.0;724.0;False;G:\Experiments\PTT\Spheroids\05052025\06052025\Analysis\2025-05-06_101526_tube5_cropped_8bits2\18_0724_0_8bits.tiff;G:\Experiments\PTT\Spheroids\05052025\06052025\Analysis\2025-05-06_101526_tube5_segmentationDebug2\18_0724_0_segmented.tiff;806.0;(71. 67);125.254833102226;0.867132867132867;32.0348415487971;0.645588700663252;0.94996735070605;576.945793625154;0.983419731505321;0.959823228465302;0.904295476163557;1807240.0;0.0;724.0;False;G:\Experiments\PTT\Spheroids\05052025\07052025 after laser\Analysis\2025-05-07_150413_tube5_cropped_8bits2\18_0724_0_8bits.tiff;G:\Experiments\PTT\Spheroids\05052025\07052025 after laser\Analysis\2025-05-07_150413_tube5_segmentationDebug2\18_0724_0_segmented.tiff;762.0;(77. 75);136.426406145095;0.814102564102564;31.148170621855;0.514479361833275;0.738724482633681;1306.06734300557;0.983068444116387;0.961161129746233;0.789692896258893;13.808372869501056;56.0;Dead;0.0;0.0;0.0;;;;-44.0;;11.171573042869;-0.05303030303030298;-0.8866709269420952;-0.131109338829977;-0.21124286807236903;729.1215493804159;-0.00035128738893397404;0.0013379012809310309;-0.11460257990466394
3;Tube 5;1910240.0;1910240.0;0.0;1024.0;False;G:\Experiments\PTT\Spheroids\05052025\06052025\Analysis\2025-05-06_101526_tube5_cropped_8bits2\19_1024_0_8bits.tiff;G:\Experiments\PTT\Spheroids\05052025\06052025\Analysis\2025-05-06_101526_tube5_segmentationDebug2\19_1024_0_segmented.tiff;769.5;(75. 71);125.840619564056;0.871460928652321;31.3010835223592;0.610628109373595;0.751972283910462;381.063817607579;0.983798091170218;0.961201366105574;0.886899936264306;1910240.0;0.0;1024.0;False;G:\Experiments\PTT\Spheroids\05052025\07052025 after laser\Analysis\2025-05-07_150413_tube5_cropped_8bits2\19_1024_0_8bits.tiff;G:\Experiments\PTT\Spheroids\05052025\07052025 after laser\Analysis\2025-05-07_150413_tube5_segmentationDebug2\19_1024_0_segmented.tiff;1311.0;(65. 72);230.710676789283;0.711147274206672;40.8560527112911;0.309511770332719;0.718225562282213;798.905011173978;0.968044329938368;0.933625308508148;0.866021544003333;25.261032605010477;50.0;Dead;0.0;0.0;0.0;;;;541.5;;104.87005722522701;-0.16031365444564905;9.5549691889319;-0.30111633904087604;-0.03374672162824899;417.841193566399;-0.015753761231850016;-0.027576057597426096;-0.02087839226097299
3;Tube 5;2013240.0;;;;;;;;;;;;;;;;;;2013240.0;0.0;1324.0;False;G:\Experiments\PTT\Spheroids\05052025\07052025 after laser\Analysis\2025-05-07_150413_tube5_cropped_8bits2\20_1324_0_8bits.tiff;G:\Experiments\PTT\Spheroids\05052025\07052025 after laser\Analysis\2025-05-07_150413_tube5_segmentationDebug2\20_1324_0_segmented.tiff;772.0;(73. 69);131.254833221435;0.842794759825327;31.3518887554728;0.563114299002166;0.897855103293893;1323.74254075266;0.983174213260908;0.96110950445981;0.842142031829428;17.47365903366694;72.0;Dead;;;;;;;;;;;;;;;;;
3;Tube 5;209050.0;209050.0;0.0;905.0;False;G:\Experiments\PTT\Spheroids\05052025\06052025\Analysis\2025-05-06_101526_tube5_cropped_8bits2\2_0905_0_8bits.tiff;G:\Experiments\PTT\Spheroids\05052025\06052025\Analysis\2025-05-06_101526_tube5_segmentationDebug2\2_0905_0_segmented.tiff;1583.0;(76. 76);175.740114331245;0.910293271995399;44.8947457874054;0.644093579001544;0.860513759099038;475.275329672299;0.974004913547274;0.923535219698432;0.915244214063034;209050.0;0.0;905.0;False;G:\Experiments\PTT\Spheroids\05052025\07052025 after laser\Analysis\2025-05-07_150413_tube5_cropped_8bits2\2_0905_0_8bits.tiff;G:\Experiments\PTT\Spheroids\05052025\07052025 after laser\Analysis\2025-05-07_150413_tube5_segmentationDebug2\2_0905_0_segmented.tiff;1923.0;(74. 69);215.195957779884;0.840104849279161;49.4817102021112;0.521820251303089;0.889120367403874;955.601219745321;0.966630140775704;0.906966558293445;0.892607109164012;110.4218357664908;37.0;Alive;0.0;0.0;0.0;;;;340.0;;39.455843448639;-0.07018842271623804;4.586964414705804;-0.122273327698455;0.028606608304835968;480.32589007302204;-0.0073747727715700595;-0.01656866140498703;-0.022637104899022042
3;Tube 5;312050.0;;;;;;;;;;;;;;;;;;312050.0;0.0;1205.0;True;G:\Experiments\PTT\Spheroids\05052025\07052025 after laser\Analysis\2025-05-07_150413_tube5_cropped_8bits2\3_1205_0_8bits.tiff;G:\Experiments\PTT\Spheroids\05052025\07052025 after laser\Analysis\2025-05-07_150413_tube5_segmentationDebug2\3_1205_0_segmented.tiff;1044.5;(77. 89);143.840619564056;0.887425658453695;36.467776248023;0.634388378260818;0.817777612439739;915.084997802123;0.97956087098669;0.948566669076574;0.890311674151377;78.40224387537992;37.0;Alive;;;;;;;;;;;;;;;;;
3;Tube 5;312051.0;;;;;;;;;;;;;;;;;;312051.0;0.0;1205.0;True;G:\Experiments\PTT\Spheroids\05052025\07052025 after laser\Analysis\2025-05-07_150413_tube5_cropped_8bits2\3_1205_1_8bits.tiff;G:\Experiments\PTT\Spheroids\05052025\07052025 after laser\Analysis\2025-05-07_150413_tube5_segmentationDebug2\3_1205_1_segmented.tiff;1039.5;(76. 64);147.497473716735;0.871332774518021;36.3803862919595;0.600433885678227;0.907350957572675;993.103057565473;0.978833447775571;0.948608398807983;0.882612298502435;78.40224387537992;37.0;Alive;;;;;;;;;;;;;;;;;
3;Tube 5;313050.0;313050.0;0.0;1305.0;False;G:\Experiments\PTT\Spheroids\05052025\06052025\Analysis\2025-05-06_101526_tube5_cropped_8bits2\3_1305_0_8bits.tiff;G:\Experiments\PTT\Spheroids\05052025\06052025\Analysis\2025-05-06_101526_tube5_segmentationDebug2\3_1305_0_segmented.tiff;1058.0;(64. 60);141.396968245506;0.884615384615384;36.7026897969318;0.664990339753146;0.826577366523906;535.378521091404;0.977193282079188;0.947768774383002;0.89966330765937;;;;;;;;;;;;;;;;;;;;;;;;;;;;;;;;;;;;;
3;Tube 5;415040.0;415040.0;0.0;1504.0;False;G:\Experiments\PTT\Spheroids\05052025\06052025\Analysis\2025-05-06_101526_tube5_cropped_8bits2\4_1504_0_8bits.tiff;G:\Experiments\PTT\Spheroids\05052025\06052025\Analysis\2025-05-06_101526_tube5_segmentationDebug2\4_1504_0_segmented.tiff;1551.0;(28. 79);180.367530584335;0.867692307692307;44.4386603520429;0.59910775751371;0.739953626883653;852.699274610201;0.970923709335171;0.924932307406053;0.908939754503866;415040.0;0.0;1504.0;False;G:\Experiments\PTT\Spheroids\05052025\07052025 after laser\Analysis\2025-05-07_150413_tube5_cropped_8bits2\4_1504_0_8bits.tiff;G:\Experiments\PTT\Spheroids\05052025\07052025 after laser\Analysis\2025-05-07_150413_tube5_segmentationDebug2\4_1504_0_segmented.tiff;589.0;(73. 126);140.426406145095;0.733499377334993;27.3849975689064;0.375342373662283;0.9189870642014;960.325249258959;0.985365856927755;0.968965029313634;0.845839709061177;48.07934231545565;37.0;Dead;0.0;0.0;0.0;;;;-962.0;;-39.941124439239985;-0.13419293035731394;-17.053662783136502;-0.22376538385142702;0.179033437317747;107.62597464875807;0.014442147592583998;0.04403272190758101;-0.06310004544268899
3;Tube 5;415040.0;415040.0;0.0;1504.0;False;G:\Experiments\PTT\Spheroids\05052025\06052025\Analysis\2025-05-06_101526_tube5_cropped_8bits2\4_1504_0_8bits.tiff;G:\Experiments\PTT\Spheroids\05052025\06052025\Analysis\2025-05-06_101526_tube5_segmentationDebug2\4_1504_0_segmented.tiff;1551.0;(28. 79);180.367530584335;0.867692307692307;44.4386603520429;0.59910775751371;0.739953626883653;852.699274610201;0.970923709335171;0.924932307406053;0.908939754503866;415040.0;1.0;1504.0;False;G:\Experiments\PTT\Spheroids\05052025\07052025 after laser\Analysis\2025-05-07_150413_tube5_cropped_8bits2\4_1504_0_8bits.tiff;G:\Experiments\PTT\Spheroids\05052025\07052025 after laser\Analysis\2025-05-07_150413_tube5_segmentationDebug2\4_1504_0_segmented.tiff;1302.0;(104. 39);267.681239128112;0.666155026861089;40.7155730310305;0.228341568641083;0.603116468037059;911.797182382834;0.976888768650347;0.932699284441246;0.87500821451322;48.07934231545565;37.0;Dead;0.0;1.0;0.0;;;;-249.0;;87.31370854377701;-0.20153728083121802;-3.7230873210124003;-0.370766188872627;-0.13683715884659398;59.09790777263299;0.005965059315175991;0.007766977035192912;-0.03393153999064602
3;Tube 5;415040.0;415040.0;1.0;1504.0;False;G:\Experiments\PTT\Spheroids\05052025\06052025\Analysis\2025-05-06_101526_tube5_cropped_8bits2\4_1504_0_8bits.tiff;G:\Experiments\PTT\Spheroids\05052025\06052025\Analysis\2025-05-06_101526_tube5_segmentationDebug2\4_1504_0_segmented.tiff;661.0;(130. 57);132.769551873207;0.789253731343283;29.010538413996;0.471209833143749;0.883539872117314;603.999872255654;0.98319140077245;0.965926794802347;0.891444533065872;415040.0;0.0;1504.0;False;G:\Experiments\PTT\Spheroids\05052025\07052025 after laser\Analysis\2025-05-07_150413_tube5_cropped_8bits2\4_1504_0_8bits.tiff;G:\Experiments\PTT\Spheroids\05052025\07052025 after laser\Analysis\2025-05-07_150413_tube5_segmentationDebug2\4_1504_0_segmented.tiff;589.0;(73. 126);140.426406145095;0.733499377334993;27.3849975689064;0.375342373662283;0.9189870642014;960.325249258959;0.985365856927755;0.968965029313634;0.845839709061177;48.07934231545565;37.0;Dead;0.0;-1.0;0.0;;;;-72.0;;7.656854271887994;-0.055754354008289986;-1.6255408450895992;-0.09586745948146597;0.03544719208408598;356.325377003305;0.0021744561553049824;0.0030382345112870413;-0.04560482400469501
3;Tube 5;415040.0;415040.0;1.0;1504.0;False;G:\Experiments\PTT\Spheroids\05052025\06052025\Analysis\2025-05-06_101526_tube5_cropped_8bits2\4_1504_0_8bits.tiff;G:\Experiments\PTT\Spheroids\05052025\06052025\Analysis\2025-05-06_101526_tube5_segmentationDebug2\4_1504_0_segmented.tiff;661.0;(130. 57);132.769551873207;0.789253731343283;29.010538413996;0.471209833143749;0.883539872117314;603.999872255654;0.98319140077245;0.965926794802347;0.891444533065872;415040.0;1.0;1504.0;False;G:\Experiments\PTT\Spheroids\05052025\07052025 after laser\Analysis\2025-05-07_150413_tube5_cropped_8bits2\4_1504_0_8bits.tiff;G:\Experiments\PTT\Spheroids\05052025\07052025 after laser\Analysis\2025-05-07_150413_tube5_segmentationDebug2\4_1504_0_segmented.tiff;1302.0;(104. 39);267.681239128112;0.666155026861089;40.7155730310305;0.228341568641083;0.603116468037059;911.797182382834;0.976888768650347;0.932699284441246;0.87500821451322;48.07934231545565;37.0;Dead;0.0;0.0;0.0;;;;641.0;;134.911687254905;-0.12309870448219407;11.705034617034503;-0.242868264502666;-0.280423404080255;307.7973101271799;-0.006302632122103025;-0.033227510361101054;-0.01643631855265204
3;Tube 5;514010.0;514010.0;0.0;1401.0;False;G:\Experiments\PTT\Spheroids\05052025\06052025\Analysis\2025-05-06_101526_tube5_cropped_8bits2\5_1401_0_8bits.tiff;G:\Experiments\PTT\Spheroids\05052025\06052025\Analysis\2025-05-06_101526_tube5_segmentationDebug2\5_1401_0_segmented.tiff;1001.5;(96. 111);143.497473716735;0.88043956043956;35.7092341566192;0.611184465106028;0.736263212103547;775.211978148739;0.980826049603309;0.950405795949293;0.898667126263839;514010.0;0.0;1401.0;True;G:\Experiments\PTT\Spheroids\05052025\07052025 after laser\Analysis\2025-05-07_150413_tube5_cropped_8bits2\5_1401_0_8bits.tiff;G:\Experiments\PTT\Spheroids\05052025\07052025 after laser\Analysis\2025-05-07_150413_tube5_segmentationDebug2\5_1401_0_segmented.tiff;1075.0;(74. 92);143.254833221435;0.904882154882154;36.9963851016595;0.658263480146219;0.842964605009896;768.086944868574;0.977233741500618;0.947136761499076;0.894690520532699;40.68351266669363;37.0;Dead;0.0;0.0;0.0;;;;73.5;;-0.24264049529998033;0.024442594442594;1.2871509450402954;0.047079015040191075;0.10670139290634906;-7.125033280164985;-0.0035923081026909554;-0.003269034450216979;-0.003976605731140004
3;Tube 5;514010.0;514010.0;1.0;1401.0;False;G:\Experiments\PTT\Spheroids\05052025\06052025\Analysis\2025-05-06_101526_tube5_cropped_8bits2\5_1401_0_8bits.tiff;G:\Experiments\PTT\Spheroids\05052025\06052025\Analysis\2025-05-06_101526_tube5_segmentationDebug2\5_1401_0_segmented.tiff;439.5;(61. 19);85.6984841823577;0.925263157894736;23.65562892656;0.752008003733767;0.856958643427003;636.444058423142;0.990568074199499;0.977465310742119;0.895519866216708;514010.0;0.0;1401.0;True;G:\Experiments\PTT\Spheroids\05052025\07052025 after laser\Analysis\2025-05-07_150413_tube5_cropped_8bits2\5_1401_0_8bits.tiff;G:\Experiments\PTT\Spheroids\05052025\07052025 after laser\Analysis\2025-05-07_150413_tube5_segmentationDebug2\5_1401_0_segmented.tiff;1075.0;(74. 92);143.254833221435;0.904882154882154;36.9963851016595;0.658263480146219;0.842964605009896;768.086944868574;0.977233741500618;0.947136761499076;0.894690520532699;40.68351266669363;37.0;Dead;0.0;-1.0;0.0;;;;635.5;;57.556349039077304;-0.020381003012582055;13.3407561750995;-0.09374452358754792;-0.013994038417107002;131.64288644543205;-0.013334332698880957;-0.030328549243042957;-0.0008293456840089419
3;Tube 5;514011.0;;;;;;;;;;;;;;;;;;514011.0;0.0;1401.0;True;G:\Experiments\PTT\Spheroids\05052025\07052025 after laser\Analysis\2025-05-07_150413_tube5_cropped_8bits2\5_1401_1_8bits.tiff;G:\Experiments\PTT\Spheroids\05052025\07052025 after laser\Analysis\2025-05-07_150413_tube5_segmentationDebug2\5_1401_1_segmented.tiff;685.0;(73. 70);170.568541526794;0.707644628099173;29.5325090052231;0.295871111729837;0.947023886733653;732.035846515218;0.982722141743653;0.963646605927694;0.847869496241271;40.68351266669363;37.0;Dead;;;;;;;;;;;;;;;;;
3;Tube 5;610010.0;;;;;;;;;;;;;;;;;;610010.0;0.0;1001.0;False;G:\Experiments\PTT\Spheroids\05052025\07052025 after laser\Analysis\2025-05-07_150413_tube5_cropped_8bits2\6_1001_0_8bits.tiff;G:\Experiments\PTT\Spheroids\05052025\07052025 after laser\Analysis\2025-05-07_150413_tube5_segmentationDebug2\6_1001_0_segmented.tiff;1207.5;(74. 77);181.154327750206;0.813679245283018;39.210161313972;0.462380569972596;0.813364526094805;922.695922590195;0.975443538726585;0.938690280756643;0.864191571650265;45.25152509681135;37.0;Dead;;;;;;;;;;;;;;;;;
3;Tube 5;708010.0;708010.0;0.0;801.0;False;G:\Experiments\PTT\Spheroids\05052025\06052025\Analysis\2025-05-06_101526_tube5_cropped_8bits2\7_0801_0_8bits.tiff;G:\Experiments\PTT\Spheroids\05052025\06052025\Analysis\2025-05-06_101526_tube5_segmentationDebug2\7_0801_0_segmented.tiff;1217.0;(77. 71);165.05382335186;0.829867030344357;39.3641019958882;0.561370083414859;0.820566396348435;686.820766204149;0.971407018376146;0.94020452362327;0.896821712982432;708010.0;0.0;801.0;False;G:\Experiments\PTT\Spheroids\05052025\07052025 after laser\Analysis\2025-05-07_150413_tube5_cropped_8bits2\7_0801_0_8bits.tiff;G:\Experiments\PTT\Spheroids\05052025\07052025 after laser\Analysis\2025-05-07_150413_tube5_segmentationDebug2\7_0801_0_segmented.tiff;903.0;(77. 78);129.597978949546;0.904809619238476;33.9077470336183;0.675617914374016;0.802847364147159;1002.07250337381;0.98000476449337;0.955428916987927;0.872236970532307;20.062199410733648;55.0;Dead;0.0;0.0;0.0;;;;-314.0;;-35.455844402314;0.07494258889411898;-5.456354962269899;0.11424783095915703;-0.01771903220127602;315.25173716966106;0.008597746117224081;0.015224393364656974;-0.024584742450124986
3;Tube 5;805010.0;805010.0;0.0;501.0;False;G:\Experiments\PTT\Spheroids\05052025\06052025\Analysis\2025-05-06_101526_tube5_cropped_8bits2\8_0501_0_8bits.tiff;G:\Experiments\PTT\Spheroids\05052025\06052025\Analysis\2025-05-06_101526_tube5_segmentationDebug2\8_0501_0_segmented.tiff;1176.5;(70. 67);168.811182022094;0.848539487919221;38.7035699177856;0.518799290970791;0.888397561744504;557.292341447259;0.981766873034776;0.942171857921056;0.912083398125743;805010.0;0.0;501.0;False;G:\Experiments\PTT\Spheroids\05052025\07052025 after laser\Analysis\2025-05-07_150413_tube5_cropped_8bits2\8_0501_0_8bits.tiff;G:\Experiments\PTT\Spheroids\05052025\07052025 after laser\Analysis\2025-05-07_150413_tube5_segmentationDebug2\8_0501_0_segmented.tiff;694.5;(72. 71);108.669046878814;0.939148073022312;29.7365913281695;0.739044174819602;0.939112127443825;1395.30074173151;0.986663658720824;0.965286076370533;0.74937044103596;11.41560445372511;61.0;Dead;0.0;0.0;0.0;;;;-482.0;;-60.14213514327999;0.090608585103091;-8.966978589616101;0.22024488384881102;0.05071456569932098;838.008400284251;0.0048967856860479;0.02311421844947703;-0.16271295708978306
3;Tube 5;902020.0;902020.0;0.0;202.0;False;G:\Experiments\PTT\Spheroids\05052025\06052025\Analysis\2025-05-06_101526_tube5_cropped_8bits2\9_0202_0_8bits.tiff;G:\Experiments\PTT\Spheroids\05052025\06052025\Analysis\2025-05-06_101526_tube5_segmentationDebug2\9_0202_0_segmented.tiff;1104.0;(74. 73);137.396968126297;0.936386768447837;37.4920852632608;0.734893893183669;0.868985132060004;452.735476952877;0.987672669480802;0.946390582504704;0.907756040001717;902020.0;0.0;202.0;False;G:\Experiments\PTT\Spheroids\05052025\07052025 after laser\Analysis\2025-05-07_150413_tube5_cropped_8bits2\9_0202_0_8bits.tiff;G:\Experiments\PTT\Spheroids\05052025\07052025 after laser\Analysis\2025-05-07_150413_tube5_segmentationDebug2\9_0202_0_segmented.tiff;788.0;(73. 72);113.254833102226;0.933096506808762;31.6751126478077;0.772009407711675;0.865673554902509;998.824943889002;0.987343783882275;0.961075030515119;0.815698237977152;9.468761060889225;58.0;Dead;0.0;0.0;0.0;;;;-316.0;;-24.142135024070996;-0.003290261639074976;-5.816972615453096;0.03711551452800599;-0.0033115771574950825;546.0894669361251;-0.00032888559852706223;0.014684448010415019;-0.09205780202456493
