Experiment ID;Sheet;merge_number;Name_day0;Index_day0;Wells_day0;multiple_day0;Path 8bcrop_day0;Path segmented_day0;Area (pix2)_day0;Centroid_day0;Perimeter (pix)_day0;Solidity_day0;Equivalent Diameter (pix)_day0;Circularity_day0;Aspect ratio_day0;Mean grey value_day0;Homogeneity_day0;Energy_day0;Correlation_day0;Name_day1;Index_day1;Wells_day1;multiple_day1;Path 8bcrop_day1;Path segmented_day1;Area (pix2)_day1;Centroid_day1;Perimeter (pix)_day1;Solidity_day1;Equivalent Diameter (pix)_day1;Circularity_day1;Aspect ratio_day1;Mean grey value_day1;Homogeneity_day1;Energy_day1;Correlation_day1;Name_day2;Index_day2;Wells_day2;multiple_day2;Path 8bcrop_day2;Path segmented_day2;Area (pix2)_day2;Centroid_day2;Perimeter (pix)_day2;Solidity_day2;Equivalent Diameter (pix)_day2;Circularity_day2;Aspect ratio_day2;Mean grey value_day2;Homogeneity_day2;Energy_day2;Correlation_day2;Normalised alb_day2;Max temp (°C)_day2;Label_day2
2;Tube 1;1002060.0;;;;;;;;;;;;;;;;;;1002060.0;0.0;206.0;False;E:\Experiments\PTT\Spheroids\03062025_mda\05062025 before laser\Analysis\2025-06-05_102633_tube1_cropped_8bits\10_0206_0_8bits.tiff;E:\Experiments\PTT\Spheroids\03062025_mda\05062025 before laser\Analysis\2025-06-05_102633_tube1_segmentationDebug\10_0206_0_segmented.tiff;2991.0;(62. 77);234.16652011871335;0.9314855185300528;61.71109688137841;0.6854514081045144;0.9689756186007352;1172.3062925291936;0.948128181073563;0.8595111414223371;0.870591452586147;1002060.0;0.0;206.0;False;G:\Experiments\PTT\Spheroids\03062025_mda\05062025 after laser\Analysis\2025-06-05_145742_tube1_cropped_8bits2\10_0206_0_8bits.tiff;G:\Experiments\PTT\Spheroids\03062025_mda\05062025 after laser\Analysis\2025-06-05_145742_tube1_segmentationDebug2\10_0206_0_segmented.tiff;3101.5;(74. 77);225.923879623413;0.94471519951264;62.8406910209945;0.763584976386539;0.984139133531879;1127.90004216913;0.944847165161861;0.854719726723177;0.875136455801024;;;Dead
2;Tube 1;1002070.0;1002070.0;0.0;207.0;False;G:\Experiments\PTT\Spheroids\03062025_mda\04062025\Analysis\2025-06-04_102750_tube1_cropped_8bits2\10_0207_0_8bits.tiff;G:\Experiments\PTT\Spheroids\03062025_mda\04062025\Analysis\2025-06-04_102750_tube1_segmentationDebug2\10_0207_0_segmented.tiff;1883.0;(79. 80);180.710677027702;0.936582939567271;48.9643754451776;0.72459037039598;0.975073812290404;811.270567553993;0.968492254725496;0.910058944219695;0.868121091859679;;;;;;;;;;;;;;;;;;;;;;;;;;;;;;;;;;;;;
2;Tube 1;110050.0;110050.0;0.0;1005.0;False;G:\Experiments\PTT\Spheroids\03062025_mda\04062025\Analysis\2025-06-04_102750_tube1_cropped_8bits2\1_1005_0_8bits.tiff;G:\Experiments\PTT\Spheroids\03062025_mda\04062025\Analysis\2025-06-04_102750_tube1_segmentationDebug2\1_1005_0_segmented.tiff;2678.0;(78. 74);214.852812170982;0.940474100087796;58.3929405048312;0.729018168312937;0.92199308662025;871.865412644919;0.943956555474394;0.873566964734811;0.886789887359327;110050.0;0.0;1005.0;False;E:\Experiments\PTT\Spheroids\03062025_mda\05062025 before laser\Analysis\2025-06-05_102633_tube1_cropped_8bits\1_1005_0_8bits.tiff;E:\Experiments\PTT\Spheroids\03062025_mda\05062025 before laser\Analysis\2025-06-05_102633_tube1_segmentationDebug\1_1005_0_segmented.tiff;3528.5;(80. 73);245.09545266628265;0.9383060763196384;67.0270522520424;0.7381242579360408;0.9246707835247424;1330.3944950113128;0.9384361678947089;0.8352268073091067;0.8810921213300364;;;;;;;;;;;;;;;;;;;;
2;Tube 1;1102090.0;1102090.0;0.0;209.0;False;G:\Experiments\PTT\Spheroids\03062025_mda\04062025\Analysis\2025-06-04_102750_tube1_cropped_8bits2\11_0209_0_8bits.tiff;G:\Experiments\PTT\Spheroids\03062025_mda\04062025\Analysis\2025-06-04_102750_tube1_segmentationDebug2\11_0209_0_segmented.tiff;1950.5;(77. 80);187.296463370323;0.935940499040307;49.8342626313055;0.698709526928904;0.884197898190759;803.411718241998;0.966800348398552;0.894447449431416;0.918436919018703;1102090.0;0.0;209.0;False;E:\Experiments\PTT\Spheroids\03062025_mda\05062025 before laser\Analysis\2025-06-05_102633_tube1_cropped_8bits\11_0209_0_8bits.tiff;E:\Experiments\PTT\Spheroids\03062025_mda\05062025 before laser\Analysis\2025-06-05_102633_tube1_segmentationDebug\11_0209_0_segmented.tiff;2686.5;(76. 75);212.26702547073364;0.943459174714662;58.48553698933622;0.7492584347373508;0.9012188903476962;1196.820371189733;0.9584290675051192;0.8735281598958646;0.8772125018099385;1102090.0;0.0;209.0;False;G:\Experiments\PTT\Spheroids\03062025_mda\05062025 after laser\Analysis\2025-06-05_145742_tube1_cropped_8bits2\11_0209_0_8bits.tiff;G:\Experiments\PTT\Spheroids\03062025_mda\05062025 after laser\Analysis\2025-06-05_145742_tube1_segmentationDebug2\11_0209_0_segmented.tiff;2938.5;(88. 71);235.296463251113;0.913428660242461;61.1671022871304;0.666967635585241;0.894911636037487;1097.98887958353;0.951090534447849;0.861560883649091;0.88583021677338;;;Dead
2;Tube 1;111050.0;;;;;;;;;;;;;;;;;;;;;;;;;;;;;;;;;;;111050.0;0.0;1105.0;False;G:\Experiments\PTT\Spheroids\03062025_mda\05062025 after laser\Analysis\2025-06-05_145742_tube1_cropped_8bits2\1_1105_0_8bits.tiff;G:\Experiments\PTT\Spheroids\03062025_mda\05062025 after laser\Analysis\2025-06-05_145742_tube1_segmentationDebug2\1_1105_0_segmented.tiff;3515.5;(74. 76);256.409160614013;0.911223431829963;66.9034649290787;0.67193906755211;0.983048147783516;1107.29788998594;0.942589181683085;0.835352587425081;0.891487879670162;;;Dead
2;Tube 1;1202110.0;;;;;;;;;;;;;;;;;;;;;;;;;;;;;;;;;;;1202110.0;0.0;211.0;False;G:\Experiments\PTT\Spheroids\03062025_mda\05062025 after laser\Analysis\2025-06-05_145742_tube1_cropped_8bits2\12_0211_0_8bits.tiff;G:\Experiments\PTT\Spheroids\03062025_mda\05062025 after laser\Analysis\2025-06-05_145742_tube1_segmentationDebug2\12_0211_0_segmented.tiff;3228.0;(78. 70);245.681239008903;0.910706728734659;64.1094162382181;0.672046622433588;0.859786379260631;904.270554732835;0.96010180330654;0.849389890652671;0.914462629342504;;;Dead
2;Tube 1;1202120.0;1202120.0;0.0;212.0;False;G:\Experiments\PTT\Spheroids\03062025_mda\04062025\Analysis\2025-06-04_102750_tube1_cropped_8bits2\12_0212_0_8bits.tiff;G:\Experiments\PTT\Spheroids\03062025_mda\04062025\Analysis\2025-06-04_102750_tube1_segmentationDebug2\12_0212_0_segmented.tiff;1892.5;(75. 78);172.468036174774;0.953640715545477;49.0877361304358;0.799518497014793;0.849224685854949;1224.14482836035;0.963067546082831;0.91002780552548;0.881698636911401;1202120.0;0.0;212.0;False;E:\Experiments\PTT\Spheroids\03062025_mda\05062025 before laser\Analysis\2025-06-05_102633_tube1_cropped_8bits\12_0212_0_8bits.tiff;E:\Experiments\PTT\Spheroids\03062025_mda\05062025 before laser\Analysis\2025-06-05_102633_tube1_segmentationDebug\12_0212_0_segmented.tiff;2803.5;(89. 79);367.3208482265472;0.6336309187478811;59.7455191932;0.2611074523869802;0.4994419383274362;871.0608648008657;0.9609811406961032;0.864564327427305;0.8920355589772745;;;;;;;;;;;;;;;;;;;;
2;Tube 1;1302140.0;;;;;;;;;;;;;;;;;;;;;;;;;;;;;;;;;;;1302140.0;0.0;214.0;False;G:\Experiments\PTT\Spheroids\03062025_mda\05062025 after laser\Analysis\2025-06-05_145742_tube1_cropped_8bits2\13_0214_0_8bits.tiff;G:\Experiments\PTT\Spheroids\03062025_mda\05062025 after laser\Analysis\2025-06-05_145742_tube1_segmentationDebug2\13_0214_0_segmented.tiff;4056.0;(76. 77);345.137083053588;0.820720356131121;71.8627830900377;0.427882536562383;0.751517847778326;942.913517356176;0.949671924115193;0.809591123399131;0.900783016159033;;;Dead
2;Tube 1;1302150.0;1302150.0;0.0;215.0;False;G:\Experiments\PTT\Spheroids\03062025_mda\04062025\Analysis\2025-06-04_102750_tube1_cropped_8bits2\13_0215_0_8bits.tiff;G:\Experiments\PTT\Spheroids\03062025_mda\04062025\Analysis\2025-06-04_102750_tube1_segmentationDebug2\13_0215_0_segmented.tiff;1895.5;(77. 79);185.438598513603;0.927575238561291;49.1266277801102;0.692681167133948;0.893821544017115;1257.36878480605;0.962395548369554;0.909475378951512;0.876523697606944;1302150.0;0.0;215.0;False;E:\Experiments\PTT\Spheroids\03062025_mda\05062025 before laser\Analysis\2025-06-05_102633_tube1_cropped_8bits\13_0215_0_8bits.tiff;E:\Experiments\PTT\Spheroids\03062025_mda\05062025 before laser\Analysis\2025-06-05_102633_tube1_segmentationDebug\13_0215_0_segmented.tiff;3398.5;(71. 75);251.2375875711441;0.9172739541160594;65.7807311663716;0.6765936369381009;0.9827702177370324;1157.2627691893654;0.943603194752346;0.8410401404419008;0.8772498144376755;;;;;;;;;;;;;;;;;;;;
2;Tube 1;1402170.0;;;;;;;;;;;;;;;;;;1402170.0;0.0;217.0;False;E:\Experiments\PTT\Spheroids\03062025_mda\05062025 before laser\Analysis\2025-06-05_102633_tube1_cropped_8bits\14_0217_0_8bits.tiff;E:\Experiments\PTT\Spheroids\03062025_mda\05062025 before laser\Analysis\2025-06-05_102633_tube1_segmentationDebug\14_0217_0_segmented.tiff;2949.5;(78. 66);232.26702558994293;0.9234502191609268;61.28148200881211;0.6870417796780302;0.9061027446261072;1107.783026063105;0.952500159912714;0.8612575004494224;0.8790539006538638;1402170.0;0.0;217.0;False;G:\Experiments\PTT\Spheroids\03062025_mda\05062025 after laser\Analysis\2025-06-05_145742_tube1_cropped_8bits2\14_0217_0_8bits.tiff;G:\Experiments\PTT\Spheroids\03062025_mda\05062025 after laser\Analysis\2025-06-05_145742_tube1_segmentationDebug2\14_0217_0_segmented.tiff;3400.5;(77. 71);293.237587928772;0.85730492877852;65.8000841327115;0.496950768128581;0.790825806807188;1290.11593577913;0.941503246589435;0.838855463686655;0.847292303590181;;;Dead
2;Tube 1;1402180.0;1402180.0;0.0;218.0;False;G:\Experiments\PTT\Spheroids\03062025_mda\04062025\Analysis\2025-06-04_102750_tube1_cropped_8bits2\14_0218_0_8bits.tiff;G:\Experiments\PTT\Spheroids\03062025_mda\04062025\Analysis\2025-06-04_102750_tube1_segmentationDebug2\14_0218_0_segmented.tiff;2047.0;(77. 70);212.367531180381;0.884997838305231;51.0521434229051;0.570363164707426;0.716482222633216;1110.16759509526;0.950123400366611;0.90175026400295;0.890466335322574;;;;;;;;;;;;;;;;;;;;;;;;;;;;;;;;;;;;;
2;Tube 1;1502200.0;1502200.0;0.0;220.0;False;G:\Experiments\PTT\Spheroids\03062025_mda\04062025\Analysis\2025-06-04_102750_tube1_cropped_8bits2\15_0220_0_8bits.tiff;G:\Experiments\PTT\Spheroids\03062025_mda\04062025\Analysis\2025-06-04_102750_tube1_segmentationDebug2\15_0220_0_segmented.tiff;1734.5;(91. 79);169.296462774276;0.947296559257236;46.9939782349094;0.760481055650509;0.832982511831103;1154.86288508572;0.972555082556819;0.917161532631781;0.893228860105108;1502200.0;0.0;220.0;False;E:\Experiments\PTT\Spheroids\03062025_mda\05062025 before laser\Analysis\2025-06-05_102633_tube1_cropped_8bits\15_0220_0_8bits.tiff;E:\Experiments\PTT\Spheroids\03062025_mda\05062025 before laser\Analysis\2025-06-05_102633_tube1_segmentationDebug\15_0220_0_segmented.tiff;2965.5;(60. 73);235.09545266628265;0.9235440672687636;61.44747244526926;0.6742474842050318;0.9207600758642248;1011.8414194464658;0.9542077913195168;0.8606167663156655;0.8923179463332521;1502200.0;0.0;220.0;False;G:\Experiments\PTT\Spheroids\03062025_mda\05062025 after laser\Analysis\2025-06-05_145742_tube1_cropped_8bits2\15_0220_0_8bits.tiff;G:\Experiments\PTT\Spheroids\03062025_mda\05062025 after laser\Analysis\2025-06-05_145742_tube1_segmentationDebug2\15_0220_0_segmented.tiff;3803.5;(72. 81);282.89444220066;0.887113702623906;69.5899892829435;0.597233904073532;0.768448414811803;960.128702432409;0.935851920547727;0.821489233377608;0.889003178806117;;;Dead
2;Tube 1;1602220.0;;;;;;;;;;;;;;;;;;;;;;;;;;;;;;;;;;;1602220.0;0.0;222.0;False;G:\Experiments\PTT\Spheroids\03062025_mda\05062025 after laser\Analysis\2025-06-05_145742_tube1_cropped_8bits2\16_0222_0_8bits.tiff;G:\Experiments\PTT\Spheroids\03062025_mda\05062025 after laser\Analysis\2025-06-05_145742_tube1_segmentationDebug2\16_0222_0_segmented.tiff;3962.0;(76. 79);359.338093280792;0.804058853373921;71.0251721310178;0.38558294599605;0.844904397480072;1075.54300562938;0.924661160456085;0.811984354070106;0.888838832898421;;;Dead
2;Tube 1;1602230.0;1602230.0;0.0;223.0;False;G:\Experiments\PTT\Spheroids\03062025_mda\04062025\Analysis\2025-06-04_102750_tube1_cropped_8bits2\16_0223_0_8bits.tiff;G:\Experiments\PTT\Spheroids\03062025_mda\04062025\Analysis\2025-06-04_102750_tube1_segmentationDebug2\16_0223_0_segmented.tiff;2131.5;(71. 65);189.781744599342;0.935689201053555;52.0952021745093;0.743680393313469;0.819602376452222;1058.71255871088;0.955246354715126;0.8984196573852;0.877742898383806;1602230.0;0.0;223.0;False;E:\Experiments\PTT\Spheroids\03062025_mda\05062025 before laser\Analysis\2025-06-05_102633_tube1_cropped_8bits\16_0223_0_8bits.tiff;E:\Experiments\PTT\Spheroids\03062025_mda\05062025 before laser\Analysis\2025-06-05_102633_tube1_segmentationDebug\16_0223_0_segmented.tiff;3101.5;(74. 77);231.09545266628265;0.924165673420739;62.84069102099457;0.7297915825405829;0.9380471107716332;1164.3763267537474;0.9369986098505672;0.8542536775601682;0.8602548084671293;;;;;;;;;;;;;;;;;;;;
2;Tube 1;1705240.0;1705240.0;0.0;524.0;False;G:\Experiments\PTT\Spheroids\03062025_mda\04062025\Analysis\2025-06-04_102750_tube1_cropped_8bits2\17_0524_0_8bits.tiff;G:\Experiments\PTT\Spheroids\03062025_mda\04062025\Analysis\2025-06-04_102750_tube1_segmentationDebug2\17_0524_0_segmented.tiff;1909.5;(81. 71);175.154327750206;0.953320019970044;49.3077165428677;0.782145915848911;0.817871150765528;1230.94926530933;0.955926108911145;0.909018927865483;0.876060175758367;1705240.0;0.0;524.0;False;E:\Experiments\PTT\Spheroids\03062025_mda\05062025 before laser\Analysis\2025-06-05_102633_tube1_cropped_8bits\17_0524_0_8bits.tiff;E:\Experiments\PTT\Spheroids\03062025_mda\05062025 before laser\Analysis\2025-06-05_102633_tube1_segmentationDebug\17_0524_0_segmented.tiff;2733.5;(82. 84);228.26702535152435;0.9039351851851852;58.99491753984886;0.659238531822324;0.9321857923897372;1239.7019262282051;0.9448290499475432;0.8706366663744517;0.8596346605110207;1705240.0;0.0;524.0;False;G:\Experiments\PTT\Spheroids\03062025_mda\05062025 after laser\Analysis\2025-06-05_145742_tube1_cropped_8bits2\17_0524_0_8bits.tiff;G:\Experiments\PTT\Spheroids\03062025_mda\05062025 after laser\Analysis\2025-06-05_145742_tube1_segmentationDebug2\17_0524_0_segmented.tiff;3873.0;(69. 83);307.195958018302;0.851395911189272;70.2229076353242;0.515734716555894;0.635855815654419;1187.34294134077;0.923289425663085;0.817021321794881;0.880296557927272;;;Dead
2;Tube 1;1807240.0;1807240.0;0.0;724.0;False;G:\Experiments\PTT\Spheroids\03062025_mda\04062025\Analysis\2025-06-04_102750_tube1_cropped_8bits2\18_0724_0_8bits.tiff;G:\Experiments\PTT\Spheroids\03062025_mda\04062025\Analysis\2025-06-04_102750_tube1_segmentationDebug2\18_0724_0_segmented.tiff;1772.0;(71. 73);172.71067726612;0.938062466913711;47.4992681340534;0.746509273549313;0.952564642796095;959.979433370765;0.956153221138654;0.915094748903902;0.875872857657914;1807240.0;0.0;724.0;False;E:\Experiments\PTT\Spheroids\03062025_mda\05062025 before laser\Analysis\2025-06-05_102633_tube1_cropped_8bits\18_0724_0_8bits.tiff;E:\Experiments\PTT\Spheroids\03062025_mda\05062025 before laser\Analysis\2025-06-05_102633_tube1_segmentationDebug\18_0724_0_segmented.tiff;2749.0;(75. 81);210.8528115749359;0.9515403253721012;59.16194307556981;0.7770085739185502;0.9288476890700066;1186.4623962379883;0.943318775550072;0.8703479550228665;0.8746155946764614;1807240.0;0.0;724.0;False;G:\Experiments\PTT\Spheroids\03062025_mda\05062025 after laser\Analysis\2025-06-05_145742_tube1_cropped_8bits2\18_0724_0_8bits.tiff;G:\Experiments\PTT\Spheroids\03062025_mda\05062025 after laser\Analysis\2025-06-05_145742_tube1_segmentationDebug2\18_0724_0_segmented.tiff;2593.0;(76. 76);218.024384737014;0.931728350700682;57.4587690391838;0.685491764614855;0.897805961808239;1234.62053263998;0.945113904372187;0.877138353376975;0.866919217126219;;;Dead
2;Tube 1;1909240.0;;;;;;;;;;;;;;;;;;1909240.0;0.0;924.0;False;E:\Experiments\PTT\Spheroids\03062025_mda\05062025 before laser\Analysis\2025-06-05_102633_tube1_cropped_8bits\19_0924_0_8bits.tiff;E:\Experiments\PTT\Spheroids\03062025_mda\05062025 before laser\Analysis\2025-06-05_102633_tube1_segmentationDebug\19_0924_0_segmented.tiff;3193.5;(65. 81);246.7523069381714;0.91543643399742;63.765903789656605;0.659104597744476;0.9278361391007252;1163.7530276045686;0.9343500427324164;0.8495679220637751;0.8734798315774653;;;;;;;;;;;;;;;;;;;;
2;Tube 1;1910240.0;1910240.0;0.0;1024.0;False;G:\Experiments\PTT\Spheroids\03062025_mda\04062025\Analysis\2025-06-04_102750_tube1_cropped_8bits2\19_1024_0_8bits.tiff;G:\Experiments\PTT\Spheroids\03062025_mda\04062025\Analysis\2025-06-04_102750_tube1_segmentationDebug2\19_1024_0_segmented.tiff;1844.0;(77. 65);181.195957899093;0.920848938826466;48.4546563344704;0.705787187663223;0.890982159864263;1137.07433377468;0.955740712444436;0.911637416989316;0.868244283092915;;;;;;;;;;;;;;;;;;;;;;;;;;;;;;;;;;;;;
2;Tube 1;2012240.0;;;;;;;;;;;;;;;;;;2012240.0;0.0;1224.0;False;E:\Experiments\PTT\Spheroids\03062025_mda\05062025 before laser\Analysis\2025-06-05_102633_tube1_cropped_8bits\20_1224_0_8bits.tiff;E:\Experiments\PTT\Spheroids\03062025_mda\05062025 before laser\Analysis\2025-06-05_102633_tube1_segmentationDebug\20_1224_0_segmented.tiff;2666.5;(72. 77);209.9238795042038;0.9504544644448404;58.267428689073895;0.7603748862795087;0.9186031408497964;1197.5626855302871;0.9460479855059304;0.8743474444969128;0.8680730156693066;2012240.0;0.0;1224.0;False;G:\Experiments\PTT\Spheroids\03062025_mda\05062025 after laser\Analysis\2025-06-05_145742_tube1_cropped_8bits2\20_1224_0_8bits.tiff;G:\Experiments\PTT\Spheroids\03062025_mda\05062025 after laser\Analysis\2025-06-05_145742_tube1_segmentationDebug2\20_1224_0_segmented.tiff;2701.0;(76. 72);208.852811813354;0.948051948051948;58.6431582567794;0.778132930500317;0.952746851040705;887.139104166666;0.948828334199438;0.871883628824507;0.864829283492243;;;Dead
2;Tube 1;2013240.0;2013240.0;0.0;1324.0;False;G:\Experiments\PTT\Spheroids\03062025_mda\04062025\Analysis\2025-06-04_102750_tube1_cropped_8bits2\20_1324_0_8bits.tiff;G:\Experiments\PTT\Spheroids\03062025_mda\04062025\Analysis\2025-06-04_102750_tube1_segmentationDebug2\20_1324_0_segmented.tiff;1956.0;(72. 66);176.225395441055;0.954845008542836;49.9044742433178;0.791483247287749;0.894846724035635;947.685244243837;0.963936928218125;0.906852542790347;0.923903799800173;;;;;;;;;;;;;;;;;;;;;;;;;;;;;;;;;;;;;
2;Tube 1;213050.0;213050.0;0.0;1305.0;False;G:\Experiments\PTT\Spheroids\03062025_mda\04062025\Analysis\2025-06-04_102750_tube1_cropped_8bits2\2_1305_0_8bits.tiff;G:\Experiments\PTT\Spheroids\03062025_mda\04062025\Analysis\2025-06-04_102750_tube1_segmentationDebug2\2_1305_0_segmented.tiff;2455.0;(75. 83);202.509665966033;0.945503562487964;55.908881962751;0.752263249890034;0.878431364890303;1089.39906395473;0.944369293579809;0.883926473378795;0.883367569474717;;;;;;;;;;;;;;;;;;;;;;;;;;;;;;;;;;;;;
2;Tube 1;315030.0;315030.0;0.0;1503.0;False;G:\Experiments\PTT\Spheroids\03062025_mda\04062025\Analysis\2025-06-04_102750_tube1_cropped_8bits2\3_1503_0_8bits.tiff;G:\Experiments\PTT\Spheroids\03062025_mda\04062025\Analysis\2025-06-04_102750_tube1_segmentationDebug2\3_1503_0_segmented.tiff;1981.5;(79. 76);183.296463370323;0.94065986233088;50.2287184575987;0.741132348784452;0.862810083141583;897.211730025956;0.956581943470667;0.905438238962973;0.881371079982686;;;;;;;;;;;;;;;;;;315030.0;0.0;1503.0;False;G:\Experiments\PTT\Spheroids\03062025_mda\05062025 after laser\Analysis\2025-06-05_145742_tube1_cropped_8bits2\3_1503_0_8bits.tiff;G:\Experiments\PTT\Spheroids\03062025_mda\05062025 after laser\Analysis\2025-06-05_145742_tube1_segmentationDebug2\3_1503_0_segmented.tiff;3041.5;(76. 75);216.409161806106;0.965095986038394;62.2298808878178;0.816105677098431;0.931081519319561;1235.71897066413;0.948558148057258;0.857870978176505;0.857843162058242;;;Dead
2;Tube 1;315040.0;;;;;;;;;;;;;;;;;;315040.0;0.0;1504.0;False;E:\Experiments\PTT\Spheroids\03062025_mda\05062025 before laser\Analysis\2025-06-05_102633_tube1_cropped_8bits\3_1504_0_8bits.tiff;E:\Experiments\PTT\Spheroids\03062025_mda\05062025 before laser\Analysis\2025-06-05_102633_tube1_segmentationDebug\3_1504_0_segmented.tiff;2764.0;(76. 74);218.1665199995041;0.9352055489764846;59.32313293857624;0.7297459515653967;0.8889286873755288;1239.8154579384868;0.9472337864685496;0.8697271291281998;0.8436698523211024;;;;;;;;;;;;;;;;;;;;
2;Tube 1;414010.0;414010.0;0.0;1401.0;False;G:\Experiments\PTT\Spheroids\03062025_mda\04062025\Analysis\2025-06-04_102750_tube1_cropped_8bits2\4_1401_0_8bits.tiff;G:\Experiments\PTT\Spheroids\03062025_mda\04062025\Analysis\2025-06-04_102750_tube1_segmentationDebug2\4_1401_0_segmented.tiff;2447.0;(73. 70);204.852812051773;0.941697132961323;55.8177137293076;0.732756995792188;0.718144633843984;1123.66194803785;0.950885202522208;0.883389017129261;0.890872546057192;414010.0;0.0;1401.0;False;E:\Experiments\PTT\Spheroids\03062025_mda\05062025 before laser\Analysis\2025-06-05_102633_tube1_cropped_8bits\4_1401_0_8bits.tiff;E:\Experiments\PTT\Spheroids\03062025_mda\05062025 before laser\Analysis\2025-06-05_102633_tube1_segmentationDebug\4_1401_0_segmented.tiff;3711.5;(73. 72);268.40916097164154;0.9266009237298716;68.74320744833308;0.6473880221831895;0.9643863063814558;1135.645952039389;0.9320039084638844;0.8259833026384413;0.8783703390782135;414010.0;0.0;1401.0;False;G:\Experiments\PTT\Spheroids\03062025_mda\05062025 after laser\Analysis\2025-06-05_145742_tube1_cropped_8bits2\4_1401_0_8bits.tiff;G:\Experiments\PTT\Spheroids\03062025_mda\05062025 after laser\Analysis\2025-06-05_145742_tube1_segmentationDebug2\4_1401_0_segmented.tiff;3501.0;(78. 73);241.338092923164;0.952134892575469;66.7653476447011;0.755353457815515;0.899194566691459;1294.0423581469;0.933821862823267;0.836554928897292;0.872756124618649;;;Dead
2;Tube 1;511010.0;511010.0;0.0;1101.0;False;G:\Experiments\PTT\Spheroids\03062025_mda\04062025\Analysis\2025-06-04_102750_tube1_cropped_8bits2\5_1101_0_8bits.tiff;G:\Experiments\PTT\Spheroids\03062025_mda\04062025\Analysis\2025-06-04_102750_tube1_segmentationDebug2\5_1101_0_segmented.tiff;2318.5;(73. 65);207.438598394393;0.911539217613524;54.332364981367;0.677076632487338;0.879790135880056;1210.73073666024;0.942641463749409;0.889482494514752;0.875872089597822;;;;;;;;;;;;;;;;;;511010.0;0.0;1101.0;False;G:\Experiments\PTT\Spheroids\03062025_mda\05062025 after laser\Analysis\2025-06-05_145742_tube1_cropped_8bits2\5_1101_0_8bits.tiff;G:\Experiments\PTT\Spheroids\03062025_mda\05062025 after laser\Analysis\2025-06-05_145742_tube1_segmentationDebug2\5_1101_0_segmented.tiff;3681.5;(77. 78);255.438598394393;0.939997446699859;68.4648185854786;0.709025122792803;0.9739625932408;1064.81820634879;0.93414926080382;0.827939788571785;0.886221662982384;;;Dead
2;Tube 1;512010.0;;;;;;;;;;;;;;;;;;512010.0;0.0;1201.0;False;E:\Experiments\PTT\Spheroids\03062025_mda\05062025 before laser\Analysis\2025-06-05_102633_tube1_cropped_8bits\5_1201_0_8bits.tiff;E:\Experiments\PTT\Spheroids\03062025_mda\05062025 before laser\Analysis\2025-06-05_102633_tube1_segmentationDebug\5_1201_0_segmented.tiff;3482.0;(75. 45);264.16652023792267;0.903242542153048;66.58393270728185;0.627022434517208;0.9532301428694472;872.0233555108395;0.9324443276503248;0.8013438219997986;0.9038332699219118;;;;;;;;;;;;;;;;;;;;
2;Tube 1;608010.0;608010.0;0.0;801.0;False;G:\Experiments\PTT\Spheroids\03062025_mda\04062025\Analysis\2025-06-04_102750_tube1_cropped_8bits2\6_0801_0_8bits.tiff;G:\Experiments\PTT\Spheroids\03062025_mda\04062025\Analysis\2025-06-04_102750_tube1_segmentationDebug2\6_0801_0_segmented.tiff;2117.5;(73. 70);181.781744003295;0.958795562599049;51.9238359135446;0.80525374193408;0.966097591095039;1105.43824845057;0.957692444747835;0.899508425872067;0.900725874585078;;;;;;;;;;;;;;;;;;;;;;;;;;;;;;;;;;;;;
2;Tube 1;609010.0;;;;;;;;;;;;;;;;;;609010.0;0.0;901.0;False;E:\Experiments\PTT\Spheroids\03062025_mda\05062025 before laser\Analysis\2025-06-05_102633_tube1_cropped_8bits\6_0901_0_8bits.tiff;E:\Experiments\PTT\Spheroids\03062025_mda\05062025 before laser\Analysis\2025-06-05_102633_tube1_segmentationDebug\6_0901_0_segmented.tiff;3112.5;(72. 79);233.5807341337204;0.934123649459784;62.95203001483109;0.7168778898867875;0.8607349380828638;1202.882559109993;0.9417237574853125;0.8538302014114191;0.8598102531281505;609010.0;0.0;901.0;False;G:\Experiments\PTT\Spheroids\03062025_mda\05062025 after laser\Analysis\2025-06-05_145742_tube1_cropped_8bits2\6_0901_0_8bits.tiff;G:\Experiments\PTT\Spheroids\03062025_mda\05062025 after laser\Analysis\2025-06-05_145742_tube1_segmentationDebug2\6_0901_0_segmented.tiff;3354.0;(74. 71);242.852812051773;0.937526205450733;65.3486452272863;0.714638894264829;0.797931620360092;1191.41293122216;0.941789800441517;0.842795414929633;0.877965345111053;;;Dead
2;Tube 1;705010.0;705010.0;0.0;501.0;False;G:\Experiments\PTT\Spheroids\03062025_mda\04062025\Analysis\2025-06-04_102750_tube1_cropped_8bits2\7_0501_0_8bits.tiff;G:\Experiments\PTT\Spheroids\03062025_mda\04062025\Analysis\2025-06-04_102750_tube1_segmentationDebug2\7_0501_0_segmented.tiff;2064.5;(74. 80);184.610171675682;0.946150320806599;51.269903843344;0.761225799345286;0.9842401351892;1277.73950351411;0.955255753900615;0.901753395348557;0.864112729824819;;;;;;;;;;;;;;;;;;;;;;;;;;;;;;;;;;;;;
2;Tube 1;706010.0;;;;;;;;;;;;;;;;;;706010.0;0.0;601.0;False;E:\Experiments\PTT\Spheroids\03062025_mda\05062025 before laser\Analysis\2025-06-05_102633_tube1_cropped_8bits\7_0601_0_8bits.tiff;E:\Experiments\PTT\Spheroids\03062025_mda\05062025 before laser\Analysis\2025-06-05_102633_tube1_segmentationDebug\7_0601_0_segmented.tiff;3450.5;(82. 77);243.92388021945956;0.9356019522776572;66.28207185286742;0.7287578667031027;0.9727108052801716;1145.2434106872115;0.938023251333334;0.838723159328383;0.8846083239163951;706010.0;0.0;601.0;False;G:\Experiments\PTT\Spheroids\03062025_mda\05062025 after laser\Analysis\2025-06-05_145742_tube1_cropped_8bits2\7_0601_0_8bits.tiff;G:\Experiments\PTT\Spheroids\03062025_mda\05062025 after laser\Analysis\2025-06-05_145742_tube1_segmentationDebug2\7_0601_0_segmented.tiff;3436.5;(75. 77);235.580733776092;0.953788509575353;66.1474693052;0.778120168077039;0.944325593366522;1318.31594247998;0.93616918089213;0.839524952010672;0.870328003736076;;;Dead
2;Tube 1;802020.0;802020.0;0.0;202.0;False;G:\Experiments\PTT\Spheroids\03062025_mda\04062025\Analysis\2025-06-04_102750_tube1_cropped_8bits2\8_0202_0_8bits.tiff;G:\Experiments\PTT\Spheroids\03062025_mda\04062025\Analysis\2025-06-04_102750_tube1_segmentationDebug2\8_0202_0_segmented.tiff;2189.0;(68. 68);185.681239128112;0.963468309859154;52.7931942907916;0.797846922546399;0.901202490868087;1027.35334025017;0.946006316178656;0.851119681448585;0.871934063410718;;;;;;;;;;;;;;;;;;;;;;;;;;;;;;;;;;;;;
2;Tube 1;803010.0;;;;;;;;;;;;;;;;;;803010.0;0.0;301.0;False;E:\Experiments\PTT\Spheroids\03062025_mda\05062025 before laser\Analysis\2025-06-05_102633_tube1_cropped_8bits\8_0301_0_8bits.tiff;E:\Experiments\PTT\Spheroids\03062025_mda\05062025 before laser\Analysis\2025-06-05_102633_tube1_segmentationDebug\8_0301_0_segmented.tiff;3111.5;(89. 79);235.0954523086548;0.9318658280922432;62.94191642652342;0.7074426078188106;0.9545186765854298;1283.5599911622496;0.947332749576855;0.8541105971659306;0.8622454505350734;;;;;;;;;;;;;;;;;;;;
2;Tube 1;902030.0;;;;;;;;;;;;;;;;;;902030.0;0.0;203.0;False;E:\Experiments\PTT\Spheroids\03062025_mda\05062025 before laser\Analysis\2025-06-05_102633_tube1_cropped_8bits\9_0203_0_8bits.tiff;E:\Experiments\PTT\Spheroids\03062025_mda\05062025 before laser\Analysis\2025-06-05_102633_tube1_segmentationDebug\9_0203_0_segmented.tiff;3279.5;(80. 81);235.09545242786407;0.949066705252496;64.6187982475608;0.7456397332440743;0.9251199393368562;1020.3690632028288;0.947595613163414;0.8465977178977226;0.8878845428003306;902030.0;0.0;203.0;False;G:\Experiments\PTT\Spheroids\03062025_mda\05062025 after laser\Analysis\2025-06-05_145742_tube1_cropped_8bits2\9_0203_0_8bits.tiff;G:\Experiments\PTT\Spheroids\03062025_mda\05062025 after laser\Analysis\2025-06-05_145742_tube1_segmentationDebug2\9_0203_0_segmented.tiff;3276.5;(74. 73);240.752306461334;0.941793618855993;64.589235700113;0.710361022028173;0.913264063487565;718.838720046183;0.972271865293578;0.850006981050027;0.935093248989706;;;Dead
2;Tube 1;902040.0;902040.0;0.0;204.0;False;G:\Experiments\PTT\Spheroids\03062025_mda\04062025\Analysis\2025-06-04_102750_tube1_cropped_8bits2\9_0204_0_8bits.tiff;G:\Experiments\PTT\Spheroids\03062025_mda\04062025\Analysis\2025-06-04_102750_tube1_segmentationDebug2\9_0204_0_segmented.tiff;2025.5;(74. 81);182.953317284584;0.939689167246578;50.783330905535;0.760434014208279;0.95216404834122;1294.26009862189;0.957385738696943;0.903449969762969;0.870181369136528;;;;;;;;;;;;;;;;;;;;;;;;;;;;;;;;;;;;;
2;Tube 2;1002060.0;1002060.0;0.0;206.0;False;G:\Experiments\PTT\Spheroids\03062025_mda\04062025\Analysis\2025-06-04_103624_tube2_cropped_8bits2\10_0206_0_8bits.tiff;G:\Experiments\PTT\Spheroids\03062025_mda\04062025\Analysis\2025-06-04_103624_tube2_segmentationDebug2\10_0206_0_segmented.tiff;1829.5;(70. 73);174.811182141304;0.937964624455267;48.2637726156273;0.752322167127125;0.983046230044018;986.721693842857;0.96166753112836;0.912507621339048;0.887709734824474;1002060.0;0.0;206.0;False;E:\Experiments\PTT\Spheroids\03062025_mda\05062025 before laser\Analysis\2025-06-05_095453_tube2_cropped_8bits\10_0206_0_8bits.tiff;E:\Experiments\PTT\Spheroids\03062025_mda\05062025 before laser\Analysis\2025-06-05_095453_tube2_segmentationDebug\10_0206_0_segmented.tiff;2606.0;(76. 83);217.1959580183029;0.9278974541570232;57.60262366923779;0.6941939073246286;0.9485648349318592;827.00435852204;0.9729575611628511;0.8778608704806614;0.9068726449509098;;;;;;;;;;;;;;;;;;;;
2;Tube 2;1002070.0;;;;;;;;;;;;;;;;;;;;;;;;;;;;;;;;;;;1002070.0;0.0;207.0;False;G:\Experiments\PTT\Spheroids\03062025_mda\05062025 after laser\Analysis\2025-06-05_150543_tube2_cropped_8bits2\10_0207_0_8bits.tiff;G:\Experiments\PTT\Spheroids\03062025_mda\05062025 after laser\Analysis\2025-06-05_150543_tube2_segmentationDebug2\10_0207_0_segmented.tiff;2924.5;(72. 78);234.6101719141;0.907525213343677;61.021218019456;0.667679149608018;0.965246987649312;867.376569919978;0.955106709685785;0.862248082355958;0.909845276796124;26.405794185695605;50.0;Dead
2;Tube 2;110050.0;110050.0;0.0;1005.0;False;G:\Experiments\PTT\Spheroids\03062025_mda\04062025\Analysis\2025-06-04_103624_tube2_cropped_8bits2\1_1005_0_8bits.tiff;G:\Experiments\PTT\Spheroids\03062025_mda\04062025\Analysis\2025-06-04_103624_tube2_segmentationDebug2\1_1005_0_segmented.tiff;2465.5;(76. 82);213.438598632812;0.909275308869629;56.0283151410476;0.680094009212079;0.938851009139221;1088.14984029966;0.950318614973644;0.883164418054077;0.899902701711946;;;;;;;;;;;;;;;;;;;;;;;;;;;;;;;;;;;;;
2;Tube 2;1102090.0;1102090.0;0.0;209.0;False;G:\Experiments\PTT\Spheroids\03062025_mda\04062025\Analysis\2025-06-04_103624_tube2_cropped_8bits2\11_0209_0_8bits.tiff;G:\Experiments\PTT\Spheroids\03062025_mda\04062025\Analysis\2025-06-04_103624_tube2_segmentationDebug2\11_0209_0_segmented.tiff;2096.0;(72. 79);189.195957779884;0.936132201875837;51.6595594809411;0.735829907597695;0.924507193755643;923.944558724417;0.957438249307541;0.900266242140587;0.892370086700403;1102090.0;0.0;209.0;False;E:\Experiments\PTT\Spheroids\03062025_mda\05062025 before laser\Analysis\2025-06-05_095453_tube2_cropped_8bits\11_0209_0_8bits.tiff;E:\Experiments\PTT\Spheroids\03062025_mda\05062025 before laser\Analysis\2025-06-05_095453_tube2_segmentationDebug\11_0209_0_segmented.tiff;3101.5;(84. 75);242.26702570915225;0.9222420457924472;62.84069102099457;0.6640381553034165;0.8401759997953875;964.2903290184402;0.9653640350423612;0.8552540153406897;0.8995499374449596;;;;;;;;;;;;;;;;;;;;
2;Tube 2;1102100.0;;;;;;;;;;;;;;;;;;;;;;;;;;;;;;;;;;;1102100.0;0.0;210.0;False;G:\Experiments\PTT\Spheroids\03062025_mda\05062025 after laser\Analysis\2025-06-05_150543_tube2_cropped_8bits2\11_0210_0_8bits.tiff;G:\Experiments\PTT\Spheroids\03062025_mda\05062025 after laser\Analysis\2025-06-05_150543_tube2_segmentationDebug2\11_0210_0_segmented.tiff;3167.0;(75. 69);244.651802062988;0.916112236042811;63.5007845477224;0.664907281959516;0.899366114731164;1036.83516495208;0.952790366275419;0.851493228914086;0.888917708462056;80.69610703148577;56.0;Alive
2;Tube 2;1202110.0;1202110.0;0.0;211.0;False;G:\Experiments\PTT\Spheroids\03062025_mda\04062025\Analysis\2025-06-04_103624_tube2_cropped_8bits2\12_0211_0_8bits.tiff;G:\Experiments\PTT\Spheroids\03062025_mda\04062025\Analysis\2025-06-04_103624_tube2_segmentationDebug2\12_0211_0_segmented.tiff;2172.5;(71. 70);197.438598394393;0.916086864853468;52.593848603588;0.700334515019493;0.855930738843881;833.203533565213;0.970040059434453;0.897078197580572;0.913003372566794;;;;;;;;;;;;;;;;;;;;;;;;;;;;;;;;;;;;;
2;Tube 2;1202120.0;;;;;;;;;;;;;;;;;;1202120.0;0.0;212.0;False;E:\Experiments\PTT\Spheroids\03062025_mda\05062025 before laser\Analysis\2025-06-05_095453_tube2_cropped_8bits\12_0212_0_8bits.tiff;E:\Experiments\PTT\Spheroids\03062025_mda\05062025 before laser\Analysis\2025-06-05_095453_tube2_segmentationDebug\12_0212_0_segmented.tiff;2988.5;(85. 74);240.40916085243225;0.9148936170212766;61.68530116195457;0.6497721590681954;0.7818511807919926;923.659119513485;0.968981374559898;0.8607335286882198;0.9003326490657598;;;;;;;;;;;;;;;;;;;;
2;Tube 2;1202130.0;;;;;;;;;;;;;;;;;;;;;;;;;;;;;;;;;;;1202130.0;0.0;213.0;False;G:\Experiments\PTT\Spheroids\03062025_mda\05062025 after laser\Analysis\2025-06-05_150543_tube2_cropped_8bits2\12_0213_0_8bits.tiff;G:\Experiments\PTT\Spheroids\03062025_mda\05062025 after laser\Analysis\2025-06-05_150543_tube2_segmentationDebug2\12_0213_0_segmented.tiff;3505.5;(77. 74);267.095452547073;0.90722049689441;66.8082421866427;0.617485619036526;0.819851417959146;1077.02856799234;0.938577292720221;0.835424420240183;0.881612549321564;15.192133588170204;55.0;Dead
2;Tube 2;1302140.0;1302140.0;0.0;214.0;False;G:\Experiments\PTT\Spheroids\03062025_mda\04062025\Analysis\2025-06-04_103624_tube2_cropped_8bits2\13_0214_0_8bits.tiff;G:\Experiments\PTT\Spheroids\03062025_mda\04062025\Analysis\2025-06-04_103624_tube2_segmentationDebug2\13_0214_0_segmented.tiff;2363.5;(80. 89);206.953317403793;0.911492479753181;54.8571022200549;0.6934588352995;0.714375142414723;898.194702044052;0.95560818523282;0.88743767560027;0.891909476341388;;;;;;;;;;;;;;;;;;;;;;;;;;;;;;;;;;;;;
2;Tube 2;1302150.0;;;;;;;;;;;;;;;;;;1302150.0;0.0;215.0;False;E:\Experiments\PTT\Spheroids\03062025_mda\05062025 before laser\Analysis\2025-06-05_095453_tube2_cropped_8bits\14_0215_0_8bits.tiff;E:\Experiments\PTT\Spheroids\03062025_mda\05062025 before laser\Analysis\2025-06-05_095453_tube2_segmentationDebug\14_0215_0_segmented.tiff;3000.5;(71. 58);236.26702558994293;0.9228048592957095;61.80902243182508;0.6754563164546195;0.7468154073824408;1036.1698566911186;0.9589737951623464;0.8588728758081974;0.8694239886471734;1302150.0;0.0;215.0;False;G:\Experiments\PTT\Spheroids\03062025_mda\05062025 after laser\Analysis\2025-06-05_150543_tube2_cropped_8bits2\13_0215_0_8bits.tiff;G:\Experiments\PTT\Spheroids\03062025_mda\05062025 after laser\Analysis\2025-06-05_150543_tube2_segmentationDebug2\13_0215_0_segmented.tiff;3606.5;(73. 72);260.752306938171;0.918736466692141;67.7638429996953;0.66656035827812;0.764035705918986;1145.87046983737;0.937557892479013;0.830789154443701;0.865013413780373;121.67789960768535;58.0;Alive
2;Tube 2;1402170.0;1402170.0;0.0;217.0;False;G:\Experiments\PTT\Spheroids\03062025_mda\04062025\Analysis\2025-06-04_103624_tube2_cropped_8bits2\14_0217_0_8bits.tiff;G:\Experiments\PTT\Spheroids\03062025_mda\04062025\Analysis\2025-06-04_103624_tube2_segmentationDebug2\14_0217_0_segmented.tiff;1826.0;(77. 75);182.710676789283;0.927845528455284;48.2175840195919;0.68735767225128;0.746420510363977;925.794688646581;0.960164662417249;0.912083720587787;0.875998239043362;;;;;;;;;;;;;;;;;;;;;;;;;;;;;;;;;;;;;
2;Tube 2;1402180.0;;;;;;;;;;;;;;;;;;1402180.0;0.0;218.0;False;E:\Experiments\PTT\Spheroids\03062025_mda\05062025 before laser\Analysis\2025-06-05_095453_tube2_cropped_8bits\15_0218_0_8bits.tiff;E:\Experiments\PTT\Spheroids\03062025_mda\05062025 before laser\Analysis\2025-06-05_095453_tube2_segmentationDebug\15_0218_0_segmented.tiff;2707.5;(76. 70);213.2964631319046;0.9363652083693584;58.71367870752482;0.7478440130073964;0.9376439964094562;971.1209431761388;0.959733119058504;0.8724462327959297;0.8783642748037253;1402180.0;0.0;218.0;False;G:\Experiments\PTT\Spheroids\03062025_mda\05062025 after laser\Analysis\2025-06-05_150543_tube2_cropped_8bits2\14_0218_0_8bits.tiff;G:\Experiments\PTT\Spheroids\03062025_mda\05062025 after laser\Analysis\2025-06-05_150543_tube2_segmentationDebug2\14_0218_0_segmented.tiff;2990.5;(74. 73);242.610171437263;0.9103500761035;61.7059386001907;0.638462892823266;0.892423668725658;1170.51995729177;0.944547788216706;0.858802936692865;0.866059592684492;19.329041343929184;72.0;Dead
2;Tube 2;1502190.0;1502190.0;0.0;219.0;False;G:\Experiments\PTT\Spheroids\03062025_mda\04062025\Analysis\2025-06-04_103624_tube2_cropped_8bits2\15_0219_0_8bits.tiff;G:\Experiments\PTT\Spheroids\03062025_mda\04062025\Analysis\2025-06-04_103624_tube2_segmentationDebug2\15_0219_0_segmented.tiff;2019.5;(68. 74);189.438598871231;0.932794457274826;50.7080591286302;0.707158515886846;0.908267147920613;755.96125093214;0.966418061616059;0.898342168092587;0.899354243301815;;;;;;;;;;;;;;;;;;;;;;;;;;;;;;;;;;;;;
2;Tube 2;1502210.0;;;;;;;;;;;;;;;;;;1502210.0;0.0;221.0;False;E:\Experiments\PTT\Spheroids\03062025_mda\05062025 before laser\Analysis\2025-06-05_095453_tube2_cropped_8bits\16_0221_0_8bits.tiff;E:\Experiments\PTT\Spheroids\03062025_mda\05062025 before laser\Analysis\2025-06-05_095453_tube2_segmentationDebug\16_0221_0_segmented.tiff;2551.0;(75. 83);214.6518023014069;0.9163074712643678;56.991526375588506;0.6957468423352059;0.9361234935573652;865.5764874434271;0.9544451277236118;0.8793491282871643;0.8766182849373036;1502210.0;0.0;221.0;False;G:\Experiments\PTT\Spheroids\03062025_mda\05062025 after laser\Analysis\2025-06-05_150543_tube2_cropped_8bits2\15_0221_0_8bits.tiff;G:\Experiments\PTT\Spheroids\03062025_mda\05062025 after laser\Analysis\2025-06-05_150543_tube2_segmentationDebug2\15_0221_0_segmented.tiff;2657.5;(72. 73);220.610171556472;0.917645027624309;58.1690131438869;0.686170546894589;0.976802817444719;1021.30525018399;0.950645278900832;0.874350977925416;0.863430392617594;41.22824665526607;56.0;Dead
2;Tube 2;1602220.0;1602220.0;0.0;222.0;False;G:\Experiments\PTT\Spheroids\03062025_mda\04062025\Analysis\2025-06-04_103624_tube2_cropped_8bits2\16_0222_0_8bits.tiff;G:\Experiments\PTT\Spheroids\03062025_mda\04062025\Analysis\2025-06-04_103624_tube2_segmentationDebug2\16_0222_0_segmented.tiff;2489.5;(76. 73);212.610171556472;0.929438118349822;56.3003538764916;0.692076206974516;0.729587474841244;953.561537928515;0.94323570617923;0.881905048444173;0.896763860225648;;;;;;;;;;;;;;;;;;;;;;;;;;;;;;;;;;;;;
2;Tube 2;1704240.0;1704240.0;0.0;424.0;False;G:\Experiments\PTT\Spheroids\03062025_mda\04062025\Analysis\2025-06-04_103624_tube2_cropped_8bits2\17_0424_0_8bits.tiff;G:\Experiments\PTT\Spheroids\03062025_mda\04062025\Analysis\2025-06-04_103624_tube2_segmentationDebug2\17_0424_0_segmented.tiff;1737.5;(73. 78);165.982754826545;0.957300275482093;47.0346011886711;0.792517280566238;0.916884934419489;1003.31375746235;0.957872805948282;0.916798790695976;0.888098629873433;;;;;;;;;;;;;;;;;;;;;;;;;;;;;;;;;;;;;
2;Tube 2;1705240.0;;;;;;;;;;;;;;;;;;1705240.0;0.0;524.0;False;E:\Experiments\PTT\Spheroids\03062025_mda\05062025 before laser\Analysis\2025-06-05_095453_tube2_cropped_8bits\18_0524_0_8bits.tiff;E:\Experiments\PTT\Spheroids\03062025_mda\05062025 before laser\Analysis\2025-06-05_095453_tube2_segmentationDebug\18_0524_0_segmented.tiff;2399.5;(84. 71);216.26702618598935;0.901389932381668;55.2733053796498;0.6446886159181393;0.8949122978460947;893.6339307376369;0.95789175214268;0.8858806026447615;0.8672565830030483;1705240.0;0.0;524.0;False;G:\Experiments\PTT\Spheroids\03062025_mda\05062025 after laser\Analysis\2025-06-05_150543_tube2_cropped_8bits2\17_0524_0_8bits.tiff;G:\Experiments\PTT\Spheroids\03062025_mda\05062025 after laser\Analysis\2025-06-05_150543_tube2_segmentationDebug2\17_0524_0_segmented.tiff;2354.0;(71. 79);235.681239128112;0.860694698354661;54.7467431753394;0.532557244400246;0.777975780987436;1179.22674673444;0.953707672330364;0.887595116007807;0.866762840806512;63.54994467357409;37.0;Alive
2;Tube 2;1806240.0;1806240.0;0.0;624.0;False;G:\Experiments\PTT\Spheroids\03062025_mda\04062025\Analysis\2025-06-04_103624_tube2_cropped_8bits2\18_0624_0_8bits.tiff;G:\Experiments\PTT\Spheroids\03062025_mda\04062025\Analysis\2025-06-04_103624_tube2_segmentationDebug2\18_0624_0_segmented.tiff;1943.0;(81. 72);177.882249236106;0.944120505344995;49.7383597982525;0.771644811050929;0.908369918661322;1012.08576520469;0.957163642094791;0.907344316889939;0.888859454337668;;;;;;;;;;;;;;;;;;;;;;;;;;;;;;;;;;;;;
2;Tube 2;1808240.0;;;;;;;;;;;;;;;;;;1808240.0;0.0;824.0;False;E:\Experiments\PTT\Spheroids\03062025_mda\05062025 before laser\Analysis\2025-06-05_095453_tube2_cropped_8bits\19_0824_0_8bits.tiff;E:\Experiments\PTT\Spheroids\03062025_mda\05062025 before laser\Analysis\2025-06-05_095453_tube2_segmentationDebug\19_0824_0_segmented.tiff;2890.5;(75. 83);242.4091603755951;0.8992067195520299;60.665467146120186;0.6181370612681427;0.91744834579422;1153.1252347084646;0.9514668135291904;0.8634078015314183;0.8602258699001751;1808240.0;0.0;824.0;False;G:\Experiments\PTT\Spheroids\03062025_mda\05062025 after laser\Analysis\2025-06-05_150543_tube2_cropped_8bits2\18_0824_0_8bits.tiff;G:\Experiments\PTT\Spheroids\03062025_mda\05062025 after laser\Analysis\2025-06-05_150543_tube2_segmentationDebug2\18_0824_0_segmented.tiff;3089.5;(74. 68);245.92387998104;0.907208926736162;62.7190048825655;0.641943283479631;0.972848154741388;1116.43988190167;0.952845885893181;0.854769177018223;0.867139916964087;171.4616235791168;37.0;Alive
2;Tube 2;1909240.0;1909240.0;0.0;924.0;False;G:\Experiments\PTT\Spheroids\03062025_mda\04062025\Analysis\2025-06-04_103624_tube2_cropped_8bits2\19_0924_0_8bits.tiff;G:\Experiments\PTT\Spheroids\03062025_mda\04062025\Analysis\2025-06-04_103624_tube2_segmentationDebug2\19_0924_0_segmented.tiff;1786.0;(74. 65);166.367530465126;0.956358768406961;47.6865371661331;0.810875499493882;0.913235019518139;1022.7948652023;0.957421992778417;0.914760532283728;0.883963422980376;1909240.0;0.0;924.0;False;E:\Experiments\PTT\Spheroids\03062025_mda\05062025 before laser\Analysis\2025-06-05_095453_tube2_cropped_8bits\20_0924_0_8bits.tiff;E:\Experiments\PTT\Spheroids\03062025_mda\05062025 before laser\Analysis\2025-06-05_095453_tube2_segmentationDebug\20_0924_0_segmented.tiff;2883.0;(70. 81);234.5096663236618;0.91248615287229;60.58671147596207;0.6587687796938857;0.9843712369542446;1056.3679311417982;0.9531685673708572;0.8639259247431393;0.8781330734494753;;;;;;;;;;;;;;;;;;;;
2;Tube 2;1910240.0;;;;;;;;;;;;;;;;;;;;;;;;;;;;;;;;;;;1910240.0;0.0;1024.0;False;G:\Experiments\PTT\Spheroids\03062025_mda\05062025 after laser\Analysis\2025-06-05_150543_tube2_cropped_8bits2\19_1024_0_8bits.tiff;G:\Experiments\PTT\Spheroids\03062025_mda\05062025 after laser\Analysis\2025-06-05_150543_tube2_segmentationDebug2\19_1024_0_segmented.tiff;2725.0;(73. 73);242.852811932563;0.871721049264235;58.9031218137317;0.580617468331393;0.950388519500284;1229.68034681764;0.956754185896546;0.870711306324264;0.853333282286066;83.86480233376923;37.0;Alive
2;Tube 2;2012240.0;2012240.0;0.0;1224.0;False;G:\Experiments\PTT\Spheroids\03062025_mda\04062025\Analysis\2025-06-04_103624_tube2_cropped_8bits2\20_1224_0_8bits.tiff;G:\Experiments\PTT\Spheroids\03062025_mda\04062025\Analysis\2025-06-04_103624_tube2_segmentationDebug2\20_1224_0_segmented.tiff;1725.0;(74. 73);169.053822517395;0.942880568461328;46.865106579076;0.758488452167582;0.90149211852004;958.117411059145;0.960731180218352;0.917199586569319;0.879155190914308;2012240.0;0.0;1224.0;False;E:\Experiments\PTT\Spheroids\03062025_mda\05062025 before laser\Analysis\2025-06-05_095453_tube2_cropped_8bits\21_1224_0_8bits.tiff;E:\Experiments\PTT\Spheroids\03062025_mda\05062025 before laser\Analysis\2025-06-05_095453_tube2_segmentationDebug\21_1224_0_segmented.tiff;2741.5;(69. 85);223.58073437213895;0.9236859838274932;59.08118323029295;0.6891747504191319;0.836528344161373;1109.460546893076;0.9499436903669196;0.870649109876226;0.8721878662179124;;;;;;;;;;;;;;;;;;;;
2;Tube 2;2013240.0;;;;;;;;;;;;;;;;;;;;;;;;;;;;;;;;;;;2013240.0;0.0;1324.0;False;G:\Experiments\PTT\Spheroids\03062025_mda\05062025 after laser\Analysis\2025-06-05_150543_tube2_cropped_8bits2\20_1324_0_8bits.tiff;G:\Experiments\PTT\Spheroids\03062025_mda\05062025 after laser\Analysis\2025-06-05_150543_tube2_segmentationDebug2\20_1324_0_segmented.tiff;2662.5;(75. 76);216.267025589942;0.93110683685959;58.223708984033;0.715350468574091;0.853962217846047;1194.98414639689;0.956054791209326;0.874510731445612;0.874113917564411;73.58414646413841;37.0;Alive
2;Tube 2;213050.0;213050.0;0.0;1305.0;False;G:\Experiments\PTT\Spheroids\03062025_mda\04062025\Analysis\2025-06-04_103624_tube2_cropped_8bits2\2_1305_0_8bits.tiff;G:\Experiments\PTT\Spheroids\03062025_mda\04062025\Analysis\2025-06-04_103624_tube2_segmentationDebug2\2_1305_0_segmented.tiff;2253.0;(78. 66);202.367530703544;0.927924217462932;53.5593940806682;0.691336347569708;0.898666925759724;1046.15073476298;0.94974913445395;0.892815338613514;0.884831877413543;;;;;;;;;;;;;;;;;;;;;;;;;;;;;;;;;;;;;
2;Tube 2;214050.0;;;;;;;;;;;;;;;;;;214050.0;0.0;1405.0;False;E:\Experiments\PTT\Spheroids\03062025_mda\05062025 before laser\Analysis\2025-06-05_095453_tube2_cropped_8bits\2_1405_0_8bits.tiff;E:\Experiments\PTT\Spheroids\03062025_mda\05062025 before laser\Analysis\2025-06-05_095453_tube2_segmentationDebug\2_1405_0_segmented.tiff;3480.0;(71. 78);257.6812393665314;0.9113526253764568;66.56480763645581;0.6586026998251748;0.9562775421857636;1110.3466567981698;0.9507786054571684;0.8375102198282373;0.8638177703529165;;;;;;;;;;;;;;;;;;;;
2;Tube 2;215040.0;;;;;;;;;;;;;;;;;;;;;;;;;;;;;;;;;;;215040.0;0.0;1504.0;False;G:\Experiments\PTT\Spheroids\03062025_mda\05062025 after laser\Analysis\2025-06-05_150543_tube2_cropped_8bits2\2_1504_0_8bits.tiff;G:\Experiments\PTT\Spheroids\03062025_mda\05062025 after laser\Analysis\2025-06-05_150543_tube2_segmentationDebug2\2_1504_0_segmented.tiff;3432.5;(75. 65);247.23758816719;0.933886546048156;66.1089610968395;0.705653359113704;0.944515994395916;1312.72514202623;0.94785540257376;0.839847212229459;0.856946830619828;116.04466351473695;37.0;Alive
2;Tube 2;315030.0;;;;;;;;;;;;;;;;;;315030.0;0.0;1503.0;False;E:\Experiments\PTT\Spheroids\03062025_mda\05062025 before laser\Analysis\2025-06-05_095453_tube2_cropped_8bits\3_1503_0_8bits.tiff;E:\Experiments\PTT\Spheroids\03062025_mda\05062025 before laser\Analysis\2025-06-05_095453_tube2_segmentationDebug\3_1503_0_segmented.tiff;3451.5;(69. 88);239.09545278549197;0.9462645647703908;66.29167586245964;0.7587087776586795;0.9005587905336824;1290.522303012866;0.9366521736829472;0.8386790568179997;0.8761227241961724;;;;;;;;;;;;;;;;;;;;
2;Tube 2;315040.0;315040.0;0.0;1504.0;False;G:\Experiments\PTT\Spheroids\03062025_mda\04062025\Analysis\2025-06-04_103624_tube2_cropped_8bits2\3_1504_0_8bits.tiff;G:\Experiments\PTT\Spheroids\03062025_mda\04062025\Analysis\2025-06-04_103624_tube2_segmentationDebug2\3_1504_0_segmented.tiff;2113.5;(75. 69);189.095452547073;0.945214669051878;51.8747701469391;0.742762460933494;0.871080609676762;1049.83637628238;0.954612248334429;0.899675210722165;0.87030858198422;;;;;;;;;;;;;;;;;;;;;;;;;;;;;;;;;;;;;
2;Tube 2;413010.0;;;;;;;;;;;;;;;;;;;;;;;;;;;;;;;;;;;413010.0;0.0;1301.0;False;G:\Experiments\PTT\Spheroids\03062025_mda\05062025 after laser\Analysis\2025-06-05_150543_tube2_cropped_8bits2\4_1301_0_8bits.tiff;G:\Experiments\PTT\Spheroids\03062025_mda\05062025 after laser\Analysis\2025-06-05_150543_tube2_segmentationDebug2\4_1301_0_segmented.tiff;2885.5;(77. 68);228.267025709152;0.923803425644309;60.6129747358873;0.695896388371255;0.792164048315437;1376.49203025298;0.952456834694227;0.864021937153234;0.864885836627906;29.82094356704557;80.0;Dead
2;Tube 2;414010.0;414010.0;0.0;1401.0;False;G:\Experiments\PTT\Spheroids\03062025_mda\04062025\Analysis\2025-06-04_103624_tube2_cropped_8bits2\4_1401_0_8bits.tiff;G:\Experiments\PTT\Spheroids\03062025_mda\04062025\Analysis\2025-06-04_103624_tube2_segmentationDebug2\4_1401_0_segmented.tiff;2027.5;(76. 70);180.953317046165;0.941490596703041;50.8083967169851;0.778103967591067;0.935157402821586;983.707861773289;0.953781875477622;0.903546488247774;0.882915858970527;414010.0;0.0;1401.0;False;E:\Experiments\PTT\Spheroids\03062025_mda\05062025 before laser\Analysis\2025-06-05_095453_tube2_cropped_8bits\4_1401_0_8bits.tiff;E:\Experiments\PTT\Spheroids\03062025_mda\05062025 before laser\Analysis\2025-06-05_095453_tube2_segmentationDebug\4_1401_0_segmented.tiff;3099.0;(69. 95);229.19595789909363;0.9300720288115246;62.81535918176596;0.7413401677563369;0.9272009090051844;1030.7219827174183;0.9514451163970312;0.8546546483887231;0.8827177684364568;;;;;;;;;;;;;;;;;;;;
2;Tube 2;509010.0;;;;;;;;;;;;;;;;;;;;;;;;;;;;;;;;;;;509010.0;0.0;901.0;False;G:\Experiments\PTT\Spheroids\03062025_mda\05062025 after laser\Analysis\2025-06-05_150543_tube2_cropped_8bits2\5_0901_0_8bits.tiff;G:\Experiments\PTT\Spheroids\03062025_mda\05062025 after laser\Analysis\2025-06-05_150543_tube2_segmentationDebug2\5_0901_0_segmented.tiff;3494.5;(77. 76);265.580733776092;0.897406266050333;66.7033401643203;0.622589476845138;0.872145508141955;959.24623431755;0.928057971945501;0.835298988268159;0.89188470959564;23.04345639271703;64.0;Dead
2;Tube 2;511010.0;511010.0;0.0;1101.0;False;G:\Experiments\PTT\Spheroids\03062025_mda\04062025\Analysis\2025-06-04_103624_tube2_cropped_8bits2\5_1101_0_8bits.tiff;G:\Experiments\PTT\Spheroids\03062025_mda\04062025\Analysis\2025-06-04_103624_tube2_segmentationDebug2\5_1101_0_segmented.tiff;1998.5;(72. 79);180.124890208244;0.943578847969782;50.4437233970017;0.774045621628867;0.920543710224423;912.667755120174;0.958409235709108;0.904915568402693;0.893540853571617;511010.0;0.0;1101.0;False;E:\Experiments\PTT\Spheroids\03062025_mda\05062025 before laser\Analysis\2025-06-05_095453_tube2_cropped_8bits\5_1101_0_8bits.tiff;E:\Experiments\PTT\Spheroids\03062025_mda\05062025 before laser\Analysis\2025-06-05_095453_tube2_segmentationDebug\5_1101_0_segmented.tiff;2652.5;(78. 75);228.26702570915225;0.8979350033852403;58.11426582526892;0.6397037498370322;0.8849911268501056;1164.4421717886976;0.9512550339374022;0.8741109591008588;0.8321415488941362;;;;;;;;;;;;;;;;;;;;
2;Tube 2;607010.0;;;;;;;;;;;;;;;;;;;;;;;;;;;;;;;;;;;607010.0;0.0;701.0;False;G:\Experiments\PTT\Spheroids\03062025_mda\05062025 after laser\Analysis\2025-06-05_150543_tube2_cropped_8bits2\6_0701_0_8bits.tiff;G:\Experiments\PTT\Spheroids\03062025_mda\05062025 after laser\Analysis\2025-06-05_150543_tube2_segmentationDebug2\6_0701_0_segmented.tiff;2893.5;(72. 88);277.923879742622;0.825181805218879;60.6969408017504;0.470740563809817;0.670641426738844;1274.33236397347;0.946746856327036;0.861879007651165;0.854924754740546;14.857660195151393;64.0;Dead
2;Tube 2;608010.0;;;;;;;;;;;;;;;;;;608010.0;0.0;801.0;False;E:\Experiments\PTT\Spheroids\03062025_mda\05062025 before laser\Analysis\2025-06-05_095453_tube2_cropped_8bits\6_0801_0_8bits.tiff;E:\Experiments\PTT\Spheroids\03062025_mda\05062025 before laser\Analysis\2025-06-05_095453_tube2_segmentationDebug\6_0801_0_segmented.tiff;2380.0;(72. 75);198.02438521385196;0.949341842840048;55.04825261958537;0.7626924965430653;0.9095924113744064;1244.3566760170204;0.9619757903367852;0.8876440722265911;0.7989562617807817;;;;;;;;;;;;;;;;;;;;
2;Tube 2;609010.0;609010.0;0.0;901.0;False;G:\Experiments\PTT\Spheroids\03062025_mda\04062025\Analysis\2025-06-04_103624_tube2_cropped_8bits2\6_0901_0_8bits.tiff;G:\Experiments\PTT\Spheroids\03062025_mda\04062025\Analysis\2025-06-04_103624_tube2_segmentationDebug2\6_0901_0_segmented.tiff;2072.5;(76. 64);179.923879623413;0.958381502890173;51.3691440113968;0.804501372154208;0.945330694054012;1014.40568161414;0.957510514625073;0.891653661101316;0.878247672767125;;;;;;;;;;;;;;;;;;;;;;;;;;;;;;;;;;;;;
2;Tube 2;705010.0;;;;;;;;;;;;;;;;;;705010.0;0.0;501.0;False;E:\Experiments\PTT\Spheroids\03062025_mda\05062025 before laser\Analysis\2025-06-05_095453_tube2_cropped_8bits\7_0501_0_8bits.tiff;E:\Experiments\PTT\Spheroids\03062025_mda\05062025 before laser\Analysis\2025-06-05_095453_tube2_segmentationDebug\7_0501_0_segmented.tiff;2949.5;(68. 91);241.09545290470123;0.9116056250965848;61.28148200881211;0.6376468598891554;0.9261567904687136;996.722892518204;0.9585995741315124;0.860971858585935;0.868120239322436;;;;;;;;;;;;;;;;;;;;
2;Tube 2;706010.0;706010.0;0.0;601.0;False;G:\Experiments\PTT\Spheroids\03062025_mda\04062025\Analysis\2025-06-04_103624_tube2_cropped_8bits2\7_0601_0_8bits.tiff;G:\Experiments\PTT\Spheroids\03062025_mda\04062025\Analysis\2025-06-04_103624_tube2_segmentationDebug2\7_0601_0_segmented.tiff;2036.0;(74. 74);180.024385213851;0.949848378819687;50.9147887463042;0.789450610169561;0.912620213619374;1120.41249094638;0.957222930233381;0.903224682545787;0.882257894445978;;;;;;;;;;;;;;;;;;;;;;;;;;;;;;;;;;;;;
2;Tube 2;803010.0;803010.0;0.0;301.0;False;G:\Experiments\PTT\Spheroids\03062025_mda\04062025\Analysis\2025-06-04_103624_tube2_cropped_8bits2\8_0301_0_8bits.tiff;G:\Experiments\PTT\Spheroids\03062025_mda\04062025\Analysis\2025-06-04_103624_tube2_segmentationDebug2\8_0301_0_segmented.tiff;2082.0;(72. 81);183.195958018302;0.952860411899313;51.4867432659962;0.779576635689321;0.903305783932484;1041.41807005218;0.956493780001141;0.901095395688539;0.885204111057196;803010.0;0.0;301.0;False;E:\Experiments\PTT\Spheroids\03062025_mda\05062025 before laser\Analysis\2025-06-05_095453_tube2_cropped_8bits\8_0301_0_8bits.tiff;E:\Experiments\PTT\Spheroids\03062025_mda\05062025 before laser\Analysis\2025-06-05_095453_tube2_segmentationDebug\8_0301_0_segmented.tiff;3127.5;(79. 66);238.2670258283615;0.9284548018405818;63.103539331476654;0.692276030627428;0.9213147855009296;1068.555829409634;0.9584748059912688;0.8536615827618571;0.8779486502849704;;;;;;;;;;;;;;;;;;;;
2;Tube 2;902030.0;902030.0;0.0;203.0;False;G:\Experiments\PTT\Spheroids\03062025_mda\04062025\Analysis\2025-06-04_103624_tube2_cropped_8bits2\9_0203_0_8bits.tiff;G:\Experiments\PTT\Spheroids\03062025_mda\04062025\Analysis\2025-06-04_103624_tube2_segmentationDebug2\9_0203_0_segmented.tiff;1842.5;(67. 77);178.610171079635;0.932675272083016;48.4349446285895;0.725779985416259;0.865616176349822;672.500423386137;0.982029203426755;0.912619740321704;0.931325447625896;;;;;;;;;;;;;;;;;;;;;;;;;;;;;;;;;;;;;
2;Tube 2;902040.0;;;;;;;;;;;;;;;;;;902040.0;1.0;204.0;False;E:\Experiments\PTT\Spheroids\03062025_mda\05062025 before laser\Analysis\2025-06-05_095453_tube2_cropped_8bits\9_0204_0_8bits.tiff;E:\Experiments\PTT\Spheroids\03062025_mda\05062025 before laser\Analysis\2025-06-05_095453_tube2_segmentationDebug\9_0204_0_segmented.tiff;2690.0;(75. 84);220.5096662044525;0.932732316227462;58.52362237026676;0.6951953848746287;0.921199028153414;978.139000863516;0.9596773861535012;0.8731454522280998;0.8814246621765977;;;;;;;;;;;;;;;;;;;;
2;Tube 2;902050.0;;;;;;;;;;;;;;;;;;;;;;;;;;;;;;;;;;;902050.0;0.0;205.0;False;G:\Experiments\PTT\Spheroids\03062025_mda\05062025 after laser\Analysis\2025-06-05_150543_tube2_cropped_8bits2\9_0205_0_8bits.tiff;G:\Experiments\PTT\Spheroids\03062025_mda\05062025 after laser\Analysis\2025-06-05_150543_tube2_segmentationDebug2\9_0205_0_segmented.tiff;3319.0;(66. 76);274.509666204452;0.882595399547932;65.0067846380361;0.553479873525346;0.882616454923447;971.505303533298;0.939030127224378;0.842939389997005;0.892306306334814;21.61754350668947;65.0;Dead
2;Tube 3;1002060.0;1002060.0;0.0;206.0;False;G:\Experiments\PTT\Spheroids\03062025_mda\04062025\Analysis\2025-06-04_104641_tube3_cropped_8bits2\10_0206_0_8bits.tiff;G:\Experiments\PTT\Spheroids\03062025_mda\04062025\Analysis\2025-06-04_104641_tube3_segmentationDebug2\10_0206_0_segmented.tiff;2586.0;(69. 71);206.852811813354;0.94207650273224;57.3811594749106;0.759478575291634;0.920203123464358;977.062266050699;0.956136464500948;0.878137188200022;0.914374568227361;;;;;;;;;;;;;;;;;;1002060.0;0.0;206.0;False;G:\Experiments\PTT\Spheroids\03062025_mda\05062025 after laser\Analysis\2025-06-05_151344_tube3_cropped_8bits2\10_0206_0_8bits.tiff;G:\Experiments\PTT\Spheroids\03062025_mda\05062025 after laser\Analysis\2025-06-05_151344_tube3_segmentationDebug2\10_0206_0_segmented.tiff;3537.0;(80. 74);297.82337474823;0.865003668378576;67.1077362882125;0.501103415503963;0.73040294126257;1011.34881221822;0.960028616304968;0.834445620766737;0.897500883831558;156.95604063977467;45.0;Alive
2;Tube 3;1002070.0;;;;;;;;;;;;;;;;;;1002070.0;0.0;207.0;False;E:\Experiments\PTT\Spheroids\03062025_mda\05062025 before laser\Analysis\2025-06-05_100303_tube3_cropped_8bits\10_0207_0_8bits.tiff;E:\Experiments\PTT\Spheroids\03062025_mda\05062025 before laser\Analysis\2025-06-05_100303_tube3_segmentationDebug\10_0207_0_segmented.tiff;3412.5;(73. 82);271.37972342967987;0.8963750985027581;65.91608260818252;0.5822744488978805;0.6700926710767303;1123.125010424117;0.9567160861246924;0.8402733600741286;0.896835229819436;;;;;;;;;;;;;;;;;;;;
2;Tube 3;110050.0;110050.0;0.0;1005.0;False;G:\Experiments\PTT\Spheroids\03062025_mda\04062025\Analysis\2025-06-04_104641_tube3_cropped_8bits2\1_1005_0_8bits.tiff;G:\Experiments\PTT\Spheroids\03062025_mda\04062025\Analysis\2025-06-04_104641_tube3_segmentationDebug2\1_1005_0_segmented.tiff;2361.0;(74. 73);203.195958018302;0.926790971540726;54.8280819026137;0.718580986547522;0.905869717178672;1157.51471739345;0.945894946630779;0.887746293867551;0.876247366190288;;;;;;;;;;;;;;;;;;;;;;;;;;;;;;;;;;;;;
2;Tube 3;1102090.0;1102090.0;0.0;209.0;False;G:\Experiments\PTT\Spheroids\03062025_mda\04062025\Analysis\2025-06-04_104641_tube3_cropped_8bits2\11_0209_0_8bits.tiff;G:\Experiments\PTT\Spheroids\03062025_mda\04062025\Analysis\2025-06-04_104641_tube3_segmentationDebug2\11_0209_0_segmented.tiff;2188.0;(75. 74);205.681239128112;0.909960490746517;52.7811341662959;0.64993185213709;0.853816299139305;1036.06537196439;0.950317947451762;0.895525442607037;0.877397354818797;;;;;;;;;;;;;;;;;;1102090.0;0.0;209.0;False;G:\Experiments\PTT\Spheroids\03062025_mda\05062025 after laser\Analysis\2025-06-05_151344_tube3_cropped_8bits2\11_0209_0_8bits.tiff;G:\Experiments\PTT\Spheroids\03062025_mda\05062025 after laser\Analysis\2025-06-05_151344_tube3_segmentationDebug2\11_0209_0_segmented.tiff;2937.0;(82. 72);234.710676670074;0.915238392022436;61.1514884764645;0.669958836261354;0.920806794974371;792.661768968142;0.963910321934798;0.862750438478437;0.898300772596107;104.56694497535459;44.0;Alive
2;Tube 3;1102100.0;;;;;;;;;;;;;;;;;;1102100.0;1.0;210.0;False;E:\Experiments\PTT\Spheroids\03062025_mda\05062025 before laser\Analysis\2025-06-05_100303_tube3_cropped_8bits\11_0210_0_8bits.tiff;E:\Experiments\PTT\Spheroids\03062025_mda\05062025 before laser\Analysis\2025-06-05_100303_tube3_segmentationDebug\11_0210_0_segmented.tiff;3155.5;(57. 82);241.4385985136032;0.9264533176746916;63.38538777519474;0.6802438836983304;0.919057649770727;1001.6119473027994;0.9483522050034484;0.8519544407904506;0.8973690791989452;;;;;;;;;;;;;;;;;;;;
2;Tube 3;111050.0;;;;;;;;;;;;;;;;;;111050.0;0.0;1105.0;False;E:\Experiments\PTT\Spheroids\03062025_mda\05062025 before laser\Analysis\2025-06-05_100303_tube3_cropped_8bits\1_1105_0_8bits.tiff;E:\Experiments\PTT\Spheroids\03062025_mda\05062025 before laser\Analysis\2025-06-05_100303_tube3_segmentationDebug\1_1105_0_segmented.tiff;3310.5;(78. 83);280.40916109085083;0.8806863527533919;64.92348968474936;0.5290772164586941;0.8115640806648887;1068.603425513332;0.9453616370594712;0.8435279783000189;0.8906239146735262;111050.0;0.0;1105.0;False;G:\Experiments\PTT\Spheroids\03062025_mda\05062025 after laser\Analysis\2025-06-05_151344_tube3_cropped_8bits2\1_1105_0_8bits.tiff;G:\Experiments\PTT\Spheroids\03062025_mda\05062025 after laser\Analysis\2025-06-05_151344_tube3_segmentationDebug2\1_1105_0_segmented.tiff;3018.0;(78. 71);226.99494755268;0.939162906488252;61.9890066544925;0.736032036596673;0.936834756149338;984.838697336951;0.962704262816067;0.858973553122877;0.902263675051056;149.91449552358918;37.0;Alive
2;Tube 3;1202120.0;1202120.0;0.0;212.0;False;G:\Experiments\PTT\Spheroids\03062025_mda\04062025\Analysis\2025-06-04_104641_tube3_cropped_8bits2\12_0212_0_8bits.tiff;G:\Experiments\PTT\Spheroids\03062025_mda\04062025\Analysis\2025-06-04_104641_tube3_segmentationDebug2\12_0212_0_segmented.tiff;1935.5;(76. 74);181.296463251113;0.936607790950883;49.6422716929323;0.739987486751374;0.916848909458129;1022.847009241;0.953258297392511;0.907353174758029;0.879481503337195;;;;;;;;;;;;;;;;;;1202120.0;0.0;212.0;False;G:\Experiments\PTT\Spheroids\03062025_mda\05062025 after laser\Analysis\2025-06-05_151344_tube3_cropped_8bits2\12_0212_0_8bits.tiff;G:\Experiments\PTT\Spheroids\03062025_mda\05062025 after laser\Analysis\2025-06-05_151344_tube3_segmentationDebug2\12_0212_0_segmented.tiff;2964.0;(78. 72);239.681239366531;0.915521235521235;61.4319298947625;0.648365622763682;0.861480555894524;758.555866920972;0.954745957546115;0.860556227072964;0.913369736227466;16.10753445327432;47.0;Dead
2;Tube 3;1202130.0;;;;;;;;;;;;;;;;;;1202130.0;0.0;213.0;False;E:\Experiments\PTT\Spheroids\03062025_mda\05062025 before laser\Analysis\2025-06-05_100303_tube3_cropped_8bits\12_0213_0_8bits.tiff;E:\Experiments\PTT\Spheroids\03062025_mda\05062025 before laser\Analysis\2025-06-05_100303_tube3_segmentationDebug\12_0213_0_segmented.tiff;2400.0;(73. 72);210.50966668128967;0.9183087813277214;55.27906391541368;0.6805766089502165;0.7919627969920675;1274.8008999417448;0.9556213364298796;0.8861691630129819;0.8301051892389838;;;;;;;;;;;;;;;;;;;;
2;Tube 3;1302150.0;1302150.0;0.0;215.0;False;G:\Experiments\PTT\Spheroids\03062025_mda\04062025\Analysis\2025-06-04_104641_tube3_cropped_8bits2\13_0215_0_8bits.tiff;G:\Experiments\PTT\Spheroids\03062025_mda\04062025\Analysis\2025-06-04_104641_tube3_segmentationDebug2\13_0215_0_segmented.tiff;2174.0;(79. 70);205.539103984832;0.894650205761316;52.6120021502151;0.646666682518839;0.798656186541142;971.532168017991;0.956267600915385;0.896333966735517;0.890202338440198;;;;;;;;;;;;;;;;;;;;;;;;;;;;;;;;;;;;;
2;Tube 3;1402170.0;1402170.0;0.0;217.0;False;G:\Experiments\PTT\Spheroids\03062025_mda\04062025\Analysis\2025-06-04_104641_tube3_cropped_8bits2\14_0217_0_8bits.tiff;G:\Experiments\PTT\Spheroids\03062025_mda\04062025\Analysis\2025-06-04_104641_tube3_segmentationDebug2\14_0217_0_segmented.tiff;1798.5;(75. 76);178.124890208244;0.928977272727272;47.8531223767706;0.712313354900338;0.878411290821608;1127.28060031778;0.962090844309303;0.913865829304303;0.881675602242305;;;;;;;;;;;;;;;;;;1402170.0;0.0;217.0;False;G:\Experiments\PTT\Spheroids\03062025_mda\05062025 after laser\Analysis\2025-06-05_151344_tube3_cropped_8bits2\14_0217_0_8bits.tiff;G:\Experiments\PTT\Spheroids\03062025_mda\05062025 after laser\Analysis\2025-06-05_151344_tube3_segmentationDebug2\14_0217_0_segmented.tiff;2913.0;(68. 67);257.82337474823;0.854878943506969;60.9011230915615;0.550688200652183;0.881558570953308;1154.99972372832;0.956042954771103;0.862451681471051;0.872194901286734;22.356905743888944;72.0;Dead
2;Tube 3;1402180.0;;;;;;;;;;;;;;;;;;1402180.0;0.0;218.0;False;E:\Experiments\PTT\Spheroids\03062025_mda\05062025 before laser\Analysis\2025-06-05_100303_tube3_cropped_8bits\14_0218_0_8bits.tiff;E:\Experiments\PTT\Spheroids\03062025_mda\05062025 before laser\Analysis\2025-06-05_100303_tube3_segmentationDebug\14_0218_0_segmented.tiff;2267.5;(62. 65);201.43859827518463;0.9193188728968174;53.73146813262207;0.7022177102046019;0.9863683246999896;1126.240468055903;0.963080828832112;0.8923843348356202;0.8628428879706129;;;;;;;;;;;;;;;;;;;;
2;Tube 3;1502200.0;1502200.0;0.0;220.0;False;G:\Experiments\PTT\Spheroids\03062025_mda\04062025\Analysis\2025-06-04_104641_tube3_cropped_8bits2\15_0220_0_8bits.tiff;G:\Experiments\PTT\Spheroids\03062025_mda\04062025\Analysis\2025-06-04_104641_tube3_segmentationDebug2\15_0220_0_segmented.tiff;1961.0;(77. 76);186.710676670074;0.923910482921083;49.9682173709014;0.706885627932921;0.872977226561239;1054.51135184097;0.951397098328505;0.906259659686499;0.877951044388794;1502200.0;0.0;220.0;False;E:\Experiments\PTT\Spheroids\03062025_mda\05062025 before laser\Analysis\2025-06-05_100303_tube3_cropped_8bits\15_0220_0_8bits.tiff;E:\Experiments\PTT\Spheroids\03062025_mda\05062025 before laser\Analysis\2025-06-05_100303_tube3_segmentationDebug\15_0220_0_segmented.tiff;2360.5;(70. 77);203.78174436092377;0.9300630417651694;54.82227599568766;0.71430438775649;0.921086869593586;1139.6369309587203;0.957280506569397;0.8881310685023193;0.8528262208178502;1502200.0;0.0;220.0;False;G:\Experiments\PTT\Spheroids\03062025_mda\05062025 after laser\Analysis\2025-06-05_151344_tube3_cropped_8bits2\15_0220_0_8bits.tiff;G:\Experiments\PTT\Spheroids\03062025_mda\05062025 after laser\Analysis\2025-06-05_151344_tube3_segmentationDebug2\15_0220_0_segmented.tiff;2501.5;(79. 73);214.610171556472;0.920684578579315;56.4358815041903;0.682511176834478;0.972735337774431;943.412507338774;0.959764017094929;0.881522773212187;0.87309570624954;46.93189819937632;48.0;Dead
2;Tube 3;1602230.0;1602230.0;0.0;223.0;False;G:\Experiments\PTT\Spheroids\03062025_mda\04062025\Analysis\2025-06-04_104641_tube3_cropped_8bits2\16_0223_0_8bits.tiff;G:\Experiments\PTT\Spheroids\03062025_mda\04062025\Analysis\2025-06-04_104641_tube3_segmentationDebug2\16_0223_0_segmented.tiff;1828.0;(74. 75);179.053822517395;0.920674892974061;48.24398291783;0.716504399681304;0.895005174209968;1221.25195021;0.957704364732935;0.912361543701309;0.866197234971759;1602230.0;0.0;223.0;False;E:\Experiments\PTT\Spheroids\03062025_mda\05062025 before laser\Analysis\2025-06-05_100303_tube3_cropped_8bits\16_0223_0_8bits.tiff;E:\Experiments\PTT\Spheroids\03062025_mda\05062025 before laser\Analysis\2025-06-05_100303_tube3_segmentationDebug\16_0223_0_segmented.tiff;2347.0;(71. 85);198.16652011871335;0.9420028095524784;54.66528342095582;0.7510388233107002;0.9389143571500904;1204.848385343044;0.9565742440616812;0.8887959682350384;0.8384455363310624;1602230.0;0.0;223.0;False;G:\Experiments\PTT\Spheroids\03062025_mda\05062025 after laser\Analysis\2025-06-05_151344_tube3_cropped_8bits2\16_0223_0_8bits.tiff;G:\Experiments\PTT\Spheroids\03062025_mda\05062025 after laser\Analysis\2025-06-05_151344_tube3_segmentationDebug2\16_0223_0_segmented.tiff;3113.0;(64. 76);301.480228900909;0.824308221898583;62.9570861997326;0.430399057890197;0.697258392907667;1069.3867243882;0.94737934955893;0.85188876757536;0.883829206546548;23.624383864802333;69.0;Dead
2;Tube 3;1704240.0;1704240.0;0.0;424.0;False;G:\Experiments\PTT\Spheroids\03062025_mda\04062025\Analysis\2025-06-04_104641_tube3_cropped_8bits2\17_0424_0_8bits.tiff;G:\Experiments\PTT\Spheroids\03062025_mda\04062025\Analysis\2025-06-04_104641_tube3_segmentationDebug2\17_0424_0_segmented.tiff;1937.0;(75. 73);177.539103865623;0.936653771760154;49.6615041873684;0.772238479134289;0.956858545503491;1035.60641304347;0.959416310073917;0.903198823481375;0.891332980061641;;;;;;;;;;;;;;;;;;;;;;;;;;;;;;;;;;;;;
2;Tube 3;1705240.0;;;;;;;;;;;;;;;;;;1705240.0;0.0;524.0;False;E:\Experiments\PTT\Spheroids\03062025_mda\05062025 before laser\Analysis\2025-06-05_100303_tube3_cropped_8bits\17_0524_0_8bits.tiff;E:\Experiments\PTT\Spheroids\03062025_mda\05062025 before laser\Analysis\2025-06-05_100303_tube3_segmentationDebug\17_0524_0_segmented.tiff;2299.5;(79. 57);201.63960909843445;0.9296543359611886;54.10928139532539;0.7107086221907082;0.9157993000135236;1232.4252213967677;0.9566570452015378;0.8907208346856509;0.8629219219082832;1705240.0;0.0;524.0;False;G:\Experiments\PTT\Spheroids\03062025_mda\05062025 after laser\Analysis\2025-06-05_151344_tube3_cropped_8bits2\17_0524_0_8bits.tiff;G:\Experiments\PTT\Spheroids\03062025_mda\05062025 after laser\Analysis\2025-06-05_151344_tube3_segmentationDebug2\17_0524_0_segmented.tiff;2462.5;(77. 68);210.468035936355;0.921939348558592;55.9942173702815;0.698576234037148;0.907903500333012;1077.53177967193;0.957025685563245;0.883180024481214;0.869428588915464;115.76300171008953;37.0;Alive
2;Tube 3;1807240.0;1807240.0;0.0;724.0;False;G:\Experiments\PTT\Spheroids\03062025_mda\04062025\Analysis\2025-06-04_104641_tube3_cropped_8bits2\18_0724_0_8bits.tiff;G:\Experiments\PTT\Spheroids\03062025_mda\04062025\Analysis\2025-06-04_104641_tube3_segmentationDebug2\18_0724_0_segmented.tiff;2027.0;(74. 76);186.367530941963;0.932597193466758;50.8021314235748;0.733369948127938;0.922697375902008;1168.83465660175;0.960471254585758;0.903222148082957;0.90060660581646;;;;;;;;;;;;;;;;;;1807240.0;0.0;724.0;False;G:\Experiments\PTT\Spheroids\03062025_mda\05062025 after laser\Analysis\2025-06-05_151344_tube3_cropped_8bits2\18_0724_0_8bits.tiff;G:\Experiments\PTT\Spheroids\03062025_mda\05062025 after laser\Analysis\2025-06-05_151344_tube3_segmentationDebug2\18_0724_0_segmented.tiff;2692.5;(77. 71);222.752306938171;0.92573491490459;58.5508110464699;0.681900729368274;0.961950239531768;1102.04403219063;0.951005085634694;0.872799363935865;0.859193968614059;99.7082788451866;37.0;Alive
2;Tube 3;1910240.0;1910240.0;0.0;1024.0;False;G:\Experiments\PTT\Spheroids\03062025_mda\04062025\Analysis\2025-06-04_104641_tube3_cropped_8bits2\19_1024_0_8bits.tiff;G:\Experiments\PTT\Spheroids\03062025_mda\04062025\Analysis\2025-06-04_104641_tube3_segmentationDebug2\19_1024_0_segmented.tiff;2161.0;(77. 77);206.710676670074;0.890032948929159;52.4544626907252;0.635534035221859;0.857090876325889;1015.13047686547;0.948936095199743;0.896605263454059;0.88500094007641;;;;;;;;;;;;;;;;;;1910240.0;0.0;1024.0;False;G:\Experiments\PTT\Spheroids\03062025_mda\05062025 after laser\Analysis\2025-06-05_151344_tube3_cropped_8bits2\19_1024_0_8bits.tiff;G:\Experiments\PTT\Spheroids\03062025_mda\05062025 after laser\Analysis\2025-06-05_151344_tube3_segmentationDebug2\19_1024_0_segmented.tiff;2679.0;(71. 76);256.651801347732;0.821779141104294;58.403841828646;0.511085952288116;0.774327350890015;1280.43853568064;0.956988472550415;0.872304500137203;0.827325956010163;139.5634242027965;37.0;Alive
2;Tube 3;2012240.0;2012240.0;0.0;1224.0;False;G:\Experiments\PTT\Spheroids\03062025_mda\04062025\Analysis\2025-06-04_104641_tube3_cropped_8bits2\20_1224_0_8bits.tiff;G:\Experiments\PTT\Spheroids\03062025_mda\04062025\Analysis\2025-06-04_104641_tube3_segmentationDebug2\20_1224_0_segmented.tiff;433.5;(62. 72);219.781744599342;0.352152721364744;23.4936021640508;0.11277575232827;0.703398540220548;600.514403694648;0.987700453856632;0.97348155419156;0.824111852731082;2012240.0;0.0;1224.0;False;E:\Experiments\PTT\Spheroids\03062025_mda\05062025 before laser\Analysis\2025-06-05_100303_tube3_cropped_8bits\20_1224_0_8bits.tiff;E:\Experiments\PTT\Spheroids\03062025_mda\05062025 before laser\Analysis\2025-06-05_100303_tube3_segmentationDebug\20_1224_0_segmented.tiff;2157.0;(73. 65);201.8822498321533;0.9070647603027756;52.40589373337456;0.6650644549620446;0.974519071498119;972.0551339089944;0.9533723914243918;0.8969177491183307;0.8847886886942772;2012240.0;0.0;1224.0;False;G:\Experiments\PTT\Spheroids\03062025_mda\05062025 after laser\Analysis\2025-06-05_151344_tube3_cropped_8bits2\20_1224_0_8bits.tiff;G:\Experiments\PTT\Spheroids\03062025_mda\05062025 after laser\Analysis\2025-06-05_151344_tube3_segmentationDebug2\20_1224_0_segmented.tiff;2112.5;(79. 76);198.610171556472;0.892479932403886;51.8624964521862;0.672982248073003;0.974617313228391;1076.16768150495;0.960609817409501;0.899175290460008;0.863936592781684;75.13328638969922;37.0;Alive
2;Tube 3;213050.0;213050.0;0.0;1305.0;False;G:\Experiments\PTT\Spheroids\03062025_mda\04062025\Analysis\2025-06-04_104641_tube3_cropped_8bits2\2_1305_0_8bits.tiff;G:\Experiments\PTT\Spheroids\03062025_mda\04062025\Analysis\2025-06-04_104641_tube3_segmentationDebug2\2_1305_0_segmented.tiff;2509.0;(67. 65);216.509666323661;0.912031988367866;56.5204212452501;0.672598576663883;0.83854048044675;1044.92177411046;0.941563973810468;0.880788135871492;0.883089047515118;;;;;;;;;;;;;;;;;;;;;;;;;;;;;;;;;;;;;
2;Tube 3;214050.0;;;;;;;;;;;;;;;;;;;;;;;;;;;;;;;;;;;214050.0;0.0;1405.0;False;G:\Experiments\PTT\Spheroids\03062025_mda\05062025 after laser\Analysis\2025-06-05_151344_tube3_cropped_8bits2\2_1405_0_8bits.tiff;G:\Experiments\PTT\Spheroids\03062025_mda\05062025 after laser\Analysis\2025-06-05_151344_tube3_segmentationDebug2\2_1405_0_segmented.tiff;3279.5;(74. 71);240.409160852432;0.933134158486271;64.6187982475608;0.713042595169532;0.887888542833169;1384.56494269062;0.9566901978294;0.847388886443673;0.835169380550391;103.51071320792677;37.0;Alive
2;Tube 3;315040.0;315040.0;0.0;1504.0;False;G:\Experiments\PTT\Spheroids\03062025_mda\04062025\Analysis\2025-06-04_104641_tube3_cropped_8bits2\3_1504_0_8bits.tiff;G:\Experiments\PTT\Spheroids\03062025_mda\04062025\Analysis\2025-06-04_104641_tube3_segmentationDebug2\3_1504_0_segmented.tiff;2663.5;(60. 70);269.722868800163;0.829750778816199;58.2346419874124;0.460073294314532;0.778346364650378;1026.70429908413;0.938679331108764;0.855881904562596;0.884440903547349;315040.0;0.0;1504.0;False;E:\Experiments\PTT\Spheroids\03062025_mda\05062025 before laser\Analysis\2025-06-05_100303_tube3_cropped_8bits\3_1504_0_8bits.tiff;E:\Experiments\PTT\Spheroids\03062025_mda\05062025 before laser\Analysis\2025-06-05_100303_tube3_segmentationDebug\3_1504_0_segmented.tiff;3341.0;(68. 68);247.8233746290207;0.9292170769016826;65.22187760989543;0.6835996105930637;0.934709574641828;1214.8787850803549;0.9272099296742904;0.8427413258882904;0.8687695616359011;;;;;;;;;;;;;;;;;;;;
2;Tube 3;414010.0;414010.0;0.0;1401.0;False;G:\Experiments\PTT\Spheroids\03062025_mda\04062025\Analysis\2025-06-04_104641_tube3_cropped_8bits2\4_1401_0_8bits.tiff;G:\Experiments\PTT\Spheroids\03062025_mda\04062025\Analysis\2025-06-04_104641_tube3_segmentationDebug2\4_1401_0_segmented.tiff;2259.5;(74. 79);204.953317523002;0.907429718875502;53.6365989910723;0.675946470454841;0.930890628294764;1034.27441992488;0.947025061981293;0.892293482108658;0.876964606609513;414010.0;0.0;1401.0;False;E:\Experiments\PTT\Spheroids\03062025_mda\05062025 before laser\Analysis\2025-06-05_100303_tube3_cropped_8bits\4_1401_0_8bits.tiff;E:\Experiments\PTT\Spheroids\03062025_mda\05062025 before laser\Analysis\2025-06-05_100303_tube3_segmentationDebug\4_1401_0_segmented.tiff;3443.5;(72. 90);239.92387998104093;0.9532179930795848;66.21480478182755;0.751731933026645;0.9017629579851512;1226.224288421778;0.9275222557459484;0.8385205653323321;0.8637483793827903;;;;;;;;;;;;;;;;;;;;
2;Tube 3;510010.0;;;;;;;;;;;;;;;;;;510010.0;0.0;1001.0;False;E:\Experiments\PTT\Spheroids\03062025_mda\05062025 before laser\Analysis\2025-06-05_100303_tube3_cropped_8bits\5_1001_0_8bits.tiff;E:\Experiments\PTT\Spheroids\03062025_mda\05062025 before laser\Analysis\2025-06-05_100303_tube3_segmentationDebug\5_1001_0_segmented.tiff;2802.0;(69. 82);223.6812390089035;0.9270471464019852;59.72953376971836;0.7037507578888275;0.9040642786643852;1184.238483640123;0.9479323885214134;0.8676812505573134;0.8522967320031738;;;;;;;;;;;;;;;;;;;;
2;Tube 3;511010.0;511010.0;0.0;1101.0;False;G:\Experiments\PTT\Spheroids\03062025_mda\04062025\Analysis\2025-06-04_104641_tube3_cropped_8bits2\5_1101_0_8bits.tiff;G:\Experiments\PTT\Spheroids\03062025_mda\04062025\Analysis\2025-06-04_104641_tube3_segmentationDebug2\5_1101_0_segmented.tiff;2162.0;(74. 74);189.740114450454;0.943692710606722;52.4665979049282;0.754652885955831;0.858840009186316;1116.94817610652;0.949494951872432;0.89697733347148;0.870080201127706;;;;;;;;;;;;;;;;;;511010.0;0.0;1101.0;False;G:\Experiments\PTT\Spheroids\03062025_mda\05062025 after laser\Analysis\2025-06-05_151344_tube3_cropped_8bits2\5_1101_0_8bits.tiff;G:\Experiments\PTT\Spheroids\03062025_mda\05062025 after laser\Analysis\2025-06-05_151344_tube3_segmentationDebug2\5_1101_0_segmented.tiff;3015.0;(75. 72);264.509666323661;0.860322442573833;61.9581893487577;0.541519481417397;0.957522290998697;1128.42658169783;0.948721258150755;0.857346687397802;0.883073902545977;120.3400060356101;54.0;Alive
2;Tube 3;608010.0;608010.0;0.0;801.0;False;G:\Experiments\PTT\Spheroids\03062025_mda\04062025\Analysis\2025-06-04_104641_tube3_cropped_8bits2\6_0801_0_8bits.tiff;G:\Experiments\PTT\Spheroids\03062025_mda\04062025\Analysis\2025-06-04_104641_tube3_segmentationDebug2\6_0801_0_segmented.tiff;2583.0;(81. 73);203.539103627204;0.959687906371911;57.3478660810576;0.783499195794378;0.911900060075741;912.533418150975;0.945745925620622;0.877910854661587;0.89089798779612;608010.0;0.0;801.0;False;E:\Experiments\PTT\Spheroids\03062025_mda\05062025 before laser\Analysis\2025-06-05_100303_tube3_cropped_8bits\6_0801_0_8bits.tiff;E:\Experiments\PTT\Spheroids\03062025_mda\05062025 before laser\Analysis\2025-06-05_100303_tube3_segmentationDebug\6_0801_0_segmented.tiff;3141.5;(68. 84);225.9238796234131;0.9554440389294404;63.24462056005644;0.7734329206249603;0.9282351941580572;1244.0533812888689;0.9452093438191016;0.8527859754613379;0.8423951033339087;;;;;;;;;;;;;;;;;;;;
2;Tube 3;704010.0;;;;;;;;;;;;;;;;;;704010.0;0.0;401.0;False;E:\Experiments\PTT\Spheroids\03062025_mda\05062025 before laser\Analysis\2025-06-05_100303_tube3_cropped_8bits\7_0401_0_8bits.tiff;E:\Experiments\PTT\Spheroids\03062025_mda\05062025 before laser\Analysis\2025-06-05_100303_tube3_segmentationDebug\7_0401_0_segmented.tiff;2344.5;(61. 91);228.6101714372635;0.894505913773369;54.63616121792955;0.5637272159235247;0.8133472125602031;1099.1024523147548;0.9638274251535996;0.88834126181246;0.8449001774658663;;;;;;;;;;;;;;;;;;;;
2;Tube 3;705010.0;;;;;;;;;;;;;;;;;;;;;;;;;;;;;;;;;;;705010.0;0.0;501.0;False;G:\Experiments\PTT\Spheroids\03062025_mda\05062025 after laser\Analysis\2025-06-05_151344_tube3_cropped_8bits2\7_0501_0_8bits.tiff;G:\Experiments\PTT\Spheroids\03062025_mda\05062025 after laser\Analysis\2025-06-05_151344_tube3_segmentationDebug2\7_0501_0_segmented.tiff;2392.5;(78. 76);221.438598394393;0.888249489511787;55.1926227930769;0.613133665449155;0.887057599420198;1154.40320820182;0.963055683604282;0.886216663054272;0.839293131930275;138.85926969117796;50.0;Alive
2;Tube 3;706010.0;706010.0;0.0;601.0;False;G:\Experiments\PTT\Spheroids\03062025_mda\04062025\Analysis\2025-06-04_104641_tube3_cropped_8bits2\7_0601_0_8bits.tiff;G:\Experiments\PTT\Spheroids\03062025_mda\04062025\Analysis\2025-06-04_104641_tube3_segmentationDebug2\7_0601_0_segmented.tiff;2035.5;(76. 74);184.124890327453;0.941707147814018;50.9085365465206;0.754494309133476;0.820589448689403;1027.06112391721;0.958889807180479;0.902934567255718;0.895612640085394;;;;;;;;;;;;;;;;;;;;;;;;;;;;;;;;;;;;;
2;Tube 3;803010.0;803010.0;0.0;301.0;False;G:\Experiments\PTT\Spheroids\03062025_mda\04062025\Analysis\2025-06-04_104641_tube3_cropped_8bits2\8_0301_0_8bits.tiff;G:\Experiments\PTT\Spheroids\03062025_mda\04062025\Analysis\2025-06-04_104641_tube3_segmentationDebug2\8_0301_0_segmented.tiff;2175.5;(74. 76);193.781744599342;0.931492185827446;52.6301494351987;0.72801986309827;0.874684734493131;1151.68139366949;0.953749081220064;0.896623679138021;0.888756905685298;;;;;;;;;;;;;;;;;;803010.0;0.0;301.0;False;G:\Experiments\PTT\Spheroids\03062025_mda\05062025 after laser\Analysis\2025-06-05_151344_tube3_cropped_8bits2\8_0301_0_8bits.tiff;G:\Experiments\PTT\Spheroids\03062025_mda\05062025 after laser\Analysis\2025-06-05_151344_tube3_segmentationDebug2\8_0301_0_segmented.tiff;3186.0;(76. 71);266.509666204452;0.894943820224719;63.6909820110055;0.563676208734992;0.778760044583351;1163.99971073545;0.955630685403129;0.849816365105398;0.871845024396284;27.88451866009456;73.0;Dead
2;Tube 3;902040.0;902040.0;0.0;204.0;False;G:\Experiments\PTT\Spheroids\03062025_mda\04062025\Analysis\2025-06-04_104641_tube3_cropped_8bits2\9_0204_0_8bits.tiff;G:\Experiments\PTT\Spheroids\03062025_mda\04062025\Analysis\2025-06-04_104641_tube3_segmentationDebug2\9_0204_0_segmented.tiff;2266.0;(81. 72);193.195957660675;0.946532999164578;53.713692931783;0.762910687912441;0.878977850717764;1083.9833230857;0.95079559403577;0.892511417115403;0.882411180574938;902040.0;0.0;204.0;False;E:\Experiments\PTT\Spheroids\03062025_mda\05062025 before laser\Analysis\2025-06-05_100303_tube3_cropped_8bits\9_0204_0_8bits.tiff;E:\Experiments\PTT\Spheroids\03062025_mda\05062025 before laser\Analysis\2025-06-05_100303_tube3_segmentationDebug\9_0204_0_segmented.tiff;2887.0;(89. 76);226.16652023792267;0.9288931788931788;60.62872723099517;0.7092510962083302;0.8752783769847389;1131.400161567433;0.96250123008307;0.8646714359460446;0.8670364633116379;902040.0;0.0;204.0;False;G:\Experiments\PTT\Spheroids\03062025_mda\05062025 after laser\Analysis\2025-06-05_151344_tube3_cropped_8bits2\9_0204_0_8bits.tiff;G:\Experiments\PTT\Spheroids\03062025_mda\05062025 after laser\Analysis\2025-06-05_151344_tube3_segmentationDebug2\9_0204_0_segmented.tiff;2946.5;(76. 75);227.781744360923;0.92628104369695;61.2503087221783;0.713638843118232;0.951937471852852;1215.14317450549;0.9587161880092;0.861711552779806;0.868190103881586;154.5619153002716;48.0;Alive
2;Tube 4;1002050.0;;;;;;;;;;;;;;;;;;1002050.0;0.0;205.0;False;E:\Experiments\PTT\Spheroids\03062025_mda\05062025 before laser\Analysis\2025-06-05_101056_tube4_cropped_8bits\9_0205_0_8bits.tiff;E:\Experiments\PTT\Spheroids\03062025_mda\05062025 before laser\Analysis\2025-06-05_101056_tube4_segmentationDebug\9_0205_0_segmented.tiff;2480.0;(79. 66);228.3675308227539;0.8857142857142857;56.19282935520513;0.5975755673121967;0.8620834735830575;1122.7149368144508;0.9598361532962402;0.8818998314341674;0.8660345141477365;;;;;;;;;;;;;;;;;;;;
2;Tube 4;1002070.0;1002070.0;0.0;207.0;False;G:\Experiments\PTT\Spheroids\03062025_mda\04062025\Analysis\2025-06-04_110036_tube4_cropped_8bits2\10_0207_0_8bits.tiff;G:\Experiments\PTT\Spheroids\03062025_mda\04062025\Analysis\2025-06-04_110036_tube4_segmentationDebug2\10_0207_0_segmented.tiff;2046.5;(76. 76);184.811181902885;0.934474885844748;51.0459080465859;0.752948242866716;0.898204416629481;762.1680919747;0.954182300687526;0.902357795089504;0.899340196286149;;;;;;;;;;;;;;;;;;1002070.0;0.0;207.0;False;G:\Experiments\PTT\Spheroids\03062025_mda\05062025 after laser\Analysis\2025-06-05_152138_tube4_cropped_8bits2\10_0207_0_8bits.tiff;G:\Experiments\PTT\Spheroids\03062025_mda\05062025 after laser\Analysis\2025-06-05_152138_tube4_segmentationDebug2\10_0207_0_segmented.tiff;2568.5;(76. 76);229.781744360923;0.88737260321299;57.1866747647759;0.611305622245269;0.862552183320084;1205.82584032414;0.957949028190527;0.87834636686496;0.875568428647586;90.48385474298361;41.0;Alive
2;Tube 4;110050.0;110050.0;0.0;1005.0;False;G:\Experiments\PTT\Spheroids\03062025_mda\04062025\Analysis\2025-06-04_110036_tube4_cropped_8bits2\1_1005_0_8bits.tiff;G:\Experiments\PTT\Spheroids\03062025_mda\04062025\Analysis\2025-06-04_110036_tube4_segmentationDebug2\1_1005_0_segmented.tiff;2250.0;(71. 79);206.367530465126;0.902165196471531;53.5237234845831;0.663910669115442;0.967101977851362;1047.9668013264;0.955403004915011;0.892834541564265;0.865539126304747;;;;;;;;;;;;;;;;;;;;;;;;;;;;;;;;;;;;;
2;Tube 4;1102080.0;;;;;;;;;;;;;;;;;;1102080.0;0.0;208.0;False;E:\Experiments\PTT\Spheroids\03062025_mda\05062025 before laser\Analysis\2025-06-05_101056_tube4_cropped_8bits\10_0208_0_8bits.tiff;E:\Experiments\PTT\Spheroids\03062025_mda\05062025 before laser\Analysis\2025-06-05_101056_tube4_segmentationDebug\10_0208_0_segmented.tiff;3154.5;(75. 82);247.9238797426224;0.9146129312844302;63.375343343188845;0.6449167796706177;0.9196843186232944;1008.1680381366448;0.9486177283941356;0.8516387700239173;0.8980213223580411;;;;;;;;;;;;;;;;;;;;
2;Tube 4;1102100.0;1102100.0;0.0;210.0;False;G:\Experiments\PTT\Spheroids\03062025_mda\04062025\Analysis\2025-06-04_110036_tube4_cropped_8bits2\11_0210_0_8bits.tiff;G:\Experiments\PTT\Spheroids\03062025_mda\04062025\Analysis\2025-06-04_110036_tube4_segmentationDebug2\11_0210_0_segmented.tiff;1711.5;(74. 73);175.438598632812;0.936525307797537;46.681361171395;0.698773566967494;0.874093718937251;819.580597095888;0.978098070787845;0.918087107065027;0.918081499655706;;;;;;;;;;;;;;;;;;1102100.0;0.0;210.0;False;G:\Experiments\PTT\Spheroids\03062025_mda\05062025 after laser\Analysis\2025-06-05_152138_tube4_cropped_8bits2\11_0210_0_8bits.tiff;G:\Experiments\PTT\Spheroids\03062025_mda\05062025 after laser\Analysis\2025-06-05_152138_tube4_segmentationDebug2\11_0210_0_segmented.tiff;2853.5;(78. 76);218.066015720367;0.93880572462576;60.2759408130788;0.754070174437804;0.841867579262674;1035.24622154705;0.964687109338984;0.866617044011614;0.892632029917066;178.92566140227342;40.0;Alive
2;Tube 4;1202100.0;;;;;;;;;;;;;;;;;;1202100.0;0.0;210.0;False;E:\Experiments\PTT\Spheroids\03062025_mda\05062025 before laser\Analysis\2025-06-05_101056_tube4_cropped_8bits\11_0210_0_8bits.tiff;E:\Experiments\PTT\Spheroids\03062025_mda\05062025 before laser\Analysis\2025-06-05_101056_tube4_segmentationDebug\11_0210_0_segmented.tiff;3003.0;(83. 74);227.68123877048487;0.9403475810239548;61.83476653824848;0.7279653446792089;0.9443302749245288;843.3629623542852;0.9629159969894276;0.8596061110451517;0.8800925115045656;;;;;;;;;;;;;;;;;;;;
2;Tube 4;1202130.0;1202130.0;0.0;213.0;False;G:\Experiments\PTT\Spheroids\03062025_mda\04062025\Analysis\2025-06-04_110036_tube4_cropped_8bits2\12_0213_0_8bits.tiff;G:\Experiments\PTT\Spheroids\03062025_mda\04062025\Analysis\2025-06-04_110036_tube4_segmentationDebug2\12_0213_0_segmented.tiff;1777.0;(75. 73);180.710676789283;0.908951406649616;47.5662345681722;0.683800898349022;0.788059742274304;1152.9745601048;0.965158268827909;0.914420353106807;0.851394854707623;;;;;;;;;;;;;;;;;;1202130.0;0.0;213.0;False;G:\Experiments\PTT\Spheroids\03062025_mda\05062025 after laser\Analysis\2025-06-05_152138_tube4_cropped_8bits2\12_0213_0_8bits.tiff;G:\Experiments\PTT\Spheroids\03062025_mda\05062025 after laser\Analysis\2025-06-05_152138_tube4_segmentationDebug2\12_0213_0_segmented.tiff;3120.5;(73. 79);246.267025470733;0.922406148389003;63.0328803034263;0.646578890002241;0.791018658653906;1181.25799509418;0.946385284200049;0.852869864393354;0.866768643335062;90.55427019414546;42.0;Alive
2;Tube 4;1302130.0;;;;;;;;;;;;;;;;;;1302130.0;0.0;213.0;False;E:\Experiments\PTT\Spheroids\03062025_mda\05062025 before laser\Analysis\2025-06-05_101056_tube4_cropped_8bits\12_0213_0_8bits.tiff;E:\Experiments\PTT\Spheroids\03062025_mda\05062025 before laser\Analysis\2025-06-05_101056_tube4_segmentationDebug\12_0213_0_segmented.tiff;2698.5;(76. 75);225.0954520702362;0.9233532934131736;58.6160124152764;0.6692661279653367;0.9077498930239518;1080.1836517512988;0.964566557313182;0.8729951334803888;0.8724317329151057;;;;;;;;;;;;;;;;;;;;
2;Tube 4;1302150.0;1302150.0;0.0;215.0;False;G:\Experiments\PTT\Spheroids\03062025_mda\04062025\Analysis\2025-06-04_110036_tube4_cropped_8bits2\13_0215_0_8bits.tiff;G:\Experiments\PTT\Spheroids\03062025_mda\04062025\Analysis\2025-06-04_110036_tube4_segmentationDebug2\13_0215_0_segmented.tiff;1965.5;(76. 75);195.781744241714;0.905969117308135;50.025516740729;0.644374766781304;0.902953996929389;751.176633631474;0.967837580773704;0.906005278966445;0.907006308415908;;;;;;;;;;;;;;;;;;;;;;;;;;;;;;;;;;;;;
2;Tube 4;1302160.0;;;;;;;;;;;;;;;;;;;;;;;;;;;;;;;;;;;1302160.0;0.0;216.0;False;G:\Experiments\PTT\Spheroids\03062025_mda\05062025 after laser\Analysis\2025-06-05_152138_tube4_cropped_8bits2\13_0216_0_8bits.tiff;G:\Experiments\PTT\Spheroids\03062025_mda\05062025 after laser\Analysis\2025-06-05_152138_tube4_segmentationDebug2\13_0216_0_segmented.tiff;3004.5;(73. 72);272.267025470733;0.831235302254807;61.8502078586385;0.509321464284892;0.868654140571554;1234.6549831456;0.950927498959173;0.857443920395482;0.865726270496785;100.13077155215774;43.0;Alive
2;Tube 4;1402160.0;;;;;;;;;;;;;;;;;;1402160.0;0.0;216.0;False;E:\Experiments\PTT\Spheroids\03062025_mda\05062025 before laser\Analysis\2025-06-05_101056_tube4_cropped_8bits\13_0216_0_8bits.tiff;E:\Experiments\PTT\Spheroids\03062025_mda\05062025 before laser\Analysis\2025-06-05_101056_tube4_segmentationDebug\13_0216_0_segmented.tiff;2212.5;(69. 75);197.7817441225052;0.9178593652769136;53.0758183425046;0.7107563340195492;0.9385976349104944;1049.229810242549;0.9653913939327282;0.8948523982076161;0.8678116954602354;;;;;;;;;;;;;;;;;;;;
2;Tube 4;1402180.0;1402180.0;0.0;218.0;False;G:\Experiments\PTT\Spheroids\03062025_mda\04062025\Analysis\2025-06-04_110036_tube4_cropped_8bits2\14_0218_0_8bits.tiff;G:\Experiments\PTT\Spheroids\03062025_mda\04062025\Analysis\2025-06-04_110036_tube4_segmentationDebug2\14_0218_0_segmented.tiff;1754.0;(72. 77);176.225395679473;0.927306370605339;47.2574032450522;0.709745200401995;0.827836910156062;1019.98819026414;0.96193307017951;0.915728831655384;0.87877714487193;;;;;;;;;;;;;;;;;;1402180.0;0.0;218.0;False;G:\Experiments\PTT\Spheroids\03062025_mda\05062025 after laser\Analysis\2025-06-05_152138_tube4_cropped_8bits2\14_0218_0_8bits.tiff;G:\Experiments\PTT\Spheroids\03062025_mda\05062025 after laser\Analysis\2025-06-05_152138_tube4_segmentationDebug2\14_0218_0_segmented.tiff;3144.5;(78. 74);280.752306938171;0.85762989226783;63.2748113266228;0.501319728741947;0.845422795532618;916.692461590472;0.941273251891522;0.850581559278403;0.909705680930693;9.594105220802737;53.0;Dead
2;Tube 4;1502200.0;;;;;;;;;;;;;;;;;;1502200.0;0.0;220.0;False;E:\Experiments\PTT\Spheroids\03062025_mda\05062025 before laser\Analysis\2025-06-05_101056_tube4_cropped_8bits\14_0220_0_8bits.tiff;E:\Experiments\PTT\Spheroids\03062025_mda\05062025 before laser\Analysis\2025-06-05_101056_tube4_segmentationDebug\14_0220_0_segmented.tiff;2337.5;(71. 80);228.46803629398343;0.8495366163910594;54.55453634500474;0.5627436275024938;0.8441126284133045;1036.2268831148203;0.9654722488652216;0.8884591794373098;0.8494667208977136;;;;;;;;;;;;;;;;;;;;
2;Tube 4;1502210.0;1502210.0;0.0;221.0;False;G:\Experiments\PTT\Spheroids\03062025_mda\04062025\Analysis\2025-06-04_110036_tube4_cropped_8bits2\15_0221_0_8bits.tiff;G:\Experiments\PTT\Spheroids\03062025_mda\04062025\Analysis\2025-06-04_110036_tube4_segmentationDebug2\15_0221_0_segmented.tiff;1771.5;(75. 77);172.610171198844;0.93384290985767;47.4925662972463;0.747167983836101;0.820959667601502;1045.42621573828;0.96322303913778;0.914988342823265;0.874143863116847;;;;;;;;;;;;;;;;;;1502210.0;0.0;221.0;False;G:\Experiments\PTT\Spheroids\03062025_mda\05062025 after laser\Analysis\2025-06-05_152138_tube4_cropped_8bits2\15_0221_0_8bits.tiff;G:\Experiments\PTT\Spheroids\03062025_mda\05062025 after laser\Analysis\2025-06-05_152138_tube4_segmentationDebug2\15_0221_0_segmented.tiff;2410.0;(76. 80);219.053822517395;0.883431085043988;55.3941089179322;0.631139315450253;0.851886947297764;1219.91014487078;0.960113540596145;0.885245824877356;0.85441242527572;65.69761593401067;42.0;Alive
2;Tube 4;1602220.0;;;;;;;;;;;;;;;;;;1602220.0;0.0;222.0;False;E:\Experiments\PTT\Spheroids\03062025_mda\05062025 before laser\Analysis\2025-06-05_101056_tube4_cropped_8bits\15_0222_0_8bits.tiff;E:\Experiments\PTT\Spheroids\03062025_mda\05062025 before laser\Analysis\2025-06-05_101056_tube4_segmentationDebug\15_0222_0_segmented.tiff;2150.5;(73. 76);194.46803617477417;0.9291423633614172;52.32687302861664;0.7145832859480504;0.857476047725887;1010.852938417454;0.9647181945102196;0.897969401114703;0.8890194019972235;;;;;;;;;;;;;;;;;;;;
2;Tube 4;1603240.0;1603240.0;0.0;324.0;False;G:\Experiments\PTT\Spheroids\03062025_mda\04062025\Analysis\2025-06-04_110036_tube4_cropped_8bits2\16_0324_0_8bits.tiff;G:\Experiments\PTT\Spheroids\03062025_mda\04062025\Analysis\2025-06-04_110036_tube4_segmentationDebug2\16_0324_0_segmented.tiff;1954.0;(73. 72);189.882249712944;0.911380597014925;49.8789541832275;0.681029126328129;0.820250172469938;1039.12341718221;0.96947596157608;0.906710461110146;0.908676277651246;;;;;;;;;;;;;;;;;;1603240.0;0.0;324.0;False;G:\Experiments\PTT\Spheroids\03062025_mda\05062025 after laser\Analysis\2025-06-05_152138_tube4_cropped_8bits2\16_0324_0_8bits.tiff;G:\Experiments\PTT\Spheroids\03062025_mda\05062025 after laser\Analysis\2025-06-05_152138_tube4_segmentationDebug2\16_0324_0_segmented.tiff;2731.0;(79. 81);228.852811932563;0.911396629400967;58.9679336306753;0.655268148522833;0.91970454793091;883.628356362443;0.940344170641728;0.870430098498055;0.895478020213189;10.597525399859169;53.0;Dead
2;Tube 4;1703240.0;;;;;;;;;;;;;;;;;;1703240.0;0.0;324.0;False;E:\Experiments\PTT\Spheroids\03062025_mda\05062025 before laser\Analysis\2025-06-05_101056_tube4_cropped_8bits\16_0324_0_8bits.tiff;E:\Experiments\PTT\Spheroids\03062025_mda\05062025 before laser\Analysis\2025-06-05_101056_tube4_segmentationDebug\16_0324_0_segmented.tiff;2385.0;(73. 85);210.85281229019165;0.9240604416892676;55.10604607657279;0.674123476254315;0.7977494280317348;981.8757290451014;0.9540245574387524;0.8865205306770977;0.8748364811593141;;;;;;;;;;;;;;;;;;;;
2;Tube 4;1705240.0;1705240.0;0.0;524.0;False;G:\Experiments\PTT\Spheroids\03062025_mda\04062025\Analysis\2025-06-04_110036_tube4_cropped_8bits2\17_0524_0_8bits.tiff;G:\Experiments\PTT\Spheroids\03062025_mda\04062025\Analysis\2025-06-04_110036_tube4_segmentationDebug2\17_0524_0_segmented.tiff;1878.5;(74. 75);179.296463012695;0.937843235147279;48.9058328298885;0.734306916377289;0.775100962435259;915.594137022397;0.953289509465857;0.90985692217842;0.892499898209678;;;;;;;;;;;;;;;;;;1705240.0;0.0;524.0;False;G:\Experiments\PTT\Spheroids\03062025_mda\05062025 after laser\Analysis\2025-06-05_152138_tube4_cropped_8bits2\17_0524_0_8bits.tiff;G:\Experiments\PTT\Spheroids\03062025_mda\05062025 after laser\Analysis\2025-06-05_152138_tube4_segmentationDebug2\17_0524_0_segmented.tiff;2273.0;(75. 73);198.367530822753;0.933278587559022;53.7965936206282;0.725885505992006;0.806244958032817;1245.92909108704;0.957344250624945;0.892286111991494;0.850508773961754;48.76269992958455;37.0;Dead
2;Tube 4;1806240.0;;;;;;;;;;;;;;;;;;1806240.0;0.0;624.0;False;E:\Experiments\PTT\Spheroids\03062025_mda\05062025 before laser\Analysis\2025-06-05_101056_tube4_cropped_8bits\17_0624_0_8bits.tiff;E:\Experiments\PTT\Spheroids\03062025_mda\05062025 before laser\Analysis\2025-06-05_101056_tube4_segmentationDebug\17_0624_0_segmented.tiff;2509.5;(73. 72);229.2375880479813;0.8693919972284774;56.52605273246037;0.6001024549084328;0.903965825714689;1097.4922139919058;0.954491564184434;0.880494520382384;0.8486278571687955;;;;;;;;;;;;;;;;;;;;
2;Tube 4;1807240.0;;;;;;;;;;;;;;;;;;;;;;;;;;;;;;;;;;;1807240.0;0.0;724.0;False;G:\Experiments\PTT\Spheroids\03062025_mda\05062025 after laser\Analysis\2025-06-05_152138_tube4_cropped_8bits2\18_0724_0_8bits.tiff;G:\Experiments\PTT\Spheroids\03062025_mda\05062025 after laser\Analysis\2025-06-05_152138_tube4_segmentationDebug2\18_0724_0_segmented.tiff;2502.0;(80. 77);227.338093400001;0.8896;56.4415214264053;0.608348921647761;0.821425756615737;1243.60698681238;0.955923370700172;0.881449138474506;0.852423435864942;68.93672668745599;37.0;Alive
2;Tube 4;1808240.0;1808240.0;0.0;824.0;False;G:\Experiments\PTT\Spheroids\03062025_mda\04062025\Analysis\2025-06-04_110036_tube4_cropped_8bits2\18_0824_0_8bits.tiff;G:\Experiments\PTT\Spheroids\03062025_mda\04062025\Analysis\2025-06-04_110036_tube4_segmentationDebug2\18_0824_0_segmented.tiff;1707.5;(76. 76);163.296463012695;0.96143018018018;46.6267790291726;0.804668536563316;0.807473374437236;962.343395816167;0.958334887764888;0.918454686882441;0.891395926948257;;;;;;;;;;;;;;;;;;;;;;;;;;;;;;;;;;;;;
2;Tube 4;1910240.0;;;;;;;;;;;;;;;;;;;;;;;;;;;;;;;;;;;1910240.0;0.0;1024.0;False;G:\Experiments\PTT\Spheroids\03062025_mda\05062025 after laser\Analysis\2025-06-05_152138_tube4_cropped_8bits2\19_1024_0_8bits.tiff;G:\Experiments\PTT\Spheroids\03062025_mda\05062025 after laser\Analysis\2025-06-05_152138_tube4_segmentationDebug2\19_1024_0_segmented.tiff;2231.0;(72. 77);197.882249712944;0.931913116123642;53.2972553167998;0.715971534324516;0.888555391169467;1179.33849944008;0.958980197906071;0.894131206499799;0.840065310531911;49.290815813298465;37.0;Dead
2;Tube 4;1911240.0;1911240.0;0.0;1124.0;False;G:\Experiments\PTT\Spheroids\03062025_mda\04062025\Analysis\2025-06-04_110036_tube4_cropped_8bits2\19_1124_0_8bits.tiff;G:\Experiments\PTT\Spheroids\03062025_mda\04062025\Analysis\2025-06-04_110036_tube4_segmentationDebug2\19_1124_0_segmented.tiff;1868.0;(77. 76);176.225395560264;0.937045397542011;48.7689601033821;0.755874593012902;0.916557807380114;903.554166666666;0.957770653688601;0.91077384299748;0.893634400399689;;;;;;;;;;;;;;;;;;;;;;;;;;;;;;;;;;;;;
2;Tube 4;2011240.0;;;;;;;;;;;;;;;;;;2011240.0;0.0;1124.0;False;E:\Experiments\PTT\Spheroids\03062025_mda\05062025 before laser\Analysis\2025-06-05_101056_tube4_cropped_8bits\19_1124_0_8bits.tiff;E:\Experiments\PTT\Spheroids\03062025_mda\05062025 before laser\Analysis\2025-06-05_101056_tube4_segmentationDebug\19_1124_0_segmented.tiff;2189.0;(86. 80);188.36753058433533;0.9502930323420882;52.7931942907916;0.7752531450839611;0.9530308326419332;1024.4604068015085;0.959188872810981;0.8961298011072465;0.8698477231743531;;;;;;;;;;;;;;;;;;;;
2;Tube 4;2013240.0;2013240.0;0.0;1324.0;False;G:\Experiments\PTT\Spheroids\03062025_mda\04062025\Analysis\2025-06-04_110036_tube4_cropped_8bits2\20_1324_0_8bits.tiff;G:\Experiments\PTT\Spheroids\03062025_mda\04062025\Analysis\2025-06-04_110036_tube4_segmentationDebug2\20_1324_0_segmented.tiff;1575.5;(74. 81);156.468036055564;0.961550198352151;44.7882674673875;0.808680570180887;0.878585849708366;696.989100208732;0.960624224308008;0.924295969645397;0.865050012970992;;;;;;;;;;;;;;;;;;2013240.0;0.0;1324.0;False;G:\Experiments\PTT\Spheroids\03062025_mda\05062025 after laser\Analysis\2025-06-05_152138_tube4_cropped_8bits2\20_1324_0_8bits.tiff;G:\Experiments\PTT\Spheroids\03062025_mda\05062025 after laser\Analysis\2025-06-05_152138_tube4_segmentationDebug2\20_1324_0_segmented.tiff;2107.0;(78. 72);186.225395679473;0.944843049327354;51.7949391423234;0.763478107332569;0.965023352569011;1208.65420645378;0.96167027470241;0.899955663234015;0.868016112335796;51.2624484458304;37.0;Alive
2;Tube 4;213050.0;;;;;;;;;;;;;;;;;;213050.0;0.0;1305.0;False;E:\Experiments\PTT\Spheroids\03062025_mda\05062025 before laser\Analysis\2025-06-05_101056_tube4_cropped_8bits\1_1305_0_8bits.tiff;E:\Experiments\PTT\Spheroids\03062025_mda\05062025 before laser\Analysis\2025-06-05_101056_tube4_segmentationDebug\1_1305_0_segmented.tiff;3445.0;(67. 47);272.99494779109955;0.8836732076439656;66.22922490572147;0.5808846103578205;0.7712490039495355;903.4098256877974;0.9399923079748768;0.814900171549169;0.8989010980432168;;;;;;;;;;;;;;;;;;;;
2;Tube 4;215040.0;;;;;;;;;;;;;;;;;;;;;;;;;;;;;;;;;;;215040.0;0.0;1504.0;False;G:\Experiments\PTT\Spheroids\03062025_mda\05062025 after laser\Analysis\2025-06-05_152138_tube4_cropped_8bits2\2_1504_0_8bits.tiff;G:\Experiments\PTT\Spheroids\03062025_mda\05062025 after laser\Analysis\2025-06-05_152138_tube4_segmentationDebug2\2_1504_0_segmented.tiff;2984.0;(76. 65);299.137082695961;0.858952216465169;61.6388416624592;0.419052248196588;0.782694952237523;847.371191788952;0.952899027364088;0.852104037463792;0.844990168728107;61.120611608490094;37.0;Alive
2;Tube 4;315020.0;;;;;;;;;;;;;;;;;;;;;;;;;;;;;;;;;;;315020.0;0.0;1502.0;False;G:\Experiments\PTT\Spheroids\03062025_mda\05062025 after laser\Analysis\2025-06-05_152138_tube4_cropped_8bits2\3_1502_0_8bits.tiff;G:\Experiments\PTT\Spheroids\03062025_mda\05062025 after laser\Analysis\2025-06-05_152138_tube4_segmentationDebug2\3_1502_0_segmented.tiff;3224.0;(79. 76);239.965510964393;0.928170433280552;64.0696830975943;0.703569886081447;0.955414723046985;1370.57192218527;0.9497416076467;0.849327286021729;0.844555216913391;97.31415350568354;40.0;Alive
2;Tube 4;315030.0;315030.0;0.0;1503.0;False;G:\Experiments\PTT\Spheroids\03062025_mda\04062025\Analysis\2025-06-04_110036_tube4_cropped_8bits2\3_1503_0_8bits.tiff;G:\Experiments\PTT\Spheroids\03062025_mda\04062025\Analysis\2025-06-04_110036_tube4_segmentationDebug2\3_1503_0_segmented.tiff;2314.5;(75. 72);201.923880338668;0.925429828068772;54.2854762002649;0.713331959684544;0.916753228762867;892.116891693442;0.941693287273718;0.88994474804907;0.871748141682811;;;;;;;;;;;;;;;;;;;;;;;;;;;;;;;;;;;;;
2;Tube 4;315040.0;;;;;;;;;;;;;;;;;;315040.0;0.0;1504.0;False;E:\Experiments\PTT\Spheroids\03062025_mda\05062025 before laser\Analysis\2025-06-05_101056_tube4_cropped_8bits\2_1504_0_8bits.tiff;E:\Experiments\PTT\Spheroids\03062025_mda\05062025 before laser\Analysis\2025-06-05_101056_tube4_segmentationDebug\2_1504_0_segmented.tiff;3039.5;(85. 68);238.95331728458405;0.9191109767160568;62.209417263164646;0.6689380251346655;0.9800174232491112;1146.5246565130967;0.955384792451354;0.8572576395581757;0.8551507446975924;;;;;;;;;;;;;;;;;;;;
2;Tube 4;413010.0;413010.0;0.0;1301.0;False;G:\Experiments\PTT\Spheroids\03062025_mda\04062025\Analysis\2025-06-04_110036_tube4_cropped_8bits2\4_1301_0_8bits.tiff;G:\Experiments\PTT\Spheroids\03062025_mda\04062025\Analysis\2025-06-04_110036_tube4_segmentationDebug2\4_1301_0_segmented.tiff;2640.5;(80. 74);207.438598632812;0.948966756513926;57.9826613555569;0.77111099589095;0.955735296919573;883.748083762306;0.94821921278076;0.875402221977407;0.905225374354774;;;;;;;;;;;;;;;;;;413010.0;0.0;1301.0;False;G:\Experiments\PTT\Spheroids\03062025_mda\05062025 after laser\Analysis\2025-06-05_152138_tube4_cropped_8bits2\4_1301_0_8bits.tiff;G:\Experiments\PTT\Spheroids\03062025_mda\05062025 after laser\Analysis\2025-06-05_152138_tube4_segmentationDebug2\4_1301_0_segmented.tiff;4030.5;(76. 75);296.267025709152;0.889342453662842;71.6365268913497;0.577034997885442;0.913997552859766;984.757366042344;0.918498699459944;0.810686583189234;0.907883585329512;23.94125339503068;52.0;Dead
2;Tube 4;414010.0;;;;;;;;;;;;;;;;;;414010.0;0.0;1401.0;False;E:\Experiments\PTT\Spheroids\03062025_mda\05062025 before laser\Analysis\2025-06-05_101056_tube4_cropped_8bits\3_1401_0_8bits.tiff;E:\Experiments\PTT\Spheroids\03062025_mda\05062025 before laser\Analysis\2025-06-05_101056_tube4_segmentationDebug\3_1401_0_segmented.tiff;3376.5;(72. 93);246.06601524353027;0.9246884841845816;65.56747152970196;0.7007665209092969;0.9792282985353478;1010.845299343574;0.9457371820725944;0.8418905900865153;0.8721083471627368;;;;;;;;;;;;;;;;;;;;
2;Tube 4;510010.0;;;;;;;;;;;;;;;;;;;;;;;;;;;;;;;;;;;510010.0;0.0;1001.0;False;G:\Experiments\PTT\Spheroids\03062025_mda\05062025 after laser\Analysis\2025-06-05_152138_tube4_cropped_8bits2\5_1001_0_8bits.tiff;G:\Experiments\PTT\Spheroids\03062025_mda\05062025 after laser\Analysis\2025-06-05_152138_tube4_segmentationDebug2\5_1001_0_segmented.tiff;3204.5;(75. 76);240.610171198844;0.918458010891372;63.87563010338;0.695572135171782;0.98207712030543;1189.63563895915;0.941524641801824;0.830873239193878;0.864555304230046;55.346544613217986;44.0;Alive
2;Tube 4;511010.0;511010.0;0.0;1101.0;False;G:\Experiments\PTT\Spheroids\03062025_mda\04062025\Analysis\2025-06-04_110036_tube4_cropped_8bits2\5_1101_0_8bits.tiff;G:\Experiments\PTT\Spheroids\03062025_mda\04062025\Analysis\2025-06-04_110036_tube4_segmentationDebug2\5_1101_0_segmented.tiff;2399.5;(77. 78);204.468036174774;0.92877878846526;55.2733053796498;0.721239936860125;0.876915688682487;877.38945478875;0.946719355282544;0.885976083598071;0.89349359193815;;;;;;;;;;;;;;;;;;;;;;;;;;;;;;;;;;;;;
2;Tube 4;512010.0;;;;;;;;;;;;;;;;;;512010.0;0.0;1201.0;False;E:\Experiments\PTT\Spheroids\03062025_mda\05062025 before laser\Analysis\2025-06-05_101056_tube4_cropped_8bits\4_1201_0_8bits.tiff;E:\Experiments\PTT\Spheroids\03062025_mda\05062025 before laser\Analysis\2025-06-05_101056_tube4_segmentationDebug\4_1201_0_segmented.tiff;3258.5;(77. 64);253.9238797426224;0.905390386218394;64.41157548546323;0.6350683936459425;0.98017869610639;1061.4225397669215;0.9538517371406058;0.8387638201647649;0.8767067416448595;;;;;;;;;;;;;;;;;;;;
2;Tube 4;608010.0;608010.0;0.0;801.0;False;G:\Experiments\PTT\Spheroids\03062025_mda\04062025\Analysis\2025-06-04_110036_tube4_cropped_8bits2\6_0801_0_8bits.tiff;G:\Experiments\PTT\Spheroids\03062025_mda\04062025\Analysis\2025-06-04_110036_tube4_segmentationDebug2\6_0801_0_segmented.tiff;2132.5;(77. 77);192.953317165374;0.920371169615882;52.1074210563882;0.719771100842084;0.84716212802826;1011.6890325533;0.953372157885732;0.898342135690006;0.892659832653478;;;;;;;;;;;;;;;;;;608010.0;0.0;801.0;False;G:\Experiments\PTT\Spheroids\03062025_mda\05062025 after laser\Analysis\2025-06-05_152138_tube4_cropped_8bits2\6_0801_0_8bits.tiff;G:\Experiments\PTT\Spheroids\03062025_mda\05062025 after laser\Analysis\2025-06-05_152138_tube4_segmentationDebug2\6_0801_0_segmented.tiff;2143.5;(75. 72);191.781744360923;0.934597776324395;52.2416401363875;0.732350231119699;0.952633277141084;1210.39206052944;0.965261314105291;0.898245070243604;0.868749353444504;4.971330852026958;58.0;Dead
2;Tube 4;609010.0;;;;;;;;;;;;;;;;;;609010.0;0.0;901.0;False;E:\Experiments\PTT\Spheroids\03062025_mda\05062025 before laser\Analysis\2025-06-05_101056_tube4_cropped_8bits\5_0901_0_8bits.tiff;E:\Experiments\PTT\Spheroids\03062025_mda\05062025 before laser\Analysis\2025-06-05_101056_tube4_segmentationDebug\5_0901_0_segmented.tiff;2345.0;(76. 76);197.8822499513626;0.9449929478138224;54.641986900221305;0.752556362144874;0.9690460564648103;1047.650832284985;0.9600704033932924;0.8889358045188925;0.8746694343770883;;;;;;;;;;;;;;;;;;;;
2;Tube 4;705010.0;705010.0;0.0;501.0;False;G:\Experiments\PTT\Spheroids\03062025_mda\04062025\Analysis\2025-06-04_110036_tube4_cropped_8bits2\7_0501_0_8bits.tiff;G:\Experiments\PTT\Spheroids\03062025_mda\04062025\Analysis\2025-06-04_110036_tube4_segmentationDebug2\7_0501_0_segmented.tiff;2063.0;(77. 74);195.882249712944;0.910414827890556;51.2512749186655;0.675645557402531;0.944125170172925;1059.69606741604;0.954750229772801;0.901478836805953;0.875347351908159;;;;;;;;;;;;;;;;;;705010.0;0.0;501.0;False;G:\Experiments\PTT\Spheroids\03062025_mda\05062025 after laser\Analysis\2025-06-05_152138_tube4_cropped_8bits2\7_0501_0_8bits.tiff;G:\Experiments\PTT\Spheroids\03062025_mda\05062025 after laser\Analysis\2025-06-05_152138_tube4_segmentationDebug2\7_0501_0_segmented.tiff;3004.5;(69. 75);233.923879623413;0.926171393341553;61.8502078586385;0.689974366128522;0.938679340424547;1337.28586077262;0.952556941648138;0.858916179168671;0.847708422248305;74.99245548737552;42.0;Alive
2;Tube 4;706010.0;;;;;;;;;;;;;;;;;;706010.0;0.0;601.0;False;E:\Experiments\PTT\Spheroids\03062025_mda\05062025 before laser\Analysis\2025-06-05_101056_tube4_cropped_8bits\6_0601_0_8bits.tiff;E:\Experiments\PTT\Spheroids\03062025_mda\05062025 before laser\Analysis\2025-06-05_101056_tube4_segmentationDebug\6_0601_0_segmented.tiff;2909.5;(73. 75);232.4091612100601;0.9124980398306414;60.86452542661412;0.6768956747001518;0.9444749716737452;1192.4175871244802;0.9576656185449076;0.8634865561351595;0.8531790392667455;;;;;;;;;;;;;;;;;;;;
2;Tube 4;802020.0;802020.0;0.0;202.0;False;G:\Experiments\PTT\Spheroids\03062025_mda\04062025\Analysis\2025-06-04_110036_tube4_cropped_8bits2\8_0202_0_8bits.tiff;G:\Experiments\PTT\Spheroids\03062025_mda\04062025\Analysis\2025-06-04_110036_tube4_segmentationDebug2\8_0202_0_segmented.tiff;2192.0;(79. 76);198.166520118713;0.926262412845975;52.8293581454429;0.701438901021327;0.881433264049008;899.010577411069;0.960326667334356;0.895723629465844;0.915273070612438;;;;;;;;;;;;;;;;;;;;;;;;;;;;;;;;;;;;;
2;Tube 4;803010.0;;;;;;;;;;;;;;;;;;803010.0;0.0;301.0;False;E:\Experiments\PTT\Spheroids\03062025_mda\05062025 before laser\Analysis\2025-06-05_101056_tube4_cropped_8bits\7_0301_0_8bits.tiff;E:\Experiments\PTT\Spheroids\03062025_mda\05062025 before laser\Analysis\2025-06-05_101056_tube4_segmentationDebug\7_0301_0_segmented.tiff;2800.5;(69. 82);219.78174424171448;0.9288557213930348;59.713544066910174;0.7285547760626314;0.915299559335037;1232.951884820196;0.9597213871285722;0.8684467086124763;0.8534265203629049;803010.0;0.0;301.0;False;G:\Experiments\PTT\Spheroids\03062025_mda\05062025 after laser\Analysis\2025-06-05_152138_tube4_cropped_8bits2\8_0301_0_8bits.tiff;G:\Experiments\PTT\Spheroids\03062025_mda\05062025 after laser\Analysis\2025-06-05_152138_tube4_segmentationDebug2\8_0301_0_segmented.tiff;3317.5;(77. 74);251.237588047981;0.906049433292366;64.9920932857136;0.660467671626264;0.984196720523315;892.037851588603;0.954855602786119;0.845042348776391;0.875970740131072;9.97082788451866;56.0;Dead
2;Tube 4;902030.0;;;;;;;;;;;;;;;;;;902030.0;0.0;203.0;False;E:\Experiments\PTT\Spheroids\03062025_mda\05062025 before laser\Analysis\2025-06-05_101056_tube4_cropped_8bits\8_0203_0_8bits.tiff;E:\Experiments\PTT\Spheroids\03062025_mda\05062025 before laser\Analysis\2025-06-05_101056_tube4_segmentationDebug\8_0203_0_segmented.tiff;3061.5;(87. 74);230.6101714372635;0.9350946854001222;62.43414823801716;0.7234145017676636;0.8709910923055526;1123.634525599752;0.9597776967589836;0.8569931975577931;0.8722786510898602;;;;;;;;;;;;;;;;;;;;
2;Tube 4;902040.0;;;;;;;;;;;;;;;;;;;;;;;;;;;;;;;;;;;902040.0;0.0;204.0;False;G:\Experiments\PTT\Spheroids\03062025_mda\05062025 after laser\Analysis\2025-06-05_152138_tube4_cropped_8bits2\9_0204_0_8bits.tiff;G:\Experiments\PTT\Spheroids\03062025_mda\05062025 after laser\Analysis\2025-06-05_152138_tube4_segmentationDebug2\9_0204_0_segmented.tiff;3103.0;(72. 70);235.053822755813;0.933794763767679;62.8558852241634;0.705759938031483;0.876771353503567;1279.67156797768;0.955022651793279;0.85451279713943;0.876282467130378;100.83492606377628;41.0;Alive
2;Tube 4;902050.0;902050.0;0.0;205.0;False;G:\Experiments\PTT\Spheroids\03062025_mda\04062025\Analysis\2025-06-04_110036_tube4_cropped_8bits2\9_0205_0_8bits.tiff;G:\Experiments\PTT\Spheroids\03062025_mda\04062025\Analysis\2025-06-04_110036_tube4_segmentationDebug2\9_0205_0_segmented.tiff;1888.5;(76. 69);183.781744241714;0.914749333979171;49.0358326148578;0.702622600456493;0.857401385396002;933.180997290391;0.975560898126709;0.910162574541522;0.898029604409136;;;;;;;;;;;;;;;;;;;;;;;;;;;;;;;;;;;;;
2;Tube 8;1002050.0;;;;;;;;;;;;;;;;;;;;;;;;;;;;;;;;;;;1002050.0;0.0;205.0;False;G:\Experiments\PTT\Spheroids\03062025_mda\05062025 after laser\Analysis\2025-06-05_155402_tube8_cropped_8bits2\10_0205_0_8bits.tiff;G:\Experiments\PTT\Spheroids\03062025_mda\05062025 after laser\Analysis\2025-06-05_155402_tube8_segmentationDebug2\10_0205_0_segmented.tiff;3231.5;(72. 75);251.580734252929;0.911822799097065;64.1441625466548;0.641592478026026;0.934111045729275;1175.35292619366;0.949053600936111;0.848313281063547;0.859017072269956;91.39925560808771;44.0;Alive
2;Tube 8;1002060.0;1002060.0;0.0;206.0;False;G:\Experiments\PTT\Spheroids\03062025_mda\04062025\Analysis\2025-06-04_113544_tube8_cropped_8bits2\10_0206_0_8bits.tiff;G:\Experiments\PTT\Spheroids\03062025_mda\04062025\Analysis\2025-06-04_113544_tube8_segmentationDebug2\10_0206_0_segmented.tiff;2489.0;(75. 74);201.539103984832;0.952362731968624;56.2946998113127;0.770045015109388;0.901106850465031;895.484875036971;0.954285363841779;0.882363348428588;0.912113899390142;1002060.0;0.0;206.0;False;E:\Experiments\PTT\Spheroids\03062025_mda\05062025 before laser\Analysis\2025-06-05_101842_tube8_cropped_8bits\9_0206_0_8bits.tiff;E:\Experiments\PTT\Spheroids\03062025_mda\05062025 before laser\Analysis\2025-06-05_101842_tube8_segmentationDebug\9_0206_0_segmented.tiff;2985.5;(65. 68);223.9238792657852;0.9415011037527594;61.65433205223156;0.7482145011797897;0.9346346878085862;1227.86357974671;0.952481185099582;0.8601695108907486;0.8592702571354219;;;;;;;;;;;;;;;;;;;;
2;Tube 8;109050.0;109050.0;0.0;905.0;False;G:\Experiments\PTT\Spheroids\03062025_mda\04062025\Analysis\2025-06-04_113544_tube8_cropped_8bits2\1_0905_0_8bits.tiff;G:\Experiments\PTT\Spheroids\03062025_mda\04062025\Analysis\2025-06-04_113544_tube8_segmentationDebug2\1_0905_0_segmented.tiff;2928.0;(74. 78);228.509666442871;0.934269304403318;61.0577217637913;0.704647286187453;0.80259230975099;855.673967165691;0.936704636420062;0.861726059180074;0.888068561756358;;;;;;;;;;;;;;;;;;;;;;;;;;;;;;;;;;;;;
2;Tube 8;1102090.0;1102090.0;0.0;209.0;False;G:\Experiments\PTT\Spheroids\03062025_mda\04062025\Analysis\2025-06-04_113544_tube8_cropped_8bits2\11_0209_0_8bits.tiff;G:\Experiments\PTT\Spheroids\03062025_mda\04062025\Analysis\2025-06-04_113544_tube8_segmentationDebug2\11_0209_0_segmented.tiff;2275.5;(74. 75);190.124890089035;0.9609375;53.8261700666586;0.791058774020347;0.881793822037964;995.278873367529;0.954223326135209;0.891990341688199;0.88601702568633;1102090.0;0.0;209.0;False;E:\Experiments\PTT\Spheroids\03062025_mda\05062025 before laser\Analysis\2025-06-05_101842_tube8_cropped_8bits\10_0209_0_8bits.tiff;E:\Experiments\PTT\Spheroids\03062025_mda\05062025 before laser\Analysis\2025-06-05_101842_tube8_segmentationDebug\10_0209_0_segmented.tiff;3283.0;(88. 77);244.02438497543332;0.922709387296234;64.65327080175867;0.6928102318708212;0.9298851833541012;1153.4369925416088;0.9451453263217968;0.8458745078421984;0.8721448487593979;;;;;;;;;;;;;;;;;;;;
2;Tube 8;1202120.0;1202120.0;0.0;212.0;False;G:\Experiments\PTT\Spheroids\03062025_mda\04062025\Analysis\2025-06-04_113544_tube8_cropped_8bits2\12_0212_0_8bits.tiff;G:\Experiments\PTT\Spheroids\03062025_mda\04062025\Analysis\2025-06-04_113544_tube8_segmentationDebug2\12_0212_0_segmented.tiff;2166.5;(68. 80);184.267025709152;0.956301037298609;52.5211716707532;0.801813392070643;0.934013532527376;874.891909023117;0.956623458002391;0.897209032927428;0.901151735030428;1202120.0;0.0;212.0;False;E:\Experiments\PTT\Spheroids\03062025_mda\05062025 before laser\Analysis\2025-06-05_101842_tube8_cropped_8bits\11_0212_0_8bits.tiff;E:\Experiments\PTT\Spheroids\03062025_mda\05062025 before laser\Analysis\2025-06-05_101842_tube8_segmentationDebug\11_0212_0_segmented.tiff;3574.0;(80. 72);262.9949473142624;0.9173511293634496;67.45782484548009;0.6493361810660274;0.7334656959659522;1058.5034609083868;0.9272389510630794;0.8319316626551838;0.8822626886580902;1202120.0;0.0;212.0;False;G:\Experiments\PTT\Spheroids\03062025_mda\05062025 after laser\Analysis\2025-06-05_155402_tube8_cropped_8bits2\12_0212_0_8bits.tiff;G:\Experiments\PTT\Spheroids\03062025_mda\05062025 after laser\Analysis\2025-06-05_155402_tube8_segmentationDebug2\12_0212_0_segmented.tiff;3492.0;(74. 79);252.367530941963;0.929341317365269;66.6794757793969;0.688996699467049;0.728336541535227;1014.06205749459;0.933129694108454;0.836461768532882;0.882332019671582;41.193038929685144;43.0;Dead
2;Tube 8;1302140.0;1302140.0;0.0;214.0;False;G:\Experiments\PTT\Spheroids\03062025_mda\04062025\Analysis\2025-06-04_113544_tube8_cropped_8bits2\13_0214_0_8bits.tiff;G:\Experiments\PTT\Spheroids\03062025_mda\04062025\Analysis\2025-06-04_113544_tube8_segmentationDebug2\13_0214_0_segmented.tiff;2075.5;(73. 81);193.296463131904;0.927805096110862;51.4063096817679;0.698047195601028;0.91095082471632;887.756807734322;0.966892306379081;0.901010233330199;0.894290745863313;1302140.0;0.0;214.0;False;E:\Experiments\PTT\Spheroids\03062025_mda\05062025 before laser\Analysis\2025-06-05_101842_tube8_cropped_8bits\12_0214_0_8bits.tiff;E:\Experiments\PTT\Spheroids\03062025_mda\05062025 before laser\Analysis\2025-06-05_101842_tube8_segmentationDebug\12_0214_0_segmented.tiff;2819.0;(73. 84);237.53910386562347;0.907744324585413;59.9104521482556;0.6278193723886036;0.9253553738907824;1158.1158711896246;0.9586530557281446;0.8670619531447651;0.8782122058461429;;;;;;;;;;;;;;;;;;;;
2;Tube 8;1302150.0;;;;;;;;;;;;;;;;;;;;;;;;;;;;;;;;;;;1302150.0;0.0;215.0;False;G:\Experiments\PTT\Spheroids\03062025_mda\05062025 after laser\Analysis\2025-06-05_155402_tube8_cropped_8bits2\13_0215_0_8bits.tiff;G:\Experiments\PTT\Spheroids\03062025_mda\05062025 after laser\Analysis\2025-06-05_155402_tube8_segmentationDebug2\13_0215_0_segmented.tiff;2953.5;(74. 69);236.124890208244;0.911574074074074;61.3230217404141;0.665676615964053;0.911461302452233;1270.74644253657;0.945919966050419;0.860711184820558;0.871107140279009;113.65053817523388;41.0;Alive
2;Tube 8;1402170.0;1402170.0;0.0;217.0;False;G:\Experiments\PTT\Spheroids\03062025_mda\04062025\Analysis\2025-06-04_113544_tube8_cropped_8bits2\14_0217_0_8bits.tiff;G:\Experiments\PTT\Spheroids\03062025_mda\04062025\Analysis\2025-06-04_113544_tube8_segmentationDebug2\14_0217_0_segmented.tiff;1732.5;(41. 83);168.468035936355;0.950095969289827;46.966876745784;0.767093109838523;0.852907405799144;826.647214498026;0.961686754701869;0.916939017705044;0.892376652800967;1402170.0;0.0;217.0;False;E:\Experiments\PTT\Spheroids\03062025_mda\05062025 before laser\Analysis\2025-06-05_101842_tube8_cropped_8bits\13_0217_0_8bits.tiff;E:\Experiments\PTT\Spheroids\03062025_mda\05062025 before laser\Analysis\2025-06-05_101842_tube8_segmentationDebug\13_0217_0_segmented.tiff;3204.0;(68. 80);260.308655500412;0.8755294439131028;63.87064663310887;0.5941897466795262;0.7145150378591618;1010.6876981943024;0.9346795601403096;0.8490205605851033;0.8768560249885204;1402170.0;0.0;217.0;False;G:\Experiments\PTT\Spheroids\03062025_mda\05062025 after laser\Analysis\2025-06-05_155402_tube8_cropped_8bits2\14_0217_0_8bits.tiff;G:\Experiments\PTT\Spheroids\03062025_mda\05062025 after laser\Analysis\2025-06-05_155402_tube8_segmentationDebug2\14_0217_0_segmented.tiff;3142.0;(67. 72);270.509666204452;0.873627137494786;63.2496533552388;0.539573320662652;0.725259485508216;1120.88035407222;0.939470992873282;0.851507996382798;0.874319418796667;63.30349059450759;40.0;Alive
2;Tube 8;1402170.0;1402170.0;1.0;217.0;False;G:\Experiments\PTT\Spheroids\03062025_mda\04062025\Analysis\2025-06-04_113544_tube8_cropped_8bits2\14_0217_0_8bits.tiff;G:\Experiments\PTT\Spheroids\03062025_mda\04062025\Analysis\2025-06-04_113544_tube8_segmentationDebug2\14_0217_0_segmented.tiff;899.5;(120. 76);137.154327511787;0.873725109276347;33.8419705467822;0.600885883805206;0.901889290939764;687.964288559042;0.978080761023435;0.955338202356758;0.899708183071125;1402170.0;0.0;217.0;False;E:\Experiments\PTT\Spheroids\03062025_mda\05062025 before laser\Analysis\2025-06-05_101842_tube8_cropped_8bits\13_0217_0_8bits.tiff;E:\Experiments\PTT\Spheroids\03062025_mda\05062025 before laser\Analysis\2025-06-05_101842_tube8_segmentationDebug\13_0217_0_segmented.tiff;3204.0;(68. 80);260.308655500412;0.8755294439131028;63.87064663310887;0.5941897466795262;0.7145150378591618;1010.6876981943024;0.9346795601403096;0.8490205605851033;0.8768560249885204;1402170.0;0.0;217.0;False;G:\Experiments\PTT\Spheroids\03062025_mda\05062025 after laser\Analysis\2025-06-05_155402_tube8_cropped_8bits2\14_0217_0_8bits.tiff;G:\Experiments\PTT\Spheroids\03062025_mda\05062025 after laser\Analysis\2025-06-05_155402_tube8_segmentationDebug2\14_0217_0_segmented.tiff;3142.0;(67. 72);270.509666204452;0.873627137494786;63.2496533552388;0.539573320662652;0.725259485508216;1120.88035407222;0.939470992873282;0.851507996382798;0.874319418796667;63.30349059450759;40.0;Alive
2;Tube 8;1502200.0;1502200.0;0.0;220.0;False;G:\Experiments\PTT\Spheroids\03062025_mda\04062025\Analysis\2025-06-04_113544_tube8_cropped_8bits2\15_0220_0_8bits.tiff;G:\Experiments\PTT\Spheroids\03062025_mda\04062025\Analysis\2025-06-04_113544_tube8_segmentationDebug2\15_0220_0_segmented.tiff;1907.5;(77. 73);176.468036174774;0.940813810110974;49.2818874596166;0.769736897949721;0.961206190393812;935.389741173783;0.957394500434636;0.908979377406696;0.892782738810318;1502200.0;0.0;220.0;False;E:\Experiments\PTT\Spheroids\03062025_mda\05062025 before laser\Analysis\2025-06-05_101842_tube8_cropped_8bits\14_0220_0_8bits.tiff;E:\Experiments\PTT\Spheroids\03062025_mda\05062025 before laser\Analysis\2025-06-05_101842_tube8_segmentationDebug\14_0220_0_segmented.tiff;2582.5;(72. 87);237.09545254707336;0.8781026861611697;57.342315302737454;0.5773029084726935;0.9130175788012996;1057.3996305457174;0.9550119060934564;0.877101845741789;0.8681763315368152;;;;;;;;;;;;;;;;;;;;
2;Tube 8;1602220.0;;;;;;;;;;;;;;;;;;1602220.0;0.0;222.0;False;E:\Experiments\PTT\Spheroids\03062025_mda\05062025 before laser\Analysis\2025-06-05_101842_tube8_cropped_8bits\15_0222_0_8bits.tiff;E:\Experiments\PTT\Spheroids\03062025_mda\05062025 before laser\Analysis\2025-06-05_101842_tube8_segmentationDebug\15_0222_0_segmented.tiff;2898.5;(77. 75);222.61017167568207;0.9383295564907738;60.74936065848652;0.73500985068656;0.9356539059405526;1219.8092938829914;0.9549230641191162;0.8639621798835277;0.8587281050265172;;;;;;;;;;;;;;;;;;;;
2;Tube 8;1602230.0;1602230.0;0.0;223.0;False;G:\Experiments\PTT\Spheroids\03062025_mda\04062025\Analysis\2025-06-04_113544_tube8_cropped_8bits2\16_0223_0_8bits.tiff;G:\Experiments\PTT\Spheroids\03062025_mda\04062025\Analysis\2025-06-04_113544_tube8_segmentationDebug2\16_0223_0_segmented.tiff;2147.5;(67. 73);194.124890089035;0.927645788336933;52.2903616579457;0.716111405582146;0.963884266885571;1061.59895565393;0.953638317518758;0.897700109468437;0.872162886218571;;;;;;;;;;;;;;;;;;1602230.0;0.0;223.0;False;G:\Experiments\PTT\Spheroids\03062025_mda\05062025 after laser\Analysis\2025-06-05_155402_tube8_cropped_8bits2\16_0223_0_8bits.tiff;G:\Experiments\PTT\Spheroids\03062025_mda\05062025 after laser\Analysis\2025-06-05_155402_tube8_segmentationDebug2\16_0223_0_segmented.tiff;2829.0;(77. 74);228.710676908493;0.92420777523685;60.016619965271;0.679625918500509;0.95019702242713;1194.79525654693;0.95433985563541;0.866858804072392;0.84648222334162;111.32682828689266;40.0;Alive
2;Tube 8;1703240.0;;;;;;;;;;;;;;;;;;1703240.0;0.0;324.0;False;E:\Experiments\PTT\Spheroids\03062025_mda\05062025 before laser\Analysis\2025-06-05_101842_tube8_cropped_8bits\16_0324_0_8bits.tiff;E:\Experiments\PTT\Spheroids\03062025_mda\05062025 before laser\Analysis\2025-06-05_101842_tube8_segmentationDebug\16_0324_0_segmented.tiff;3037.0;(59. 80);244.1665198802948;0.8966637142013582;62.18382826234397;0.6401510018386276;0.8998178666242043;1226.3887173129087;0.9442950091531838;0.8566721503880317;0.8600841143355624;;;;;;;;;;;;;;;;;;;;
2;Tube 8;1704240.0;1704240.0;0.0;424.0;False;G:\Experiments\PTT\Spheroids\03062025_mda\04062025\Analysis\2025-06-04_113544_tube8_cropped_8bits2\17_0424_0_8bits.tiff;G:\Experiments\PTT\Spheroids\03062025_mda\04062025\Analysis\2025-06-04_113544_tube8_segmentationDebug2\17_0424_0_segmented.tiff;2201.0;(75. 67);188.367530345916;0.956748532927624;52.937701479778;0.779503050091018;0.823043042963667;951.305487017322;0.948201475320822;0.895347710883784;0.892758778803719;;;;;;;;;;;;;;;;;;1704240.0;0.0;424.0;False;G:\Experiments\PTT\Spheroids\03062025_mda\05062025 after laser\Analysis\2025-06-05_155402_tube8_cropped_8bits2\17_0424_0_8bits.tiff;G:\Experiments\PTT\Spheroids\03062025_mda\05062025 after laser\Analysis\2025-06-05_155402_tube8_segmentationDebug2\17_0424_0_segmented.tiff;3213.5;(92. 79);251.438598513603;0.908024865781294;63.965266176312;0.638740234850485;0.929357477917034;1256.10476254013;0.942245196832168;0.848624375669876;0.877403351846978;80.4848606780002;37.0;Alive
2;Tube 8;1806240.0;;;;;;;;;;;;;;;;;;1806240.0;0.0;624.0;False;E:\Experiments\PTT\Spheroids\03062025_mda\05062025 before laser\Analysis\2025-06-05_101842_tube8_cropped_8bits\17_0624_0_8bits.tiff;E:\Experiments\PTT\Spheroids\03062025_mda\05062025 before laser\Analysis\2025-06-05_101842_tube8_segmentationDebug\17_0624_0_segmented.tiff;3117.5;(69. 72);253.92387998104093;0.8908415487926846;63.00257360387645;0.6075880661265494;0.957207650684515;864.337227793709;0.9409776798998548;0.852710766583331;0.9004062851593543;;;;;;;;;;;;;;;;;;;;
2;Tube 8;1807240.0;1807240.0;0.0;724.0;False;G:\Experiments\PTT\Spheroids\03062025_mda\04062025\Analysis\2025-06-04_113544_tube8_cropped_8bits2\18_0724_0_8bits.tiff;G:\Experiments\PTT\Spheroids\03062025_mda\04062025\Analysis\2025-06-04_113544_tube8_segmentationDebug2\18_0724_0_segmented.tiff;2141.5;(75. 71);186.267025470733;0.941732629727352;52.2172623281836;0.775632474763205;0.875112862733535;843.249107619812;0.959310254891167;0.898312790405036;0.92237951904957;;;;;;;;;;;;;;;;;;;;;;;;;;;;;;;;;;;;;
2;Tube 8;1909240.0;;;;;;;;;;;;;;;;;;1909240.0;0.0;924.0;False;E:\Experiments\PTT\Spheroids\03062025_mda\05062025 before laser\Analysis\2025-06-05_101842_tube8_cropped_8bits\18_0924_0_8bits.tiff;E:\Experiments\PTT\Spheroids\03062025_mda\05062025 before laser\Analysis\2025-06-05_101842_tube8_segmentationDebug\18_0924_0_segmented.tiff;3544.5;(85. 41);261.9238796234131;0.9082639333760408;67.17884761079029;0.6492540313264258;0.8954596075905182;1111.9030920751156;0.9068186415030436;0.7774690595907441;0.8745501360488395;;;;;;;;;;;;;;;;;;;;
2;Tube 8;1910240.0;1910240.0;0.0;1024.0;False;G:\Experiments\PTT\Spheroids\03062025_mda\04062025\Analysis\2025-06-04_113544_tube8_cropped_8bits2\19_1024_0_8bits.tiff;G:\Experiments\PTT\Spheroids\03062025_mda\04062025\Analysis\2025-06-04_113544_tube8_segmentationDebug2\19_1024_0_segmented.tiff;2007.0;(75. 73);184.710676789283;0.935010482180293;50.5508829426694;0.739219198103432;0.799629462598881;969.627475032188;0.953950535102194;0.904085325958875;0.880466119265203;;;;;;;;;;;;;;;;;;;;;;;;;;;;;;;;;;;;;
2;Tube 8;2011240.0;;;;;;;;;;;;;;;;;;2011240.0;0.0;1124.0;False;E:\Experiments\PTT\Spheroids\03062025_mda\05062025 before laser\Analysis\2025-06-05_101842_tube8_cropped_8bits\19_1124_0_8bits.tiff;E:\Experiments\PTT\Spheroids\03062025_mda\05062025 before laser\Analysis\2025-06-05_101842_tube8_segmentationDebug\19_1124_0_segmented.tiff;2535.0;(74. 94);207.53910386562347;0.9371534195933456;56.812518390788114;0.7395847598878026;0.8798226018806822;865.1023200139687;0.9671480698456169;0.879779712139299;0.8967183325652395;;;;;;;;;;;;;;;;;;;;
2;Tube 8;2012240.0;;;;;;;;;;;;;;;;;;;;;;;;;;;;;;;;;;;2012240.0;0.0;1224.0;False;G:\Experiments\PTT\Spheroids\03062025_mda\05062025 after laser\Analysis\2025-06-05_155402_tube8_cropped_8bits2\20_1224_0_8bits.tiff;G:\Experiments\PTT\Spheroids\03062025_mda\05062025 after laser\Analysis\2025-06-05_155402_tube8_segmentationDebug2\20_1224_0_segmented.tiff;2592.0;(68. 90);208.509665966033;0.933213321332133;57.4476883778063;0.749190869874722;0.96024440704509;1287.16512784884;0.959817965324795;0.878280872678669;0.822257367510673;128.649029272709;37.0;Alive
2;Tube 8;212050.0;212050.0;0.0;1205.0;False;G:\Experiments\PTT\Spheroids\03062025_mda\04062025\Analysis\2025-06-04_113544_tube8_cropped_8bits2\2_1205_0_8bits.tiff;G:\Experiments\PTT\Spheroids\03062025_mda\04062025\Analysis\2025-06-04_113544_tube8_segmentationDebug2\2_1205_0_segmented.tiff;1948.0;(70. 73);186.367530822753;0.92519591545951;49.8023155399836;0.704787696487827;0.84128240958846;911.638459277095;0.960024201398861;0.899768369932467;0.867729321199993;212050.0;0.0;1205.0;False;E:\Experiments\PTT\Spheroids\03062025_mda\05062025 before laser\Analysis\2025-06-05_101842_tube8_cropped_8bits\1_1205_0_8bits.tiff;E:\Experiments\PTT\Spheroids\03062025_mda\05062025 before laser\Analysis\2025-06-05_101842_tube8_segmentationDebug\1_1205_0_segmented.tiff;2974.0;(79. 78);226.16652071475983;0.9347791922049348;61.5354727457454;0.7306244375577603;0.9791400614036054;1292.2013148734763;0.9582722647115228;0.8602880449139184;0.8577549955286672;212050.0;0.0;1205.0;False;G:\Experiments\PTT\Spheroids\03062025_mda\05062025 after laser\Analysis\2025-06-05_155402_tube8_cropped_8bits2\2_1205_0_8bits.tiff;G:\Experiments\PTT\Spheroids\03062025_mda\05062025 after laser\Analysis\2025-06-05_155402_tube8_segmentationDebug2\2_1205_0_segmented.tiff;3105.0;(74. 67);258.994947433471;0.88562464346834;62.8761384501519;0.581686366473837;0.957957603195188;1248.42392967908;0.954927838461687;0.853780864382066;0.863795157376832;49.14998491097475;37.0;Dead
2;Tube 8;314050.0;;;;;;;;;;;;;;;;;;;;;;;;;;;;;;;;;;;314050.0;0.0;1405.0;False;G:\Experiments\PTT\Spheroids\03062025_mda\05062025 after laser\Analysis\2025-06-05_155402_tube8_cropped_8bits2\3_1405_0_8bits.tiff;G:\Experiments\PTT\Spheroids\03062025_mda\05062025 after laser\Analysis\2025-06-05_155402_tube8_segmentationDebug2\3_1405_0_segmented.tiff;3002.5;(82. 75);242.752306938171;0.907922588448745;61.8296185744932;0.640274415678175;0.882148055770351;1253.96613876461;0.958631625832288;0.859100048605111;0.838045503082408;101.89115783120411;40.0;Alive
2;Tube 8;315040.0;315040.0;0.0;1504.0;False;G:\Experiments\PTT\Spheroids\03062025_mda\04062025\Analysis\2025-06-04_113544_tube8_cropped_8bits2\3_1504_0_8bits.tiff;G:\Experiments\PTT\Spheroids\03062025_mda\04062025\Analysis\2025-06-04_113544_tube8_segmentationDebug2\3_1504_0_segmented.tiff;2526.0;(75. 74);224.509665846824;0.879986065145445;56.711578094786;0.629757173601336;0.919524073005623;960.323571006773;0.946596447983582;0.879983911192801;0.896075667089852;315040.0;0.0;1504.0;False;E:\Experiments\PTT\Spheroids\03062025_mda\05062025 before laser\Analysis\2025-06-05_101842_tube8_cropped_8bits\2_1504_0_8bits.tiff;E:\Experiments\PTT\Spheroids\03062025_mda\05062025 before laser\Analysis\2025-06-05_101842_tube8_segmentationDebug\2_1504_0_segmented.tiff;2854.5;(79. 80);223.9238796234131;0.9388258510113467;60.28650164378857;0.7153837838873305;0.924830557908019;1036.8587118700264;0.96498651080854;0.8667310469146932;0.8315162394639103;;;;;;;;;;;;;;;;;;;;
2;Tube 8;414010.0;414010.0;0.0;1401.0;False;G:\Experiments\PTT\Spheroids\03062025_mda\04062025\Analysis\2025-06-04_113544_tube8_cropped_8bits2\4_1401_0_8bits.tiff;G:\Experiments\PTT\Spheroids\03062025_mda\04062025\Analysis\2025-06-04_113544_tube8_segmentationDebug2\4_1401_0_segmented.tiff;2277.5;(73. 73);207.095452785491;0.920760056599959;53.8498195274072;0.66730921686502;0.88153446892005;959.574638313975;0.957822067297945;0.891547819764456;0.882576730799585;;;;;;;;;;;;;;;;;;;;;;;;;;;;;;;;;;;;;
2;Tube 8;415020.0;;;;;;;;;;;;;;;;;;415020.0;0.0;1502.0;False;E:\Experiments\PTT\Spheroids\03062025_mda\05062025 before laser\Analysis\2025-06-05_101842_tube8_cropped_8bits\3_1502_0_8bits.tiff;E:\Experiments\PTT\Spheroids\03062025_mda\05062025 before laser\Analysis\2025-06-05_101842_tube8_segmentationDebug\3_1502_0_segmented.tiff;3086.0;(86. 83);228.16652023792267;0.9372817008352315;62.68346859462;0.7449068151930438;0.9144534213014004;1285.4805421407168;0.9546334562568278;0.8555431351624522;0.8423889423348794;415020.0;0.0;1502.0;False;G:\Experiments\PTT\Spheroids\03062025_mda\05062025 after laser\Analysis\2025-06-05_155402_tube8_cropped_8bits2\4_1502_0_8bits.tiff;G:\Experiments\PTT\Spheroids\03062025_mda\05062025 after laser\Analysis\2025-06-05_155402_tube8_segmentationDebug2\4_1502_0_segmented.tiff;3176.0;(78. 66);238.166520357131;0.925947521865889;63.5909489949542;0.703605028424342;0.890710486812688;1311.22914796623;0.952077372036313;0.851380501047254;0.837008659021701;115.48133990544211;45.0;Alive
2;Tube 8;512010.0;512010.0;0.0;1201.0;False;G:\Experiments\PTT\Spheroids\03062025_mda\04062025\Analysis\2025-06-04_113544_tube8_cropped_8bits2\5_1201_0_8bits.tiff;G:\Experiments\PTT\Spheroids\03062025_mda\04062025\Analysis\2025-06-04_113544_tube8_segmentationDebug2\5_1201_0_segmented.tiff;2582.0;(74. 77);225.195957660675;0.911884160339043;57.3367639870457;0.639801009367023;0.887472306031907;924.925944802331;0.947176595123235;0.877565866112706;0.902857600425495;;;;;;;;;;;;;;;;;;;;;;;;;;;;;;;;;;;;;
2;Tube 8;513010.0;;;;;;;;;;;;;;;;;;513010.0;0.0;1301.0;False;E:\Experiments\PTT\Spheroids\03062025_mda\05062025 before laser\Analysis\2025-06-05_101842_tube8_cropped_8bits\4_1301_0_8bits.tiff;E:\Experiments\PTT\Spheroids\03062025_mda\05062025 before laser\Analysis\2025-06-05_101842_tube8_segmentationDebug\4_1301_0_segmented.tiff;3985.5;(75. 83);284.0660150051117;0.8894220040169605;71.23549821221152;0.6206605183416056;0.8974798251990088;1268.1314978503362;0.9244922203960806;0.813127377602216;0.9007040897103679;;;;;;;;;;;;;;;;;;;;
2;Tube 8;609010.0;609010.0;0.0;901.0;False;G:\Experiments\PTT\Spheroids\03062025_mda\04062025\Analysis\2025-06-04_113544_tube8_cropped_8bits2\6_0901_0_8bits.tiff;G:\Experiments\PTT\Spheroids\03062025_mda\04062025\Analysis\2025-06-04_113544_tube8_segmentationDebug2\6_0901_0_segmented.tiff;2598.0;(77. 40);206.367530822753;0.943355119825708;57.5141403241146;0.766595516614996;0.881501284141662;948.904988100463;0.940351264537272;0.839149542357078;0.894520397054159;609010.0;0.0;901.0;False;E:\Experiments\PTT\Spheroids\03062025_mda\05062025 before laser\Analysis\2025-06-05_101842_tube8_cropped_8bits\5_0901_0_8bits.tiff;E:\Experiments\PTT\Spheroids\03062025_mda\05062025 before laser\Analysis\2025-06-05_101842_tube8_segmentationDebug\5_0901_0_segmented.tiff;3731.5;(76. 58);267.9238797426224;0.9206760424377004;68.92817537973322;0.6532365297394038;0.9382997778138792;1023.1151673358838;0.9390515880878296;0.8256580946622298;0.8889536894926381;609010.0;0.0;901.0;False;G:\Experiments\PTT\Spheroids\03062025_mda\05062025 after laser\Analysis\2025-06-05_155402_tube8_cropped_8bits2\6_0901_0_8bits.tiff;G:\Experiments\PTT\Spheroids\03062025_mda\05062025 after laser\Analysis\2025-06-05_155402_tube8_segmentationDebug2\6_0901_0_segmented.tiff;3390.5;(73. 74);252.409160852432;0.92472385108414;65.7032622966666;0.66874937130334;0.940132604354121;1196.66247453566;0.938375953483853;0.840806053649091;0.839820572683732;67.45800221305704;41.0;Alive
2;Tube 8;706010.0;706010.0;0.0;601.0;False;G:\Experiments\PTT\Spheroids\03062025_mda\04062025\Analysis\2025-06-04_113544_tube8_cropped_8bits2\7_0601_0_8bits.tiff;G:\Experiments\PTT\Spheroids\03062025_mda\04062025\Analysis\2025-06-04_113544_tube8_segmentationDebug2\7_0601_0_segmented.tiff;2275.0;(76. 74);202.367530703544;0.924045491470349;53.8202560777305;0.698087079769678;0.874522647249836;962.945183669322;0.952810738356461;0.891979701303285;0.898043505350625;706010.0;0.0;601.0;False;E:\Experiments\PTT\Spheroids\03062025_mda\05062025 before laser\Analysis\2025-06-05_101842_tube8_cropped_8bits\6_0601_0_8bits.tiff;E:\Experiments\PTT\Spheroids\03062025_mda\05062025 before laser\Analysis\2025-06-05_101842_tube8_segmentationDebug\6_0601_0_segmented.tiff;3724.0;(84. 88);354.4507910013199;0.7454709238314483;68.8588706311231;0.3724840121481805;0.5515569261050802;1182.8488540275923;0.9425118392041408;0.8233684488127948;0.8576697774010603;;;;;;;;;;;;;;;;;;;;
2;Tube 8;707010.0;;;;;;;;;;;;;;;;;;;;;;;;;;;;;;;;;;;707010.0;0.0;701.0;False;G:\Experiments\PTT\Spheroids\03062025_mda\05062025 after laser\Analysis\2025-06-05_155402_tube8_cropped_8bits2\7_0701_0_8bits.tiff;G:\Experiments\PTT\Spheroids\03062025_mda\05062025 after laser\Analysis\2025-06-05_155402_tube8_segmentationDebug2\7_0701_0_segmented.tiff;3794.0;(83. 73);333.764499306678;0.813639288012009;69.5030275076216;0.427983383689903;0.630716092848097;1274.97838455022;0.938064627712665;0.820771157116402;0.860033740918735;104.91902223116386;40.0;Alive
2;Tube 8;803010.0;803010.0;0.0;301.0;False;G:\Experiments\PTT\Spheroids\03062025_mda\04062025\Analysis\2025-06-04_113544_tube8_cropped_8bits2\8_0301_0_8bits.tiff;G:\Experiments\PTT\Spheroids\03062025_mda\04062025\Analysis\2025-06-04_113544_tube8_segmentationDebug2\8_0301_0_segmented.tiff;2309.5;(76. 75);196.953317284584;0.938439658675335;54.2268082092783;0.748171620408364;0.861620374228897;984.196693334765;0.953434164168783;0.89054647309099;0.893725892957427;;;;;;;;;;;;;;;;;;;;;;;;;;;;;;;;;;;;;
2;Tube 8;804010.0;;;;;;;;;;;;;;;;;;804010.0;0.0;401.0;False;E:\Experiments\PTT\Spheroids\03062025_mda\05062025 before laser\Analysis\2025-06-05_101842_tube8_cropped_8bits\7_0401_0_8bits.tiff;E:\Experiments\PTT\Spheroids\03062025_mda\05062025 before laser\Analysis\2025-06-05_101842_tube8_segmentationDebug\7_0401_0_segmented.tiff;3481.0;(71. 69);243.3380936384201;0.9372644049542272;66.57437085863525;0.7387435202167824;0.9589839532444508;1006.1614724167068;0.9333729145263756;0.8370281479107959;0.891687409864147;;;;;;;;;;;;;;;;;;;;
2;Tube 8;902030.0;902030.0;0.0;203.0;False;G:\Experiments\PTT\Spheroids\03062025_mda\04062025\Analysis\2025-06-04_113544_tube8_cropped_8bits2\9_0203_0_8bits.tiff;G:\Experiments\PTT\Spheroids\03062025_mda\04062025\Analysis\2025-06-04_113544_tube8_segmentationDebug2\9_0203_0_segmented.tiff;2328.5;(72. 73);199.781744241714;0.93777688280306;54.4494102806984;0.733119050868284;0.818165246595313;962.023799966876;0.957865732962456;0.889502680345886;0.88900378112513;902030.0;0.0;203.0;False;E:\Experiments\PTT\Spheroids\03062025_mda\05062025 before laser\Analysis\2025-06-05_101842_tube8_cropped_8bits\8_0203_0_8bits.tiff;E:\Experiments\PTT\Spheroids\03062025_mda\05062025 before laser\Analysis\2025-06-05_101842_tube8_segmentationDebug\8_0203_0_segmented.tiff;2639.0;(79. 89);217.19595789909363;0.9128329297820824;57.96618978815232;0.7029845446817647;0.9059791742243084;1357.740143004851;0.9625763904266866;0.8758690284283303;0.833846019156052;902030.0;0.0;203.0;False;G:\Experiments\PTT\Spheroids\03062025_mda\05062025 after laser\Analysis\2025-06-05_155402_tube8_cropped_8bits2\9_0203_0_8bits.tiff;G:\Experiments\PTT\Spheroids\03062025_mda\05062025 after laser\Analysis\2025-06-05_155402_tube8_segmentationDebug2\9_0203_0_segmented.tiff;2948.5;(76. 82);249.781744480133;0.891863278886872;61.2710926755156;0.593867566472039;0.83466850141438;1116.33716077869;0.949192927833606;0.861036295544295;0.870608534325132;14.083090232370989;50.0;Dead
3;Tube 6;1002030.0;1002030.0;0.0;203.0;False;G:\Experiments\PTT\Spheroids\26052025\27052025\Analysis\2025-05-27_120057_tube6_cropped_8bits2\10_0203_0_8bits.tiff;G:\Experiments\PTT\Spheroids\26052025\27052025\Analysis\2025-05-27_120057_tube6_segmentationDebug2\10_0203_0_segmented.tiff;1878.5;(75. 75);185.781744718551;0.917236328125;48.9058328298885;0.683935252123881;0.861351997930159;909.709681634592;0.963082252583428;0.910051604688796;0.885231703769451;;;;;;;;;;;;;;;;;;;;;;;;;;;;;;;;;;;;;
3;Tube 6;104050.0;;;;;;;;;;;;;;;;;;;;;;;;;;;;;;;;;;;104050.0;0.0;405.0;False;E:\Experiments\PTT\Spheroids\26052025\28052025 after laser\Analysis\2025-05-28_155723_tube6_cropped_8bits\1_0405_0_8bits.tiff;E:\Experiments\PTT\Spheroids\26052025\28052025 after laser\Analysis\2025-05-28_155723_tube6_segmentationDebug\1_0405_0_segmented.tiff;3021.0;(71. 71);234.65180134773252;0.9220204486494736;62.01980864727758;0.6894659203720291;0.9341903742688344;1230.5623718295456;0.9464787203881936;0.857993229299833;0.8560211750981371;146.56850815283525;37.0;Alive
3;Tube 6;105050.0;105050.0;0.0;505.0;False;G:\Experiments\PTT\Spheroids\26052025\27052025\Analysis\2025-05-27_120057_tube6_cropped_8bits2\1_0505_0_8bits.tiff;G:\Experiments\PTT\Spheroids\26052025\27052025\Analysis\2025-05-27_120057_tube6_segmentationDebug2\1_0505_0_segmented.tiff;2357.0;(74. 75);218.710676908493;0.882275874976604;54.781617418079;0.619197903307618;0.771943662506568;930.119273421604;0.954594585177798;0.887941415386785;0.884464034546096;105050.0;0.0;505.0;False;G:\Experiments\PTT\Spheroids\26052025\28052025 before laser\Analysis\2025-05-28_111604_tube6_cropped_8bits2\1_0505_0_8bits.tiff;G:\Experiments\PTT\Spheroids\26052025\28052025 before laser\Analysis\2025-05-28_111604_tube6_segmentationDebug2\1_0505_0_segmented.tiff;3288.0;(75. 77);255.823374509811;0.91830749895266;64.7024854475407;0.631336976751725;0.850315169933795;1061.43063397205;0.942952743262257;0.845445153466315;0.863320606493083;;;;;;;;;;;;;;;;;;;;
3;Tube 6;1102070.0;1102070.0;0.0;207.0;False;G:\Experiments\PTT\Spheroids\26052025\27052025\Analysis\2025-05-27_120057_tube6_cropped_8bits2\11_0207_0_8bits.tiff;G:\Experiments\PTT\Spheroids\26052025\27052025\Analysis\2025-05-27_120057_tube6_segmentationDebug2\11_0207_0_segmented.tiff;1700.0;(76. 69);181.053822636604;0.908362276248998;46.5242649168127;0.651693498195154;0.887256507723131;1044.7959997582;0.964143060283666;0.918155576810587;0.880896254928589;1102070.0;0.0;207.0;False;G:\Experiments\PTT\Spheroids\26052025\28052025 before laser\Analysis\2025-05-28_111604_tube6_cropped_8bits2\11_0207_0_8bits.tiff;G:\Experiments\PTT\Spheroids\26052025\28052025 before laser\Analysis\2025-05-28_111604_tube6_segmentationDebug2\11_0207_0_segmented.tiff;2131.0;(80. 68);193.053822636604;0.92995854243945;52.0890916587209;0.718516098135287;0.903238678488571;989.908354428224;0.977424912513108;0.89919217800045;0.908326383869832;1102070.0;0.0;207.0;False;E:\Experiments\PTT\Spheroids\26052025\28052025 after laser\Analysis\2025-05-28_155723_tube6_cropped_8bits\11_0207_0_8bits.tiff;E:\Experiments\PTT\Spheroids\26052025\28052025 after laser\Analysis\2025-05-28_155723_tube6_segmentationDebug\11_0207_0_segmented.tiff;2601.0;(61. 64);220.9949469566345;0.917298536413331;57.54733752187114;0.6692456066465932;0.954486260941968;844.2496783286762;0.9661608894265824;0.8776158870549102;0.8955727834257174;6.047700170357752;70.0;Dead
3;Tube 6;1202100.0;1202100.0;0.0;210.0;False;G:\Experiments\PTT\Spheroids\26052025\27052025\Analysis\2025-05-27_120057_tube6_cropped_8bits2\12_0210_0_8bits.tiff;G:\Experiments\PTT\Spheroids\26052025\27052025\Analysis\2025-05-27_120057_tube6_segmentationDebug2\12_0210_0_segmented.tiff;1479.0;(73. 75);157.053822278976;0.935188112551375;43.3949454045434;0.753496114412953;0.993643502389291;955.500016542597;0.965830404188765;0.928748389371457;0.878506363516627;1202100.0;0.0;210.0;False;G:\Experiments\PTT\Spheroids\26052025\28052025 before laser\Analysis\2025-05-28_111604_tube6_cropped_8bits2\12_0210_0_8bits.tiff;G:\Experiments\PTT\Spheroids\26052025\28052025 before laser\Analysis\2025-05-28_111604_tube6_segmentationDebug2\12_0210_0_segmented.tiff;2054.0;(78. 74);196.367530822753;0.900482244629548;51.1393588626805;0.669377245143922;0.988645251093397;912.306221635997;0.971565734521913;0.902216963182063;0.865960151620449;;;;;;;;;;;;;;;;;;;;
3;Tube 6;1202110.0;;;;;;;;;;;;;;;;;;;;;;;;;;;;;;;;;;;1202110.0;0.0;211.0;False;E:\Experiments\PTT\Spheroids\26052025\28052025 after laser\Analysis\2025-05-28_155723_tube6_cropped_8bits\12_0211_0_8bits.tiff;E:\Experiments\PTT\Spheroids\26052025\28052025 after laser\Analysis\2025-05-28_155723_tube6_segmentationDebug\12_0211_0_segmented.tiff;1963.0;(72. 84);179.88224971294403;0.9394592007657334;49.9936918652256;0.7623484869465732;0.9681895977381916;656.2313895658037;0.9807525281666616;0.907119803748726;0.9230768970221644;54.331954246775375;44.0;Alive
3;Tube 6;1302130.0;1302130.0;0.0;213.0;False;G:\Experiments\PTT\Spheroids\26052025\27052025\Analysis\2025-05-27_120057_tube6_cropped_8bits2\13_0213_0_8bits.tiff;G:\Experiments\PTT\Spheroids\26052025\27052025\Analysis\2025-05-27_120057_tube6_segmentationDebug2\13_0213_0_segmented.tiff;1408.5;(74. 73);163.296462893486;0.892020265991133;42.3480566113662;0.663763183252825;0.940579085799148;1155.61044608014;0.964145256950747;0.931525918164429;0.860126934586697;1302130.0;0.0;213.0;False;G:\Experiments\PTT\Spheroids\26052025\28052025 before laser\Analysis\2025-05-28_111604_tube6_cropped_8bits2\13_0213_0_8bits.tiff;G:\Experiments\PTT\Spheroids\26052025\28052025 before laser\Analysis\2025-05-28_111604_tube6_segmentationDebug2\13_0213_0_segmented.tiff;2031.5;(73. 74);181.154327988624;0.951968134957825;50.8584912785415;0.777909834722005;0.884430392754626;917.964018561551;0.96810580273857;0.903481633185609;0.877386798876922;1302130.0;0.0;213.0;False;E:\Experiments\PTT\Spheroids\26052025\28052025 after laser\Analysis\2025-05-28_155723_tube6_cropped_8bits\13_0213_0_8bits.tiff;E:\Experiments\PTT\Spheroids\26052025\28052025 after laser\Analysis\2025-05-28_155723_tube6_segmentationDebug\13_0213_0_segmented.tiff;2281.0;(67. 76);209.1959581375122;0.9093083516045446;53.89118111102137;0.6549808020512825;0.8999500745185505;834.8291786179923;0.9699510513337596;0.8918421066184846;0.8864153887810134;4.812606473594548;60.0;Dead
3;Tube 6;1402160.0;1402160.0;0.0;216.0;False;G:\Experiments\PTT\Spheroids\26052025\27052025\Analysis\2025-05-27_120057_tube6_cropped_8bits2\14_0216_0_8bits.tiff;G:\Experiments\PTT\Spheroids\26052025\27052025\Analysis\2025-05-27_120057_tube6_segmentationDebug2\14_0216_0_segmented.tiff;1908.0;(71. 75);181.053822517395;0.933463796477495;49.2883459993809;0.73143011540809;0.86833086235085;895.748989519153;0.95237520737163;0.908751416959899;0.899652520639326;1402160.0;0.0;216.0;False;G:\Experiments\PTT\Spheroids\26052025\28052025 before laser\Analysis\2025-05-28_111604_tube6_cropped_8bits2\14_0216_0_8bits.tiff;G:\Experiments\PTT\Spheroids\26052025\28052025 before laser\Analysis\2025-05-28_111604_tube6_segmentationDebug2\14_0216_0_segmented.tiff;2083.0;(71. 76);193.195958256721;0.925777777777777;51.4991065134468;0.701298743652249;0.852548976955873;924.438012367258;0.964733899388775;0.900984916076369;0.866604858417418;;;;;;;;;;;;;;;;;;;;
3;Tube 6;1402170.0;;;;;;;;;;;;;;;;;;;;;;;;;;;;;;;;;;;1402170.0;0.0;217.0;False;E:\Experiments\PTT\Spheroids\26052025\28052025 after laser\Analysis\2025-05-28_155723_tube6_cropped_8bits\14_0217_0_8bits.tiff;E:\Experiments\PTT\Spheroids\26052025\28052025 after laser\Analysis\2025-05-28_155723_tube6_segmentationDebug\14_0217_0_segmented.tiff;2182.5;(74. 86);189.6396092176437;0.9411384217335058;52.7147541622314;0.762616176050334;0.9319480713528836;870.0541448847462;0.9646048520992068;0.8965782510160429;0.866723812538838;50.77269408615235;42.0;Alive
3;Tube 6;1502180.0;;;;;;;;;;;;;;;;;;1502180.0;0.0;218.0;False;G:\Experiments\PTT\Spheroids\26052025\28052025 before laser\Analysis\2025-05-28_111604_tube6_cropped_8bits2\15_0218_0_8bits.tiff;G:\Experiments\PTT\Spheroids\26052025\28052025 before laser\Analysis\2025-05-28_111604_tube6_segmentationDebug2\15_0218_0_segmented.tiff;2346.0;(71. 71);207.882249951362;0.91284046692607;54.653636401878;0.682186395963027;0.918570765797229;873.222307628628;0.9625708558326;0.888932246864313;0.880526171060348;;;;;;;;;;;;;;;;;;;;
3;Tube 6;1502190.0;1502190.0;0.0;219.0;False;G:\Experiments\PTT\Spheroids\26052025\27052025\Analysis\2025-05-27_120057_tube6_cropped_8bits2\15_0219_0_8bits.tiff;G:\Experiments\PTT\Spheroids\26052025\27052025\Analysis\2025-05-27_120057_tube6_segmentationDebug2\15_0219_0_segmented.tiff;1446.5;(77. 76);163.982755064964;0.91175543649543;42.9155100337793;0.675977039252121;0.874260876467816;1308.42976085519;0.965644817254848;0.930022216919781;0.868495051980326;;;;;;;;;;;;;;;;;;1502190.0;0.0;219.0;False;E:\Experiments\PTT\Spheroids\26052025\28052025 after laser\Analysis\2025-05-28_155723_tube6_cropped_8bits\15_0219_0_8bits.tiff;E:\Experiments\PTT\Spheroids\26052025\28052025 after laser\Analysis\2025-05-28_155723_tube6_segmentationDebug\15_0219_0_segmented.tiff;2593.5;(70. 82);228.2670258283615;0.8874251497005988;57.46430856862931;0.6254747119583368;0.8867121756377236;843.3344193664722;0.9584801663639404;0.8771255745651507;0.8968564515092456;4.23460696033098;57.0;Dead
3;Tube 6;1602220.0;1602220.0;0.0;222.0;False;G:\Experiments\PTT\Spheroids\26052025\27052025\Analysis\2025-05-27_120057_tube6_cropped_8bits2\16_0222_0_8bits.tiff;G:\Experiments\PTT\Spheroids\26052025\27052025\Analysis\2025-05-27_120057_tube6_segmentationDebug2\16_0222_0_segmented.tiff;1821.0;(75. 71);184.852812170982;0.904395331512292;48.1515234542244;0.669680550661204;0.839213231801883;804.314524540124;0.952393294898696;0.91262158019189;0.888748610597797;1602220.0;0.0;222.0;False;G:\Experiments\PTT\Spheroids\26052025\28052025 before laser\Analysis\2025-05-28_111604_tube6_cropped_8bits2\16_0222_0_8bits.tiff;G:\Experiments\PTT\Spheroids\26052025\28052025 before laser\Analysis\2025-05-28_111604_tube6_segmentationDebug2\16_0222_0_segmented.tiff;1966.5;(77. 73);197.781744360923;0.897330595482546;50.0382410234582;0.631729865527542;0.803263892199393;991.290019336605;0.970998860502216;0.905678121343783;0.843042530595814;;;;;;;;;;;;;;;;;;;;
3;Tube 6;1602230.0;;;;;;;;;;;;;;;;;;;;;;;;;;;;;;;;;;;1602230.0;0.0;223.0;False;E:\Experiments\PTT\Spheroids\26052025\28052025 after laser\Analysis\2025-05-28_155723_tube6_cropped_8bits\16_0223_0_8bits.tiff;E:\Experiments\PTT\Spheroids\26052025\28052025 after laser\Analysis\2025-05-28_155723_tube6_segmentationDebug\16_0223_0_segmented.tiff;2149.5;(71. 82);213.4385987520218;0.8752035830618893;52.31470540305309;0.5929272241607838;0.8065179422648082;1024.2516619629346;0.9603981572145808;0.8969424368246287;0.8605750108788337;60.598685811633004;44.0;Alive
3;Tube 6;1704240.0;1704240.0;0.0;424.0;False;G:\Experiments\PTT\Spheroids\26052025\27052025\Analysis\2025-05-27_120057_tube6_cropped_8bits2\17_0424_0_8bits.tiff;G:\Experiments\PTT\Spheroids\26052025\27052025\Analysis\2025-05-27_120057_tube6_segmentationDebug2\17_0424_0_segmented.tiff;1763.5;(74. 71);177.296463012695;0.921609615887117;47.3852079993373;0.70499361652664;0.898122620306522;980.503846600554;0.95374171389109;0.915205966366387;0.897156674190983;1704240.0;0.0;424.0;False;G:\Experiments\PTT\Spheroids\26052025\28052025 before laser\Analysis\2025-05-28_111604_tube6_cropped_8bits2\17_0424_0_8bits.tiff;G:\Experiments\PTT\Spheroids\26052025\28052025 before laser\Analysis\2025-05-28_111604_tube6_segmentationDebug2\17_0424_0_segmented.tiff;1727.0;(73. 74);167.396968364715;0.944748358862144;46.8922668865307;0.774474324753578;0.969055790637965;1050.98655522971;0.965671528721839;0.917384443118987;0.853364825932233;;;;;;;;;;;;;;;;;;;;
3;Tube 6;1705240.0;;;;;;;;;;;;;;;;;;;;;;;;;;;;;;;;;;;1705240.0;0.0;524.0;False;E:\Experiments\PTT\Spheroids\26052025\28052025 after laser\Analysis\2025-05-28_155723_tube6_cropped_8bits\17_0524_0_8bits.tiff;E:\Experiments\PTT\Spheroids\26052025\28052025 after laser\Analysis\2025-05-28_155723_tube6_segmentationDebug\17_0524_0_segmented.tiff;1958.0;(79. 77);181.53910374641416;0.9411199230954096;49.92998125967452;0.7465900152513842;0.9637125462467976;1048.4140577437506;0.959972312146335;0.9065175349707004;0.8528617352826335;42.83280603553176;48.0;Dead
3;Tube 6;1807240.0;1807240.0;0.0;724.0;False;G:\Experiments\PTT\Spheroids\26052025\27052025\Analysis\2025-05-27_120057_tube6_cropped_8bits2\18_0724_0_8bits.tiff;G:\Experiments\PTT\Spheroids\26052025\27052025\Analysis\2025-05-27_120057_tube6_segmentationDebug2\18_0724_0_segmented.tiff;1325.0;(74. 75);148.083260297775;0.938385269121813;41.0736216661507;0.759300712095482;0.894268818094949;1135.88581910854;0.965695362649378;0.935889195685153;0.888520938271225;;;;;;;;;;;;;;;;;;;;;;;;;;;;;;;;;;;;;
3;Tube 6;1808240.0;;;;;;;;;;;;;;;;;;1808240.0;0.0;824.0;False;G:\Experiments\PTT\Spheroids\26052025\28052025 before laser\Analysis\2025-05-28_111604_tube6_cropped_8bits2\18_0824_0_8bits.tiff;G:\Experiments\PTT\Spheroids\26052025\28052025 before laser\Analysis\2025-05-28_111604_tube6_segmentationDebug2\18_0824_0_segmented.tiff;1987.0;(76. 71);193.396968483924;0.90236148955495;50.2983794509203;0.667587823503468;0.880676829298886;886.772304599673;0.965344897170242;0.904978148412377;0.884566229938687;1808240.0;0.0;824.0;False;E:\Experiments\PTT\Spheroids\26052025\28052025 after laser\Analysis\2025-05-28_155723_tube6_cropped_8bits\18_0824_0_8bits.tiff;E:\Experiments\PTT\Spheroids\26052025\28052025 after laser\Analysis\2025-05-28_155723_tube6_segmentationDebug\18_0824_0_segmented.tiff;2103.0;(70. 85);202.2253954410553;0.9054897739504844;51.745751154834416;0.6462160644458947;0.822795588116019;967.4359823688314;0.959018782151826;0.8994074308726869;0.8809770840150406;33.49355074227306;42.0;Dead
3;Tube 6;1910240.0;1910240.0;0.0;1024.0;False;G:\Experiments\PTT\Spheroids\26052025\27052025\Analysis\2025-05-27_120057_tube6_cropped_8bits2\19_1024_0_8bits.tiff;G:\Experiments\PTT\Spheroids\26052025\27052025\Analysis\2025-05-27_120057_tube6_segmentationDebug2\19_1024_0_segmented.tiff;1217.5;(73. 77);140.811181783676;0.945631067961165;39.3721874641867;0.771621903396627;0.91032687473079;1002.89205729942;0.971398741758881;0.940868610499799;0.890733776254326;;;;;;;;;;;;;;;;;;;;;;;;;;;;;;;;;;;;;
3;Tube 6;1911240.0;;;;;;;;;;;;;;;;;;;;;;;;;;;;;;;;;;;1911240.0;0.0;1124.0;False;E:\Experiments\PTT\Spheroids\26052025\28052025 after laser\Analysis\2025-05-28_155723_tube6_cropped_8bits\19_1124_0_8bits.tiff;E:\Experiments\PTT\Spheroids\26052025\28052025 after laser\Analysis\2025-05-28_155723_tube6_segmentationDebug\19_1124_0_segmented.tiff;2148.0;(66. 85);194.71067643165588;0.9214929214929216;52.296448656587856;0.7119747798627647;0.9620873356675324;797.036533406856;0.97377948241904;0.8981254054573622;0.9157965567878672;43.07617425164274;44.0;Dead
3;Tube 6;2013240.0;2013240.0;0.0;1324.0;False;G:\Experiments\PTT\Spheroids\26052025\27052025\Analysis\2025-05-27_120057_tube6_cropped_8bits2\20_1324_0_8bits.tiff;G:\Experiments\PTT\Spheroids\26052025\27052025\Analysis\2025-05-27_120057_tube6_segmentationDebug2\20_1324_0_segmented.tiff;1284.5;(73. 76);159.639609217643;0.889235029421945;40.4410211939846;0.633377542464325;0.89143624717306;1066.25278837641;0.969054743405159;0.937064109938353;0.873387481231314;;;;;;;;;;;;;;;;;;;;;;;;;;;;;;;;;;;;;
3;Tube 6;2014240.0;;;;;;;;;;;;;;;;;;;;;;;;;;;;;;;;;;;2014240.0;0.0;1424.0;False;E:\Experiments\PTT\Spheroids\26052025\28052025 after laser\Analysis\2025-05-28_155723_tube6_cropped_8bits\20_1424_0_8bits.tiff;E:\Experiments\PTT\Spheroids\26052025\28052025 after laser\Analysis\2025-05-28_155723_tube6_segmentationDebug\20_1424_0_segmented.tiff;1772.0;(70. 81);211.53910374641416;0.8184757505773672;47.49926813405348;0.497613623239571;0.953321356186692;894.5692282217382;0.9701358052637956;0.91391605119614;0.8638881073627941;47.2438549525432;45.0;Dead
3;Tube 6;207050.0;207050.0;0.0;705.0;False;G:\Experiments\PTT\Spheroids\26052025\27052025\Analysis\2025-05-27_120057_tube6_cropped_8bits2\2_0705_0_8bits.tiff;G:\Experiments\PTT\Spheroids\26052025\27052025\Analysis\2025-05-27_120057_tube6_segmentationDebug2\2_0705_0_segmented.tiff;1417.0;(100. 111);170.911687493324;0.877127824203033;42.4756451968622;0.609587692232621;0.923205309209572;630.528645149151;0.974830224898286;0.930830440665942;0.869139990739004;;;;;;;;;;;;;;;;;;;;;;;;;;;;;;;;;;;;;
3;Tube 6;207050.0;207050.0;1.0;705.0;False;G:\Experiments\PTT\Spheroids\26052025\27052025\Analysis\2025-05-27_120057_tube6_cropped_8bits2\2_0705_0_8bits.tiff;G:\Experiments\PTT\Spheroids\26052025\27052025\Analysis\2025-05-27_120057_tube6_segmentationDebug2\2_0705_0_segmented.tiff;2141.5;(52. 60);242.610171675682;0.839474715797726;52.2172623281836;0.457203906468394;0.488897656031795;402.547834792976;0.946419938057068;0.896584207085188;0.912892128544864;;;;;;;;;;;;;;;;;;;;;;;;;;;;;;;;;;;;;
3;Tube 6;413050.0;413050.0;0.0;1305.0;False;G:\Experiments\PTT\Spheroids\26052025\27052025\Analysis\2025-05-27_120057_tube6_cropped_8bits2\4_1305_0_8bits.tiff;G:\Experiments\PTT\Spheroids\26052025\27052025\Analysis\2025-05-27_120057_tube6_segmentationDebug2\4_1305_0_segmented.tiff;1911.5;(79. 73);184.468036174774;0.925665859564164;49.3335321030358;0.705897945179758;0.873020523219817;870.460860055536;0.954977703431884;0.908335826467739;0.889419774712618;413050.0;0.0;1305.0;False;G:\Experiments\PTT\Spheroids\26052025\28052025 before laser\Analysis\2025-05-28_111604_tube6_cropped_8bits2\4_1305_0_8bits.tiff;G:\Experiments\PTT\Spheroids\26052025\28052025 before laser\Analysis\2025-05-28_111604_tube6_segmentationDebug2\4_1305_0_segmented.tiff;2794.0;(77. 75);227.539103865623;0.916516319501394;59.6442058207672;0.678147521957266;0.848525301068588;1022.86498846672;0.946220059803998;0.868165771483459;0.872025270055586;;;;;;;;;;;;;;;;;;;;
3;Tube 6;414050.0;;;;;;;;;;;;;;;;;;;;;;;;;;;;;;;;;;;414050.0;0.0;1405.0;False;E:\Experiments\PTT\Spheroids\26052025\28052025 after laser\Analysis\2025-05-28_155723_tube6_cropped_8bits\4_1405_0_8bits.tiff;E:\Experiments\PTT\Spheroids\26052025\28052025 after laser\Analysis\2025-05-28_155723_tube6_segmentationDebug\4_1405_0_segmented.tiff;3030.0;(69. 53);239.6812390089035;0.9233582203260704;62.11212297569246;0.6628029159367587;0.9016412313011164;1009.3149782102828;0.9447591552492572;0.8542292039716332;0.8841217736938122;139.26746166950596;37.0;Alive
3;Tube 6;515020.0;;;;;;;;;;;;;;;;;;515020.0;0.0;1502.0;False;G:\Experiments\PTT\Spheroids\26052025\28052025 before laser\Analysis\2025-05-28_111604_tube6_cropped_8bits2\5_1502_0_8bits.tiff;G:\Experiments\PTT\Spheroids\26052025\28052025 before laser\Analysis\2025-05-28_111604_tube6_segmentationDebug2\5_1502_0_segmented.tiff;2692.5;(76. 74);220.953317046165;0.924939883201648;58.5508110464699;0.693049930753287;0.915744819652032;1000.53196469888;0.960429954154707;0.873036411560247;0.863400032756547;515020.0;0.0;1502.0;False;E:\Experiments\PTT\Spheroids\26052025\28052025 after laser\Analysis\2025-05-28_155723_tube6_cropped_8bits\5_1502_0_8bits.tiff;E:\Experiments\PTT\Spheroids\26052025\28052025 after laser\Analysis\2025-05-28_155723_tube6_segmentationDebug\5_1502_0_segmented.tiff;2489.0;(78. 69);214.0243848562241;0.9196379087382228;56.29469981131279;0.6828231640316887;0.8540862789237755;1093.0170782203604;0.9573063222291806;0.8822770002291811;0.8604818011453214;138.65904112922854;37.0;Alive
3;Tube 6;515030.0;515030.0;0.0;1503.0;False;G:\Experiments\PTT\Spheroids\26052025\27052025\Analysis\2025-05-27_120057_tube6_cropped_8bits2\5_1503_0_8bits.tiff;G:\Experiments\PTT\Spheroids\26052025\27052025\Analysis\2025-05-27_120057_tube6_segmentationDebug2\5_1503_0_segmented.tiff;1864.5;(73. 74);185.982754707336;0.906637490882567;48.7232504165999;0.677371468249773;0.858804292798808;1050.31254461178;0.955006152770229;0.910435314726696;0.866542573525268;;;;;;;;;;;;;;;;;;;;;;;;;;;;;;;;;;;;;
3;Tube 6;612010.0;;;;;;;;;;;;;;;;;;612010.0;0.0;1201.0;False;G:\Experiments\PTT\Spheroids\26052025\28052025 before laser\Analysis\2025-05-28_111604_tube6_cropped_8bits2\6_1201_0_8bits.tiff;G:\Experiments\PTT\Spheroids\26052025\28052025 before laser\Analysis\2025-05-28_111604_tube6_segmentationDebug2\6_1201_0_segmented.tiff;2467.0;(75. 74);225.19595849514;0.874822695035461;56.0453562470758;0.611304832847012;0.949213553616505;866.127362625219;0.958979765091095;0.882718445610366;0.874956717612935;;;;;;;;;;;;;;;;;;;;
3;Tube 6;613010.0;613010.0;0.0;1301.0;False;G:\Experiments\PTT\Spheroids\26052025\27052025\Analysis\2025-05-27_120057_tube6_cropped_8bits2\6_1301_0_8bits.tiff;G:\Experiments\PTT\Spheroids\26052025\27052025\Analysis\2025-05-27_120057_tube6_segmentationDebug2\6_1301_0_segmented.tiff;1789.5;(76. 73);174.811181902885;0.935930962343096;47.7332396271568;0.735873474581184;0.941613144789242;785.95647980759;0.961582428569322;0.914387131445963;0.902423607057699;;;;;;;;;;;;;;;;;;;;;;;;;;;;;;;;;;;;;
3;Tube 6;709010.0;;;;;;;;;;;;;;;;;;709010.0;0.0;901.0;False;G:\Experiments\PTT\Spheroids\26052025\28052025 before laser\Analysis\2025-05-28_111604_tube6_cropped_8bits2\7_0901_0_8bits.tiff;G:\Experiments\PTT\Spheroids\26052025\28052025 before laser\Analysis\2025-05-28_111604_tube6_segmentationDebug2\7_0901_0_segmented.tiff;2520.0;(77. 78);205.195957779884;0.947368421052631;56.6441846329577;0.752095174749639;0.884919202071871;1084.42018209954;0.960547396897337;0.881258468183879;0.865564884458227;709010.0;0.0;901.0;False;E:\Experiments\PTT\Spheroids\26052025\28052025 after laser\Analysis\2025-05-28_155723_tube6_cropped_8bits\7_0901_0_8bits.tiff;E:\Experiments\PTT\Spheroids\26052025\28052025 after laser\Analysis\2025-05-28_155723_tube6_segmentationDebug\7_0901_0_segmented.tiff;2595.5;(77. 80);211.78174448013303;0.9332973750449478;57.48646134839154;0.7271999737937471;0.8880839059789947;1206.2098540116422;0.9598241950535674;0.8775402255106353;0.8502194160856238;112.7403261134096;42.0;Alive
3;Tube 6;710010.0;710010.0;0.0;1001.0;False;G:\Experiments\PTT\Spheroids\26052025\27052025\Analysis\2025-05-27_120057_tube6_cropped_8bits2\7_1001_0_8bits.tiff;G:\Experiments\PTT\Spheroids\26052025\27052025\Analysis\2025-05-27_120057_tube6_segmentationDebug2\7_1001_0_segmented.tiff;1847.0;(76. 75);172.710676670074;0.94693668290182;48.4940557091881;0.778105326051031;0.94159221294459;1111.86136530133;0.958896054595106;0.91170021959652;0.882275584537608;;;;;;;;;;;;;;;;;;;;;;;;;;;;;;;;;;;;;
3;Tube 6;806010.0;806010.0;0.0;601.0;False;G:\Experiments\PTT\Spheroids\26052025\27052025\Analysis\2025-05-27_120057_tube6_cropped_8bits2\8_0601_0_8bits.tiff;G:\Experiments\PTT\Spheroids\26052025\27052025\Analysis\2025-05-27_120057_tube6_segmentationDebug2\8_0601_0_segmented.tiff;1780.5;(73. 73);176.124890327453;0.922777921741383;47.6130550311672;0.721290763175558;0.950422127325381;1093.65461482127;0.96474791436339;0.914705273232159;0.879609890099349;806010.0;0.0;601.0;False;G:\Experiments\PTT\Spheroids\26052025\28052025 before laser\Analysis\2025-05-28_111604_tube6_cropped_8bits2\8_0601_0_8bits.tiff;G:\Experiments\PTT\Spheroids\26052025\28052025 before laser\Analysis\2025-05-28_111604_tube6_segmentationDebug2\8_0601_0_segmented.tiff;2768.5;(79. 75);232.267025828361;0.906664483379728;59.3714045614494;0.644880543527283;0.837813876011708;1031.8680999763;0.953288273897512;0.868950333633411;0.866850650327625;806010.0;0.0;601.0;False;E:\Experiments\PTT\Spheroids\26052025\28052025 after laser\Analysis\2025-05-28_155723_tube6_cropped_8bits\8_0601_0_8bits.tiff;E:\Experiments\PTT\Spheroids\26052025\28052025 after laser\Analysis\2025-05-28_155723_tube6_segmentationDebug\8_0601_0_segmented.tiff;2765.0;(80. 79);228.3675308227539;0.909389902976484;59.33386335974361;0.6662485659750904;0.8590999890199158;1066.3776185055256;0.9568304861209715;0.8699415643597895;0.8715235213069236;111.52348503285471;41.0;Alive
3;Tube 6;902020.0;;;;;;;;;;;;;;;;;;902020.0;0.0;202.0;False;G:\Experiments\PTT\Spheroids\26052025\28052025 before laser\Analysis\2025-05-28_111604_tube6_cropped_8bits2\9_0202_0_8bits.tiff;G:\Experiments\PTT\Spheroids\26052025\28052025 before laser\Analysis\2025-05-28_111604_tube6_segmentationDebug2\9_0202_0_segmented.tiff;2046.0;(78. 73);183.053822636604;0.942205848491826;51.039671908508;0.767287085333451;0.902448387317553;984.12810166457;0.968302370237467;0.902886638559567;0.854707999265709;902020.0;0.0;202.0;False;E:\Experiments\PTT\Spheroids\26052025\28052025 after laser\Analysis\2025-05-28_155723_tube6_cropped_8bits\9_0202_0_8bits.tiff;E:\Experiments\PTT\Spheroids\26052025\28052025 after laser\Analysis\2025-05-28_155723_tube6_segmentationDebug\9_0202_0_segmented.tiff;2515.0;(71. 80);239.19595777988437;0.8658977448786366;56.58796210333903;0.552382843225016;0.8810188532726322;938.510626539379;0.9606182586121;0.880086382805316;0.8603762550181328;57.19153078607934;48.0;Alive
3;Tube 6;903010.0;903010.0;0.0;301.0;False;G:\Experiments\PTT\Spheroids\26052025\27052025\Analysis\2025-05-27_120057_tube6_cropped_8bits2\9_0301_0_8bits.tiff;G:\Experiments\PTT\Spheroids\26052025\27052025\Analysis\2025-05-27_120057_tube6_segmentationDebug2\9_0301_0_segmented.tiff;1788.0;(76. 80);174.225395560264;0.927145449831475;47.7132298842414;0.740209168389257;0.929617323189506;818.894203037723;0.957808305313824;0.914215353828671;0.892525899436101;;;;;;;;;;;;;;;;;;;;;;;;;;;;;;;;;;;;;
3;Tube 7;1002030.0;;;;;;;;;;;;;;;;;;1002030.0;0.0;203.0;False;G:\Experiments\PTT\Spheroids\26052025\28052025 before laser\Analysis\2025-05-28_112628_tube7_cropped_8bits2\10_0203_0_8bits.tiff;G:\Experiments\PTT\Spheroids\26052025\28052025 before laser\Analysis\2025-05-28_112628_tube7_segmentationDebug2\10_0203_0_segmented.tiff;2793.5;(70. 76);235.296463489532;0.903460543337645;59.6388687704392;0.63405618044294;0.942756993488725;1138.65569418239;0.949243199887072;0.86785820435082;0.879713475173923;;;;;;;;;;;;;;;;;;;;
3;Tube 7;104050.0;104050.0;0.0;405.0;False;G:\Experiments\PTT\Spheroids\26052025\27052025\Analysis\2025-05-27_122738_tube7_cropped_8bits2\1_0405_0_8bits.tiff;G:\Experiments\PTT\Spheroids\26052025\27052025\Analysis\2025-05-27_122738_tube7_segmentationDebug2\1_0405_0_segmented.tiff;1974.0;(76. 80);181.338094234466;0.937099454070733;50.1335702030806;0.754360462177931;0.891901152979294;1034.09313838974;0.955931413551988;0.90578019080521;0.87997589508306;104050.0;0.0;405.0;False;G:\Experiments\PTT\Spheroids\26052025\28052025 before laser\Analysis\2025-05-28_112628_tube7_cropped_8bits2\1_0405_0_8bits.tiff;G:\Experiments\PTT\Spheroids\26052025\28052025 before laser\Analysis\2025-05-28_112628_tube7_segmentationDebug2\1_0405_0_segmented.tiff;3159.5;(77. 65);235.438598752021;0.928036422382141;63.4255495962845;0.71626362288137;0.954307316023499;1076.45245934656;0.929354617229486;0.851236220424935;0.881752974799857;;;;;;;;;;;;;;;;;;;;
3;Tube 7;1102060.0;;;;;;;;;;;;;;;;;;1102060.0;0.0;206.0;False;G:\Experiments\PTT\Spheroids\26052025\28052025 before laser\Analysis\2025-05-28_112628_tube7_cropped_8bits2\11_0206_0_8bits.tiff;G:\Experiments\PTT\Spheroids\26052025\28052025 before laser\Analysis\2025-05-28_112628_tube7_segmentationDebug2\11_0206_0_segmented.tiff;2077.5;(79. 76);195.296463131904;0.906809253601047;51.4310718747655;0.684482170624408;0.942191897492925;1052.99593530043;0.961573590134822;0.900881055564963;0.87225127060162;;;;;;;;;;;;;;;;;;;;
3;Tube 7;1102070.0;1102070.0;0.0;207.0;False;G:\Experiments\PTT\Spheroids\26052025\27052025\Analysis\2025-05-27_122738_tube7_cropped_8bits2\11_0207_0_8bits.tiff;G:\Experiments\PTT\Spheroids\26052025\27052025\Analysis\2025-05-27_122738_tube7_segmentationDebug2\11_0207_0_segmented.tiff;1515.5;(73. 76);161.982755064964;0.926344743276283;43.9271502609279;0.725818848523555;0.896521521774483;789.39686159844;0.963493699972892;0.926857542442906;0.880999582895501;;;;;;;;;;;;;;;;;;;;;;;;;;;;;;;;;;;;;
3;Tube 7;1102080.0;;;;;;;;;;;;;;;;;;;;;;;;;;;;;;;;;;;1102080.0;0.0;208.0;False;E:\Experiments\PTT\Spheroids\26052025\28052025 after laser\Analysis\2025-05-28_154510_tube7_cropped_8bits\11_0208_0_8bits.tiff;E:\Experiments\PTT\Spheroids\26052025\28052025 after laser\Analysis\2025-05-28_154510_tube7_segmentationDebug\11_0208_0_segmented.tiff;2384.0;(70. 85);222.02438521385196;0.8854224698235841;55.09449223514659;0.6077357196528674;0.9083445456340692;1168.9625622987478;0.9605949180749356;0.8865644486884203;0.8924532534447055;6.3336578242881485;74.0;Dead
3;Tube 7;1202090.0;;;;;;;;;;;;;;;;;;1202090.0;0.0;209.0;False;G:\Experiments\PTT\Spheroids\26052025\28052025 before laser\Analysis\2025-05-28_112628_tube7_cropped_8bits2\12_0209_0_8bits.tiff;G:\Experiments\PTT\Spheroids\26052025\28052025 before laser\Analysis\2025-05-28_112628_tube7_segmentationDebug2\12_0209_0_segmented.tiff;1731.5;(71. 64);173.639609217643;0.93367484497169;46.9533201350973;0.721663533363846;0.896977032032353;1259.5905912673;0.970601076681771;0.916936738929657;0.815228187098428;;;;;;;;;;;;;;;;;;;;
3;Tube 7;1202100.0;1202100.0;0.0;210.0;False;G:\Experiments\PTT\Spheroids\26052025\27052025\Analysis\2025-05-27_122738_tube7_cropped_8bits2\12_0210_0_8bits.tiff;G:\Experiments\PTT\Spheroids\26052025\27052025\Analysis\2025-05-27_122738_tube7_segmentationDebug2\12_0210_0_segmented.tiff;1566.0;(77. 71);167.396968364715;0.920364384366735;44.6530304352936;0.702273765236887;0.804749997450863;759.386365468901;0.968166268074993;0.924346398560966;0.892742927582182;;;;;;;;;;;;;;;;;;;;;;;;;;;;;;;;;;;;;
3;Tube 7;1202110.0;;;;;;;;;;;;;;;;;;;;;;;;;;;;;;;;;;;1202110.0;0.0;211.0;False;E:\Experiments\PTT\Spheroids\26052025\28052025 after laser\Analysis\2025-05-28_154510_tube7_cropped_8bits\12_0211_0_8bits.tiff;E:\Experiments\PTT\Spheroids\26052025\28052025 after laser\Analysis\2025-05-28_154510_tube7_segmentationDebug\12_0211_0_segmented.tiff;2190.5;(74. 79);196.811182141304;0.932127659574468;52.81127931363123;0.7106464349372977;0.9045321601767722;932.5062097253192;0.9559576355243156;0.8955104062140732;0.8877680024179371;3.209418349963495;48.0;Dead
3;Tube 7;1302120.0;;;;;;;;;;;;;;;;;;1302120.0;0.0;212.0;False;G:\Experiments\PTT\Spheroids\26052025\28052025 before laser\Analysis\2025-05-28_112628_tube7_cropped_8bits2\13_0212_0_8bits.tiff;G:\Experiments\PTT\Spheroids\26052025\28052025 before laser\Analysis\2025-05-28_112628_tube7_segmentationDebug2\13_0212_0_segmented.tiff;1963.0;(73. 74);188.710676789283;0.91943793911007;49.9936918652256;0.692687290549084;0.959343432387851;1090.38213949645;0.965735580154845;0.906334605158473;0.851400269604645;;;;;;;;;;;;;;;;;;;;
3;Tube 7;1302130.0;1302130.0;0.0;213.0;False;G:\Experiments\PTT\Spheroids\26052025\27052025\Analysis\2025-05-27_122738_tube7_cropped_8bits2\13_0213_0_8bits.tiff;G:\Experiments\PTT\Spheroids\26052025\27052025\Analysis\2025-05-27_122738_tube7_segmentationDebug2\13_0213_0_segmented.tiff;1556.5;(71. 75);165.154327869415;0.932594367884961;44.5173825755769;0.71709892476757;0.848350453720691;739.639774774774;0.971891919031911;0.924924734183559;0.904262794959541;;;;;;;;;;;;;;;;;;;;;;;;;;;;;;;;;;;;;
3;Tube 7;1402150.0;;;;;;;;;;;;;;;;;;1402150.0;0.0;215.0;False;G:\Experiments\PTT\Spheroids\26052025\28052025 before laser\Analysis\2025-05-28_112628_tube7_cropped_8bits2\14_0215_0_8bits.tiff;G:\Experiments\PTT\Spheroids\26052025\28052025 before laser\Analysis\2025-05-28_112628_tube7_segmentationDebug2\14_0215_0_segmented.tiff;1761.0;(80. 73);173.539103627204;0.937450093159435;47.3516086134211;0.734809090155782;0.976982523719684;1105.74347222222;0.967200742410849;0.915727533633581;0.82993132008097;;;;;;;;;;;;;;;;;;;;
3;Tube 7;1402160.0;1402160.0;0.0;216.0;False;G:\Experiments\PTT\Spheroids\26052025\27052025\Analysis\2025-05-27_122738_tube7_cropped_8bits2\14_0216_0_8bits.tiff;G:\Experiments\PTT\Spheroids\26052025\27052025\Analysis\2025-05-27_122738_tube7_segmentationDebug2\14_0216_0_segmented.tiff;1450.0;(72. 74);166.083260059356;0.9009009009009;42.9673985699156;0.660581100462081;0.887933384436033;870.11876130526;0.966774851598539;0.929577854088836;0.885358228018764;;;;;;;;;;;;;;;;;;;;;;;;;;;;;;;;;;;;;
3;Tube 7;1402170.0;;;;;;;;;;;;;;;;;;;;;;;;;;;;;;;;;;;1402170.0;0.0;217.0;False;E:\Experiments\PTT\Spheroids\26052025\28052025 after laser\Analysis\2025-05-28_154510_tube7_cropped_8bits\14_0217_0_8bits.tiff;E:\Experiments\PTT\Spheroids\26052025\28052025 after laser\Analysis\2025-05-28_154510_tube7_segmentationDebug\14_0217_0_segmented.tiff;1797.5;(72. 78);172.4680359363556;0.942579968536969;47.83981690664644;0.7593841491981297;0.9381664715279242;1151.7028561517718;0.9655312536746408;0.9140391033460964;0.8263444568308439;41.58554392796301;51.0;Dead
3;Tube 7;1502180.0;;;;;;;;;;;;;;;;;;1502180.0;0.0;218.0;False;G:\Experiments\PTT\Spheroids\26052025\28052025 before laser\Analysis\2025-05-28_112628_tube7_cropped_8bits2\15_0218_0_8bits.tiff;G:\Experiments\PTT\Spheroids\26052025\28052025 before laser\Analysis\2025-05-28_112628_tube7_segmentationDebug2\15_0218_0_segmented.tiff;1857.5;(73. 77);191.781744360923;0.909202153695545;48.6317021534879;0.634635201448492;0.944642328779269;1094.39647275576;0.961171072783263;0.910600897905047;0.843746607188774;;;;;;;;;;;;;;;;;;;;
3;Tube 7;1502190.0;1502190.0;0.0;219.0;False;G:\Experiments\PTT\Spheroids\26052025\27052025\Analysis\2025-05-27_122738_tube7_cropped_8bits2\15_0219_0_8bits.tiff;G:\Experiments\PTT\Spheroids\26052025\27052025\Analysis\2025-05-27_122738_tube7_segmentationDebug2\15_0219_0_segmented.tiff;1347.5;(75. 77);149.497473835945;0.942967109867039;41.4208919089223;0.757654016020315;0.781913731038307;986.543387752426;0.973276620980055;0.93466891877192;0.883801775668913;;;;;;;;;;;;;;;;;;;;;;;;;;;;;;;;;;;;;
3;Tube 7;1602210.0;;;;;;;;;;;;;;;;;;1602210.0;0.0;221.0;False;G:\Experiments\PTT\Spheroids\26052025\28052025 before laser\Analysis\2025-05-28_112628_tube7_cropped_8bits2\16_0221_0_8bits.tiff;G:\Experiments\PTT\Spheroids\26052025\28052025 before laser\Analysis\2025-05-28_112628_tube7_segmentationDebug2\16_0221_0_segmented.tiff;1616.0;(72. 74);164.568541407585;0.934104046242774;45.3602811310955;0.749820967473913;0.86434116230263;1151.12052952531;0.968503543879146;0.922503750983106;0.862054287180175;;;;;;;;;;;;;;;;;;;;
3;Tube 7;1602220.0;1602220.0;0.0;222.0;False;G:\Experiments\PTT\Spheroids\26052025\27052025\Analysis\2025-05-27_122738_tube7_cropped_8bits2\16_0222_0_8bits.tiff;G:\Experiments\PTT\Spheroids\26052025\27052025\Analysis\2025-05-27_122738_tube7_segmentationDebug2\16_0222_0_segmented.tiff;1371.0;(75. 75);172.225395560264;0.869372225745085;41.7805147865833;0.580835212369928;0.835743382709813;956.483269254521;0.971128576005323;0.933137979559773;0.881281016001453;;;;;;;;;;;;;;;;;;;;;;;;;;;;;;;;;;;;;
3;Tube 7;1704240.0;1704240.0;0.0;424.0;False;G:\Experiments\PTT\Spheroids\26052025\27052025\Analysis\2025-05-27_122738_tube7_cropped_8bits2\17_0424_0_8bits.tiff;G:\Experiments\PTT\Spheroids\26052025\27052025\Analysis\2025-05-27_122738_tube7_segmentationDebug2\17_0424_0_segmented.tiff;1575.0;(73. 69);175.740114331245;0.902320252076768;44.7811599108138;0.640838526170203;0.843690547963041;943.693633877661;0.964477827616556;0.923614386351585;0.872754581334343;;;;;;;;;;;;;;;;;;;;;;;;;;;;;;;;;;;;;
3;Tube 7;1705240.0;;;;;;;;;;;;;;;;;;1705240.0;0.0;524.0;False;G:\Experiments\PTT\Spheroids\26052025\28052025 before laser\Analysis\2025-05-28_112628_tube7_cropped_8bits2\17_0524_0_8bits.tiff;G:\Experiments\PTT\Spheroids\26052025\28052025 before laser\Analysis\2025-05-28_112628_tube7_segmentationDebug2\17_0524_0_segmented.tiff;2258.5;(74. 78);202.124890446662;0.910869126840088;53.6247285474189;0.694688906819351;0.855643050089227;1160.08709955986;0.961879893705239;0.892854242980198;0.867764873491294;1705240.0;0.0;524.0;False;E:\Experiments\PTT\Spheroids\26052025\28052025 after laser\Analysis\2025-05-28_154510_tube7_cropped_8bits\17_0524_0_8bits.tiff;E:\Experiments\PTT\Spheroids\26052025\28052025 after laser\Analysis\2025-05-28_154510_tube7_segmentationDebug\17_0524_0_segmented.tiff;2261.0;(76. 74);220.99494743347168;0.8590425531914894;53.65439973241899;0.5817625182999184;0.7907939868176;1171.9685653105412;0.9604135530471102;0.8924622383320991;0.8518435106614267;10.297517644195668;71.0;Dead
3;Tube 7;1807240.0;1807240.0;0.0;724.0;False;G:\Experiments\PTT\Spheroids\26052025\27052025\Analysis\2025-05-27_122738_tube7_cropped_8bits2\18_0724_0_8bits.tiff;G:\Experiments\PTT\Spheroids\26052025\27052025\Analysis\2025-05-27_122738_tube7_segmentationDebug2\18_0724_0_segmented.tiff;1268.5;(77. 69);149.497473716735;0.925574607807369;40.1883610327238;0.713234969094254;0.953295353943297;912.722167347239;0.969765239818457;0.938324352889031;0.872102547749972;;;;;;;;;;;;;;;;;;;;;;;;;;;;;;;;;;;;;
3;Tube 7;1808240.0;;;;;;;;;;;;;;;;;;1808240.0;0.0;824.0;False;G:\Experiments\PTT\Spheroids\26052025\28052025 before laser\Analysis\2025-05-28_112628_tube7_cropped_8bits2\18_0824_0_8bits.tiff;G:\Experiments\PTT\Spheroids\26052025\28052025 before laser\Analysis\2025-05-28_112628_tube7_segmentationDebug2\18_0824_0_segmented.tiff;1618.5;(75. 76);175.438598871231;0.9190800681431;45.3953544226043;0.660803397641226;0.834731235720526;1085.58076077244;0.973119162905503;0.922253905610827;0.804107715443817;1808240.0;0.0;824.0;False;E:\Experiments\PTT\Spheroids\26052025\28052025 after laser\Analysis\2025-05-28_154510_tube7_cropped_8bits\18_0824_0_8bits.tiff;E:\Experiments\PTT\Spheroids\26052025\28052025 after laser\Analysis\2025-05-28_154510_tube7_segmentationDebug\18_0824_0_segmented.tiff;1958.0;(80. 73);199.53910386562347;0.8875793291024479;49.92998125967452;0.6179687538669847;0.7059637857797287;1070.7453118248372;0.9618715660967536;0.9057676608147842;0.8561943037953608;43.62375273789243;51.0;Dead
3;Tube 7;1910240.0;1910240.0;0.0;1024.0;False;G:\Experiments\PTT\Spheroids\26052025\27052025\Analysis\2025-05-27_122738_tube7_cropped_8bits2\19_1024_0_8bits.tiff;G:\Experiments\PTT\Spheroids\26052025\27052025\Analysis\2025-05-27_122738_tube7_segmentationDebug2\19_1024_0_segmented.tiff;1482.0;(72. 73);158.710676550865;0.942748091603053;43.4389342099632;0.739342687379313;0.726857680628837;712.608830272432;0.963478511096355;0.928409781944733;0.874326748253667;1910240.0;0.0;1024.0;False;G:\Experiments\PTT\Spheroids\26052025\28052025 before laser\Analysis\2025-05-28_112628_tube7_cropped_8bits2\19_1024_0_8bits.tiff;G:\Experiments\PTT\Spheroids\26052025\28052025 before laser\Analysis\2025-05-28_112628_tube7_segmentationDebug2\19_1024_0_segmented.tiff;1935.5;(80. 74);188.811182141304;0.91577951265673;49.6422716929323;0.682256397883229;0.917571004335283;979.912332451002;0.965872586255057;0.907490275630183;0.867287285991296;;;;;;;;;;;;;;;;;;;;
3;Tube 7;1911240.0;;;;;;;;;;;;;;;;;;;;;;;;;;;;;;;;;;;1911240.0;0.0;1124.0;False;E:\Experiments\PTT\Spheroids\26052025\28052025 after laser\Analysis\2025-05-28_154510_tube7_cropped_8bits\19_1124_0_8bits.tiff;E:\Experiments\PTT\Spheroids\26052025\28052025 after laser\Analysis\2025-05-28_154510_tube7_segmentationDebug\19_1124_0_segmented.tiff;2388.5;(78. 83);223.4385987520218;0.8923967868484962;55.14646545881192;0.6011996393805211;0.967367293725392;943.2772707496928;0.9510842151816016;0.885987814000996;0.8824409256652344;5.0133852518861035;56.0;Dead
3;Tube 7;2013240.0;2013240.0;0.0;1324.0;False;G:\Experiments\PTT\Spheroids\26052025\27052025\Analysis\2025-05-27_122738_tube7_cropped_8bits2\20_1324_0_8bits.tiff;G:\Experiments\PTT\Spheroids\26052025\27052025\Analysis\2025-05-27_122738_tube7_segmentationDebug2\20_1324_0_segmented.tiff;1495.0;(76. 71);161.396968245506;0.912419896246566;43.6290398631355;0.721207628416179;0.7719666496807;688.204286915102;0.968707290222755;0.92777310405111;0.914253607562483;;;;;;;;;;;;;;;;;;;;;;;;;;;;;;;;;;;;;
3;Tube 7;208050.0;208050.0;0.0;805.0;False;G:\Experiments\PTT\Spheroids\26052025\27052025\Analysis\2025-05-27_122738_tube7_cropped_8bits2\2_0805_0_8bits.tiff;G:\Experiments\PTT\Spheroids\26052025\27052025\Analysis\2025-05-27_122738_tube7_segmentationDebug2\2_0805_0_segmented.tiff;1981.0;(75. 70);192.710676431655;0.904979442667884;50.2223808487845;0.670320942292715;0.851101233928552;851.485643276033;0.960012223610563;0.90521965710504;0.892101693876019;;;;;;;;;;;;;;;;;;208050.0;0.0;805.0;False;E:\Experiments\PTT\Spheroids\26052025\28052025 after laser\Analysis\2025-05-28_154510_tube7_cropped_8bits\2_0805_0_8bits.tiff;E:\Experiments\PTT\Spheroids\26052025\28052025 after laser\Analysis\2025-05-28_154510_tube7_segmentationDebug\2_0805_0_segmented.tiff;2677.0;(72. 76);232.9949471950531;0.8880411345165036;58.38203714547849;0.6196767892978261;0.9341225045816196;1443.313860086561;0.956557025475778;0.8737743925138842;0.8185249419206855;121.19737162326601;37.0;Alive
3;Tube 7;209050.0;;;;;;;;;;;;;;;;;;209050.0;0.0;905.0;False;G:\Experiments\PTT\Spheroids\26052025\28052025 before laser\Analysis\2025-05-28_112628_tube7_cropped_8bits2\2_0905_0_8bits.tiff;G:\Experiments\PTT\Spheroids\26052025\28052025 before laser\Analysis\2025-05-28_112628_tube7_segmentationDebug2\2_0905_0_segmented.tiff;2788.5;(78. 78);238.752306580543;0.893320518981259;59.585471975088;0.614731348716126;0.933048131831411;1239.61599425105;0.954619303500171;0.868404487360442;0.838368007615372;;;;;;;;;;;;;;;;;;;;
3;Tube 7;312050.0;;;;;;;;;;;;;;;;;;312050.0;0.0;1205.0;False;G:\Experiments\PTT\Spheroids\26052025\28052025 before laser\Analysis\2025-05-28_112628_tube7_cropped_8bits2\3_1205_0_8bits.tiff;G:\Experiments\PTT\Spheroids\26052025\28052025 before laser\Analysis\2025-05-28_112628_tube7_segmentationDebug2\3_1205_0_segmented.tiff;2561.5;(75. 72);240.267025470733;0.876325692781388;57.1086954310735;0.557591160949829;0.900165524983697;1202.70220053198;0.955767672023811;0.877959640609786;0.839061831100109;312050.0;0.0;1205.0;False;E:\Experiments\PTT\Spheroids\26052025\28052025 after laser\Analysis\2025-05-28_154510_tube7_cropped_8bits\3_1205_0_8bits.tiff;E:\Experiments\PTT\Spheroids\26052025\28052025 after laser\Analysis\2025-05-28_154510_tube7_segmentationDebug\3_1205_0_segmented.tiff;2657.0;(74. 83);234.3675309419632;0.8979384927340318;58.16354073095385;0.6078641474099545;0.8916571111294543;1188.644267595464;0.9561075488923888;0.8739500163869447;0.8539738710994051;98.9291798491117;37.0;Alive
3;Tube 7;414050.0;414050.0;0.0;1405.0;False;G:\Experiments\PTT\Spheroids\26052025\27052025\Analysis\2025-05-27_122738_tube7_cropped_8bits2\4_1405_0_8bits.tiff;G:\Experiments\PTT\Spheroids\26052025\27052025\Analysis\2025-05-27_122738_tube7_segmentationDebug2\4_1405_0_segmented.tiff;1743.0;(75. 74);170.225395321846;0.944203683640303;47.1089856234815;0.755889910119721;0.875451139238062;953.923528223686;0.961395423013787;0.916608767637222;0.887339150104504;;;;;;;;;;;;;;;;;;;;;;;;;;;;;;;;;;;;;
3;Tube 7;415040.0;;;;;;;;;;;;;;;;;;;;;;;;;;;;;;;;;;;415040.0;0.0;1504.0;False;E:\Experiments\PTT\Spheroids\26052025\28052025 after laser\Analysis\2025-05-28_154510_tube7_cropped_8bits\4_1504_0_8bits.tiff;E:\Experiments\PTT\Spheroids\26052025\28052025 after laser\Analysis\2025-05-28_154510_tube7_segmentationDebug\4_1504_0_segmented.tiff;2465.5;(74. 73);204.6101713180542;0.9326650274257612;56.0283151410476;0.7400489263323435;0.9415512444812028;1096.5321051154085;0.960221741836586;0.883536623633601;0.8476922361216959;82.13677293745437;37.0;Alive
3;Tube 7;514010.0;;;;;;;;;;;;;;;;;;;;;;;;;;;;;;;;;;;514010.0;0.0;1401.0;False;E:\Experiments\PTT\Spheroids\26052025\28052025 after laser\Analysis\2025-05-28_154510_tube7_cropped_8bits\5_1401_0_8bits.tiff;E:\Experiments\PTT\Spheroids\26052025\28052025 after laser\Analysis\2025-05-28_154510_tube7_segmentationDebug\5_1401_0_segmented.tiff;2121.0;(75. 66);192.7106765508652;0.9268079528075158;51.96673045693062;0.7176934461604652;0.9495644812981476;1161.8832580700132;0.9651808793092644;0.8991848254667023;0.8522519950895587;84.44877099050865;37.0;Alive
3;Tube 7;515020.0;515020.0;0.0;1502.0;False;G:\Experiments\PTT\Spheroids\26052025\27052025\Analysis\2025-05-27_122738_tube7_cropped_8bits2\5_1502_0_8bits.tiff;G:\Experiments\PTT\Spheroids\26052025\27052025\Analysis\2025-05-27_122738_tube7_segmentationDebug2\5_1502_0_segmented.tiff;1647.5;(74. 74);173.639608979225;0.914008321775312;45.8002418110557;0.68665358041116;0.843666402159511;914.226365348399;0.963519643204836;0.92041841268086;0.860753837957745;515020.0;0.0;1502.0;False;G:\Experiments\PTT\Spheroids\26052025\28052025 before laser\Analysis\2025-05-28_112628_tube7_cropped_8bits2\5_1502_0_8bits.tiff;G:\Experiments\PTT\Spheroids\26052025\28052025 before laser\Analysis\2025-05-28_112628_tube7_segmentationDebug2\5_1502_0_segmented.tiff;2063.5;(75. 72);183.92387998104;0.939235320892125;51.2574853124985;0.766545780055323;0.97574654413075;1110.0966426447;0.970789796994297;0.902352417900687;0.832999940710316;;;;;;;;;;;;;;;;;;;;
3;Tube 7;611010.0;;;;;;;;;;;;;;;;;;;;;;;;;;;;;;;;;;;611010.0;0.0;1101.0;False;E:\Experiments\PTT\Spheroids\26052025\28052025 after laser\Analysis\2025-05-28_154510_tube7_cropped_8bits\6_1101_0_8bits.tiff;E:\Experiments\PTT\Spheroids\26052025\28052025 after laser\Analysis\2025-05-28_154510_tube7_segmentationDebug\6_1101_0_segmented.tiff;2186.0;(80. 76);207.19595742225647;0.8938867307299121;52.75700564655907;0.6398784236864945;0.868658708950353;1235.150696861786;0.963099824544767;0.8960745811150146;0.8437677487002491;88.70771477245073;37.0;Alive
3;Tube 7;612010.0;;;;;;;;;;;;;;;;;;612010.0;0.0;1201.0;False;G:\Experiments\PTT\Spheroids\26052025\28052025 before laser\Analysis\2025-05-28_112628_tube7_cropped_8bits2\6_1201_0_8bits.tiff;G:\Experiments\PTT\Spheroids\26052025\28052025 before laser\Analysis\2025-05-28_112628_tube7_segmentationDebug2\6_1201_0_segmented.tiff;2233.5;(73. 72);214.124890208244;0.882980826250247;53.3271087081044;0.612155159483664;0.872107159846393;1187.53295367588;0.962246003153385;0.893578272695575;0.855897209619771;;;;;;;;;;;;;;;;;;;;
3;Tube 7;708010.0;;;;;;;;;;;;;;;;;;;;;;;;;;;;;;;;;;;708010.0;0.0;801.0;False;E:\Experiments\PTT\Spheroids\26052025\28052025 after laser\Analysis\2025-05-28_154510_tube7_cropped_8bits\7_0801_0_8bits.tiff;E:\Experiments\PTT\Spheroids\26052025\28052025 after laser\Analysis\2025-05-28_154510_tube7_segmentationDebug\7_0801_0_segmented.tiff;2723.0;(66. 79);240.36753106117249;0.8938125718037092;58.88150202155044;0.5922511328513773;0.7519762026128586;1019.2190964112395;0.9497894025284782;0.8709216628597608;0.8962522905458836;11.347043076174252;53.0;Dead
3;Tube 7;709010.0;709010.0;0.0;901.0;False;G:\Experiments\PTT\Spheroids\26052025\27052025\Analysis\2025-05-27_122738_tube7_cropped_8bits2\7_0901_0_8bits.tiff;G:\Experiments\PTT\Spheroids\26052025\27052025\Analysis\2025-05-27_122738_tube7_segmentationDebug2\7_0901_0_segmented.tiff;1933.5;(76. 78);204.953317284584;0.873503501242376;49.6166167704473;0.578421112487329;0.725754250656559;987.572935599454;0.95754461017498;0.906354766307929;0.874287410148436;709010.0;0.0;901.0;False;G:\Experiments\PTT\Spheroids\26052025\28052025 before laser\Analysis\2025-05-28_112628_tube7_cropped_8bits2\7_0901_0_8bits.tiff;G:\Experiments\PTT\Spheroids\26052025\28052025 before laser\Analysis\2025-05-28_112628_tube7_segmentationDebug2\7_0901_0_segmented.tiff;2418.0;(69. 69);209.539103865623;0.914350538854225;55.4859731749351;0.692047646550344;0.918815576516998;1010.11387555022;0.9553559607772;0.8852434543416;0.861890973481971;;;;;;;;;;;;;;;;;;;;
3;Tube 7;805010.0;;;;;;;;;;;;;;;;;;;;;;;;;;;;;;;;;;;805010.0;0.0;501.0;False;E:\Experiments\PTT\Spheroids\26052025\28052025 after laser\Analysis\2025-05-28_154510_tube7_cropped_8bits\8_0501_0_8bits.tiff;E:\Experiments\PTT\Spheroids\26052025\28052025 after laser\Analysis\2025-05-28_154510_tube7_segmentationDebug\8_0501_0_segmented.tiff;2455.0;(73. 89);208.3675308227539;0.9262403320128276;55.908881962751;0.7105608409786955;0.9206037306142528;721.1403831537118;0.9505121300838634;0.8835351984481358;0.865074960809665;82.38014115356535;54.0;Alive
3;Tube 7;806010.0;806010.0;0.0;601.0;False;G:\Experiments\PTT\Spheroids\26052025\27052025\Analysis\2025-05-27_122738_tube7_cropped_8bits2\8_0601_0_8bits.tiff;G:\Experiments\PTT\Spheroids\26052025\27052025\Analysis\2025-05-27_122738_tube7_segmentationDebug2\8_0601_0_segmented.tiff;1654.5;(69. 73);168.953316926956;0.9302783244307;45.8974381285527;0.728355142382274;0.803548763455129;945.803949018596;0.963235132637468;0.920244107290145;0.869602384969127;;;;;;;;;;;;;;;;;;;;;;;;;;;;;;;;;;;;;
3;Tube 7;903010.0;903010.0;0.0;301.0;False;G:\Experiments\PTT\Spheroids\26052025\27052025\Analysis\2025-05-27_122738_tube7_cropped_8bits2\9_0301_0_8bits.tiff;G:\Experiments\PTT\Spheroids\26052025\27052025\Analysis\2025-05-27_122738_tube7_segmentationDebug2\9_0301_0_segmented.tiff;1677.5;(74. 72);170.468036293983;0.931426985008328;46.2153582296322;0.725414907474204;0.822575660690846;911.236714103653;0.964054952079602;0.919530070988239;0.884093268294831;;;;;;;;;;;;;;;;;;;;;;;;;;;;;;;;;;;;;
3;Tube 7;904010.0;;;;;;;;;;;;;;;;;;904010.0;0.0;401.0;False;G:\Experiments\PTT\Spheroids\26052025\28052025 before laser\Analysis\2025-05-28_112628_tube7_cropped_8bits2\9_0401_0_8bits.tiff;G:\Experiments\PTT\Spheroids\26052025\28052025 before laser\Analysis\2025-05-28_112628_tube7_segmentationDebug2\9_0401_0_segmented.tiff;2760.5;(74. 71);228.610171437263;0.911507346871388;59.2855611699966;0.663753030307907;0.884923637643966;1157.54642846041;0.9409021801964;0.869313173517425;0.87513224113458;;;;;;;;;;;;;;;;;;;;
3;Tube 8;1002040.0;1002040.0;0.0;204.0;False;G:\Experiments\PTT\Spheroids\26052025\27052025\Analysis\2025-05-27_123819_tube8_cropped_8bits2\10_0204_0_8bits.tiff;G:\Experiments\PTT\Spheroids\26052025\27052025\Analysis\2025-05-27_123819_tube8_segmentationDebug2\10_0204_0_segmented.tiff;1736.0;(75. 80);177.195957779884;0.907712418300653;47.0142940993507;0.6947874480199;0.967963424610424;1084.26365108277;0.959856926453366;0.91647043965081;0.87519828741452;1002040.0;0.0;204.0;False;G:\Experiments\PTT\Spheroids\26052025\28052025 before laser\Analysis\2025-05-28_113713_tube8_cropped_8bits2\10_0204_0_8bits.tiff;G:\Experiments\PTT\Spheroids\26052025\28052025 before laser\Analysis\2025-05-28_113713_tube8_segmentationDebug2\10_0204_0_segmented.tiff;2222.5;(75. 71);211.781744122505;0.887934478625649;53.1956284686429;0.622693872939719;0.869037414488251;790.302349356731;0.967897299093709;0.867421346040618;0.845275389431353;;;;;;;;;;;;;;;;;;;;
3;Tube 8;1002050.0;;;;;;;;;;;;;;;;;;;;;;;;;;;;;;;;;;;1002050.0;0.0;205.0;False;E:\Experiments\PTT\Spheroids\26052025\28052025 after laser\Analysis\2025-05-28_152957_tube8_cropped_8bits\10_0205_0_8bits.tiff;E:\Experiments\PTT\Spheroids\26052025\28052025 after laser\Analysis\2025-05-28_152957_tube8_segmentationDebug\10_0205_0_segmented.tiff;2542.0;(70. 72);216.36753070354465;0.9233563385397748;56.89090369045638;0.6823406310619948;0.914621733432024;1045.7515489635657;0.9554598033059936;0.8796251873093407;0.8529661755401934;39.212703820880996;51.0;Dead
3;Tube 8;104050.0;104050.0;0.0;405.0;False;G:\Experiments\PTT\Spheroids\26052025\27052025\Analysis\2025-05-27_123819_tube8_cropped_8bits2\1_0405_0_8bits.tiff;G:\Experiments\PTT\Spheroids\26052025\27052025\Analysis\2025-05-27_123819_tube8_segmentationDebug2\1_0405_0_segmented.tiff;1910.0;(73. 74);211.882249712944;0.847946725860155;49.314171699869;0.534630929814244;0.790389054852254;1128.7231317706;0.949016444415646;0.907479437550926;0.871480624801563;;;;;;;;;;;;;;;;;;104050.0;0.0;405.0;False;E:\Experiments\PTT\Spheroids\26052025\28052025 after laser\Analysis\2025-05-28_152957_tube8_cropped_8bits\1_0405_0_8bits.tiff;E:\Experiments\PTT\Spheroids\26052025\28052025 after laser\Analysis\2025-05-28_152957_tube8_segmentationDebug\1_0405_0_segmented.tiff;2213.5;(61. 75);208.1248903274536;0.9131600660066008;53.08781152271473;0.6421571852529027;0.8672616844062797;1125.6270689796866;0.9708895667692352;0.89481033112045;0.84542399484435;80.3723533706498;37.0;Alive
3;Tube 8;105050.0;;;;;;;;;;;;;;;;;;105050.0;0.0;505.0;False;G:\Experiments\PTT\Spheroids\26052025\28052025 before laser\Analysis\2025-05-28_113713_tube8_cropped_8bits2\1_0505_0_8bits.tiff;G:\Experiments\PTT\Spheroids\26052025\28052025 before laser\Analysis\2025-05-28_113713_tube8_segmentationDebug2\1_0505_0_segmented.tiff;2197.5;(78. 75);229.296463370323;0.854559595566789;52.8955943302986;0.525223361823423;0.776354255994637;1047.47778614107;0.967296694197918;0.894774623384824;0.846476650495612;;;;;;;;;;;;;;;;;;;;
3;Tube 8;1102080.0;;;;;;;;;;;;;;;;;;1102080.0;0.0;208.0;False;G:\Experiments\PTT\Spheroids\26052025\28052025 before laser\Analysis\2025-05-28_113713_tube8_cropped_8bits2\11_0208_0_8bits.tiff;G:\Experiments\PTT\Spheroids\26052025\28052025 before laser\Analysis\2025-05-28_113713_tube8_segmentationDebug2\11_0208_0_segmented.tiff;2137.5;(55. 71);193.639608740806;0.929752066115702;52.1684725372653;0.716353842069669;0.900159419148463;694.736892202589;0.965487620009441;0.878509554893445;0.871924403774924;1102080.0;0.0;208.0;False;E:\Experiments\PTT\Spheroids\26052025\28052025 after laser\Analysis\2025-05-28_152957_tube8_cropped_8bits\11_0208_0_8bits.tiff;E:\Experiments\PTT\Spheroids\26052025\28052025 after laser\Analysis\2025-05-28_152957_tube8_segmentationDebug\11_0208_0_segmented.tiff;2403.5;(74. 73);218.26702558994293;0.901368835552222;55.31935688139337;0.6339831715442662;0.9381933656075524;1102.2448230249954;0.9653909327712724;0.8861775915363538;0.8805034822160817;11.894621562423948;81.0;Dead
3;Tube 8;1202100.0;1202100.0;0.0;210.0;False;G:\Experiments\PTT\Spheroids\26052025\27052025\Analysis\2025-05-27_123819_tube8_cropped_8bits2\12_0210_0_8bits.tiff;G:\Experiments\PTT\Spheroids\26052025\27052025\Analysis\2025-05-27_123819_tube8_segmentationDebug2\12_0210_0_segmented.tiff;1543.0;(73. 78);161.740114331245;0.939707673568818;44.3239057115497;0.741208342106681;0.921941020010005;927.993269369905;0.968212879307075;0.925695969496294;0.900441593101163;1202100.0;0.0;210.0;False;G:\Experiments\PTT\Spheroids\26052025\28052025 before laser\Analysis\2025-05-28_113713_tube8_cropped_8bits2\12_0210_0_8bits.tiff;G:\Experiments\PTT\Spheroids\26052025\28052025 before laser\Analysis\2025-05-28_113713_tube8_segmentationDebug2\12_0210_0_segmented.tiff;1364.0;(80. 69);153.882249236106;0.921933085501858;41.6737176049697;0.723847673956825;0.844043013837772;848.299347020388;0.979729847372958;0.934217640211484;0.893059520325152;;;;;;;;;;;;;;;;;;;;
3;Tube 8;1202110.0;;;;;;;;;;;;;;;;;;;;;;;;;;;;;;;;;;;1202110.0;0.0;211.0;False;E:\Experiments\PTT\Spheroids\26052025\28052025 after laser\Analysis\2025-05-28_152957_tube8_cropped_8bits\12_0211_0_8bits.tiff;E:\Experiments\PTT\Spheroids\26052025\28052025 after laser\Analysis\2025-05-28_152957_tube8_segmentationDebug\12_0211_0_segmented.tiff;1789.0;(71. 82);236.5096662044525;0.7900198719364098;47.72657064498984;0.401904079309969;0.7885030039978038;689.5477383267439;0.9678576319950184;0.912371913473674;0.8897148044138473;5.378437576052568;46.0;Dead
3;Tube 8;1302130.0;1302130.0;0.0;213.0;False;G:\Experiments\PTT\Spheroids\26052025\27052025\Analysis\2025-05-27_123819_tube8_cropped_8bits2\13_0213_0_8bits.tiff;G:\Experiments\PTT\Spheroids\26052025\27052025\Analysis\2025-05-27_123819_tube8_segmentationDebug2\13_0213_0_segmented.tiff;1671.0;(72. 75);177.882249593734;0.907658881042911;46.1257333736002;0.663622477653842;0.790330319857481;1010.36453259984;0.959277253269368;0.91957423681944;0.88663512116896;1302130.0;0.0;213.0;False;G:\Experiments\PTT\Spheroids\26052025\28052025 before laser\Analysis\2025-05-28_113713_tube8_cropped_8bits2\13_0213_0_8bits.tiff;G:\Experiments\PTT\Spheroids\26052025\28052025 before laser\Analysis\2025-05-28_113713_tube8_segmentationDebug2\13_0213_0_segmented.tiff;2254.5;(76. 70);234.953317403793;0.840447343895619;53.5772204729344;0.513212163466897;0.843169262492434;865.983492966475;0.966464637238897;0.892151938855323;0.890910279963913;;;;;;;;;;;;;;;;;;;;
3;Tube 8;1302140.0;;;;;;;;;;;;;;;;;;;;;;;;;;;;;;;;;;;1302140.0;0.0;214.0;False;E:\Experiments\PTT\Spheroids\26052025\28052025 after laser\Analysis\2025-05-28_152957_tube8_cropped_8bits\13_0214_0_8bits.tiff;E:\Experiments\PTT\Spheroids\26052025\28052025 after laser\Analysis\2025-05-28_152957_tube8_segmentationDebug\13_0214_0_segmented.tiff;2620.5;(81. 83);227.78174459934235;0.9059636992221262;57.7626542584263;0.6346820242580995;0.8868987919891588;838.0072085398427;0.966193529677146;0.87630711798296;0.9087103659597766;8.715624239474325;77.0;Dead
3;Tube 8;1402160.0;;;;;;;;;;;;;;;;;;1402160.0;0.0;216.0;False;G:\Experiments\PTT\Spheroids\26052025\28052025 before laser\Analysis\2025-05-28_113713_tube8_cropped_8bits2\14_0216_0_8bits.tiff;G:\Experiments\PTT\Spheroids\26052025\28052025 before laser\Analysis\2025-05-28_113713_tube8_segmentationDebug2\14_0216_0_segmented.tiff;1473.5;(75. 73);158.811181902885;0.937639198218262;43.3141832332927;0.734172052759045;0.861832233849963;785.180926916221;0.970995399493149;0.929066199268117;0.867174291112731;1402160.0;0.0;216.0;False;E:\Experiments\PTT\Spheroids\26052025\28052025 after laser\Analysis\2025-05-28_152957_tube8_cropped_8bits\14_0216_0_8bits.tiff;E:\Experiments\PTT\Spheroids\26052025\28052025 after laser\Analysis\2025-05-28_152957_tube8_segmentationDebug\14_0216_0_segmented.tiff;1308.0;(71. 80);149.05382204055786;0.9306296691568836;40.8092798823208;0.7398290404066377;0.8643957314614695;894.7527380952382;0.980962234533548;0.9354959068264708;0.8570918659658278;8.533098077391093;45.0;Dead
3;Tube 8;1402170.0;1402170.0;0.0;217.0;False;G:\Experiments\PTT\Spheroids\26052025\27052025\Analysis\2025-05-27_123819_tube8_cropped_8bits2\14_0217_0_8bits.tiff;G:\Experiments\PTT\Spheroids\26052025\27052025\Analysis\2025-05-27_123819_tube8_segmentationDebug2\14_0217_0_segmented.tiff;1335.0;(76. 71);154.225395321846;0.912820512820512;41.2283251202549;0.705308869786531;0.805000128557252;944.116694033935;0.971392525168127;0.93540709000678;0.863105149026908;;;;;;;;;;;;;;;;;;;;;;;;;;;;;;;;;;;;;
3;Tube 8;1502180.0;;;;;;;;;;;;;;;;;;1502180.0;0.0;218.0;False;G:\Experiments\PTT\Spheroids\26052025\28052025 before laser\Analysis\2025-05-28_113713_tube8_cropped_8bits2\15_0218_0_8bits.tiff;G:\Experiments\PTT\Spheroids\26052025\28052025 before laser\Analysis\2025-05-28_113713_tube8_segmentationDebug2\15_0218_0_segmented.tiff;2329.0;(73. 71);195.68123948574;0.940630048465266;54.4552559418114;0.76433011497048;0.954531544400838;909.524492083508;0.96504644166168;0.889891778558244;0.86872158074112;;;;;;;;;;;;;;;;;;;;
3;Tube 8;1502190.0;1502190.0;0.0;219.0;False;G:\Experiments\PTT\Spheroids\26052025\27052025\Analysis\2025-05-27_123819_tube8_cropped_8bits2\15_0219_0_8bits.tiff;G:\Experiments\PTT\Spheroids\26052025\27052025\Analysis\2025-05-27_123819_tube8_segmentationDebug2\15_0219_0_segmented.tiff;1590.5;(77. 72);162.610171198844;0.938624963115963;45.0009721661796;0.755871765795987;0.912837227150856;1142.65601632795;0.962291699157184;0.923558928192793;0.875384411417362;;;;;;;;;;;;;;;;;;;;;;;;;;;;;;;;;;;;;
3;Tube 8;1502200.0;;;;;;;;;;;;;;;;;;;;;;;;;;;;;;;;;;;1502200.0;0.0;220.0;False;E:\Experiments\PTT\Spheroids\26052025\28052025 after laser\Analysis\2025-05-28_152957_tube8_cropped_8bits\15_0220_0_8bits.tiff;E:\Experiments\PTT\Spheroids\26052025\28052025 after laser\Analysis\2025-05-28_152957_tube8_segmentationDebug\15_0220_0_segmented.tiff;2421.0;(68. 79);199.0538227558136;0.9442277691107644;55.5203830840875;0.7678274046479542;0.969337429067217;1009.1990629042742;0.9614853294736746;0.8856877405999396;0.8749211393498928;10.297517644195668;72.0;Dead
3;Tube 8;1602220.0;1602220.0;0.0;222.0;False;G:\Experiments\PTT\Spheroids\26052025\27052025\Analysis\2025-05-27_123819_tube8_cropped_8bits2\16_0222_0_8bits.tiff;G:\Experiments\PTT\Spheroids\26052025\27052025\Analysis\2025-05-27_123819_tube8_segmentationDebug2\16_0222_0_segmented.tiff;1440.5;(76. 72);161.497473716735;0.909693716450899;42.8264119929629;0.69405144127671;0.971043967174449;907.526984597746;0.96283490795533;0.930362646388156;0.861726145602636;1602220.0;0.0;222.0;False;G:\Experiments\PTT\Spheroids\26052025\28052025 before laser\Analysis\2025-05-28_113713_tube8_cropped_8bits2\16_0222_0_8bits.tiff;G:\Experiments\PTT\Spheroids\26052025\28052025 before laser\Analysis\2025-05-28_113713_tube8_segmentationDebug2\16_0222_0_segmented.tiff;1962.5;(79. 79);177.296463251113;0.944645006016847;49.9873244587341;0.784547756570733;0.970560970606571;989.458846950151;0.969089725833823;0.906741186059983;0.846206587487757;;;;;;;;;;;;;;;;;;;;
3;Tube 8;1602230.0;;;;;;;;;;;;;;;;;;;;;;;;;;;;;;;;;;;1602230.0;0.0;223.0;False;E:\Experiments\PTT\Spheroids\26052025\28052025 after laser\Analysis\2025-05-28_152957_tube8_cropped_8bits\16_0223_0_8bits.tiff;E:\Experiments\PTT\Spheroids\26052025\28052025 after laser\Analysis\2025-05-28_152957_tube8_segmentationDebug\16_0223_0_segmented.tiff;2026.0;(83. 82);195.19595754146576;0.9159132007233272;50.78959851813597;0.6682018388493867;0.904463896023584;1029.5016479981591;0.9619830460212768;0.9030055266314688;0.8437422709485319;49.038695546361645;50.0;Dead
3;Tube 8;1703240.0;;;;;;;;;;;;;;;;;;1703240.0;0.0;324.0;False;G:\Experiments\PTT\Spheroids\26052025\28052025 before laser\Analysis\2025-05-28_113713_tube8_cropped_8bits2\17_0324_0_8bits.tiff;G:\Experiments\PTT\Spheroids\26052025\28052025 before laser\Analysis\2025-05-28_113713_tube8_segmentationDebug2\17_0324_0_segmented.tiff;1866.5;(72. 76);173.639608979225;0.944585020242915;48.7493754857247;0.777929534347454;0.84923434676598;1113.4390789641;0.972673765204361;0.911096692349161;0.849770463724804;;;;;;;;;;;;;;;;;;;;
3;Tube 8;1704240.0;1704240.0;0.0;424.0;False;G:\Experiments\PTT\Spheroids\26052025\27052025\Analysis\2025-05-27_123819_tube8_cropped_8bits2\17_0424_0_8bits.tiff;G:\Experiments\PTT\Spheroids\26052025\27052025\Analysis\2025-05-27_123819_tube8_segmentationDebug2\17_0424_0_segmented.tiff;1579.5;(77. 66);165.154327630996;0.927208687995303;44.8450873665019;0.727695313164543;0.950661596437804;1003.37311377321;0.964284331629046;0.923908161024112;0.881713825821341;;;;;;;;;;;;;;;;;;;;;;;;;;;;;;;;;;;;;
3;Tube 8;1705240.0;;;;;;;;;;;;;;;;;;;;;;;;;;;;;;;;;;;1705240.0;0.0;524.0;False;E:\Experiments\PTT\Spheroids\26052025\28052025 after laser\Analysis\2025-05-28_152957_tube8_cropped_8bits\17_0524_0_8bits.tiff;E:\Experiments\PTT\Spheroids\26052025\28052025 after laser\Analysis\2025-05-28_152957_tube8_segmentationDebug\17_0524_0_segmented.tiff;2470.5;(79. 70);225.2964633703232;0.9016423357664234;56.08509869179352;0.6116260488438284;0.8821170677394958;952.4291370417732;0.9542649189195948;0.8707030205628894;0.8931795321216778;2.418471647602823;59.0;Dead
3;Tube 8;1806240.0;;;;;;;;;;;;;;;;;;1806240.0;0.0;624.0;False;G:\Experiments\PTT\Spheroids\26052025\28052025 before laser\Analysis\2025-05-28_113713_tube8_cropped_8bits2\18_0624_0_8bits.tiff;G:\Experiments\PTT\Spheroids\26052025\28052025 before laser\Analysis\2025-05-28_113713_tube8_segmentationDebug2\18_0624_0_segmented.tiff;2052.5;(77. 70);189.781744480133;0.925591882750845;51.1206823660338;0.716117292607779;0.9510879443231;1030.14571362353;0.960869335745293;0.902212111031598;0.8654516000024;;;;;;;;;;;;;;;;;;;;
3;Tube 8;1807240.0;1807240.0;0.0;724.0;False;G:\Experiments\PTT\Spheroids\26052025\27052025\Analysis\2025-05-27_123819_tube8_cropped_8bits2\18_0724_0_8bits.tiff;G:\Experiments\PTT\Spheroids\26052025\27052025\Analysis\2025-05-27_123819_tube8_segmentationDebug2\18_0724_0_segmented.tiff;1241.0;(77. 78);147.053822875022;0.917560073937153;39.7503493697393;0.721155644883127;0.944734215854182;636.661304220826;0.983094668053215;0.939897741999613;0.91046771059011;;;;;;;;;;;;;;;;;;;;;;;;;;;;;;;;;;;;;
3;Tube 8;1808240.0;;;;;;;;;;;;;;;;;;;;;;;;;;;;;;;;;;;1808240.0;0.0;824.0;False;E:\Experiments\PTT\Spheroids\26052025\28052025 after laser\Analysis\2025-05-28_152957_tube8_cropped_8bits\18_0824_0_8bits.tiff;E:\Experiments\PTT\Spheroids\26052025\28052025 after laser\Analysis\2025-05-28_152957_tube8_segmentationDebug\18_0824_0_segmented.tiff;2098.5;(70. 72);202.9533174037933;0.9049159120310478;51.6903587202366;0.6402160071548308;0.9489093097022984;872.3833636201894;0.9612067485023909;0.8964187113248152;0.8889240911453339;41.79849111706012;48.0;Dead
3;Tube 8;1909240.0;;;;;;;;;;;;;;;;;;1909240.0;0.0;924.0;False;G:\Experiments\PTT\Spheroids\26052025\28052025 before laser\Analysis\2025-05-28_113713_tube8_cropped_8bits2\19_0924_0_8bits.tiff;G:\Experiments\PTT\Spheroids\26052025\28052025 before laser\Analysis\2025-05-28_113713_tube8_segmentationDebug2\19_0924_0_segmented.tiff;1818.5;(73. 75);179.296463012695;0.915198792148968;48.1184591617488;0.71085287592872;0.913772456963097;965.460521232343;0.967184698282053;0.913075106096235;0.86114199380511;;;;;;;;;;;;;;;;;;;;
3;Tube 8;1910240.0;1910240.0;0.0;1024.0;False;G:\Experiments\PTT\Spheroids\26052025\27052025\Analysis\2025-05-27_123819_tube8_cropped_8bits2\19_1024_0_8bits.tiff;G:\Experiments\PTT\Spheroids\26052025\27052025\Analysis\2025-05-27_123819_tube8_segmentationDebug2\19_1024_0_segmented.tiff;1552.0;(78. 79);157.882249593734;0.937481123527635;44.4529838529313;0.782411039017353;0.902102400246107;745.850504834755;0.963907455486468;0.925334828881411;0.885977965037697;;;;;;;;;;;;;;;;;;1910240.0;0.0;1024.0;False;E:\Experiments\PTT\Spheroids\26052025\28052025 after laser\Analysis\2025-05-28_152957_tube8_cropped_8bits\19_1024_0_8bits.tiff;E:\Experiments\PTT\Spheroids\26052025\28052025 after laser\Analysis\2025-05-28_152957_tube8_segmentationDebug\19_1024_0_segmented.tiff;1912.5;(74. 77);191.78174424171448;0.9036144578313252;49.34643481859656;0.6534265541206642;0.8567535232232226;975.4746724819132;0.9610103830819188;0.9080616432987184;0.8597460293094185;41.88975419810173;49.0;Dead
3;Tube 8;2013240.0;2013240.0;0.0;1324.0;False;G:\Experiments\PTT\Spheroids\26052025\27052025\Analysis\2025-05-27_123819_tube8_cropped_8bits2\20_1324_0_8bits.tiff;G:\Experiments\PTT\Spheroids\26052025\27052025\Analysis\2025-05-27_123819_tube8_segmentationDebug2\20_1324_0_segmented.tiff;1391.5;(74. 71);148.325900912284;0.955372468245794;42.0917192152919;0.794802244655709;0.931490316532206;936.242889203317;0.965144452627809;0.932864304815923;0.882897482625395;;;;;;;;;;;;;;;;;;2013240.0;0.0;1324.0;False;E:\Experiments\PTT\Spheroids\26052025\28052025 after laser\Analysis\2025-05-28_152957_tube8_cropped_8bits\20_1324_0_8bits.tiff;E:\Experiments\PTT\Spheroids\26052025\28052025 after laser\Analysis\2025-05-28_152957_tube8_segmentationDebug\20_1324_0_segmented.tiff;2215.0;(67. 81);200.2253955602646;0.9273602679505966;53.10579621461659;0.6942969763983011;0.9192000227612342;694.7917548186614;0.9543183046023944;0.8944472730729934;0.84701673563588;46.20954003407155;55.0;Dead
3;Tube 8;207050.0;207050.0;0.0;705.0;False;G:\Experiments\PTT\Spheroids\26052025\27052025\Analysis\2025-05-27_123819_tube8_cropped_8bits2\2_0705_0_8bits.tiff;G:\Experiments\PTT\Spheroids\26052025\27052025\Analysis\2025-05-27_123819_tube8_segmentationDebug2\2_0705_0_segmented.tiff;1930.5;(72. 74);182.953317761421;0.925899280575539;49.5781094951313;0.724768134671339;0.891479976655603;1010.47205015559;0.950354135436916;0.907627609994261;0.884307013650539;;;;;;;;;;;;;;;;;;207050.0;0.0;705.0;False;E:\Experiments\PTT\Spheroids\26052025\28052025 after laser\Analysis\2025-05-28_152957_tube8_cropped_8bits\2_0705_0_8bits.tiff;E:\Experiments\PTT\Spheroids\26052025\28052025 after laser\Analysis\2025-05-28_152957_tube8_segmentationDebug\2_0705_0_segmented.tiff;2460.5;(84. 86);206.6101714372635;0.9256960120391272;55.97147398292159;0.724318932784616;0.976805387373984;1094.4395711698685;0.9591183035080392;0.8835777049192688;0.8630701996329484;66.56120710635192;37.0;Alive
3;Tube 8;208050.0;;;;;;;;;;;;;;;;;;208050.0;0.0;805.0;False;G:\Experiments\PTT\Spheroids\26052025\28052025 before laser\Analysis\2025-05-28_113713_tube8_cropped_8bits2\2_0805_0_8bits.tiff;G:\Experiments\PTT\Spheroids\26052025\28052025 before laser\Analysis\2025-05-28_113713_tube8_segmentationDebug2\2_0805_0_segmented.tiff;2374.0;(74. 78);205.33809363842;0.929886408147277;54.9788202783697;0.707540863410163;0.97410897812889;916.683220061595;0.963668411343105;0.887600955306125;0.883394316968026;;;;;;;;;;;;;;;;;;;;
3;Tube 8;310050.0;310050.0;0.0;1005.0;False;G:\Experiments\PTT\Spheroids\26052025\27052025\Analysis\2025-05-27_123819_tube8_cropped_8bits2\3_1005_0_8bits.tiff;G:\Experiments\PTT\Spheroids\26052025\27052025\Analysis\2025-05-27_123819_tube8_segmentationDebug2\3_1005_0_segmented.tiff;1675.0;(71. 74);163.539103269577;0.950354609929078;46.1809077155419;0.787012175654822;0.89217372406548;752.611208791208;0.9670564785442;0.919904992410239;0.90008462405622;;;;;;;;;;;;;;;;;;;;;;;;;;;;;;;;;;;;;
3;Tube 8;311050.0;;;;;;;;;;;;;;;;;;311050.0;0.0;1105.0;False;G:\Experiments\PTT\Spheroids\26052025\28052025 before laser\Analysis\2025-05-28_113713_tube8_cropped_8bits2\3_1105_0_8bits.tiff;G:\Experiments\PTT\Spheroids\26052025\28052025 before laser\Analysis\2025-05-28_113713_tube8_segmentationDebug2\3_1105_0_segmented.tiff;2243.0;(77. 73);199.396968841552;0.927242662257131;53.4403995011355;0.708927843004812;0.867504398366894;772.095791235785;0.976414134149941;0.894077511035218;0.897300104962024;311050.0;0.0;1105.0;False;E:\Experiments\PTT\Spheroids\26052025\28052025 after laser\Analysis\2025-05-28_152957_tube8_cropped_8bits\3_1105_0_8bits.tiff;E:\Experiments\PTT\Spheroids\26052025\28052025 after laser\Analysis\2025-05-28_152957_tube8_segmentationDebug\3_1105_0_segmented.tiff;2357.5;(74. 70);204.12488996982572;0.9225200547837996;54.787427633656485;0.7110000612465738;0.8980514407796444;1141.9564795179742;0.961646091194295;0.8881601331647052;0.8718510020229004;64.55341932343636;37.0;Alive
3;Tube 8;414050.0;414050.0;0.0;1405.0;False;G:\Experiments\PTT\Spheroids\26052025\27052025\Analysis\2025-05-27_123819_tube8_cropped_8bits2\4_1405_0_8bits.tiff;G:\Experiments\PTT\Spheroids\26052025\27052025\Analysis\2025-05-27_123819_tube8_segmentationDebug2\4_1405_0_segmented.tiff;1981.0;(73. 75);207.195957779884;0.873071837814015;50.2223808487845;0.579871524678453;0.948217926942591;1019.78416498729;0.954590482980685;0.90459188675884;0.888065653279716;414050.0;0.0;1405.0;False;G:\Experiments\PTT\Spheroids\26052025\28052025 before laser\Analysis\2025-05-28_113713_tube8_cropped_8bits2\4_1405_0_8bits.tiff;G:\Experiments\PTT\Spheroids\26052025\28052025 before laser\Analysis\2025-05-28_113713_tube8_segmentationDebug2\4_1405_0_segmented.tiff;2414.5;(75. 67);207.781744360923;0.923680183626625;55.4458012906572;0.702784699702748;0.823538648578268;804.903283828382;0.968582710439796;0.885779977133337;0.860345653106116;;;;;;;;;;;;;;;;;;;;
3;Tube 8;415040.0;;;;;;;;;;;;;;;;;;;;;;;;;;;;;;;;;;;415040.0;0.0;1504.0;False;E:\Experiments\PTT\Spheroids\26052025\28052025 after laser\Analysis\2025-05-28_152957_tube8_cropped_8bits\4_1504_0_8bits.tiff;E:\Experiments\PTT\Spheroids\26052025\28052025 after laser\Analysis\2025-05-28_152957_tube8_segmentationDebug\4_1504_0_segmented.tiff;2477.0;(73. 71);210.02438497543332;0.9152041381858488;56.15883147207568;0.7056615062583816;0.9376386312358744;1106.849578714308;0.9587985763527808;0.8828715242505886;0.8359872772066075;69.17741542954491;37.0;Alive
3;Tube 8;514010.0;;;;;;;;;;;;;;;;;;;;;;;;;;;;;;;;;;;514010.0;0.0;1401.0;False;E:\Experiments\PTT\Spheroids\26052025\28052025 after laser\Analysis\2025-05-28_152957_tube8_cropped_8bits\5_1401_0_8bits.tiff;E:\Experiments\PTT\Spheroids\26052025\28052025 after laser\Analysis\2025-05-28_152957_tube8_segmentationDebug\5_1401_0_segmented.tiff;2554.0;(78. 72);211.33809316158292;0.9377639067376538;57.02502781457985;0.7185801030608959;0.9300870339458058;960.4355579478324;0.9580795667664992;0.8793711346074102;0.8559623077578677;109.6982234120224;37.0;Alive
3;Tube 8;515030.0;515030.0;0.0;1503.0;False;G:\Experiments\PTT\Spheroids\26052025\27052025\Analysis\2025-05-27_123819_tube8_cropped_8bits2\5_1503_0_8bits.tiff;G:\Experiments\PTT\Spheroids\26052025\27052025\Analysis\2025-05-27_123819_tube8_segmentationDebug2\5_1503_0_segmented.tiff;1931.5;(76. 78);184.610170960426;0.927045836333093;49.5909485758839;0.712185828446875;0.820825690022637;900.278584081994;0.954718496330416;0.907464901460519;0.874453177792061;515030.0;0.0;1503.0;False;G:\Experiments\PTT\Spheroids\26052025\28052025 before laser\Analysis\2025-05-28_113713_tube8_cropped_8bits2\5_1503_0_8bits.tiff;G:\Experiments\PTT\Spheroids\26052025\28052025 before laser\Analysis\2025-05-28_113713_tube8_segmentationDebug2\5_1503_0_segmented.tiff;2204.0;(83. 69);193.882249832153;0.936278674596431;52.9737666831073;0.736792765368142;0.917175506408339;1150.48648803827;0.968773181940177;0.8956755596455;0.846601784692156;;;;;;;;;;;;;;;;;;;;
3;Tube 8;611010.0;;;;;;;;;;;;;;;;;;;;;;;;;;;;;;;;;;;611010.0;0.0;1101.0;False;E:\Experiments\PTT\Spheroids\26052025\28052025 after laser\Analysis\2025-05-28_152957_tube8_cropped_8bits\6_1101_0_8bits.tiff;E:\Experiments\PTT\Spheroids\26052025\28052025 after laser\Analysis\2025-05-28_152957_tube8_segmentationDebug\6_1101_0_segmented.tiff;2304.5;(72. 76);214.26702558994293;0.9026635330983156;54.16807667660153;0.6307770660346592;0.9471586886388405;1001.9221968568452;0.9632241736589152;0.8904497291749712;0.839121136652562;71.48941348259918;37.0;Alive
3;Tube 8;612010.0;612010.0;0.0;1201.0;False;G:\Experiments\PTT\Spheroids\26052025\27052025\Analysis\2025-05-27_123819_tube8_cropped_8bits2\6_1201_0_8bits.tiff;G:\Experiments\PTT\Spheroids\26052025\27052025\Analysis\2025-05-27_123819_tube8_segmentationDebug2\6_1201_0_segmented.tiff;1747.5;(77. 80);173.639608860015;0.917082130674363;47.1697583672494;0.728332099190337;0.916498410473775;852.543858855212;0.957707021286617;0.916000889757583;0.874826550135537;612010.0;0.0;1201.0;False;G:\Experiments\PTT\Spheroids\26052025\28052025 before laser\Analysis\2025-05-28_113713_tube8_cropped_8bits2\6_1201_0_8bits.tiff;G:\Experiments\PTT\Spheroids\26052025\28052025 before laser\Analysis\2025-05-28_113713_tube8_segmentationDebug2\6_1201_0_segmented.tiff;2405.5;(72. 67);217.095452547073;0.902457325079722;55.3423682621229;0.641377576538247;0.877371981943191;1090.22432925187;0.962696834986767;0.885714901532593;0.851896474562744;;;;;;;;;;;;;;;;;;;;
3;Tube 8;708010.0;;;;;;;;;;;;;;;;;;;;;;;;;;;;;;;;;;;708010.0;0.0;801.0;False;E:\Experiments\PTT\Spheroids\26052025\28052025 after laser\Analysis\2025-05-28_152957_tube8_cropped_8bits\7_0801_0_8bits.tiff;E:\Experiments\PTT\Spheroids\26052025\28052025 after laser\Analysis\2025-05-28_152957_tube8_segmentationDebug\7_0801_0_segmented.tiff;1939.5;(76. 83);183.29646348953247;0.9268817204301076;49.69354180387878;0.7254232594487746;0.8599873919440695;816.3854939541766;0.9594665128002672;0.9072776321668292;0.8789308693147349;8.441834996349478;48.0;Dead
3;Tube 8;710010.0;710010.0;0.0;1001.0;False;G:\Experiments\PTT\Spheroids\26052025\27052025\Analysis\2025-05-27_123819_tube8_cropped_8bits2\7_1001_0_8bits.tiff;G:\Experiments\PTT\Spheroids\26052025\27052025\Analysis\2025-05-27_123819_tube8_segmentationDebug2\7_1001_0_segmented.tiff;1614.0;(75. 78);185.539103746414;0.876697447039652;45.332202959955;0.589172524355743;0.823060700151846;948.046345144048;0.964801196098656;0.921886132724553;0.896580660463304;;;;;;;;;;;;;;;;;;;;;;;;;;;;;;;;;;;;;
3;Tube 8;806010.0;806010.0;0.0;601.0;False;G:\Experiments\PTT\Spheroids\26052025\27052025\Analysis\2025-05-27_123819_tube8_cropped_8bits2\8_0601_0_8bits.tiff;G:\Experiments\PTT\Spheroids\26052025\27052025\Analysis\2025-05-27_123819_tube8_segmentationDebug2\8_0601_0_segmented.tiff;1509.0;(71. 81);169.882249474525;0.897146254458977;43.8328469644097;0.657057077658962;0.951851759114364;1006.89409102528;0.960486308694164;0.926737232451897;0.874380762214195;;;;;;;;;;;;;;;;;;806010.0;0.0;601.0;False;E:\Experiments\PTT\Spheroids\26052025\28052025 after laser\Analysis\2025-05-28_152957_tube8_cropped_8bits\8_0601_0_8bits.tiff;E:\Experiments\PTT\Spheroids\26052025\28052025 after laser\Analysis\2025-05-28_152957_tube8_segmentationDebug\8_0601_0_segmented.tiff;2049.0;(68. 77);188.0243853330612;0.9300953245574216;51.07707731617333;0.7283220646872716;0.8853655081679519;960.3502102205324;0.9710004046379884;0.902720383289498;0.8751733560462849;38.81723046970066;44.0;Dead
3;Tube 8;902020.0;;;;;;;;;;;;;;;;;;902020.0;0.0;202.0;False;G:\Experiments\PTT\Spheroids\26052025\28052025 before laser\Analysis\2025-05-28_113713_tube8_cropped_8bits2\9_0202_0_8bits.tiff;G:\Experiments\PTT\Spheroids\26052025\28052025 before laser\Analysis\2025-05-28_113713_tube8_segmentationDebug2\9_0202_0_segmented.tiff;1971.0;(76. 74);183.053822875022;0.939242315939957;50.0954603000412;0.739160723974965;0.942429248457374;708.145135690002;0.968211252492737;0.883291644542446;0.848157174526337;902020.0;0.0;202.0;False;E:\Experiments\PTT\Spheroids\26052025\28052025 after laser\Analysis\2025-05-28_152957_tube8_cropped_8bits\9_0202_0_8bits.tiff;E:\Experiments\PTT\Spheroids\26052025\28052025 after laser\Analysis\2025-05-28_152957_tube8_segmentationDebug\9_0202_0_segmented.tiff;2218.0;(69. 83);208.0243853330612;0.9133209800288244;53.14174733881632;0.6440845935012283;0.9093372013450676;1028.9513798421754;0.9737728024723684;0.8948149750740844;0.864718064763501;2.9751764419566813;58.0;Dead
3;Tube 8;903010.0;903010.0;0.0;301.0;False;G:\Experiments\PTT\Spheroids\26052025\27052025\Analysis\2025-05-27_123819_tube8_cropped_8bits2\9_0301_0_8bits.tiff;G:\Experiments\PTT\Spheroids\26052025\27052025\Analysis\2025-05-27_123819_tube8_segmentationDebug2\9_0301_0_segmented.tiff;1518.0;(77. 75);159.740114331245;0.935304990757855;43.9633668968605;0.747573079319687;0.907018011272286;1137.98424030782;0.96086679837804;0.926874692903528;0.872996266623371;;;;;;;;;;;;;;;;;;;;;;;;;;;;;;;;;;;;;
4;Tube 5;1002050.0;;;;;;;;;;;;;;;;;;1002050.0;0.0;205.0;False;F:\For Leo to analyse\0907 before laser\Analysis\2025-07-09_105705_tube5_cropped_8bits\10_0205_0_8bits.tiff;F:\For Leo to analyse\0907 before laser\Analysis\2025-07-09_105705_tube5_segmentationDebug\10_0205_0_segmented.tiff;1858.5;(81. 75);172.46803629398346;0.9499105545617174;48.64479102525058;0.7851546233278147;0.9586472805087124;954.8097841880556;0.972124739686998;0.911610282307084;0.8676450067120764;1002050.0;0.0;205.0;False;G:\Experiments\PTT\Spheroids\07072025_mda\0907 after laser\Analysis\2025-07-09_160300_tube5_cropped_8bits2\10_0205_0_8bits.tiff;G:\Experiments\PTT\Spheroids\07072025_mda\0907 after laser\Analysis\2025-07-09_160300_tube5_segmentationDebug2\10_0205_0_segmented.tiff;1870.5;(77. 78);174.468036293983;0.947328437579134;48.8015836672041;0.772210727771723;0.938900713753638;877.226398040961;0.970427767085011;0.910836486459198;0.8900044339321;57.469640204121184;73.0;Alive
4;Tube 5;108050.0;;;;;;;;;;;;;;;;;;;;;;;;;;;;;;;;;;;108050.0;0.0;805.0;False;G:\Experiments\PTT\Spheroids\07072025_mda\0907 after laser\Analysis\2025-07-09_160300_tube5_cropped_8bits2\1_0805_0_8bits.tiff;G:\Experiments\PTT\Spheroids\07072025_mda\0907 after laser\Analysis\2025-07-09_160300_tube5_segmentationDebug2\1_0805_0_segmented.tiff;2563.5;(73. 77);212.267025709152;0.921459381739755;57.1309861014895;0.714954026850727;0.962132274241516;1101.35874312264;0.947357287122357;0.878787905079444;0.858702553598109;125.59346941412055;37.0;Alive
4;Tube 5;1102070.0;;;;;;;;;;;;;;;;;;1102070.0;0.0;207.0;False;F:\For Leo to analyse\0907 before laser\Analysis\2025-07-09_105705_tube5_cropped_8bits\11_0207_0_8bits.tiff;F:\For Leo to analyse\0907 before laser\Analysis\2025-07-09_105705_tube5_segmentationDebug\11_0207_0_segmented.tiff;1734.0;(78. 79);167.05382251739502;0.9537953795379538;46.987204328101626;0.7808113577256953;0.8998523661668708;810.5221577956189;0.9755059282064416;0.9174479689829176;0.8937567917016389;;;;;;;;;;;;;;;;;;;;
4;Tube 5;1202110.0;;;;;;;;;;;;;;;;;;;;;;;;;;;;;;;;;;;1202110.0;0.0;211.0;False;G:\Experiments\PTT\Spheroids\07072025_mda\0907 after laser\Analysis\2025-07-09_160300_tube5_cropped_8bits2\12_0211_0_8bits.tiff;G:\Experiments\PTT\Spheroids\07072025_mda\0907 after laser\Analysis\2025-07-09_160300_tube5_segmentationDebug2\12_0211_0_segmented.tiff;2074.5;(73. 68);190.610171437263;0.916703490941228;51.3939241112516;0.717515288496344;0.980840930863155;899.741286749977;0.959288139726844;0.901217392260406;0.873081730514642;32.72358051805439;61.0;Dead
4;Tube 5;1302130.0;;;;;;;;;;;;;;;;;;1302130.0;0.0;213.0;False;F:\For Leo to analyse\0907 before laser\Analysis\2025-07-09_105705_tube5_cropped_8bits\13_0213_0_8bits.tiff;F:\For Leo to analyse\0907 before laser\Analysis\2025-07-09_105705_tube5_segmentationDebug\13_0213_0_segmented.tiff;1813.5;(77. 76);180.6101713180542;0.93;48.05226232319575;0.6986232178863416;0.7276815534100207;939.300559851952;0.9744966488915956;0.9137873132887656;0.8886874706085672;;;;;;;;;;;;;;;;;;;;
4;Tube 5;1402160.0;;;;;;;;;;;;;;;;;;1402160.0;0.0;216.0;False;F:\For Leo to analyse\0907 before laser\Analysis\2025-07-09_105705_tube5_cropped_8bits\14_0216_0_8bits.tiff;F:\For Leo to analyse\0907 before laser\Analysis\2025-07-09_105705_tube5_segmentationDebug\14_0216_0_segmented.tiff;2042.5;(79. 66);194.12489020824432;0.9031616183948706;50.99599758923802;0.6810978086636272;0.8626949542872798;995.8195012312452;0.9615131427458314;0.9025849826839982;0.8777475299014169;;;;;;;;;;;;;;;;;;;;
4;Tube 5;1402170.0;;;;;;;;;;;;;;;;;;;;;;;;;;;;;;;;;;;1402170.0;0.0;217.0;False;G:\Experiments\PTT\Spheroids\07072025_mda\0907 after laser\Analysis\2025-07-09_160300_tube5_cropped_8bits2\14_0217_0_8bits.tiff;G:\Experiments\PTT\Spheroids\07072025_mda\0907 after laser\Analysis\2025-07-09_160300_tube5_segmentationDebug2\14_0217_0_segmented.tiff;1834.0;(75. 76);170.367531061172;0.950259067357513;48.3230930823378;0.79402748547947;0.929118038183872;963.079374682902;0.965875330242326;0.912509539317082;0.854853789062942;86.3356695303921;46.0;Alive
4;Tube 5;1502190.0;;;;;;;;;;;;;;;;;;1502190.0;0.0;219.0;False;F:\For Leo to analyse\0907 before laser\Analysis\2025-07-09_105705_tube5_cropped_8bits\15_0219_0_8bits.tiff;F:\For Leo to analyse\0907 before laser\Analysis\2025-07-09_105705_tube5_segmentationDebug\15_0219_0_segmented.tiff;1900.0;(76. 86);179.39696836471558;0.9391992090954028;49.18490759365935;0.741879320895127;0.8824320093592984;1083.8239049919484;0.9630872811528162;0.9092766106508604;0.8532623791178123;1502190.0;0.0;219.0;False;G:\Experiments\PTT\Spheroids\07072025_mda\0907 after laser\Analysis\2025-07-09_160300_tube5_cropped_8bits2\15_0219_0_8bits.tiff;G:\Experiments\PTT\Spheroids\07072025_mda\0907 after laser\Analysis\2025-07-09_160300_tube5_segmentationDebug2\15_0219_0_segmented.tiff;2302.5;(79. 72);200.124890089035;0.924698795180722;54.1445662255476;0.722449159380028;0.870496102785587;873.498751382809;0.96422808515947;0.891049926391677;0.89118550818442;16.256822879658937;51.0;Dead
4;Tube 5;1602220.0;;;;;;;;;;;;;;;;;;1602220.0;0.0;222.0;False;F:\For Leo to analyse\0907 before laser\Analysis\2025-07-09_105705_tube5_cropped_8bits\16_0222_0_8bits.tiff;F:\For Leo to analyse\0907 before laser\Analysis\2025-07-09_105705_tube5_segmentationDebug\16_0222_0_segmented.tiff;1832.0;(73. 82);172.71067678928375;0.9462809917355371;48.296737425573774;0.7717861155157947;0.9050650524724936;942.3866569839208;0.965309742965961;0.912563273971288;0.8731219509104788;1602220.0;0.0;222.0;False;G:\Experiments\PTT\Spheroids\07072025_mda\0907 after laser\Analysis\2025-07-09_160300_tube5_cropped_8bits2\16_0222_0_8bits.tiff;G:\Experiments\PTT\Spheroids\07072025_mda\0907 after laser\Analysis\2025-07-09_160300_tube5_segmentationDebug2\16_0222_0_segmented.tiff;2082.5;(76. 76);186.610171318054;0.942307692307692;51.4929252607673;0.751491808395179;0.947674520965154;845.434715155559;0.960260496689711;0.901027280332125;0.879137413703202;30.335572637426527;62.0;Dead
4;Tube 5;1704240.0;;;;;;;;;;;;;;;;;;1704240.0;0.0;424.0;False;F:\For Leo to analyse\0907 before laser\Analysis\2025-07-09_105705_tube5_cropped_8bits\17_0424_0_8bits.tiff;F:\For Leo to analyse\0907 before laser\Analysis\2025-07-09_105705_tube5_segmentationDebug\17_0424_0_segmented.tiff;1559.5;(70. 77);162.46803617477417;0.9371995192307692;44.5602633521671;0.742436613553872;0.9063815595776435;1004.9941159033644;0.9682668435145342;0.9251007338967489;0.8608318586206873;1704240.0;0.0;424.0;True;G:\Experiments\PTT\Spheroids\07072025_mda\0907 after laser\Analysis\2025-07-09_160300_tube5_cropped_8bits2\17_0424_0_8bits.tiff;G:\Experiments\PTT\Spheroids\07072025_mda\0907 after laser\Analysis\2025-07-09_160300_tube5_segmentationDebug2\17_0424_0_segmented.tiff;1252.0;(78. 73);159.053822636604;0.892373485388453;39.9261306666251;0.62190775223424;0.873806263749737;804.359289346151;0.969220336519823;0.938722576735347;0.866225226447324;10.470496091983723;67.0;Dead
4;Tube 5;1806240.0;;;;;;;;;;;;;;;;;;1806240.0;0.0;624.0;False;F:\For Leo to analyse\0907 before laser\Analysis\2025-07-09_105705_tube5_cropped_8bits\18_0624_0_8bits.tiff;F:\For Leo to analyse\0907 before laser\Analysis\2025-07-09_105705_tube5_segmentationDebug\18_0624_0_segmented.tiff;1713.5;(74. 72);176.46803629398346;0.911436170212766;46.70862832393713;0.6914517288885338;0.8964636084563785;1042.5523922929497;0.962403905525641;0.9175367907845076;0.8431632938877052;;;;;;;;;;;;;;;;;;;;
4;Tube 5;1807240.0;;;;;;;;;;;;;;;;;;;;;;;;;;;;;;;;;;;1807240.0;0.0;724.0;False;G:\Experiments\PTT\Spheroids\07072025_mda\0907 after laser\Analysis\2025-07-09_160300_tube5_cropped_8bits2\18_0724_0_8bits.tiff;G:\Experiments\PTT\Spheroids\07072025_mda\0907 after laser\Analysis\2025-07-09_160300_tube5_segmentationDebug2\18_0724_0_segmented.tiff;1678.5;(78. 75);170.12489080429;0.924538694574497;46.2291312468444;0.728778397372263;0.979818771192386;1053.58490264525;0.966553493080025;0.919534374566845;0.866530333033303;44.6111362315096;52.0;Dead
4;Tube 5;1909240.0;;;;;;;;;;;;;;;;;;1909240.0;0.0;924.0;False;F:\For Leo to analyse\0907 before laser\Analysis\2025-07-09_105705_tube5_cropped_8bits\19_0924_0_8bits.tiff;F:\For Leo to analyse\0907 before laser\Analysis\2025-07-09_105705_tube5_segmentationDebug\19_0924_0_segmented.tiff;1670.5;(70. 77);172.12489068508148;0.9163466812945694;46.118831939676106;0.7085475311048582;0.9024382222809628;1009.2577231720724;0.9625595660169992;0.91967122189092;0.8562588604727072;1909240.0;0.0;924.0;False;G:\Experiments\PTT\Spheroids\07072025_mda\0907 after laser\Analysis\2025-07-09_160300_tube5_cropped_8bits2\19_0924_0_8bits.tiff;G:\Experiments\PTT\Spheroids\07072025_mda\0907 after laser\Analysis\2025-07-09_160300_tube5_segmentationDebug2\19_0924_0_segmented.tiff;1941.0;(75. 70);181.539103746414;0.939042089985486;49.7127544633261;0.740107875180253;0.799047209206648;985.195005502441;0.959380580714335;0.907339364741927;0.876641804406555;15.771348750080746;75.0;Dead
4;Tube 5;2012240.0;;;;;;;;;;;;;;;;;;2012240.0;0.0;1224.0;False;F:\For Leo to analyse\0907 before laser\Analysis\2025-07-09_105705_tube5_cropped_8bits\20_1224_0_8bits.tiff;F:\For Leo to analyse\0907 before laser\Analysis\2025-07-09_105705_tube5_segmentationDebug\20_1224_0_segmented.tiff;1619.0;(68. 72);168.56854164600372;0.934757505773672;45.402365829615405;0.7159845544789178;0.9565781164668256;1134.000766817238;0.9687242734367884;0.9221704096003338;0.8597333938648274;;;;;;;;;;;;;;;;;;;;
4;Tube 5;209050.0;;;;;;;;;;;;;;;;;;209050.0;0.0;905.0;False;F:\For Leo to analyse\0907 before laser\Analysis\2025-07-09_105705_tube5_cropped_8bits\2_0905_0_8bits.tiff;F:\For Leo to analyse\0907 before laser\Analysis\2025-07-09_105705_tube5_segmentationDebug\2_0905_0_segmented.tiff;1924.5;(79. 80);191.78174424171448;0.912085308056872;49.50100507911754;0.6575264854406371;0.6508317865407759;859.3610535996819;0.9668622231998466;0.9076084961529868;0.850538102441979;;;;;;;;;;;;;;;;;;;;
4;Tube 5;211050.0;;;;;;;;;;;;;;;;;;;;;;;;;;;;;;;;;;;211050.0;0.0;1105.0;False;G:\Experiments\PTT\Spheroids\07072025_mda\0907 after laser\Analysis\2025-07-09_160300_tube5_cropped_8bits2\2_1105_0_8bits.tiff;G:\Experiments\PTT\Spheroids\07072025_mda\0907 after laser\Analysis\2025-07-09_160300_tube5_segmentationDebug2\2_1105_0_segmented.tiff;2153.0;(77. 74);194.852811574935;0.941202185792349;52.3572797213033;0.71259134047876;0.716633195090637;1040.75956576429;0.962768954441769;0.897546295648282;0.859011132249505;87.4378270137588;37.0;Alive
4;Tube 5;312050.0;;;;;;;;;;;;;;;;;;312050.0;0.0;1205.0;False;F:\For Leo to analyse\0907 before laser\Analysis\2025-07-09_105705_tube5_cropped_8bits\3_1205_0_8bits.tiff;F:\For Leo to analyse\0907 before laser\Analysis\2025-07-09_105705_tube5_segmentationDebug\3_1205_0_segmented.tiff;2206.0;(81. 70);194.50966608524325;0.9323753169907016;52.99779651726824;0.7327114791241973;0.7118808026237375;1043.8457842319144;0.9659254698851052;0.895195443471604;0.8741979847655558;;;;;;;;;;;;;;;;;;;;
4;Tube 5;314050.0;;;;;;;;;;;;;;;;;;;;;;;;;;;;;;;;;;;314050.0;0.0;1405.0;False;G:\Experiments\PTT\Spheroids\07072025_mda\0907 after laser\Analysis\2025-07-09_160300_tube5_cropped_8bits2\3_1405_0_8bits.tiff;G:\Experiments\PTT\Spheroids\07072025_mda\0907 after laser\Analysis\2025-07-09_160300_tube5_segmentationDebug2\3_1405_0_segmented.tiff;2195.0;(75. 38);200.024384737014;0.916684067655042;52.8654972613866;0.689411466041648;0.674639263835148;1081.96803872448;0.94435440254467;0.866780224554913;0.848746559970806;137.61223435178607;37.0;Alive
4;Tube 5;415030.0;;;;;;;;;;;;;;;;;;;;;;;;;;;;;;;;;;;415030.0;0.0;1503.0;False;G:\Experiments\PTT\Spheroids\07072025_mda\0907 after laser\Analysis\2025-07-09_160300_tube5_cropped_8bits2\4_1503_0_8bits.tiff;G:\Experiments\PTT\Spheroids\07072025_mda\0907 after laser\Analysis\2025-07-09_160300_tube5_segmentationDebug2\4_1503_0_segmented.tiff;1939.5;(76. 74);178.953317403793;0.938089480048367;49.6935418038787;0.761062179716905;0.935302109121979;1162.91418372801;0.963875150872102;0.907635270195818;0.821991055727037;176.97500161488279;37.0;Alive
4;Tube 5;415040.0;;;;;;;;;;;;;;;;;;415040.0;0.0;1504.0;False;F:\For Leo to analyse\0907 before laser\Analysis\2025-07-09_105705_tube5_cropped_8bits\4_1504_0_8bits.tiff;F:\For Leo to analyse\0907 before laser\Analysis\2025-07-09_105705_tube5_segmentationDebug\4_1504_0_segmented.tiff;2335.5;(75. 79);198.6101714372635;0.9405960531614982;54.53119251152475;0.7440236886443946;0.9413923712495889;898.6745881869579;0.9576649961875388;0.8893716240699634;0.8620774545562814;;;;;;;;;;;;;;;;;;;;
4;Tube 5;513010.0;;;;;;;;;;;;;;;;;;;;;;;;;;;;;;;;;;;513010.0;0.0;1301.0;False;G:\Experiments\PTT\Spheroids\07072025_mda\0907 after laser\Analysis\2025-07-09_160300_tube5_cropped_8bits2\5_1301_0_8bits.tiff;G:\Experiments\PTT\Spheroids\07072025_mda\0907 after laser\Analysis\2025-07-09_160300_tube5_segmentationDebug2\5_1301_0_segmented.tiff;1687.5;(74. 72);167.639608979225;0.931291390728476;46.3529042427827;0.754571446525484;0.959736617514863;1096.91488067673;0.968138421102021;0.919178765840144;0.869435833365621;2.3407725599121503;37.0;Dead
4;Tube 5;515020.0;;;;;;;;;;;;;;;;;;515020.0;0.0;1502.0;False;F:\For Leo to analyse\0907 before laser\Analysis\2025-07-09_105705_tube5_cropped_8bits\5_1502_0_8bits.tiff;F:\For Leo to analyse\0907 before laser\Analysis\2025-07-09_105705_tube5_segmentationDebug\5_1502_0_segmented.tiff;1692.5;(92. 73);168.81118190288544;0.9327638467897492;46.42152441986652;0.7463389725526504;0.9052962569957886;962.2872369385;0.9737334111420176;0.9189328380630608;0.8428630622494626;;;;;;;;;;;;;;;;;;;;
4;Tube 5;610010.0;;;;;;;;;;;;;;;;;;;;;;;;;;;;;;;;;;;610010.0;0.0;1001.0;False;G:\Experiments\PTT\Spheroids\07072025_mda\0907 after laser\Analysis\2025-07-09_160300_tube5_cropped_8bits2\6_1001_0_8bits.tiff;G:\Experiments\PTT\Spheroids\07072025_mda\0907 after laser\Analysis\2025-07-09_160300_tube5_segmentationDebug2\6_1001_0_segmented.tiff;1908.0;(77. 75);184.367530822753;0.923747276688453;49.2883459993809;0.705373850738416;0.906085447015342;1114.1079601883;0.963891950213038;0.908725151097528;0.857750655528001;81.50717007945224;37.0;Alive
4;Tube 5;611010.0;;;;;;;;;;;;;;;;;;611010.0;0.0;1101.0;False;F:\For Leo to analyse\0907 before laser\Analysis\2025-07-09_105705_tube5_cropped_8bits\6_1101_0_8bits.tiff;F:\For Leo to analyse\0907 before laser\Analysis\2025-07-09_105705_tube5_segmentationDebug\6_1101_0_segmented.tiff;1814.0;(77. 78);179.5391035079956;0.9269289729177312;48.05888611016266;0.7071784895763372;0.9045563102429156;962.2301586057738;0.9667584898877436;0.9132303910890088;0.852282471064912;;;;;;;;;;;;;;;;;;;;
4;Tube 5;707010.0;;;;;;;;;;;;;;;;;;;;;;;;;;;;;;;;;;;707010.0;0.0;701.0;False;G:\Experiments\PTT\Spheroids\07072025_mda\0907 after laser\Analysis\2025-07-09_160300_tube5_cropped_8bits2\7_0701_0_8bits.tiff;G:\Experiments\PTT\Spheroids\07072025_mda\0907 after laser\Analysis\2025-07-09_160300_tube5_segmentationDebug2\7_0701_0_segmented.tiff;2118.0;(73. 69);186.367531180381;0.943219772879091;51.929965874715;0.766293806690074;0.883807126494066;1223.88297411755;0.960415417601696;0.899570040116669;0.861969699990722;21.360861701440477;48.0;Dead
4;Tube 5;709010.0;;;;;;;;;;;;;;;;;;709010.0;0.0;901.0;False;F:\For Leo to analyse\0907 before laser\Analysis\2025-07-09_105705_tube5_cropped_8bits\7_0901_0_8bits.tiff;F:\For Leo to analyse\0907 before laser\Analysis\2025-07-09_105705_tube5_segmentationDebug\7_0901_0_segmented.tiff;2006.0;(78. 82);178.71067643165588;0.9534220532319392;50.53828773057845;0.7892958064568978;0.9493588296547656;1080.1769007058465;0.965094314029174;0.904691539020699;0.8637541066462495;;;;;;;;;;;;;;;;;;;;
4;Tube 5;804010.0;;;;;;;;;;;;;;;;;;;;;;;;;;;;;;;;;;;804010.0;0.0;401.0;False;G:\Experiments\PTT\Spheroids\07072025_mda\0907 after laser\Analysis\2025-07-09_160300_tube5_cropped_8bits2\8_0401_0_8bits.tiff;G:\Experiments\PTT\Spheroids\07072025_mda\0907 after laser\Analysis\2025-07-09_160300_tube5_segmentationDebug2\8_0401_0_segmented.tiff;2148.5;(75. 74);190.468036293983;0.938004802444881;52.3025349468216;0.744219445636407;0.986770681871074;1104.1514991294;0.961173777704705;0.897925965123012;0.86334244080508;37.447112589625995;88.0;Dead
4;Tube 5;806010.0;;;;;;;;;;;;;;;;;;806010.0;0.0;601.0;False;F:\For Leo to analyse\0907 before laser\Analysis\2025-07-09_105705_tube5_cropped_8bits\8_0601_0_8bits.tiff;F:\For Leo to analyse\0907 before laser\Analysis\2025-07-09_105705_tube5_segmentationDebug\8_0601_0_segmented.tiff;1896.0;(74. 70);174.3675308227539;0.9527638190954774;49.13310672874115;0.7836406599919615;0.9343393420517648;1061.1364035087718;0.9650610031574895;0.909674869110362;0.8549599972482381;;;;;;;;;;;;;;;;;;;;
4;Tube 5;902020.0;;;;;;;;;;;;;;;;;;;;;;;;;;;;;;;;;;;902020.0;0.0;202.0;False;G:\Experiments\PTT\Spheroids\07072025_mda\0907 after laser\Analysis\2025-07-09_160300_tube5_cropped_8bits2\9_0202_0_8bits.tiff;G:\Experiments\PTT\Spheroids\07072025_mda\0907 after laser\Analysis\2025-07-09_160300_tube5_segmentationDebug2\9_0202_0_segmented.tiff;2450.0;(73. 76);212.024385094642;0.919497091386751;55.8519192562005;0.684863977336814;0.832195577716363;1013.56905505212;0.963976447497331;0.884351722144464;0.872739721164157;17.398343130288744;57.0;Dead
4;Tube 5;903010.0;;;;;;;;;;;;;;;;;;903010.0;0.0;301.0;False;F:\For Leo to analyse\0907 before laser\Analysis\2025-07-09_105705_tube5_cropped_8bits\9_0301_0_8bits.tiff;F:\For Leo to analyse\0907 before laser\Analysis\2025-07-09_105705_tube5_segmentationDebug\9_0301_0_segmented.tiff;2199.0;(81. 78);190.85281193256375;0.9449935539321014;52.91364435448217;0.7586438950978509;0.8573038717483203;1063.052244492044;0.960017041743374;0.8958421854468963;0.8680302023753437;;;;;;;;;;;;;;;;;;;;
4;Tube 6;1002050.0;;;;;;;;;;;;;;;;;;1002050.0;0.0;205.0;False;F:\For Leo to analyse\0907 before laser\Analysis\2025-07-09_110547_tube6_cropped_8bits\10_0205_0_8bits.tiff;F:\For Leo to analyse\0907 before laser\Analysis\2025-07-09_110547_tube6_segmentationDebug\10_0205_0_segmented.tiff;1566.0;(77. 73);157.39696836471558;0.9439421338155516;44.653030435293694;0.7943445048284749;0.8991935306536634;1023.843866074732;0.9700235734048605;0.9247830191829344;0.871957606279801;;;;;;;;;;;;;;;;;;;;
4;Tube 6;107050.0;;;;;;;;;;;;;;;;;;107050.0;0.0;705.0;False;F:\For Leo to analyse\0907 before laser\Analysis\2025-07-09_110547_tube6_cropped_8bits\1_0705_0_8bits.tiff;F:\For Leo to analyse\0907 before laser\Analysis\2025-07-09_110547_tube6_segmentationDebug\1_0705_0_segmented.tiff;2473.0;(76. 80);218.85281205177307;0.8937477412359957;56.11346891905772;0.6488282007847719;0.9325494131275084;1165.184570631624;0.9411158502561848;0.882318136193091;0.884745243732009;;;;;;;;;;;;;;;;;;;;
4;Tube 6;1102080.0;;;;;;;;;;;;;;;;;;1102080.0;0.0;208.0;False;F:\For Leo to analyse\0907 before laser\Analysis\2025-07-09_110547_tube6_cropped_8bits\11_0208_0_8bits.tiff;F:\For Leo to analyse\0907 before laser\Analysis\2025-07-09_110547_tube6_segmentationDebug\11_0208_0_segmented.tiff;1617.0;(71. 72);165.39696836471558;0.9423076923076924;45.37431370100002;0.7427878548978941;0.9402349197156802;974.7298796552556;0.96870625246401;0.9224411804193392;0.8783801069510433;;;;;;;;;;;;;;;;;;;;
4;Tube 6;1202110.0;;;;;;;;;;;;;;;;;;1202110.0;0.0;211.0;False;F:\For Leo to analyse\0907 before laser\Analysis\2025-07-09_110547_tube6_cropped_8bits\12_0211_0_8bits.tiff;F:\For Leo to analyse\0907 before laser\Analysis\2025-07-09_110547_tube6_segmentationDebug\12_0211_0_segmented.tiff;1646.5;(76. 80);162.95331716537476;0.9542161692263113;45.78633977952863;0.7791932610261605;0.9631231813257702;773.6495153957801;0.9760894055706528;0.9212753592790116;0.8985621774675769;;;;;;;;;;;;;;;;;;;;
4;Tube 6;1302140.0;;;;;;;;;;;;;;;;;;1302140.0;0.0;214.0;False;F:\For Leo to analyse\0907 before laser\Analysis\2025-07-09_110547_tube6_cropped_8bits\13_0214_0_8bits.tiff;F:\For Leo to analyse\0907 before laser\Analysis\2025-07-09_110547_tube6_segmentationDebug\13_0214_0_segmented.tiff;1576.0;(75. 82);174.2253954410553;0.8987738808098089;44.79537389622523;0.6524438763858278;0.943255146487428;805.0303122059759;0.9713317114956432;0.9239718433961376;0.913391437482278;;;;;;;;;;;;;;;;;;;;
4;Tube 6;1402150.0;;;;;;;;;;;;;;;;;;;;;;;;;;;;;;;;;;;1402150.0;0.0;215.0;False;G:\Experiments\PTT\Spheroids\07072025_mda\0907 after laser\Analysis\2025-07-09_161144_tube6_cropped_8bits2\14_0215_0_8bits.tiff;G:\Experiments\PTT\Spheroids\07072025_mda\0907 after laser\Analysis\2025-07-09_161144_tube6_segmentationDebug2\14_0215_0_segmented.tiff;1530.5;(76. 77);166.811181664466;0.915918611609814;44.1440043858411;0.691182733193644;0.807400487529626;970.243132348836;0.965119751083775;0.926295575092138;0.88743640433365;8.712292487565403;64.0;Dead
4;Tube 6;1402160.0;;;;;;;;;;;;;;;;;;1402160.0;0.0;216.0;False;F:\For Leo to analyse\0907 before laser\Analysis\2025-07-09_110547_tube6_cropped_8bits\14_0216_0_8bits.tiff;F:\For Leo to analyse\0907 before laser\Analysis\2025-07-09_110547_tube6_segmentationDebug\14_0216_0_segmented.tiff;1603.5;(62. 66);167.15432786941528;0.9303742384682332;45.18450630451586;0.7211798387283457;0.9183372954508736;1018.4865723936276;0.9697893922437024;0.92291741212574;0.8959548074371506;;;;;;;;;;;;;;;;;;;;
4;Tube 6;1502180.0;;;;;;;;;;;;;;;;;;1502180.0;0.0;218.0;False;F:\For Leo to analyse\0907 before laser\Analysis\2025-07-09_110547_tube6_cropped_8bits\15_0218_0_8bits.tiff;F:\For Leo to analyse\0907 before laser\Analysis\2025-07-09_110547_tube6_segmentationDebug\15_0218_0_segmented.tiff;1525.5;(74. 66);159.982754945755;0.9347426470588236;44.07183823592443;0.7489895072718631;0.8357134761907936;891.472726383572;0.9733032882376744;0.9266672791218628;0.9026252799654308;;;;;;;;;;;;;;;;;;;;
4;Tube 6;1602210.0;;;;;;;;;;;;;;;;;;1602210.0;0.0;221.0;False;F:\For Leo to analyse\0907 before laser\Analysis\2025-07-09_110547_tube6_cropped_8bits\16_0221_0_8bits.tiff;F:\For Leo to analyse\0907 before laser\Analysis\2025-07-09_110547_tube6_segmentationDebug\16_0221_0_segmented.tiff;1544.5;(78. 73);161.154327750206;0.9417682926829268;44.34544482631174;0.7473324340776872;0.875691342614454;1051.0406030083266;0.9648249349994472;0.9255463713189178;0.8533421424495817;1602210.0;0.0;221.0;False;G:\Experiments\PTT\Spheroids\07072025_mda\0907 after laser\Analysis\2025-07-09_161144_tube6_cropped_8bits2\16_0221_0_8bits.tiff;G:\Experiments\PTT\Spheroids\07072025_mda\0907 after laser\Analysis\2025-07-09_161144_tube6_segmentationDebug2\16_0221_0_segmented.tiff;1777.5;(72. 78);171.639609217643;0.937252834168204;47.5729260269615;0.758201150809432;0.917215305262487;1005.26980055374;0.958620871777994;0.914858763997454;0.865012300966208;9.079678315354306;60.0;Dead
4;Tube 6;1703240.0;;;;;;;;;;;;;;;;;;1703240.0;0.0;324.0;False;F:\For Leo to analyse\0907 before laser\Analysis\2025-07-09_110547_tube6_cropped_8bits\17_0324_0_8bits.tiff;F:\For Leo to analyse\0907 before laser\Analysis\2025-07-09_110547_tube6_segmentationDebug\17_0324_0_segmented.tiff;1341.5;(70. 73);150.46803605556488;0.940084092501752;41.32857182703294;0.7445811478155973;0.8712909854887384;1192.7926682946954;0.9700917782323848;0.9349859371996656;0.8075666458225252;;;;;;;;;;;;;;;;;;;;
4;Tube 6;1805240.0;;;;;;;;;;;;;;;;;;;;;;;;;;;;;;;;;;;1805240.0;0.0;524.0;False;G:\Experiments\PTT\Spheroids\07072025_mda\0907 after laser\Analysis\2025-07-09_161144_tube6_cropped_8bits2\18_0524_0_8bits.tiff;G:\Experiments\PTT\Spheroids\07072025_mda\0907 after laser\Analysis\2025-07-09_161144_tube6_segmentationDebug2\18_0524_0_segmented.tiff;1556.5;(79. 78);172.811181902885;0.913707073671852;44.5173825755769;0.654960800387753;0.895516244034046;934.84602669303;0.959828805001567;0.924555818924148;0.866815184773409;12.530480912085784;70.0;Dead
4;Tube 6;1806240.0;;;;;;;;;;;;;;;;;;1806240.0;0.0;624.0;False;F:\For Leo to analyse\0907 before laser\Analysis\2025-07-09_110547_tube6_cropped_8bits\18_0624_0_8bits.tiff;F:\For Leo to analyse\0907 before laser\Analysis\2025-07-09_110547_tube6_segmentationDebug\18_0624_0_segmented.tiff;1590.0;(73. 78);168.56854128837583;0.9172194981251802;44.99389820996741;0.7031596333859834;0.9214949315072656;907.4250743374272;0.960511134104476;0.923309054503243;0.8753952429460321;;;;;;;;;;;;;;;;;;;;
4;Tube 6;1909240.0;;;;;;;;;;;;;;;;;;1909240.0;0.0;924.0;False;F:\For Leo to analyse\0907 before laser\Analysis\2025-07-09_110547_tube6_cropped_8bits\19_0924_0_8bits.tiff;F:\For Leo to analyse\0907 before laser\Analysis\2025-07-09_110547_tube6_segmentationDebug\19_0924_0_segmented.tiff;1667.5;(83. 41);186.46803617477417;0.892904953145917;46.07740162862793;0.6026524308068681;0.9696826525602458;834.3715512938754;0.944773956106464;0.882352772300213;0.8737793031289538;;;;;;;;;;;;;;;;;;;;
4;Tube 6;2012240.0;;;;;;;;;;;;;;;;;;2012240.0;0.0;1224.0;False;F:\For Leo to analyse\0907 before laser\Analysis\2025-07-09_110547_tube6_cropped_8bits\20_1224_0_8bits.tiff;F:\For Leo to analyse\0907 before laser\Analysis\2025-07-09_110547_tube6_segmentationDebug\20_1224_0_segmented.tiff;1930.5;(92. 71);292.066015124321;0.7189944134078212;49.578109495131336;0.2843921597428223;0.8368251856778628;1307.18776626385;0.9699413675997964;0.906545819130332;0.8713502231204353;;;;;;;;;;;;;;;;;;;;
4;Tube 6;210050.0;;;;;;;;;;;;;;;;;;210050.0;0.0;1005.0;False;F:\For Leo to analyse\0907 before laser\Analysis\2025-07-09_110547_tube6_cropped_8bits\2_1005_0_8bits.tiff;F:\For Leo to analyse\0907 before laser\Analysis\2025-07-09_110547_tube6_segmentationDebug\2_1005_0_segmented.tiff;2342.0;(77. 83);219.33809304237369;0.8871212121212121;54.60702348388668;0.611742464106541;0.854617724847694;1230.6956864129993;0.9492265522935536;0.8879844002356031;0.8465801046151241;;;;;;;;;;;;;;;;;;;;
4;Tube 6;313050.0;;;;;;;;;;;;;;;;;;313050.0;0.0;1305.0;False;F:\For Leo to analyse\0907 before laser\Analysis\2025-07-09_110547_tube6_cropped_8bits\3_1305_0_8bits.tiff;F:\For Leo to analyse\0907 before laser\Analysis\2025-07-09_110547_tube6_segmentationDebug\3_1305_0_segmented.tiff;2635.5;(79. 73);235.09545266628265;0.8695150115473441;57.92773791673141;0.5992174151483262;0.9060472522368804;1066.9900281648363;0.9430102453810464;0.874804129255605;0.8962291129112208;;;;;;;;;;;;;;;;;;;;
4;Tube 6;415030.0;;;;;;;;;;;;;;;;;;415030.0;0.0;1503.0;False;F:\For Leo to analyse\0907 before laser\Analysis\2025-07-09_110547_tube6_cropped_8bits\4_1503_0_8bits.tiff;F:\For Leo to analyse\0907 before laser\Analysis\2025-07-09_110547_tube6_segmentationDebug\4_1503_0_segmented.tiff;1889.0;(77. 72);194.56854140758517;0.9040440296721703;49.04232355837886;0.6270419194193425;0.9684598100710976;1302.6902606406495;0.9546766088349724;0.9091342906998902;0.8566869055354855;;;;;;;;;;;;;;;;;;;;
4;Tube 6;513010.0;;;;;;;;;;;;;;;;;;513010.0;0.0;1301.0;False;F:\For Leo to analyse\0907 before laser\Analysis\2025-07-09_110547_tube6_cropped_8bits\5_1301_0_8bits.tiff;F:\For Leo to analyse\0907 before laser\Analysis\2025-07-09_110547_tube6_segmentationDebug\5_1301_0_segmented.tiff;3013.5;(76. 76);261.4385986328125;0.8516320474777448;61.94277494639236;0.5540406701817637;0.7174731664830801;1087.2641283472435;0.9228784728132464;0.856506785553613;0.8810295221837967;;;;;;;;;;;;;;;;;;;;
4;Tube 6;610010.0;;;;;;;;;;;;;;;;;;610010.0;0.0;1001.0;False;F:\For Leo to analyse\0907 before laser\Analysis\2025-07-09_110547_tube6_cropped_8bits\6_1001_0_8bits.tiff;F:\For Leo to analyse\0907 before laser\Analysis\2025-07-09_110547_tube6_segmentationDebug\6_1001_0_segmented.tiff;1880.5;(67. 74);178.95331728458405;0.9355721393034826;48.93186041705827;0.7379105083085282;0.9943982563301916;889.5191932624114;0.9572939396414784;0.8821350617649705;0.869427536460924;;;;;;;;;;;;;;;;;;;;
4;Tube 6;611010.0;;;;;;;;;;;;;;;;;;;;;;;;;;;;;;;;;;;611010.0;0.0;1101.0;False;G:\Experiments\PTT\Spheroids\07072025_mda\0907 after laser\Analysis\2025-07-09_161144_tube6_cropped_8bits2\6_1101_0_8bits.tiff;G:\Experiments\PTT\Spheroids\07072025_mda\0907 after laser\Analysis\2025-07-09_161144_tube6_segmentationDebug2\6_1101_0_segmented.tiff;1833.0;(78. 75);169.053822636604;0.962710084033613;48.3099170512592;0.805976423688353;0.95341041218784;1182.96578311201;0.960772081867222;0.912660733724319;0.84696744317258;71.95513855694077;51.0;Alive
4;Tube 6;707010.0;;;;;;;;;;;;;;;;;;707010.0;0.0;701.0;False;F:\For Leo to analyse\0907 before laser\Analysis\2025-07-09_110547_tube6_cropped_8bits\7_0701_0_8bits.tiff;F:\For Leo to analyse\0907 before laser\Analysis\2025-07-09_110547_tube6_segmentationDebug\7_0701_0_segmented.tiff;2010.0;(74. 71);183.8822498321533;0.9294797687861271;50.588649763733336;0.7470098077926216;0.9756669572664892;1081.7001687719664;0.9578075955392968;0.9042290095695716;0.8671838560263676;;;;;;;;;;;;;;;;;;;;
4;Tube 6;708010.0;;;;;;;;;;;;;;;;;;;;;;;;;;;;;;;;;;;708010.0;0.0;801.0;False;G:\Experiments\PTT\Spheroids\07072025_mda\0907 after laser\Analysis\2025-07-09_161144_tube6_cropped_8bits2\7_0801_0_8bits.tiff;G:\Experiments\PTT\Spheroids\07072025_mda\0907 after laser\Analysis\2025-07-09_161144_tube6_segmentationDebug2\7_0801_0_segmented.tiff;2173.0;(79. 75);215.539103627204;0.881362806732914;52.5999004819354;0.587783574372569;0.93266305250698;1153.8082919367;0.955464737826021;0.895464439280938;0.841829177408609;15.32523738776565;83.0;Dead
4;Tube 6;805010.0;;;;;;;;;;;;;;;;;;805010.0;0.0;501.0;False;F:\For Leo to analyse\0907 before laser\Analysis\2025-07-09_110547_tube6_cropped_8bits\8_0501_0_8bits.tiff;F:\For Leo to analyse\0907 before laser\Analysis\2025-07-09_110547_tube6_segmentationDebug\8_0501_0_segmented.tiff;2118.0;(72. 75);186.3675309419632;0.942799910972624;51.92996587471509;0.7662938086507022;0.8704272833231912;1141.0055391788096;0.9655588334059712;0.8995075584588363;0.8701794022164183;805010.0;0.0;501.0;False;G:\Experiments\PTT\Spheroids\07072025_mda\0907 after laser\Analysis\2025-07-09_161144_tube6_cropped_8bits2\8_0501_0_8bits.tiff;G:\Experiments\PTT\Spheroids\07072025_mda\0907 after laser\Analysis\2025-07-09_161144_tube6_segmentationDebug2\8_0501_0_segmented.tiff;2290.5;(77. 71);200.267025709152;0.93661827847066;54.0032885777883;0.717664170179636;0.926689518919931;1140.36852840674;0.952626110608297;0.891306426502332;0.849059886926404;54.95042309928299;63.0;Alive
4;Tube 6;902020.0;;;;;;;;;;;;;;;;;;902020.0;0.0;202.0;False;F:\For Leo to analyse\0907 before laser\Analysis\2025-07-09_110547_tube6_cropped_8bits\9_0202_0_8bits.tiff;F:\For Leo to analyse\0907 before laser\Analysis\2025-07-09_110547_tube6_segmentationDebug\9_0202_0_segmented.tiff;2080.5;(76. 76);187.78174424171448;0.9300402324541795;51.46819282645842;0.7414311814046319;0.944220380451929;992.433950617284;0.9625744614033752;0.9011528255386556;0.8711043758006106;;;;;;;;;;;;;;;;;;;;
4;Tube 6;903010.0;;;;;;;;;;;;;;;;;;;;;;;;;;;;;;;;;;;903010.0;0.0;301.0;False;G:\Experiments\PTT\Spheroids\07072025_mda\0907 after laser\Analysis\2025-07-09_161144_tube6_cropped_8bits2\9_0301_0_8bits.tiff;G:\Experiments\PTT\Spheroids\07072025_mda\0907 after laser\Analysis\2025-07-09_161144_tube6_segmentationDebug2\9_0301_0_segmented.tiff;2347.0;(74. 74);199.539103627204;0.943707277844792;54.6652834209558;0.740741914602532;0.924955610929355;1011.13829337216;0.97369675701393;0.889316705349283;0.902660734759157;10.62794716103611;68.0;Dead
4;Tube 7;1002040.0;;;;;;;;;;;;;;;;;;1002040.0;0.0;204.0;False;F:\For Leo to analyse\0907 before laser\Analysis\2025-07-09_111420_tube7_cropped_8bits\10_0204_0_8bits.tiff;F:\For Leo to analyse\0907 before laser\Analysis\2025-07-09_111420_tube7_segmentationDebug\10_0204_0_segmented.tiff;2194.5;(69. 80);192.6101711988449;0.9396274887604368;52.8594757912081;0.7433391636382024;0.9831325117567268;908.4270201289077;0.9734495035592547;0.8965166527810968;0.8929339210847037;1002040.0;0.0;204.0;False;G:\Experiments\PTT\Spheroids\07072025_mda\0907 after laser\Analysis\2025-07-09_162033_tube7_cropped_8bits2\10_0204_0_8bits.tiff;G:\Experiments\PTT\Spheroids\07072025_mda\0907 after laser\Analysis\2025-07-09_162033_tube7_segmentationDebug2\10_0204_0_segmented.tiff;1983.0;(77. 69);184.225395679473;0.930330752990851;50.2477264879698;0.734232463000563;0.850592288281397;1064.39870881295;0.969063127520608;0.905724019157562;0.85145622411228;88.59246818680964;44.0;Alive
4;Tube 7;1102070.0;;;;;;;;;;;;;;;;;;;;;;;;;;;;;;;;;;;1102070.0;0.0;207.0;False;G:\Experiments\PTT\Spheroids\07072025_mda\0907 after laser\Analysis\2025-07-09_162033_tube7_cropped_8bits2\11_0207_0_8bits.tiff;G:\Experiments\PTT\Spheroids\07072025_mda\0907 after laser\Analysis\2025-07-09_162033_tube7_segmentationDebug2\11_0207_0_segmented.tiff;2242.0;(80. 72);214.852812290191;0.887042532146389;53.4284854669888;0.610328129777398;0.746745709227176;931.661149746171;0.96254896937692;0.892866952508666;0.857822125777915;12.320546153349268;59.0;Dead
4;Tube 7;1102080.0;;;;;;;;;;;;;;;;;;1102080.0;0.0;208.0;False;F:\For Leo to analyse\0907 before laser\Analysis\2025-07-09_111420_tube7_cropped_8bits\11_0208_0_8bits.tiff;F:\For Leo to analyse\0907 before laser\Analysis\2025-07-09_111420_tube7_segmentationDebug\11_0208_0_segmented.tiff;1921.0;(75. 77);176.3675308227539;0.9491106719367588;49.45597198960149;0.7760683271206447;0.8269281958577034;1001.249429270265;0.9678988826355586;0.9084932717547812;0.8475685688664332;;;;;;;;;;;;;;;;;;;;
4;Tube 7;1202090.0;;;;;;;;;;;;;;;;;;;;;;;;;;;;;;;;;;;1202090.0;0.0;209.0;False;G:\Experiments\PTT\Spheroids\07072025_mda\0907 after laser\Analysis\2025-07-09_162033_tube7_cropped_8bits2\12_0209_0_8bits.tiff;G:\Experiments\PTT\Spheroids\07072025_mda\0907 after laser\Analysis\2025-07-09_162033_tube7_segmentationDebug2\12_0209_0_segmented.tiff;2151.0;(76. 80);192.852811932563;0.935420743639921;52.3329557805149;0.726772227859368;0.913031551735958;712.708787839205;0.97179293215898;0.898032994612525;0.901924264689237;77.88579549124734;42.0;Alive
4;Tube 7;1202100.0;;;;;;;;;;;;;;;;;;1202100.0;0.0;210.0;False;F:\For Leo to analyse\0907 before laser\Analysis\2025-07-09_111420_tube7_cropped_8bits\12_0210_0_8bits.tiff;F:\For Leo to analyse\0907 before laser\Analysis\2025-07-09_111420_tube7_segmentationDebug\12_0210_0_segmented.tiff;2210.0;(72. 71);199.1959580183029;0.9204498125780924;53.04582352895192;0.6999082203905879;0.909916173421256;750.2936098196733;0.9621270206524056;0.8948890949721909;0.8907398938749126;;;;;;;;;;;;;;;;;;;;
4;Tube 7;1302130.0;;;;;;;;;;;;;;;;;;1302130.0;0.0;213.0;False;F:\For Leo to analyse\0907 before laser\Analysis\2025-07-09_111420_tube7_cropped_8bits\13_0213_0_8bits.tiff;F:\For Leo to analyse\0907 before laser\Analysis\2025-07-09_111420_tube7_segmentationDebug\13_0213_0_segmented.tiff;2043.5;(76. 74);182.12489008903503;0.9502441292722624;51.00847978195689;0.7741870467867421;0.9498528691409308;829.5221087594931;0.9666074826017976;0.9030037253634448;0.8960217924904704;1302130.0;0.0;213.0;False;G:\Experiments\PTT\Spheroids\07072025_mda\0907 after laser\Analysis\2025-07-09_162033_tube7_cropped_8bits2\13_0213_0_8bits.tiff;G:\Experiments\PTT\Spheroids\07072025_mda\0907 after laser\Analysis\2025-07-09_162033_tube7_segmentationDebug2\13_0213_0_segmented.tiff;2026.0;(79. 69);187.195958137512;0.937312051815868;50.7895985181359;0.726534714757832;0.914958575207736;850.616429024492;0.96727031760115;0.903706125323218;0.874200896548536;78.14821393966798;46.0;Alive
4;Tube 7;1402150.0;;;;;;;;;;;;;;;;;;;;;;;;;;;;;;;;;;;1402150.0;0.0;215.0;False;G:\Experiments\PTT\Spheroids\07072025_mda\0907 after laser\Analysis\2025-07-09_162033_tube7_cropped_8bits2\14_0215_0_8bits.tiff;G:\Experiments\PTT\Spheroids\07072025_mda\0907 after laser\Analysis\2025-07-09_162033_tube7_segmentationDebug2\14_0215_0_segmented.tiff;2094.0;(65. 75);192.367530584335;0.927164046933805;51.6349068622712;0.711087429588027;0.912434284892304;816.660029964766;0.96251258949435;0.900363833434068;0.887626686916495;63.6627155868484;49.0;Alive
4;Tube 7;1402160.0;;;;;;;;;;;;;;;;;;1402160.0;0.0;216.0;False;F:\For Leo to analyse\0907 before laser\Analysis\2025-07-09_111420_tube7_cropped_8bits\14_0216_0_8bits.tiff;F:\For Leo to analyse\0907 before laser\Analysis\2025-07-09_111420_tube7_segmentationDebug\14_0216_0_segmented.tiff;1965.0;(77. 61);173.88224983215332;0.9573690621193668;50.01915338552418;0.816698799313217;0.9452036436781448;848.0193816957454;0.9635827388383248;0.9065584388410364;0.8864563575814436;;;;;;;;;;;;;;;;;;;;
4;Tube 7;1502180.0;;;;;;;;;;;;;;;;;;;;;;;;;;;;;;;;;;;1502180.0;0.0;218.0;False;G:\Experiments\PTT\Spheroids\07072025_mda\0907 after laser\Analysis\2025-07-09_162033_tube7_cropped_8bits2\15_0218_0_8bits.tiff;G:\Experiments\PTT\Spheroids\07072025_mda\0907 after laser\Analysis\2025-07-09_162033_tube7_segmentationDebug2\15_0218_0_segmented.tiff;1973.0;(78. 72);176.710676431655;0.951990349819059;50.1208701217614;0.793983304946042;0.940244150635014;915.046951768956;0.965403150595096;0.906146788557076;0.875755082695807;12.85850397261159;70.0;Dead
4;Tube 7;1502190.0;;;;;;;;;;;;;;;;;;1502190.0;0.0;219.0;False;F:\For Leo to analyse\0907 before laser\Analysis\2025-07-09_111420_tube7_cropped_8bits\15_0219_0_8bits.tiff;F:\For Leo to analyse\0907 before laser\Analysis\2025-07-09_111420_tube7_segmentationDebug\15_0219_0_segmented.tiff;1669.5;(76. 71);165.29646384716034;0.937394722066255;46.105025972613376;0.7678372224952721;0.8622520851450863;1053.4840392540907;0.967805954003206;0.9199198939275844;0.8383269087716109;;;;;;;;;;;;;;;;;;;;
4;Tube 7;1602210.0;;;;;;;;;;;;;;;;;;;;;;;;;;;;;;;;;;;1602210.0;0.0;221.0;False;G:\Experiments\PTT\Spheroids\07072025_mda\0907 after laser\Analysis\2025-07-09_162033_tube7_cropped_8bits2\16_0221_0_8bits.tiff;G:\Experiments\PTT\Spheroids\07072025_mda\0907 after laser\Analysis\2025-07-09_162033_tube7_segmentationDebug2\16_0221_0_segmented.tiff;2121.0;(76. 74);197.195957660675;0.91580310880829;51.9667304569306;0.685416439183702;0.881142543102968;854.09257075137;0.965246134421341;0.899032706366012;0.888070205071005;94.62809250048447;40.0;Alive
4;Tube 7;1602220.0;;;;;;;;;;;;;;;;;;1602220.0;0.0;222.0;False;F:\For Leo to analyse\0907 before laser\Analysis\2025-07-09_111420_tube7_cropped_8bits\16_0222_0_8bits.tiff;F:\For Leo to analyse\0907 before laser\Analysis\2025-07-09_111420_tube7_segmentationDebug\16_0222_0_segmented.tiff;2181.5;(76. 77);197.78174459934235;0.912952500523122;52.70267608802951;0.7007977108191156;0.8887934182115723;942.9580008042564;0.962757833493246;0.8964551759277971;0.8690586955622916;;;;;;;;;;;;;;;;;;;;
4;Tube 7;1703240.0;;;;;;;;;;;;;;;;;;;;;;;;;;;;;;;;;;;1703240.0;0.0;324.0;False;G:\Experiments\PTT\Spheroids\07072025_mda\0907 after laser\Analysis\2025-07-09_162033_tube7_cropped_8bits2\17_0324_0_8bits.tiff;G:\Experiments\PTT\Spheroids\07072025_mda\0907 after laser\Analysis\2025-07-09_162033_tube7_segmentationDebug2\17_0324_0_segmented.tiff;2084.0;(74. 67);187.882249474525;0.942559927634554;51.5114667935992;0.741884121722171;0.952276179512149;787.489671452485;0.965194954473438;0.90105312739325;0.880855380560008;75.89141528325044;41.0;Alive
4;Tube 7;1705240.0;;;;;;;;;;;;;;;;;;1705240.0;0.0;524.0;False;F:\For Leo to analyse\0907 before laser\Analysis\2025-07-09_111420_tube7_cropped_8bits\17_0524_0_8bits.tiff;F:\For Leo to analyse\0907 before laser\Analysis\2025-07-09_111420_tube7_segmentationDebug\17_0524_0_segmented.tiff;2018.0;(78. 52);191.0538228750229;0.9094186570527264;50.68922371940173;0.6947356127298536;0.9861320168115316;920.4961424602324;0.9545704473773958;0.8855086178009516;0.8632107115672777;;;;;;;;;;;;;;;;;;;;
4;Tube 7;1805240.0;;;;;;;;;;;;;;;;;;;;;;;;;;;;;;;;;;;1805240.0;0.0;524.0;False;G:\Experiments\PTT\Spheroids\07072025_mda\0907 after laser\Analysis\2025-07-09_162033_tube7_cropped_8bits2\18_0524_0_8bits.tiff;G:\Experiments\PTT\Spheroids\07072025_mda\0907 after laser\Analysis\2025-07-09_162033_tube7_segmentationDebug2\18_0524_0_segmented.tiff;1623.0;(73. 65);155.882249712944;0.967222884386174;45.4584181544537;0.839334459820033;0.966981907881476;1044.11976744186;0.968451150509737;0.92243148105676;0.852013271166945;62.56055810348169;40.0;Alive
4;Tube 7;1806240.0;;;;;;;;;;;;;;;;;;1806240.0;0.0;624.0;False;F:\For Leo to analyse\0907 before laser\Analysis\2025-07-09_111420_tube7_cropped_8bits\18_0624_0_8bits.tiff;F:\For Leo to analyse\0907 before laser\Analysis\2025-07-09_111420_tube7_segmentationDebug\18_0624_0_segmented.tiff;1694.5;(68. 82);165.29646337032318;0.9453277545327754;46.44894410590766;0.7793352387091388;0.9021914294989803;1041.0170234734069;0.961394164275283;0.9187296633425752;0.8387469808010845;;;;;;;;;;;;;;;;;;;;
4;Tube 7;1909240.0;;;;;;;;;;;;;;;;;;1909240.0;0.0;924.0;False;F:\For Leo to analyse\0907 before laser\Analysis\2025-07-09_111420_tube7_cropped_8bits\19_0924_0_8bits.tiff;F:\For Leo to analyse\0907 before laser\Analysis\2025-07-09_111420_tube7_segmentationDebug\19_0924_0_segmented.tiff;1711.0;(73. 73);163.88224971294403;0.9617762788083192;46.67454189429033;0.8005639678088293;0.9635737780928606;1031.7566518171116;0.9625733635351462;0.9181654238191228;0.8601672846586658;1909240.0;0.0;924.0;False;G:\Experiments\PTT\Spheroids\07072025_mda\0907 after laser\Analysis\2025-07-09_162033_tube7_cropped_8bits2\19_0924_0_8bits.tiff;G:\Experiments\PTT\Spheroids\07072025_mda\0907 after laser\Analysis\2025-07-09_162033_tube7_segmentationDebug2\19_0924_0_segmented.tiff;1804.5;(74. 75);166.953317642211;0.96137453383058;47.9328776360714;0.813535751547437;0.911019139450812;982.295365168539;0.961778627828733;0.913945930452901;0.869340003500443;71.79768748788838;44.0;Alive
4;Tube 7;210050.0;;;;;;;;;;;;;;;;;;;;;;;;;;;;;;;;;;;210050.0;0.0;1005.0;False;G:\Experiments\PTT\Spheroids\07072025_mda\0907 after laser\Analysis\2025-07-09_162033_tube7_cropped_8bits2\2_1005_0_8bits.tiff;G:\Experiments\PTT\Spheroids\07072025_mda\0907 after laser\Analysis\2025-07-09_162033_tube7_segmentationDebug2\2_1005_0_segmented.tiff;2146.0;(73. 76);186.710676550865;0.944750165089148;52.2720964090943;0.773572952310626;0.952465383381977;1114.95601676154;0.963044566344538;0.898226531790173;0.869942283190055;101.03110264194821;37.0;Alive
4;Tube 7;211050.0;;;;;;;;;;;;;;;;;;211050.0;0.0;1105.0;False;F:\For Leo to analyse\0907 before laser\Analysis\2025-07-09_111420_tube7_cropped_8bits\2_1105_0_8bits.tiff;F:\For Leo to analyse\0907 before laser\Analysis\2025-07-09_111420_tube7_segmentationDebug\2_1105_0_segmented.tiff;2131.5;(79. 72);183.9238806962967;0.95497311827957;52.09520217450931;0.7918063084467842;0.9603562520911656;824.9560951635875;0.9761613200555168;0.8996038951925868;0.8906599160128771;;;;;;;;;;;;;;;;;;;;
4;Tube 7;313050.0;;;;;;;;;;;;;;;;;;;;;;;;;;;;;;;;;;;313050.0;0.0;1305.0;False;G:\Experiments\PTT\Spheroids\07072025_mda\0907 after laser\Analysis\2025-07-09_162033_tube7_cropped_8bits2\3_1305_0_8bits.tiff;G:\Experiments\PTT\Spheroids\07072025_mda\0907 after laser\Analysis\2025-07-09_162033_tube7_segmentationDebug2\3_1305_0_segmented.tiff;2709.0;(71. 76);222.852812170982;0.932209222298692;58.7299406324198;0.68546081257093;0.876759272041544;1034.97375977609;0.941814512187081;0.872003118063924;0.869418853090932;145.4847878044054;37.0;Alive
4;Tube 7;314050.0;;;;;;;;;;;;;;;;;;314050.0;0.0;1405.0;False;F:\For Leo to analyse\0907 before laser\Analysis\2025-07-09_111420_tube7_cropped_8bits\3_1405_0_8bits.tiff;F:\For Leo to analyse\0907 before laser\Analysis\2025-07-09_111420_tube7_segmentationDebug\3_1405_0_segmented.tiff;2765.0;(74. 72);222.8528121709824;0.9341216216216216;59.33386335974361;0.6996305451305365;0.878711474762281;932.583448284473;0.9505797039166166;0.8695553822888674;0.8743683815819089;;;;;;;;;;;;;;;;;;;;
4;Tube 7;415020.0;;;;;;;;;;;;;;;;;;415020.0;0.0;1502.0;False;F:\For Leo to analyse\0907 before laser\Analysis\2025-07-09_111420_tube7_cropped_8bits\4_1502_0_8bits.tiff;F:\For Leo to analyse\0907 before laser\Analysis\2025-07-09_111420_tube7_segmentationDebug\4_1502_0_segmented.tiff;2040.0;(70. 78);188.0243848562241;0.9342798259674834;50.96477873256914;0.7251229963387069;0.9301181480520372;1217.569090127279;0.9620037478396736;0.9029188477574172;0.8262851604294849;;;;;;;;;;;;;;;;;;;;
4;Tube 7;415030.0;;;;;;;;;;;;;;;;;;;;;;;;;;;;;;;;;;;415030.0;0.0;1503.0;False;G:\Experiments\PTT\Spheroids\07072025_mda\0907 after laser\Analysis\2025-07-09_162033_tube7_cropped_8bits2\4_1503_0_8bits.tiff;G:\Experiments\PTT\Spheroids\07072025_mda\0907 after laser\Analysis\2025-07-09_162033_tube7_segmentationDebug2\4_1503_0_segmented.tiff;2319.0;(74. 74);199.195957779884;0.937727456530529;54.338223234118;0.734428582339879;0.821238068360987;1150.84561703096;0.953020755485862;0.889925622774981;0.834106095687885;105.43973257541504;37.0;Alive
4;Tube 7;513010.0;;;;;;;;;;;;;;;;;;513010.0;0.0;1301.0;False;F:\For Leo to analyse\0907 before laser\Analysis\2025-07-09_111420_tube7_cropped_8bits\5_1301_0_8bits.tiff;F:\For Leo to analyse\0907 before laser\Analysis\2025-07-09_111420_tube7_segmentationDebug\5_1301_0_segmented.tiff;1926.5;(76. 77);184.12489020824432;0.9275397207510832;49.52671988868525;0.7140915197385338;0.90550636741369;950.219668700959;0.9629232694202297;0.9081052966173064;0.864101753078503;513010.0;0.0;1301.0;False;G:\Experiments\PTT\Spheroids\07072025_mda\0907 after laser\Analysis\2025-07-09_162033_tube7_cropped_8bits2\5_1301_0_8bits.tiff;G:\Experiments\PTT\Spheroids\07072025_mda\0907 after laser\Analysis\2025-07-09_162033_tube7_segmentationDebug2\5_1301_0_segmented.tiff;1944.5;(76. 73);178.124890208244;0.947150511446663;49.7575551523336;0.770138069838036;0.935720335830484;706.007318056938;0.962631384529544;0.90729508875617;0.893391019975693;74.84174148956787;37.0;Alive
4;Tube 7;610010.0;;;;;;;;;;;;;;;;;;;;;;;;;;;;;;;;;;;610010.0;0.0;1001.0;False;G:\Experiments\PTT\Spheroids\07072025_mda\0907 after laser\Analysis\2025-07-09_162033_tube7_cropped_8bits2\6_1001_0_8bits.tiff;G:\Experiments\PTT\Spheroids\07072025_mda\0907 after laser\Analysis\2025-07-09_162033_tube7_segmentationDebug2\6_1001_0_segmented.tiff;2610.5;(75. 74);218.953317165374;0.922438162544169;57.6523358722883;0.684274731944936;0.919230901669522;1055.01211900601;0.94902317795679;0.876470340768371;0.876931247532817;108.22136812867387;40.0;Alive
4;Tube 7;611010.0;;;;;;;;;;;;;;;;;;611010.0;0.0;1101.0;False;F:\For Leo to analyse\0907 before laser\Analysis\2025-07-09_111420_tube7_cropped_8bits\6_1101_0_8bits.tiff;F:\For Leo to analyse\0907 before laser\Analysis\2025-07-09_111420_tube7_segmentationDebug\6_1101_0_segmented.tiff;2642.5;(74. 76);271.9238797426224;0.8494053359048538;58.00461616942799;0.4490866696154391;0.7907118138942061;1127.2600437909514;0.9477150311111622;0.873029114487128;0.8389442471174416;;;;;;;;;;;;;;;;;;;;
4;Tube 7;708010.0;;;;;;;;;;;;;;;;;;708010.0;0.0;801.0;False;F:\For Leo to analyse\0907 before laser\Analysis\2025-07-09_111420_tube7_cropped_8bits\7_0801_0_8bits.tiff;F:\For Leo to analyse\0907 before laser\Analysis\2025-07-09_111420_tube7_segmentationDebug\7_0801_0_segmented.tiff;2089.0;(78. 72);197.68123936653137;0.9138232720909888;51.57322375954168;0.6717650323021135;0.7742786457727336;1109.7274473809794;0.9638113112049156;0.9001438764683221;0.84885494224548;;;;;;;;;;;;;;;;;;;;
4;Tube 7;709010.0;;;;;;;;;;;;;;;;;;;;;;;;;;;;;;;;;;;709010.0;0.0;901.0;False;G:\Experiments\PTT\Spheroids\07072025_mda\0907 after laser\Analysis\2025-07-09_162033_tube7_cropped_8bits2\7_0901_0_8bits.tiff;G:\Experiments\PTT\Spheroids\07072025_mda\0907 after laser\Analysis\2025-07-09_162033_tube7_segmentationDebug2\7_0901_0_segmented.tiff;2326.5;(73. 72);204.267025709152;0.920110737591457;54.4260213576774;0.700674625952287;0.970048222368085;1036.63302577949;0.959710957044079;0.889742962110061;0.868416450751588;51.95885278728765;50.0;Alive
4;Tube 7;804010.0;;;;;;;;;;;;;;;;;;804010.0;0.0;401.0;False;F:\For Leo to analyse\0907 before laser\Analysis\2025-07-09_111420_tube7_cropped_8bits\8_0401_0_8bits.tiff;F:\For Leo to analyse\0907 before laser\Analysis\2025-07-09_111420_tube7_segmentationDebug\8_0401_0_segmented.tiff;2180.5;(76. 79);219.78174459934235;0.8722;52.69059524521452;0.5672607334528111;0.7904420862162009;951.9390286404284;0.9584403769070172;0.8953598931256628;0.870050978395565;;;;;;;;;;;;;;;;;;;;
4;Tube 7;902020.0;;;;;;;;;;;;;;;;;;902020.0;0.0;202.0;False;F:\For Leo to analyse\0907 before laser\Analysis\2025-07-09_111420_tube7_cropped_8bits\9_0202_0_8bits.tiff;F:\For Leo to analyse\0907 before laser\Analysis\2025-07-09_111420_tube7_segmentationDebug\9_0202_0_segmented.tiff;2413.0;(80. 70);205.53910374641416;0.9282554337372572;55.42857585619486;0.7177583755924559;0.9944730639883028;995.1215052268038;0.9553138983436654;0.8856889063441374;0.8714502462192193;;;;;;;;;;;;;;;;;;;;
4;Tube 7;903010.0;;;;;;;;;;;;;;;;;;;;;;;;;;;;;;;;;;;903010.0;0.0;301.0;False;G:\Experiments\PTT\Spheroids\07072025_mda\0907 after laser\Analysis\2025-07-09_162033_tube7_cropped_8bits2\9_0301_0_8bits.tiff;G:\Experiments\PTT\Spheroids\07072025_mda\0907 after laser\Analysis\2025-07-09_162033_tube7_segmentationDebug2\9_0301_0_segmented.tiff;1998.0;(82. 71);183.195957541465;0.942675159235668;50.4374128041958;0.748123979930704;0.777804433051596;1156.87256137697;0.971525657030592;0.905192328933748;0.818987849350282;54.42558620244171;48.0;Alive
4;Tube 8;1002040.0;;;;;;;;;;;;;;;;;;;;;;;;;;;;;;;;;;;1002040.0;0.0;204.0;False;G:\Experiments\PTT\Spheroids\07072025_mda\0907 after laser\Analysis\2025-07-09_162954_tube8_cropped_8bits2\10_0204_0_8bits.tiff;G:\Experiments\PTT\Spheroids\07072025_mda\0907 after laser\Analysis\2025-07-09_162954_tube8_segmentationDebug2\10_0204_0_segmented.tiff;1825.5;(74. 74);172.468036055564;0.95078125;48.2109820363995;0.771213219718962;0.859071737381715;977.30455487809;0.96225354129373;0.912670468927605;0.872429856805821;42.09191912667141;51.0;Dead
4;Tube 8;1002050.0;;;;;;;;;;;;;;;;;;1002050.0;0.0;205.0;False;F:\For Leo to analyse\0907 before laser\Analysis\2025-07-09_112316_tube8_cropped_8bits\9_0205_0_8bits.tiff;F:\For Leo to analyse\0907 before laser\Analysis\2025-07-09_112316_tube8_segmentationDebug\9_0205_0_segmented.tiff;1756.0;(74. 80);170.225395321846;0.9494457961611248;47.28433821631583;0.7615276432416703;0.8786431836296855;1101.9791043589216;0.9627489538704356;0.9159439373662892;0.8617803682629633;;;;;;;;;;;;;;;;;;;;
4;Tube 8;1102070.0;;;;;;;;;;;;;;;;;;1102070.0;0.0;207.0;False;F:\For Leo to analyse\0907 before laser\Analysis\2025-07-09_112316_tube8_cropped_8bits\10_0207_0_8bits.tiff;F:\For Leo to analyse\0907 before laser\Analysis\2025-07-09_112316_tube8_segmentationDebug\10_0207_0_segmented.tiff;2270.0;(70. 73);191.05382251739505;0.9539819289766758;53.76108040719438;0.781491499901304;0.964632355160099;992.8826409647736;0.959347200679376;0.8925623813282505;0.8710578031923264;;;;;;;;;;;;;;;;;;;;
4;Tube 8;1202090.0;;;;;;;;;;;;;;;;;;;;;;;;;;;;;;;;;;;1202090.0;0.0;209.0;False;G:\Experiments\PTT\Spheroids\07072025_mda\0907 after laser\Analysis\2025-07-09_162954_tube8_cropped_8bits2\12_0209_0_8bits.tiff;G:\Experiments\PTT\Spheroids\07072025_mda\0907 after laser\Analysis\2025-07-09_162954_tube8_segmentationDebug2\12_0209_0_segmented.tiff;2480.0;(73. 70);212.852811932563;0.908591317091042;56.1928293552051;0.68786428548602;0.756742849139568;753.372649711779;0.962455139107645;0.882811653398778;0.905013795979062;82.18945804534592;49.0;Alive
4;Tube 8;1202100.0;;;;;;;;;;;;;;;;;;1202100.0;0.0;210.0;False;F:\For Leo to analyse\0907 before laser\Analysis\2025-07-09_112316_tube8_cropped_8bits\11_0210_0_8bits.tiff;F:\For Leo to analyse\0907 before laser\Analysis\2025-07-09_112316_tube8_segmentationDebug\11_0210_0_segmented.tiff;2185.5;(71. 74);200.9533174037933;0.916736577181208;52.75097179217363;0.6800961474818419;0.8196344081404967;807.3243717839501;0.9648817941084818;0.8963138582542034;0.9068357465622944;;;;;;;;;;;;;;;;;;;;
4;Tube 8;1302120.0;;;;;;;;;;;;;;;;;;;;;;;;;;;;;;;;;;;1302120.0;0.0;212.0;False;G:\Experiments\PTT\Spheroids\07072025_mda\0907 after laser\Analysis\2025-07-09_162954_tube8_cropped_8bits2\13_0212_0_8bits.tiff;G:\Experiments\PTT\Spheroids\07072025_mda\0907 after laser\Analysis\2025-07-09_162954_tube8_segmentationDebug2\13_0212_0_segmented.tiff;2213.0;(69. 74);212.024384617805;0.905297606872571;53.0818152713235;0.618613872923867;0.867060345553883;940.857471174351;0.96915182920173;0.894804997507448;0.917992705499677;9.433943220722176;57.0;Dead
4;Tube 8;1302130.0;;;;;;;;;;;;;;;;;;1302130.0;0.0;213.0;False;F:\For Leo to analyse\0907 before laser\Analysis\2025-07-09_112316_tube8_cropped_8bits\12_0213_0_8bits.tiff;F:\For Leo to analyse\0907 before laser\Analysis\2025-07-09_112316_tube8_segmentationDebug\12_0213_0_segmented.tiff;1760.0;(78. 74);162.71067702770233;0.960960960960961;47.33816218162558;0.8353922222460154;0.8938264487350256;1058.0513181382794;0.9717180384003914;0.9163307663065684;0.8796613025835021;;;;;;;;;;;;;;;;;;;;
4;Tube 8;1402150.0;;;;;;;;;;;;;;;;;;;;;;;;;;;;;;;;;;;1402150.0;0.0;215.0;False;G:\Experiments\PTT\Spheroids\07072025_mda\0907 after laser\Analysis\2025-07-09_162954_tube8_cropped_8bits2\14_0215_0_8bits.tiff;G:\Experiments\PTT\Spheroids\07072025_mda\0907 after laser\Analysis\2025-07-09_162954_tube8_segmentationDebug2\14_0215_0_segmented.tiff;2113.0;(79. 68);194.367530822753;0.916702819956616;51.8686336626038;0.702848829523823;0.790225836249664;984.113631116023;0.955269085666351;0.899381810855557;0.875756211499782;54.89793940959887;52.0;Alive
4;Tube 8;1402160.0;;;;;;;;;;;;;;;;;;1402160.0;0.0;216.0;False;F:\For Leo to analyse\0907 before laser\Analysis\2025-07-09_112316_tube8_cropped_8bits\13_0216_0_8bits.tiff;F:\For Leo to analyse\0907 before laser\Analysis\2025-07-09_112316_tube8_segmentationDebug\13_0216_0_segmented.tiff;1963.5;(72. 82);178.95331716537476;0.9485507246376812;50.00005846084074;0.7704798112173039;0.7933458444551007;1014.6492351926394;0.9697915091683748;0.9067779768034464;0.9019662626735504;;;;;;;;;;;;;;;;;;;;
4;Tube 8;1502180.0;;;;;;;;;;;;;;;;;;1502180.0;0.0;218.0;False;F:\For Leo to analyse\0907 before laser\Analysis\2025-07-09_112316_tube8_cropped_8bits\14_0218_0_8bits.tiff;F:\For Leo to analyse\0907 before laser\Analysis\2025-07-09_112316_tube8_segmentationDebug\14_0218_0_segmented.tiff;2234.5;(82. 69);463.7817442417145;0.4491005929052356;53.33904538619642;0.1305458059699902;0.3147627514048597;976.7341512928408;0.9453103490044666;0.8528498228262608;0.6854796084368975;1502180.0;0.0;218.0;False;G:\Experiments\PTT\Spheroids\07072025_mda\0907 after laser\Analysis\2025-07-09_162954_tube8_cropped_8bits2\15_0218_0_8bits.tiff;G:\Experiments\PTT\Spheroids\07072025_mda\0907 after laser\Analysis\2025-07-09_162954_tube8_segmentationDebug2\15_0218_0_segmented.tiff;2181.5;(81. 67);187.580733299255;0.956798245614035;52.7026760880295;0.779091780935037;0.965303949117242;1177.49429987993;0.964482584342671;0.896786129029639;0.885344536988189;14.997214327239844;76.0;Dead
4;Tube 8;1602210.0;;;;;;;;;;;;;;;;;;;;;;;;;;;;;;;;;;;1602210.0;0.0;221.0;False;G:\Experiments\PTT\Spheroids\07072025_mda\0907 after laser\Analysis\2025-07-09_162954_tube8_cropped_8bits2\16_0221_0_8bits.tiff;G:\Experiments\PTT\Spheroids\07072025_mda\0907 after laser\Analysis\2025-07-09_162954_tube8_segmentationDebug2\16_0221_0_segmented.tiff;1944.0;(81. 74);178.367530584335;0.947599317572507;49.7511575238723;0.76784670526994;0.914229294053918;1110.71673260889;0.95763251374205;0.907470137502159;0.852682552600804;63.452780828111884;45.0;Alive
4;Tube 8;1602220.0;;;;;;;;;;;;;;;;;;1602220.0;0.0;222.0;False;F:\For Leo to analyse\0907 before laser\Analysis\2025-07-09_112316_tube8_cropped_8bits\15_0222_0_8bits.tiff;F:\For Leo to analyse\0907 before laser\Analysis\2025-07-09_112316_tube8_segmentationDebug\15_0222_0_segmented.tiff;2024.0;(73. 78);178.36753070354462;0.954041951449446;50.76452342476948;0.7994453340478449;0.8760314284026522;982.0988794772154;0.95875263103342;0.9038346756185072;0.865505658749775;;;;;;;;;;;;;;;;;;;;
4;Tube 8;1703240.0;;;;;;;;;;;;;;;;;;1703240.0;0.0;324.0;False;F:\For Leo to analyse\0907 before laser\Analysis\2025-07-09_112316_tube8_cropped_8bits\16_0324_0_8bits.tiff;F:\For Leo to analyse\0907 before laser\Analysis\2025-07-09_112316_tube8_segmentationDebug\16_0324_0_segmented.tiff;1926.5;(86. 72);174.61017179489136;0.9518280632411068;49.52671988868525;0.7940352781623536;0.9092902747919004;1117.5168769222562;0.960172223558248;0.9083338346605864;0.8533086667560841;;;;;;;;;;;;;;;;;;;;
4;Tube 8;1806240.0;;;;;;;;;;;;;;;;;;1806240.0;0.0;624.0;False;F:\For Leo to analyse\0907 before laser\Analysis\2025-07-09_112316_tube8_cropped_8bits\17_0624_0_8bits.tiff;F:\For Leo to analyse\0907 before laser\Analysis\2025-07-09_112316_tube8_segmentationDebug\17_0624_0_segmented.tiff;1963.5;(76. 72);187.6396092176437;0.9301279014684984;50.00005846084074;0.7007961867236648;0.8534721348641316;1800.2597505044946;0.9727805595091932;0.913133349489998;0.8545879424880273;;;;;;;;;;;;;;;;;;;;
4;Tube 8;1910240.0;;;;;;;;;;;;;;;;;;1910240.0;1.0;1024.0;False;F:\For Leo to analyse\0907 before laser\Analysis\2025-07-09_112316_tube8_cropped_8bits\18_1024_0_8bits.tiff;F:\For Leo to analyse\0907 before laser\Analysis\2025-07-09_112316_tube8_segmentationDebug\18_1024_0_segmented.tiff;2057.0;(78. 75);197.88224971294403;0.9121951219512195;51.17669140849406;0.6601315311992512;0.9433604985261332;1687.5433476460962;0.9700325593644276;0.9143397488917702;0.8509597293163667;;;;;;;;;;;;;;;;;;;;
4;Tube 8;210050.0;;;;;;;;;;;;;;;;;;210050.0;0.0;1005.0;False;F:\For Leo to analyse\0907 before laser\Analysis\2025-07-09_112316_tube8_cropped_8bits\2_1005_0_8bits.tiff;F:\For Leo to analyse\0907 before laser\Analysis\2025-07-09_112316_tube8_segmentationDebug\2_1005_0_segmented.tiff;2426.0;(72. 75);270.3086566925049;0.7928104575163398;55.57768558987955;0.4172350188641276;0.855200672679531;1005.1632226794542;0.9480098219505754;0.8829030515846944;0.8275268196541478;210050.0;0.0;1005.0;False;G:\Experiments\PTT\Spheroids\07072025_mda\0907 after laser\Analysis\2025-07-09_162954_tube8_cropped_8bits2\2_1005_0_8bits.tiff;G:\Experiments\PTT\Spheroids\07072025_mda\0907 after laser\Analysis\2025-07-09_162954_tube8_segmentationDebug2\2_1005_0_segmented.tiff;2440.5;(79. 73);222.610171318054;0.888747268754552;55.7435297494351;0.618868913701596;0.81703815850723;1125.7667532489;0.950590397056249;0.883878077358597;0.885609784989858;35.89884374394419;37.0;Dead
4;Tube 8;313050.0;;;;;;;;;;;;;;;;;;313050.0;0.0;1305.0;False;F:\For Leo to analyse\0907 before laser\Analysis\2025-07-09_112316_tube8_cropped_8bits\3_1305_0_8bits.tiff;F:\For Leo to analyse\0907 before laser\Analysis\2025-07-09_112316_tube8_segmentationDebug\3_1305_0_segmented.tiff;2149.5;(86. 71);361.3797233104706;0.6453985888004804;52.31470540305309;0.2068329619930673;0.7608335660527341;889.8585829924275;0.9466734970967232;0.8920098165630057;0.8619893123432621;;;;;;;;;;;;;;;;;;;;
4;Tube 8;415020.0;;;;;;;;;;;;;;;;;;415020.0;0.0;1502.0;False;F:\For Leo to analyse\0907 before laser\Analysis\2025-07-09_112316_tube8_cropped_8bits\4_1502_0_8bits.tiff;F:\For Leo to analyse\0907 before laser\Analysis\2025-07-09_112316_tube8_segmentationDebug\4_1502_0_segmented.tiff;1803.5;(79. 70);174.9533176422119;0.9388339406559084;47.91959431099001;0.7404259748579547;0.8964532072495583;1040.0130909954858;0.9577958959916149;0.913795638235036;0.8598728519572998;;;;;;;;;;;;;;;;;;;;
4;Tube 8;415040.0;;;;;;;;;;;;;;;;;;;;;;;;;;;;;;;;;;;415040.0;0.0;1504.0;False;G:\Experiments\PTT\Spheroids\07072025_mda\0907 after laser\Analysis\2025-07-09_162954_tube8_cropped_8bits2\4_1504_0_8bits.tiff;G:\Experiments\PTT\Spheroids\07072025_mda\0907 after laser\Analysis\2025-07-09_162954_tube8_segmentationDebug2\4_1504_0_segmented.tiff;1717.5;(72. 68);164.124890089035;0.950470392916436;46.7631149313499;0.80123094323601;0.956379132021237;1048.24646220069;0.96376935141126;0.917912565073956;0.859449852202977;62.29813965506105;37.0;Alive
4;Tube 8;514010.0;;;;;;;;;;;;;;;;;;;;;;;;;;;;;;;;;;;514010.0;0.0;1401.0;False;G:\Experiments\PTT\Spheroids\07072025_mda\0907 after laser\Analysis\2025-07-09_162954_tube8_cropped_8bits2\5_1401_0_8bits.tiff;G:\Experiments\PTT\Spheroids\07072025_mda\0907 after laser\Analysis\2025-07-09_162954_tube8_segmentationDebug2\5_1401_0_segmented.tiff;2037.0;(77. 77);187.882249474525;0.93935900391976;50.9272908431768;0.725152570032659;0.825539895959582;1229.77362121898;0.960223513368778;0.903113568984073;0.843739381865039;107.43411278341193;37.0;Alive
4;Tube 8;610010.0;;;;;;;;;;;;;;;;;;610010.0;0.0;1001.0;False;F:\For Leo to analyse\0907 before laser\Analysis\2025-07-09_112316_tube8_cropped_8bits\6_1001_0_8bits.tiff;F:\For Leo to analyse\0907 before laser\Analysis\2025-07-09_112316_tube8_segmentationDebug\6_1001_0_segmented.tiff;1989.5;(69. 72);178.81118214130402;0.9521416606843742;50.33001166551232;0.7819238477192962;0.8372622192671658;1292.173655191264;0.956049532723832;0.9051985694585984;0.8421327158646905;;;;;;;;;;;;;;;;;;;;
4;Tube 8;611010.0;;;;;;;;;;;;;;;;;;;;;;;;;;;;;;;;;;;611010.0;0.0;1101.0;False;G:\Experiments\PTT\Spheroids\07072025_mda\0907 after laser\Analysis\2025-07-09_162954_tube8_cropped_8bits2\6_1101_0_8bits.tiff;G:\Experiments\PTT\Spheroids\07072025_mda\0907 after laser\Analysis\2025-07-09_162954_tube8_segmentationDebug2\6_1101_0_segmented.tiff;1993.5;(75. 76);190.124890089035;0.927209302325581;50.3805818984809;0.693023804003323;0.813471353242694;1183.8540342462;0.957422352369073;0.904649960997122;0.850743522213377;73.73958400620116;43.0;Alive
4;Tube 8;707010.0;;;;;;;;;;;;;;;;;;707010.0;0.0;701.0;False;F:\For Leo to analyse\0907 before laser\Analysis\2025-07-09_112316_tube8_cropped_8bits\7_0701_0_8bits.tiff;F:\For Leo to analyse\0907 before laser\Analysis\2025-07-09_112316_tube8_segmentationDebug\7_0701_0_segmented.tiff;2078.5;(74. 71);185.78174424171448;0.9464936247723132;51.44344850155397;0.756752424187802;0.9541818499529052;1182.5285244922345;0.9536019324131442;0.9011090059231072;0.8360668550471954;;;;;;;;;;;;;;;;;;;;
4;Tube 8;708010.0;;;;;;;;;;;;;;;;;;;;;;;;;;;;;;;;;;;708010.0;0.0;801.0;False;G:\Experiments\PTT\Spheroids\07072025_mda\0907 after laser\Analysis\2025-07-09_162954_tube8_cropped_8bits2\7_0801_0_8bits.tiff;G:\Experiments\PTT\Spheroids\07072025_mda\0907 after laser\Analysis\2025-07-09_162954_tube8_segmentationDebug2\7_0801_0_segmented.tiff;2283.5;(76. 73);199.781743764877;0.935668920303216;53.9207056741911;0.718950981597196;0.926338416090127;1099.95858990166;0.953691195587439;0.891569308870632;0.863142724520677;11.087179445772238;68.0;Dead
4;Tube 8;806010.0;;;;;;;;;;;;;;;;;;;;;;;;;;;;;;;;;;;806010.0;0.0;601.0;False;G:\Experiments\PTT\Spheroids\07072025_mda\0907 after laser\Analysis\2025-07-09_162954_tube8_cropped_8bits2\8_0601_0_8bits.tiff;G:\Experiments\PTT\Spheroids\07072025_mda\0907 after laser\Analysis\2025-07-09_162954_tube8_segmentationDebug2\8_0601_0_segmented.tiff;2592.0;(74. 37);205.882249712944;0.94754158289161;57.4476883778063;0.768434846558617;0.863681671901778;984.737668109112;0.93555280522968;0.844589219294673;0.869271760327856;79.14540404366643;51.0;Alive
4;Tube 8;902020.0;;;;;;;;;;;;;;;;;;902020.0;0.0;202.0;False;F:\For Leo to analyse\0907 before laser\Analysis\2025-07-09_112316_tube8_cropped_8bits\8_0202_0_8bits.tiff;F:\For Leo to analyse\0907 before laser\Analysis\2025-07-09_112316_tube8_segmentationDebug\8_0202_0_segmented.tiff;2166.0;(75. 77);190.5096664428711;0.945438673068529;52.51511071964299;0.7499534080412791;0.9024206016655844;886.1604189188494;0.963241191983079;0.8973339210117589;0.8720670864031498;;;;;;;;;;;;;;;;;;;;
