Experiment ID;Sheet;merge_number;Name_day0;Index_day0;Wells_day0;multiple_day0;Path 8bcrop_day0;Path segmented_day0;Area (pix2)_day0;Centroid_day0;Perimeter (pix)_day0;Solidity_day0;Equivalent Diameter (pix)_day0;Circularity_day0;Aspect ratio_day0;Mean grey value_day0;Homogeneity_day0;Energy_day0;Correlation_day0;Name_day1;Index_day1;Wells_day1;multiple_day1;Path 8bcrop_day1;Path segmented_day1;Area (pix2)_day1;Centroid_day1;Perimeter (pix)_day1;Solidity_day1;Equivalent Diameter (pix)_day1;Circularity_day1;Aspect ratio_day1;Mean grey value_day1;Homogeneity_day1;Energy_day1;Correlation_day1;Name_day2;Index_day2;Wells_day2;multiple_day2;Path 8bcrop_day2;Path segmented_day2;Area (pix2)_day2;Centroid_day2;Perimeter (pix)_day2;Solidity_day2;Equivalent Diameter (pix)_day2;Circularity_day2;Aspect ratio_day2;Mean grey value_day2;Homogeneity_day2;Energy_day2;Correlation_day2;Normalised alb_day2;Max temp (°C)_day2;Label_day2;Name_delta;Index_delta;Wells_delta;multiple_delta;Path 8bcrop_delta;Path segmented_delta;Area (pix2)_delta;Centroid_delta;Perimeter (pix)_delta;Solidity_delta;Equivalent Diameter (pix)_delta;Circularity_delta;Aspect ratio_delta;Mean grey value_delta;Homogeneity_delta;Energy_delta;Correlation_delta
2;Tube 5;1002020.0;1002020.0;0.0;202.0;False;G:\0309 pdx ptt\0409\Analysis\2025-09-04_120705_tube5_cropped_8bits2\10_0202_0_8bits.tiff;G:\0309 pdx ptt\0409\Analysis\2025-09-04_120705_tube5_segmentationDebug2\10_0202_0_segmented.tiff;1835.5;(81. 73);248.124890327453;0.761302364164247;48.3428503954968;0.374648146688111;0.794223958284359;756.409423612832;0.966262510413477;0.910159342355609;0.89999488823391;;;;;;;;;;;;;;;;;;1002020.0;0.0;202.0;False;I:\For Leo to analyse\0309 pdx ptt\0509 post ptt\Analysis\2025-09-05_160650_tube5_cropped_8bits2\10_0202_0_8bits.tiff;I:\For Leo to analyse\0309 pdx ptt\0509 post ptt\Analysis\2025-09-05_160650_tube5_segmentationDebug2\10_0202_0_segmented.tiff;1022.5;(93. 72);220.610171318054;0.655869146889031;36.0816772682715;0.264011057654264;0.770773714740028;549.13657270463;0.984237434677229;0.946942207351949;0.862102173522072;25.883954197118094;42.0;Dead;;;;;;;;;;;;;;;;;
2;Tube 5;103080.0;103080.0;0.0;308.0;False;G:\0309 pdx ptt\0409\Analysis\2025-09-04_120705_tube5_cropped_8bits2\1_0308_0_8bits.tiff;G:\0309 pdx ptt\0409\Analysis\2025-09-04_120705_tube5_segmentationDebug2\1_0308_0_segmented.tiff;2411.5;(87. 72);282.267025709152;0.778531073446327;55.4113450669521;0.380344233495984;0.828061376528654;625.038441769576;0.958364791077937;0.88338898406806;0.901472646668884;;;;;;;;;;;;;;;;;;;;;;;;;;;;;;;;;;;;;;;;;;;;;;;;;;;;;;
2;Tube 5;1102050.0;1102050.0;0.0;205.0;False;G:\0309 pdx ptt\0409\Analysis\2025-09-04_120705_tube5_cropped_8bits2\11_0205_0_8bits.tiff;G:\0309 pdx ptt\0409\Analysis\2025-09-04_120705_tube5_segmentationDebug2\11_0205_0_segmented.tiff;1975.5;(77. 73);271.781744480133;0.769725306838106;50.1526142950127;0.336082836713768;0.778482792589183;555.018306023712;0.958488559740529;0.902703320580556;0.902399442379342;;;;;;;;;;;;;;;;;;;;;;;;;;;;;;;;;;;;;;;;;;;;;;;;;;;;;;
2;Tube 5;1202080.0;1202080.0;0.0;208.0;False;G:\0309 pdx ptt\0409\Analysis\2025-09-04_120705_tube5_cropped_8bits2\12_0208_0_8bits.tiff;G:\0309 pdx ptt\0409\Analysis\2025-09-04_120705_tube5_segmentationDebug2\12_0208_0_segmented.tiff;1934.0;(83. 76);256.710676908493;0.778582930756843;49.6230317445216;0.368789434168462;0.826690887322073;640.405334755354;0.965745605108889;0.905290392588832;0.909294181422985;;;;;;;;;;;;;;;;;;1202080.0;0.0;208.0;True;I:\For Leo to analyse\0309 pdx ptt\0509 post ptt\Analysis\2025-09-05_160650_tube5_cropped_8bits2\12_0208_0_8bits.tiff;I:\For Leo to analyse\0309 pdx ptt\0509 post ptt\Analysis\2025-09-05_160650_tube5_segmentationDebug2\12_0208_0_segmented.tiff;1114.0;(64. 69);249.195958018302;0.678234398782344;37.6615035923284;0.225430704034678;0.680525777355801;548.283749245221;0.978353417221163;0.941694119320449;0.867422177353504;19.954433825487467;50.0;Dead;;;;;;;;;;;;;;;;;
2;Tube 5;1202100.0;;;;;;;;;;;;;;;;;;1202100.0;0.0;210.0;False;I:\For Leo to analyse\0309 pdx ptt\0509 pre ptt\Analysis\2025-09-05_104241_tube5_cropped_8bits2\12_0210_0_8bits.tiff;I:\For Leo to analyse\0309 pdx ptt\0509 pre ptt\Analysis\2025-09-05_104241_tube5_segmentationDebug2\12_0210_0_segmented.tiff;1189.0;(68. 68);193.539103865623;0.759016916693265;38.908634243444;0.398891026966371;0.716251119174437;609.164747592659;0.983999629013446;0.940513135759092;0.904282208143449;;;;;;;;;;;;;;;;;;;;;;;;;;;;;;;;;;;;;
2;Tube 5;1302110.0;1302110.0;0.0;211.0;False;G:\0309 pdx ptt\0409\Analysis\2025-09-04_120705_tube5_cropped_8bits2\13_0211_0_8bits.tiff;G:\0309 pdx ptt\0409\Analysis\2025-09-04_120705_tube5_segmentationDebug2\13_0211_0_segmented.tiff;1837.0;(74. 70);346.024385213851;0.62504253147329;48.3625996373074;0.192799369322952;0.724719107724543;840.619305210144;0.967786596496584;0.906895386235758;0.890677844979387;;;;;;;;;;;;;;;;;;1302110.0;0.0;211.0;False;I:\For Leo to analyse\0309 pdx ptt\0509 post ptt\Analysis\2025-09-05_160650_tube5_cropped_8bits2\13_0211_0_8bits.tiff;I:\For Leo to analyse\0309 pdx ptt\0509 post ptt\Analysis\2025-09-05_160650_tube5_segmentationDebug2\13_0211_0_segmented.tiff;1093.5;(82. 72);152.669046640396;0.865795724465558;37.3133681429042;0.589558172812198;0.978335587151116;568.520689970048;0.98298596023823;0.945994092532329;0.901555944159757;30.74829126845578;45.0;Dead;;;;;;;;;;;;;;;;;
2;Tube 5;1302130.0;;;;;;;;;;;;;;;;;;1302130.0;0.0;213.0;False;I:\For Leo to analyse\0309 pdx ptt\0509 pre ptt\Analysis\2025-09-05_104241_tube5_cropped_8bits2\13_0213_0_8bits.tiff;I:\For Leo to analyse\0309 pdx ptt\0509 pre ptt\Analysis\2025-09-05_104241_tube5_segmentationDebug2\13_0213_0_segmented.tiff;1182.0;(79. 81);189.396968603134;0.795959595959596;38.7939317661533;0.414077176532173;0.674731293800404;692.744776593724;0.97967846781459;0.940875179834896;0.900712814359599;;;;;;;;;;;;;;;;;;;;;;;;;;;;;;;;;;;;;
2;Tube 5;1402140.0;;;;;;;;;;;;;;;;;;;;;;;;;;;;;;;;;;;1402140.0;0.0;214.0;False;I:\For Leo to analyse\0309 pdx ptt\0509 post ptt\Analysis\2025-09-05_160650_tube5_cropped_8bits2\14_0214_0_8bits.tiff;I:\For Leo to analyse\0309 pdx ptt\0509 post ptt\Analysis\2025-09-05_160650_tube5_segmentationDebug2\14_0214_0_segmented.tiff;1150.0;(75. 69);157.396968483924;0.856929955290611;38.265199286629;0.583330893466806;0.6759784187614;688.669530199085;0.982874016413692;0.943447360874584;0.892737722428563;32.310560108885404;43.0;Dead;;;;;;;;;;;;;;;;;
2;Tube 5;1402150.0;1402150.0;0.0;215.0;False;G:\0309 pdx ptt\0409\Analysis\2025-09-04_120705_tube5_cropped_8bits2\14_0215_0_8bits.tiff;G:\0309 pdx ptt\0409\Analysis\2025-09-04_120705_tube5_segmentationDebug2\14_0215_0_segmented.tiff;1709.5;(85. 74);280.267025709152;0.728687127024722;46.6540780824652;0.273485912167815;0.841124838579851;783.912604706864;0.969633032467615;0.914389314770855;0.895750446103235;;;;;;;;;;;;;;;;;;;;;;;;;;;;;;;;;;;;;;;;;;;;;;;;;;;;;;
2;Tube 5;1402160.0;;;;;;;;;;;;;;;;;;1402160.0;0.0;216.0;False;I:\For Leo to analyse\0309 pdx ptt\0509 pre ptt\Analysis\2025-09-05_104241_tube5_cropped_8bits2\14_0216_0_8bits.tiff;I:\For Leo to analyse\0309 pdx ptt\0509 pre ptt\Analysis\2025-09-05_104241_tube5_segmentationDebug2\14_0216_0_segmented.tiff;961.0;(73. 89);151.396968364715;0.826666666666666;34.9797541799608;0.526864448159868;0.723638020762005;807.337649694388;0.984356170291583;0.95200965061705;0.871388156039923;;;;;;;;;;;;;;;;;;;;;;;;;;;;;;;;;;;;;
2;Tube 5;1502170.0;;;;;;;;;;;;;;;;;;;;;;;;;;;;;;;;;;;1502170.0;0.0;217.0;False;I:\For Leo to analyse\0309 pdx ptt\0509 post ptt\Analysis\2025-09-05_160650_tube5_cropped_8bits2\15_0217_0_8bits.tiff;I:\For Leo to analyse\0309 pdx ptt\0509 post ptt\Analysis\2025-09-05_160650_tube5_segmentationDebug2\15_0217_0_segmented.tiff;1181.0;(82. 67);218.710676550865;0.742533794404275;38.777518001185;0.31025571752134;0.798632851652527;566.337121425486;0.982442664110252;0.940012647631781;0.882023455904871;35.43509778974466;43.0;Dead;;;;;;;;;;;;;;;;;
2;Tube 5;1502180.0;1502180.0;0.0;218.0;False;G:\0309 pdx ptt\0409\Analysis\2025-09-04_120705_tube5_cropped_8bits2\15_0218_0_8bits.tiff;G:\0309 pdx ptt\0409\Analysis\2025-09-04_120705_tube5_segmentationDebug2\15_0218_0_segmented.tiff;1758.0;(72. 75);248.710676670074;0.792784667418263;47.31125785312;0.357141136714164;0.81589567620807;759.212320595549;0.966247813655314;0.913403493081683;0.904521818614534;;;;;;;;;;;;;;;;;;;;;;;;;;;;;;;;;;;;;;;;;;;;;;;;;;;;;;
2;Tube 5;1602200.0;;;;;;;;;;;;;;;;;;;;;;;;;;;;;;;;;;;1602200.0;0.0;220.0;False;I:\For Leo to analyse\0309 pdx ptt\0509 post ptt\Analysis\2025-09-05_160650_tube5_cropped_8bits2\16_0220_0_8bits.tiff;I:\For Leo to analyse\0309 pdx ptt\0509 post ptt\Analysis\2025-09-05_160650_tube5_segmentationDebug2\16_0220_0_segmented.tiff;880.5;(87. 72);189.982754588127;0.694126921560898;33.4826435506414;0.306556736279784;0.534384263081643;583.18429264434;0.987353801613573;0.95438460052395;0.879149765518026;31.74246234872918;50.0;Dead;;;;;;;;;;;;;;;;;
2;Tube 5;1602210.0;1602210.0;0.0;221.0;False;G:\0309 pdx ptt\0409\Analysis\2025-09-04_120705_tube5_cropped_8bits2\16_0221_0_8bits.tiff;G:\0309 pdx ptt\0409\Analysis\2025-09-04_120705_tube5_segmentationDebug2\16_0221_0_segmented.tiff;1905.0;(75. 81);239.539103984832;0.774075579032913;49.2495820563026;0.417207399730409;0.751984670050213;738.697917480405;0.958732173261664;0.907249281455797;0.90354568143357;1602210.0;0.0;221.0;False;I:\For Leo to analyse\0309 pdx ptt\0509 pre ptt\Analysis\2025-09-05_104241_tube5_cropped_8bits2\16_0221_0_8bits.tiff;I:\For Leo to analyse\0309 pdx ptt\0509 pre ptt\Analysis\2025-09-05_104241_tube5_segmentationDebug2\16_0221_0_segmented.tiff;1129.0;(63. 77);165.396968483924;0.841595229221021;37.9142116627261;0.518619348776051;0.569559247486746;838.404793663944;0.979652589149628;0.944260002721637;0.866148675452532;;;;;;;;;;;;;;;;;;;;;;;;;;;;;;;;;;;;;
2;Tube 5;1703240.0;1703240.0;0.0;324.0;False;G:\0309 pdx ptt\0409\Analysis\2025-09-04_120705_tube5_cropped_8bits2\17_0324_0_8bits.tiff;G:\0309 pdx ptt\0409\Analysis\2025-09-04_120705_tube5_segmentationDebug2\17_0324_0_segmented.tiff;1842.5;(75. 68);289.438598752021;0.739365971107544;48.4349446285895;0.276378634367066;0.717331897913033;629.940905684654;0.96171622383867;0.908381685861887;0.907942917406632;1703240.0;0.0;324.0;False;I:\For Leo to analyse\0309 pdx ptt\0509 pre ptt\Analysis\2025-09-05_104241_tube5_cropped_8bits2\17_0324_0_8bits.tiff;I:\For Leo to analyse\0309 pdx ptt\0509 pre ptt\Analysis\2025-09-05_104241_tube5_segmentationDebug2\17_0324_0_segmented.tiff;1150.0;(69. 71);192.568541407585;0.761841669426962;38.265199286629;0.389705937411599;0.670589447280669;652.482518460996;0.977612040757086;0.942113070746477;0.892793491664065;1703240.0;0.0;324.0;False;I:\For Leo to analyse\0309 pdx ptt\0509 post ptt\Analysis\2025-09-05_160650_tube5_cropped_8bits2\17_0324_0_8bits.tiff;I:\For Leo to analyse\0309 pdx ptt\0509 post ptt\Analysis\2025-09-05_160650_tube5_segmentationDebug2\17_0324_0_segmented.tiff;1143.0;(89. 74);184.710676670074;0.759468438538206;38.1485622223471;0.42099030618975;0.541199319353472;657.571929360057;0.980704783619904;0.942959450751782;0.887014469799586;37.49445217031098;41.0;Dead;0.0;0.0;0.0;;;;-7.0;;-7.857864737510994;-0.0023732308887559617;-0.11663706428189613;0.031284368778150995;-0.12939012792719706;5.089410899061022;0.003092742862818021;0.0008463800053050141;-0.005779021864478984
2;Tube 5;1806240.0;1806240.0;0.0;624.0;False;G:\0309 pdx ptt\0409\Analysis\2025-09-04_120705_tube5_cropped_8bits2\18_0624_0_8bits.tiff;G:\0309 pdx ptt\0409\Analysis\2025-09-04_120705_tube5_segmentationDebug2\18_0624_0_segmented.tiff;1746.0;(77. 62);198.911687374115;0.874092615769712;47.1495094895757;0.554540794508292;0.770560287063292;771.140131608579;0.963183181718704;0.915384739006221;0.913879322348495;1806240.0;0.0;624.0;False;I:\For Leo to analyse\0309 pdx ptt\0509 pre ptt\Analysis\2025-09-05_104241_tube5_cropped_8bits2\18_0624_0_8bits.tiff;I:\For Leo to analyse\0309 pdx ptt\0509 pre ptt\Analysis\2025-09-05_104241_tube5_segmentationDebug2\18_0624_0_segmented.tiff;1246.0;(83. 90);185.740114450454;0.798462031400192;39.8303461287999;0.453854335766909;0.853441209957949;617.947725417197;0.977830964190221;0.938330254122097;0.904625007432536;1806240.0;0.0;624.0;False;I:\For Leo to analyse\0309 pdx ptt\0509 post ptt\Analysis\2025-09-05_160650_tube5_cropped_8bits2\18_0624_0_8bits.tiff;I:\For Leo to analyse\0309 pdx ptt\0509 post ptt\Analysis\2025-09-05_160650_tube5_segmentationDebug2\18_0624_0_segmented.tiff;1097.5;(87. 78);171.012192606925;0.787867910983488;37.3815516043253;0.471585281936121;0.818618002472588;624.631672473104;0.977968081039222;0.945130023635534;0.889888764471468;18.818238305175015;48.0;Dead;0.0;0.0;0.0;;;;-148.5;;-14.727921843529003;-0.010594120416704045;-2.4487945244746;0.017730946169212003;-0.03482320748536105;6.68394705590697;0.00013711684900097332;0.006799769513436971;-0.014736242961068013
2;Tube 5;1909240.0;1909240.0;0.0;924.0;False;G:\0309 pdx ptt\0409\Analysis\2025-09-04_120705_tube5_cropped_8bits2\19_0924_0_8bits.tiff;G:\0309 pdx ptt\0409\Analysis\2025-09-04_120705_tube5_segmentationDebug2\19_0924_0_segmented.tiff;2118.5;(78. 75);318.267025589942;0.697333772218564;51.9360951123728;0.262817960977545;0.648823074173494;607.248971005303;0.951810965271098;0.894469533487727;0.896897517786435;1909240.0;0.0;924.0;False;I:\For Leo to analyse\0309 pdx ptt\0509 pre ptt\Analysis\2025-09-05_104241_tube5_cropped_8bits2\19_0924_0_8bits.tiff;I:\For Leo to analyse\0309 pdx ptt\0509 pre ptt\Analysis\2025-09-05_104241_tube5_segmentationDebug2\19_0924_0_segmented.tiff;915.5;(64. 73);129.982754826545;0.906435643564356;34.1416285962612;0.68092101604796;0.869967695093216;544.326032301032;0.987133651188921;0.954830458589608;0.89072632884802;1909240.0;0.0;924.0;False;I:\For Leo to analyse\0309 pdx ptt\0509 post ptt\Analysis\2025-09-05_160650_tube5_cropped_8bits2\19_0924_0_8bits.tiff;I:\For Leo to analyse\0309 pdx ptt\0509 post ptt\Analysis\2025-09-05_160650_tube5_segmentationDebug2\19_0924_0_segmented.tiff;936.0;(78. 79);155.254833221435;0.775476387738193;34.5217643505095;0.487972620159606;0.873198741119002;708.375562958478;0.983171840916807;0.953086679362665;0.878922795890033;31.06784625854366;42.0;Dead;0.0;0.0;0.0;;;;20.5;;25.272078394890002;-0.13095925582616297;0.3801357542483004;-0.19294839588835394;0.003231046025785944;164.04953065744598;-0.0039618102721140636;-0.0017437792269430208;-0.011803532957987084
2;Tube 5;2012240.0;2012240.0;0.0;1224.0;False;G:\0309 pdx ptt\0409\Analysis\2025-09-04_120705_tube5_cropped_8bits2\20_1224_0_8bits.tiff;G:\0309 pdx ptt\0409\Analysis\2025-09-04_120705_tube5_segmentationDebug2\20_1224_0_segmented.tiff;1497.5;(76. 73);223.982754707336;0.772106212941479;43.6655037557212;0.375100403944622;0.849598185199994;618.332912596147;0.966781915882902;0.925606382623117;0.901321967074542;;;;;;;;;;;;;;;;;;2012240.0;0.0;1224.0;True;I:\For Leo to analyse\0309 pdx ptt\0509 post ptt\Analysis\2025-09-05_160650_tube5_cropped_8bits2\20_1224_0_8bits.tiff;I:\For Leo to analyse\0309 pdx ptt\0509 post ptt\Analysis\2025-09-05_160650_tube5_segmentationDebug2\20_1224_0_segmented.tiff;874.0;(69. 82);178.568541288375;0.666412504765535;33.3588273489721;0.344438266482121;0.810987589840884;566.849175877014;0.982431567344319;0.955045239973965;0.88641847855099;28.972985767967568;42.0;Dead;;;;;;;;;;;;;;;;;
2;Tube 5;2013240.0;;;;;;;;;;;;;;;;;;2013240.0;0.0;1324.0;False;I:\For Leo to analyse\0309 pdx ptt\0509 pre ptt\Analysis\2025-09-05_104241_tube5_cropped_8bits2\20_1324_0_8bits.tiff;I:\For Leo to analyse\0309 pdx ptt\0509 pre ptt\Analysis\2025-09-05_104241_tube5_segmentationDebug2\20_1324_0_segmented.tiff;1117.5;(82. 80);164.325900912284;0.830546265328874;37.7206202393537;0.520050300778825;0.822180766694331;772.025500886894;0.981277013197107;0.944484478240804;0.896693963645329;;;;;;;;;;;;;;;;;;;;;;;;;;;;;;;;;;;;;
2;Tube 5;205050.0;;;;;;;;;;;;;;;;;;;;;;;;;;;;;;;;;;;205050.0;0.0;505.0;True;I:\For Leo to analyse\0309 pdx ptt\0509 post ptt\Analysis\2025-09-05_160650_tube5_cropped_8bits2\2_0505_0_8bits.tiff;I:\For Leo to analyse\0309 pdx ptt\0509 post ptt\Analysis\2025-09-05_160650_tube5_segmentationDebug2\2_0505_0_segmented.tiff;1947.0;(72. 50);323.4802287817;0.681007345225603;49.7895309638418;0.233819287267994;0.625624315774676;628.000189558619;0.960253431967605;0.90231809021476;0.868137990562351;85.28567624345357;37.0;Alive;;;;;;;;;;;;;;;;;
2;Tube 5;207050.0;;;;;;;;;;;;;;;;;;207050.0;1.0;705.0;False;I:\For Leo to analyse\0309 pdx ptt\0509 pre ptt\Analysis\2025-09-05_104241_tube5_cropped_8bits2\2_0705_0_8bits.tiff;I:\For Leo to analyse\0309 pdx ptt\0509 pre ptt\Analysis\2025-09-05_104241_tube5_segmentationDebug2\2_0705_0_segmented.tiff;2151.0;(83. 50);235.539103865623;0.805617977528089;52.3329557805149;0.487219024168104;0.860655240003508;625.913063186053;0.960685544079479;0.896138323038797;0.903672113681912;;;;;;;;;;;;;;;;;;;;;;;;;;;;;;;;;;;;;
2;Tube 5;308050.0;308050.0;0.0;805.0;False;G:\0309 pdx ptt\0409\Analysis\2025-09-04_120705_tube5_cropped_8bits2\3_0805_0_8bits.tiff;G:\0309 pdx ptt\0409\Analysis\2025-09-04_120705_tube5_segmentationDebug2\3_0805_0_segmented.tiff;2301.5;(81. 78);274.752306818962;0.745183746155091;54.1328071709566;0.383122932621136;0.782967343503536;758.359479660598;0.955003900447564;0.888321496927333;0.896782082562967;;;;;;;;;;;;;;;;;;;;;;;;;;;;;;;;;;;;;;;;;;;;;;;;;;;;;;
2;Tube 5;411050.0;411050.0;0.0;1105.0;False;G:\0309 pdx ptt\0409\Analysis\2025-09-04_120705_tube5_cropped_8bits2\4_1105_0_8bits.tiff;G:\0309 pdx ptt\0409\Analysis\2025-09-04_120705_tube5_segmentationDebug2\4_1105_0_segmented.tiff;2533.5;(80. 74);278.267025709152;0.802502375673107;56.7957074662032;0.411156613737337;0.841364283736519;892.283722029002;0.954234349360444;0.877787449682731;0.886957684057458;;;;;;;;;;;;;;;;;;;;;;;;;;;;;;;;;;;;;;;;;;;;;;;;;;;;;;
2;Tube 5;412050.0;;;;;;;;;;;;;;;;;;;;;;;;;;;;;;;;;;;412050.0;0.0;1205.0;False;I:\For Leo to analyse\0309 pdx ptt\0509 post ptt\Analysis\2025-09-05_160650_tube5_cropped_8bits2\4_1205_0_8bits.tiff;I:\For Leo to analyse\0309 pdx ptt\0509 post ptt\Analysis\2025-09-05_160650_tube5_segmentationDebug2\4_1205_0_segmented.tiff;1813.5;(79. 56);203.154327988624;0.868118717089516;48.0522623231957;0.552173126166157;0.682828278063961;587.08624557236;0.968293278549891;0.911915596150241;0.901660694323549;74.98890434062196;37.0;Alive;;;;;;;;;;;;;;;;;
2;Tube 5;514050.0;514050.0;0.0;1405.0;False;G:\0309 pdx ptt\0409\Analysis\2025-09-04_120705_tube5_cropped_8bits2\5_1405_0_8bits.tiff;G:\0309 pdx ptt\0409\Analysis\2025-09-04_120705_tube5_segmentationDebug2\5_1405_0_segmented.tiff;2568.0;(74. 82);269.338093280792;0.834714773281326;57.1811083390301;0.444845622044667;0.841617947368063;688.256687191345;0.949573438457133;0.876668550307628;0.905317636052533;;;;;;;;;;;;;;;;;;;;;;;;;;;;;;;;;;;;;;;;;;;;;;;;;;;;;;
2;Tube 5;613010.0;;;;;;;;;;;;;;;;;;613010.0;0.0;1301.0;False;I:\For Leo to analyse\0309 pdx ptt\0509 pre ptt\Analysis\2025-09-05_104241_tube5_cropped_8bits2\6_1301_0_8bits.tiff;I:\For Leo to analyse\0309 pdx ptt\0509 pre ptt\Analysis\2025-09-05_104241_tube5_segmentationDebug2\6_1301_0_segmented.tiff;2134.5;(80. 82);286.894442081451;0.751187752947386;52.1318502284083;0.325883035829852;0.507432520451438;707.839952771646;0.961188225718506;0.895056292144037;0.888304111811455;;;;;;;;;;;;;;;;;;;;;;;;;;;;;;;;;;;;;
2;Tube 5;614010.0;;;;;;;;;;;;;;;;;;;;;;;;;;;;;;;;;;;614010.0;0.0;1401.0;False;I:\For Leo to analyse\0309 pdx ptt\0509 post ptt\Analysis\2025-09-05_160650_tube5_cropped_8bits2\6_1401_0_8bits.tiff;I:\For Leo to analyse\0309 pdx ptt\0509 post ptt\Analysis\2025-09-05_160650_tube5_segmentationDebug2\6_1401_0_segmented.tiff;2167.0;(51. 47);310.651801586151;0.710724827812397;52.5272319225094;0.282176616823352;0.722606142101569;555.305807709194;0.961671943375851;0.893535770350082;0.884145468537493;61.851643637009204;37.0;Alive;;;;;;;;;;;;;;;;;
2;Tube 5;615020.0;615020.0;0.0;1502.0;False;G:\0309 pdx ptt\0409\Analysis\2025-09-04_120705_tube5_cropped_8bits2\6_1502_0_8bits.tiff;G:\0309 pdx ptt\0409\Analysis\2025-09-04_120705_tube5_segmentationDebug2\6_1502_0_segmented.tiff;2602.0;(78. 71);260.852812170982;0.831309904153354;57.5583989996324;0.480536200406867;0.651954317308363;682.142354652084;0.953532489858743;0.875545016556885;0.915800559049116;;;;;;;;;;;;;;;;;;;;;;;;;;;;;;;;;;;;;;;;;;;;;;;;;;;;;;
2;Tube 5;710010.0;;;;;;;;;;;;;;;;;;710010.0;0.0;1001.0;False;I:\For Leo to analyse\0309 pdx ptt\0509 pre ptt\Analysis\2025-09-05_104241_tube5_cropped_8bits2\7_1001_0_8bits.tiff;I:\For Leo to analyse\0309 pdx ptt\0509 pre ptt\Analysis\2025-09-05_104241_tube5_segmentationDebug2\7_1001_0_segmented.tiff;1694.0;(73. 76);193.396968603134;0.884364395719133;46.4420907020922;0.569146337000864;0.801624758475718;828.070172812424;0.973158216517711;0.918070353393987;0.894998872286923;;;;;;;;;;;;;;;;;;;;;;;;;;;;;;;;;;;;;
2;Tube 5;711010.0;;;;;;;;;;;;;;;;;;;;;;;;;;;;;;;;;;;711010.0;0.0;1101.0;False;I:\For Leo to analyse\0309 pdx ptt\0509 post ptt\Analysis\2025-09-05_160650_tube5_cropped_8bits2\7_1101_0_8bits.tiff;I:\For Leo to analyse\0309 pdx ptt\0509 post ptt\Analysis\2025-09-05_160650_tube5_segmentationDebug2\7_1101_0_segmented.tiff;1608.5;(63. 87);193.296463251113;0.855357617654879;45.2548981625912;0.540982371832976;0.820614934528603;661.384386014947;0.973016129980993;0.922115931643509;0.901640186464014;38.488623250584375;48.0;Dead;;;;;;;;;;;;;;;;;
2;Tube 5;712010.0;712010.0;0.0;1201.0;False;G:\0309 pdx ptt\0409\Analysis\2025-09-04_120705_tube5_cropped_8bits2\7_1201_0_8bits.tiff;G:\0309 pdx ptt\0409\Analysis\2025-09-04_120705_tube5_segmentationDebug2\7_1201_0_segmented.tiff;3161.0;(59. 73);388.308655500412;0.717349370248496;63.4406037243329;0.263439089976885;0.696031295172118;658.006550141509;0.931307170891283;0.846400759986315;0.899640843972458;;;;;;;;;;;;;;;;;;;;;;;;;;;;;;;;;;;;;;;;;;;;;;;;;;;;;;
2;Tube 5;808010.0;;;;;;;;;;;;;;;;;;;;;;;;;;;;;;;;;;;808010.0;0.0;801.0;False;I:\For Leo to analyse\0309 pdx ptt\0509 post ptt\Analysis\2025-09-05_160650_tube5_cropped_8bits2\8_0801_0_8bits.tiff;I:\For Leo to analyse\0309 pdx ptt\0509 post ptt\Analysis\2025-09-05_160650_tube5_segmentationDebug2\8_0801_0_segmented.tiff;1673.5;(94. 52);297.923879504203;0.650408083948698;46.1602250656806;0.236932671591295;0.60276282223944;584.483917723006;0.968985613874678;0.916276468786427;0.90596943631869;40.40595319111164;44.0;Dead;;;;;;;;;;;;;;;;;
2;Tube 5;809010.0;809010.0;0.0;901.0;False;G:\0309 pdx ptt\0409\Analysis\2025-09-04_120705_tube5_cropped_8bits2\8_0901_0_8bits.tiff;G:\0309 pdx ptt\0409\Analysis\2025-09-04_120705_tube5_segmentationDebug2\8_0901_0_segmented.tiff;2972.0;(87. 60);377.622364044189;0.659491845112615;61.5147781183749;0.261904677999142;0.648257077032375;579.465015701026;0.937270263868289;0.854977534903026;0.904592776314885;;;;;;;;;;;;;;;;;;;;;;;;;;;;;;;;;;;;;;;;;;;;;;;;;;;;;;
2;Tube 5;903010.0;;;;;;;;;;;;;;;;;;903010.0;0.0;301.0;False;I:\For Leo to analyse\0309 pdx ptt\0509 pre ptt\Analysis\2025-09-05_104241_tube5_cropped_8bits2\9_0301_0_8bits.tiff;I:\For Leo to analyse\0309 pdx ptt\0509 pre ptt\Analysis\2025-09-05_104241_tube5_segmentationDebug2\9_0301_0_segmented.tiff;1579.0;(76. 78);237.396968603134;0.748696064485538;44.8379888168149;0.35208024357666;0.714700324746709;697.224494560401;0.973065983788763;0.921488339277959;0.900954329841701;;;;;;;;;;;;;;;;;;;;;;;;;;;;;;;;;;;;;
2;Tube 5;905010.0;905010.0;0.0;501.0;False;G:\0309 pdx ptt\0409\Analysis\2025-09-04_120705_tube5_cropped_8bits2\9_0501_0_8bits.tiff;G:\0309 pdx ptt\0409\Analysis\2025-09-04_120705_tube5_segmentationDebug2\9_0501_0_segmented.tiff;2316.0;(68. 88);370.65180170536;0.661619768604485;54.3030642377263;0.211844009712612;0.70579002794137;665.586866704201;0.948846983531863;0.884236958979119;0.883452211145561;;;;;;;;;;;;;;;;;;;;;;;;;;;;;;;;;;;;;;;;;;;;;;;;;;;;;;
2;Tube 6;1003010.0;;;;;;;;;;;;;;;;;;1003010.0;0.0;301.0;False;I:\For Leo to analyse\0309 pdx ptt\0509 pre ptt\Analysis\2025-09-05_103244_tube6_cropped_8bits2\10_0301_0_8bits.tiff;I:\For Leo to analyse\0309 pdx ptt\0509 pre ptt\Analysis\2025-09-05_103244_tube6_segmentationDebug2\10_0301_0_segmented.tiff;1525.0;(61. 80);199.195957541465;0.808589607635206;44.0646151205377;0.482968344436995;0.620179144892015;697.363016186206;0.976555929369194;0.925198524456087;0.876716196342715;;;;;;;;;;;;;;;;;;;;;;;;;;;;;;;;;;;;;
2;Tube 6;103080.0;;;;;;;;;;;;;;;;;;103080.0;0.0;308.0;False;I:\For Leo to analyse\0309 pdx ptt\0509 pre ptt\Analysis\2025-09-05_103244_tube6_cropped_8bits2\1_0308_0_8bits.tiff;I:\For Leo to analyse\0309 pdx ptt\0509 pre ptt\Analysis\2025-09-05_103244_tube6_segmentationDebug2\1_0308_0_segmented.tiff;2919.5;(100. 66);364.06601524353;0.689699976376092;60.9690319002549;0.276794886562336;0.751958181061823;669.612268365941;0.949024914373512;0.857964467440906;0.905111247408753;;;;;;;;;;;;;;;;;;;;;;;;;;;;;;;;;;;;;
2;Tube 6;1102050.0;1102050.0;0.0;205.0;False;G:\0309 pdx ptt\0409\Analysis\2025-09-04_121735_tube6_cropped_8bits2\11_0205_0_8bits.tiff;G:\0309 pdx ptt\0409\Analysis\2025-09-04_121735_tube6_segmentationDebug2\11_0205_0_segmented.tiff;2034.5;(72. 69);317.580733776092;0.729734576757532;50.8960298428442;0.253489084302986;0.74903781322024;552.893730418871;0.963091884450273;0.899115277876079;0.906465452431798;1102050.0;0.0;205.0;False;I:\For Leo to analyse\0309 pdx ptt\0509 pre ptt\Analysis\2025-09-05_103244_tube6_cropped_8bits2\11_0205_0_8bits.tiff;I:\For Leo to analyse\0309 pdx ptt\0509 pre ptt\Analysis\2025-09-05_103244_tube6_segmentationDebug2\11_0205_0_segmented.tiff;934.5;(109. 67);187.154327988624;0.718017671917018;34.4940915890679;0.335265928431397;0.903715081839286;608.488970467633;0.984927895370848;0.952137832438992;0.881459404861604;1102050.0;0.0;205.0;True;I:\For Leo to analyse\0309 pdx ptt\0509 post ptt\Analysis\2025-09-05_161645_tube6_cropped_8bits2\11_0205_0_8bits.tiff;I:\For Leo to analyse\0309 pdx ptt\0509 post ptt\Analysis\2025-09-05_161645_tube6_segmentationDebug2\11_0205_0_segmented.tiff;1161.0;(76. 63);228.367530703544;0.680938416422287;38.4477712154752;0.279752110634589;0.623058648830294;541.574306619541;0.97415655227641;0.940654793229282;0.889851974873117;15.48066396425718;50.0;Dead;0.0;0.0;0.0;;;;226.5;;41.21320271491999;-0.03707925549473101;3.9536796264073004;-0.05551381779680803;-0.2806564330089919;-66.914663848092;-0.010771343094438057;-0.011483039209709944;0.008392570011512945
2;Tube 6;1202080.0;;;;;;;;;;;;;;;;;;1202080.0;0.0;208.0;False;I:\For Leo to analyse\0309 pdx ptt\0509 pre ptt\Analysis\2025-09-05_103244_tube6_cropped_8bits2\12_0208_0_8bits.tiff;I:\For Leo to analyse\0309 pdx ptt\0509 pre ptt\Analysis\2025-09-05_103244_tube6_segmentationDebug2\12_0208_0_segmented.tiff;1272.5;(86. 70);163.982754826545;0.874270010305736;40.2516747561576;0.594663522260353;0.736772215279314;616.992688505203;0.980494664058817;0.937587378828638;0.888946400184065;;;;;;;;;;;;;;;;;;;;;;;;;;;;;;;;;;;;;
2;Tube 6;1302110.0;1302110.0;0.0;211.0;False;G:\0309 pdx ptt\0409\Analysis\2025-09-04_121735_tube6_cropped_8bits2\13_0211_0_8bits.tiff;G:\0309 pdx ptt\0409\Analysis\2025-09-04_121735_tube6_segmentationDebug2\13_0211_0_segmented.tiff;1575.5;(69. 70);268.953317403793;0.665610477397549;44.7882674673875;0.273699787750706;0.685860020811823;551.752485191481;0.969383677193546;0.92073396931217;0.895865768383074;1302110.0;0.0;211.0;False;I:\For Leo to analyse\0309 pdx ptt\0509 pre ptt\Analysis\2025-09-05_103244_tube6_cropped_8bits2\13_0211_0_8bits.tiff;I:\For Leo to analyse\0309 pdx ptt\0509 pre ptt\Analysis\2025-09-05_103244_tube6_segmentationDebug2\13_0211_0_segmented.tiff;901.0;(100. 71);134.426406025886;0.874332848131974;33.8701761112395;0.626564059659884;0.808030048176578;645.415276053655;0.986618136372577;0.955300474741939;0.894425764098184;1302110.0;0.0;211.0;False;I:\For Leo to analyse\0309 pdx ptt\0509 post ptt\Analysis\2025-09-05_161645_tube6_cropped_8bits2\13_0211_0_8bits.tiff;I:\For Leo to analyse\0309 pdx ptt\0509 post ptt\Analysis\2025-09-05_161645_tube6_segmentationDebug2\13_0211_0_segmented.tiff;1247.5;(85. 63);167.154327869415;0.871159217877094;39.854313845017;0.561067570198697;0.667997451985035;550.85317155993;0.977228103380491;0.938786358248906;0.909916818136639;11.006894103026896;55.0;Dead;0.0;0.0;0.0;;;;346.5;;32.727921843529;-0.0031736302548799333;5.9841377337775015;-0.06549648946118702;-0.14003259619154296;-94.56210449372497;-0.009390032992085962;-0.016514116493033026;0.015491054038455077
2;Tube 6;1402150.0;1402150.0;0.0;215.0;False;G:\0309 pdx ptt\0409\Analysis\2025-09-04_121735_tube6_cropped_8bits2\14_0215_0_8bits.tiff;G:\0309 pdx ptt\0409\Analysis\2025-09-04_121735_tube6_segmentationDebug2\14_0215_0_segmented.tiff;1234.0;(81. 74);209.539103865623;0.729098966026587;39.6380826756692;0.353178989182434;0.849033858844643;576.531366345357;0.977400285353226;0.937990294529726;0.892683666269702;;;;;;;;;;;;;;;;;;;;;;;;;;;;;;;;;;;;;;;;;;;;;;;;;;;;;;
2;Tube 6;1502170.0;;;;;;;;;;;;;;;;;;;;;;;;;;;;;;;;;;;1502170.0;0.0;217.0;False;I:\For Leo to analyse\0309 pdx ptt\0509 post ptt\Analysis\2025-09-05_161645_tube6_cropped_8bits2\15_0217_0_8bits.tiff;I:\For Leo to analyse\0309 pdx ptt\0509 post ptt\Analysis\2025-09-05_161645_tube6_segmentationDebug2\15_0217_0_segmented.tiff;1331.5;(70. 69);175.982754707336;0.855994856959177;41.1742450302961;0.540269948871856;0.774518480973778;447.091407624633;0.972818816728319;0.917252803173336;0.914552053290346;3.8701659910642974;48.0;Dead;;;;;;;;;;;;;;;;;
2;Tube 6;1502180.0;1502180.0;0.0;218.0;False;G:\0309 pdx ptt\0409\Analysis\2025-09-04_121735_tube6_cropped_8bits2\15_0218_0_8bits.tiff;G:\0309 pdx ptt\0409\Analysis\2025-09-04_121735_tube6_segmentationDebug2\15_0218_0_segmented.tiff;1574.0;(95. 81);221.882249593734;0.776325524044389;44.7669414123094;0.40176256792842;0.754500711268697;598.196749817735;0.97099622813922;0.922293161942622;0.902916502821879;;;;;;;;;;;;;;;;;;;;;;;;;;;;;;;;;;;;;;;;;;;;;;;;;;;;;;
2;Tube 6;1602200.0;;;;;;;;;;;;;;;;;;1602200.0;0.0;220.0;False;I:\For Leo to analyse\0309 pdx ptt\0509 pre ptt\Analysis\2025-09-05_103244_tube6_cropped_8bits2\16_0220_0_8bits.tiff;I:\For Leo to analyse\0309 pdx ptt\0509 pre ptt\Analysis\2025-09-05_103244_tube6_segmentationDebug2\16_0220_0_segmented.tiff;1100.5;(75. 82);180.811181902885;0.757659208261617;37.4326076967801;0.423008740185834;0.946627149726458;561.194903474478;0.978003420846216;0.944600641649928;0.883742957184529;;;;;;;;;;;;;;;;;;;;;;;;;;;;;;;;;;;;;
2;Tube 6;1602210.0;1602210.0;0.0;221.0;False;G:\0309 pdx ptt\0409\Analysis\2025-09-04_121735_tube6_cropped_8bits2\16_0221_0_8bits.tiff;G:\0309 pdx ptt\0409\Analysis\2025-09-04_121735_tube6_segmentationDebug2\16_0221_0_segmented.tiff;1343.0;(85. 72);174.911687374115;0.846784363177805;41.3516711703326;0.551630432949245;0.947747044156122;714.301873910331;0.978390250823571;0.934215509119653;0.911112859433458;;;;;;;;;;;;;;;;;;1602210.0;0.0;221.0;False;I:\For Leo to analyse\0309 pdx ptt\0509 post ptt\Analysis\2025-09-05_161645_tube6_cropped_8bits2\16_0221_0_8bits.tiff;I:\For Leo to analyse\0309 pdx ptt\0509 post ptt\Analysis\2025-09-05_161645_tube6_segmentationDebug2\16_0221_0_segmented.tiff;1096.0;(80. 76);174.568541526794;0.809154669619785;37.3559973903754;0.451947981565884;0.878513102529781;698.072422750772;0.981017663173209;0.945173525395426;0.898606570906933;2.1658727105956133;64.0;Dead;;;;;;;;;;;;;;;;;
2;Tube 6;1703240.0;1703240.0;0.0;324.0;False;G:\0309 pdx ptt\0409\Analysis\2025-09-04_121735_tube6_cropped_8bits2\17_0324_0_8bits.tiff;G:\0309 pdx ptt\0409\Analysis\2025-09-04_121735_tube6_segmentationDebug2\17_0324_0_segmented.tiff;1108.5;(75. 64);157.840619564056;0.854006163328197;37.5684180574445;0.559123836634614;0.724853784244624;809.440509323442;0.979302972078337;0.945279647882111;0.897818896101007;1703240.0;0.0;324.0;False;I:\For Leo to analyse\0309 pdx ptt\0509 pre ptt\Analysis\2025-09-05_103244_tube6_cropped_8bits2\17_0324_0_8bits.tiff;I:\For Leo to analyse\0309 pdx ptt\0509 pre ptt\Analysis\2025-09-05_103244_tube6_segmentationDebug2\17_0324_0_segmented.tiff;1032.0;(74. 77);191.740114450454;0.72243612180609;36.2489063306286;0.352747217573231;0.90517590582834;516.100745966378;0.982543117200835;0.947810275753791;0.9003882783864;1703240.0;0.0;324.0;False;I:\For Leo to analyse\0309 pdx ptt\0509 post ptt\Analysis\2025-09-05_161645_tube6_cropped_8bits2\17_0324_0_8bits.tiff;I:\For Leo to analyse\0309 pdx ptt\0509 post ptt\Analysis\2025-09-05_161645_tube6_segmentationDebug2\17_0324_0_segmented.tiff;784.0;(69. 68);169.740114450454;0.697508896797153;31.5946166786743;0.341945541389767;0.756198106506119;609.918091892082;0.985849891289449;0.959346878268421;0.892869082276852;2.378909370654201;44.0;Dead;0.0;0.0;0.0;;;;-248.0;;-22.0;-0.02492722500893696;-4.654289651954301;-0.010801676183464004;-0.148977799322221;93.81734592570399;0.0033067740886140173;0.011536602514630068;-0.0075191961095479876
2;Tube 6;1806240.0;1806240.0;0.0;624.0;False;G:\0309 pdx ptt\0409\Analysis\2025-09-04_121735_tube6_cropped_8bits2\18_0624_0_8bits.tiff;G:\0309 pdx ptt\0409\Analysis\2025-09-04_121735_tube6_segmentationDebug2\18_0624_0_segmented.tiff;1420.5;(83. 82);239.296463370323;0.755786113328012;42.5280704158594;0.311729958610969;0.903149540150964;642.48287192968;0.969251237289468;0.928556292872719;0.899433718274051;1806240.0;0.0;624.0;False;I:\For Leo to analyse\0309 pdx ptt\0509 pre ptt\Analysis\2025-09-05_103244_tube6_cropped_8bits2\18_0624_0_8bits.tiff;I:\For Leo to analyse\0309 pdx ptt\0509 pre ptt\Analysis\2025-09-05_103244_tube6_segmentationDebug2\18_0624_0_segmented.tiff;1057.0;(68. 78);193.740114450454;0.735560194850382;36.6853403798447;0.353871630739765;0.86875254568481;578.979411399368;0.977879562115488;0.946380431594422;0.884584180623197;1806240.0;0.0;624.0;False;I:\For Leo to analyse\0309 pdx ptt\0509 post ptt\Analysis\2025-09-05_161645_tube6_cropped_8bits2\18_0624_0_8bits.tiff;I:\For Leo to analyse\0309 pdx ptt\0509 post ptt\Analysis\2025-09-05_161645_tube6_segmentationDebug2\18_0624_0_segmented.tiff;870.0;(78. 78);174.225395560264;0.754553339115351;33.2824038182279;0.360168890659202;0.718838262130039;541.578687593134;0.980143709903836;0.955215160255675;0.883147908678123;0.7456283102050458;60.0;Dead;0.0;0.0;0.0;;;;-187.0;;-19.51471889019001;0.01899314426496901;-3.402936561616805;0.0062972599194369705;-0.149914283554771;-37.400723806234055;0.0022641477883480476;0.00883472866125301;-0.001436271945074008
2;Tube 6;1908240.0;;;;;;;;;;;;;;;;;;1908240.0;0.0;824.0;False;I:\For Leo to analyse\0309 pdx ptt\0509 pre ptt\Analysis\2025-09-05_103244_tube6_cropped_8bits2\19_0824_0_8bits.tiff;I:\For Leo to analyse\0309 pdx ptt\0509 pre ptt\Analysis\2025-09-05_103244_tube6_segmentationDebug2\19_0824_0_segmented.tiff;774.0;(98. 86);151.254833221435;0.77593984962406;31.3924737417269;0.425140327327866;0.821518575936635;607.695462190948;0.984404327191536;0.960359937786687;0.89116721654388;;;;;;;;;;;;;;;;;;;;;;;;;;;;;;;;;;;;;
2;Tube 6;1909240.0;1909240.0;0.0;924.0;False;G:\0309 pdx ptt\0409\Analysis\2025-09-04_121735_tube6_cropped_8bits2\19_0924_0_8bits.tiff;G:\0309 pdx ptt\0409\Analysis\2025-09-04_121735_tube6_segmentationDebug2\19_0924_0_segmented.tiff;985.5;(83. 81);169.154327630996;0.814799503927242;35.4228396848206;0.432812969505718;0.773998521114469;707.481994751341;0.979381404982984;0.950140651551723;0.889736017574759;;;;;;;;;;;;;;;;;;1909240.0;0.0;924.0;False;I:\For Leo to analyse\0309 pdx ptt\0509 post ptt\Analysis\2025-09-05_161645_tube6_cropped_8bits2\19_0924_0_8bits.tiff;I:\For Leo to analyse\0309 pdx ptt\0509 post ptt\Analysis\2025-09-05_161645_tube6_segmentationDebug2\19_0924_0_segmented.tiff;770.5;(73. 90);151.840619683265;0.741578440808469;31.321415504706;0.419958689743299;0.716770788011518;550.945735215378;0.983413523225919;0.96030911006585;0.887387144539072;3.3730804509275973;49.0;Dead;;;;;;;;;;;;;;;;;
2;Tube 6;2012240.0;2012240.0;0.0;1224.0;False;G:\0309 pdx ptt\0409\Analysis\2025-09-04_121735_tube6_cropped_8bits2\20_1224_0_8bits.tiff;G:\0309 pdx ptt\0409\Analysis\2025-09-04_121735_tube6_segmentationDebug2\20_1224_0_segmented.tiff;1274.5;(71. 72);228.468036174774;0.731210556511761;40.2832943012977;0.306830696898559;0.635700914914188;594.300252273868;0.970574821110058;0.935602879364006;0.897970423109796;;;;;;;;;;;;;;;;;;2012240.0;0.0;1224.0;False;I:\For Leo to analyse\0309 pdx ptt\0509 post ptt\Analysis\2025-09-05_161645_tube6_cropped_8bits2\20_1224_0_8bits.tiff;I:\For Leo to analyse\0309 pdx ptt\0509 post ptt\Analysis\2025-09-05_161645_tube6_segmentationDebug2\20_1224_0_segmented.tiff;831.5;(75. 72);149.982755064964;0.793794749403341;32.5376502139796;0.46450400578324;0.821427973352148;452.921706034727;0.980116708867755;0.957754216878553;0.89616266571864;4.40275764121076;50.0;Dead;;;;;;;;;;;;;;;;;
2;Tube 6;204050.0;204050.0;0.0;405.0;False;G:\0309 pdx ptt\0409\Analysis\2025-09-04_121735_tube6_cropped_8bits2\2_0405_0_8bits.tiff;G:\0309 pdx ptt\0409\Analysis\2025-09-04_121735_tube6_segmentationDebug2\2_0405_0_segmented.tiff;3203.5;(65. 81);497.521858930587;0.694601040763226;63.8656627739749;0.162633593955433;0.580837152393217;613.872746867401;0.932194551583749;0.84035487889818;0.884333225126731;;;;;;;;;;;;;;;;;;;;;;;;;;;;;;;;;;;;;;;;;;;;;;;;;;;;;;
2;Tube 6;205050.0;;;;;;;;;;;;;;;;;;;;;;;;;;;;;;;;;;;205050.0;0.0;505.0;True;I:\For Leo to analyse\0309 pdx ptt\0509 post ptt\Analysis\2025-09-05_161645_tube6_cropped_8bits2\2_0505_0_8bits.tiff;I:\For Leo to analyse\0309 pdx ptt\0509 post ptt\Analysis\2025-09-05_161645_tube6_segmentationDebug2\2_0505_0_segmented.tiff;2319.0;(76. 50);291.823374271392;0.770303936223218;54.338223234118;0.34219248143781;0.692635586165987;691.316213912335;0.952830298548419;0.88693574656945;0.888878169579812;223.86602361156318;37.0;Alive;;;;;;;;;;;;;;;;;
2;Tube 6;308050.0;308050.0;0.0;805.0;False;G:\0309 pdx ptt\0409\Analysis\2025-09-04_121735_tube6_cropped_8bits2\3_0805_0_8bits.tiff;G:\0309 pdx ptt\0409\Analysis\2025-09-04_121735_tube6_segmentationDebug2\3_0805_0_segmented.tiff;3417.0;(92. 94);346.793936967849;0.812604042806183;65.9595294431369;0.357035870435659;0.659761422493415;515.267860322179;0.928220573609298;0.835738839431545;0.902142396524413;;;;;;;;;;;;;;;;;;;;;;;;;;;;;;;;;;;;;;;;;;;;;;;;;;;;;;
2;Tube 6;308051.0;;;;;;;;;;;;;;;;;;;;;;;;;;;;;;;;;;;308051.0;0.0;805.0;True;I:\For Leo to analyse\0309 pdx ptt\0509 post ptt\Analysis\2025-09-05_161645_tube6_cropped_8bits2\3_0805_1_8bits.tiff;I:\For Leo to analyse\0309 pdx ptt\0509 post ptt\Analysis\2025-09-05_161645_tube6_segmentationDebug2\3_0805_1_segmented.tiff;1475.5;(82. 66);218.124890089035;0.780068728522336;43.3435687069804;0.389707377034803;0.565780456486611;553.409024198703;0.967328139193279;0.927219969431464;0.89713105851654;150.01331479125366;37.0;Alive;;;;;;;;;;;;;;;;;
2;Tube 6;411050.0;411050.0;0.0;1105.0;False;G:\0309 pdx ptt\0409\Analysis\2025-09-04_121735_tube6_cropped_8bits2\4_1105_0_8bits.tiff;G:\0309 pdx ptt\0409\Analysis\2025-09-04_121735_tube6_segmentationDebug2\4_1105_0_segmented.tiff;2319.5;(82. 78);319.237588286399;0.73751987281399;54.3440808553536;0.286006694325598;0.859558783905336;728.608469913163;0.957343029756483;0.886217507333352;0.891790229938346;;;;;;;;;;;;;;;;;;;;;;;;;;;;;;;;;;;;;;;;;;;;;;;;;;;;;;
2;Tube 6;411051.0;;;;;;;;;;;;;;;;;;;;;;;;;;;;;;;;;;;411051.0;0.0;1105.0;True;I:\For Leo to analyse\0309 pdx ptt\0509 post ptt\Analysis\2025-09-05_161645_tube6_cropped_8bits2\4_1105_1_8bits.tiff;I:\For Leo to analyse\0309 pdx ptt\0509 post ptt\Analysis\2025-09-05_161645_tube6_segmentationDebug2\4_1105_1_segmented.tiff;1582.5;(89. 85);248.953317284584;0.731622746185853;44.8876550907194;0.320861602006788;0.922697933663523;625.772381029206;0.967191399896966;0.921166315465678;0.891067838185123;93.02600822558216;37.0;Alive;;;;;;;;;;;;;;;;;
2;Tube 6;412050.0;;;;;;;;;;;;;;;;;;412050.0;1.0;1205.0;False;I:\For Leo to analyse\0309 pdx ptt\0509 pre ptt\Analysis\2025-09-05_103244_tube6_cropped_8bits2\4_1205_0_8bits.tiff;I:\For Leo to analyse\0309 pdx ptt\0509 pre ptt\Analysis\2025-09-05_103244_tube6_segmentationDebug2\4_1205_0_segmented.tiff;1259.5;(68. 30);173.296463131904;0.853319783197832;40.0455391597358;0.527021869922023;0.569007712137415;680.529565157187;0.975541373290445;0.938135805917661;0.879464845407164;;;;;;;;;;;;;;;;;;;;;;;;;;;;;;;;;;;;;
2;Tube 6;514050.0;514050.0;0.0;1405.0;False;G:\0309 pdx ptt\0409\Analysis\2025-09-04_121735_tube6_cropped_8bits2\5_1405_0_8bits.tiff;G:\0309 pdx ptt\0409\Analysis\2025-09-04_121735_tube6_segmentationDebug2\5_1405_0_segmented.tiff;2584.0;(77. 77);286.509665966033;0.798023471278567;57.3589660262077;0.395570427525491;0.843856585962501;664.039695550196;0.955518622619467;0.875339632140218;0.911817312390798;;;;;;;;;;;;;;;;;;514050.0;0.0;1405.0;True;I:\For Leo to analyse\0309 pdx ptt\0509 post ptt\Analysis\2025-09-05_161645_tube6_cropped_8bits2\5_1405_0_8bits.tiff;I:\For Leo to analyse\0309 pdx ptt\0509 post ptt\Analysis\2025-09-05_161645_tube6_segmentationDebug2\5_1405_0_segmented.tiff;1886.5;(71. 54);285.580733776092;0.6750760422258;49.009860244066;0.290675791205497;0.852776469878665;379.230453004305;0.965449173063859;0.906388711411305;0.896840522941398;59.93431369648194;37.0;Alive;;;;;;;;;;;;;;;;;
2;Tube 6;615020.0;;;;;;;;;;;;;;;;;;615020.0;0.0;1502.0;False;I:\For Leo to analyse\0309 pdx ptt\0509 pre ptt\Analysis\2025-09-05_103244_tube6_cropped_8bits2\6_1502_0_8bits.tiff;I:\For Leo to analyse\0309 pdx ptt\0509 pre ptt\Analysis\2025-09-05_103244_tube6_segmentationDebug2\6_1502_0_segmented.tiff;2162.0;(71. 74);307.823374509811;0.748096885813148;52.4665979049282;0.286722889052804;0.771888303397253;592.589202109247;0.961961564589279;0.893094238890925;0.886636124858513;;;;;;;;;;;;;;;;;;;;;;;;;;;;;;;;;;;;;
2;Tube 6;712010.0;712010.0;0.0;1201.0;False;G:\0309 pdx ptt\0409\Analysis\2025-09-04_121735_tube6_cropped_8bits2\7_1201_0_8bits.tiff;G:\0309 pdx ptt\0409\Analysis\2025-09-04_121735_tube6_segmentationDebug2\7_1201_0_segmented.tiff;2463.5;(76. 71);348.89444220066;0.684971500069512;56.0055856005012;0.254316377029572;0.732095986779658;658.578846102609;0.955750068219393;0.878644553001522;0.895071300766162;712010.0;0.0;1201.0;False;I:\For Leo to analyse\0309 pdx ptt\0509 pre ptt\Analysis\2025-09-05_103244_tube6_cropped_8bits2\7_1201_0_8bits.tiff;I:\For Leo to analyse\0309 pdx ptt\0509 pre ptt\Analysis\2025-09-05_103244_tube6_segmentationDebug2\7_1201_0_segmented.tiff;1391.0;(65. 76);234.852812051773;0.701108870967741;42.0841562434915;0.316916947864012;0.96309679079417;664.292794046524;0.978094869141059;0.930108441600249;0.871130446959202;712010.0;0.0;1201.0;True;I:\For Leo to analyse\0309 pdx ptt\0509 post ptt\Analysis\2025-09-05_161645_tube6_cropped_8bits2\7_1201_0_8bits.tiff;I:\For Leo to analyse\0309 pdx ptt\0509 post ptt\Analysis\2025-09-05_161645_tube6_segmentationDebug2\7_1201_0_segmented.tiff;1654.0;(71. 74);228.710676670074;0.775615474794841;45.8905023615122;0.397349335999813;0.770039671589537;663.191288685297;0.966148445263882;0.909086410849935;0.895741641605089;28.901973547948046;55.0;Dead;0.0;0.0;0.0;;;;263.0;;-6.142135381698978;0.07450660382710006;3.8063461180206986;0.080432388135801;-0.19305711920463298;-1.101505361227055;-0.011946423877177037;-0.021022030750313947;0.024611194645886902
2;Tube 6;809010.0;809010.0;0.0;901.0;False;G:\0309 pdx ptt\0409\Analysis\2025-09-04_121735_tube6_cropped_8bits2\8_0901_0_8bits.tiff;G:\0309 pdx ptt\0409\Analysis\2025-09-04_121735_tube6_segmentationDebug2\8_0901_0_segmented.tiff;2340.5;(77. 71);278.267025470733;0.775385125062117;54.5895333782278;0.379835032998323;0.883479125269314;690.887571739853;0.953622769819532;0.886361747525151;0.902385371507567;809010.0;0.0;901.0;False;I:\For Leo to analyse\0309 pdx ptt\0509 pre ptt\Analysis\2025-09-05_103244_tube6_cropped_8bits2\8_0901_0_8bits.tiff;I:\For Leo to analyse\0309 pdx ptt\0509 pre ptt\Analysis\2025-09-05_103244_tube6_segmentationDebug2\8_0901_0_segmented.tiff;1686.5;(89. 63);236.953317403793;0.751559714795008;46.3391680136345;0.377459728280186;0.895047579140226;700.019729160984;0.971300591417133;0.917201253555207;0.883504797728761;;;;;;;;;;;;;;;;;;;;;;;;;;;;;;;;;;;;;
2;Tube 6;905010.0;;;;;;;;;;;;;;;;;;;;;;;;;;;;;;;;;;;905010.0;0.0;501.0;True;I:\For Leo to analyse\0309 pdx ptt\0509 post ptt\Analysis\2025-09-05_161645_tube6_cropped_8bits2\9_0501_0_8bits.tiff;I:\For Leo to analyse\0309 pdx ptt\0509 post ptt\Analysis\2025-09-05_161645_tube6_segmentationDebug2\9_0501_0_segmented.tiff;1365.5;(66. 71);165.154327630996;0.884677680596047;41.6966257428087;0.629102849082737;0.881745106055849;717.451140009871;0.976954233446298;0.933508087092971;0.900213526192649;30.854809598485073;48.0;Dead;;;;;;;;;;;;;;;;;
2;Tube 6;906010.0;906010.0;0.0;601.0;False;G:\0309 pdx ptt\0409\Analysis\2025-09-04_121735_tube6_cropped_8bits2\9_0601_0_8bits.tiff;G:\0309 pdx ptt\0409\Analysis\2025-09-04_121735_tube6_segmentationDebug2\9_0601_0_segmented.tiff;1953.0;(77. 54);235.681239247322;0.811046511627907;49.8661892555243;0.441836999686285;0.90830487988805;691.823517330279;0.956631857689891;0.887155364448859;0.892886378363607;906010.0;0.0;601.0;False;I:\For Leo to analyse\0309 pdx ptt\0509 pre ptt\Analysis\2025-09-05_103244_tube6_cropped_8bits2\9_0601_0_8bits.tiff;I:\For Leo to analyse\0309 pdx ptt\0509 pre ptt\Analysis\2025-09-05_103244_tube6_segmentationDebug2\9_0601_0_segmented.tiff;1691.5;(75. 81);222.610171675682;0.793945083313776;46.4078085015822;0.428935367409458;0.804112247437794;543.99851485443;0.974321725776917;0.917191516786944;0.901135825917897;;;;;;;;;;;;;;;;;;;;;;;;;;;;;;;;;;;;;
2;Tube 7;1002020.0;1002020.0;0.0;202.0;False;G:\0309 pdx ptt\0409\Analysis\2025-09-04_122728_tube7_cropped_8bits2\10_0202_0_8bits.tiff;G:\0309 pdx ptt\0409\Analysis\2025-09-04_122728_tube7_segmentationDebug2\10_0202_0_segmented.tiff;1847.0;(68. 76);268.024384856224;0.71658583899127;48.4940557091881;0.323093442441185;0.646952860349962;669.028132905119;0.963911387618296;0.908780365145082;0.903820574971759;;;;;;;;;;;;;;;;;;;;;;;;;;;;;;;;;;;;;;;;;;;;;;;;;;;;;;
2;Tube 7;1002030.0;;;;;;;;;;;;;;;;;;1002030.0;0.0;203.0;False;I:\For Leo to analyse\0309 pdx ptt\0509 pre ptt\Analysis\2025-09-05_102254_tube7_cropped_8bits2\10_0203_0_8bits.tiff;I:\For Leo to analyse\0309 pdx ptt\0509 pre ptt\Analysis\2025-09-05_102254_tube7_segmentationDebug2\10_0203_0_segmented.tiff;1068.5;(85. 69);188.811181902885;0.761311008193801;36.8843659773286;0.37664219218769;0.577783707451388;784.515801707166;0.983433306548979;0.945750727961477;0.871652767738378;;;;;;;;;;;;;;;;;;;;;;;;;;;;;;;;;;;;;
2;Tube 7;103060.0;;;;;;;;;;;;;;;;;;;;;;;;;;;;;;;;;;;103060.0;0.0;306.0;True;I:\For Leo to analyse\0309 pdx ptt\0509 post ptt\Analysis\2025-09-05_162645_tube7_cropped_8bits2\1_0306_0_8bits.tiff;I:\For Leo to analyse\0309 pdx ptt\0509 post ptt\Analysis\2025-09-05_162645_tube7_segmentationDebug2\1_0306_0_segmented.tiff;2168.5;(71. 76);264.124890208244;0.795196186285295;52.545408484074;0.390616542367343;0.715140863084274;717.013873399556;0.9635458454841;0.895028533429101;0.908410166755746;181.43622214989497;37.0;Alive;;;;;;;;;;;;;;;;;
2;Tube 7;103070.0;;;;;;;;;;;;;;;;;;103070.0;0.0;307.0;False;I:\For Leo to analyse\0309 pdx ptt\0509 pre ptt\Analysis\2025-09-05_102254_tube7_cropped_8bits2\1_0307_0_8bits.tiff;I:\For Leo to analyse\0309 pdx ptt\0509 pre ptt\Analysis\2025-09-05_102254_tube7_segmentationDebug2\1_0307_0_segmented.tiff;2219.0;(90. 92);326.308655977249;0.699889607317457;53.1537256433387;0.261884610041308;0.874432838489663;617.173745400185;0.96590626132829;0.88988176210143;0.862995578369013;;;;;;;;;;;;;;;;;;;;;;;;;;;;;;;;;;;;;
2;Tube 7;1102050.0;1102050.0;0.0;205.0;False;G:\0309 pdx ptt\0409\Analysis\2025-09-04_122728_tube7_cropped_8bits2\11_0205_0_8bits.tiff;G:\0309 pdx ptt\0409\Analysis\2025-09-04_122728_tube7_segmentationDebug2\11_0205_0_segmented.tiff;1384.0;(73. 72);205.882249474525;0.806997084548104;41.9781315676801;0.410306261612768;0.764707877326162;703.617871067758;0.975546019267772;0.931474473984326;0.899896867448212;;;;;;;;;;;;;;;;;;;;;;;;;;;;;;;;;;;;;;;;;;;;;;;;;;;;;;
2;Tube 7;1102060.0;;;;;;;;;;;;;;;;;;1102060.0;0.0;206.0;False;I:\For Leo to analyse\0309 pdx ptt\0509 pre ptt\Analysis\2025-09-05_102254_tube7_cropped_8bits2\11_0206_0_8bits.tiff;I:\For Leo to analyse\0309 pdx ptt\0509 pre ptt\Analysis\2025-09-05_102254_tube7_segmentationDebug2\11_0206_0_segmented.tiff;1294.0;(62. 94);179.740114331245;0.829221403396347;40.5902940478053;0.503331502827379;0.77443041033237;472.18573364378;0.980179703041132;0.936209324319882;0.916915410092226;1102060.0;0.0;206.0;False;I:\For Leo to analyse\0309 pdx ptt\0509 post ptt\Analysis\2025-09-05_162645_tube7_cropped_8bits2\11_0206_0_8bits.tiff;I:\For Leo to analyse\0309 pdx ptt\0509 post ptt\Analysis\2025-09-05_162645_tube7_segmentationDebug2\11_0206_0_segmented.tiff;1444.0;(97. 56);240.509666204452;0.667900092506938;42.8784083496294;0.313698170662117;0.506549062192571;548.696210909572;0.974816534290675;0.927946386756445;0.901153883112391;24.07314258662012;70.0;Dead;0.0;0.0;0.0;;;;150.0;;60.76955187320701;-0.16132131088940893;2.288114301824102;-0.18963333216526201;-0.267881348139799;76.51047726579196;-0.005363168750456948;-0.00826293756343699;-0.015761526979835017
2;Tube 7;1202080.0;1202080.0;0.0;208.0;False;G:\0309 pdx ptt\0409\Analysis\2025-09-04_122728_tube7_cropped_8bits2\12_0208_0_8bits.tiff;G:\0309 pdx ptt\0409\Analysis\2025-09-04_122728_tube7_segmentationDebug2\12_0208_0_segmented.tiff;1320.5;(72. 77);210.811182022094;0.780898876404494;41.0038146862311;0.373388538576687;0.793598918782841;626.538234289247;0.972351178279011;0.934213846778935;0.908897647647109;;;;;;;;;;;;;;;;;;;;;;;;;;;;;;;;;;;;;;;;;;;;;;;;;;;;;;
2;Tube 7;1202090.0;;;;;;;;;;;;;;;;;;1202090.0;0.0;209.0;False;I:\For Leo to analyse\0309 pdx ptt\0509 pre ptt\Analysis\2025-09-05_102254_tube7_cropped_8bits2\12_0209_0_8bits.tiff;I:\For Leo to analyse\0309 pdx ptt\0509 pre ptt\Analysis\2025-09-05_102254_tube7_segmentationDebug2\12_0209_0_segmented.tiff;1071.5;(91. 82);235.781744480133;0.629368575624082;36.9361093265618;0.242204209121045;0.736958438719895;545.769711179285;0.978915189354984;0.944278841612388;0.872873505835537;;;;;;;;;;;;;;;;;;;;;;;;;;;;;;;;;;;;;
2;Tube 7;1302110.0;1302110.0;0.0;211.0;False;G:\0309 pdx ptt\0409\Analysis\2025-09-04_122728_tube7_cropped_8bits2\13_0211_0_8bits.tiff;G:\0309 pdx ptt\0409\Analysis\2025-09-04_122728_tube7_segmentationDebug2\13_0211_0_segmented.tiff;1143.0;(76. 72);232.367530941963;0.67018469656992;38.1485622223471;0.266014437392201;0.834987066897912;587.407793493532;0.980124956150538;0.941162840349592;0.896949301626777;;;;;;;;;;;;;;;;;;;;;;;;;;;;;;;;;;;;;;;;;;;;;;;;;;;;;;
2;Tube 7;1302120.0;;;;;;;;;;;;;;;;;;1302120.0;0.0;212.0;False;I:\For Leo to analyse\0309 pdx ptt\0509 pre ptt\Analysis\2025-09-05_102254_tube7_cropped_8bits2\13_0212_0_8bits.tiff;I:\For Leo to analyse\0309 pdx ptt\0509 pre ptt\Analysis\2025-09-05_102254_tube7_segmentationDebug2\13_0212_0_segmented.tiff;874.5;(53. 80);173.154327869415;0.769467663880334;33.3683679833296;0.366524471355868;0.720984644300056;495.678787878787;0.982734360440795;0.955162538722591;0.890922446162483;;;;;;;;;;;;;;;;;;;;;;;;;;;;;;;;;;;;;
2;Tube 7;1402140.0;1402140.0;0.0;214.0;False;G:\0309 pdx ptt\0409\Analysis\2025-09-04_122728_tube7_cropped_8bits2\14_0214_0_8bits.tiff;G:\0309 pdx ptt\0409\Analysis\2025-09-04_122728_tube7_segmentationDebug2\14_0214_0_segmented.tiff;945.0;(75. 73);166.568541288375;0.797804981004643;34.6873373116866;0.428011765736217;0.903201087466766;619.283843556404;0.983329235299863;0.952214057125871;0.906340023701948;1402140.0;0.0;214.0;False;I:\For Leo to analyse\0309 pdx ptt\0509 pre ptt\Analysis\2025-09-05_102254_tube7_cropped_8bits2\14_0214_0_8bits.tiff;I:\For Leo to analyse\0309 pdx ptt\0509 pre ptt\Analysis\2025-09-05_102254_tube7_segmentationDebug2\14_0214_0_segmented.tiff;730.5;(100. 60);147.154327869415;0.775066312997347;30.4975652705103;0.423920096615471;0.764611643464862;595.890509695358;0.985355315873436;0.962464488532725;0.885413825082173;;;;;;;;;;;;;;;;;;;;;;;;;;;;;;;;;;;;;
2;Tube 7;1402150.0;;;;;;;;;;;;;;;;;;;;;;;;;;;;;;;;;;;1402150.0;0.0;215.0;False;I:\For Leo to analyse\0309 pdx ptt\0509 post ptt\Analysis\2025-09-05_162645_tube7_cropped_8bits2\14_0215_0_8bits.tiff;I:\For Leo to analyse\0309 pdx ptt\0509 post ptt\Analysis\2025-09-05_162645_tube7_segmentationDebug2\14_0215_0_segmented.tiff;1088.0;(74. 72);293.681239366531;0.574142480211081;37.2194119334502;0.158520834837351;0.816379848376859;418.350199546708;0.977338489061505;0.941827526849404;0.877484095882769;7.491789212060241;57.0;Dead;;;;;;;;;;;;;;;;;
2;Tube 7;1502170.0;1502170.0;0.0;217.0;False;G:\0309 pdx ptt\0409\Analysis\2025-09-04_122728_tube7_cropped_8bits2\15_0217_0_8bits.tiff;G:\0309 pdx ptt\0409\Analysis\2025-09-04_122728_tube7_segmentationDebug2\15_0217_0_segmented.tiff;1033.0;(81. 75);229.396968603134;0.670997076973043;36.2664645328356;0.24668050930829;0.597314227919764;615.896713824575;0.976575154789762;0.946236203926222;0.880578918015562;1502170.0;0.0;217.0;False;I:\For Leo to analyse\0309 pdx ptt\0509 pre ptt\Analysis\2025-09-05_102254_tube7_cropped_8bits2\15_0217_0_8bits.tiff;I:\For Leo to analyse\0309 pdx ptt\0509 pre ptt\Analysis\2025-09-05_102254_tube7_segmentationDebug2\15_0217_0_segmented.tiff;917.5;(91. 107);181.296463131904;0.733120255693168;34.1789011276622;0.350781978810251;0.878372689828647;674.201790968592;0.981752680555681;0.953091942028003;0.886346849244271;;;;;;;;;;;;;;;;;;;;;;;;;;;;;;;;;;;;;
2;Tube 7;1502170.0;1502170.0;0.0;217.0;False;G:\0309 pdx ptt\0409\Analysis\2025-09-04_122728_tube7_cropped_8bits2\15_0217_0_8bits.tiff;G:\0309 pdx ptt\0409\Analysis\2025-09-04_122728_tube7_segmentationDebug2\15_0217_0_segmented.tiff;1033.0;(81. 75);229.396968603134;0.670997076973043;36.2664645328356;0.24668050930829;0.597314227919764;615.896713824575;0.976575154789762;0.946236203926222;0.880578918015562;1502170.0;1.0;217.0;False;I:\For Leo to analyse\0309 pdx ptt\0509 pre ptt\Analysis\2025-09-05_102254_tube7_cropped_8bits2\15_0217_0_8bits.tiff;I:\For Leo to analyse\0309 pdx ptt\0509 pre ptt\Analysis\2025-09-05_102254_tube7_segmentationDebug2\15_0217_0_segmented.tiff;419.0;(56. 93);91.1126977205276;0.877486910994764;23.0973455021141;0.634258177971806;0.847431586169651;324.391414141414;0.991260692743519;0.978092762219508;0.89669452460368;;;;;;;;;;;;;;;;;;;;;;;;;;;;;;;;;;;;;
2;Tube 7;1502190.0;;;;;;;;;;;;;;;;;;;;;;;;;;;;;;;;;;;1502190.0;0.0;219.0;False;I:\For Leo to analyse\0309 pdx ptt\0509 post ptt\Analysis\2025-09-05_162645_tube7_cropped_8bits2\15_0219_0_8bits.tiff;I:\For Leo to analyse\0309 pdx ptt\0509 post ptt\Analysis\2025-09-05_162645_tube7_segmentationDebug2\15_0219_0_segmented.tiff;849.0;(89. 62);183.053822636604;0.69790382244143;32.8782659743507;0.318390388782062;0.713506485162727;475.721632133245;0.983371833311036;0.956008013833043;0.877803483543748;7.704825872118829;50.0;Dead;;;;;;;;;;;;;;;;;
2;Tube 7;1602200.0;;;;;;;;;;;;;;;;;;1602200.0;0.0;220.0;False;I:\For Leo to analyse\0309 pdx ptt\0509 pre ptt\Analysis\2025-09-05_102254_tube7_cropped_8bits2\16_0220_0_8bits.tiff;I:\For Leo to analyse\0309 pdx ptt\0509 pre ptt\Analysis\2025-09-05_102254_tube7_segmentationDebug2\16_0220_0_segmented.tiff;1084.5;(73. 67);198.811182141304;0.770515097690941;37.1594979280571;0.344792495770408;0.756584941144267;509.507460094572;0.977370662459964;0.944827478172683;0.892174048323196;;;;;;;;;;;;;;;;;;;;;;;;;;;;;;;;;;;;;
2;Tube 7;1602210.0;1602210.0;0.0;221.0;False;G:\0309 pdx ptt\0409\Analysis\2025-09-04_122728_tube7_cropped_8bits2\16_0221_0_8bits.tiff;G:\0309 pdx ptt\0409\Analysis\2025-09-04_122728_tube7_segmentationDebug2\16_0221_0_segmented.tiff;1556.5;(71. 66);213.154327988624;0.808361464554661;44.5173825755769;0.430497544505068;0.925100248896789;471.528949461544;0.965188937594164;0.923226712092774;0.907643057671447;;;;;;;;;;;;;;;;;;1602210.0;0.0;221.0;False;I:\For Leo to analyse\0309 pdx ptt\0509 post ptt\Analysis\2025-09-05_162645_tube7_cropped_8bits2\16_0221_0_8bits.tiff;I:\For Leo to analyse\0309 pdx ptt\0509 post ptt\Analysis\2025-09-05_162645_tube7_segmentationDebug2\16_0221_0_segmented.tiff;1114.5;(83. 87);188.811182022094;0.786798446876103;37.6699545076356;0.392857016998714;0.649365131483275;486.68432991736;0.98060327600825;0.943967824063134;0.89999297403256;18.5341894250969;73.0;Dead;;;;;;;;;;;;;;;;;
2;Tube 7;1703240.0;1703240.0;0.0;324.0;False;G:\0309 pdx ptt\0409\Analysis\2025-09-04_122728_tube7_cropped_8bits2\17_0324_0_8bits.tiff;G:\0309 pdx ptt\0409\Analysis\2025-09-04_122728_tube7_segmentationDebug2\17_0324_0_segmented.tiff;1326.0;(81. 89);255.539103865623;0.640579710144927;41.0891182226976;0.255175311248898;0.837429594914271;564.409532503097;0.972188154311802;0.932375498115624;0.899742777497935;;;;;;;;;;;;;;;;;;;;;;;;;;;;;;;;;;;;;;;;;;;;;;;;;;;;;;
2;Tube 7;1704240.0;;;;;;;;;;;;;;;;;;;;;;;;;;;;;;;;;;;1704240.0;0.0;424.0;False;I:\For Leo to analyse\0309 pdx ptt\0509 post ptt\Analysis\2025-09-05_162645_tube7_cropped_8bits2\17_0424_0_8bits.tiff;I:\For Leo to analyse\0309 pdx ptt\0509 post ptt\Analysis\2025-09-05_162645_tube7_segmentationDebug2\17_0424_0_segmented.tiff;1038.0;(93. 98);209.539103746414;0.652214891611687;36.3541283410165;0.29708248880753;0.718402519254476;471.325882095683;0.976637168420508;0.946688786124127;0.887353469534315;7.832647868153979;46.0;Dead;;;;;;;;;;;;;;;;;
2;Tube 7;1805240.0;;;;;;;;;;;;;;;;;;1805240.0;0.0;524.0;False;I:\For Leo to analyse\0309 pdx ptt\0509 pre ptt\Analysis\2025-09-05_102254_tube7_cropped_8bits2\18_0524_0_8bits.tiff;I:\For Leo to analyse\0309 pdx ptt\0509 pre ptt\Analysis\2025-09-05_102254_tube7_segmentationDebug2\18_0524_0_segmented.tiff;739.5;(50. 75);131.154328227043;0.836065573770491;30.6848601647726;0.540235087660108;0.631711803200036;472.964034972963;0.98307185883688;0.962270920211303;0.875069252311979;;;;;;;;;;;;;;;;;;;;;;;;;;;;;;;;;;;;;
2;Tube 7;1806240.0;1806240.0;0.0;624.0;False;G:\0309 pdx ptt\0409\Analysis\2025-09-04_122728_tube7_cropped_8bits2\18_0624_0_8bits.tiff;G:\0309 pdx ptt\0409\Analysis\2025-09-04_122728_tube7_segmentationDebug2\18_0624_0_segmented.tiff;804.5;(97. 84);134.669046521186;0.816751269035533;32.0050185711465;0.557442840449413;0.961856503249896;753.197314175051;0.98468870096979;0.959650323268593;0.89074617656607;;;;;;;;;;;;;;;;;;1806240.0;0.0;624.0;False;I:\For Leo to analyse\0309 pdx ptt\0509 post ptt\Analysis\2025-09-05_162645_tube7_cropped_8bits2\18_0624_0_8bits.tiff;I:\For Leo to analyse\0309 pdx ptt\0509 post ptt\Analysis\2025-09-05_162645_tube7_segmentationDebug2\18_0624_0_segmented.tiff;1174.0;(65. 42);193.882249712944;0.792975346166835;38.6624265342862;0.392465838296683;0.636463470850933;440.034303719923;0.975209318219188;0.940950859522767;0.899886655866945;34.2989022694322;74.0;Dead;;;;;;;;;;;;;;;;;
2;Tube 7;1908240.0;;;;;;;;;;;;;;;;;;1908240.0;0.0;824.0;False;I:\For Leo to analyse\0309 pdx ptt\0509 pre ptt\Analysis\2025-09-05_102254_tube7_cropped_8bits2\19_0824_0_8bits.tiff;I:\For Leo to analyse\0309 pdx ptt\0509 pre ptt\Analysis\2025-09-05_102254_tube7_segmentationDebug2\19_0824_0_segmented.tiff;446.5;(51. 79);99.698484301567;0.836142322097378;23.8432685830665;0.564487352043892;0.847982779506731;697.877742642718;0.991996709272666;0.976668129410615;0.875251726030254;;;;;;;;;;;;;;;;;;;;;;;;;;;;;;;;;;;;;
2;Tube 7;1909240.0;1909240.0;0.0;924.0;False;G:\0309 pdx ptt\0409\Analysis\2025-09-04_122728_tube7_cropped_8bits2\19_0924_0_8bits.tiff;G:\0309 pdx ptt\0409\Analysis\2025-09-04_122728_tube7_segmentationDebug2\19_0924_0_segmented.tiff;776.0;(77. 89);159.597979068756;0.720185614849188;31.4330063263838;0.382839561223037;0.736689668137163;644.20079513301;0.98133668906539;0.959940976715877;0.891132723801556;;;;;;;;;;;;;;;;;;;;;;;;;;;;;;;;;;;;;;;;;;;;;;;;;;;;;;
2;Tube 7;2011240.0;;;;;;;;;;;;;;;;;;2011240.0;0.0;1124.0;False;I:\For Leo to analyse\0309 pdx ptt\0509 pre ptt\Analysis\2025-09-05_102254_tube7_cropped_8bits2\20_1124_0_8bits.tiff;I:\For Leo to analyse\0309 pdx ptt\0509 pre ptt\Analysis\2025-09-05_102254_tube7_segmentationDebug2\20_1124_0_segmented.tiff;972.5;(74. 86);188.325900912284;0.727374719521316;35.188427888369;0.344571510447875;0.63255534742006;381.009923473202;0.978058945167038;0.949915812979982;0.893286095192554;;;;;;;;;;;;;;;;;;;;;;;;;;;;;;;;;;;;;
2;Tube 7;2012240.0;2012240.0;0.0;1224.0;False;G:\0309 pdx ptt\0409\Analysis\2025-09-04_122728_tube7_cropped_8bits2\20_1224_0_8bits.tiff;G:\0309 pdx ptt\0409\Analysis\2025-09-04_122728_tube7_segmentationDebug2\20_1224_0_segmented.tiff;1205.0;(80. 77);240.225395560264;0.695928385792665;39.1695500536561;0.26239712758437;0.59526803196479;440.554390119899;0.96888283932486;0.937835055078429;0.892032526120755;;;;;;;;;;;;;;;;;;2012240.0;0.0;1224.0;False;I:\For Leo to analyse\0309 pdx ptt\0509 post ptt\Analysis\2025-09-05_162645_tube7_cropped_8bits2\20_1224_0_8bits.tiff;I:\For Leo to analyse\0309 pdx ptt\0509 post ptt\Analysis\2025-09-05_162645_tube7_segmentationDebug2\20_1224_0_segmented.tiff;506.0;(77. 26);142.083260297775;0.716206652512385;25.3822617123847;0.314973889037805;0.669203593550584;557.781321640657;0.988921496673569;0.9729076835134;0.885167529963065;3.3730804509275973;60.0;Dead;;;;;;;;;;;;;;;;;
2;Tube 7;205050.0;205050.0;0.0;505.0;False;G:\0309 pdx ptt\0409\Analysis\2025-09-04_122728_tube7_cropped_8bits2\2_0505_0_8bits.tiff;G:\0309 pdx ptt\0409\Analysis\2025-09-04_122728_tube7_segmentationDebug2\2_0505_0_segmented.tiff;2149.0;(76. 75);281.681239128112;0.745404092958723;52.3086205288943;0.340353667256768;0.830417593882629;643.170504245275;0.959389388744935;0.894670116332993;0.90209733310509;;;;;;;;;;;;;;;;;;;;;;;;;;;;;;;;;;;;;;;;;;;;;;;;;;;;;;
2;Tube 7;206050.0;;;;;;;;;;;;;;;;;;;;;;;;;;;;;;;;;;;206050.0;0.0;605.0;True;I:\For Leo to analyse\0309 pdx ptt\0509 post ptt\Analysis\2025-09-05_162645_tube7_cropped_8bits2\2_0605_0_8bits.tiff;I:\For Leo to analyse\0309 pdx ptt\0509 post ptt\Analysis\2025-09-05_162645_tube7_segmentationDebug2\2_0605_0_segmented.tiff;2584.0;(78. 67);339.965509653091;0.69471703185912;57.3589660262077;0.280952341098702;0.679417087805965;516.484011279471;0.950597861902717;0.87389502937072;0.899305563644378;170.7843891469657;37.0;Alive;;;;;;;;;;;;;;;;;
2;Tube 7;308050.0;;;;;;;;;;;;;;;;;;308050.0;0.0;805.0;False;I:\For Leo to analyse\0309 pdx ptt\0509 pre ptt\Analysis\2025-09-05_102254_tube7_cropped_8bits2\3_0805_0_8bits.tiff;I:\For Leo to analyse\0309 pdx ptt\0509 pre ptt\Analysis\2025-09-05_102254_tube7_segmentationDebug2\3_0805_0_segmented.tiff;2476.5;(87. 77);285.095452547073;0.760479041916167;56.1531631569997;0.382884350687836;0.67716876454303;635.004423112625;0.950408132594315;0.879823675325447;0.89031785999664;;;;;;;;;;;;;;;;;;;;;;;;;;;;;;;;;;;;;
2;Tube 7;411050.0;411050.0;0.0;1105.0;False;G:\0309 pdx ptt\0409\Analysis\2025-09-04_122728_tube7_cropped_8bits2\4_1105_0_8bits.tiff;G:\0309 pdx ptt\0409\Analysis\2025-09-04_122728_tube7_segmentationDebug2\4_1105_0_segmented.tiff;2262.0;(77. 82);262.367531061172;0.815282032798702;53.6662636131018;0.412935563607575;0.751719248275234;713.827394901915;0.960899974419437;0.890793668173551;0.910529592848885;;;;;;;;;;;;;;;;;;;;;;;;;;;;;;;;;;;;;;;;;;;;;;;;;;;;;;
2;Tube 7;514050.0;;;;;;;;;;;;;;;;;;514050.0;0.0;1405.0;True;I:\For Leo to analyse\0309 pdx ptt\0509 pre ptt\Analysis\2025-09-05_102254_tube7_cropped_8bits2\5_1405_0_8bits.tiff;I:\For Leo to analyse\0309 pdx ptt\0509 pre ptt\Analysis\2025-09-05_102254_tube7_segmentationDebug2\5_1405_0_segmented.tiff;1701.0;(66. 87);215.195958137512;0.779202931745304;46.5379465124377;0.461578910304913;0.810676521628797;715.637509682504;0.967822622245678;0.91690347798909;0.88772840271323;;;;;;;;;;;;;;;;;;;;;;;;;;;;;;;;;;;;;
2;Tube 7;515040.0;;;;;;;;;;;;;;;;;;;;;;;;;;;;;;;;;;;515040.0;0.0;1504.0;True;I:\For Leo to analyse\0309 pdx ptt\0509 post ptt\Analysis\2025-09-05_162645_tube7_cropped_8bits2\5_1504_0_8bits.tiff;I:\For Leo to analyse\0309 pdx ptt\0509 post ptt\Analysis\2025-09-05_162645_tube7_segmentationDebug2\5_1504_0_segmented.tiff;1424.5;(98. 66);212.124890208244;0.768131571852251;42.5879059296796;0.397822238246994;0.68917402882724;587.900141425099;0.974599570848445;0.929605043600732;0.890031232082575;55.67358049531025;37.0;Alive;;;;;;;;;;;;;;;;;
2;Tube 7;711010.0;711010.0;0.0;1101.0;False;G:\0309 pdx ptt\0409\Analysis\2025-09-04_122728_tube7_cropped_8bits2\7_1101_0_8bits.tiff;G:\0309 pdx ptt\0409\Analysis\2025-09-04_122728_tube7_segmentationDebug2\7_1101_0_segmented.tiff;2256.5;(80. 77);322.409160852432;0.648512717344446;53.6009797736468;0.272791262269246;0.771358558098301;709.709401805153;0.950456367738025;0.888652915554846;0.892451938841974;711010.0;0.0;1101.0;False;I:\For Leo to analyse\0309 pdx ptt\0509 pre ptt\Analysis\2025-09-05_102254_tube7_cropped_8bits2\7_1101_0_8bits.tiff;I:\For Leo to analyse\0309 pdx ptt\0509 pre ptt\Analysis\2025-09-05_102254_tube7_segmentationDebug2\7_1101_0_segmented.tiff;1698.0;(94. 97);229.882249832153;0.754163890739507;46.4968896482367;0.40377243989069;0.79338558597129;669.470484278599;0.967849731841836;0.916701669881616;0.899142278838955;711010.0;0.0;1101.0;True;I:\For Leo to analyse\0309 pdx ptt\0509 post ptt\Analysis\2025-09-05_162645_tube7_cropped_8bits2\7_1101_0_8bits.tiff;I:\For Leo to analyse\0309 pdx ptt\0509 post ptt\Analysis\2025-09-05_162645_tube7_segmentationDebug2\7_1101_0_segmented.tiff;1256.0;(69. 78);214.710676908493;0.757310823032861;39.9898595669872;0.342367255305228;0.782568719439991;596.054888862799;0.979658871845212;0.936952465884356;0.902006690310835;8.059886972216471;58.0;Dead;0.0;0.0;0.0;;;;-442.0;;-15.171572923659994;0.0031469322933540544;-6.507030081249503;-0.061405184585462014;-0.010816866531299096;-73.4155954158;0.011809140003376073;0.020250796002739935;0.0028644114718799907
2;Tube 7;807010.0;;;;;;;;;;;;;;;;;;807010.0;0.0;701.0;False;I:\For Leo to analyse\0309 pdx ptt\0509 pre ptt\Analysis\2025-09-05_102254_tube7_cropped_8bits2\8_0701_0_8bits.tiff;I:\For Leo to analyse\0309 pdx ptt\0509 pre ptt\Analysis\2025-09-05_102254_tube7_segmentationDebug2\8_0701_0_segmented.tiff;1421.5;(65. 95);248.610171437263;0.697155468366846;42.5430371840214;0.289014040743137;0.798567520829614;590.623309320473;0.97241472247552;0.928165815817129;0.880728376908622;;;;;;;;;;;;;;;;;;;;;;;;;;;;;;;;;;;;;
2;Tube 7;808010.0;808010.0;0.0;801.0;False;G:\0309 pdx ptt\0409\Analysis\2025-09-04_122728_tube7_cropped_8bits2\8_0801_0_8bits.tiff;G:\0309 pdx ptt\0409\Analysis\2025-09-04_122728_tube7_segmentationDebug2\8_0801_0_segmented.tiff;2383.0;(90. 75);324.509666204452;0.66231239577543;55.0829359702611;0.284366629816214;0.663934517847478;686.421435644943;0.949043223145802;0.883416543128541;0.899924081747745;;;;;;;;;;;;;;;;;;;;;;;;;;;;;;;;;;;;;;;;;;;;;;;;;;;;;;
2;Tube 7;904010.0;;;;;;;;;;;;;;;;;;904010.0;0.0;401.0;False;I:\For Leo to analyse\0309 pdx ptt\0509 pre ptt\Analysis\2025-09-05_102254_tube7_cropped_8bits2\9_0401_0_8bits.tiff;I:\For Leo to analyse\0309 pdx ptt\0509 pre ptt\Analysis\2025-09-05_102254_tube7_segmentationDebug2\9_0401_0_segmented.tiff;1617.0;(86. 80);258.367531061172;0.712334801762114;45.374313701;0.304399555299434;0.911944331011968;679.01814004986;0.970585886588097;0.919482990471344;0.886448445339196;904010.0;0.0;401.0;False;I:\For Leo to analyse\0309 pdx ptt\0509 post ptt\Analysis\2025-09-05_162645_tube7_cropped_8bits2\9_0401_0_8bits.tiff;I:\For Leo to analyse\0309 pdx ptt\0509 post ptt\Analysis\2025-09-05_162645_tube7_segmentationDebug2\9_0401_0_segmented.tiff;1357.0;(58. 82);250.024384975433;0.717420037007665;41.5666460302682;0.272787820789186;0.792496594923761;573.121584910538;0.976062914504288;0.931104972830271;0.890861126498782;4.949551735361126;60.0;Dead;0.0;0.0;0.0;;;;-260.0;;-8.343146085738965;0.005085235245551045;-3.807667670731796;-0.03161173451024801;-0.11944773608820702;-105.896555139322;0.00547702791619098;0.011621982358927085;0.0044126811595860405
3;Tube 1;1002020.0;1002020.0;0.0;202.0;False;J:\Culture Cellulaire 3D Microfluidique\PDX\PTT\20260126\Before merge\Analysis\2026-01-27_113509_KSBRU_tube1_before first merge_cropped_8bits2\10_0202_0_8bits.tiff;J:\Culture Cellulaire 3D Microfluidique\PDX\PTT\20260126\Before merge\Analysis\2026-01-27_113509_KSBRU_tube1_before first merge_segmentationDebug2\10_0202_0_segmented.tiff;886.5;(74. 70);112.325900912284;0.979017117614577;33.5965304221689;0.88293510174578;0.940627428341603;457.113151927437;0.988857400265217;0.956726421083782;0.891393432300316;;;;;;;;;;;;;;;;;;;;;;;;;;;;;;;;;;;;;;;;;;;;;;;;;;;;;;
3;Tube 1;1005010.0;;;;;;;;;;;;;;;;;;1005010.0;0.0;501.0;False;J:\Culture Cellulaire 3D Microfluidique\PDX\PTT\20260126\Before laser\Analysis\2026-01-28_102901_KSBRU_tube1_before laser_cropped_8bits2\10_0501_0_8bits.tiff;J:\Culture Cellulaire 3D Microfluidique\PDX\PTT\20260126\Before laser\Analysis\2026-01-28_102901_KSBRU_tube1_before laser_segmentationDebug2\10_0501_0_segmented.tiff;1431.0;(80. 74);249.338093042373;0.642712777902537;42.684959745981;0.289249242658147;0.673060210679847;623.773742511405;0.982616770835641;0.928213103487037;0.903366514430628;1005010.0;0.0;501.0;False;J:\Culture Cellulaire 3D Microfluidique\PDX\PTT\20260126\After laser\Analysis\2026-01-28_164607_KSBRU_tube1_after laser_cropped_8bits2\10_0501_0_8bits.tiff;J:\Culture Cellulaire 3D Microfluidique\PDX\PTT\20260126\After laser\Analysis\2026-01-28_164607_KSBRU_tube1_after laser_segmentationDebug2\10_0501_0_segmented.tiff;1116.5;(75. 70);131.296463131904;0.971291866028708;37.7037392269892;0.813884049031566;0.795106579591961;628.43929420152;0.978054380609769;0.945960351252506;0.890617878243757;;;Dead;0.0;0.0;0.0;;;;-314.5;;-118.041629910469;0.328579088126171;-4.9812205189917975;0.524634806373419;0.12204636891211396;4.66555169011508;-0.004562390225872015;0.017747247765468988;-0.012748636186870943
3;Tube 1;103070.0;103070.0;0.0;307.0;False;J:\Culture Cellulaire 3D Microfluidique\PDX\PTT\20260126\Before merge\Analysis\2026-01-27_113509_KSBRU_tube1_before first merge_cropped_8bits2\1_0307_0_8bits.tiff;J:\Culture Cellulaire 3D Microfluidique\PDX\PTT\20260126\Before merge\Analysis\2026-01-27_113509_KSBRU_tube1_before first merge_segmentationDebug2\1_0307_0_segmented.tiff;1206.0;(72. 69);135.053822636604;0.964414234306277;39.1857996084118;0.830889765207231;0.887457490538971;427.694633930011;0.979634639528836;0.941764450841201;0.920736680724827;;;;;;;;;;;;;;;;;;;;;;;;;;;;;;;;;;;;;;;;;;;;;;;;;;;;;;
3;Tube 1;103110.0;;;;;;;;;;;;;;;;;;103110.0;0.0;311.0;False;J:\Culture Cellulaire 3D Microfluidique\PDX\PTT\20260126\Before laser\Analysis\2026-01-28_102901_KSBRU_tube1_before laser_cropped_8bits2\1_0311_0_8bits.tiff;J:\Culture Cellulaire 3D Microfluidique\PDX\PTT\20260126\Before laser\Analysis\2026-01-28_102901_KSBRU_tube1_before laser_segmentationDebug2\1_0311_0_segmented.tiff;1334.5;(73. 71);138.953317403793;0.975868372943327;41.2206037370763;0.868541556724262;0.911966362112561;368.71383582662;0.979718319430913;0.936009953191745;0.920204310346866;;;;;;;;;;;;;;;;;;;;;;;;;;;;;;;;;;;;;
3;Tube 1;1102020.0;;;;;;;;;;;;;;;;;;1102020.0;0.0;202.0;False;J:\Culture Cellulaire 3D Microfluidique\PDX\PTT\20260126\Before laser\Analysis\2026-01-28_102901_KSBRU_tube1_before laser_cropped_8bits2\11_0202_0_8bits.tiff;J:\Culture Cellulaire 3D Microfluidique\PDX\PTT\20260126\Before laser\Analysis\2026-01-28_102901_KSBRU_tube1_before laser_segmentationDebug2\11_0202_0_segmented.tiff;1038.0;(76. 70);159.053822398185;0.825775656324582;36.3541283410165;0.515607227439653;0.719498006208527;500.721677325919;0.982489877894536;0.94825101998207;0.890237927726288;1102020.0;0.0;202.0;False;J:\Culture Cellulaire 3D Microfluidique\PDX\PTT\20260126\After laser\Analysis\2026-01-28_164607_KSBRU_tube1_after laser_cropped_8bits2\11_0202_0_8bits.tiff;J:\Culture Cellulaire 3D Microfluidique\PDX\PTT\20260126\After laser\Analysis\2026-01-28_164607_KSBRU_tube1_after laser_segmentationDebug2\11_0202_0_segmented.tiff;877.0;(72. 76);153.053822517395;0.864039408866995;33.4160302958436;0.47045825811093;0.765036386559222;407.85729564553;0.991038861388644;0.95584780535438;0.876562443595884;;;Dead;0.0;0.0;0.0;;;;-161.0;;-5.99999988079;0.03826375254241299;-2.9380980451729;-0.04514896932872303;0.04553838035069502;-92.86438168038904;0.008548983494108042;0.007596785372310011;-0.013675484130403981
3;Tube 1;1102050.0;1102050.0;0.0;205.0;False;J:\Culture Cellulaire 3D Microfluidique\PDX\PTT\20260126\Before merge\Analysis\2026-01-27_113509_KSBRU_tube1_before first merge_cropped_8bits2\11_0205_0_8bits.tiff;J:\Culture Cellulaire 3D Microfluidique\PDX\PTT\20260126\Before merge\Analysis\2026-01-27_113509_KSBRU_tube1_before first merge_segmentationDebug2\11_0205_0_segmented.tiff;810.0;(74. 73);109.740114331245;0.971805638872225;32.1142340907498;0.845208909249841;0.962849336666222;530.820282682714;0.986598332256761;0.960156538827391;0.909567875319598;;;;;;;;;;;;;;;;;;;;;;;;;;;;;;;;;;;;;;;;;;;;;;;;;;;;;;
3;Tube 1;1202050.0;;;;;;;;;;;;;;;;;;1202050.0;0.0;205.0;False;J:\Culture Cellulaire 3D Microfluidique\PDX\PTT\20260126\Before laser\Analysis\2026-01-28_102901_KSBRU_tube1_before laser_cropped_8bits2\12_0205_0_8bits.tiff;J:\Culture Cellulaire 3D Microfluidique\PDX\PTT\20260126\Before laser\Analysis\2026-01-28_102901_KSBRU_tube1_before laser_segmentationDebug2\12_0205_0_segmented.tiff;999.0;(81. 77);179.882249832153;0.758254269449715;35.664636619352;0.387970523408155;0.840136911638674;249.382414453346;0.98403713039165;0.949085307857053;0.88469461618304;1202050.0;0.0;205.0;False;J:\Culture Cellulaire 3D Microfluidique\PDX\PTT\20260126\After laser\Analysis\2026-01-28_164607_KSBRU_tube1_after laser_cropped_8bits2\12_0205_0_8bits.tiff;J:\Culture Cellulaire 3D Microfluidique\PDX\PTT\20260126\After laser\Analysis\2026-01-28_164607_KSBRU_tube1_after laser_segmentationDebug2\12_0205_0_segmented.tiff;1007.0;(77. 79);141.740114092826;0.874131944444444;35.8071532175947;0.629874140231761;0.846905919274737;485.382531212717;0.979490852801235;0.95018857112484;0.902650087023134;;;Dead;0.0;0.0;0.0;;;;8.0;;-38.14213573932702;0.11587767499472901;0.14251659824270035;0.241903616823606;0.006769007636063029;236.00011675937102;-0.004546277590414927;0.0011032632677869803;0.017955470840093968
3;Tube 1;1202080.0;1202080.0;0.0;208.0;False;J:\Culture Cellulaire 3D Microfluidique\PDX\PTT\20260126\Before merge\Analysis\2026-01-27_113509_KSBRU_tube1_before first merge_cropped_8bits2\12_0208_0_8bits.tiff;J:\Culture Cellulaire 3D Microfluidique\PDX\PTT\20260126\Before merge\Analysis\2026-01-27_113509_KSBRU_tube1_before first merge_segmentationDebug2\12_0208_0_segmented.tiff;804.0;(73. 73);107.740114331245;0.975728155339805;31.9950714011872;0.870384300014721;0.904739205281115;432.591637009483;0.983186663525866;0.960400578745364;0.898628213778933;;;;;;;;;;;;;;;;;;;;;;;;;;;;;;;;;;;;;;;;;;;;;;;;;;;;;;
3;Tube 1;1302080.0;;;;;;;;;;;;;;;;;;1302080.0;0.0;208.0;False;J:\Culture Cellulaire 3D Microfluidique\PDX\PTT\20260126\Before laser\Analysis\2026-01-28_102901_KSBRU_tube1_before laser_cropped_8bits2\13_0208_0_8bits.tiff;J:\Culture Cellulaire 3D Microfluidique\PDX\PTT\20260126\Before laser\Analysis\2026-01-28_102901_KSBRU_tube1_before laser_segmentationDebug2\13_0208_0_segmented.tiff;1275.0;(77. 76);149.053822994232;0.935436537050623;40.2911953103569;0.721163619608465;0.668861502611607;482.97828529307;0.97811912378229;0.938025476020213;0.913649330933274;1302080.0;0.0;208.0;False;J:\Culture Cellulaire 3D Microfluidique\PDX\PTT\20260126\After laser\Analysis\2026-01-28_164607_KSBRU_tube1_after laser_cropped_8bits2\13_0208_0_8bits.tiff;J:\Culture Cellulaire 3D Microfluidique\PDX\PTT\20260126\After laser\Analysis\2026-01-28_164607_KSBRU_tube1_after laser_segmentationDebug2\13_0208_0_segmented.tiff;905.0;(73. 71);179.882249832153;0.80875781948168;33.9452763722041;0.351464788472853;0.712552878159035;446.468976617496;0.981866636900193;0.953397902777625;0.885265039139908;;;Dead;0.0;0.0;0.0;;;;-370.0;;30.828426837921;-0.126678717568943;-6.345918938152799;-0.36969883113561197;0.04369137554742797;-36.50930867557395;0.003747513117903001;0.015372426757412017;-0.0283842917933661
3;Tube 1;1302110.0;1302110.0;0.0;211.0;False;J:\Culture Cellulaire 3D Microfluidique\PDX\PTT\20260126\Before merge\Analysis\2026-01-27_113509_KSBRU_tube1_before first merge_cropped_8bits2\13_0211_0_8bits.tiff;J:\Culture Cellulaire 3D Microfluidique\PDX\PTT\20260126\Before merge\Analysis\2026-01-27_113509_KSBRU_tube1_before first merge_segmentationDebug2\13_0211_0_segmented.tiff;819.0;(76. 74);110.911687374114;0.961267605633802;32.2921536466383;0.836640994392772;0.938662395457666;450.377049971059;0.986260511025769;0.959641913181404;0.926357168033781;;;;;;;;;;;;;;;;;;;;;;;;;;;;;;;;;;;;;;;;;;;;;;;;;;;;;;
3;Tube 1;1402100.0;;;;;;;;;;;;;;;;;;;;;;;;;;;;;;;;;;;1402100.0;0.0;210.0;False;J:\Culture Cellulaire 3D Microfluidique\PDX\PTT\20260126\After laser\Analysis\2026-01-28_164607_KSBRU_tube1_after laser_cropped_8bits2\14_0210_0_8bits.tiff;J:\Culture Cellulaire 3D Microfluidique\PDX\PTT\20260126\After laser\Analysis\2026-01-28_164607_KSBRU_tube1_after laser_segmentationDebug2\14_0210_0_segmented.tiff;1080.5;(73. 72);127.154327869415;0.969493046209062;37.0909062721085;0.839793177534711;0.794347933951235;503.664402182635;0.983493621958683;0.947429362744002;0.912274747332659;;;Dead;;;;;;;;;;;;;;;;;
3;Tube 1;1402140.0;1402140.0;0.0;214.0;True;J:\Culture Cellulaire 3D Microfluidique\PDX\PTT\20260126\Before merge\Analysis\2026-01-27_113509_KSBRU_tube1_before first merge_cropped_8bits2\14_0214_0_8bits.tiff;J:\Culture Cellulaire 3D Microfluidique\PDX\PTT\20260126\Before merge\Analysis\2026-01-27_113509_KSBRU_tube1_before first merge_segmentationDebug2\14_0214_0_segmented.tiff;654.0;(80. 76);101.597978949546;0.956839795171909;28.8565185401287;0.796191386282921;0.873925835458026;126.31926468936;0.988207893641766;0.9673481038634;0.921221618046477;;;;;;;;;;;;;;;;;;;;;;;;;;;;;;;;;;;;;;;;;;;;;;;;;;;;;;
3;Tube 1;1502140.0;;;;;;;;;;;;;;;;;;1502140.0;0.0;214.0;False;J:\Culture Cellulaire 3D Microfluidique\PDX\PTT\20260126\Before laser\Analysis\2026-01-28_102901_KSBRU_tube1_before laser_cropped_8bits2\15_0214_0_8bits.tiff;J:\Culture Cellulaire 3D Microfluidique\PDX\PTT\20260126\Before laser\Analysis\2026-01-28_102901_KSBRU_tube1_before laser_segmentationDebug2\15_0214_0_segmented.tiff;966.5;(81. 69);149.639609456062;0.837521663778163;35.0797095197;0.542398637927113;0.824552760176191;518.279385460198;0.984727635953849;0.951794256261546;0.893614463317342;1502140.0;0.0;214.0;False;J:\Culture Cellulaire 3D Microfluidique\PDX\PTT\20260126\After laser\Analysis\2026-01-28_164607_KSBRU_tube1_after laser_cropped_8bits2\15_0214_0_8bits.tiff;J:\Culture Cellulaire 3D Microfluidique\PDX\PTT\20260126\After laser\Analysis\2026-01-28_164607_KSBRU_tube1_after laser_segmentationDebug2\15_0214_0_segmented.tiff;917.0;(76. 72);130.911687493324;0.892023346303502;34.1695868064298;0.67239172111696;0.791844031754851;498.965787775914;0.984224505959997;0.954596324477673;0.901069788491392;;;Dead;0.0;0.0;0.0;;;;-49.5;;-18.72792196273801;0.054501682525339046;-0.910122713270205;0.12999308318984704;-0.03270872842133998;-19.31359768428399;-0.0005031299938520473;0.0028020682161269406;0.007455325174050009
3;Tube 1;1502170.0;1502170.0;0.0;217.0;False;J:\Culture Cellulaire 3D Microfluidique\PDX\PTT\20260126\Before merge\Analysis\2026-01-27_113509_KSBRU_tube1_before first merge_cropped_8bits2\15_0217_0_8bits.tiff;J:\Culture Cellulaire 3D Microfluidique\PDX\PTT\20260126\Before merge\Analysis\2026-01-27_113509_KSBRU_tube1_before first merge_segmentationDebug2\15_0217_0_segmented.tiff;877.5;(75. 78);114.669046401977;0.96694214876033;33.4255546028051;0.838618787000335;0.924037479461787;773.413572433192;0.984339749485584;0.957024860302485;0.888677123968422;;;;;;;;;;;;;;;;;;;;;;;;;;;;;;;;;;;;;;;;;;;;;;;;;;;;;;
3;Tube 1;1602160.0;;;;;;;;;;;;;;;;;;;;;;;;;;;;;;;;;;;1602160.0;0.0;216.0;False;J:\Culture Cellulaire 3D Microfluidique\PDX\PTT\20260126\After laser\Analysis\2026-01-28_164607_KSBRU_tube1_after laser_cropped_8bits2\16_0216_0_8bits.tiff;J:\Culture Cellulaire 3D Microfluidique\PDX\PTT\20260126\After laser\Analysis\2026-01-28_164607_KSBRU_tube1_after laser_segmentationDebug2\16_0216_0_segmented.tiff;1242.5;(72. 82);139.982754945755;0.954667691125624;39.7743652913964;0.796814426613161;0.933206445736618;576.039997392986;0.980696621915729;0.939994267912651;0.914804438901852;;;Dead;;;;;;;;;;;;;;;;;
3;Tube 1;1602180.0;;;;;;;;;;;;;;;;;;1602180.0;0.0;218.0;False;J:\Culture Cellulaire 3D Microfluidique\PDX\PTT\20260126\Before laser\Analysis\2026-01-28_102901_KSBRU_tube1_before laser_cropped_8bits2\16_0218_0_8bits.tiff;J:\Culture Cellulaire 3D Microfluidique\PDX\PTT\20260126\Before laser\Analysis\2026-01-28_102901_KSBRU_tube1_before laser_segmentationDebug2\16_0218_0_segmented.tiff;1257.0;(78. 74);139.396968603134;0.953717754172989;40.0057759296342;0.812902544115382;0.926034877473629;639.817275325891;0.976081009017763;0.93929478723985;0.868541673322343;;;;;;;;;;;;;;;;;;;;;;;;;;;;;;;;;;;;;
3;Tube 1;1602200.0;1602200.0;0.0;220.0;False;J:\Culture Cellulaire 3D Microfluidique\PDX\PTT\20260126\Before merge\Analysis\2026-01-27_113509_KSBRU_tube1_before first merge_cropped_8bits2\16_0220_0_8bits.tiff;J:\Culture Cellulaire 3D Microfluidique\PDX\PTT\20260126\Before merge\Analysis\2026-01-27_113509_KSBRU_tube1_before first merge_segmentationDebug2\16_0220_0_segmented.tiff;487.0;(77. 72);84.0832599401474;0.969154228855721;24.9011577699918;0.865604973350493;0.924599684381243;483.586602729421;0.991644077251657;0.975471231065846;0.889416442249299;;;;;;;;;;;;;;;;;;;;;;;;;;;;;;;;;;;;;;;;;;;;;;;;;;;;;;
3;Tube 1;1702200.0;;;;;;;;;;;;;;;;;;1702200.0;0.0;220.0;False;J:\Culture Cellulaire 3D Microfluidique\PDX\PTT\20260126\Before laser\Analysis\2026-01-28_102901_KSBRU_tube1_before laser_cropped_8bits2\17_0220_0_8bits.tiff;J:\Culture Cellulaire 3D Microfluidique\PDX\PTT\20260126\Before laser\Analysis\2026-01-28_102901_KSBRU_tube1_before laser_segmentationDebug2\17_0220_0_segmented.tiff;682.5;(74. 75);107.012192368507;0.935572309801233;29.4785683044775;0.748938224139447;0.901533797581787;498.19382196162;0.98601891692172;0.965851093212208;0.883542311139286;1702200.0;0.0;220.0;False;J:\Culture Cellulaire 3D Microfluidique\PDX\PTT\20260126\After laser\Analysis\2026-01-28_164607_KSBRU_tube1_after laser_cropped_8bits2\17_0220_0_8bits.tiff;J:\Culture Cellulaire 3D Microfluidique\PDX\PTT\20260126\After laser\Analysis\2026-01-28_164607_KSBRU_tube1_after laser_segmentationDebug2\17_0220_0_segmented.tiff;658.0;(77. 70);117.597979068756;0.879679144385026;28.9446302521855;0.597910308085232;0.891666947416314;373.755132222772;0.987115372167089;0.966707662190308;0.897767077941618;;;Dead;0.0;0.0;0.0;;;;-24.5;;10.585786700249002;-0.055893165416206925;-0.5339380522919974;-0.15102791605421495;-0.009866850165472951;-124.43868973884804;0.0010964552453690546;0.0008565689781000474;0.014224766802331978
3;Tube 1;1703240.0;1703240.0;0.0;324.0;False;J:\Culture Cellulaire 3D Microfluidique\PDX\PTT\20260126\Before merge\Analysis\2026-01-27_113509_KSBRU_tube1_before first merge_cropped_8bits2\17_0324_0_8bits.tiff;J:\Culture Cellulaire 3D Microfluidique\PDX\PTT\20260126\Before merge\Analysis\2026-01-27_113509_KSBRU_tube1_before first merge_segmentationDebug2\17_0324_0_segmented.tiff;848.0;(73. 76);120.083260178565;0.920238741182854;32.8588973329206;0.738993767871132;0.862573629361123;328.186037636531;0.992009879842489;0.958270148758945;0.936322376948228;;;;;;;;;;;;;;;;;;;;;;;;;;;;;;;;;;;;;;;;;;;;;;;;;;;;;;
3;Tube 1;1802220.0;;;;;;;;;;;;;;;;;;;;;;;;;;;;;;;;;;;1802220.0;0.0;222.0;False;J:\Culture Cellulaire 3D Microfluidique\PDX\PTT\20260126\After laser\Analysis\2026-01-28_164607_KSBRU_tube1_after laser_cropped_8bits2\18_0222_0_8bits.tiff;J:\Culture Cellulaire 3D Microfluidique\PDX\PTT\20260126\After laser\Analysis\2026-01-28_164607_KSBRU_tube1_after laser_segmentationDebug2\18_0222_0_segmented.tiff;822.5;(76. 73);111.497473955154;0.964809384164222;32.3610804137419;0.83141090031307;0.939669895414364;527.531519895629;0.982983113819276;0.959550045676149;0.886315912794123;;;Dead;;;;;;;;;;;;;;;;;
3;Tube 1;1802230.0;;;;;;;;;;;;;;;;;;1802230.0;0.0;223.0;False;J:\Culture Cellulaire 3D Microfluidique\PDX\PTT\20260126\Before laser\Analysis\2026-01-28_102901_KSBRU_tube1_before laser_cropped_8bits2\18_0223_0_8bits.tiff;J:\Culture Cellulaire 3D Microfluidique\PDX\PTT\20260126\Before laser\Analysis\2026-01-28_102901_KSBRU_tube1_before laser_segmentationDebug2\18_0223_0_segmented.tiff;809.5;(74. 72);108.325900554656;0.97120575884823;32.1043207600334;0.866886222561633;0.900220795939975;795.070375302262;0.986556624832187;0.960170489359597;0.855563993499066;;;;;;;;;;;;;;;;;;;;;;;;;;;;;;;;;;;;;
3;Tube 1;1806240.0;1806240.0;0.0;624.0;False;J:\Culture Cellulaire 3D Microfluidique\PDX\PTT\20260126\Before merge\Analysis\2026-01-27_113509_KSBRU_tube1_before first merge_cropped_8bits2\18_0624_0_8bits.tiff;J:\Culture Cellulaire 3D Microfluidique\PDX\PTT\20260126\Before merge\Analysis\2026-01-27_113509_KSBRU_tube1_before first merge_segmentationDebug2\18_0624_0_segmented.tiff;805.5;(77. 74);116.669046521186;0.930675909878682;32.0249036420747;0.743642344764409;0.828278278155224;489.139674058331;0.984483097595454;0.959927841921422;0.891872690012194;;;;;;;;;;;;;;;;;;;;;;;;;;;;;;;;;;;;;;;;;;;;;;;;;;;;;;
3;Tube 1;1905240.0;;;;;;;;;;;;;;;;;;1905240.0;0.0;524.0;False;J:\Culture Cellulaire 3D Microfluidique\PDX\PTT\20260126\Before laser\Analysis\2026-01-28_102901_KSBRU_tube1_before laser_cropped_8bits2\19_0524_0_8bits.tiff;J:\Culture Cellulaire 3D Microfluidique\PDX\PTT\20260126\Before laser\Analysis\2026-01-28_102901_KSBRU_tube1_before laser_segmentationDebug2\19_0524_0_segmented.tiff;803.5;(75. 75);120.325900912284;0.914106939704209;31.9851211377212;0.697392866971219;0.850960030505157;846.949922531638;0.98181808625109;0.95990182466485;0.84195049079942;;;;;;;;;;;;;;;;;;;;;;;;;;;;;;;;;;;;;
3;Tube 1;2007240.0;;;;;;;;;;;;;;;;;;2007240.0;0.0;724.0;False;J:\Culture Cellulaire 3D Microfluidique\PDX\PTT\20260126\Before laser\Analysis\2026-01-28_102901_KSBRU_tube1_before laser_cropped_8bits2\20_0724_0_8bits.tiff;J:\Culture Cellulaire 3D Microfluidique\PDX\PTT\20260126\Before laser\Analysis\2026-01-28_102901_KSBRU_tube1_before laser_segmentationDebug2\20_0724_0_segmented.tiff;1203.5;(73. 77);144.124890208244;0.915557246101179;39.1451630739835;0.728078119583329;0.844738437766871;657.109179902425;0.972082202959739;0.941376808580084;0.872711983312049;2007240.0;0.0;724.0;False;J:\Culture Cellulaire 3D Microfluidique\PDX\PTT\20260126\After laser\Analysis\2026-01-28_164607_KSBRU_tube1_after laser_cropped_8bits2\20_0724_0_8bits.tiff;J:\Culture Cellulaire 3D Microfluidique\PDX\PTT\20260126\After laser\Analysis\2026-01-28_164607_KSBRU_tube1_after laser_segmentationDebug2\20_0724_0_segmented.tiff;1148.5;(75. 76);135.982755184173;0.942939244663382;38.2402355788812;0.78050050963963;0.919147267571025;617.383354514941;0.972966457612047;0.944052188695575;0.875005592828301;;;Dead;0.0;0.0;0.0;;;;-55.0;;-8.142135024071024;0.027381998562203025;-0.9049274951022994;0.052422390056301005;0.07440882980415409;-39.725825387484065;0.0008842546523080141;0.002675380115490955;0.0022936095162520154
3;Tube 1;203080.0;;;;;;;;;;;;;;;;;;203080.0;0.0;308.0;False;J:\Culture Cellulaire 3D Microfluidique\PDX\PTT\20260126\Before laser\Analysis\2026-01-28_102901_KSBRU_tube1_before laser_cropped_8bits2\2_0308_0_8bits.tiff;J:\Culture Cellulaire 3D Microfluidique\PDX\PTT\20260126\Before laser\Analysis\2026-01-28_102901_KSBRU_tube1_before laser_segmentationDebug2\2_0308_0_segmented.tiff;1291.5;(75. 74);139.296463370323;0.969230769230769;40.5510649924938;0.836419393976214;0.775774015829391;672.942413916786;0.976838271585685;0.937877654517141;0.90316173956689;203080.0;0.0;308.0;False;J:\Culture Cellulaire 3D Microfluidique\PDX\PTT\20260126\After laser\Analysis\2026-01-28_164607_KSBRU_tube1_after laser_cropped_8bits2\2_0308_0_8bits.tiff;J:\Culture Cellulaire 3D Microfluidique\PDX\PTT\20260126\After laser\Analysis\2026-01-28_164607_KSBRU_tube1_after laser_segmentationDebug2\2_0308_0_segmented.tiff;1280.0;(78. 75);137.882249832153;0.97301406309388;40.3701203523225;0.846063795531629;0.829237180710849;599.788559670781;0.975634286051972;0.938425423981009;0.905354024709728;;;Dead;0.0;0.0;0.0;;;;-11.5;;-1.414213538170003;0.003783293863111048;-0.18094464017129752;0.009644401555415016;0.05346316488145797;-73.15385424600504;-0.0012039855337130367;0.0005477694638680308;0.0021922851428379797
3;Tube 1;205050.0;205050.0;0.0;505.0;False;J:\Culture Cellulaire 3D Microfluidique\PDX\PTT\20260126\Before merge\Analysis\2026-01-27_113509_KSBRU_tube1_before first merge_cropped_8bits2\2_0505_0_8bits.tiff;J:\Culture Cellulaire 3D Microfluidique\PDX\PTT\20260126\Before merge\Analysis\2026-01-27_113509_KSBRU_tube1_before first merge_segmentationDebug2\2_0505_0_segmented.tiff;1350.5;(70. 72);156.124890446662;0.926586620926243;41.4669748735645;0.696241905762772;0.583030280687953;607.009555788152;0.969225860383885;0.934192921283145;0.885134408157003;;;;;;;;;;;;;;;;;;;;;;;;;;;;;;;;;;;;;;;;;;;;;;;;;;;;;;
3;Tube 1;304050.0;;;;;;;;;;;;;;;;;;;;;;;;;;;;;;;;;;;304050.0;0.0;405.0;False;J:\Culture Cellulaire 3D Microfluidique\PDX\PTT\20260126\After laser\Analysis\2026-01-28_164607_KSBRU_tube1_after laser_cropped_8bits2\3_0405_0_8bits.tiff;J:\Culture Cellulaire 3D Microfluidique\PDX\PTT\20260126\After laser\Analysis\2026-01-28_164607_KSBRU_tube1_after laser_segmentationDebug2\3_0405_0_segmented.tiff;1047.0;(77. 75);122.225395917892;0.980337078651685;36.5113927882478;0.880711445283825;0.913697127491187;1003.52477778631;0.980162987634602;0.949111991791368;0.848281129083633;;;Dead;;;;;;;;;;;;;;;;;
3;Tube 1;305050.0;;;;;;;;;;;;;;;;;;305050.0;0.0;505.0;False;J:\Culture Cellulaire 3D Microfluidique\PDX\PTT\20260126\Before laser\Analysis\2026-01-28_102901_KSBRU_tube1_before laser_cropped_8bits2\3_0505_0_8bits.tiff;J:\Culture Cellulaire 3D Microfluidique\PDX\PTT\20260126\Before laser\Analysis\2026-01-28_102901_KSBRU_tube1_before laser_segmentationDebug2\3_0505_0_segmented.tiff;1316.0;(77. 77);143.882250070571;0.960583941605839;40.9338886605154;0.79882438121817;0.884209693472112;835.999021776511;0.983844144718681;0.936635870469376;0.917161591445287;;;;;;;;;;;;;;;;;;;;;;;;;;;;;;;;;;;;;
3;Tube 1;308050.0;308050.0;0.0;805.0;False;J:\Culture Cellulaire 3D Microfluidique\PDX\PTT\20260126\Before merge\Analysis\2026-01-27_113509_KSBRU_tube1_before first merge_cropped_8bits2\3_0805_0_8bits.tiff;J:\Culture Cellulaire 3D Microfluidique\PDX\PTT\20260126\Before merge\Analysis\2026-01-27_113509_KSBRU_tube1_before first merge_segmentationDebug2\3_0805_0_segmented.tiff;1161.5;(74. 80);163.781744122505;0.846574344023323;38.4560493448025;0.544124266716495;0.727397851811333;1005.3102635021;0.975389633880593;0.942715794914794;0.846616308341464;;;;;;;;;;;;;;;;;;;;;;;;;;;;;;;;;;;;;;;;;;;;;;;;;;;;;;
3;Tube 1;407050.0;;;;;;;;;;;;;;;;;;;;;;;;;;;;;;;;;;;407050.0;0.0;705.0;False;J:\Culture Cellulaire 3D Microfluidique\PDX\PTT\20260126\After laser\Analysis\2026-01-28_164607_KSBRU_tube1_after laser_cropped_8bits2\4_0705_0_8bits.tiff;J:\Culture Cellulaire 3D Microfluidique\PDX\PTT\20260126\After laser\Analysis\2026-01-28_164607_KSBRU_tube1_after laser_segmentationDebug2\4_0705_0_segmented.tiff;1195.5;(74. 73);133.639608860015;0.968800648298217;39.0148417365864;0.841180221676601;0.822165501538711;973.987016920648;0.979017129018234;0.943781656551745;0.8463053312458;;;Dead;;;;;;;;;;;;;;;;;
3;Tube 1;408050.0;;;;;;;;;;;;;;;;;;408050.0;0.0;805.0;False;J:\Culture Cellulaire 3D Microfluidique\PDX\PTT\20260126\Before laser\Analysis\2026-01-28_102901_KSBRU_tube1_before laser_cropped_8bits2\4_0805_0_8bits.tiff;J:\Culture Cellulaire 3D Microfluidique\PDX\PTT\20260126\Before laser\Analysis\2026-01-28_102901_KSBRU_tube1_before laser_segmentationDebug2\4_0805_0_segmented.tiff;1411.0;(79. 72);148.710676550865;0.953378378378378;42.3856225343136;0.801775126374026;0.779636612382845;718.961752202236;0.989924968243168;0.932451217134215;0.937611626520516;;;;;;;;;;;;;;;;;;;;;;;;;;;;;;;;;;;;;
3;Tube 1;411050.0;411050.0;0.0;1105.0;False;J:\Culture Cellulaire 3D Microfluidique\PDX\PTT\20260126\Before merge\Analysis\2026-01-27_113509_KSBRU_tube1_before first merge_cropped_8bits2\4_1105_0_8bits.tiff;J:\Culture Cellulaire 3D Microfluidique\PDX\PTT\20260126\Before merge\Analysis\2026-01-27_113509_KSBRU_tube1_before first merge_segmentationDebug2\4_1105_0_segmented.tiff;1054.5;(76. 72);131.154327750206;0.942780509611086;36.6419308978556;0.770355515997207;0.962270573152194;906.186829111736;0.983118814353239;0.948474568888104;0.874632675218;;;;;;;;;;;;;;;;;;;;;;;;;;;;;;;;;;;;;;;;;;;;;;;;;;;;;;
3;Tube 1;510050.0;;;;;;;;;;;;;;;;;;;;;;;;;;;;;;;;;;;510050.0;0.0;1005.0;False;J:\Culture Cellulaire 3D Microfluidique\PDX\PTT\20260126\After laser\Analysis\2026-01-28_164607_KSBRU_tube1_after laser_cropped_8bits2\5_1005_0_8bits.tiff;J:\Culture Cellulaire 3D Microfluidique\PDX\PTT\20260126\After laser\Analysis\2026-01-28_164607_KSBRU_tube1_after laser_segmentationDebug2\5_1005_0_segmented.tiff;992.5;(75. 72);119.497473597526;0.981701285855588;35.5484211766099;0.873419597614249;0.917304800831541;855.936526791927;0.98001737272702;0.944207134494663;0.847827322949769;;;Dead;;;;;;;;;;;;;;;;;
3;Tube 1;511050.0;;;;;;;;;;;;;;;;;;511050.0;0.0;1105.0;False;J:\Culture Cellulaire 3D Microfluidique\PDX\PTT\20260126\Before laser\Analysis\2026-01-28_102901_KSBRU_tube1_before laser_cropped_8bits2\5_1105_0_8bits.tiff;J:\Culture Cellulaire 3D Microfluidique\PDX\PTT\20260126\Before laser\Analysis\2026-01-28_102901_KSBRU_tube1_before laser_segmentationDebug2\5_1105_0_segmented.tiff;1043.5;(71. 73);145.639608979225;0.876154492023509;36.4503150182703;0.618220367461655;0.834437724441237;854.822956735535;0.979197597670554;0.948482844768429;0.829995136838198;;;;;;;;;;;;;;;;;;;;;;;;;;;;;;;;;;;;;
3;Tube 1;514050.0;514050.0;0.0;1405.0;False;J:\Culture Cellulaire 3D Microfluidique\PDX\PTT\20260126\Before merge\Analysis\2026-01-27_113509_KSBRU_tube1_before first merge_cropped_8bits2\5_1405_0_8bits.tiff;J:\Culture Cellulaire 3D Microfluidique\PDX\PTT\20260126\Before merge\Analysis\2026-01-27_113509_KSBRU_tube1_before first merge_segmentationDebug2\5_1405_0_segmented.tiff;973.0;(80. 72);120.225395441055;0.973;35.1974725943115;0.84592191430543;0.949589605865338;848.290936819172;0.979786704618919;0.952539502375583;0.841298156607992;;;;;;;;;;;;;;;;;;;;;;;;;;;;;;;;;;;;;;;;;;;;;;;;;;;;;;
3;Tube 1;614050.0;;;;;;;;;;;;;;;;;;614050.0;0.0;1405.0;False;J:\Culture Cellulaire 3D Microfluidique\PDX\PTT\20260126\Before laser\Analysis\2026-01-28_102901_KSBRU_tube1_before laser_cropped_8bits2\6_1405_0_8bits.tiff;J:\Culture Cellulaire 3D Microfluidique\PDX\PTT\20260126\Before laser\Analysis\2026-01-28_102901_KSBRU_tube1_before laser_segmentationDebug2\6_1405_0_segmented.tiff;1106.5;(77. 74);155.63960969448;0.878174603174603;37.5345115360445;0.574012058941192;0.836517247807479;639.317563272584;0.976467715989547;0.945481785491076;0.891768935205439;614050.0;0.0;1405.0;False;J:\Culture Cellulaire 3D Microfluidique\PDX\PTT\20260126\After laser\Analysis\2026-01-28_164607_KSBRU_tube1_after laser_cropped_8bits2\6_1405_0_8bits.tiff;J:\Culture Cellulaire 3D Microfluidique\PDX\PTT\20260126\After laser\Analysis\2026-01-28_164607_KSBRU_tube1_after laser_segmentationDebug2\6_1405_0_segmented.tiff;939.0;(71. 73);118.568541765213;0.959141981613891;34.5770434321142;0.839337252578009;0.926443109858217;618.497487280682;0.979510581406515;0.9540505615074;0.880411417211849;;;Dead;0.0;0.0;0.0;;;;-167.5;;-37.07106792926699;0.08096737843928792;-2.957468103930296;0.26532519363681695;0.08992586205073794;-20.82007599190206;0.003042865416968077;0.008568776016323998;-0.011357517993589972
3;Tube 1;615020.0;615020.0;0.0;1502.0;False;J:\Culture Cellulaire 3D Microfluidique\PDX\PTT\20260126\Before merge\Analysis\2026-01-27_113509_KSBRU_tube1_before first merge_cropped_8bits2\6_1502_0_8bits.tiff;J:\Culture Cellulaire 3D Microfluidique\PDX\PTT\20260126\Before merge\Analysis\2026-01-27_113509_KSBRU_tube1_before first merge_segmentationDebug2\6_1502_0_segmented.tiff;1023.0;(75. 77);125.740114688873;0.965094339622641;36.0904981160425;0.81308845288925;0.86385603024801;494.167104456118;0.978339917031429;0.950001214053382;0.902519444121868;;;;;;;;;;;;;;;;;;;;;;;;;;;;;;;;;;;;;;;;;;;;;;;;;;;;;;
3;Tube 1;712010.0;712010.0;0.0;1201.0;False;J:\Culture Cellulaire 3D Microfluidique\PDX\PTT\20260126\Before merge\Analysis\2026-01-27_113509_KSBRU_tube1_before first merge_cropped_8bits2\7_1201_0_8bits.tiff;J:\Culture Cellulaire 3D Microfluidique\PDX\PTT\20260126\Before merge\Analysis\2026-01-27_113509_KSBRU_tube1_before first merge_segmentationDebug2\7_1201_0_segmented.tiff;942.5;(74. 72);121.982754945755;0.950100806451612;34.6414242044534;0.795965689758468;0.933114147915476;562.833581248591;0.986371652687641;0.953812874123586;0.912587154445626;;;;;;;;;;;;;;;;;;;;;;;;;;;;;;;;;;;;;;;;;;;;;;;;;;;;;;
3;Tube 1;714010.0;;;;;;;;;;;;;;;;;;;;;;;;;;;;;;;;;;;714010.0;0.0;1401.0;False;J:\Culture Cellulaire 3D Microfluidique\PDX\PTT\20260126\After laser\Analysis\2026-01-28_164607_KSBRU_tube1_after laser_cropped_8bits2\7_1401_0_8bits.tiff;J:\Culture Cellulaire 3D Microfluidique\PDX\PTT\20260126\After laser\Analysis\2026-01-28_164607_KSBRU_tube1_after laser_segmentationDebug2\7_1401_0_segmented.tiff;1020.5;(71. 80);131.982754945755;0.921444695259593;36.0463722918442;0.73618759355449;0.860448228170367;392.602138431784;0.979343142208367;0.931386466117385;0.903167963061965;;;Dead;;;;;;;;;;;;;;;;;
3;Tube 1;715020.0;;;;;;;;;;;;;;;;;;715020.0;0.0;1502.0;False;J:\Culture Cellulaire 3D Microfluidique\PDX\PTT\20260126\Before laser\Analysis\2026-01-28_102901_KSBRU_tube1_before laser_cropped_8bits2\7_1502_0_8bits.tiff;J:\Culture Cellulaire 3D Microfluidique\PDX\PTT\20260126\Before laser\Analysis\2026-01-28_102901_KSBRU_tube1_before laser_segmentationDebug2\7_1502_0_segmented.tiff;981.0;(69. 76);122.911687016487;0.956140350877193;35.341873088239;0.816004421947498;0.915229024497017;587.480777951233;0.979552971927863;0.951922914504939;0.878514709124301;;;;;;;;;;;;;;;;;;;;;;;;;;;;;;;;;;;;;
3;Tube 1;808010.0;808010.0;0.0;801.0;False;J:\Culture Cellulaire 3D Microfluidique\PDX\PTT\20260126\Before merge\Analysis\2026-01-27_113509_KSBRU_tube1_before first merge_cropped_8bits2\8_0801_0_8bits.tiff;J:\Culture Cellulaire 3D Microfluidique\PDX\PTT\20260126\Before merge\Analysis\2026-01-27_113509_KSBRU_tube1_before first merge_segmentationDebug2\8_0801_0_segmented.tiff;964.0;(70. 75);119.396968483924;0.968357609241587;35.0343106272222;0.849767853330633;0.974053702042533;773.815397869674;0.979112267261339;0.952889927141982;0.869786687122972;;;;;;;;;;;;;;;;;;;;;;;;;;;;;;;;;;;;;;;;;;;;;;;;;;;;;;
3;Tube 1;811010.0;;;;;;;;;;;;;;;;;;811010.0;0.0;1101.0;False;J:\Culture Cellulaire 3D Microfluidique\PDX\PTT\20260126\Before laser\Analysis\2026-01-28_102901_KSBRU_tube1_before laser_cropped_8bits2\8_1101_0_8bits.tiff;J:\Culture Cellulaire 3D Microfluidique\PDX\PTT\20260126\Before laser\Analysis\2026-01-28_102901_KSBRU_tube1_before laser_segmentationDebug2\8_1101_0_segmented.tiff;1260.5;(77. 78);165.154327988624;0.877174669450243;40.061433400949;0.580728039424759;0.703782877378869;635.428787376443;0.97375039225809;0.938001912282704;0.890008077177167;811010.0;0.0;1101.0;False;J:\Culture Cellulaire 3D Microfluidique\PDX\PTT\20260126\After laser\Analysis\2026-01-28_164607_KSBRU_tube1_after laser_cropped_8bits2\8_1101_0_8bits.tiff;J:\Culture Cellulaire 3D Microfluidique\PDX\PTT\20260126\After laser\Analysis\2026-01-28_164607_KSBRU_tube1_after laser_segmentationDebug2\8_1101_0_segmented.tiff;1305.5;(70. 72);159.982754945755;0.875;40.7702615352385;0.640973976888506;0.7174406434846;572.035474619754;0.971553860544622;0.936600390443153;0.894936422733649;;;Dead;0.0;0.0;0.0;;;;45.0;;-5.171573042868999;-0.0021746694502430275;0.7088281342894973;0.06024593746374696;0.013657766105730995;-63.39331275668894;-0.0021965317134680085;-0.001401521839551001;0.004928345556482028
3;Tube 1;905010.0;905010.0;0.0;501.0;False;J:\Culture Cellulaire 3D Microfluidique\PDX\PTT\20260126\Before merge\Analysis\2026-01-27_113509_KSBRU_tube1_before first merge_cropped_8bits2\9_0501_0_8bits.tiff;J:\Culture Cellulaire 3D Microfluidique\PDX\PTT\20260126\Before merge\Analysis\2026-01-27_113509_KSBRU_tube1_before first merge_segmentationDebug2\9_0501_0_segmented.tiff;848.5;(78. 68);114.325901269912;0.957674943566591;32.8685830803182;0.815778853035127;0.834840243745147;584.383161436617;0.981936120383495;0.958258239309639;0.886622181469767;;;;;;;;;;;;;;;;;;;;;;;;;;;;;;;;;;;;;;;;;;;;;;;;;;;;;;
3;Tube 1;908010.0;;;;;;;;;;;;;;;;;;908010.0;0.0;801.0;False;J:\Culture Cellulaire 3D Microfluidique\PDX\PTT\20260126\Before laser\Analysis\2026-01-28_102901_KSBRU_tube1_before laser_cropped_8bits2\9_0801_0_8bits.tiff;J:\Culture Cellulaire 3D Microfluidique\PDX\PTT\20260126\Before laser\Analysis\2026-01-28_102901_KSBRU_tube1_before laser_segmentationDebug2\9_0801_0_segmented.tiff;996.5;(76. 78);131.982754707336;0.920129270544783;35.6199832443614;0.718874022172948;0.952429331963573;586.169126259552;0.979326195617707;0.950979259122655;0.880440030199466;908010.0;0.0;801.0;False;J:\Culture Cellulaire 3D Microfluidique\PDX\PTT\20260126\After laser\Analysis\2026-01-28_164607_KSBRU_tube1_after laser_cropped_8bits2\9_0801_0_8bits.tiff;J:\Culture Cellulaire 3D Microfluidique\PDX\PTT\20260126\After laser\Analysis\2026-01-28_164607_KSBRU_tube1_after laser_segmentationDebug2\9_0801_0_segmented.tiff;987.5;(82. 76);140.811182141304;0.885650224215246;35.4587654949516;0.625853491362366;0.828337597427024;572.315242829011;0.980094452957619;0.951215436333975;0.895184310491685;;;Dead;0.0;0.0;0.0;;;;-9.0;;8.828427433967988;-0.03447904632953702;-0.1612177494098006;-0.09302053081058204;-0.12409173453654909;-13.853883430540918;0.0007682573399120374;0.0002361772113199656;0.01474428029221897
3;Tube 2;1002020.0;1002020.0;0.0;202.0;True;J:\Culture Cellulaire 3D Microfluidique\PDX\PTT\20260126\Before merge\Analysis\2026-01-27_114553_KSBRU_tube2_before first merge_cropped_8bits2\10_0202_0_8bits.tiff;J:\Culture Cellulaire 3D Microfluidique\PDX\PTT\20260126\Before merge\Analysis\2026-01-27_114553_KSBRU_tube2_before first merge_segmentationDebug2\10_0202_0_segmented.tiff;817.0;(74. 76);108.568541407585;0.970308788598574;32.2527007868895;0.871011550244775;0.916560633729101;476.074204918689;0.982917769407781;0.959920377953854;0.880715870361584;1002020.0;0.0;202.0;False;J:\Culture Cellulaire 3D Microfluidique\PDX\PTT\20260126\Before laser\Analysis\2026-01-28_103844_KSBRU_tube2_before laser_cropped_8bits2\10_0202_0_8bits.tiff;J:\Culture Cellulaire 3D Microfluidique\PDX\PTT\20260126\Before laser\Analysis\2026-01-28_103844_KSBRU_tube2_before laser_segmentationDebug2\10_0202_0_segmented.tiff;1315.5;(74. 71);151.781743764877;0.932647997164126;40.9261117271004;0.717565649551285;0.710020313163191;787.53570107713;0.979405856827096;0.936291388775034;0.855218294698471;1002020.0;0.0;202.0;False;J:\Culture Cellulaire 3D Microfluidique\PDX\PTT\20260126\After laser\Analysis\2026-01-28_165542_KSBRU_tube2_after laser_cropped_8bits2\10_0202_0_8bits.tiff;J:\Culture Cellulaire 3D Microfluidique\PDX\PTT\20260126\After laser\Analysis\2026-01-28_165542_KSBRU_tube2_after laser_segmentationDebug2\10_0202_0_segmented.tiff;1053.0;(79. 73);132.083260178565;0.935168738898756;36.6158605061539;0.758477453131211;0.824545981474311;720.110239963465;0.987028160779443;0.948862662368055;0.888862944571547;2.5864241481144346;47.0;Dead;0.0;0.0;0.0;;;;-262.5;;-19.698483586311994;0.0025207417346299055;-4.310251220946498;0.040911803579925965;0.11452566831111999;-67.42546111366505;0.007622303952346976;0.012571273593021015;0.03364464987307603
3;Tube 2;1002021.0;1002021.0;0.0;202.0;True;J:\Culture Cellulaire 3D Microfluidique\PDX\PTT\20260126\Before merge\Analysis\2026-01-27_114553_KSBRU_tube2_before first merge_cropped_8bits2\10_0202_1_8bits.tiff;J:\Culture Cellulaire 3D Microfluidique\PDX\PTT\20260126\Before merge\Analysis\2026-01-27_114553_KSBRU_tube2_before first merge_segmentationDebug2\10_0202_1_segmented.tiff;488.0;(80. 76);86.2842705249786;0.956862745098039;24.926710529686;0.823694986179022;0.773023973442811;429.451033591731;0.989693435863511;0.975366452380432;0.903851104331092;;;;;;;;;;;;;;;;;;;;;;;;;;;;;;;;;;;;;;;;;;;;;;;;;;;;;;
3;Tube 2;103080.0;;;;;;;;;;;;;;;;;;103080.0;0.0;308.0;False;J:\Culture Cellulaire 3D Microfluidique\PDX\PTT\20260126\Before laser\Analysis\2026-01-28_103844_KSBRU_tube2_before laser_cropped_8bits2\1_0308_0_8bits.tiff;J:\Culture Cellulaire 3D Microfluidique\PDX\PTT\20260126\Before laser\Analysis\2026-01-28_103844_KSBRU_tube2_before laser_segmentationDebug2\1_0308_0_segmented.tiff;960.5;(78. 76);118.811181664466;0.970692268822637;34.9706531640191;0.855052148651597;0.874503422364188;549.322408293461;0.985178456843676;0.953067047820743;0.893150620824205;103080.0;0.0;308.0;False;J:\Culture Cellulaire 3D Microfluidique\PDX\PTT\20260126\After laser\Analysis\2026-01-28_165542_KSBRU_tube2_after laser_cropped_8bits2\1_0308_0_8bits.tiff;J:\Culture Cellulaire 3D Microfluidique\PDX\PTT\20260126\After laser\Analysis\2026-01-28_165542_KSBRU_tube2_after laser_segmentationDebug2\1_0308_0_segmented.tiff;997.0;(75. 74);124.568541407585;0.947268408551068;35.6289183964509;0.807399105298117;0.824008815345435;611.970531750627;0.984387524455428;0.951246115923882;0.87321055796849;46.24971353026134;37.0;Dead;0.0;0.0;0.0;;;;36.5;;5.757359743118997;-0.023423860271569064;0.6582652324318019;-0.047653043353479974;-0.05049460701875297;62.64812345716598;-0.0007909323882480113;-0.0018209318968610555;-0.019940062855715035
3;Tube 2;1102050.0;1102050.0;0.0;205.0;True;J:\Culture Cellulaire 3D Microfluidique\PDX\PTT\20260126\Before merge\Analysis\2026-01-27_114553_KSBRU_tube2_before first merge_cropped_8bits2\11_0205_0_8bits.tiff;J:\Culture Cellulaire 3D Microfluidique\PDX\PTT\20260126\Before merge\Analysis\2026-01-27_114553_KSBRU_tube2_before first merge_segmentationDebug2\11_0205_0_segmented.tiff;833.5;(74. 73);111.497473955154;0.969749854566608;32.5767579807561;0.842530073447956;0.857234417008793;600.912007114205;0.983606502113884;0.958979458450311;0.880191061877836;1102050.0;0.0;205.0;False;J:\Culture Cellulaire 3D Microfluidique\PDX\PTT\20260126\Before laser\Analysis\2026-01-28_103844_KSBRU_tube2_before laser_cropped_8bits2\11_0205_0_8bits.tiff;J:\Culture Cellulaire 3D Microfluidique\PDX\PTT\20260126\Before laser\Analysis\2026-01-28_103844_KSBRU_tube2_before laser_segmentationDebug2\11_0205_0_segmented.tiff;1249.5;(75. 75);134.811181783676;0.973130841121495;39.886248396491;0.863961307068348;0.844850261252349;644.444470472938;0.984265103270235;0.940037425422488;0.908424080543328;1102050.0;0.0;205.0;False;J:\Culture Cellulaire 3D Microfluidique\PDX\PTT\20260126\After laser\Analysis\2026-01-28_165542_KSBRU_tube2_after laser_cropped_8bits2\11_0205_0_8bits.tiff;J:\Culture Cellulaire 3D Microfluidique\PDX\PTT\20260126\After laser\Analysis\2026-01-28_165542_KSBRU_tube2_after laser_segmentationDebug2\11_0205_0_segmented.tiff;990.0;(75. 69);125.396968483924;0.955137481910274;35.5036216362191;0.791172136402294;0.829498179343478;860.700932137007;0.984859583504668;0.95169058984775;0.858296850893301;11.306522212516898;70.0;Dead;0.0;0.0;0.0;;;;-259.5;;-9.414213299752006;-0.017993359211220916;-4.382626760271897;-0.07278917066605395;-0.01535208190887094;216.2564616640691;0.0005944802344329814;0.011653164425261986;-0.05012722965002703
3;Tube 2;1102051.0;1102051.0;0.0;205.0;True;J:\Culture Cellulaire 3D Microfluidique\PDX\PTT\20260126\Before merge\Analysis\2026-01-27_114553_KSBRU_tube2_before first merge_cropped_8bits2\11_0205_1_8bits.tiff;J:\Culture Cellulaire 3D Microfluidique\PDX\PTT\20260126\Before merge\Analysis\2026-01-27_114553_KSBRU_tube2_before first merge_segmentationDebug2\11_0205_1_segmented.tiff;676.5;(78. 75);125.840619444847;0.871778350515463;29.3487061386586;0.536829001655465;0.450768767630833;419.383947643661;0.982649791703088;0.965837649120211;0.891484948784074;;;;;;;;;;;;;;;;;;;;;;;;;;;;;;;;;;;;;;;;;;;;;;;;;;;;;;
3;Tube 2;1202080.0;1202080.0;0.0;208.0;True;J:\Culture Cellulaire 3D Microfluidique\PDX\PTT\20260126\Before merge\Analysis\2026-01-27_114553_KSBRU_tube2_before first merge_cropped_8bits2\12_0208_0_8bits.tiff;J:\Culture Cellulaire 3D Microfluidique\PDX\PTT\20260126\Before merge\Analysis\2026-01-27_114553_KSBRU_tube2_before first merge_segmentationDebug2\12_0208_0_segmented.tiff;513.5;(71. 77);88.1837652921676;0.957129543336439;25.5696794313402;0.829799244255883;0.886492301526601;556.504150977227;0.990774947682961;0.974082175414713;0.883227099905766;1202080.0;0.0;208.0;False;J:\Culture Cellulaire 3D Microfluidique\PDX\PTT\20260126\Before laser\Analysis\2026-01-28_103844_KSBRU_tube2_before laser_cropped_8bits2\12_0208_0_8bits.tiff;J:\Culture Cellulaire 3D Microfluidique\PDX\PTT\20260126\Before laser\Analysis\2026-01-28_103844_KSBRU_tube2_before laser_segmentationDebug2\12_0208_0_segmented.tiff;1590.5;(74. 73);162.468036293983;0.945600475624256;45.0009721661796;0.757194890749962;0.694802365207325;572.930788481083;0.972994869277854;0.923392760829414;0.902199778486632;1202080.0;0.0;208.0;False;J:\Culture Cellulaire 3D Microfluidique\PDX\PTT\20260126\After laser\Analysis\2026-01-28_165542_KSBRU_tube2_after laser_cropped_8bits2\12_0208_0_8bits.tiff;J:\Culture Cellulaire 3D Microfluidique\PDX\PTT\20260126\After laser\Analysis\2026-01-28_165542_KSBRU_tube2_after laser_segmentationDebug2\12_0208_0_segmented.tiff;1187.5;(77. 68);163.982755064964;0.85308908045977;38.8840836252187;0.554941399316898;0.741996475630433;649.678581860364;0.977344469058326;0.941383774162692;0.887352197519605;3.5912091102678048;51.0;Dead;0.0;0.0;0.0;;;;-403.0;;1.5147187709810055;-0.09251139516448592;-6.1168885409609;-0.20225349143306404;0.04719411042310806;76.747793379281;0.004349599780472002;0.017991013333278016;-0.014847580967026985
3;Tube 2;1202081.0;1202081.0;0.0;208.0;True;J:\Culture Cellulaire 3D Microfluidique\PDX\PTT\20260126\Before merge\Analysis\2026-01-27_114553_KSBRU_tube2_before first merge_cropped_8bits2\12_0208_1_8bits.tiff;J:\Culture Cellulaire 3D Microfluidique\PDX\PTT\20260126\Before merge\Analysis\2026-01-27_114553_KSBRU_tube2_before first merge_segmentationDebug2\12_0208_1_segmented.tiff;522.5;(74. 74);87.3553383350372;0.972998137802607;25.7927831403306;0.860433396514996;0.905859490814264;298.136013714581;0.991410132474483;0.973732611251309;0.920478488556163;;;;;;;;;;;;;;;;;;;;;;;;;;;;;;;;;;;;;;;;;;;;;;;;;;;;;;
3;Tube 2;1302110.0;1302110.0;0.0;211.0;False;J:\Culture Cellulaire 3D Microfluidique\PDX\PTT\20260126\Before merge\Analysis\2026-01-27_114553_KSBRU_tube2_before first merge_cropped_8bits2\13_0211_0_8bits.tiff;J:\Culture Cellulaire 3D Microfluidique\PDX\PTT\20260126\Before merge\Analysis\2026-01-27_114553_KSBRU_tube2_before first merge_segmentationDebug2\13_0211_0_segmented.tiff;857.0;(76. 76);109.740113854408;0.982798165137614;33.0328062664684;0.894251903113432;0.9311005570201;509.993221352468;0.989028030003947;0.958143063646836;0.920098933981716;;;;;;;;;;;;;;;;;;;;;;;;;;;;;;;;;;;;;;;;;;;;;;;;;;;;;;
3;Tube 2;1402140.0;1402140.0;0.0;214.0;False;J:\Culture Cellulaire 3D Microfluidique\PDX\PTT\20260126\Before merge\Analysis\2026-01-27_114553_KSBRU_tube2_before first merge_cropped_8bits2\14_0214_0_8bits.tiff;J:\Culture Cellulaire 3D Microfluidique\PDX\PTT\20260126\Before merge\Analysis\2026-01-27_114553_KSBRU_tube2_before first merge_segmentationDebug2\14_0214_0_segmented.tiff;891.0;(79. 79);119.254833221435;0.939873417721519;33.681692866586;0.787291548395599;0.878619769563603;470.327302914161;0.987488469732449;0.956369982058809;0.92457121668367;1402140.0;0.0;214.0;False;J:\Culture Cellulaire 3D Microfluidique\PDX\PTT\20260126\Before laser\Analysis\2026-01-28_103844_KSBRU_tube2_before laser_cropped_8bits2\14_0214_0_8bits.tiff;J:\Culture Cellulaire 3D Microfluidique\PDX\PTT\20260126\Before laser\Analysis\2026-01-28_103844_KSBRU_tube2_before laser_segmentationDebug2\14_0214_0_segmented.tiff;1206.0;(77. 75);157.053822517395;0.868250539956803;39.1857996084118;0.614412651266418;0.823031243288391;540.704721673904;0.987289352822712;0.941413695490715;0.91732408037236;1402140.0;0.0;214.0;False;J:\Culture Cellulaire 3D Microfluidique\PDX\PTT\20260126\After laser\Analysis\2026-01-28_165542_KSBRU_tube2_after laser_cropped_8bits2\14_0214_0_8bits.tiff;J:\Culture Cellulaire 3D Microfluidique\PDX\PTT\20260126\After laser\Analysis\2026-01-28_165542_KSBRU_tube2_after laser_segmentationDebug2\14_0214_0_segmented.tiff;900.5;(72. 77);125.840619564056;0.925012840267077;33.8607768669594;0.714581692645774;0.839407613162027;542.79519303287;0.98936490220975;0.955768745392633;0.924608504586033;8.22039697161726;53.0;Dead;0.0;0.0;0.0;;;;-305.5;;-31.213202953338993;0.05676230031027396;-5.3250227414524005;0.100169041379356;0.01637636987363611;2.0904713589659423;0.0020755493870380226;0.014355049901918049;0.007284424213673035
3;Tube 2;1502170.0;1502170.0;0.0;217.0;False;J:\Culture Cellulaire 3D Microfluidique\PDX\PTT\20260126\Before merge\Analysis\2026-01-27_114553_KSBRU_tube2_before first merge_cropped_8bits2\15_0217_0_8bits.tiff;J:\Culture Cellulaire 3D Microfluidique\PDX\PTT\20260126\Before merge\Analysis\2026-01-27_114553_KSBRU_tube2_before first merge_segmentationDebug2\15_0217_0_segmented.tiff;888.5;(80. 75);132.811182141304;0.889834752128192;33.6344070186645;0.63299169424911;0.68028305872375;644.709182383054;0.985616987025593;0.956192520076032;0.889885206761161;1502170.0;0.0;217.0;False;J:\Culture Cellulaire 3D Microfluidique\PDX\PTT\20260126\Before laser\Analysis\2026-01-28_103844_KSBRU_tube2_before laser_cropped_8bits2\15_0217_0_8bits.tiff;J:\Culture Cellulaire 3D Microfluidique\PDX\PTT\20260126\Before laser\Analysis\2026-01-28_103844_KSBRU_tube2_before laser_segmentationDebug2\15_0217_0_segmented.tiff;1102.0;(75. 74);142.225395441055;0.906995884773662;37.4581096466192;0.684600415909194;0.903585272184933;860.527284415558;0.979399476733862;0.945973889493056;0.835791099137396;1502170.0;0.0;217.0;False;J:\Culture Cellulaire 3D Microfluidique\PDX\PTT\20260126\After laser\Analysis\2026-01-28_165542_KSBRU_tube2_after laser_cropped_8bits2\15_0217_0_8bits.tiff;J:\Culture Cellulaire 3D Microfluidique\PDX\PTT\20260126\After laser\Analysis\2026-01-28_165542_KSBRU_tube2_after laser_segmentationDebug2\15_0217_0_segmented.tiff;794.5;(82. 79);116.669046759605;0.926530612244898;31.8054840914595;0.733487076971535;0.874889584483754;959.710955498842;0.983714962385629;0.96058717562462;0.833983536626435;9.817287357896724;76.0;Dead;0.0;0.0;0.0;;;;-307.5;;-25.556348681450018;0.01953472747123597;-5.652625555159698;0.048886661062341075;-0.02869568770117903;99.18367108328403;0.0043154856517670925;0.014613286131563985;-0.001807562510961036
3;Tube 2;1602200.0;;;;;;;;;;;;;;;;;;1602200.0;0.0;220.0;False;J:\Culture Cellulaire 3D Microfluidique\PDX\PTT\20260126\Before laser\Analysis\2026-01-28_103844_KSBRU_tube2_before laser_cropped_8bits2\16_0220_0_8bits.tiff;J:\Culture Cellulaire 3D Microfluidique\PDX\PTT\20260126\Before laser\Analysis\2026-01-28_103844_KSBRU_tube2_before laser_segmentationDebug2\16_0220_0_segmented.tiff;974.0;(73. 73);138.568541288375;0.885454545454545;35.2155550371146;0.637440320195266;0.954112506852696;663.803840245775;0.984671906988527;0.95195358706635;0.892506882831052;1602200.0;0.0;220.0;False;J:\Culture Cellulaire 3D Microfluidique\PDX\PTT\20260126\After laser\Analysis\2026-01-28_165542_KSBRU_tube2_after laser_cropped_8bits2\16_0220_0_8bits.tiff;J:\Culture Cellulaire 3D Microfluidique\PDX\PTT\20260126\After laser\Analysis\2026-01-28_165542_KSBRU_tube2_after laser_segmentationDebug2\16_0220_0_segmented.tiff;704.5;(79. 68);129.012192606925;0.814450867052023;29.9499125084852;0.531899214429918;0.803785575221008;702.955269468635;0.986554879553853;0.964309780180261;0.879765940141711;39.229675736645156;51.0;Dead;0.0;0.0;0.0;;;;-269.5;;-9.556348681450004;-0.07100367840252209;-5.2656425286293995;-0.10554110576534792;-0.15032693163168798;39.15142922286009;0.001882972565325991;0.012356193113911007;-0.012740942689341006
3;Tube 2;1602210.0;1602210.0;0.0;221.0;False;J:\Culture Cellulaire 3D Microfluidique\PDX\PTT\20260126\Before merge\Analysis\2026-01-27_114553_KSBRU_tube2_before first merge_cropped_8bits2\16_0221_0_8bits.tiff;J:\Culture Cellulaire 3D Microfluidique\PDX\PTT\20260126\Before merge\Analysis\2026-01-27_114553_KSBRU_tube2_before first merge_segmentationDebug2\16_0221_0_segmented.tiff;697.0;(76. 76);101.254833221435;0.966042966042966;29.790064831759;0.854301397481303;0.933713318839677;507.815595238095;0.9908562812866;0.965440747754485;0.915438652495209;;;;;;;;;;;;;;;;;;;;;;;;;;;;;;;;;;;;;;;;;;;;;;;;;;;;;;
3;Tube 2;1702230.0;;;;;;;;;;;;;;;;;;1702230.0;0.0;223.0;False;J:\Culture Cellulaire 3D Microfluidique\PDX\PTT\20260126\Before laser\Analysis\2026-01-28_103844_KSBRU_tube2_before laser_cropped_8bits2\17_0223_0_8bits.tiff;J:\Culture Cellulaire 3D Microfluidique\PDX\PTT\20260126\Before laser\Analysis\2026-01-28_103844_KSBRU_tube2_before laser_segmentationDebug2\17_0223_0_segmented.tiff;1033.0;(73. 74);128.083260059356;0.948576675849403;36.2664645328356;0.791271346846306;0.804508587137241;674.253577794754;0.98174740028984;0.949493966039767;0.889732960485558;1702230.0;0.0;223.0;False;J:\Culture Cellulaire 3D Microfluidique\PDX\PTT\20260126\After laser\Analysis\2026-01-28_165542_KSBRU_tube2_after laser_cropped_8bits2\17_0223_0_8bits.tiff;J:\Culture Cellulaire 3D Microfluidique\PDX\PTT\20260126\After laser\Analysis\2026-01-28_165542_KSBRU_tube2_after laser_segmentationDebug2\17_0223_0_segmented.tiff;893.5;(75. 71);120.669046282768;0.945002644103648;33.72891242274;0.771103475073858;0.857877898149309;906.090129675129;0.984519187473786;0.956246173556234;0.848796462980206;7.42643742563;37.0;Dead;0.0;0.0;0.0;;;;-139.5;;-7.414213776588014;-0.003574031745754991;-2.5375521100955964;-0.020167871772447943;0.05336931101206799;231.83655188037494;0.002771787183945995;0.00675220751646699;-0.04093649750535211
3;Tube 2;1703240.0;1703240.0;0.0;324.0;False;J:\Culture Cellulaire 3D Microfluidique\PDX\PTT\20260126\Before merge\Analysis\2026-01-27_114553_KSBRU_tube2_before first merge_cropped_8bits2\17_0324_0_8bits.tiff;J:\Culture Cellulaire 3D Microfluidique\PDX\PTT\20260126\Before merge\Analysis\2026-01-27_114553_KSBRU_tube2_before first merge_segmentationDebug2\17_0324_0_segmented.tiff;754.0;(77. 74);104.911686897277;0.968529222864483;30.9842317434257;0.86086186480468;0.967723139556116;519.995869403907;0.988574396620192;0.962856597136588;0.897390608265913;;;;;;;;;;;;;;;;;;;;;;;;;;;;;;;;;;;;;;;;;;;;;;;;;;;;;;
3;Tube 2;1805240.0;;;;;;;;;;;;;;;;;;;;;;;;;;;;;;;;;;;1805240.0;0.0;524.0;False;J:\Culture Cellulaire 3D Microfluidique\PDX\PTT\20260126\After laser\Analysis\2026-01-28_165542_KSBRU_tube2_after laser_cropped_8bits2\18_0524_0_8bits.tiff;J:\Culture Cellulaire 3D Microfluidique\PDX\PTT\20260126\After laser\Analysis\2026-01-28_165542_KSBRU_tube2_after laser_segmentationDebug2\18_0524_0_segmented.tiff;966.0;(76. 72);132.225395441055;0.921316165951359;35.0706344427095;0.694316108761904;0.918094489746644;880.536686433853;0.983163675054081;0.952505055585677;0.85391044861764;77.78381301212828;37.0;Alive;;;;;;;;;;;;;;;;;
3;Tube 2;1806240.0;;;;;;;;;;;;;;;;;;1806240.0;0.0;624.0;False;J:\Culture Cellulaire 3D Microfluidique\PDX\PTT\20260126\Before laser\Analysis\2026-01-28_103844_KSBRU_tube2_before laser_cropped_8bits2\18_0624_0_8bits.tiff;J:\Culture Cellulaire 3D Microfluidique\PDX\PTT\20260126\Before laser\Analysis\2026-01-28_103844_KSBRU_tube2_before laser_segmentationDebug2\18_0624_0_segmented.tiff;1137.0;(80. 79);139.740114331245;0.93657331136738;38.0483030155601;0.731691719560107;0.974580677569095;851.272548500881;0.979488508034895;0.944503995145593;0.867416119928942;;;;;;;;;;;;;;;;;;;;;;;;;;;;;;;;;;;;;
3;Tube 2;1908240.0;;;;;;;;;;;;;;;;;;1908240.0;0.0;824.0;False;J:\Culture Cellulaire 3D Microfluidique\PDX\PTT\20260126\Before laser\Analysis\2026-01-28_103844_KSBRU_tube2_before laser_cropped_8bits2\19_0824_0_8bits.tiff;J:\Culture Cellulaire 3D Microfluidique\PDX\PTT\20260126\Before laser\Analysis\2026-01-28_103844_KSBRU_tube2_before laser_segmentationDebug2\19_0824_0_segmented.tiff;1094.5;(82. 72);148.325900673866;0.895662847790507;37.3304256835176;0.625160660849628;0.936747273298438;738.243278210559;0.978895318045732;0.946214073888838;0.870872316902999;1908240.0;0.0;824.0;False;J:\Culture Cellulaire 3D Microfluidique\PDX\PTT\20260126\After laser\Analysis\2026-01-28_165542_KSBRU_tube2_after laser_cropped_8bits2\19_0824_0_8bits.tiff;J:\Culture Cellulaire 3D Microfluidique\PDX\PTT\20260126\After laser\Analysis\2026-01-28_165542_KSBRU_tube2_after laser_segmentationDebug2\19_0824_0_segmented.tiff;956.5;(78. 71);127.840619564056;0.92594385285576;34.8977595919735;0.735456693544445;0.941461303200384;790.164522677757;0.980678509235951;0.953091472579691;0.875199548053963;70.60677756817563;37.0;Alive;0.0;0.0;0.0;;;;-138.0;;-20.48528110980999;0.030281005065252997;-2.4326660915441067;0.11029603269481703;0.004714029901946026;51.921244467197994;0.001783191190218969;0.0068773986908529094;0.004327231150964006
3;Tube 2;1909240.0;1909240.0;0.0;924.0;False;J:\Culture Cellulaire 3D Microfluidique\PDX\PTT\20260126\Before merge\Analysis\2026-01-27_114553_KSBRU_tube2_before first merge_cropped_8bits2\19_0924_0_8bits.tiff;J:\Culture Cellulaire 3D Microfluidique\PDX\PTT\20260126\Before merge\Analysis\2026-01-27_114553_KSBRU_tube2_before first merge_segmentationDebug2\19_0924_0_segmented.tiff;791.0;(78. 74);106.426406502723;0.981389578163771;31.7353506343559;0.877581684410271;0.962836105636247;611.441636224648;0.982895293751037;0.961062923046489;0.894684189604864;;;;;;;;;;;;;;;;;;;;;;;;;;;;;;;;;;;;;;;;;;;;;;;;;;;;;;
3;Tube 2;2011240.0;;;;;;;;;;;;;;;;;;;;;;;;;;;;;;;;;;;2011240.0;0.0;1124.0;False;J:\Culture Cellulaire 3D Microfluidique\PDX\PTT\20260126\After laser\Analysis\2026-01-28_165542_KSBRU_tube2_after laser_cropped_8bits2\20_1124_0_8bits.tiff;J:\Culture Cellulaire 3D Microfluidique\PDX\PTT\20260126\After laser\Analysis\2026-01-28_165542_KSBRU_tube2_after laser_segmentationDebug2\20_1124_0_segmented.tiff;1356.5;(77. 73);151.982755064964;0.939729823346033;41.5589875049097;0.737973957671963;0.883767211639928;635.262916217006;0.98313672851691;0.934745375605539;0.904275867144417;83.43572842424098;37.0;Alive;;;;;;;;;;;;;;;;;
3;Tube 2;2012240.0;2012240.0;0.0;1224.0;False;J:\Culture Cellulaire 3D Microfluidique\PDX\PTT\20260126\Before merge\Analysis\2026-01-27_114553_KSBRU_tube2_before first merge_cropped_8bits2\20_1224_0_8bits.tiff;J:\Culture Cellulaire 3D Microfluidique\PDX\PTT\20260126\Before merge\Analysis\2026-01-27_114553_KSBRU_tube2_before first merge_segmentationDebug2\20_1224_0_segmented.tiff;809.0;(75. 78);110.426405906677;0.964818127608825;32.0944043672841;0.833705201664453;0.919651903157604;427.737504014129;0.981757571230923;0.960031076050128;0.903236461824629;;;;;;;;;;;;;;;;;;;;;;;;;;;;;;;;;;;;;;;;;;;;;;;;;;;;;;
3;Tube 2;203060.0;;;;;;;;;;;;;;;;;;;;;;;;;;;;;;;;;;;203060.0;0.0;306.0;False;J:\Culture Cellulaire 3D Microfluidique\PDX\PTT\20260126\After laser\Analysis\2026-01-28_165542_KSBRU_tube2_after laser_cropped_8bits2\2_0306_0_8bits.tiff;J:\Culture Cellulaire 3D Microfluidique\PDX\PTT\20260126\After laser\Analysis\2026-01-28_165542_KSBRU_tube2_after laser_segmentationDebug2\2_0306_0_segmented.tiff;1409.5;(72. 75);148.811181783676;0.960477001703577;42.3630869779837;0.799841277263679;0.826273518402187;656.489389777146;0.980872220028951;0.932519686270399;0.895894617103357;39.99223575256513;37.0;Dead;;;;;;;;;;;;;;;;;
3;Tube 2;205050.0;205050.0;0.0;505.0;False;J:\Culture Cellulaire 3D Microfluidique\PDX\PTT\20260126\Before merge\Analysis\2026-01-27_114553_KSBRU_tube2_before first merge_cropped_8bits2\2_0505_0_8bits.tiff;J:\Culture Cellulaire 3D Microfluidique\PDX\PTT\20260126\Before merge\Analysis\2026-01-27_114553_KSBRU_tube2_before first merge_segmentationDebug2\2_0505_0_segmented.tiff;1405.0;(79. 74);192.710676908493;0.815201624601102;42.2954082655895;0.475416920373821;0.59288379077137;601.177227445002;0.970779610732236;0.931040070571844;0.897660857614933;205050.0;0.0;505.0;False;J:\Culture Cellulaire 3D Microfluidique\PDX\PTT\20260126\Before laser\Analysis\2026-01-28_103844_KSBRU_tube2_before laser_cropped_8bits2\2_0505_0_8bits.tiff;J:\Culture Cellulaire 3D Microfluidique\PDX\PTT\20260126\Before laser\Analysis\2026-01-28_103844_KSBRU_tube2_before laser_segmentationDebug2\2_0505_0_segmented.tiff;1392.0;(71. 38);159.882249593734;0.913385826771653;42.0992808284339;0.684303243843986;0.895238374018734;613.490779440849;0.97605208908095;0.911543802086435;0.896382636184478;;;;;;;;;;;;;;;;;;;;;;;;;;;;;;;;;;;;;
3;Tube 2;306050.0;;;;;;;;;;;;;;;;;;;;;;;;;;;;;;;;;;;306050.0;0.0;605.0;False;J:\Culture Cellulaire 3D Microfluidique\PDX\PTT\20260126\After laser\Analysis\2026-01-28_165542_KSBRU_tube2_after laser_cropped_8bits2\3_0605_0_8bits.tiff;J:\Culture Cellulaire 3D Microfluidique\PDX\PTT\20260126\After laser\Analysis\2026-01-28_165542_KSBRU_tube2_after laser_segmentationDebug2\3_0605_0_segmented.tiff;1196.5;(68. 69);142.811182379722;0.927160015497869;39.0311556999741;0.737221746144993;0.852454346713224;806.476136152377;0.980970995745966;0.93610408876035;0.860955657953897;47.23655590380483;75.0;Dead;;;;;;;;;;;;;;;;;
3;Tube 2;307050.0;;;;;;;;;;;;;;;;;;307050.0;0.0;705.0;False;J:\Culture Cellulaire 3D Microfluidique\PDX\PTT\20260126\Before laser\Analysis\2026-01-28_103844_KSBRU_tube2_before laser_cropped_8bits2\3_0705_0_8bits.tiff;J:\Culture Cellulaire 3D Microfluidique\PDX\PTT\20260126\Before laser\Analysis\2026-01-28_103844_KSBRU_tube2_before laser_segmentationDebug2\3_0705_0_segmented.tiff;1259.0;(76. 71);147.053822517395;0.936059479553903;40.0375896729756;0.731615601389174;0.841442290378527;804.46996767558;0.984300884321413;0.939207856858884;0.886117764414279;;;;;;;;;;;;;;;;;;;;;;;;;;;;;;;;;;;;;
3;Tube 2;308050.0;308050.0;0.0;805.0;False;J:\Culture Cellulaire 3D Microfluidique\PDX\PTT\20260126\Before merge\Analysis\2026-01-27_114553_KSBRU_tube2_before first merge_cropped_8bits2\3_0805_0_8bits.tiff;J:\Culture Cellulaire 3D Microfluidique\PDX\PTT\20260126\Before merge\Analysis\2026-01-27_114553_KSBRU_tube2_before first merge_segmentationDebug2\3_0805_0_segmented.tiff;1272.5;(72. 75);193.781744003295;0.77947932618683;40.2516747561576;0.42583556952036;0.578868489340192;805.204149166392;0.975620749967374;0.936438265117503;0.877970162146729;;;;;;;;;;;;;;;;;;;;;;;;;;;;;;;;;;;;;;;;;;;;;;;;;;;;;;
3;Tube 2;410050.0;;;;;;;;;;;;;;;;;;410050.0;0.0;1005.0;False;J:\Culture Cellulaire 3D Microfluidique\PDX\PTT\20260126\Before laser\Analysis\2026-01-28_103844_KSBRU_tube2_before laser_cropped_8bits2\4_1005_0_8bits.tiff;J:\Culture Cellulaire 3D Microfluidique\PDX\PTT\20260126\Before laser\Analysis\2026-01-28_103844_KSBRU_tube2_before laser_segmentationDebug2\4_1005_0_segmented.tiff;1281.5;(78. 73);141.781744360923;0.952080237741456;40.3937677937836;0.801102051816408;0.870749925881901;848.425674869772;0.979056014756291;0.938169219926972;0.848069730765954;410050.0;0.0;1005.0;False;J:\Culture Cellulaire 3D Microfluidique\PDX\PTT\20260126\After laser\Analysis\2026-01-28_165542_KSBRU_tube2_after laser_cropped_8bits2\4_1005_0_8bits.tiff;J:\Culture Cellulaire 3D Microfluidique\PDX\PTT\20260126\After laser\Analysis\2026-01-28_165542_KSBRU_tube2_after laser_segmentationDebug2\4_1005_0_segmented.tiff;1187.5;(71. 79);137.296463727951;0.942086473621578;38.8840836252187;0.791634621270398;0.968977268487194;1084.70705668569;0.979670494558453;0.94246086763595;0.820928648153628;38.66896984258636;50.0;Dead;0.0;0.0;0.0;;;;-94.0;;-4.485280632972007;-0.009993764119877957;-1.5096841685649025;-0.00946743054601007;0.09822734260529298;236.28138181591805;0.0006144798021620046;0.0042916477089780525;-0.027141082612326062
3;Tube 2;513050.0;;;;;;;;;;;;;;;;;;513050.0;0.0;1305.0;False;J:\Culture Cellulaire 3D Microfluidique\PDX\PTT\20260126\Before laser\Analysis\2026-01-28_103844_KSBRU_tube2_before laser_cropped_8bits2\5_1305_0_8bits.tiff;J:\Culture Cellulaire 3D Microfluidique\PDX\PTT\20260126\Before laser\Analysis\2026-01-28_103844_KSBRU_tube2_before laser_segmentationDebug2\5_1305_0_segmented.tiff;1083.5;(74. 74);134.811181902885;0.931241942415126;37.1423618893649;0.74918133217529;0.887151932964531;764.660309373045;0.983358646763621;0.9472311870976;0.871535936880497;513050.0;0.0;1305.0;False;J:\Culture Cellulaire 3D Microfluidique\PDX\PTT\20260126\After laser\Analysis\2026-01-28_165542_KSBRU_tube2_after laser_cropped_8bits2\5_1305_0_8bits.tiff;J:\Culture Cellulaire 3D Microfluidique\PDX\PTT\20260126\After laser\Analysis\2026-01-28_165542_KSBRU_tube2_after laser_segmentationDebug2\5_1305_0_segmented.tiff;1034.5;(77. 74);129.154328107833;0.948212648945921;36.29278590889;0.779331858291238;0.886806199144965;572.510146902923;0.985090701561289;0.949457806313846;0.896914745122686;0.3525718661841737;54.0;Dead;0.0;0.0;0.0;;;;-49.0;;-5.656853795052001;0.01697070653079502;-0.8495759804749028;0.03015052611594793;-0.0003457338195660409;-192.15016247012204;0.0017320547976680256;0.0022266192162460063;0.025378808242188966
3;Tube 2;514050.0;514050.0;0.0;1405.0;False;J:\Culture Cellulaire 3D Microfluidique\PDX\PTT\20260126\Before merge\Analysis\2026-01-27_114553_KSBRU_tube2_before first merge_cropped_8bits2\5_1405_0_8bits.tiff;J:\Culture Cellulaire 3D Microfluidique\PDX\PTT\20260126\Before merge\Analysis\2026-01-27_114553_KSBRU_tube2_before first merge_segmentationDebug2\5_1405_0_segmented.tiff;910.5;(61. 90);113.982754945755;0.977455716586151;34.0482687589452;0.8806665782591;0.959614404118115;506.200888274773;0.982533708587873;0.9554973256153;0.883593160436815;;;;;;;;;;;;;;;;;;;;;;;;;;;;;;;;;;;;;;;;;;;;;;;;;;;;;;
3;Tube 2;514050.0;514050.0;1.0;1405.0;False;J:\Culture Cellulaire 3D Microfluidique\PDX\PTT\20260126\Before merge\Analysis\2026-01-27_114553_KSBRU_tube2_before first merge_cropped_8bits2\5_1405_0_8bits.tiff;J:\Culture Cellulaire 3D Microfluidique\PDX\PTT\20260126\Before merge\Analysis\2026-01-27_114553_KSBRU_tube2_before first merge_segmentationDebug2\5_1405_0_segmented.tiff;500.5;(113. 43);122.183765530586;0.758333333333333;25.243937730472;0.421295611408835;0.69016549939688;382.973138547854;0.988305297857607;0.973578438803243;0.895609370469919;;;;;;;;;;;;;;;;;;;;;;;;;;;;;;;;;;;;;;;;;;;;;;;;;;;;;;
3;Tube 2;615020.0;615020.0;0.0;1502.0;False;J:\Culture Cellulaire 3D Microfluidique\PDX\PTT\20260126\Before merge\Analysis\2026-01-27_114553_KSBRU_tube2_before first merge_cropped_8bits2\6_1502_0_8bits.tiff;J:\Culture Cellulaire 3D Microfluidique\PDX\PTT\20260126\Before merge\Analysis\2026-01-27_114553_KSBRU_tube2_before first merge_segmentationDebug2\6_1502_0_segmented.tiff;893.0;(76. 75);128.083260059356;0.908905852417302;33.719473801477;0.684032248532189;0.904020674565983;623.583167906015;0.982434283972696;0.955854297397438;0.879150425822169;;;;;;;;;;;;;;;;;;;;;;;;;;;;;;;;;;;;;;;;;;;;;;;;;;;;;;
3;Tube 2;615030.0;;;;;;;;;;;;;;;;;;615030.0;0.0;1503.0;False;J:\Culture Cellulaire 3D Microfluidique\PDX\PTT\20260126\Before laser\Analysis\2026-01-28_103844_KSBRU_tube2_before laser_cropped_8bits2\6_1503_0_8bits.tiff;J:\Culture Cellulaire 3D Microfluidique\PDX\PTT\20260126\Before laser\Analysis\2026-01-28_103844_KSBRU_tube2_before laser_segmentationDebug2\6_1503_0_segmented.tiff;1264.0;(77. 71);140.225395441055;0.950733358405415;40.1170136543742;0.807799520695706;0.825016394274452;991.733743904357;0.979070323455953;0.939066010964706;0.85273146139722;615030.0;0.0;1503.0;False;J:\Culture Cellulaire 3D Microfluidique\PDX\PTT\20260126\After laser\Analysis\2026-01-28_165542_KSBRU_tube2_after laser_cropped_8bits2\6_1503_0_8bits.tiff;J:\Culture Cellulaire 3D Microfluidique\PDX\PTT\20260126\After laser\Analysis\2026-01-28_165542_KSBRU_tube2_after laser_segmentationDebug2\6_1503_0_segmented.tiff;1090.0;(74. 74);132.911687612533;0.944540727902946;37.2536052451481;0.77537182745076;0.721006984577958;907.728331976438;0.980342407456501;0.94688259898296;0.841677226673094;4.604965366726116;61.0;Dead;0.0;0.0;0.0;;;;-174.0;;-7.313707828522013;-0.006192630502468988;-2.8634084092260963;-0.03242769324494599;-0.10400940969649397;-84.005411927919;0.0012720840005480127;0.007816588018254023;-0.011054234724126033
3;Tube 2;711010.0;711010.0;0.0;1101.0;False;J:\Culture Cellulaire 3D Microfluidique\PDX\PTT\20260126\Before merge\Analysis\2026-01-27_114553_KSBRU_tube2_before first merge_cropped_8bits2\7_1101_0_8bits.tiff;J:\Culture Cellulaire 3D Microfluidique\PDX\PTT\20260126\Before merge\Analysis\2026-01-27_114553_KSBRU_tube2_before first merge_segmentationDebug2\7_1101_0_segmented.tiff;1200.5;(77. 68);151.639608979225;0.907750472589792;39.0963434793404;0.65606476916126;0.736423722220477;561.837709230033;0.975736465597973;0.941250519083729;0.895190686484091;;;;;;;;;;;;;;;;;;;;;;;;;;;;;;;;;;;;;;;;;;;;;;;;;;;;;;
3;Tube 2;712010.0;;;;;;;;;;;;;;;;;;;;;;;;;;;;;;;;;;;712010.0;0.0;1201.0;False;J:\Culture Cellulaire 3D Microfluidique\PDX\PTT\20260126\After laser\Analysis\2026-01-28_165542_KSBRU_tube2_after laser_cropped_8bits2\7_1201_0_8bits.tiff;J:\Culture Cellulaire 3D Microfluidique\PDX\PTT\20260126\After laser\Analysis\2026-01-28_165542_KSBRU_tube2_after laser_segmentationDebug2\7_1201_0_segmented.tiff;1244.0;(77. 76);146.426406025886;0.925251022685013;39.7983667208912;0.729107286555552;0.775811142842858;865.665860712487;0.976998012923792;0.939687901780095;0.861107908483583;0.3727572783702906;57.0;Dead;;;;;;;;;;;;;;;;;
3;Tube 2;713010.0;;;;;;;;;;;;;;;;;;713010.0;0.0;1301.0;False;J:\Culture Cellulaire 3D Microfluidique\PDX\PTT\20260126\Before laser\Analysis\2026-01-28_103844_KSBRU_tube2_before laser_cropped_8bits2\7_1301_0_8bits.tiff;J:\Culture Cellulaire 3D Microfluidique\PDX\PTT\20260126\Before laser\Analysis\2026-01-28_103844_KSBRU_tube2_before laser_segmentationDebug2\7_1301_0_segmented.tiff;1171.5;(77. 76);128.811181783676;0.981155778894472;38.6212393205764;0.887247996935377;0.88460067224416;879.516805854361;0.98098407455407;0.943490481375125;0.84321511055467;;;;;;;;;;;;;;;;;;;;;;;;;;;;;;;;;;;;;
3;Tube 2;808010.0;808010.0;0.0;801.0;False;J:\Culture Cellulaire 3D Microfluidique\PDX\PTT\20260126\Before merge\Analysis\2026-01-27_114553_KSBRU_tube2_before first merge_cropped_8bits2\8_0801_0_8bits.tiff;J:\Culture Cellulaire 3D Microfluidique\PDX\PTT\20260126\Before merge\Analysis\2026-01-27_114553_KSBRU_tube2_before first merge_segmentationDebug2\8_0801_0_segmented.tiff;886.0;(76. 78);113.740114331245;0.972024136039495;33.5870545989873;0.860629572444657;0.930035885771612;595.721171171171;0.980583408302364;0.956642364839947;0.889088037773555;;;;;;;;;;;;;;;;;;808010.0;0.0;801.0;False;J:\Culture Cellulaire 3D Microfluidique\PDX\PTT\20260126\After laser\Analysis\2026-01-28_165542_KSBRU_tube2_after laser_cropped_8bits2\8_0801_0_8bits.tiff;J:\Culture Cellulaire 3D Microfluidique\PDX\PTT\20260126\After laser\Analysis\2026-01-28_165542_KSBRU_tube2_after laser_segmentationDebug2\8_0801_0_segmented.tiff;919.5;(76. 73);124.325900673866;0.921804511278195;34.216133057141;0.747546769966148;0.894985443284817;908.100532331878;0.981674027247813;0.954746886480636;0.830949525399213;2.7389361512984283;44.0;Dead;;;;;;;;;;;;;;;;;
3;Tube 2;809010.0;;;;;;;;;;;;;;;;;;809010.0;0.0;901.0;False;J:\Culture Cellulaire 3D Microfluidique\PDX\PTT\20260126\Before laser\Analysis\2026-01-28_103844_KSBRU_tube2_before laser_cropped_8bits2\8_0901_0_8bits.tiff;J:\Culture Cellulaire 3D Microfluidique\PDX\PTT\20260126\Before laser\Analysis\2026-01-28_103844_KSBRU_tube2_before laser_segmentationDebug2\8_0901_0_segmented.tiff;1126.0;(75. 72);140.568541288375;0.919183673469387;37.8638049774688;0.716097204563448;0.836249477356126;829.2032811717;0.978514182876125;0.945245674077414;0.864844886839209;;;;;;;;;;;;;;;;;;;;;;;;;;;;;;;;;;;;;
3;Tube 2;905010.0;905010.0;0.0;501.0;False;J:\Culture Cellulaire 3D Microfluidique\PDX\PTT\20260126\Before merge\Analysis\2026-01-27_114553_KSBRU_tube2_before first merge_cropped_8bits2\9_0501_0_8bits.tiff;J:\Culture Cellulaire 3D Microfluidique\PDX\PTT\20260126\Before merge\Analysis\2026-01-27_114553_KSBRU_tube2_before first merge_segmentationDebug2\9_0501_0_segmented.tiff;872.0;(74. 78);114.083260297775;0.967276760953965;33.3206374940375;0.841942632290472;0.962673926174485;567.428022223382;0.984416803721028;0.957206860061693;0.892777502124584;905010.0;0.0;501.0;False;J:\Culture Cellulaire 3D Microfluidique\PDX\PTT\20260126\Before laser\Analysis\2026-01-28_103844_KSBRU_tube2_before laser_cropped_8bits2\9_0501_0_8bits.tiff;J:\Culture Cellulaire 3D Microfluidique\PDX\PTT\20260126\Before laser\Analysis\2026-01-28_103844_KSBRU_tube2_before laser_segmentationDebug2\9_0501_0_segmented.tiff;1270.5;(73. 75);151.982754826545;0.911406025824964;40.2200303528729;0.691187553382884;0.84268898707219;846.743694785606;0.979132479134058;0.938091323721586;0.84710844801254;;;;;;;;;;;;;;;;;;;;;;;;;;;;;;;;;;;;;
4;Tube 1;1002030.0;;;;;;;;;;;;;;;;;;1002030.0;0.0;203.0;False;G:\Experiments\PTT\Spheroids\13052025\15052025 before laser\Analysis\2025-05-15_105448_tube1_cropped_8bits2\10_0203_0_8bits.tiff;G:\Experiments\PTT\Spheroids\13052025\15052025 before laser\Analysis\2025-05-15_105448_tube1_segmentationDebug2\10_0203_0_segmented.tiff;3542.5;(81. 74);347.036577820777;0.816432357686102;67.1598919536378;0.369631707788493;0.821038257324705;944.838945076976;0.938995152606522;0.831000564169758;0.898485690498042;;;;;;;;;;;;;;;;;;;;;;;;;;;;;;;;;;;;;
4;Tube 1;1002040.0;;;;;;;;;;;;;;;;;;;;;;;;;;;;;;;;;;;1002040.0;0.0;204.0;False;G:\Experiments\PTT\Spheroids\13052025\15052025 after laser\Analysis\2025-05-15_161953_tube1_cropped_8bits2\10_0204_0_8bits.tiff;G:\Experiments\PTT\Spheroids\13052025\15052025 after laser\Analysis\2025-05-15_161953_tube1_segmentationDebug2\10_0204_0_segmented.tiff;3610.5;(77. 77);348.208150506019;0.79212373848179;67.8014113147086;0.374196178988095;0.544895743588605;946.175092772719;0.923738847507932;0.82736990918399;0.906364932224087;92.68751469550905;37.0;Alive;;;;;;;;;;;;;;;;;
4;Tube 1;1003010.0;1003010.0;0.0;301.0;False;G:\Experiments\PTT\Spheroids\13052025\14052025\Analysis\2025-05-14_102435_tube1_cropped_8bits2\10_0301_0_8bits.tiff;G:\Experiments\PTT\Spheroids\13052025\14052025\Analysis\2025-05-14_102435_tube1_segmentationDebug2\10_0301_0_segmented.tiff;3725.0;(73. 78);338.308655500412;0.817603160667252;68.8681152939332;0.408987394504416;0.673446851627195;921.438502491376;0.950367524340521;0.823903442232417;0.902479203415974;;;;;;;;;;;;;;;;;;;;;;;;;;;;;;;;;;;;;;;;;;;;;;;;;;;;;;
4;Tube 1;105050.0;;;;;;;;;;;;;;;;;;105050.0;0.0;505.0;False;G:\Experiments\PTT\Spheroids\13052025\15052025 before laser\Analysis\2025-05-15_105448_tube1_cropped_8bits2\1_0505_0_8bits.tiff;G:\Experiments\PTT\Spheroids\13052025\15052025 before laser\Analysis\2025-05-15_105448_tube1_segmentationDebug2\1_0505_0_segmented.tiff;5265.5;(80. 76);613.119837880134;0.719330601092896;81.8794407821829;0.176018673866316;0.682319505227209;62.7122197066055;0.879760715998886;0.745006123188277;0.927563790739839;;;;;;;;;;;;;;;;;;;;;;;;;;;;;;;;;;;;;
4;Tube 1;1102040.0;1102040.0;0.0;204.0;False;G:\Experiments\PTT\Spheroids\13052025\14052025\Analysis\2025-05-14_102435_tube1_cropped_8bits2\11_0204_0_8bits.tiff;G:\Experiments\PTT\Spheroids\13052025\14052025\Analysis\2025-05-14_102435_tube1_segmentationDebug2\11_0204_0_segmented.tiff;4789.0;(80. 80);559.362478256225;0.693354567829737;78.086773398167;0.192339303717593;0.70387805517814;631.581213367996;0.919020393908098;0.768562095570998;0.889492490720393;;;;;;;;;;;;;;;;;;;;;;;;;;;;;;;;;;;;;;;;;;;;;;;;;;;;;;
4;Tube 1;1102070.0;;;;;;;;;;;;;;;;;;1102070.0;0.0;207.0;False;G:\Experiments\PTT\Spheroids\13052025\15052025 before laser\Analysis\2025-05-15_105448_tube1_cropped_8bits2\11_0207_0_8bits.tiff;G:\Experiments\PTT\Spheroids\13052025\15052025 before laser\Analysis\2025-05-15_105448_tube1_segmentationDebug2\11_0207_0_segmented.tiff;3465.5;(76. 71);387.865004658699;0.734994697773064;66.4259861972685;0.289477340102204;0.834133160256342;839.805009696242;0.93969933562805;0.832537649350102;0.895327555740501;;;;;;;;;;;;;;;;;;;;;;;;;;;;;;;;;;;;;
4;Tube 1;1202070.0;1202070.0;0.0;207.0;False;G:\Experiments\PTT\Spheroids\13052025\14052025\Analysis\2025-05-14_102435_tube1_cropped_8bits2\12_0207_0_8bits.tiff;G:\Experiments\PTT\Spheroids\13052025\14052025\Analysis\2025-05-14_102435_tube1_segmentationDebug2\12_0207_0_segmented.tiff;4380.0;(69. 77);447.078207731246;0.742813533452047;74.6779030633561;0.275370220315005;0.666009907314715;913.818729131506;0.929665060316777;0.791278562381122;0.898986123209743;;;;;;;;;;;;;;;;;;;;;;;;;;;;;;;;;;;;;;;;;;;;;;;;;;;;;;
4;Tube 1;1202100.0;;;;;;;;;;;;;;;;;;1202100.0;0.0;210.0;False;G:\Experiments\PTT\Spheroids\13052025\15052025 before laser\Analysis\2025-05-15_105448_tube1_cropped_8bits2\12_0210_0_8bits.tiff;G:\Experiments\PTT\Spheroids\13052025\15052025 before laser\Analysis\2025-05-15_105448_tube1_segmentationDebug2\12_0210_0_segmented.tiff;3523.0;(85. 77);419.62236392498;0.714242270653826;66.9747931396729;0.251423145334423;0.678486086935932;802.674453455387;0.951372322925737;0.829880300256416;0.911601209764149;;;;;;;;;;;;;;;;;;;;;;;;;;;;;;;;;;;;;
4;Tube 1;1202110.0;;;;;;;;;;;;;;;;;;;;;;;;;;;;;;;;;;;1202110.0;0.0;211.0;False;G:\Experiments\PTT\Spheroids\13052025\15052025 after laser\Analysis\2025-05-15_161953_tube1_cropped_8bits2\12_0211_0_8bits.tiff;G:\Experiments\PTT\Spheroids\13052025\15052025 after laser\Analysis\2025-05-15_161953_tube1_segmentationDebug2\12_0211_0_segmented.tiff;585.0;(29. 68);137.597978949546;0.734924623115577;27.2918510488033;0.388276959503763;0.886433761139616;443.394244477973;0.986506411856905;0.969062110347884;0.882042215074608;85.28097813308253;37.0;Alive;;;;;;;;;;;;;;;;;
4;Tube 1;1202110.0;;;;;;;;;;;;;;;;;;;;;;;;;;;;;;;;;;;1202110.0;1.0;211.0;False;G:\Experiments\PTT\Spheroids\13052025\15052025 after laser\Analysis\2025-05-15_161953_tube1_cropped_8bits2\12_0211_0_8bits.tiff;G:\Experiments\PTT\Spheroids\13052025\15052025 after laser\Analysis\2025-05-15_161953_tube1_segmentationDebug2\12_0211_0_segmented.tiff;3114.5;(99. 63);365.521858572959;0.704638009049773;62.9722523186019;0.292935153874456;0.758446076940261;629.297562565969;0.940522728034499;0.84905778876816;0.906818561019042;85.28097813308253;37.0;Alive;;;;;;;;;;;;;;;;;
4;Tube 1;1302100.0;1302100.0;0.0;210.0;False;G:\Experiments\PTT\Spheroids\13052025\14052025\Analysis\2025-05-14_102435_tube1_cropped_8bits2\13_0210_0_8bits.tiff;G:\Experiments\PTT\Spheroids\13052025\14052025\Analysis\2025-05-14_102435_tube1_segmentationDebug2\13_0210_0_segmented.tiff;428.5;(90. 129);98.870057106018;0.835282651072124;23.3577213126412;0.550847167102301;0.784442867612788;355.486001006669;0.991633414944903;0.977427740840252;0.898777638320741;;;;;;;;;;;;;;;;;;;;;;;;;;;;;;;;;;;;;;;;;;;;;;;;;;;;;;
4;Tube 1;1302100.0;1302100.0;1.0;210.0;False;G:\Experiments\PTT\Spheroids\13052025\14052025\Analysis\2025-05-14_102435_tube1_cropped_8bits2\13_0210_0_8bits.tiff;G:\Experiments\PTT\Spheroids\13052025\14052025\Analysis\2025-05-14_102435_tube1_segmentationDebug2\13_0210_0_segmented.tiff;3893.5;(84. 75);427.865004777908;0.72734915000934;70.4085091975846;0.267261566348846;0.806411058663956;836.688614752721;0.951653532703039;0.812846202917172;0.893607572927082;;;;;;;;;;;;;;;;;;;;;;;;;;;;;;;;;;;;;;;;;;;;;;;;;;;;;;
4;Tube 1;1302120.0;;;;;;;;;;;;;;;;;;1302120.0;0.0;212.0;True;G:\Experiments\PTT\Spheroids\13052025\15052025 before laser\Analysis\2025-05-15_105448_tube1_cropped_8bits2\13_0212_0_8bits.tiff;G:\Experiments\PTT\Spheroids\13052025\15052025 before laser\Analysis\2025-05-15_105448_tube1_segmentationDebug2\13_0212_0_segmented.tiff;1321.0;(68. 73);179.539103865623;0.827953619554998;41.0115768850107;0.514984995043386;0.900136120480339;877.951303538175;0.980749726397416;0.935139490130767;0.896056029111363;;;;;;;;;;;;;;;;;;;;;;;;;;;;;;;;;;;;;
4;Tube 1;1302121.0;;;;;;;;;;;;;;;;;;1302121.0;0.0;212.0;True;G:\Experiments\PTT\Spheroids\13052025\15052025 before laser\Analysis\2025-05-15_105448_tube1_cropped_8bits2\13_0212_1_8bits.tiff;G:\Experiments\PTT\Spheroids\13052025\15052025 before laser\Analysis\2025-05-15_105448_tube1_segmentationDebug2\13_0212_1_segmented.tiff;3980.0;(78. 74);424.450791239738;0.765384615384615;71.1863286596938;0.277612003940807;0.918909787032014;486.049878092366;0.93053619747284;0.808907420110401;0.925839646851422;;;;;;;;;;;;;;;;;;;;;;;;;;;;;;;;;;;;;
4;Tube 1;1402130.0;1402130.0;0.0;213.0;False;G:\Experiments\PTT\Spheroids\13052025\14052025\Analysis\2025-05-14_102435_tube1_cropped_8bits2\14_0213_0_8bits.tiff;G:\Experiments\PTT\Spheroids\13052025\14052025\Analysis\2025-05-14_102435_tube1_segmentationDebug2\14_0213_0_segmented.tiff;554.5;(14. 96);169.012192606925;0.648538011695906;26.5708736694081;0.243935688027607;0.591322182336839;496.813375759925;0.986979568320617;0.970396889405275;0.895675589704005;;;;;;;;;;;;;;;;;;;;;;;;;;;;;;;;;;;;;;;;;;;;;;;;;;;;;;
4;Tube 1;1402130.0;1402130.0;1.0;213.0;False;G:\Experiments\PTT\Spheroids\13052025\14052025\Analysis\2025-05-14_102435_tube1_cropped_8bits2\14_0213_0_8bits.tiff;G:\Experiments\PTT\Spheroids\13052025\14052025\Analysis\2025-05-14_102435_tube1_segmentationDebug2\14_0213_0_segmented.tiff;6511.5;(85. 76);712.090400218963;0.663153070577451;91.0532772366981;0.161369200333235;0.982966373340623;706.13925836768;0.899094545704257;0.688814906202044;0.912112407929482;;;;;;;;;;;;;;;;;;;;;;;;;;;;;;;;;;;;;;;;;;;;;;;;;;;;;;
4;Tube 1;1402150.0;;;;;;;;;;;;;;;;;;1402150.0;0.0;215.0;False;G:\Experiments\PTT\Spheroids\13052025\15052025 before laser\Analysis\2025-05-15_105448_tube1_cropped_8bits2\14_0215_0_8bits.tiff;G:\Experiments\PTT\Spheroids\13052025\15052025 before laser\Analysis\2025-05-15_105448_tube1_segmentationDebug2\14_0215_0_segmented.tiff;2477.0;(74. 74);287.48022866249;0.798259748630357;56.1588314720756;0.376634333630458;0.941218809920567;1131.82832075996;0.962423314152015;0.880348814052052;0.883493075487707;;;;;;;;;;;;;;;;;;;;;;;;;;;;;;;;;;;;;
4;Tube 1;1402170.0;;;;;;;;;;;;;;;;;;;;;;;;;;;;;;;;;;;1402170.0;0.0;217.0;False;G:\Experiments\PTT\Spheroids\13052025\15052025 after laser\Analysis\2025-05-15_161953_tube1_cropped_8bits2\14_0217_0_8bits.tiff;G:\Experiments\PTT\Spheroids\13052025\15052025 after laser\Analysis\2025-05-15_161953_tube1_segmentationDebug2\14_0217_0_segmented.tiff;5267.5;(67. 65);741.428493738174;0.465655940594059;81.894989479775;0.120413689549677;0.658453548771274;714.382937825231;0.897766820572465;0.741768705106478;0.904182160925866;72.44298142487655;37.0;Alive;;;;;;;;;;;;;;;;;
4;Tube 1;1502160.0;1502160.0;0.0;216.0;False;G:\Experiments\PTT\Spheroids\13052025\14052025\Analysis\2025-05-14_102435_tube1_cropped_8bits2\15_0216_0_8bits.tiff;G:\Experiments\PTT\Spheroids\13052025\14052025\Analysis\2025-05-14_102435_tube1_segmentationDebug2\15_0216_0_segmented.tiff;6712.5;(91. 75);590.149275302887;0.763478161965423;92.4479336926184;0.242197918512327;0.893845485189549;652.598124509952;0.896995211453494;0.684061501497949;0.920802442109058;;;;;;;;;;;;;;;;;;;;;;;;;;;;;;;;;;;;;;;;;;;;;;;;;;;;;;
4;Tube 1;1502180.0;;;;;;;;;;;;;;;;;;1502180.0;0.0;218.0;False;G:\Experiments\PTT\Spheroids\13052025\15052025 before laser\Analysis\2025-05-15_105448_tube1_cropped_8bits2\15_0218_0_8bits.tiff;G:\Experiments\PTT\Spheroids\13052025\15052025 before laser\Analysis\2025-05-15_105448_tube1_segmentationDebug2\15_0218_0_segmented.tiff;5575.5;(71. 83);588.776691794395;0.688078489448352;84.2552495793045;0.202112170541271;0.693305657518586;601.879232275838;0.89824358407763;0.733235795750058;0.913851875152033;;;;;;;;;;;;;;;;;;;;;;;;;;;;;;;;;;;;;
4;Tube 1;1502190.0;;;;;;;;;;;;;;;;;;;;;;;;;;;;;;;;;;;1502190.0;0.0;219.0;False;G:\Experiments\PTT\Spheroids\13052025\15052025 after laser\Analysis\2025-05-15_161953_tube1_cropped_8bits2\15_0219_0_8bits.tiff;G:\Experiments\PTT\Spheroids\13052025\15052025 after laser\Analysis\2025-05-15_161953_tube1_segmentationDebug2\15_0219_0_segmented.tiff;408.0;(104. 99);144.426406145095;0.600883652430044;22.792141940852;0.245797135871806;0.899626913978961;756.676191990735;0.987778014645267;0.976920787159474;0.845910120062921;102.21020456148601;37.0;Alive;;;;;;;;;;;;;;;;;
4;Tube 1;1502190.0;;;;;;;;;;;;;;;;;;;;;;;;;;;;;;;;;;;1502190.0;1.0;219.0;False;G:\Experiments\PTT\Spheroids\13052025\15052025 after laser\Analysis\2025-05-15_161953_tube1_cropped_8bits2\15_0219_0_8bits.tiff;G:\Experiments\PTT\Spheroids\13052025\15052025 after laser\Analysis\2025-05-15_161953_tube1_segmentationDebug2\15_0219_0_segmented.tiff;2894.0;(70. 67);306.16652059555;0.817283253318271;60.7021848244654;0.387965398049781;0.713633332227636;908.803944196934;0.93843568614869;0.860487251844331;0.904154293667059;102.21020456148601;37.0;Alive;;;;;;;;;;;;;;;;;
4;Tube 1;1602190.0;1602190.0;0.0;219.0;False;G:\Experiments\PTT\Spheroids\13052025\14052025\Analysis\2025-05-14_102435_tube1_cropped_8bits2\16_0219_0_8bits.tiff;G:\Experiments\PTT\Spheroids\13052025\14052025\Analysis\2025-05-14_102435_tube1_segmentationDebug2\16_0219_0_segmented.tiff;5656.5;(81. 78);741.546244144439;0.650546290971822;84.8650663394217;0.129265067204573;0.636527958028862;873.527563576578;0.891536089058233;0.724778914410048;0.889503385310914;;;;;;;;;;;;;;;;;;;;;;;;;;;;;;;;;;;;;;;;;;;;;;;;;;;;;;
4;Tube 1;1602210.0;;;;;;;;;;;;;;;;;;1602210.0;0.0;221.0;False;G:\Experiments\PTT\Spheroids\13052025\15052025 before laser\Analysis\2025-05-15_105448_tube1_cropped_8bits2\16_0221_0_8bits.tiff;G:\Experiments\PTT\Spheroids\13052025\15052025 before laser\Analysis\2025-05-15_105448_tube1_segmentationDebug2\16_0221_0_segmented.tiff;5656.5;(72. 71);611.605118989944;0.68730255164034;84.8650663394217;0.190027052501478;0.605447310284979;490.717665805736;0.893144820948374;0.729255642536637;0.913532862585714;;;;;;;;;;;;;;;;;;;;;;;;;;;;;;;;;;;;;
4;Tube 1;1702220.0;1702220.0;0.0;222.0;False;G:\Experiments\PTT\Spheroids\13052025\14052025\Analysis\2025-05-14_102435_tube1_cropped_8bits2\17_0222_0_8bits.tiff;G:\Experiments\PTT\Spheroids\13052025\14052025\Analysis\2025-05-14_102435_tube1_segmentationDebug2\17_0222_0_segmented.tiff;6936.0;(62. 61);643.362478375434;0.697190531235864;93.9744086562032;0.210575330487729;0.885992206344501;805.239525022005;0.891487642837346;0.671740890680418;0.912595532535167;;;;;;;;;;;;;;;;;;;;;;;;;;;;;;;;;;;;;;;;;;;;;;;;;;;;;;
4;Tube 1;1703240.0;;;;;;;;;;;;;;;;;;1703240.0;0.0;324.0;False;G:\Experiments\PTT\Spheroids\13052025\15052025 before laser\Analysis\2025-05-15_105448_tube1_cropped_8bits2\17_0324_0_8bits.tiff;G:\Experiments\PTT\Spheroids\13052025\15052025 before laser\Analysis\2025-05-15_105448_tube1_segmentationDebug2\17_0324_0_segmented.tiff;5254.5;(85. 67);594.918827295303;0.718318523581681;81.7938701114631;0.18656313629485;0.631158480778404;490.590139467653;0.914632048352236;0.723339819353634;0.904786620392795;;;;;;;;;;;;;;;;;;;;;;;;;;;;;;;;;;;;;
4;Tube 1;1804240.0;1804240.0;0.0;424.0;False;G:\Experiments\PTT\Spheroids\13052025\14052025\Analysis\2025-05-14_102435_tube1_cropped_8bits2\18_0424_0_8bits.tiff;G:\Experiments\PTT\Spheroids\13052025\14052025\Analysis\2025-05-14_102435_tube1_segmentationDebug2\18_0424_0_segmented.tiff;4302.5;(57. 75);617.119837760925;0.615918688712332;74.0142766040649;0.1419684132437;0.461311711982116;1286.10966841389;0.927292426968057;0.788705373151587;0.873931766444484;;;;;;;;;;;;;;;;;;;;;;;;;;;;;;;;;;;;;;;;;;;;;;;;;;;;;;
4;Tube 1;1908240.0;;;;;;;;;;;;;;;;;;1908240.0;0.0;824.0;False;G:\Experiments\PTT\Spheroids\13052025\15052025 before laser\Analysis\2025-05-15_105448_tube1_cropped_8bits2\19_0824_0_8bits.tiff;G:\Experiments\PTT\Spheroids\13052025\15052025 before laser\Analysis\2025-05-15_105448_tube1_segmentationDebug2\19_0824_0_segmented.tiff;2761.5;(85. 58);289.781744360923;0.838979188819687;59.2962983902549;0.413250004394537;0.742879489251817;978.570978850566;0.949554519125162;0.866787872989699;0.88880364578477;;;;;;;;;;;;;;;;;;;;;;;;;;;;;;;;;;;;;
4;Tube 1;1910240.0;;;;;;;;;;;;;;;;;;;;;;;;;;;;;;;;;;;1910240.0;0.0;1024.0;False;G:\Experiments\PTT\Spheroids\13052025\15052025 after laser\Analysis\2025-05-15_161953_tube1_cropped_8bits2\19_1024_0_8bits.tiff;G:\Experiments\PTT\Spheroids\13052025\15052025 after laser\Analysis\2025-05-15_161953_tube1_segmentationDebug2\19_1024_0_segmented.tiff;2604.5;(70. 68);267.438598752021;0.836249799325734;57.5860433982291;0.457600035622181;0.786443994624806;1094.88816051074;0.941664602824914;0.875151911829989;0.893742408677332;114.06066306136844;37.0;Alive;;;;;;;;;;;;;;;;;
4;Tube 1;2011240.0;;;;;;;;;;;;;;;;;;2011240.0;0.0;1124.0;False;G:\Experiments\PTT\Spheroids\13052025\15052025 before laser\Analysis\2025-05-15_105448_tube1_cropped_8bits2\20_1124_0_8bits.tiff;G:\Experiments\PTT\Spheroids\13052025\15052025 before laser\Analysis\2025-05-15_105448_tube1_segmentationDebug2\20_1124_0_segmented.tiff;4018.0;(66. 83);564.534051299095;0.640982691233947;71.525355579304;0.158430762060157;0.660946202426499;844.177605250106;0.918707121612576;0.802198600146711;0.900603148306581;;;;;;;;;;;;;;;;;;;;;;;;;;;;;;;;;;;;;
4;Tube 1;205050.0;205050.0;0.0;505.0;False;G:\Experiments\PTT\Spheroids\13052025\14052025\Analysis\2025-05-14_102435_tube1_cropped_8bits2\2_0505_0_8bits.tiff;G:\Experiments\PTT\Spheroids\13052025\14052025\Analysis\2025-05-14_102435_tube1_segmentationDebug2\2_0505_0_segmented.tiff;3059.5;(77. 73);303.722868680954;0.769395196781088;62.4137515866273;0.416778526814609;0.883115097581628;1168.24873562486;0.949959195853881;0.853689825952366;0.881454120191154;;;;;;;;;;;;;;;;;;;;;;;;;;;;;;;;;;;;;;;;;;;;;;;;;;;;;;
4;Tube 1;207050.0;;;;;;;;;;;;;;;;;;207050.0;0.0;705.0;False;G:\Experiments\PTT\Spheroids\13052025\15052025 before laser\Analysis\2025-05-15_105448_tube1_cropped_8bits2\2_0705_0_8bits.tiff;G:\Experiments\PTT\Spheroids\13052025\15052025 before laser\Analysis\2025-05-15_105448_tube1_segmentationDebug2\2_0705_0_segmented.tiff;2149.5;(72. 71);269.438598752021;0.781352235550708;52.314705403053;0.372072601664054;0.775898553982972;954.680912712386;0.961207015457419;0.895192336148695;0.889117559094949;;;;;;;;;;;;;;;;;;;;;;;;;;;;;;;;;;;;;
4;Tube 1;309050.0;309050.0;0.0;905.0;True;G:\Experiments\PTT\Spheroids\13052025\14052025\Analysis\2025-05-14_102435_tube1_cropped_8bits2\3_0905_0_8bits.tiff;G:\Experiments\PTT\Spheroids\13052025\14052025\Analysis\2025-05-14_102435_tube1_segmentationDebug2\3_0905_0_segmented.tiff;4187.0;(74. 71);349.96550989151;0.819855100841981;73.0140669584028;0.429598082207425;0.932996966273491;887.515695427724;0.938191300783876;0.799803305830435;0.904605192392771;;;;;;;;;;;;;;;;;;;;;;;;;;;;;;;;;;;;;;;;;;;;;;;;;;;;;;
4;Tube 1;309051.0;309051.0;0.0;905.0;True;G:\Experiments\PTT\Spheroids\13052025\14052025\Analysis\2025-05-14_102435_tube1_cropped_8bits2\3_0905_1_8bits.tiff;G:\Experiments\PTT\Spheroids\13052025\14052025\Analysis\2025-05-14_102435_tube1_segmentationDebug2\3_0905_1_segmented.tiff;2201.0;(77. 65);250.024384856224;0.809637667831524;52.937701479778;0.442450990515501;0.886335270649812;541.872071817081;0.948024520836803;0.893482259798082;0.922016627752948;;;;;;;;;;;;;;;;;;;;;;;;;;;;;;;;;;;;;;;;;;;;;;;;;;;;;;
4;Tube 1;309052.0;309052.0;0.0;905.0;True;G:\Experiments\PTT\Spheroids\13052025\14052025\Analysis\2025-05-14_102435_tube1_cropped_8bits2\3_0905_2_8bits.tiff;G:\Experiments\PTT\Spheroids\13052025\14052025\Analysis\2025-05-14_102435_tube1_segmentationDebug2\3_0905_2_segmented.tiff;4672.5;(72. 76);465.036577582359;0.760374288039056;77.1311336152597;0.271509447817272;0.800383409779898;42.4316265517222;0.905511985943087;0.77658894230988;0.940984105805065;;;;;;;;;;;;;;;;;;;;;;;;;;;;;;;;;;;;;;;;;;;;;;;;;;;;;;
4;Tube 1;312050.0;;;;;;;;;;;;;;;;;;;;;;;;;;;;;;;;;;;312050.0;0.0;1205.0;False;G:\Experiments\PTT\Spheroids\13052025\15052025 after laser\Analysis\2025-05-15_161953_tube1_cropped_8bits2\3_1205_0_8bits.tiff;G:\Experiments\PTT\Spheroids\13052025\15052025 after laser\Analysis\2025-05-15_161953_tube1_segmentationDebug2\3_1205_0_segmented.tiff;3448.0;(79. 64);521.504613637924;0.636338470056288;66.258055738505;0.15931651999476;0.530521490623972;810.227053188279;0.926175440685915;0.829034389279341;0.896597905109422;152.50411474253468;37.0;Alive;;;;;;;;;;;;;;;;;
4;Tube 1;412050.0;412050.0;0.0;1205.0;True;G:\Experiments\PTT\Spheroids\13052025\14052025\Analysis\2025-05-14_102435_tube1_cropped_8bits2\4_1205_0_8bits.tiff;G:\Experiments\PTT\Spheroids\13052025\14052025\Analysis\2025-05-14_102435_tube1_segmentationDebug2\4_1205_0_segmented.tiff;4034.5;(74. 70);294.066014766693;0.884952840535205;71.6720652920928;0.586286524024515;0.836178462082352;973.503617177477;0.940882839517039;0.811211202926244;0.91588007503408;;;;;;;;;;;;;;;;;;;;;;;;;;;;;;;;;;;;;;;;;;;;;;;;;;;;;;
4;Tube 1;412051.0;412051.0;0.0;1205.0;True;G:\Experiments\PTT\Spheroids\13052025\14052025\Analysis\2025-05-14_102435_tube1_cropped_8bits2\4_1205_1_8bits.tiff;G:\Experiments\PTT\Spheroids\13052025\14052025\Analysis\2025-05-14_102435_tube1_segmentationDebug2\4_1205_1_segmented.tiff;2467.0;(71. 83);270.024385213851;0.817970822281167;56.0453562470758;0.42518020950912;0.824104385387297;399.287756056485;0.948240558356846;0.880811271620592;0.929314047795522;;;;;;;;;;;;;;;;;;;;;;;;;;;;;;;;;;;;;;;;;;;;;;;;;;;;;;
4;Tube 1;413050.0;;;;;;;;;;;;;;;;;;413050.0;0.0;1305.0;False;G:\Experiments\PTT\Spheroids\13052025\15052025 before laser\Analysis\2025-05-15_105448_tube1_cropped_8bits2\4_1305_0_8bits.tiff;G:\Experiments\PTT\Spheroids\13052025\15052025 before laser\Analysis\2025-05-15_105448_tube1_segmentationDebug2\4_1305_0_segmented.tiff;3133.0;(75. 80);383.96550989151;0.744799714727207;63.1590016834913;0.267045847135566;0.739140303677241;865.385554542236;0.933936117276557;0.847530392326109;0.914623742372485;;;;;;;;;;;;;;;;;;;;;;;;;;;;;;;;;;;;;
4;Tube 1;515030.0;;;;;;;;;;;;;;;;;;515030.0;0.0;1503.0;False;G:\Experiments\PTT\Spheroids\13052025\15052025 before laser\Analysis\2025-05-15_105448_tube1_cropped_8bits2\5_1503_0_8bits.tiff;G:\Experiments\PTT\Spheroids\13052025\15052025 before laser\Analysis\2025-05-15_105448_tube1_segmentationDebug2\5_1503_0_segmented.tiff;2978.0;(74. 77);551.220343232154;0.593463531287365;61.576841135457;0.123164084516669;0.63071775826863;976.906104075406;0.929580745374646;0.848798096480666;0.86026728281705;;;;;;;;;;;;;;;;;;;;;;;;;;;;;;;;;;;;;
4;Tube 1;515041.0;515041.0;0.0;1504.0;True;G:\Experiments\PTT\Spheroids\13052025\14052025\Analysis\2025-05-14_102435_tube1_cropped_8bits2\5_1504_1_8bits.tiff;G:\Experiments\PTT\Spheroids\13052025\14052025\Analysis\2025-05-14_102435_tube1_segmentationDebug2\5_1504_1_segmented.tiff;6286.0;(72. 69);668.534051179885;0.653124837653904;89.4627507860407;0.176740946152145;0.528105144460221;305.457923287211;0.848013167359801;0.700094756227791;0.916334125753155;;;;;;;;;;;;;;;;;;;;;;;;;;;;;;;;;;;;;;;;;;;;;;;;;;;;;;
4;Tube 1;613010.0;;;;;;;;;;;;;;;;;;613010.0;0.0;1301.0;False;G:\Experiments\PTT\Spheroids\13052025\15052025 before laser\Analysis\2025-05-15_105448_tube1_cropped_8bits2\6_1301_0_8bits.tiff;G:\Experiments\PTT\Spheroids\13052025\15052025 before laser\Analysis\2025-05-15_105448_tube1_segmentationDebug2\6_1301_0_segmented.tiff;2951.5;(75. 84);269.923879861831;0.833639316480723;61.3022553931405;0.509061245779383;0.938053794649825;1015.15510443674;0.946768453552535;0.859503558329036;0.901339819196792;;;;;;;;;;;;;;;;;;;;;;;;;;;;;;;;;;;;;
4;Tube 1;615020.0;615020.0;0.0;1502.0;False;G:\Experiments\PTT\Spheroids\13052025\14052025\Analysis\2025-05-14_102435_tube1_cropped_8bits2\6_1502_0_8bits.tiff;G:\Experiments\PTT\Spheroids\13052025\14052025\Analysis\2025-05-14_102435_tube1_segmentationDebug2\6_1502_0_segmented.tiff;3954.5;(71. 78);365.03657746315;0.784234010907288;70.9579155532009;0.372931163491348;0.917275305352732;963.936014103311;0.942776485471471;0.812515784286204;0.893393728872123;;;;;;;;;;;;;;;;;;;;;;;;;;;;;;;;;;;;;;;;;;;;;;;;;;;;;;
4;Tube 1;709010.0;;;;;;;;;;;;;;;;;;709010.0;0.0;901.0;False;G:\Experiments\PTT\Spheroids\13052025\15052025 before laser\Analysis\2025-05-15_105448_tube1_cropped_8bits2\7_0901_0_8bits.tiff;G:\Experiments\PTT\Spheroids\13052025\15052025 before laser\Analysis\2025-05-15_105448_tube1_segmentationDebug2\7_0901_0_segmented.tiff;3286.5;(73. 78);292.752306938171;0.815104166666666;64.6877249852869;0.481884379295763;0.964412160950635;956.796357292812;0.943546624222217;0.844205462629976;0.898063748856517;;;;;;;;;;;;;;;;;;;;;;;;;;;;;;;;;;;;;
4;Tube 1;712010.0;712010.0;0.0;1201.0;False;G:\Experiments\PTT\Spheroids\13052025\14052025\Analysis\2025-05-14_102435_tube1_cropped_8bits2\7_1201_0_8bits.tiff;G:\Experiments\PTT\Spheroids\13052025\14052025\Analysis\2025-05-14_102435_tube1_segmentationDebug2\7_1201_0_segmented.tiff;573.5;(113. 88);115.698484182357;0.81002824858757;27.0222663539832;0.538378797425905;0.743448403096948;800.042159501862;0.986795265489304;0.970662979216451;0.904866843904753;;;;;;;;;;;;;;;;;;;;;;;;;;;;;;;;;;;;;;;;;;;;;;;;;;;;;;
4;Tube 1;712010.0;712010.0;1.0;1201.0;False;G:\Experiments\PTT\Spheroids\13052025\14052025\Analysis\2025-05-14_102435_tube1_cropped_8bits2\7_1201_0_8bits.tiff;G:\Experiments\PTT\Spheroids\13052025\14052025\Analysis\2025-05-14_102435_tube1_segmentationDebug2\7_1201_0_segmented.tiff;3620.0;(43. 85);357.48022866249;0.794905577514273;67.8905527444083;0.35597080477958;0.921695803387905;1006.03184171155;0.955205703343721;0.827889466006403;0.907763574513535;;;;;;;;;;;;;;;;;;;;;;;;;;;;;;;;;;;;;;;;;;;;;;;;;;;;;;
4;Tube 1;807010.0;;;;;;;;;;;;;;;;;;807010.0;0.0;701.0;False;G:\Experiments\PTT\Spheroids\13052025\15052025 before laser\Analysis\2025-05-15_105448_tube1_cropped_8bits2\8_0701_0_8bits.tiff;G:\Experiments\PTT\Spheroids\13052025\15052025 before laser\Analysis\2025-05-15_105448_tube1_segmentationDebug2\8_0701_0_segmented.tiff;3936.5;(82. 79);391.86500442028;0.758550920127179;70.7962390798407;0.322141857758593;0.748611009690573;973.770616454791;0.925043961069291;0.811946391321479;0.893453339000946;;;;;;;;;;;;;;;;;;;;;;;;;;;;;;;;;;;;;
4;Tube 1;809010.0;809010.0;0.0;901.0;False;G:\Experiments\PTT\Spheroids\13052025\14052025\Analysis\2025-05-14_102435_tube1_cropped_8bits2\8_0901_0_8bits.tiff;G:\Experiments\PTT\Spheroids\13052025\14052025\Analysis\2025-05-14_102435_tube1_segmentationDebug2\8_0901_0_segmented.tiff;4104.0;(69. 79);485.220342636108;0.701958436671512;72.2867559902442;0.219047961438025;0.674980732254214;1070.46340324939;0.932874946832167;0.80186573387674;0.883669624999915;;;;;;;;;;;;;;;;;;;;;;;;;;;;;;;;;;;;;;;;;;;;;;;;;;;;;;
4;Tube 1;903010.0;;;;;;;;;;;;;;;;;;903010.0;0.0;301.0;False;G:\Experiments\PTT\Spheroids\13052025\15052025 before laser\Analysis\2025-05-15_105448_tube1_cropped_8bits2\9_0301_0_8bits.tiff;G:\Experiments\PTT\Spheroids\13052025\15052025 before laser\Analysis\2025-05-15_105448_tube1_segmentationDebug2\9_0301_0_segmented.tiff;3314.0;(74. 84);289.82337474823;0.818372638597357;64.9578005419851;0.495787473600773;0.850914720539915;947.822180471541;0.950253951677086;0.843472721047189;0.902824525235255;903010.0;0.0;301.0;False;G:\Experiments\PTT\Spheroids\13052025\15052025 after laser\Analysis\2025-05-15_161953_tube1_cropped_8bits2\9_0301_0_8bits.tiff;G:\Experiments\PTT\Spheroids\13052025\15052025 after laser\Analysis\2025-05-15_161953_tube1_segmentationDebug2\9_0301_0_segmented.tiff;3394.5;(68. 78);372.693431735038;0.70829420970266;65.7420081424617;0.307101684913112;0.724743134649232;694.175570183641;0.936997755638118;0.836499797355015;0.898091863257528;104.18528097813308;37.0;Alive;0.0;0.0;0.0;;;;80.5;;82.87005698680804;-0.11007842889469699;0.7842076004766056;-0.188685788687661;-0.126171585890683;-253.6466102879;-0.013256196038967993;-0.006972923692173949;-0.004732661977727037
4;Tube 1;906010.0;906010.0;0.0;601.0;False;G:\Experiments\PTT\Spheroids\13052025\14052025\Analysis\2025-05-14_102435_tube1_cropped_8bits2\9_0601_0_8bits.tiff;G:\Experiments\PTT\Spheroids\13052025\14052025\Analysis\2025-05-14_102435_tube1_segmentationDebug2\9_0601_0_segmented.tiff;481.5;(14. 59);170.669046759605;0.555363321799307;24.7601462190751;0.207728760557845;0.358454004184312;185.795733678086;0.989825825533997;0.972568220713315;0.885099872359362;;;;;;;;;;;;;;;;;;;;;;;;;;;;;;;;;;;;;;;;;;;;;;;;;;;;;;
4;Tube 1;906010.0;906010.0;1.0;601.0;False;G:\Experiments\PTT\Spheroids\13052025\14052025\Analysis\2025-05-14_102435_tube1_cropped_8bits2\9_0601_0_8bits.tiff;G:\Experiments\PTT\Spheroids\13052025\14052025\Analysis\2025-05-14_102435_tube1_segmentationDebug2\9_0601_0_segmented.tiff;4279.0;(73. 74);379.48022866249;0.771825396825396;73.8118690450374;0.373399595636287;0.700775927154061;1027.65383790188;0.936154051996799;0.796831389913873;0.891827414418005;;;;;;;;;;;;;;;;;;;;;;;;;;;;;;;;;;;;;;;;;;;;;;;;;;;;;;
4;Tube 4;1002050.0;;;;;;;;;;;;;;;;;;1002050.0;0.0;205.0;False;G:\Experiments\PTT\Spheroids\13052025\15052025 before laser\Analysis\2025-05-15_100046_tube4_cropped_8bits2\10_0205_0_8bits.tiff;G:\Experiments\PTT\Spheroids\13052025\15052025 before laser\Analysis\2025-05-15_100046_tube4_segmentationDebug2\10_0205_0_segmented.tiff;6462.0;(95. 77);845.445739269256;0.572567783094098;90.7065264359661;0.113607064470585;0.720928556020705;408.655362584003;0.887899149658328;0.687920005092454;0.918078491635757;1002050.0;0.0;205.0;False;G:\Experiments\PTT\Spheroids\13052025\15052025 after laser\Analysis\2025-05-15_165329_tube4_cropped_8bits2\10_0205_0_8bits.tiff;G:\Experiments\PTT\Spheroids\13052025\15052025 after laser\Analysis\2025-05-15_165329_tube4_segmentationDebug2\10_0205_0_segmented.tiff;2818.5;(72. 81);350.894442439079;0.708878269617706;59.9051388182688;0.287656984593426;0.684268448977903;695.392684008901;0.948458719729781;0.863101401660441;0.906512173948121;129.2574383788163;37.0;Alive;0.0;0.0;0.0;;;;-3643.5;;-494.551296830177;0.136310486523608;-30.801387617697294;0.17404992012284098;-0.03666010704280209;286.737321424898;0.06055957007145307;0.17518139656798704;-0.011566317687636052
4;Tube 4;104050.0;104050.0;0.0;405.0;False;G:\Experiments\PTT\Spheroids\13052025\14052025\Analysis\2025-05-14_105634_tube4_cropped_8bits2\1_0405_0_8bits.tiff;G:\Experiments\PTT\Spheroids\13052025\14052025\Analysis\2025-05-14_105634_tube4_segmentationDebug2\1_0405_0_segmented.tiff;4620.0;(48. 80);528.534051537513;0.656903170766387;76.6965885595731;0.207828878689023;0.72677982941263;938.973522068048;0.909861785767801;0.776402777697195;0.882557026743511;;;;;;;;;;;;;;;;;;;;;;;;;;;;;;;;;;;;;;;;;;;;;;;;;;;;;;
4;Tube 4;107050.0;;;;;;;;;;;;;;;;;;107050.0;0.0;705.0;False;G:\Experiments\PTT\Spheroids\13052025\15052025 before laser\Analysis\2025-05-15_100046_tube4_cropped_8bits2\1_0705_0_8bits.tiff;G:\Experiments\PTT\Spheroids\13052025\15052025 before laser\Analysis\2025-05-15_100046_tube4_segmentationDebug2\1_0705_0_segmented.tiff;6035.5;(83. 65);708.031525373458;0.67214210145331;87.6620629020848;0.151292684090527;0.734428804958494;740.527324444166;0.88779576540296;0.709378949971313;0.902909352094783;;;;;;;;;;;;;;;;;;;;;;;;;;;;;;;;;;;;;
4;Tube 4;1102070.0;1102070.0;0.0;207.0;False;G:\Experiments\PTT\Spheroids\13052025\14052025\Analysis\2025-05-14_105634_tube4_cropped_8bits2\11_0207_0_8bits.tiff;G:\Experiments\PTT\Spheroids\13052025\14052025\Analysis\2025-05-14_105634_tube4_segmentationDebug2\11_0207_0_segmented.tiff;4251.0;(66. 77);433.622364044189;0.743897103858605;73.5699755652343;0.284104179901427;0.538924557805091;851.287408044918;0.931041752457307;0.796486921928443;0.907015683841433;;;;;;;;;;;;;;;;;;;;;;;;;;;;;;;;;;;;;;;;;;;;;;;;;;;;;;
4;Tube 4;1102080.0;;;;;;;;;;;;;;;;;;1102080.0;0.0;208.0;False;G:\Experiments\PTT\Spheroids\13052025\15052025 before laser\Analysis\2025-05-15_100046_tube4_cropped_8bits2\11_0208_0_8bits.tiff;G:\Experiments\PTT\Spheroids\13052025\15052025 before laser\Analysis\2025-05-15_100046_tube4_segmentationDebug2\11_0208_0_segmented.tiff;3982.0;(82. 64);502.735061645507;0.670201127661365;71.2042124254978;0.197985219857661;0.693716609641619;763.13143338697;0.940480885902757;0.806808437959136;0.897070637748392;1102080.0;0.0;208.0;False;G:\Experiments\PTT\Spheroids\13052025\15052025 after laser\Analysis\2025-05-15_165329_tube4_cropped_8bits2\11_0208_0_8bits.tiff;G:\Experiments\PTT\Spheroids\13052025\15052025 after laser\Analysis\2025-05-15_165329_tube4_segmentationDebug2\11_0208_0_segmented.tiff;3015.0;(74. 65);358.30865573883;0.743434841573172;61.9581893487577;0.295109086130378;0.78653416134563;794.391140133359;0.953491877446397;0.85395023368258;0.898214802403214;153.82267748343634;37.0;Alive;0.0;0.0;0.0;;;;-967.0;;-144.42640590667702;0.073233713911807;-9.246023076740101;0.09712386627271702;0.09281755170401107;31.259706746389043;0.013010991543639938;0.04714179572344401;0.001144164654822033
4;Tube 4;1202090.0;1202090.0;0.0;209.0;False;G:\Experiments\PTT\Spheroids\13052025\14052025\Analysis\2025-05-14_105634_tube4_cropped_8bits2\12_0209_0_8bits.tiff;G:\Experiments\PTT\Spheroids\13052025\14052025\Analysis\2025-05-14_105634_tube4_segmentationDebug2\12_0209_0_segmented.tiff;4126.0;(67. 76);464.592926502227;0.706083682724394;72.4802480788889;0.240211558542519;0.827461319281736;653.617307284509;0.936504251270615;0.801872188725693;0.91222851306845;;;;;;;;;;;;;;;;;;;;;;;;;;;;;;;;;;;;;;;;;;;;;;;;;;;;;;
4;Tube 4;1202100.0;;;;;;;;;;;;;;;;;;1202100.0;0.0;210.0;False;G:\Experiments\PTT\Spheroids\13052025\15052025 before laser\Analysis\2025-05-15_100046_tube4_cropped_8bits2\12_0210_0_8bits.tiff;G:\Experiments\PTT\Spheroids\13052025\15052025 before laser\Analysis\2025-05-15_100046_tube4_segmentationDebug2\12_0210_0_segmented.tiff;2858.5;(73. 72);290.267025709152;0.800924628747548;60.3287264793934;0.426336636782054;0.636807040692256;915.349172870275;0.946312493013556;0.863190177715881;0.910343023850737;;;;;;;;;;;;;;;;;;;;;;;;;;;;;;;;;;;;;
4;Tube 4;1302120.0;1302120.0;0.0;212.0;False;G:\Experiments\PTT\Spheroids\13052025\14052025\Analysis\2025-05-14_105634_tube4_cropped_8bits2\13_0212_0_8bits.tiff;G:\Experiments\PTT\Spheroids\13052025\14052025\Analysis\2025-05-14_105634_tube4_segmentationDebug2\13_0212_0_segmented.tiff;4791.5;(65. 81);628.433546185493;0.659668204033867;78.1071525444279;0.15246235953201;0.882414853448942;713.786705828934;0.913178730646112;0.766070592874031;0.890985249185992;;;;;;;;;;;;;;;;;;;;;;;;;;;;;;;;;;;;;;;;;;;;;;;;;;;;;;
4;Tube 4;1302140.0;;;;;;;;;;;;;;;;;;1302140.0;0.0;214.0;False;G:\Experiments\PTT\Spheroids\13052025\15052025 before laser\Analysis\2025-05-15_100046_tube4_cropped_8bits2\13_0214_0_8bits.tiff;G:\Experiments\PTT\Spheroids\13052025\15052025 before laser\Analysis\2025-05-15_100046_tube4_segmentationDebug2\13_0214_0_segmented.tiff;2632.5;(74. 80);312.267025828361;0.764150943396226;57.8947588432261;0.339254791486395;0.789840411256979;772.450447523972;0.955787279593359;0.872250645878649;0.908122487620723;1302140.0;0.0;214.0;False;G:\Experiments\PTT\Spheroids\13052025\15052025 after laser\Analysis\2025-05-15_165329_tube4_cropped_8bits2\13_0214_0_8bits.tiff;G:\Experiments\PTT\Spheroids\13052025\15052025 after laser\Analysis\2025-05-15_165329_tube4_segmentationDebug2\13_0214_0_segmented.tiff;1876.5;(78. 80);280.953317403793;0.748802873104549;48.8797913835107;0.298737748718899;0.933609407436407;758.225181058852;0.972114375044971;0.907002608769324;0.895032051224933;67.36990466889364;37.0;Alive;0.0;0.0;0.0;;;;-756.0;;-31.313708424568006;-0.015348070291677063;-9.0149674597154;-0.04051704276749596;0.14376899617942795;-14.225266465120058;0.01632709545161204;0.03475196289067506;-0.013090436395789995
4;Tube 4;1402150.0;1402150.0;1.0;215.0;False;G:\Experiments\PTT\Spheroids\13052025\14052025\Analysis\2025-05-14_105634_tube4_cropped_8bits2\14_0215_0_8bits.tiff;G:\Experiments\PTT\Spheroids\13052025\14052025\Analysis\2025-05-14_105634_tube4_segmentationDebug2\14_0215_0_segmented.tiff;3360.5;(80. 72);348.066015005111;0.793131932971442;65.4119369082013;0.348570413526058;0.721573458410739;722.724080634691;0.9432218514363;0.83867829238666;0.889052764850905;;;;;;;;;;;;;;;;;;;;;;;;;;;;;;;;;;;;;;;;;;;;;;;;;;;;;;
4;Tube 4;1402170.0;;;;;;;;;;;;;;;;;;1402170.0;0.0;217.0;False;G:\Experiments\PTT\Spheroids\13052025\15052025 before laser\Analysis\2025-05-15_100046_tube4_cropped_8bits2\14_0217_0_8bits.tiff;G:\Experiments\PTT\Spheroids\13052025\15052025 before laser\Analysis\2025-05-15_100046_tube4_segmentationDebug2\14_0217_0_segmented.tiff;2230.5;(75. 69);268.610171198844;0.795470756062767;53.2912826317004;0.388478675452926;0.70776623456865;1129.5301685171;0.960463834605957;0.891476722558281;0.894893917647352;1402170.0;0.0;217.0;False;G:\Experiments\PTT\Spheroids\13052025\15052025 after laser\Analysis\2025-05-15_165329_tube4_cropped_8bits2\14_0217_0_8bits.tiff;G:\Experiments\PTT\Spheroids\13052025\15052025 after laser\Analysis\2025-05-15_165329_tube4_segmentationDebug2\14_0217_0_segmented.tiff;2061.5;(75. 78);267.580733537673;0.799031007751938;51.2326392202425;0.361812463609481;0.712207928602697;929.672604840768;0.969396563668652;0.89936787621129;0.893511199558056;55.983441907953875;42.0;Alive;0.0;0.0;0.0;;;;-169.0;;-1.0294376611710163;0.003560251689171068;-2.0586434114579006;-0.02666621184344503;0.004441694034047039;-199.857563676332;0.008932729062695044;0.007891153653008964;-0.00138271808929602
4;Tube 4;1502200.0;;;;;;;;;;;;;;;;;;1502200.0;0.0;220.0;False;G:\Experiments\PTT\Spheroids\13052025\15052025 before laser\Analysis\2025-05-15_100046_tube4_cropped_8bits2\15_0220_0_8bits.tiff;G:\Experiments\PTT\Spheroids\13052025\15052025 before laser\Analysis\2025-05-15_100046_tube4_segmentationDebug2\15_0220_0_segmented.tiff;3949.0;(45. 83);661.279218196868;0.444982815933292;70.908553519016;0.113482069926607;0.697678971158252;596.155414101083;0.907422061813505;0.762940486085998;0.858679553883728;;;;;;;;;;;;;;;;;;;;;;;;;;;;;;;;;;;;;
4;Tube 4;1603240.0;;;;;;;;;;;;;;;;;;1603240.0;0.0;324.0;False;G:\Experiments\PTT\Spheroids\13052025\15052025 before laser\Analysis\2025-05-15_100046_tube4_cropped_8bits2\16_0324_0_8bits.tiff;G:\Experiments\PTT\Spheroids\13052025\15052025 before laser\Analysis\2025-05-15_100046_tube4_segmentationDebug2\16_0324_0_segmented.tiff;2627.5;(71. 65);304.267025709152;0.754161882893226;57.839751934043;0.356650477971584;0.631743421162887;972.487710807783;0.950120224912232;0.872791438704103;0.905903820018203;;;;;;;;;;;;;;;;;;;;;;;;;;;;;;;;;;;;;
4;Tube 4;1706240.0;;;;;;;;;;;;;;;;;;1706240.0;0.0;624.0;False;G:\Experiments\PTT\Spheroids\13052025\15052025 before laser\Analysis\2025-05-15_100046_tube4_cropped_8bits2\17_0624_0_8bits.tiff;G:\Experiments\PTT\Spheroids\13052025\15052025 before laser\Analysis\2025-05-15_100046_tube4_segmentationDebug2\17_0624_0_segmented.tiff;4703.0;(70. 85);612.190905332565;0.639863945578231;77.3824629931709;0.157692520868706;0.776538820109545;492.33877370951;0.904265332307686;0.77022144752643;0.916032675292924;;;;;;;;;;;;;;;;;;;;;;;;;;;;;;;;;;;;;
4;Tube 4;1808240.0;;;;;;;;;;;;;;;;;;1808240.0;0.0;824.0;False;G:\Experiments\PTT\Spheroids\13052025\15052025 before laser\Analysis\2025-05-15_100046_tube4_cropped_8bits2\18_0824_0_8bits.tiff;G:\Experiments\PTT\Spheroids\13052025\15052025 before laser\Analysis\2025-05-15_100046_tube4_segmentationDebug2\18_0824_0_segmented.tiff;5825.0;(76. 89);635.019332408905;0.689920644320739;86.1198022993685;0.181523099948493;0.478059573548749;409.134708099024;0.883928582372934;0.719853866460096;0.917430715906757;;;;;;;;;;;;;;;;;;;;;;;;;;;;;;;;;;;;;
4;Tube 4;1910240.0;;;;;;;;;;;;;;;;;;1910240.0;0.0;1024.0;False;G:\Experiments\PTT\Spheroids\13052025\15052025 before laser\Analysis\2025-05-15_100046_tube4_cropped_8bits2\19_1024_0_8bits.tiff;G:\Experiments\PTT\Spheroids\13052025\15052025 before laser\Analysis\2025-05-15_100046_tube4_segmentationDebug2\19_1024_0_segmented.tiff;3376.0;(69. 85);491.563488721847;0.638366266427153;65.5626166578631;0.175571114629583;0.582461279796998;723.596177981916;0.937810071078463;0.833233952304156;0.90231615938229;;;;;;;;;;;;;;;;;;;;;;;;;;;;;;;;;;;;;
4;Tube 4;2012240.0;2012240.0;0.0;1224.0;False;G:\Experiments\PTT\Spheroids\13052025\14052025\Analysis\2025-05-14_105634_tube4_cropped_8bits2\20_1224_0_8bits.tiff;G:\Experiments\PTT\Spheroids\13052025\14052025\Analysis\2025-05-14_105634_tube4_segmentationDebug2\20_1224_0_segmented.tiff;3455.5;(81. 67);442.55129623413;0.699777237748076;66.3300779950721;0.221714209211877;0.641320434229155;953.887261538735;0.933340015239168;0.831063953776711;0.898188762844919;;;;;;;;;;;;;;;;;;;;;;;;;;;;;;;;;;;;;;;;;;;;;;;;;;;;;;
4;Tube 4;207050.0;207050.0;0.0;705.0;False;G:\Experiments\PTT\Spheroids\13052025\14052025\Analysis\2025-05-14_105634_tube4_cropped_8bits2\2_0705_0_8bits.tiff;G:\Experiments\PTT\Spheroids\13052025\14052025\Analysis\2025-05-14_105634_tube4_segmentationDebug2\2_0705_0_segmented.tiff;3369.0;(74. 73);489.421353578567;0.666139396935244;65.4946106654033;0.176744149698345;0.708838768205903;1168.17117894296;0.936809538677959;0.833414087944939;0.866475107723377;;;;;;;;;;;;;;;;;;;;;;;;;;;;;;;;;;;;;;;;;;;;;;;;;;;;;;
4;Tube 4;209050.0;;;;;;;;;;;;;;;;;;209050.0;0.0;905.0;False;G:\Experiments\PTT\Spheroids\13052025\15052025 before laser\Analysis\2025-05-15_100046_tube4_cropped_8bits2\2_0905_0_8bits.tiff;G:\Experiments\PTT\Spheroids\13052025\15052025 before laser\Analysis\2025-05-15_100046_tube4_segmentationDebug2\2_0905_0_segmented.tiff;2404.5;(74. 73);318.066014766693;0.701224846894138;55.3308637680246;0.298675851608086;0.748550307901868;817.177666813365;0.953623027318739;0.882497414506531;0.901059594721722;;;;;;;;;;;;;;;;;;;;;;;;;;;;;;;;;;;;;
4;Tube 4;311050.0;311050.0;0.0;1105.0;False;G:\Experiments\PTT\Spheroids\13052025\14052025\Analysis\2025-05-14_105634_tube4_cropped_8bits2\3_1105_0_8bits.tiff;G:\Experiments\PTT\Spheroids\13052025\14052025\Analysis\2025-05-14_105634_tube4_segmentationDebug2\3_1105_0_segmented.tiff;3696.5;(80. 69);299.580734014511;0.865995080238959;68.6041542263551;0.517574431189623;0.875266290279783;1023.54849694914;0.922899408363253;0.825125467790144;0.902353829141928;;;;;;;;;;;;;;;;;;;;;;;;;;;;;;;;;;;;;;;;;;;;;;;;;;;;;;
4;Tube 4;313050.0;;;;;;;;;;;;;;;;;;313050.0;0.0;1305.0;False;G:\Experiments\PTT\Spheroids\13052025\15052025 before laser\Analysis\2025-05-15_100046_tube4_cropped_8bits2\3_1305_0_8bits.tiff;G:\Experiments\PTT\Spheroids\13052025\15052025 before laser\Analysis\2025-05-15_100046_tube4_segmentationDebug2\3_1305_0_segmented.tiff;11303.5;(81. 77);1186.54119181633;0.693253603189205;119.966925416607;0.100892100357862;0.971143478158723;132.320351276163;0.799571563935401;0.472271237019423;0.90019322468077;;;;;;;;;;;;;;;;;;;;;;;;;;;;;;;;;;;;;
4;Tube 4;414050.0;414050.0;0.0;1405.0;False;G:\Experiments\PTT\Spheroids\13052025\14052025\Analysis\2025-05-14_105634_tube4_cropped_8bits2\4_1405_0_8bits.tiff;G:\Experiments\PTT\Spheroids\13052025\14052025\Analysis\2025-05-14_105634_tube4_segmentationDebug2\4_1405_0_segmented.tiff;3556.5;(68. 101);309.923879742622;0.829407649253731;67.2924694215527;0.465288798062932;0.854098922963583;1107.39766866715;0.92790858400749;0.831062885449224;0.890648904168457;;;;;;;;;;;;;;;;;;;;;;;;;;;;;;;;;;;;;;;;;;;;;;;;;;;;;;
4;Tube 4;415040.0;;;;;;;;;;;;;;;;;;415040.0;0.0;1504.0;False;G:\Experiments\PTT\Spheroids\13052025\15052025 before laser\Analysis\2025-05-15_100046_tube4_cropped_8bits2\4_1504_0_8bits.tiff;G:\Experiments\PTT\Spheroids\13052025\15052025 before laser\Analysis\2025-05-15_100046_tube4_segmentationDebug2\4_1504_0_segmented.tiff;2572.0;(68. 72);259.195958137512;0.79297055649761;57.2256245842615;0.48108783847541;0.877195161767998;1019.78746450289;0.951368158240672;0.876824129246404;0.891570722633429;;;;;;;;;;;;;;;;;;;;;;;;;;;;;;;;;;;;;
4;Tube 4;515020.0;;;;;;;;;;;;;;;;;;515020.0;0.0;1502.0;False;G:\Experiments\PTT\Spheroids\13052025\15052025 before laser\Analysis\2025-05-15_100046_tube4_cropped_8bits2\5_1502_0_8bits.tiff;G:\Experiments\PTT\Spheroids\13052025\15052025 before laser\Analysis\2025-05-15_100046_tube4_segmentationDebug2\5_1502_0_segmented.tiff;4825.0;(65. 79);611.730009317398;0.648608683962898;78.3797218886821;0.162027081639078;0.3740801804723;823.831476619233;0.929027373500014;0.767519665903003;0.912286032509466;;;;;;;;;;;;;;;;;;;;;;;;;;;;;;;;;;;;;
4;Tube 4;515030.0;515030.0;0.0;1503.0;False;G:\Experiments\PTT\Spheroids\13052025\14052025\Analysis\2025-05-14_105634_tube4_cropped_8bits2\5_1503_0_8bits.tiff;G:\Experiments\PTT\Spheroids\13052025\14052025\Analysis\2025-05-14_105634_tube4_segmentationDebug2\5_1503_0_segmented.tiff;769.0;(139. 93);155.597978830337;0.774031202818319;31.2909125769981;0.399142801430552;0.538375183845391;44.8762264651284;0.982689153893716;0.961737733059885;0.931842018853124;;;;;;;;;;;;;;;;;;;;;;;;;;;;;;;;;;;;;;;;;;;;;;;;;;;;;;
4;Tube 4;611010.0;;;;;;;;;;;;;;;;;;611010.0;0.0;1101.0;False;G:\Experiments\PTT\Spheroids\13052025\15052025 before laser\Analysis\2025-05-15_100046_tube4_cropped_8bits2\6_1101_0_8bits.tiff;G:\Experiments\PTT\Spheroids\13052025\15052025 before laser\Analysis\2025-05-15_100046_tube4_segmentationDebug2\6_1101_0_segmented.tiff;2288.5;(71. 81);280.124890446662;0.815573770491803;53.9797063545775;0.366485993609251;0.852153214477819;1006.94747391175;0.950247036104471;0.888678094171946;0.881815975920286;;;;;;;;;;;;;;;;;;;;;;;;;;;;;;;;;;;;;
4;Tube 4;613010.0;613010.0;0.0;1301.0;False;G:\Experiments\PTT\Spheroids\13052025\14052025\Analysis\2025-05-14_105634_tube4_cropped_8bits2\6_1301_0_8bits.tiff;G:\Experiments\PTT\Spheroids\13052025\14052025\Analysis\2025-05-14_105634_tube4_segmentationDebug2\6_1301_0_segmented.tiff;3345.0;(79. 68);305.681239247322;0.840452261306532;65.2609092576798;0.449850715376771;0.911593181436768;1102.78732911412;0.934300719568673;0.84061398360681;0.89005884211517;;;;;;;;;;;;;;;;;;;;;;;;;;;;;;;;;;;;;;;;;;;;;;;;;;;;;;
4;Tube 4;708010.0;;;;;;;;;;;;;;;;;;;;;;;;;;;;;;;;;;;708010.0;0.0;801.0;False;G:\Experiments\PTT\Spheroids\13052025\15052025 after laser\Analysis\2025-05-15_165329_tube4_cropped_8bits2\7_0801_0_8bits.tiff;G:\Experiments\PTT\Spheroids\13052025\15052025 after laser\Analysis\2025-05-15_165329_tube4_segmentationDebug2\7_0801_0_segmented.tiff;459.0;(120. 95);105.941124796867;0.826282628262826;24.1747171862141;0.513917480755742;0.700075192877275;610.848425912405;0.99029288556679;0.976127185970377;0.901195780195591;82.9735758598111;44.0;Alive;;;;;;;;;;;;;;;;;
4;Tube 4;709010.0;709010.0;0.0;901.0;False;G:\Experiments\PTT\Spheroids\13052025\14052025\Analysis\2025-05-14_105634_tube4_cropped_8bits2\7_0901_0_8bits.tiff;G:\Experiments\PTT\Spheroids\13052025\14052025\Analysis\2025-05-14_105634_tube4_segmentationDebug2\7_0901_0_segmented.tiff;3215.0;(67. 73);392.308655858039;0.707837956847203;63.9801933126459;0.262503477066077;0.656109804276143;909.73871931346;0.928999340624883;0.843553547423599;0.893068961714764;;;;;;;;;;;;;;;;;;;;;;;;;;;;;;;;;;;;;;;;;;;;;;;;;;;;;;
4;Tube 4;806010.0;806010.0;0.0;601.0;True;G:\Experiments\PTT\Spheroids\13052025\14052025\Analysis\2025-05-14_105634_tube4_cropped_8bits2\8_0601_0_8bits.tiff;G:\Experiments\PTT\Spheroids\13052025\14052025\Analysis\2025-05-14_105634_tube4_segmentationDebug2\8_0601_0_segmented.tiff;3612.5;(70. 76);283.23758816719;0.893298714144411;67.8201876682435;0.565869054627928;0.900744602506332;1072.19104825779;0.935834590425131;0.829917209882632;0.900703225665047;806010.0;0.0;601.0;False;G:\Experiments\PTT\Spheroids\13052025\15052025 before laser\Analysis\2025-05-15_100046_tube4_cropped_8bits2\8_0601_0_8bits.tiff;G:\Experiments\PTT\Spheroids\13052025\15052025 before laser\Analysis\2025-05-15_100046_tube4_segmentationDebug2\8_0601_0_segmented.tiff;3137.5;(84. 87);351.722869515419;0.778053316800992;63.2043437716631;0.318707573029427;0.787569523257471;805.050402157441;0.938728389401675;0.848796039844071;0.901813371421764;;;;;;;;;;;;;;;;;;;;;;;;;;;;;;;;;;;;;
4;Tube 4;806011.0;806011.0;0.0;601.0;True;G:\Experiments\PTT\Spheroids\13052025\14052025\Analysis\2025-05-14_105634_tube4_cropped_8bits2\8_0601_1_8bits.tiff;G:\Experiments\PTT\Spheroids\13052025\14052025\Analysis\2025-05-14_105634_tube4_segmentationDebug2\8_0601_1_segmented.tiff;6122.0;(74. 77);645.019332647323;0.693907622555964;88.2880087716823;0.18490886213235;0.763908236166259;302.630988708427;0.868084678385194;0.707061884395905;0.931223003565775;;;;;;;;;;;;;;;;;;;;;;;;;;;;;;;;;;;;;;;;;;;;;;;;;;;;;;
4;Tube 4;902020.0;;;;;;;;;;;;;;;;;;902020.0;0.0;202.0;False;G:\Experiments\PTT\Spheroids\13052025\15052025 before laser\Analysis\2025-05-15_100046_tube4_cropped_8bits2\9_0202_0_8bits.tiff;G:\Experiments\PTT\Spheroids\13052025\15052025 before laser\Analysis\2025-05-15_100046_tube4_segmentationDebug2\9_0202_0_segmented.tiff;2248.0;(75. 83);345.82337462902;0.687882496940024;53.4999298743899;0.236209566214436;0.68328842489827;797.408319345931;0.956353588706687;0.888898072048916;0.894630738986562;;;;;;;;;;;;;;;;;;;;;;;;;;;;;;;;;;;;;
4;Tube 4;903010.0;903010.0;0.0;301.0;True;G:\Experiments\PTT\Spheroids\13052025\14052025\Analysis\2025-05-14_105634_tube4_cropped_8bits2\9_0301_0_8bits.tiff;G:\Experiments\PTT\Spheroids\13052025\14052025\Analysis\2025-05-14_105634_tube4_segmentationDebug2\9_0301_0_segmented.tiff;7597.0;(73. 92);847.102593064308;0.607419844886863;98.3503981758743;0.13303930519895;0.591082835184279;408.623456909918;0.824789421392691;0.635169502167052;0.900501556477431;;;;;;;;;;;;;;;;;;;;;;;;;;;;;;;;;;;;;;;;;;;;;;;;;;;;;;
4;Tube 4;903011.0;903011.0;0.0;301.0;True;G:\Experiments\PTT\Spheroids\13052025\14052025\Analysis\2025-05-14_105634_tube4_cropped_8bits2\9_0301_1_8bits.tiff;G:\Experiments\PTT\Spheroids\13052025\14052025\Analysis\2025-05-14_105634_tube4_segmentationDebug2\9_0301_1_segmented.tiff;6538.0;(75. 83);747.303603291511;0.695753964031073;91.2383699080518;0.147116243720726;0.721364755759297;262.938742021336;0.852723681998028;0.68509571310145;0.92195861308496;;;;;;;;;;;;;;;;;;;;;;;;;;;;;;;;;;;;;;;;;;;;;;;;;;;;;;
4;Tube 5;1002050.0;;;;;;;;;;;;;;;;;;1002050.0;0.0;205.0;False;G:\Experiments\PTT\Spheroids\13052025\15052025 before laser\Analysis\2025-05-15_101327_tube5_cropped_8bits2\10_0205_0_8bits.tiff;G:\Experiments\PTT\Spheroids\13052025\15052025 before laser\Analysis\2025-05-15_101327_tube5_segmentationDebug2\10_0205_0_segmented.tiff;7738.5;(93. 67);682.090400457382;0.751274209989806;99.2620985922273;0.209017561176987;0.74765704786597;438.200314454372;0.88114911016577;0.638375525660824;0.921703492475619;1002050.0;1.0;205.0;False;G:\Experiments\PTT\Spheroids\13052025\15052025 after laser\Analysis\2025-05-15_164308_tube5_cropped_8bits2\10_0205_0_8bits.tiff;G:\Experiments\PTT\Spheroids\13052025\15052025 after laser\Analysis\2025-05-15_164308_tube5_segmentationDebug2\10_0205_0_segmented.tiff;2025.0;(77. 74);271.195958018302;0.742302052785923;50.777062519298;0.345993919673843;0.87987000796216;716.255015837886;0.954057031336586;0.900532286634579;0.889816456456955;7.907265806208174;37.0;Dead;0.0;1.0;0.0;;;;-5713.5;;-410.89444243907997;-0.008972157203883002;-48.485036072929304;0.13697635849685602;0.13221296009619;278.05470138351404;0.07290792117081601;0.26215676097375495;-0.03188703601866405
4;Tube 5;104050.0;104050.0;0.0;405.0;False;G:\Experiments\PTT\Spheroids\13052025\14052025\Analysis\2025-05-14_110659_tube5_cropped_8bits2\1_0405_0_8bits.tiff;G:\Experiments\PTT\Spheroids\13052025\14052025\Analysis\2025-05-14_110659_tube5_segmentationDebug2\1_0405_0_segmented.tiff;583.5;(40. 117);157.154327630996;0.638053581191908;27.2568390381747;0.29689168505874;0.531103851560796;556.570924157642;0.98523280899753;0.968788850061448;0.881935466922617;;;;;;;;;;;;;;;;;;;;;;;;;;;;;;;;;;;;;;;;;;;;;;;;;;;;;;
4;Tube 5;104050.0;104050.0;1.0;405.0;False;G:\Experiments\PTT\Spheroids\13052025\14052025\Analysis\2025-05-14_110659_tube5_cropped_8bits2\1_0405_0_8bits.tiff;G:\Experiments\PTT\Spheroids\13052025\14052025\Analysis\2025-05-14_110659_tube5_segmentationDebug2\1_0405_0_segmented.tiff;4619.0;(72. 67);418.107644796371;0.813562307353588;76.6882876137661;0.332033275321754;0.734396471878436;1053.41053041333;0.923001612237554;0.78145630051967;0.904359227998959;;;;;;;;;;;;;;;;;;;;;;;;;;;;;;;;;;;;;;;;;;;;;;;;;;;;;;
4;Tube 5;106050.0;;;;;;;;;;;;;;;;;;106050.0;0.0;605.0;False;G:\Experiments\PTT\Spheroids\13052025\15052025 before laser\Analysis\2025-05-15_101327_tube5_cropped_8bits2\1_0605_0_8bits.tiff;G:\Experiments\PTT\Spheroids\13052025\15052025 before laser\Analysis\2025-05-15_101327_tube5_segmentationDebug2\1_0605_0_segmented.tiff;4311.5;(69. 88);572.433545947074;0.625353542678946;74.0916479579557;0.16534387115637;0.625056279165127;490.616209334669;0.922324930105707;0.789275617880685;0.913922207876208;;;;;;;;;;;;;;;;;;;;;;;;;;;;;;;;;;;;;
4;Tube 5;1102071.0;1102071.0;0.0;207.0;True;G:\Experiments\PTT\Spheroids\13052025\14052025\Analysis\2025-05-14_110659_tube5_cropped_8bits2\11_0207_1_8bits.tiff;G:\Experiments\PTT\Spheroids\13052025\14052025\Analysis\2025-05-14_110659_tube5_segmentationDebug2\11_0207_1_segmented.tiff;4790.5;(64. 68);645.806129455566;0.688488071284852;78.0990015240514;0.144339894389405;0.742669083099273;266.856042240591;0.893848896293977;0.765822337150552;0.920920143841913;;;;;;;;;;;;;;;;;;;;;;;;;;;;;;;;;;;;;;;;;;;;;;;;;;;;;;
4;Tube 5;1102080.0;;;;;;;;;;;;;;;;;;1102080.0;0.0;208.0;False;G:\Experiments\PTT\Spheroids\13052025\15052025 before laser\Analysis\2025-05-15_101327_tube5_cropped_8bits2\11_0208_0_8bits.tiff;G:\Experiments\PTT\Spheroids\13052025\15052025 before laser\Analysis\2025-05-15_101327_tube5_segmentationDebug2\11_0208_0_segmented.tiff;3128.0;(86. 72);377.82337462902;0.731867103416003;63.1085833776324;0.275358801660461;0.668077460542535;862.338527828578;0.951030405083938;0.848167058974075;0.889634537344311;1102080.0;0.0;208.0;False;G:\Experiments\PTT\Spheroids\13052025\15052025 after laser\Analysis\2025-05-15_164308_tube5_cropped_8bits2\11_0208_0_8bits.tiff;G:\Experiments\PTT\Spheroids\13052025\15052025 after laser\Analysis\2025-05-15_164308_tube5_segmentationDebug2\11_0208_0_segmented.tiff;3192.0;(81. 75);276.166520476341;0.854275391409072;63.7509264779315;0.525933325361434;0.831397630720128;802.943146250388;0.942507415599875;0.848356404291386;0.904243413401191;50.8173615812312;37.0;Alive;0.0;0.0;0.0;;;;64.0;;-101.65685415267899;0.12240828799306902;0.6423431002991009;0.250574523700973;0.16332017017759293;-59.39538157818993;-0.008522989484062937;0.00018934531731107374;0.014608876056879994
4;Tube 5;1202100.0;;;;;;;;;;;;;;;;;;1202100.0;0.0;210.0;False;G:\Experiments\PTT\Spheroids\13052025\15052025 before laser\Analysis\2025-05-15_101327_tube5_cropped_8bits2\12_0210_0_8bits.tiff;G:\Experiments\PTT\Spheroids\13052025\15052025 before laser\Analysis\2025-05-15_101327_tube5_segmentationDebug2\12_0210_0_segmented.tiff;3290.0;(67. 72);389.62236392498;0.722600483197891;64.7221608274838;0.27234412304898;0.884365711985796;579.021900222214;0.949359315524337;0.840909240986061;0.920410621912895;;;;;;;;;;;;;;;;;;;;;;;;;;;;;;;;;;;;;
4;Tube 5;1202110.0;1202110.0;0.0;211.0;False;G:\Experiments\PTT\Spheroids\13052025\14052025\Analysis\2025-05-14_110659_tube5_cropped_8bits2\12_0211_0_8bits.tiff;G:\Experiments\PTT\Spheroids\13052025\14052025\Analysis\2025-05-14_110659_tube5_segmentationDebug2\12_0211_0_segmented.tiff;5135.0;(64. 78);428.450791001319;0.808788785635533;80.8584260433942;0.351518684286046;0.634892403300964;677.754873659068;0.931034328567688;0.760242506756213;0.892339444862638;;;;;;;;;;;;;;;;;;1202110.0;0.0;211.0;False;G:\Experiments\PTT\Spheroids\13052025\15052025 after laser\Analysis\2025-05-15_164308_tube5_cropped_8bits2\12_0211_0_8bits.tiff;G:\Experiments\PTT\Spheroids\13052025\15052025 after laser\Analysis\2025-05-15_164308_tube5_segmentationDebug2\12_0211_0_segmented.tiff;2504.5;(74. 80);409.036577820777;0.646906883636833;56.4697125881584;0.188107714836096;0.894283691201273;579.219001800879;0.95365221827251;0.874919927799371;0.900290052821734;81.18126227707059;37.0;Alive;;;;;;;;;;;;;;;;;
4;Tube 5;1302120.0;1302120.0;0.0;212.0;False;G:\Experiments\PTT\Spheroids\13052025\14052025\Analysis\2025-05-14_110659_tube5_cropped_8bits2\13_0212_0_8bits.tiff;G:\Experiments\PTT\Spheroids\13052025\14052025\Analysis\2025-05-14_110659_tube5_segmentationDebug2\13_0212_0_segmented.tiff;3514.5;(67. 91);373.521858572959;0.730285714285714;66.8939487545153;0.316549307582966;0.858850433973167;897.700337412349;0.958869213724642;0.832116799218115;0.89575341119578;;;;;;;;;;;;;;;;;;;;;;;;;;;;;;;;;;;;;;;;;;;;;;;;;;;;;;
4;Tube 5;1302130.0;;;;;;;;;;;;;;;;;;1302130.0;0.0;213.0;False;G:\Experiments\PTT\Spheroids\13052025\15052025 before laser\Analysis\2025-05-15_101327_tube5_cropped_8bits2\13_0213_0_8bits.tiff;G:\Experiments\PTT\Spheroids\13052025\15052025 before laser\Analysis\2025-05-15_101327_tube5_segmentationDebug2\13_0213_0_segmented.tiff;1993.5;(69. 67);251.781744360923;0.778558875219683;50.3805818984809;0.395164232082458;0.845884825792091;677.02233874551;0.966429699498156;0.902701186610416;0.907494463947614;;;;;;;;;;;;;;;;;;;;;;;;;;;;;;;;;;;;;
4;Tube 5;1402160.0;1402160.0;0.0;216.0;False;G:\Experiments\PTT\Spheroids\13052025\14052025\Analysis\2025-05-14_110659_tube5_cropped_8bits2\14_0216_0_8bits.tiff;G:\Experiments\PTT\Spheroids\13052025\14052025\Analysis\2025-05-14_110659_tube5_segmentationDebug2\14_0216_0_segmented.tiff;4517.5;(73. 71);440.007140040397;0.795754800070459;75.8410155742992;0.293216616148517;0.458690057757526;823.563192256986;0.932004227057997;0.785935506490479;0.8922019585053;1402160.0;0.0;216.0;False;G:\Experiments\PTT\Spheroids\13052025\15052025 before laser\Analysis\2025-05-15_101327_tube5_cropped_8bits2\14_0216_0_8bits.tiff;G:\Experiments\PTT\Spheroids\13052025\15052025 before laser\Analysis\2025-05-15_101327_tube5_segmentationDebug2\14_0216_0_segmented.tiff;4263.0;(72. 74);446.735061407089;0.756991920447482;73.6737414497594;0.268426333318736;0.550955514005564;804.285433079403;0.929097565797447;0.795717592488114;0.897589747309341;;;;;;;;;;;;;;;;;;;;;;;;;;;;;;;;;;;;;
4;Tube 5;1502190.0;1502190.0;0.0;219.0;False;G:\Experiments\PTT\Spheroids\13052025\14052025\Analysis\2025-05-14_110659_tube5_cropped_8bits2\15_0219_0_8bits.tiff;G:\Experiments\PTT\Spheroids\13052025\14052025\Analysis\2025-05-14_110659_tube5_segmentationDebug2\15_0219_0_segmented.tiff;5204.5;(82. 78);385.178713083267;0.845366685616827;81.4037788470176;0.44082307659197;0.930901345450052;788.165020325889;0.919975296891838;0.756871036800102;0.885848926174806;1502190.0;0.0;219.0;False;G:\Experiments\PTT\Spheroids\13052025\15052025 before laser\Analysis\2025-05-15_101327_tube5_cropped_8bits2\15_0219_0_8bits.tiff;G:\Experiments\PTT\Spheroids\13052025\15052025 before laser\Analysis\2025-05-15_101327_tube5_segmentationDebug2\15_0219_0_segmented.tiff;812.0;(130. 93);151.112697839736;0.783027965284474;32.1538568499169;0.446852276611887;0.596494196956543;114.65178766078;0.984371124442186;0.959562421022231;0.941542814318825;;;;;;;;;;;;;;;;;;;;;;;;;;;;;;;;;;;;;
4;Tube 5;1502190.0;1502190.0;0.0;219.0;False;G:\Experiments\PTT\Spheroids\13052025\14052025\Analysis\2025-05-14_110659_tube5_cropped_8bits2\15_0219_0_8bits.tiff;G:\Experiments\PTT\Spheroids\13052025\14052025\Analysis\2025-05-14_110659_tube5_segmentationDebug2\15_0219_0_segmented.tiff;5204.5;(82. 78);385.178713083267;0.845366685616827;81.4037788470176;0.44082307659197;0.930901345450052;788.165020325889;0.919975296891838;0.756871036800102;0.885848926174806;1502190.0;1.0;219.0;False;G:\Experiments\PTT\Spheroids\13052025\15052025 before laser\Analysis\2025-05-15_101327_tube5_cropped_8bits2\15_0219_0_8bits.tiff;G:\Experiments\PTT\Spheroids\13052025\15052025 before laser\Analysis\2025-05-15_101327_tube5_segmentationDebug2\15_0219_0_segmented.tiff;2650.0;(58. 79);258.509666323661;0.847864341705327;58.0868728160518;0.498312938697736;0.739484606445381;715.351687185778;0.968332962292062;0.873708780725596;0.92648048917705;;;;;;;;;;;;;;;;;;;;;;;;;;;;;;;;;;;;;
4;Tube 5;1602220.0;1602220.0;0.0;222.0;False;G:\Experiments\PTT\Spheroids\13052025\14052025\Analysis\2025-05-14_110659_tube5_cropped_8bits2\16_0222_0_8bits.tiff;G:\Experiments\PTT\Spheroids\13052025\14052025\Analysis\2025-05-14_110659_tube5_segmentationDebug2\16_0222_0_segmented.tiff;4850.5;(84. 74);406.693431854248;0.793927489974629;78.586566356712;0.368520842900227;0.848649077835517;816.560637604776;0.920824449874272;0.771626296091237;0.882109872214256;1602220.0;0.0;222.0;False;G:\Experiments\PTT\Spheroids\13052025\15052025 before laser\Analysis\2025-05-15_101327_tube5_cropped_8bits2\16_0222_0_8bits.tiff;G:\Experiments\PTT\Spheroids\13052025\15052025 before laser\Analysis\2025-05-15_101327_tube5_segmentationDebug2\16_0222_0_segmented.tiff;5660.0;(86. 74);562.877197384834;0.735877267113046;84.8913177138923;0.224491025796229;0.95409169506529;651.684666288058;0.890876557614196;0.730332159181636;0.905948555400168;;;;;;;;;;;;;;;;;;;;;;;;;;;;;;;;;;;;;
4;Tube 5;1603240.0;;;;;;;;;;;;;;;;;;;;;;;;;;;;;;;;;;;1603240.0;0.0;324.0;False;G:\Experiments\PTT\Spheroids\13052025\15052025 after laser\Analysis\2025-05-15_164308_tube5_cropped_8bits2\16_0324_0_8bits.tiff;G:\Experiments\PTT\Spheroids\13052025\15052025 after laser\Analysis\2025-05-15_164308_tube5_segmentationDebug2\16_0324_0_segmented.tiff;7127.0;(68. 85);583.362478375434;0.784566270365477;95.2595309421976;0.263171974414052;0.926783969796091;532.579001057316;0.88132159330517;0.666940473478241;0.905434377985222;23.152474280577536;62.0;Dead;;;;;;;;;;;;;;;;;
4;Tube 5;1703240.0;1703240.0;0.0;324.0;False;G:\Experiments\PTT\Spheroids\13052025\14052025\Analysis\2025-05-14_110659_tube5_cropped_8bits2\17_0324_0_8bits.tiff;G:\Experiments\PTT\Spheroids\13052025\14052025\Analysis\2025-05-14_110659_tube5_segmentationDebug2\17_0324_0_segmented.tiff;4576.5;(74. 64);519.806129574775;0.653458984793317;76.3346630075778;0.212843571573252;0.842047544239298;860.209117269728;0.906981727730971;0.778791241981862;0.886380465375915;;;;;;;;;;;;;;;;;;;;;;;;;;;;;;;;;;;;;;;;;;;;;;;;;;;;;;
4;Tube 5;1705240.0;;;;;;;;;;;;;;;;;;1705240.0;0.0;524.0;False;G:\Experiments\PTT\Spheroids\13052025\15052025 before laser\Analysis\2025-05-15_101327_tube5_cropped_8bits2\17_0524_0_8bits.tiff;G:\Experiments\PTT\Spheroids\13052025\15052025 before laser\Analysis\2025-05-15_101327_tube5_segmentationDebug2\17_0524_0_segmented.tiff;2816.5;(68. 62);412.693431735038;0.702018943170488;59.883880783952;0.207809073381407;0.621088460077674;964.968392948659;0.950321015466676;0.860230495735446;0.882206847619734;;;;;;;;;;;;;;;;;;;;;;;;;;;;;;;;;;;;;
4;Tube 5;1808240.0;;;;;;;;;;;;;;;;;;1808240.0;0.0;824.0;False;G:\Experiments\PTT\Spheroids\13052025\15052025 before laser\Analysis\2025-05-15_101327_tube5_cropped_8bits2\18_0824_0_8bits.tiff;G:\Experiments\PTT\Spheroids\13052025\15052025 before laser\Analysis\2025-05-15_101327_tube5_segmentationDebug2\18_0824_0_segmented.tiff;4625.0;(77. 83);606.534051299095;0.674296544685814;76.7380798196053;0.15798331629839;0.545667622382438;566.032225905857;0.916071550608952;0.773576993843509;0.895186748174471;;;;;;;;;;;;;;;;;;;;;;;;;;;;;;;;;;;;;
4;Tube 5;1909240.0;1909240.0;0.0;924.0;False;G:\Experiments\PTT\Spheroids\13052025\14052025\Analysis\2025-05-14_110659_tube5_cropped_8bits2\19_0924_0_8bits.tiff;G:\Experiments\PTT\Spheroids\13052025\14052025\Analysis\2025-05-14_110659_tube5_segmentationDebug2\19_0924_0_segmented.tiff;4209.0;(72. 58);617.220343112945;0.628162077456906;73.2056366941118;0.138837992830398;0.622791723045031;950.586689756246;0.920854948549968;0.792515506593355;0.888286220261559;;;;;;;;;;;;;;;;;;;;;;;;;;;;;;;;;;;;;;;;;;;;;;;;;;;;;;
4;Tube 5;1911240.0;;;;;;;;;;;;;;;;;;1911240.0;0.0;1124.0;False;G:\Experiments\PTT\Spheroids\13052025\15052025 before laser\Analysis\2025-05-15_101327_tube5_cropped_8bits2\19_1124_0_8bits.tiff;G:\Experiments\PTT\Spheroids\13052025\15052025 before laser\Analysis\2025-05-15_101327_tube5_segmentationDebug2\19_1124_0_segmented.tiff;1952.0;(60. 107);405.4802287817;0.56221198156682;49.853421059372;0.149193640586687;0.632641000251872;135.927708852392;0.95787777919132;0.899636992968139;0.911788248198024;;;;;;;;;;;;;;;;;;;;;;;;;;;;;;;;;;;;;
4;Tube 5;1911240.0;;;;;;;;;;;;;;;;;;1911240.0;1.0;1124.0;False;G:\Experiments\PTT\Spheroids\13052025\15052025 before laser\Analysis\2025-05-15_101327_tube5_cropped_8bits2\19_1124_0_8bits.tiff;G:\Experiments\PTT\Spheroids\13052025\15052025 before laser\Analysis\2025-05-15_101327_tube5_segmentationDebug2\19_1124_0_segmented.tiff;2627.5;(73. 48);352.89444231987;0.694462798995639;57.839751934043;0.265132490390443;0.743742264709508;790.315376064495;0.956367028706862;0.871589215577773;0.905904867883875;;;;;;;;;;;;;;;;;;;;;;;;;;;;;;;;;;;;;
4;Tube 5;2012240.0;2012240.0;0.0;1224.0;False;G:\Experiments\PTT\Spheroids\13052025\14052025\Analysis\2025-05-14_110659_tube5_cropped_8bits2\20_1224_0_8bits.tiff;G:\Experiments\PTT\Spheroids\13052025\14052025\Analysis\2025-05-14_110659_tube5_segmentationDebug2\20_1224_0_segmented.tiff;5104.0;(72. 63);731.989894986152;0.537857632119711;80.6139853643787;0.119704467288259;0.838055391625822;774.70053421493;0.90236244101498;0.750116730735818;0.904213811379304;2012240.0;0.0;1224.0;False;G:\Experiments\PTT\Spheroids\13052025\15052025 before laser\Analysis\2025-05-15_101327_tube5_cropped_8bits2\20_1224_0_8bits.tiff;G:\Experiments\PTT\Spheroids\13052025\15052025 before laser\Analysis\2025-05-15_101327_tube5_segmentationDebug2\20_1224_0_segmented.tiff;3572.5;(66. 74);522.634556293487;0.596510268826181;67.44366740893;0.164356111675657;0.604823000469768;647.116776481624;0.939597126331591;0.824162001107116;0.905341922309423;;;;;;;;;;;;;;;;;;;;;;;;;;;;;;;;;;;;;
4;Tube 5;209050.0;;;;;;;;;;;;;;;;;;209050.0;0.0;905.0;False;G:\Experiments\PTT\Spheroids\13052025\15052025 before laser\Analysis\2025-05-15_101327_tube5_cropped_8bits2\2_0905_0_8bits.tiff;G:\Experiments\PTT\Spheroids\13052025\15052025 before laser\Analysis\2025-05-15_101327_tube5_segmentationDebug2\2_0905_0_segmented.tiff;8986.0;(78. 93);629.646748542785;0.818807234953756;106.964155439989;0.284827782168347;0.755516234597615;207.465465719241;0.833751402342984;0.582675893780856;0.915038405432361;209050.0;0.0;905.0;False;G:\Experiments\PTT\Spheroids\13052025\15052025 after laser\Analysis\2025-05-15_164308_tube5_cropped_8bits2\2_0905_0_8bits.tiff;G:\Experiments\PTT\Spheroids\13052025\15052025 after laser\Analysis\2025-05-15_164308_tube5_segmentationDebug2\2_0905_0_segmented.tiff;3673.5;(76. 55);294.267025828361;0.868337075995745;68.3903901698522;0.533097576902276;0.829634364292618;988.267810998571;0.93142968810423;0.800590136528157;0.9013359242791;47.48576692154882;74.0;Dead;0.0;0.0;0.0;;;;-5312.5;;-335.37972271442396;0.04952984104198899;-38.5737652701368;0.24826979473392902;0.07411812969500309;780.80234527933;0.09767828576124604;0.21791424274730098;-0.013702481153261004
4;Tube 5;311050.0;311050.0;0.0;1105.0;False;G:\Experiments\PTT\Spheroids\13052025\14052025\Analysis\2025-05-14_110659_tube5_cropped_8bits2\3_1105_0_8bits.tiff;G:\Experiments\PTT\Spheroids\13052025\14052025\Analysis\2025-05-14_110659_tube5_segmentationDebug2\3_1105_0_segmented.tiff;3783.5;(73. 79);399.521859169006;0.770099735395888;69.4067850970313;0.297867081578662;0.796630966602985;982.5969844397;0.931784207990967;0.81863484208129;0.890293611073867;;;;;;;;;;;;;;;;;;;;;;;;;;;;;;;;;;;;;;;;;;;;;;;;;;;;;;
4;Tube 5;312050.0;;;;;;;;;;;;;;;;;;312050.0;0.0;1205.0;False;G:\Experiments\PTT\Spheroids\13052025\15052025 before laser\Analysis\2025-05-15_101327_tube5_cropped_8bits2\3_1205_0_8bits.tiff;G:\Experiments\PTT\Spheroids\13052025\15052025 before laser\Analysis\2025-05-15_101327_tube5_segmentationDebug2\3_1205_0_segmented.tiff;9176.5;(74. 90);794.173660635948;0.738016728325559;108.092010260991;0.18283358476699;0.670145503240568;248.572659233103;0.837950236476569;0.571344704365501;0.911859592010452;;;;;;;;;;;;;;;;;;;;;;;;;;;;;;;;;;;;;
4;Tube 5;415040.0;415040.0;0.0;1504.0;False;G:\Experiments\PTT\Spheroids\13052025\14052025\Analysis\2025-05-14_110659_tube5_cropped_8bits2\4_1504_0_8bits.tiff;G:\Experiments\PTT\Spheroids\13052025\14052025\Analysis\2025-05-14_110659_tube5_segmentationDebug2\4_1504_0_segmented.tiff;11301.5;(64. 80);738.232535600662;0.752405046436536;119.956311692317;0.260591106601862;0.606704326812525;535.912731777151;0.788547654946391;0.484782704547563;0.879482037853838;415040.0;0.0;1504.0;False;G:\Experiments\PTT\Spheroids\13052025\15052025 before laser\Analysis\2025-05-15_101327_tube5_cropped_8bits2\4_1504_0_8bits.tiff;G:\Experiments\PTT\Spheroids\13052025\15052025 before laser\Analysis\2025-05-15_101327_tube5_segmentationDebug2\4_1504_0_segmented.tiff;7324.5;(64. 75);589.462983846664;0.781613488421726;96.5704046041679;0.264895616138681;0.629609200153039;437.406318277551;0.845670386759087;0.655905494318114;0.909782411298579;;;;;;;;;;;;;;;;;;;;;;;;;;;;;;;;;;;;;
4;Tube 5;515020.0;515020.0;0.0;1502.0;True;G:\Experiments\PTT\Spheroids\13052025\14052025\Analysis\2025-05-14_110659_tube5_cropped_8bits2\5_1502_0_8bits.tiff;G:\Experiments\PTT\Spheroids\13052025\14052025\Analysis\2025-05-14_110659_tube5_segmentationDebug2\5_1502_0_segmented.tiff;4990.5;(66. 77);583.605119347572;0.66584389593062;79.7126210082244;0.184126262742099;0.643901606265026;885.523505248271;0.908991336222819;0.759268406118327;0.893398491054988;515020.0;0.0;1502.0;False;G:\Experiments\PTT\Spheroids\13052025\15052025 before laser\Analysis\2025-05-15_101327_tube5_cropped_8bits2\5_1502_0_8bits.tiff;G:\Experiments\PTT\Spheroids\13052025\15052025 before laser\Analysis\2025-05-15_101327_tube5_segmentationDebug2\5_1502_0_segmented.tiff;3948.0;(74. 60);490.592926621437;0.718079301564205;70.8995749113802;0.206131537936882;0.719976550639095;874.178055368544;0.932091325945885;0.808416944867371;0.890362222572798;;;;;;;;;;;;;;;;;;;;;;;;;;;;;;;;;;;;;
4;Tube 5;515021.0;515021.0;0.0;1502.0;True;G:\Experiments\PTT\Spheroids\13052025\14052025\Analysis\2025-05-14_110659_tube5_cropped_8bits2\5_1502_1_8bits.tiff;G:\Experiments\PTT\Spheroids\13052025\14052025\Analysis\2025-05-14_110659_tube5_segmentationDebug2\5_1502_1_segmented.tiff;7253.0;(82. 77);682.333040714263;0.757533030445454;96.097900174583;0.195764859977625;0.700670341872908;370.117434357315;0.836952758938393;0.657606746874624;0.922138249806809;;;;;;;;;;;;;;;;;;;;;;;;;;;;;;;;;;;;;;;;;;;;;;;;;;;;;;
4;Tube 5;612010.0;;;;;;;;;;;;;;;;;;612010.0;0.0;1201.0;False;G:\Experiments\PTT\Spheroids\13052025\15052025 before laser\Analysis\2025-05-15_101327_tube5_cropped_8bits2\6_1201_0_8bits.tiff;G:\Experiments\PTT\Spheroids\13052025\15052025 before laser\Analysis\2025-05-15_101327_tube5_segmentationDebug2\6_1201_0_segmented.tiff;840.5;(84. 129);193.497473716735;0.657925636007827;32.7132669929174;0.282096035811356;0.694136509592195;56.0820556604587;0.97743737677514;0.956050588753275;0.910236863565195;;;;;;;;;;;;;;;;;;;;;;;;;;;;;;;;;;;;;
4;Tube 5;612010.0;;;;;;;;;;;;;;;;;;612010.0;1.0;1201.0;False;G:\Experiments\PTT\Spheroids\13052025\15052025 before laser\Analysis\2025-05-15_101327_tube5_cropped_8bits2\6_1201_0_8bits.tiff;G:\Experiments\PTT\Spheroids\13052025\15052025 before laser\Analysis\2025-05-15_101327_tube5_segmentationDebug2\6_1201_0_segmented.tiff;3170.0;(78. 61);374.308655858039;0.737295034306314;63.5308535816296;0.284321293152617;0.598674157802726;860.983434515805;0.93327890061889;0.846016679346071;0.887146676042009;;;;;;;;;;;;;;;;;;;;;;;;;;;;;;;;;;;;;
4;Tube 5;613010.0;613010.0;0.0;1301.0;False;G:\Experiments\PTT\Spheroids\13052025\14052025\Analysis\2025-05-14_110659_tube5_cropped_8bits2\6_1301_0_8bits.tiff;G:\Experiments\PTT\Spheroids\13052025\14052025\Analysis\2025-05-14_110659_tube5_segmentationDebug2\6_1301_0_segmented.tiff;3946.0;(66. 69);384.936071872711;0.736125361440164;70.8816142841354;0.334649148703082;0.841746703187873;803.263013181775;0.928736273590612;0.812029822588615;0.912373012377357;;;;;;;;;;;;;;;;;;;;;;;;;;;;;;;;;;;;;;;;;;;;;;;;;;;;;;
4;Tube 5;709010.0;709010.0;0.0;901.0;True;G:\Experiments\PTT\Spheroids\13052025\14052025\Analysis\2025-05-14_110659_tube5_cropped_8bits2\7_0901_0_8bits.tiff;G:\Experiments\PTT\Spheroids\13052025\14052025\Analysis\2025-05-14_110659_tube5_segmentationDebug2\7_0901_0_segmented.tiff;3774.5;(71. 69);444.693431615829;0.723500095840521;69.324185257404;0.239854496392746;0.827221184108015;952.158499214437;0.932546841214823;0.804944690954392;0.885060524936111;709010.0;0.0;901.0;False;G:\Experiments\PTT\Spheroids\13052025\15052025 before laser\Analysis\2025-05-15_101327_tube5_cropped_8bits2\7_0901_0_8bits.tiff;G:\Experiments\PTT\Spheroids\13052025\15052025 before laser\Analysis\2025-05-15_101327_tube5_segmentationDebug2\7_0901_0_segmented.tiff;2158.0;(79. 58);238.994947791099;0.844122824173674;52.4180401916981;0.474770650440826;0.596887205377543;1024.17880085506;0.958951440636069;0.883250094765839;0.881710084375391;;;;;;;;;;;;;;;;;;;;;;;;;;;;;;;;;;;;;
4;Tube 5;709011.0;709011.0;0.0;901.0;True;G:\Experiments\PTT\Spheroids\13052025\14052025\Analysis\2025-05-14_110659_tube5_cropped_8bits2\7_0901_1_8bits.tiff;G:\Experiments\PTT\Spheroids\13052025\14052025\Analysis\2025-05-14_110659_tube5_segmentationDebug2\7_0901_1_segmented.tiff;7559.0;(75. 70);559.362478494644;0.78571799802505;98.1041167263285;0.30359005962871;0.797169790632299;328.413160716608;0.833209323785549;0.646641362367275;0.923275850575547;;;;;;;;;;;;;;;;;;;;;;;;;;;;;;;;;;;;;;;;;;;;;;;;;;;;;;
4;Tube 5;805010.0;;;;;;;;;;;;;;;;;;805010.0;0.0;501.0;False;G:\Experiments\PTT\Spheroids\13052025\15052025 before laser\Analysis\2025-05-15_101327_tube5_cropped_8bits2\8_0501_0_8bits.tiff;G:\Experiments\PTT\Spheroids\13052025\15052025 before laser\Analysis\2025-05-15_101327_tube5_segmentationDebug2\8_0501_0_segmented.tiff;2840.0;(74. 71);445.421353220939;0.636485880770954;60.1331880665565;0.179881349916491;0.541180038975036;721.928680743068;0.947121224343174;0.858610964414468;0.887417632301677;;;;;;;;;;;;;;;;;;;;;;;;;;;;;;;;;;;;;
4;Tube 5;806010.0;806010.0;0.0;601.0;True;G:\Experiments\PTT\Spheroids\13052025\14052025\Analysis\2025-05-14_110659_tube5_cropped_8bits2\8_0601_0_8bits.tiff;G:\Experiments\PTT\Spheroids\13052025\14052025\Analysis\2025-05-14_110659_tube5_segmentationDebug2\8_0601_0_segmented.tiff;3002.0;(75. 80);286.166520237922;0.818876159301691;61.8244701820804;0.460662549489448;0.895992036111249;743.379884140333;0.941609976909163;0.856797917277378;0.911028995148544;;;;;;;;;;;;;;;;;;;;;;;;;;;;;;;;;;;;;;;;;;;;;;;;;;;;;;
4;Tube 5;806011.0;806011.0;0.0;601.0;True;G:\Experiments\PTT\Spheroids\13052025\14052025\Analysis\2025-05-14_110659_tube5_cropped_8bits2\8_0601_1_8bits.tiff;G:\Experiments\PTT\Spheroids\13052025\14052025\Analysis\2025-05-14_110659_tube5_segmentationDebug2\8_0601_1_segmented.tiff;7255.0;(79. 67);690.877197384834;0.700526239559696;96.1111486616074;0.191005363691783;0.402628075365929;262.236545178757;0.847897916702905;0.655623766049623;0.920118894678828;;;;;;;;;;;;;;;;;;;;;;;;;;;;;;;;;;;;;;;;;;;;;;;;;;;;;;
4;Tube 5;902020.0;;;;;;;;;;;;;;;;;;902020.0;0.0;202.0;False;G:\Experiments\PTT\Spheroids\13052025\15052025 before laser\Analysis\2025-05-15_101327_tube5_cropped_8bits2\9_0202_0_8bits.tiff;G:\Experiments\PTT\Spheroids\13052025\15052025 before laser\Analysis\2025-05-15_101327_tube5_segmentationDebug2\9_0202_0_segmented.tiff;3640.5;(50. 83);469.320848226547;0.663658736669401;68.0825128987492;0.207697469625441;0.697050064667285;547.330399297937;0.929679721617819;0.822346648670804;0.904748510260622;;;;;;;;;;;;;;;;;;;;;;;;;;;;;;;;;;;;;
4;Tube 5;903011.0;903011.0;0.0;301.0;True;G:\Experiments\PTT\Spheroids\13052025\14052025\Analysis\2025-05-14_110659_tube5_cropped_8bits2\9_0301_1_8bits.tiff;G:\Experiments\PTT\Spheroids\13052025\14052025\Analysis\2025-05-14_110659_tube5_segmentationDebug2\9_0301_1_segmented.tiff;6116.5;(68. 81);716.575681686401;0.636770600176982;88.2483409213602;0.149688595359942;0.527730244296515;297.789657930148;0.870645958917396;0.705158322001115;0.922991599383585;;;;;;;;;;;;;;;;;;;;;;;;;;;;;;;;;;;;;;;;;;;;;;;;;;;;;;
4;Tube 6;1002030.0;1002030.0;0.0;203.0;False;G:\Experiments\PTT\Spheroids\13052025\14052025\Analysis\2025-05-14_111724_tube6_cropped_8bits2\10_0203_0_8bits.tiff;G:\Experiments\PTT\Spheroids\13052025\14052025\Analysis\2025-05-14_111724_tube6_segmentationDebug2\10_0203_0_segmented.tiff;3596.0;(74. 69);335.48022866249;0.802409907397076;67.6651269330638;0.40150937141174;0.673340792609485;1133.43127950026;0.933637893008041;0.828692468472457;0.893000311979352;1002030.0;0.0;203.0;False;G:\Experiments\PTT\Spheroids\13052025\15052025 before laser\Analysis\2025-05-15_102357_tube6_cropped_8bits2\10_0203_0_8bits.tiff;G:\Experiments\PTT\Spheroids\13052025\15052025 before laser\Analysis\2025-05-15_102357_tube6_segmentationDebug2\10_0203_0_segmented.tiff;6634.0;(89. 68);802.274165749549;0.643452958292919;91.905773158018;0.129520858990039;0.771502992684548;647.280253646609;0.867756737107735;0.679335377564149;0.894860602924257;;;;;;;;;;;;;;;;;;;;;;;;;;;;;;;;;;;;;
4;Tube 6;1002040.0;;;;;;;;;;;;;;;;;;;;;;;;;;;;;;;;;;;1002040.0;1.0;204.0;False;G:\Experiments\PTT\Spheroids\13052025\15052025 after laser\Analysis\2025-05-15_163303_tube6_cropped_8bits2\10_0204_0_8bits.tiff;G:\Experiments\PTT\Spheroids\13052025\15052025 after laser\Analysis\2025-05-15_163303_tube6_segmentationDebug2\10_0204_0_segmented.tiff;1527.5;(93. 76);206.267025828361;0.831292517006802;44.1007188669636;0.45116091615721;0.913776504022329;735.523609889432;0.969858733682815;0.924758297558341;0.884621462986403;57.775755490694394;37.0;Alive;;;;;;;;;;;;;;;;;
4;Tube 6;104050.0;104050.0;0.0;405.0;False;G:\Experiments\PTT\Spheroids\13052025\14052025\Analysis\2025-05-14_111724_tube6_cropped_8bits2\1_0405_0_8bits.tiff;G:\Experiments\PTT\Spheroids\13052025\14052025\Analysis\2025-05-14_111724_tube6_segmentationDebug2\1_0405_0_segmented.tiff;3734.5;(72. 75);355.237588286399;0.793392819205438;68.9558777756723;0.371881438198773;0.666788283522487;1228.26455900678;0.941894180571172;0.822213432970744;0.901939433281448;104050.0;0.0;405.0;False;G:\Experiments\PTT\Spheroids\13052025\15052025 before laser\Analysis\2025-05-15_102357_tube6_cropped_8bits2\1_0405_0_8bits.tiff;G:\Experiments\PTT\Spheroids\13052025\15052025 before laser\Analysis\2025-05-15_102357_tube6_segmentationDebug2\1_0405_0_segmented.tiff;6683.0;(68. 78);687.386863470077;0.613316202450328;92.2445655714475;0.177737418808272;0.485981533930365;668.351433024333;0.86410509805096;0.680939237174442;0.894551750156103;;;;;;;;;;;;;;;;;;;;;;;;;;;;;;;;;;;;;
4;Tube 6;1102060.0;1102060.0;0.0;206.0;False;G:\Experiments\PTT\Spheroids\13052025\14052025\Analysis\2025-05-14_111724_tube6_cropped_8bits2\11_0206_0_8bits.tiff;G:\Experiments\PTT\Spheroids\13052025\14052025\Analysis\2025-05-14_111724_tube6_segmentationDebug2\11_0206_0_segmented.tiff;3112.5;(79. 78);284.267025709152;0.829447035309793;62.952030014831;0.484023283102251;0.748913107828583;1196.16462634208;0.944154462668423;0.85174948118896;0.869763045680839;;;;;;;;;;;;;;;;;;;;;;;;;;;;;;;;;;;;;;;;;;;;;;;;;;;;;;
4;Tube 6;1102070.0;;;;;;;;;;;;;;;;;;1102070.0;0.0;207.0;False;G:\Experiments\PTT\Spheroids\13052025\15052025 before laser\Analysis\2025-05-15_102357_tube6_cropped_8bits2\11_0207_0_8bits.tiff;G:\Experiments\PTT\Spheroids\13052025\15052025 before laser\Analysis\2025-05-15_102357_tube6_segmentationDebug2\11_0207_0_segmented.tiff;730.0;(139. 63);247.254833221435;0.544572920552032;30.4871262610412;0.150052468606653;0.381033804904599;54.823293044129;0.981923576003955;0.960624983196989;0.905546484035623;;;;;;;;;;;;;;;;;;;;;;;;;;;;;;;;;;;;;
4;Tube 6;1102070.0;;;;;;;;;;;;;;;;;;1102070.0;1.0;207.0;False;G:\Experiments\PTT\Spheroids\13052025\15052025 before laser\Analysis\2025-05-15_102357_tube6_cropped_8bits2\11_0207_0_8bits.tiff;G:\Experiments\PTT\Spheroids\13052025\15052025 before laser\Analysis\2025-05-15_102357_tube6_segmentationDebug2\11_0207_0_segmented.tiff;5039.5;(77. 66);591.119837880134;0.635498108448928;80.1030004787139;0.181236741244261;0.702943638267908;608.614563971403;0.90109808102007;0.756227778405722;0.898298599026212;;;;;;;;;;;;;;;;;;;;;;;;;;;;;;;;;;;;;
4;Tube 6;1202090.0;1202090.0;0.0;209.0;False;G:\Experiments\PTT\Spheroids\13052025\14052025\Analysis\2025-05-14_111724_tube6_cropped_8bits2\12_0209_0_8bits.tiff;G:\Experiments\PTT\Spheroids\13052025\14052025\Analysis\2025-05-14_111724_tube6_segmentationDebug2\12_0209_0_segmented.tiff;2548.0;(77. 71);256.852812051773;0.84106288166364;56.958005231795;0.485333912043617;0.817515600883628;1091.5622934249;0.963369809404423;0.878506633486253;0.899132739424083;;;;;;;;;;;;;;;;;;;;;;;;;;;;;;;;;;;;;;;;;;;;;;;;;;;;;;
4;Tube 6;1202100.0;;;;;;;;;;;;;;;;;;1202100.0;0.0;210.0;False;G:\Experiments\PTT\Spheroids\13052025\15052025 before laser\Analysis\2025-05-15_102357_tube6_cropped_8bits2\12_0210_0_8bits.tiff;G:\Experiments\PTT\Spheroids\13052025\15052025 before laser\Analysis\2025-05-15_102357_tube6_segmentationDebug2\12_0210_0_segmented.tiff;1672.5;(67. 88);240.953317523002;0.784658691062632;46.1464314825053;0.362001333292122;0.708457371660284;953.568100960443;0.976027950499012;0.917548618423649;0.897184360986668;1202100.0;0.0;210.0;False;G:\Experiments\PTT\Spheroids\13052025\15052025 after laser\Analysis\2025-05-15_163303_tube6_cropped_8bits2\12_0210_0_8bits.tiff;G:\Experiments\PTT\Spheroids\13052025\15052025 after laser\Analysis\2025-05-15_163303_tube6_segmentationDebug2\12_0210_0_segmented.tiff;1327.5;(86. 78);184.325900912284;0.841254752851711;41.11235210537;0.490988887954516;0.868896311469153;706.605573911903;0.980657853273723;0.934563382186106;0.915359018810315;35.74084144406095;37.0;Dead;0.0;0.0;0.0;;;;-345.0;;-56.627416610718;0.056596061789079055;-5.034079377135299;0.12898755466239403;0.16043893980886903;-246.96252704853998;0.004629902774710981;0.01701476376245703;0.018174657823647022
4;Tube 6;1302120.0;1302120.0;0.0;212.0;False;G:\Experiments\PTT\Spheroids\13052025\14052025\Analysis\2025-05-14_111724_tube6_cropped_8bits2\13_0212_0_8bits.tiff;G:\Experiments\PTT\Spheroids\13052025\14052025\Analysis\2025-05-14_111724_tube6_segmentationDebug2\13_0212_0_segmented.tiff;3236.5;(71. 70);297.237587928772;0.840867757859184;64.1937675053844;0.460339263602825;0.869871545456596;1116.87134945255;0.94487971328153;0.845874768176639;0.897750229310726;1302120.0;0.0;212.0;False;G:\Experiments\PTT\Spheroids\13052025\15052025 before laser\Analysis\2025-05-15_102357_tube6_cropped_8bits2\13_0212_0_8bits.tiff;G:\Experiments\PTT\Spheroids\13052025\15052025 before laser\Analysis\2025-05-15_102357_tube6_segmentationDebug2\13_0212_0_segmented.tiff;2292.5;(65. 66);240.953317403793;0.831368993653671;54.0268605075786;0.496196147918294;0.828645582465591;735.055792025235;0.959414810966513;0.876645653807273;0.90874383797863;;;;;;;;;;;;;;;;;;;;;;;;;;;;;;;;;;;;;
4;Tube 6;1302130.0;;;;;;;;;;;;;;;;;;;;;;;;;;;;;;;;;;;1302130.0;0.0;213.0;False;G:\Experiments\PTT\Spheroids\13052025\15052025 after laser\Analysis\2025-05-15_163303_tube6_cropped_8bits2\13_0213_0_8bits.tiff;G:\Experiments\PTT\Spheroids\13052025\15052025 after laser\Analysis\2025-05-15_163303_tube6_segmentationDebug2\13_0213_0_segmented.tiff;1905.5;(74. 77);209.296463370323;0.875689338235294;49.2560448320087;0.546631981949457;0.77697807889293;831.495218668143;0.969891853261138;0.907906130242533;0.906165639465482;33.147258259624664;37.0;Dead;;;;;;;;;;;;;;;;;
4;Tube 6;1402150.0;;;;;;;;;;;;;;;;;;1402150.0;0.0;215.0;False;G:\Experiments\PTT\Spheroids\13052025\15052025 before laser\Analysis\2025-05-15_102357_tube6_cropped_8bits2\14_0215_0_8bits.tiff;G:\Experiments\PTT\Spheroids\13052025\15052025 before laser\Analysis\2025-05-15_102357_tube6_segmentationDebug2\14_0215_0_segmented.tiff;3121.0;(71. 71);385.480228900909;0.697430167597765;63.0379300034387;0.263936477494183;0.831719283895314;925.996961533106;0.942896260280578;0.848370218174746;0.90271469004083;;;;;;;;;;;;;;;;;;;;;;;;;;;;;;;;;;;;;
4;Tube 6;1402160.0;;;;;;;;;;;;;;;;;;;;;;;;;;;;;;;;;;;1402160.0;0.0;216.0;False;G:\Experiments\PTT\Spheroids\13052025\15052025 after laser\Analysis\2025-05-15_163303_tube6_cropped_8bits2\14_0216_0_8bits.tiff;G:\Experiments\PTT\Spheroids\13052025\15052025 after laser\Analysis\2025-05-15_163303_tube6_segmentationDebug2\14_0216_0_segmented.tiff;2041.0;(79. 77);262.509666204452;0.786058155208935;50.9772685694758;0.372187916564476;0.77044072167696;766.341696707522;0.968223519945588;0.9001450268269;0.899304485342879;17.543587068707197;45.0;Dead;;;;;;;;;;;;;;;;;
4;Tube 6;1502180.0;;;;;;;;;;;;;;;;;;1502180.0;0.0;218.0;False;G:\Experiments\PTT\Spheroids\13052025\15052025 before laser\Analysis\2025-05-15_102357_tube6_cropped_8bits2\15_0218_0_8bits.tiff;G:\Experiments\PTT\Spheroids\13052025\15052025 before laser\Analysis\2025-05-15_102357_tube6_segmentationDebug2\15_0218_0_segmented.tiff;2310.5;(78. 67);342.40916109085;0.687955932708054;54.2385468842095;0.247642446384916;0.758368378775758;775.926432868263;0.949870323997792;0.885568501670225;0.890961589048102;;;;;;;;;;;;;;;;;;;;;;;;;;;;;;;;;;;;;
4;Tube 6;1602210.0;1602210.0;0.0;221.0;False;G:\Experiments\PTT\Spheroids\13052025\14052025\Analysis\2025-05-14_111724_tube6_cropped_8bits2\16_0221_0_8bits.tiff;G:\Experiments\PTT\Spheroids\13052025\14052025\Analysis\2025-05-14_111724_tube6_segmentationDebug2\16_0221_0_segmented.tiff;3536.5;(80. 84);388.40916121006;0.725287120590648;67.1029928539398;0.294580908188269;0.882725402909757;983.444179338989;0.918784944117437;0.829723472727113;0.897674665037828;1602210.0;0.0;221.0;False;G:\Experiments\PTT\Spheroids\13052025\15052025 before laser\Analysis\2025-05-15_102357_tube6_cropped_8bits2\16_0221_0_8bits.tiff;G:\Experiments\PTT\Spheroids\13052025\15052025 before laser\Analysis\2025-05-15_102357_tube6_segmentationDebug2\16_0221_0_segmented.tiff;2340.0;(76. 79);280.166520476341;0.826125330979699;54.5837020976067;0.374621974503599;0.745971290303047;813.870127265682;0.956934739470862;0.886537227410153;0.905407206636228;;;;;;;;;;;;;;;;;;;;;;;;;;;;;;;;;;;;;
4;Tube 6;1602220.0;;;;;;;;;;;;;;;;;;;;;;;;;;;;;;;;;;;1602220.0;0.0;222.0;False;G:\Experiments\PTT\Spheroids\13052025\15052025 after laser\Analysis\2025-05-15_163303_tube6_cropped_8bits2\16_0222_0_8bits.tiff;G:\Experiments\PTT\Spheroids\13052025\15052025 after laser\Analysis\2025-05-15_163303_tube6_segmentationDebug2\16_0222_0_segmented.tiff;1327.0;(77. 77);171.882249593734;0.879099039417025;41.1046089369983;0.564441228856388;0.743154211538892;836.815166110549;0.975334081106524;0.934876991488559;0.892978718931083;2.403808805087286;47.0;Dead;;;;;;;;;;;;;;;;;
4;Tube 6;1703240.0;;;;;;;;;;;;;;;;;;1703240.0;0.0;324.0;False;G:\Experiments\PTT\Spheroids\13052025\15052025 before laser\Analysis\2025-05-15_102357_tube6_cropped_8bits2\17_0324_0_8bits.tiff;G:\Experiments\PTT\Spheroids\13052025\15052025 before laser\Analysis\2025-05-15_102357_tube6_segmentationDebug2\17_0324_0_segmented.tiff;2025.5;(74. 65);313.095452904701;0.679926149714669;50.783330905535;0.259650157735428;0.919362283069764;631.529559066986;0.956175531357529;0.899150353471003;0.902937460461823;;;;;;;;;;;;;;;;;;;;;;;;;;;;;;;;;;;;;
4;Tube 6;1806240.0;1806240.0;0.0;624.0;False;G:\Experiments\PTT\Spheroids\13052025\14052025\Analysis\2025-05-14_111724_tube6_cropped_8bits2\18_0624_0_8bits.tiff;G:\Experiments\PTT\Spheroids\13052025\14052025\Analysis\2025-05-14_111724_tube6_segmentationDebug2\18_0624_0_segmented.tiff;3522.0;(74. 77);368.651801466941;0.795662487292443;66.9652871012828;0.325661556823147;0.723274189847967;1012.86631290459;0.940131826228985;0.830666683946411;0.905415782506061;1806240.0;0.0;624.0;False;G:\Experiments\PTT\Spheroids\13052025\15052025 before laser\Analysis\2025-05-15_102357_tube6_cropped_8bits2\18_0624_0_8bits.tiff;G:\Experiments\PTT\Spheroids\13052025\15052025 before laser\Analysis\2025-05-15_102357_tube6_segmentationDebug2\18_0624_0_segmented.tiff;3351.5;(84. 56);431.379723429679;0.714377064904614;65.3242859446614;0.226323490475747;0.762084286941683;538.696181695961;0.926007577483262;0.83595376897421;0.914343939687736;;;;;;;;;;;;;;;;;;;;;;;;;;;;;;;;;;;;;
4;Tube 6;1909240.0;1909240.0;0.0;924.0;False;G:\Experiments\PTT\Spheroids\13052025\14052025\Analysis\2025-05-14_111724_tube6_cropped_8bits2\19_0924_0_8bits.tiff;G:\Experiments\PTT\Spheroids\13052025\14052025\Analysis\2025-05-14_111724_tube6_segmentationDebug2\19_0924_0_segmented.tiff;4441.0;(64. 53);497.279218196868;0.715194460101457;75.1961223612551;0.225678411983762;0.849715287418527;433.483367042093;0.908453222370066;0.78584514423908;0.92705846958478;1909240.0;0.0;924.0;False;G:\Experiments\PTT\Spheroids\13052025\15052025 before laser\Analysis\2025-05-15_102357_tube6_cropped_8bits2\19_0924_0_8bits.tiff;G:\Experiments\PTT\Spheroids\13052025\15052025 before laser\Analysis\2025-05-15_102357_tube6_segmentationDebug2\19_0924_0_segmented.tiff;2263.5;(58. 25);517.296463370323;0.451706246258231;53.6840545181531;0.106294634847608;0.340619697370532;449.395151056312;0.947141141154169;0.853953688526935;0.926647528367642;;;;;;;;;;;;;;;;;;;;;;;;;;;;;;;;;;;;;
4;Tube 6;2012240.0;2012240.0;0.0;1224.0;False;G:\Experiments\PTT\Spheroids\13052025\14052025\Analysis\2025-05-14_111724_tube6_cropped_8bits2\20_1224_0_8bits.tiff;G:\Experiments\PTT\Spheroids\13052025\14052025\Analysis\2025-05-14_111724_tube6_segmentationDebug2\20_1224_0_segmented.tiff;4117.0;(86. 73);486.936072587966;0.701183683896789;72.4011547261137;0.21819602464233;0.712244175379377;935.500444888525;0.921736189275664;0.801276814546334;0.912613306183724;;;;;;;;;;;;;;;;;;;;;;;;;;;;;;;;;;;;;;;;;;;;;;;;;;;;;;
4;Tube 6;208050.0;208050.0;0.0;805.0;False;G:\Experiments\PTT\Spheroids\13052025\14052025\Analysis\2025-05-14_111724_tube6_cropped_8bits2\2_0805_0_8bits.tiff;G:\Experiments\PTT\Spheroids\13052025\14052025\Analysis\2025-05-14_111724_tube6_segmentationDebug2\2_0805_0_segmented.tiff;6823.0;(75. 71);693.989894986152;0.659418188847008;93.2057584794416;0.178024158508867;0.486024949463199;67.6059394165911;0.868487900403936;0.674932557318779;0.934160843466253;208050.0;0.0;805.0;False;G:\Experiments\PTT\Spheroids\13052025\15052025 before laser\Analysis\2025-05-15_102357_tube6_cropped_8bits2\2_0805_0_8bits.tiff;G:\Experiments\PTT\Spheroids\13052025\15052025 before laser\Analysis\2025-05-15_102357_tube6_segmentationDebug2\2_0805_0_segmented.tiff;4857.0;(80. 75);546.048770189285;0.704781252267285;78.6392044007229;0.204698707678977;0.803939083938712;846.445861527754;0.911285725236705;0.76608422723371;0.899889501672009;;;;;;;;;;;;;;;;;;;;;;;;;;;;;;;;;;;;;
4;Tube 6;311050.0;311050.0;0.0;1105.0;False;G:\Experiments\PTT\Spheroids\13052025\14052025\Analysis\2025-05-14_111724_tube6_cropped_8bits2\3_1105_0_8bits.tiff;G:\Experiments\PTT\Spheroids\13052025\14052025\Analysis\2025-05-14_111724_tube6_segmentationDebug2\3_1105_0_segmented.tiff;5128.5;(71. 77);369.722869157791;0.8384697130712;80.8072336191153;0.471462977475301;0.91225114516512;839.453417300291;0.898983745572088;0.760102774760051;0.895660721898145;311050.0;0.0;1105.0;False;G:\Experiments\PTT\Spheroids\13052025\15052025 before laser\Analysis\2025-05-15_102357_tube6_cropped_8bits2\3_1105_0_8bits.tiff;G:\Experiments\PTT\Spheroids\13052025\15052025 before laser\Analysis\2025-05-15_102357_tube6_segmentationDebug2\3_1105_0_segmented.tiff;6874.0;(92. 76);600.190905213356;0.744463096334001;93.5534533328915;0.239795247412145;0.697345070275899;543.006870088087;0.884732620519465;0.675851755708223;0.915978428491097;;;;;;;;;;;;;;;;;;;;;;;;;;;;;;;;;;;;;
4;Tube 6;515020.0;515020.0;0.0;1502.0;True;G:\Experiments\PTT\Spheroids\13052025\14052025\Analysis\2025-05-14_111724_tube6_cropped_8bits2\5_1502_0_8bits.tiff;G:\Experiments\PTT\Spheroids\13052025\14052025\Analysis\2025-05-14_111724_tube6_segmentationDebug2\5_1502_0_segmented.tiff;5047.5;(70. 80);697.889389395713;0.59055809055809;80.1665553834685;0.13023058780455;0.75303740392961;837.576233056576;0.916377078377328;0.753105795864349;0.885356590362741;515020.0;0.0;1502.0;False;G:\Experiments\PTT\Spheroids\13052025\15052025 before laser\Analysis\2025-05-15_102357_tube6_cropped_8bits2\5_1502_0_8bits.tiff;G:\Experiments\PTT\Spheroids\13052025\15052025 before laser\Analysis\2025-05-15_102357_tube6_segmentationDebug2\5_1502_0_segmented.tiff;706.0;(136. 79);247.539103627204;0.512336719883889;29.9817797767748;0.14478612238558;0.384596315295434;91.2385678899274;0.981935637772669;0.961153905507707;0.884270263346511;;;;;;;;;;;;;;;;;;;;;;;;;;;;;;;;;;;;;
4;Tube 6;515020.0;515020.0;0.0;1502.0;True;G:\Experiments\PTT\Spheroids\13052025\14052025\Analysis\2025-05-14_111724_tube6_cropped_8bits2\5_1502_0_8bits.tiff;G:\Experiments\PTT\Spheroids\13052025\14052025\Analysis\2025-05-14_111724_tube6_segmentationDebug2\5_1502_0_segmented.tiff;5047.5;(70. 80);697.889389395713;0.59055809055809;80.1665553834685;0.13023058780455;0.75303740392961;837.576233056576;0.916377078377328;0.753105795864349;0.885356590362741;515020.0;1.0;1502.0;False;G:\Experiments\PTT\Spheroids\13052025\15052025 before laser\Analysis\2025-05-15_102357_tube6_cropped_8bits2\5_1502_0_8bits.tiff;G:\Experiments\PTT\Spheroids\13052025\15052025 before laser\Analysis\2025-05-15_102357_tube6_segmentationDebug2\5_1502_0_segmented.tiff;2839.0;(69. 65);355.4802287817;0.727296016395542;60.1226003055683;0.282321761159059;0.656893895646259;965.77157300479;0.944651477557912;0.861433707240744;0.878147031433956;;;;;;;;;;;;;;;;;;;;;;;;;;;;;;;;;;;;;
4;Tube 6;515021.0;515021.0;0.0;1502.0;True;G:\Experiments\PTT\Spheroids\13052025\14052025\Analysis\2025-05-14_111724_tube6_cropped_8bits2\5_1502_1_8bits.tiff;G:\Experiments\PTT\Spheroids\13052025\14052025\Analysis\2025-05-14_111724_tube6_segmentationDebug2\5_1502_1_segmented.tiff;6768.0;(86. 76);556.592926383018;0.811997600479904;92.8293339347405;0.274533185076209;0.661402796696354;347.529587549932;0.839544442859682;0.68164226067918;0.921335680538601;;;;;;;;;;;;;;;;;;;;;;;;;;;;;;;;;;;;;;;;;;;;;;;;;;;;;;
4;Tube 6;613010.0;613010.0;0.0;1301.0;False;G:\Experiments\PTT\Spheroids\13052025\14052025\Analysis\2025-05-14_111724_tube6_cropped_8bits2\6_1301_0_8bits.tiff;G:\Experiments\PTT\Spheroids\13052025\14052025\Analysis\2025-05-14_111724_tube6_segmentationDebug2\6_1301_0_segmented.tiff;4371.5;(76. 77);524.149275422096;0.65226797970755;74.605406438205;0.199954124662603;0.800036076992455;1206.24619317799;0.907750648268015;0.787560019617042;0.875168110143409;613010.0;0.0;1301.0;False;G:\Experiments\PTT\Spheroids\13052025\15052025 before laser\Analysis\2025-05-15_102357_tube6_cropped_8bits2\6_1301_0_8bits.tiff;G:\Experiments\PTT\Spheroids\13052025\15052025 before laser\Analysis\2025-05-15_102357_tube6_segmentationDebug2\6_1301_0_segmented.tiff;3584.5;(70. 86);424.350285768508;0.70298097666209;67.5568438287579;0.250143631668894;0.728638157484232;937.28419524922;0.931040943920687;0.82622836789637;0.88516919951978;;;;;;;;;;;;;;;;;;;;;;;;;;;;;;;;;;;;;
4;Tube 6;710010.0;;;;;;;;;;;;;;;;;;710010.0;0.0;1001.0;False;G:\Experiments\PTT\Spheroids\13052025\15052025 before laser\Analysis\2025-05-15_102357_tube6_cropped_8bits2\7_1001_0_8bits.tiff;G:\Experiments\PTT\Spheroids\13052025\15052025 before laser\Analysis\2025-05-15_102357_tube6_segmentationDebug2\7_1001_0_segmented.tiff;7147.5;(70. 64);655.605119228363;0.710381155891268;95.3964341366834;0.20896779298575;0.54332261031292;458.166832763731;0.842441552212917;0.660369904244554;0.905131529976484;;;;;;;;;;;;;;;;;;;;;;;;;;;;;;;;;;;;;
4;Tube 6;806010.0;;;;;;;;;;;;;;;;;;;;;;;;;;;;;;;;;;;806010.0;0.0;601.0;False;G:\Experiments\PTT\Spheroids\13052025\15052025 after laser\Analysis\2025-05-15_163303_tube6_cropped_8bits2\8_0601_0_8bits.tiff;G:\Experiments\PTT\Spheroids\13052025\15052025 after laser\Analysis\2025-05-15_163303_tube6_segmentationDebug2\8_0601_0_segmented.tiff;1877.0;(71. 72);242.710676908493;0.799574014909478;48.8863030456169;0.400402124990188;0.632334624639455;842.557566029019;0.961216284884362;0.907901481588591;0.880508301915118;0.6536673066465412;74.0;Dead;;;;;;;;;;;;;;;;;
4;Tube 6;807010.0;;;;;;;;;;;;;;;;;;807010.0;0.0;701.0;False;G:\Experiments\PTT\Spheroids\13052025\15052025 before laser\Analysis\2025-05-15_102357_tube6_cropped_8bits2\8_0701_0_8bits.tiff;G:\Experiments\PTT\Spheroids\13052025\15052025 before laser\Analysis\2025-05-15_102357_tube6_segmentationDebug2\8_0701_0_segmented.tiff;8033.5;(79. 69);835.345233559608;0.684780292375229;101.136392473876;0.144671393360889;0.687703548846252;502.395832804578;0.833327360225112;0.617294287099942;0.89535027174431;;;;;;;;;;;;;;;;;;;;;;;;;;;;;;;;;;;;;
4;Tube 6;903010.0;903010.0;0.0;301.0;False;G:\Experiments\PTT\Spheroids\13052025\14052025\Analysis\2025-05-14_111724_tube6_cropped_8bits2\9_0301_0_8bits.tiff;G:\Experiments\PTT\Spheroids\13052025\14052025\Analysis\2025-05-14_111724_tube6_segmentationDebug2\9_0301_0_segmented.tiff;5541.5;(81. 77);387.663993358612;0.862893179694799;83.997957934404;0.463368248596532;0.737721965510789;803.299138135451;0.9314055263317;0.743569571998157;0.889808801747799;;;;;;;;;;;;;;;;;;;;;;;;;;;;;;;;;;;;;;;;;;;;;;;;;;;;;;
4;Tube 6;904010.0;;;;;;;;;;;;;;;;;;904010.0;0.0;401.0;False;G:\Experiments\PTT\Spheroids\13052025\15052025 before laser\Analysis\2025-05-15_102357_tube6_cropped_8bits2\9_0401_0_8bits.tiff;G:\Experiments\PTT\Spheroids\13052025\15052025 before laser\Analysis\2025-05-15_102357_tube6_segmentationDebug2\9_0401_0_segmented.tiff;8353.5;(78. 82);679.462983608245;0.749058464849354;103.131016367265;0.227377107423226;0.850279616822124;466.416510503745;0.837275644046129;0.608514258313192;0.914433031747178;;;;;;;;;;;;;;;;;;;;;;;;;;;;;;;;;;;;;
4;Tube 7;1002040.0;1002040.0;0.0;204.0;False;G:\Experiments\PTT\Spheroids\13052025\14052025\Analysis\2025-05-14_112811_tube7_cropped_8bits2\10_0204_0_8bits.tiff;G:\Experiments\PTT\Spheroids\13052025\14052025\Analysis\2025-05-14_112811_tube7_segmentationDebug2\10_0204_0_segmented.tiff;4326.0;(72. 54);434.592926502227;0.72069970845481;74.2161321447319;0.287826695952342;0.715737747746988;965.813201807411;0.932609469062763;0.793628057370857;0.897890514728836;1002040.0;0.0;204.0;False;G:\Experiments\PTT\Spheroids\13052025\15052025 before laser\Analysis\2025-05-15_103357_tube7_cropped_8bits2\10_0204_0_8bits.tiff;G:\Experiments\PTT\Spheroids\13052025\15052025 before laser\Analysis\2025-05-15_103357_tube7_segmentationDebug2\10_0204_0_segmented.tiff;5407.5;(66. 77);472.492421269416;0.73651593571234;82.9761582513639;0.304380410500707;0.706572895097232;743.958240183542;0.919220901973369;0.744336263278603;0.921019856017035;;;;;;;;;;;;;;;;;;;;;;;;;;;;;;;;;;;;;
4;Tube 7;1002050.0;;;;;;;;;;;;;;;;;;;;;;;;;;;;;;;;;;;1002050.0;0.0;205.0;False;G:\Experiments\PTT\Spheroids\13052025\15052025 after laser\Analysis\2025-05-15_154746_tube7_cropped_8bits2\10_0205_0_8bits.tiff;G:\Experiments\PTT\Spheroids\13052025\15052025 after laser\Analysis\2025-05-15_154746_tube7_segmentationDebug2\10_0205_0_segmented.tiff;3417.0;(79. 77);492.936072349548;0.66388187293569;65.9595294431369;0.176715092388787;0.669680373680135;804.81214475787;0.951720050920366;0.832220065653899;0.894225062548836;186.8223334480118;37.0;Alive;;;;;;;;;;;;;;;;;
4;Tube 7;105050.0;105050.0;0.0;505.0;True;G:\Experiments\PTT\Spheroids\13052025\14052025\Analysis\2025-05-14_112811_tube7_cropped_8bits2\1_0505_0_8bits.tiff;G:\Experiments\PTT\Spheroids\13052025\14052025\Analysis\2025-05-14_112811_tube7_segmentationDebug2\1_0505_0_segmented.tiff;3581.0;(78. 83);399.965510010719;0.668034698255759;67.5238536348201;0.281299590320509;0.672934171651774;1175.81580247453;0.943460480600014;0.82756925673041;0.888520524751163;105050.0;0.0;505.0;False;G:\Experiments\PTT\Spheroids\13052025\15052025 before laser\Analysis\2025-05-15_103357_tube7_cropped_8bits2\1_0505_0_8bits.tiff;G:\Experiments\PTT\Spheroids\13052025\15052025 before laser\Analysis\2025-05-15_103357_tube7_segmentationDebug2\1_0505_0_segmented.tiff;460.0;(98. 133);143.254833102226;0.641562064156206;24.2010369731996;0.281675536159267;0.636043654484112;58.8815997698172;0.989359048720438;0.97460560205448;0.887208137506596;;;;;;;;;;;;;;;;;;;;;;;;;;;;;;;;;;;;;
4;Tube 7;105050.0;105050.0;0.0;505.0;True;G:\Experiments\PTT\Spheroids\13052025\14052025\Analysis\2025-05-14_112811_tube7_cropped_8bits2\1_0505_0_8bits.tiff;G:\Experiments\PTT\Spheroids\13052025\14052025\Analysis\2025-05-14_112811_tube7_segmentationDebug2\1_0505_0_segmented.tiff;3581.0;(78. 83);399.965510010719;0.668034698255759;67.5238536348201;0.281299590320509;0.672934171651774;1175.81580247453;0.943460480600014;0.82756925673041;0.888520524751163;105050.0;1.0;505.0;False;G:\Experiments\PTT\Spheroids\13052025\15052025 before laser\Analysis\2025-05-15_103357_tube7_cropped_8bits2\1_0505_0_8bits.tiff;G:\Experiments\PTT\Spheroids\13052025\15052025 before laser\Analysis\2025-05-15_103357_tube7_segmentationDebug2\1_0505_0_segmented.tiff;3404.5;(76. 80);338.40916121006;0.804846335697399;65.838772999281;0.373576010240905;0.910847283291682;837.376398601398;0.944927535765593;0.837499670711584;0.905378451290394;;;;;;;;;;;;;;;;;;;;;;;;;;;;;;;;;;;;;
4;Tube 7;105051.0;105051.0;0.0;505.0;True;G:\Experiments\PTT\Spheroids\13052025\14052025\Analysis\2025-05-14_112811_tube7_cropped_8bits2\1_0505_1_8bits.tiff;G:\Experiments\PTT\Spheroids\13052025\14052025\Analysis\2025-05-14_112811_tube7_segmentationDebug2\1_0505_1_segmented.tiff;6704.0;(77. 73);650.534051418304;0.744186046511627;92.3893820084566;0.199069076361295;0.487260754720856;177.911789066378;0.845424018816435;0.679966552529971;0.918191162431666;;;;;;;;;;;;;;;;;;;;;;;;;;;;;;;;;;;;;;;;;;;;;;;;;;;;;;
4;Tube 7;1102060.0;;;;;;;;;;;;;;;;;;1102060.0;0.0;206.0;False;G:\Experiments\PTT\Spheroids\13052025\15052025 before laser\Analysis\2025-05-15_103357_tube7_cropped_8bits2\11_0206_0_8bits.tiff;G:\Experiments\PTT\Spheroids\13052025\15052025 before laser\Analysis\2025-05-15_103357_tube7_segmentationDebug2\11_0206_0_segmented.tiff;2696.0;(77. 79);282.166520476341;0.811315076737887;58.5888539963532;0.425518833199411;0.638770187599699;756.4117104466;0.955575214049118;0.870925364768073;0.910830087217988;;;;;;;;;;;;;;;;;;;;;;;;;;;;;;;;;;;;;
4;Tube 7;1102070.0;1102070.0;0.0;207.0;True;G:\Experiments\PTT\Spheroids\13052025\14052025\Analysis\2025-05-14_112811_tube7_cropped_8bits2\11_0207_0_8bits.tiff;G:\Experiments\PTT\Spheroids\13052025\14052025\Analysis\2025-05-14_112811_tube7_segmentationDebug2\11_0207_0_segmented.tiff;2824.5;(70. 65);274.953317165374;0.833554670208056;59.9688677073735;0.4694977506685;0.800738989196996;926.724869569367;0.949562475081971;0.864803119001704;0.886495446456933;;;;;;;;;;;;;;;;;;;;;;;;;;;;;;;;;;;;;;;;;;;;;;;;;;;;;;
4;Tube 7;1102071.0;1102071.0;0.0;207.0;True;G:\Experiments\PTT\Spheroids\13052025\14052025\Analysis\2025-05-14_112811_tube7_cropped_8bits2\11_0207_1_8bits.tiff;G:\Experiments\PTT\Spheroids\13052025\14052025\Analysis\2025-05-14_112811_tube7_segmentationDebug2\11_0207_1_segmented.tiff;6403.5;(76. 77);563.806129693985;0.782202406400781;90.2950132881745;0.253144031032751;0.683210232893586;404.406482453086;0.870393315963329;0.697620538736743;0.921002229274088;;;;;;;;;;;;;;;;;;;;;;;;;;;;;;;;;;;;;;;;;;;;;;;;;;;;;;
4;Tube 7;1102080.0;;;;;;;;;;;;;;;;;;;;;;;;;;;;;;;;;;;1102080.0;0.0;208.0;False;G:\Experiments\PTT\Spheroids\13052025\15052025 after laser\Analysis\2025-05-15_154746_tube7_cropped_8bits2\11_0208_0_8bits.tiff;G:\Experiments\PTT\Spheroids\13052025\15052025 after laser\Analysis\2025-05-15_154746_tube7_segmentationDebug2\11_0208_0_segmented.tiff;2539.5;(70. 74);327.580734014511;0.725882521080463;56.8629213447123;0.297386587748784;0.7404315245285;843.785073982504;0.954425920469347;0.876232372677611;0.887115957258409;121.45560278335755;37.0;Alive;;;;;;;;;;;;;;;;;
4;Tube 7;1202100.0;1202100.0;0.0;210.0;False;G:\Experiments\PTT\Spheroids\13052025\14052025\Analysis\2025-05-14_112811_tube7_cropped_8bits2\12_0210_0_8bits.tiff;G:\Experiments\PTT\Spheroids\13052025\14052025\Analysis\2025-05-14_112811_tube7_segmentationDebug2\12_0210_0_segmented.tiff;2985.0;(73. 74);347.137082576751;0.745504495504495;61.6491690214431;0.311280690396495;0.76152840232353;905.599861372535;0.960006225132478;0.855829038647871;0.892258034138593;1202100.0;0.0;210.0;False;G:\Experiments\PTT\Spheroids\13052025\15052025 before laser\Analysis\2025-05-15_103357_tube7_cropped_8bits2\12_0210_0_8bits.tiff;G:\Experiments\PTT\Spheroids\13052025\15052025 before laser\Analysis\2025-05-15_103357_tube7_segmentationDebug2\12_0210_0_segmented.tiff;2493.0;(68. 65);268.509666323661;0.788300395256917;56.3399164449572;0.434522523220107;0.75744450108647;721.192205477232;0.964806296922206;0.879988548648613;0.90622722963926;;;;;;;;;;;;;;;;;;;;;;;;;;;;;;;;;;;;;
4;Tube 7;1202110.0;;;;;;;;;;;;;;;;;;;;;;;;;;;;;;;;;;;1202110.0;0.0;211.0;False;G:\Experiments\PTT\Spheroids\13052025\15052025 after laser\Analysis\2025-05-15_154746_tube7_cropped_8bits2\12_0211_0_8bits.tiff;G:\Experiments\PTT\Spheroids\13052025\15052025 after laser\Analysis\2025-05-15_154746_tube7_segmentationDebug2\12_0211_0_segmented.tiff;2034.5;(83. 77);221.438598513603;0.833811475409836;50.8960298428442;0.521387854133013;0.872260910658631;684.947703714626;0.97115400532787;0.901956293022322;0.909882546216784;100.8967116872163;37.0;Alive;;;;;;;;;;;;;;;;;
4;Tube 7;1302130.0;1302130.0;0.0;213.0;True;G:\Experiments\PTT\Spheroids\13052025\14052025\Analysis\2025-05-14_112811_tube7_cropped_8bits2\13_0213_0_8bits.tiff;G:\Experiments\PTT\Spheroids\13052025\14052025\Analysis\2025-05-14_112811_tube7_segmentationDebug2\13_0213_0_segmented.tiff;3768.5;(78. 75);323.23758816719;0.822188284062397;69.2690639776117;0.453246718385003;0.750996700686356;864.274319472425;0.949953128639587;0.822535699865704;0.920935303029319;1302130.0;0.0;213.0;False;G:\Experiments\PTT\Spheroids\13052025\15052025 before laser\Analysis\2025-05-15_103357_tube7_cropped_8bits2\13_0213_0_8bits.tiff;G:\Experiments\PTT\Spheroids\13052025\15052025 before laser\Analysis\2025-05-15_103357_tube7_segmentationDebug2\13_0213_0_segmented.tiff;3464.5;(86. 82);647.261973261833;0.589852728356176;66.4164016093537;0.103917871782031;0.548873598053356;741.751730230609;0.944050816621839;0.825728051848129;0.8867690566554;;;;;;;;;;;;;;;;;;;;;;;;;;;;;;;;;;;;;
4;Tube 7;1302131.0;1302131.0;0.0;213.0;True;G:\Experiments\PTT\Spheroids\13052025\14052025\Analysis\2025-05-14_112811_tube7_cropped_8bits2\13_0213_1_8bits.tiff;G:\Experiments\PTT\Spheroids\13052025\14052025\Analysis\2025-05-14_112811_tube7_segmentationDebug2\13_0213_1_segmented.tiff;3422.5;(89. 88);399.722869515419;0.714062174003755;66.0125922976525;0.269175375727963;0.843405073057588;284.135732248523;0.926887975234518;0.834436738681053;0.930591147780144;;;;;;;;;;;;;;;;;;;;;;;;;;;;;;;;;;;;;;;;;;;;;;;;;;;;;;
4;Tube 7;1402160.0;1402160.0;0.0;216.0;True;G:\Experiments\PTT\Spheroids\13052025\14052025\Analysis\2025-05-14_112811_tube7_cropped_8bits2\14_0216_0_8bits.tiff;G:\Experiments\PTT\Spheroids\13052025\14052025\Analysis\2025-05-14_112811_tube7_segmentationDebug2\14_0216_0_segmented.tiff;2679.0;(75. 70);269.338093280792;0.849128367670364;58.403841828646;0.464073762249868;0.86754582806244;985.576435686184;0.955910142679349;0.871624155745341;0.884805864913151;1402160.0;0.0;216.0;False;G:\Experiments\PTT\Spheroids\13052025\15052025 before laser\Analysis\2025-05-15_103357_tube7_cropped_8bits2\14_0216_0_8bits.tiff;G:\Experiments\PTT\Spheroids\13052025\15052025 before laser\Analysis\2025-05-15_103357_tube7_segmentationDebug2\14_0216_0_segmented.tiff;2455.0;(80. 70);277.137082934379;0.764440292698116;55.908881962751;0.401672479989869;0.887330708486274;797.174796188428;0.96143421212825;0.881386719683761;0.897326291140912;;;;;;;;;;;;;;;;;;;;;;;;;;;;;;;;;;;;;
4;Tube 7;1402161.0;1402161.0;0.0;216.0;True;G:\Experiments\PTT\Spheroids\13052025\14052025\Analysis\2025-05-14_112811_tube7_cropped_8bits2\14_0216_1_8bits.tiff;G:\Experiments\PTT\Spheroids\13052025\14052025\Analysis\2025-05-14_112811_tube7_segmentationDebug2\14_0216_1_segmented.tiff;2825.5;(68. 71);441.036577701568;0.615711483983438;59.9794826057144;0.182539121738305;0.819375115997984;466.021741293855;0.938260440111525;0.859141197379783;0.910775346069713;;;;;;;;;;;;;;;;;;;;;;;;;;;;;;;;;;;;;;;;;;;;;;;;;;;;;;
4;Tube 7;1402170.0;;;;;;;;;;;;;;;;;;;;;;;;;;;;;;;;;;;1402170.0;0.0;217.0;False;G:\Experiments\PTT\Spheroids\13052025\15052025 after laser\Analysis\2025-05-15_154746_tube7_cropped_8bits2\14_0217_0_8bits.tiff;G:\Experiments\PTT\Spheroids\13052025\15052025 after laser\Analysis\2025-05-15_154746_tube7_segmentationDebug2\14_0217_0_segmented.tiff;1508.5;(74. 75);174.811182022094;0.876270694162067;43.8255844596851;0.620321394183704;0.869522983886864;824.283823187117;0.974085824510775;0.926731237415148;0.882363923440563;101.84558358396129;42.0;Alive;;;;;;;;;;;;;;;;;
4;Tube 7;1502180.0;;;;;;;;;;;;;;;;;;1502180.0;0.0;218.0;False;G:\Experiments\PTT\Spheroids\13052025\15052025 before laser\Analysis\2025-05-15_103357_tube7_cropped_8bits2\15_0218_0_8bits.tiff;G:\Experiments\PTT\Spheroids\13052025\15052025 before laser\Analysis\2025-05-15_103357_tube7_segmentationDebug2\15_0218_0_segmented.tiff;2102.5;(77. 65);233.781744360923;0.839656549520766;51.7395993684303;0.483420072213193;0.776728488673482;844.256376449374;0.970903848654515;0.898531100754318;0.899461110862162;;;;;;;;;;;;;;;;;;;;;;;;;;;;;;;;;;;;;
4;Tube 7;1502190.0;1502190.0;0.0;219.0;False;G:\Experiments\PTT\Spheroids\13052025\14052025\Analysis\2025-05-14_112811_tube7_cropped_8bits2\15_0219_0_8bits.tiff;G:\Experiments\PTT\Spheroids\13052025\14052025\Analysis\2025-05-14_112811_tube7_segmentationDebug2\15_0219_0_segmented.tiff;3276.5;(78. 79);312.066015124321;0.848065225831499;64.589235700113;0.422792315977814;0.711984072754761;918.737435685851;0.946462304072726;0.843500884720407;0.886009842328017;;;;;;;;;;;;;;;;;;;;;;;;;;;;;;;;;;;;;;;;;;;;;;;;;;;;;;
4;Tube 7;1602220.0;1602220.0;0.0;222.0;False;G:\Experiments\PTT\Spheroids\13052025\14052025\Analysis\2025-05-14_112811_tube7_cropped_8bits2\16_0222_0_8bits.tiff;G:\Experiments\PTT\Spheroids\13052025\14052025\Analysis\2025-05-14_112811_tube7_segmentationDebug2\16_0222_0_segmented.tiff;4917.0;(74. 72);575.705624222755;0.706973400431344;79.1234405310006;0.186427136058285;0.6381603513956;819.721864424109;0.912880152137317;0.762384574790889;0.889941179579324;1602220.0;0.0;222.0;False;G:\Experiments\PTT\Spheroids\13052025\15052025 before laser\Analysis\2025-05-15_103357_tube7_cropped_8bits2\16_0222_0_8bits.tiff;G:\Experiments\PTT\Spheroids\13052025\15052025 before laser\Analysis\2025-05-15_103357_tube7_segmentationDebug2\16_0222_0_segmented.tiff;2723.5;(71. 69);293.095452785491;0.77780951020991;58.8869077137373;0.398399773027079;0.817530038536903;879.364870810519;0.960521552814012;0.869204223852794;0.900785600097873;;;;;;;;;;;;;;;;;;;;;;;;;;;;;;;;;;;;;
4;Tube 7;1602230.0;;;;;;;;;;;;;;;;;;;;;;;;;;;;;;;;;;;1602230.0;0.0;223.0;False;G:\Experiments\PTT\Spheroids\13052025\15052025 after laser\Analysis\2025-05-15_154746_tube7_cropped_8bits2\16_0223_0_8bits.tiff;G:\Experiments\PTT\Spheroids\13052025\15052025 after laser\Analysis\2025-05-15_154746_tube7_segmentationDebug2\16_0223_0_segmented.tiff;2064.0;(71. 71);230.024384737014;0.833434282253179;51.2636949539669;0.490198300803379;0.955996393731123;809.058789062284;0.960190197254863;0.900353415409955;0.892902380360041;88.24508639728322;44.0;Alive;;;;;;;;;;;;;;;;;
4;Tube 7;1704240.0;;;;;;;;;;;;;;;;;;1704240.0;0.0;424.0;False;G:\Experiments\PTT\Spheroids\13052025\15052025 before laser\Analysis\2025-05-15_103357_tube7_cropped_8bits2\17_0424_0_8bits.tiff;G:\Experiments\PTT\Spheroids\13052025\15052025 before laser\Analysis\2025-05-15_103357_tube7_segmentationDebug2\17_0424_0_segmented.tiff;3518.5;(73. 87);570.634556531906;0.585635818908122;66.9320053348969;0.135784839435148;0.598486118045139;686.456242305977;0.925438603222147;0.824145240042514;0.882834622363058;;;;;;;;;;;;;;;;;;;;;;;;;;;;;;;;;;;;;
4;Tube 7;1705240.0;;;;;;;;;;;;;;;;;;;;;;;;;;;;;;;;;;;1705240.0;0.0;524.0;False;G:\Experiments\PTT\Spheroids\13052025\15052025 after laser\Analysis\2025-05-15_154746_tube7_cropped_8bits2\17_0524_0_8bits.tiff;G:\Experiments\PTT\Spheroids\13052025\15052025 after laser\Analysis\2025-05-15_154746_tube7_segmentationDebug2\17_0524_0_segmented.tiff;2762.0;(79. 75);306.651801824569;0.79208488672211;59.3016662713495;0.369098683831156;0.92751293937037;740.215026017991;0.949296631053599;0.866889043803545;0.906615988169106;90.56455103377095;49.0;Alive;;;;;;;;;;;;;;;;;
4;Tube 7;1806240.0;1806240.0;0.0;624.0;False;G:\Experiments\PTT\Spheroids\13052025\14052025\Analysis\2025-05-14_112811_tube7_cropped_8bits2\18_0624_0_8bits.tiff;G:\Experiments\PTT\Spheroids\13052025\14052025\Analysis\2025-05-14_112811_tube7_segmentationDebug2\18_0624_0_segmented.tiff;5002.0;(70. 71);477.764499425888;0.757821377168396;79.8044121760525;0.27537581735459;0.790144589445665;925.162802818768;0.904172454274099;0.761535636974853;0.901028067995059;1806240.0;0.0;624.0;False;G:\Experiments\PTT\Spheroids\13052025\15052025 before laser\Analysis\2025-05-15_103357_tube7_cropped_8bits2\18_0624_0_8bits.tiff;G:\Experiments\PTT\Spheroids\13052025\15052025 before laser\Analysis\2025-05-15_103357_tube7_segmentationDebug2\18_0624_0_segmented.tiff;5069.5;(76. 80);739.060962557792;0.574317435142177;80.341072136454;0.116631125009642;0.76673943622902;694.372054774724;0.89934712000885;0.750513245703256;0.888658476594639;;;;;;;;;;;;;;;;;;;;;;;;;;;;;;;;;;;;;
4;Tube 7;1908240.0;;;;;;;;;;;;;;;;;;1908240.0;0.0;824.0;False;G:\Experiments\PTT\Spheroids\13052025\15052025 before laser\Analysis\2025-05-15_103357_tube7_cropped_8bits2\19_0824_0_8bits.tiff;G:\Experiments\PTT\Spheroids\13052025\15052025 before laser\Analysis\2025-05-15_103357_tube7_segmentationDebug2\19_0824_0_segmented.tiff;3525.0;(77. 83);339.62236380577;0.776089828269484;66.9938011698951;0.3840399677724;0.835440704728819;882.921300278415;0.950230158629715;0.832089362950926;0.919178515259001;;;;;;;;;;;;;;;;;;;;;;;;;;;;;;;;;;;;;
4;Tube 7;2012240.0;;;;;;;;;;;;;;;;;;2012240.0;0.0;1224.0;False;G:\Experiments\PTT\Spheroids\13052025\15052025 before laser\Analysis\2025-05-15_103357_tube7_cropped_8bits2\20_1224_0_8bits.tiff;G:\Experiments\PTT\Spheroids\13052025\15052025 before laser\Analysis\2025-05-15_103357_tube7_segmentationDebug2\20_1224_0_segmented.tiff;3339.0;(73. 64);362.793936729431;0.808670380237345;65.2023530240336;0.318791139919291;0.667185595291482;760.767886234453;0.942746837408029;0.838826922689626;0.903686339199652;;;;;;;;;;;;;;;;;;;;;;;;;;;;;;;;;;;;;
4;Tube 7;208050.0;208050.0;0.0;805.0;True;G:\Experiments\PTT\Spheroids\13052025\14052025\Analysis\2025-05-14_112811_tube7_cropped_8bits2\2_0805_0_8bits.tiff;G:\Experiments\PTT\Spheroids\13052025\14052025\Analysis\2025-05-14_112811_tube7_segmentationDebug2\2_0805_0_segmented.tiff;4879.0;(76. 55);580.391916036605;0.582741116751269;78.8171030853257;0.182011141177761;0.527796049173088;1097.50652004202;0.899983847489458;0.763441968112137;0.871917540157105;208050.0;0.0;805.0;False;G:\Experiments\PTT\Spheroids\13052025\15052025 before laser\Analysis\2025-05-15_103357_tube7_cropped_8bits2\2_0805_0_8bits.tiff;G:\Experiments\PTT\Spheroids\13052025\15052025 before laser\Analysis\2025-05-15_103357_tube7_segmentationDebug2\2_0805_0_segmented.tiff;5150.5;(96. 72);606.634556770324;0.631188725490196;80.9803696901814;0.175875345355137;0.693839400948098;579.964008860096;0.902128846694184;0.750965708783336;0.895756027868362;;;;;;;;;;;;;;;;;;;;;;;;;;;;;;;;;;;;;
4;Tube 7;208051.0;208051.0;0.0;805.0;True;G:\Experiments\PTT\Spheroids\13052025\14052025\Analysis\2025-05-14_112811_tube7_cropped_8bits2\2_0805_1_8bits.tiff;G:\Experiments\PTT\Spheroids\13052025\14052025\Analysis\2025-05-14_112811_tube7_segmentationDebug2\2_0805_1_segmented.tiff;8217.0;(71. 67);583.220343351364;0.796066653749273;102.284941898056;0.303569281366039;0.583741074036504;195.840607859228;0.807217911920571;0.616111816191183;0.912954780588254;;;;;;;;;;;;;;;;;;;;;;;;;;;;;;;;;;;;;;;;;;;;;;;;;;;;;;
4;Tube 7;311050.0;311050.0;0.0;1105.0;False;G:\Experiments\PTT\Spheroids\13052025\14052025\Analysis\2025-05-14_112811_tube7_cropped_8bits2\3_1105_0_8bits.tiff;G:\Experiments\PTT\Spheroids\13052025\14052025\Analysis\2025-05-14_112811_tube7_segmentationDebug2\3_1105_0_segmented.tiff;5181.5;(74. 74);507.320848345756;0.745807844548398;81.2237077523874;0.252988014416958;0.905067489151772;1020.25257511856;0.897014602311676;0.752629317525943;0.891806081068549;311050.0;0.0;1105.0;False;G:\Experiments\PTT\Spheroids\13052025\15052025 before laser\Analysis\2025-05-15_103357_tube7_cropped_8bits2\3_1105_0_8bits.tiff;G:\Experiments\PTT\Spheroids\13052025\15052025 before laser\Analysis\2025-05-15_103357_tube7_segmentationDebug2\3_1105_0_segmented.tiff;3288.5;(74. 77);331.23758816719;0.824288757989723;64.7074048533982;0.376641770510451;0.726388375869087;748.02354551669;0.942624505741126;0.842581466131525;0.892368711917337;;;;;;;;;;;;;;;;;;;;;;;;;;;;;;;;;;;;;
4;Tube 7;414050.0;414050.0;0.0;1405.0;False;G:\Experiments\PTT\Spheroids\13052025\14052025\Analysis\2025-05-14_112811_tube7_cropped_8bits2\4_1405_0_8bits.tiff;G:\Experiments\PTT\Spheroids\13052025\14052025\Analysis\2025-05-14_112811_tube7_segmentationDebug2\4_1405_0_segmented.tiff;3859.0;(84. 75);538.048770070076;0.595157310302282;70.0958729393749;0.167510238372123;0.69114212508255;1173.45677077282;0.925827391940237;0.810283082961862;0.865813296697952;414050.0;0.0;1405.0;False;G:\Experiments\PTT\Spheroids\13052025\15052025 before laser\Analysis\2025-05-15_103357_tube7_cropped_8bits2\4_1405_0_8bits.tiff;G:\Experiments\PTT\Spheroids\13052025\15052025 before laser\Analysis\2025-05-15_103357_tube7_segmentationDebug2\4_1405_0_segmented.tiff;3117.0;(69. 70);354.793937206268;0.721027064538515;62.9975210697968;0.311167540008374;0.685513443430782;724.806456247456;0.953407018485581;0.850147816265249;0.897096499246564;;;;;;;;;;;;;;;;;;;;;;;;;;;;;;;;;;;;;
4;Tube 7;513010.0;;;;;;;;;;;;;;;;;;;;;;;;;;;;;;;;;;;513010.0;0.0;1301.0;False;G:\Experiments\PTT\Spheroids\13052025\15052025 after laser\Analysis\2025-05-15_154746_tube7_cropped_8bits2\5_1301_0_8bits.tiff;G:\Experiments\PTT\Spheroids\13052025\15052025 after laser\Analysis\2025-05-15_154746_tube7_segmentationDebug2\5_1301_0_segmented.tiff;3458.0;(72. 81);296.509666323661;0.872131147540983;66.3540680417877;0.494261907354187;0.706984531724729;971.407694316194;0.951393123124035;0.836312228971831;0.909496843206257;167.31774445936497;44.0;Alive;;;;;;;;;;;;;;;;;
4;Tube 7;515020.0;;;;;;;;;;;;;;;;;;515020.0;0.0;1502.0;False;G:\Experiments\PTT\Spheroids\13052025\15052025 before laser\Analysis\2025-05-15_103357_tube7_cropped_8bits2\5_1502_0_8bits.tiff;G:\Experiments\PTT\Spheroids\13052025\15052025 before laser\Analysis\2025-05-15_103357_tube7_segmentationDebug2\5_1502_0_segmented.tiff;7407.0;(56. 58);773.30360341072;0.739590614078881;97.112745341965;0.155651080884276;0.508852878140352;590.737551463973;0.876694257232117;0.648943472027064;0.906909786125999;;;;;;;;;;;;;;;;;;;;;;;;;;;;;;;;;;;;;
4;Tube 7;611010.0;;;;;;;;;;;;;;;;;;;;;;;;;;;;;;;;;;;611010.0;0.0;1101.0;False;G:\Experiments\PTT\Spheroids\13052025\15052025 after laser\Analysis\2025-05-15_154746_tube7_cropped_8bits2\6_1101_0_8bits.tiff;G:\Experiments\PTT\Spheroids\13052025\15052025 after laser\Analysis\2025-05-15_154746_tube7_segmentationDebug2\6_1101_0_segmented.tiff;3362.5;(72. 81);388.55129635334;0.741864313292884;65.4313989547219;0.279882298918453;0.749297455549114;815.446386484505;0.940006361270317;0.837163290205451;0.898693609555281;136.84841355277612;45.0;Alive;;;;;;;;;;;;;;;;;
4;Tube 7;612010.0;612010.0;0.0;1201.0;False;G:\Experiments\PTT\Spheroids\13052025\14052025\Analysis\2025-05-14_112811_tube7_cropped_8bits2\6_1201_0_8bits.tiff;G:\Experiments\PTT\Spheroids\13052025\14052025\Analysis\2025-05-14_112811_tube7_segmentationDebug2\6_1201_0_segmented.tiff;3806.5;(80. 70);460.492421269416;0.694806972711508;69.6174283282167;0.22557487433725;0.687440866061716;957.34520316807;0.938309100415061;0.816000763890923;0.886208077051223;612010.0;0.0;1201.0;False;G:\Experiments\PTT\Spheroids\13052025\15052025 before laser\Analysis\2025-05-15_103357_tube7_cropped_8bits2\6_1201_0_8bits.tiff;G:\Experiments\PTT\Spheroids\13052025\15052025 before laser\Analysis\2025-05-15_103357_tube7_segmentationDebug2\6_1201_0_segmented.tiff;5110.0;(73. 70);671.303603172302;0.616442487484166;80.6613542757415;0.142492762989333;0.804721282785305;787.511040285568;0.910646599905502;0.750501237682466;0.880533606707225;;;;;;;;;;;;;;;;;;;;;;;;;;;;;;;;;;;;;
4;Tube 7;707010.0;;;;;;;;;;;;;;;;;;;;;;;;;;;;;;;;;;;707010.0;0.0;701.0;False;G:\Experiments\PTT\Spheroids\13052025\15052025 after laser\Analysis\2025-05-15_154746_tube7_cropped_8bits2\7_0701_0_8bits.tiff;G:\Experiments\PTT\Spheroids\13052025\15052025 after laser\Analysis\2025-05-15_154746_tube7_segmentationDebug2\7_0701_0_segmented.tiff;2375.0;(74. 58);372.308655858039;0.665172944965691;54.9903984232339;0.215311492474147;0.587934620886127;798.099819836929;0.953960021654628;0.88219708879412;0.897399355983238;97.94466578623192;40.0;Alive;;;;;;;;;;;;;;;;;
4;Tube 7;709010.0;709010.0;0.0;901.0;False;G:\Experiments\PTT\Spheroids\13052025\14052025\Analysis\2025-05-14_112811_tube7_cropped_8bits2\7_0901_0_8bits.tiff;G:\Experiments\PTT\Spheroids\13052025\14052025\Analysis\2025-05-14_112811_tube7_segmentationDebug2\7_0901_0_segmented.tiff;3109.5;(67. 77);338.066015005111;0.749728752260397;62.9216843731474;0.341898658282187;0.808294107913368;872.88760031699;0.946354792164219;0.850257070489302;0.871256293034896;709010.0;0.0;901.0;False;G:\Experiments\PTT\Spheroids\13052025\15052025 before laser\Analysis\2025-05-15_103357_tube7_cropped_8bits2\7_0901_0_8bits.tiff;G:\Experiments\PTT\Spheroids\13052025\15052025 before laser\Analysis\2025-05-15_103357_tube7_segmentationDebug2\7_0901_0_segmented.tiff;6317.0;(62. 50);700.333040595054;0.625724332623446;89.6830764642472;0.161849554609038;0.986365733437183;574.704565964259;0.893445286022151;0.698093542827738;0.912444348208829;;;;;;;;;;;;;;;;;;;;;;;;;;;;;;;;;;;;;
4;Tube 7;805010.0;;;;;;;;;;;;;;;;;;;;;;;;;;;;;;;;;;;805010.0;0.0;501.0;False;G:\Experiments\PTT\Spheroids\13052025\15052025 after laser\Analysis\2025-05-15_154746_tube7_cropped_8bits2\8_0501_0_8bits.tiff;G:\Experiments\PTT\Spheroids\13052025\15052025 after laser\Analysis\2025-05-15_154746_tube7_segmentationDebug2\8_0501_0_segmented.tiff;3707.5;(79. 57);505.320848345756;0.661227037631532;68.7061541064962;0.182455345042751;0.776891698374101;851.471205255781;0.934413074923142;0.817938931101054;0.885373888048581;124.72393931659026;45.0;Alive;;;;;;;;;;;;;;;;;
4;Tube 7;806010.0;806010.0;0.0;601.0;False;G:\Experiments\PTT\Spheroids\13052025\14052025\Analysis\2025-05-14_112811_tube7_cropped_8bits2\8_0601_0_8bits.tiff;G:\Experiments\PTT\Spheroids\13052025\14052025\Analysis\2025-05-14_112811_tube7_segmentationDebug2\8_0601_0_segmented.tiff;3436.5;(72. 82);422.350286006927;0.671781839507379;66.1474693052;0.242092105214494;0.780334568067906;977.399757686977;0.934643714278754;0.833070713389265;0.879277556010951;806010.0;0.0;601.0;False;G:\Experiments\PTT\Spheroids\13052025\15052025 before laser\Analysis\2025-05-15_103357_tube7_cropped_8bits2\8_0601_0_8bits.tiff;G:\Experiments\PTT\Spheroids\13052025\15052025 before laser\Analysis\2025-05-15_103357_tube7_segmentationDebug2\8_0601_0_segmented.tiff;4547.5;(78. 63);542.977702498436;0.695123815346988;76.0924229452785;0.193828922114656;0.629578518357205;761.140110941002;0.920946620452029;0.779771760208144;0.906408136844191;;;;;;;;;;;;;;;;;;;;;;;;;;;;;;;;;;;;;
4;Tube 7;902020.0;;;;;;;;;;;;;;;;;;;;;;;;;;;;;;;;;;;902020.0;0.0;202.0;False;G:\Experiments\PTT\Spheroids\13052025\15052025 after laser\Analysis\2025-05-15_154746_tube7_cropped_8bits2\9_0202_0_8bits.tiff;G:\Experiments\PTT\Spheroids\13052025\15052025 after laser\Analysis\2025-05-15_154746_tube7_segmentationDebug2\9_0202_0_segmented.tiff;3074.0;(85. 76);395.96550989151;0.709193678624985;62.5614766491;0.246376345733844;0.733001178717708;953.608032754208;0.956125382292614;0.850618316698077;0.898795117138786;158.56703696716124;41.0;Alive;;;;;;;;;;;;;;;;;
4;Tube 7;903010.0;903010.0;0.0;301.0;False;G:\Experiments\PTT\Spheroids\13052025\14052025\Analysis\2025-05-14_112811_tube7_cropped_8bits2\9_0301_0_8bits.tiff;G:\Experiments\PTT\Spheroids\13052025\14052025\Analysis\2025-05-14_112811_tube7_segmentationDebug2\9_0301_0_segmented.tiff;3898.5;(97. 56);350.551296472549;0.805808185200496;70.4537037007284;0.39866145484182;0.918822464226934;974.005375353778;0.936324609182421;0.815222313228782;0.900841143986956;903010.0;0.0;301.0;False;G:\Experiments\PTT\Spheroids\13052025\15052025 before laser\Analysis\2025-05-15_103357_tube7_cropped_8bits2\9_0301_0_8bits.tiff;G:\Experiments\PTT\Spheroids\13052025\15052025 before laser\Analysis\2025-05-15_103357_tube7_segmentationDebug2\9_0301_0_segmented.tiff;2657.0;(77. 78);246.509666323661;0.872577996715927;58.1635407309538;0.549456747178081;0.87685011303311;969.064539184966;0.969294746354359;0.873769100610297;0.896884289206706;;;;;;;;;;;;;;;;;;;;;;;;;;;;;;;;;;;;;
4;Tube 7;903010.0;903010.0;0.0;301.0;False;G:\Experiments\PTT\Spheroids\13052025\14052025\Analysis\2025-05-14_112811_tube7_cropped_8bits2\9_0301_0_8bits.tiff;G:\Experiments\PTT\Spheroids\13052025\14052025\Analysis\2025-05-14_112811_tube7_segmentationDebug2\9_0301_0_segmented.tiff;3898.5;(97. 56);350.551296472549;0.805808185200496;70.4537037007284;0.39866145484182;0.918822464226934;974.005375353778;0.936324609182421;0.815222313228782;0.900841143986956;903010.0;1.0;301.0;False;G:\Experiments\PTT\Spheroids\13052025\15052025 before laser\Analysis\2025-05-15_103357_tube7_cropped_8bits2\9_0301_0_8bits.tiff;G:\Experiments\PTT\Spheroids\13052025\15052025 before laser\Analysis\2025-05-15_103357_tube7_segmentationDebug2\9_0301_0_segmented.tiff;2326.0;(119. 22);240.083260297775;0.858619416758951;54.420172556268;0.507102573059562;0.967665806457543;157.788732992315;0.959227445782202;0.889750002297607;0.952039431743865;;;;;;;;;;;;;;;;;;;;;;;;;;;;;;;;;;;;;
